Publication Type,Authors,Book Authors,Book Editors,Book Group Authors,Author Full Names,Book Author Full Names,Group Authors,Article Title,Source Title,Book Series Title,Book Series Subtitle,Language,Document Type,Conference Title,Conference Date,Conference Location,Conference Sponsor,Conference Host,Author Keywords,Keywords Plus,Abstract,Addresses,Affiliations,Reprint Addresses,Email Addresses,Researcher Ids,ORCIDs,Funding Orgs,Funding Name Preferred,Funding Text,Cited References,Cited Reference Count,"Times Cited, WoS Core","Times Cited, All Databases",180 Day Usage Count,Since 2013 Usage Count,Publisher,Publisher City,Publisher Address,ISSN,eISSN,ISBN,Journal Abbreviation,Journal ISO Abbreviation,Publication Date,Publication Year,Volume,Issue,Part Number,Supplement,Special Issue,Meeting Abstract,Start Page,End Page,Article Number,DOI,DOI Link,Book DOI,Early Access Date,Number of Pages,WoS Categories,Web of Science Index,Research Areas,IDS Number,Pubmed Id,Open Access Designations,Highly Cited Status,Hot Paper Status,Date of Export,UT (Unique WOS ID),Web of Science Record
J,"Djezairi, S; Razika, BZ; Akli, I; Bouzouia, B",,,,"Djezairi, Salim; Razika, Boushaki Zamoum; Akli, Isma; Bouzouia, Brahim",,,Layered task planning for mobile manipulators,COMPUTERS & ELECTRICAL ENGINEERING,,,,,,,,,,,,,,,,,"akli, isma/AAT-2637-2020","akli, isma/0000-0002-2332-0213",,,,,,,,,,,,,0045-7906,1879-0755,,,,OCT,2019,79,,,,,,,,106464,10.1016/j.compeleceng.2019.106464,http://dx.doi.org/10.1016/j.compeleceng.2019.106464,,,,,,,,,,,,,WOS:000492799200018,View Full Record in Web of Science
C,"Nagata, K; Yamanobe, N",,,IEEE,"Nagata, Kazuyuki; Yamanobe, Natsuki",,,Picking up a Towel by Cooperation of Functional Finger Actions,2009 IEEE-RSJ INTERNATIONAL CONFERENCE ON INTELLIGENT ROBOTS AND SYSTEMS,,,,,IEEE RSJ International Conference on Intelligent Robots and Systems,"OCT 10-15, 2009","St Louis, MO","IEEE Robot & Automat Soc (RA),Robot Soc Japan (RSJ),Soc Instruments & Control Engn,IEEE Ind Elect Soc,Inst Control, Robot & Syst Korea,ABB,Barrett Technol, Inc,Willow Garage,ROBOTIS,Aldebaran Robot",,,,,,,,,"Yamanobe, Natsuki/M-5389-2016; Nagata, Kazuyuki/M-3760-2016","Yamanobe, Natsuki/0000-0001-8885-3064; Nagata, Kazuyuki/0000-0002-8912-0943",,,,,,,,,,,,,,,978-1-4244-3803-7,,,,2009,,,,,,,1785,1790,,10.1109/IROS.2009.5354783,http://dx.doi.org/10.1109/IROS.2009.5354783,,,,,,,,,,,,,WOS:000285372900293,View Full Record in Web of Science
J,"Lima, PU; Saridis, GN",,,,"Lima, PU; Saridis, GN",,,Intelligent controllers as hierarchical stochastic automata,IEEE TRANSACTIONS ON SYSTEMS MAN AND CYBERNETICS PART B-CYBERNETICS,,,,,,,,,,,,,,,,,"Lima, Pedro/HLQ-5415-2023; Lima, Pedro/G-1300-2010","Lima, Pedro/0000-0002-8962-8050",,,,,,,,,,,,,1083-4419,1941-0492,,,,APR,1999,29,2,,,,,151,163,,10.1109/3477.752790,http://dx.doi.org/10.1109/3477.752790,,,,,,,,18252289,,,,,WOS:000079319900002,View Full Record in Web of Science
C,"Ji, Z; Qiu, RX; Noyvirt, A; Soroka, A; Packianather, M; Setchi, R; Li, DY; Xu, S",,,IEEE,"Ji, Ze; Qiu, Renxi; Noyvirt, Alex; Soroka, Anthony; Packianather, Michael; Setchi, Rossi; Li, Dayou; Xu, Shuo",,,Towards automated task planning for service robots using semantic knowledge representation,2012 10TH IEEE INTERNATIONAL CONFERENCE ON INDUSTRIAL INFORMATICS (INDIN),IEEE International Conference on Industrial Informatics INDIN,,,,10th IEEE International Conference on Industrial Informatics (INDIN),"JUL 25-27, 2012","Beijing, PEOPLES R CHINA","IEEE,Beihang Univ",,,,,,,,,"Ji, Ze/AAI-7285-2021; Qiu, Renxi/LLK-9967-2024; Pekok, Mulla/JGC-8549-2023","Qiu, Renxi/0000-0003-3416-6781; Packianather, Michael/0000-0002-9436-8206; Ji, Ze/0000-0002-8968-9902",,,,,,,,,,,,,1935-4576,,978-1-4673-0311-8,,,,2012,,,,,,,1194,1201,,,,,,,,,,,,,,,,WOS:000312724900206,View Full Record in Web of Science
C,"Mohseni-Kabir, A; Chernova, S; Rich, C",,,ACM,"Mohseni-Kabir, Anahita; Chernova, Sonia; Rich, Charles",,,Identifying Reusable Primitives in Narrated Demonstrations,ELEVENTH ACM/IEEE INTERNATIONAL CONFERENCE ON HUMAN ROBOT INTERACTION (HRI'16),ACM IEEE International Conference on Human-Robot Interaction,,,,11th ACM/IEEE International Conference on Human-Robot Interaction (HRI),"MAR 07-10, 2016","Christchurch, NEW ZEALAND","ACM,IEEE,ACM SIGCHI,ACM SIGAI,IEEE Robot & Automat Soc,HFES,AAAI,ACM SIGART",,,,,,,,,,"Chernova, Sonia/0000-0001-6320-0825",,,,,,,,,,,,,2167-2121,2167-2148,978-1-4673-8369-1,,,,2016,,,,,,,479,480,,,,,,,,,,,,,,,,WOS:000389809100090,View Full Record in Web of Science
J,"Jeon, J; Jung, HR; Luong, T; Yumbla, F; Moon, H",,,,"Jeon, Jeongmin; Jung, Hong-ryul; Tuan Luong; Yumbla, Francisco; Moon, Hyungpil",,,Combined task and motion planning system for the service robot using hierarchical action decomposition,INTELLIGENT SERVICE ROBOTICS,,,,,,,,,,,,,,,,,"luong, tuan/LJM-1983-2024; Yumbla, Francisco/V-6602-2018; luong, tuan/F-6695-2018","Jung, Hong-ryul/0000-0002-2046-4983; Jeon, Jeongmin/0000-0001-5567-7447; Yumbla, Francisco/0000-0003-4220-010X; luong, tuan/0000-0001-5490-4337",,,,,,,,,,,,,1861-2776,1861-2784,,,,SEP,2022,15,4,,,SI,,487,501,,10.1007/s11370-022-00437-3,http://dx.doi.org/10.1007/s11370-022-00437-3,,AUG 2022,,,,,,,,,,,WOS:000840272500001,View Full Record in Web of Science
C,"Zhao, YS; Fillatreau, P; Karray, MH; Archimede, B",,,IEEE,"Zhao, Yingshen; Fillatreau, Philippe; Karray, Mohamed Hedi; Archimede, Bernard",,,An ontology-based approach towards coupling task and path planning for the simulation of manipulation tasks,2018 IEEE/ACS 15TH INTERNATIONAL CONFERENCE ON COMPUTER SYSTEMS AND APPLICATIONS (AICCSA),International Conference on Computer Systems and Applications,,,,15th IEEE/ACS International Conference on Computer Systems and Applications (AICCSA),"OCT 28-NOV 01, 2018","Aqaba, JORDAN","IEEE,Arab Comp Soc,Ieee Comp Soc",,,,,,,,,"KARRAY, Mohamed/AAS-8313-2020",,,,,,,,,,,,,,2161-5322,,978-1-5386-9120-5,,,,2018,,,,,,,,,,,,,,,,,,,,,,,,WOS:000457628800028,View Full Record in Web of Science
J,"Wei, JH; Hao, P; Wang, S",,,,"Wei, Junhang; Hao, Peng; Wang, Shuo",,,ToolBot: Learning Oriented Keypoints for Tool Usage From Self-Supervision,IEEE TRANSACTIONS ON INDUSTRIAL INFORMATICS,,,,,,,,,,,,,,,,,,"wang, shuo/0000-0002-1390-9219; Hao, Peng/0000-0001-6448-3062",,,,,,,,,,,,,1551-3203,1941-0050,,,,JAN,2024,20,1,,,,,723,731,,10.1109/TII.2023.3271113,http://dx.doi.org/10.1109/TII.2023.3271113,,,,,,,,,,,,,WOS:001163471500019,View Full Record in Web of Science
J,"Naumenko, O; Sapaev, U; Skatershchikova, A; Bekbaev, R",,,,"Naumenko, Oleg; Sapaev, Utkir; Skatershchikova, Alla; Bekbaev, Rauf",,,ARTIFICIAL INTELLIGENCE: PHILOSOPHICAL ASPECTS OF UNDERSTANDING,WISDOM,,,,,,,,,,,,,,,,,"Sapaev, Usman/AAV-3559-2020; Naumenko, Oleg/AAV-7395-2021; Bekbaev, Rauf/AAV-6907-2021","Skaterschikova, Alla/0009-0001-6548-868X; Naumenko, Oleg/0000-0002-5789-8806; Bekbaev, Rauf/0000-0001-5072-3379",,,,,,,,,,,,,1829-3824,,,,,,2021,17,1,,,,,53,64,,10.24234/wisdom.v17i1.428,http://dx.doi.org/10.24234/wisdom.v17i1.428,,,,,,,,,,,,,WOS:000635181900006,View Full Record in Web of Science
C,"Branicky, MS; Zhang, G",,,AACC; AACC; AACC,"Branicky, MS; Zhang, G",,,Solving hybrid control problems: Level sets and behavioral programming,"PROCEEDINGS OF THE 2000 AMERICAN CONTROL CONFERENCE, VOLS 1-6",PROCEEDINGS OF THE AMERICAN CONTROL CONFERENCE,,,,2000 American Control Conference (ACC 2000),"JUN 28-30, 2000","CHICAGO, IL","Amer Automat Control Council,IFAC,US Natl Member Org,Int Federat Automat Control",,,,,,,,,,"Branicky, Michael/0009-0006-7295-450X",,,,,,,,,,,,,0743-1619,,0-7803-5520-2,,,,2000,,,,,,,1175,1180,,,,,,,,,,,,,,,,WOS:000166106200242,View Full Record in Web of Science
C,"Xiao, YC; Hoffman, J; Amato, C",,"Kaelbling, LP; Kragic, D; Sugiura, K",,"Xiao, Yuchen; Hoffman, Joshua; Amato, Christopher",,,Macro-Action-Based Deep Multi-Agent Reinforcement Learning,"CONFERENCE ON ROBOT LEARNING, VOL 100",Proceedings of Machine Learning Research,,,,3rd Conference on Robot Learning (CoRL),"OCT 30-NOV 01, 2019","Osaka, JAPAN",,,,,,,,,,,,,,,,,,,,,,,,2640-3498,,,,,,2019,100,,,,,,,,,,,,,,,,,,,,,,,WOS:001228521000087,View Full Record in Web of Science
J,"Feng, H; Wang, SS; Xu, HX; Ge, SS",,,,"Feng, Hui; Wang, Shanshan; Xu, Haixiang; Ge, Shuzhi Sam",,,"Object Activity Scene Description, Construction, and Recognition",IEEE TRANSACTIONS ON CYBERNETICS,,,,,,,,,,,,,,,,,"Wang, Shan-Shan/S-8186-2019; Ge, Shuzhi/ABJ-5567-2022; feng, hui/I-8659-2018","feng, hui/0000-0001-6696-3094",,,,,,,,,,,,,2168-2267,2168-2275,,,,OCT,2021,51,10,,,,,5082,5092,,10.1109/TCYB.2019.2904901,http://dx.doi.org/10.1109/TCYB.2019.2904901,,,,,,,,30946690,,,,,WOS:000706832000030,View Full Record in Web of Science
C,"Yu, T; Chang, Q",,,IEEE,"Yu, Tian; Chang, Qing",,,Motion Planning for Human-Robot Collaboration based on Reinforcement Learning,2022 IEEE 18TH INTERNATIONAL CONFERENCE ON AUTOMATION SCIENCE AND ENGINEERING (CASE),IEEE International Conference on Automation Science and Engineering,,,,IEEE 18th International Conference on Automation Science and Engineering (IEEE CASE),"AUG 20-24, 2022","Mexico City, MEXICO",IEEE,,,,,,,,,,,,,,,,,,,,,,,2161-8070,,978-1-6654-9042-9,,,,2022,,,,,,,1866,1871,,10.1109/CASE49997.2022.9926471,http://dx.doi.org/10.1109/CASE49997.2022.9926471,,,,,,,,,,,,,WOS:000927622400215,View Full Record in Web of Science
J,"Munguia-Galeano, F; Zhu, JH; Hernández, JD; Ji, Z",,,,"Munguia-Galeano, Francisco; Zhu, Jihong; Hernandez, Juan David; Ji, Ze",,,Learning to bag with a simulation-free reinforcement learning framework for robots,IET CYBER-SYSTEMS AND ROBOTICS,,,,,,,,,,,,,,,,,"Munguia Galeano, Francisco/IUQ-6287-2023; Zhu, Jihong/HQY-3089-2023; Ji, Ze/AAI-7285-2021","Munguia Galeano, Francisco/0000-0001-8397-3083",,,,,,,,,,,,,,2631-6315,,,,JUN,2024,6,2,,,,,,,e12113,10.1049/csy2.12113,http://dx.doi.org/10.1049/csy2.12113,,,,,,,,,,,,,WOS:001200005300001,View Full Record in Web of Science
C,"Chibaya, C",,"Gusikhin, O; Madani, K; Zaytoon, J",,"Chibaya, Colin",,,Vector based Control Routines for Swarms of Path Finding Robotic Devices,"ICINCO: PROCEEDINGS OF THE 17TH INTERNATIONAL CONFERENCE ON INFORMATICS IN CONTROL, AUTOMATION AND ROBOTICS",,,,,"17th International Conference on Informatics in Control, Automation and Robotics (ICINCO)","JUL 07-09, 2020",ELECTR NETWORK,,,,,,,,,,,,,,,,,,,,,,,,,,978-989-758-442-8,,,,2020,,,,,,,272,283,,10.5220/0009780802720283,http://dx.doi.org/10.5220/0009780802720283,,,,,,,,,,,,,WOS:000614134300030,View Full Record in Web of Science
S,"Aydemir, D; Iba, H",,"Runarsson, TP; Beyer, HG; Burke, E; MereloGuervos, JJ; Whitley, LD; Yao, X",,"Aydemir, Deniz; Iba, Hitoshi",,,Evolutionary behavior acquisition for humanoid robots,"PARALLEL PROBLEM SOLVING FROM NATURE - PPSN IX, PROCEEDINGS",Lecture Notes in Computer Science,,,,9th International Conference on Parallel Problem Solving from Nature (PPSN IX),"SEP 09-13, 2006","Univ Iceland, Reykjavik, ICELAND","Univ Iceland, Fac Engn,Univ Iceland, Sci Inst",Univ Iceland,,,,,,,,"Aydemir, Deniz/H-9416-2019",,,,,,,,,,,,,,0302-9743,1611-3349,3-540-38990-3,,,,2006,4193,,,,,,651,660,,,,,,,,,,,,,,,,WOS:000241446400066,View Full Record in Web of Science
C,"Gatsoulis, Y; Siradjuddin, I; McGinnity, TM",,,IEEE,"Gatsoulis, Yiannis; Siradjuddin, Indrazno; McGinnity, T. Martin",,,Primitive action learning using fuzzy neural networks,2012 IEEE INTERNATIONAL CONFERENCE ON ROBOTICS AND BIOMIMETICS (ROBIO 2012),,,,,IEEE International Conference on Robotics and Biomimetics (ROBIO),"DEC 11-14, 2012","Guangzhou, PEOPLES R CHINA","IEEE,IEEE Robot & Automat Soc,S China Univ Technol (SCUT),Natl Nat Sci Fdn China,HIT, State Key Lab Robot & Syst,IEEE Syst, Man, & Cybernet Soc,Robot Soc Japan,Japan Soc Mech Engineers,Guangdong Mech Engn Soc (GDMES)",,,,,,,,,"siradjuddin, indrazno/AAD-9781-2021",,,,,,,,,,,,,,,,978-1-4673-2127-3; 978-1-4673-2125-9,,,,2012,,,,,,,,,,,,,,,,,,,,,,,,WOS:000321004000257,View Full Record in Web of Science
C,"French, K; Wu, SY; Pan, TY; Zhou, ZM; Jenkins, OC",,"Howard, A; Althoefer, K; Arai, F; Arrichiello, F; Caputo, B; Castellanos, J; Hauser, K; Isler, V; Kim, J; Liu, H; Oh, P; Santos, V; Scaramuzza, D; Ude, A; Voyles, R; Yamane, K; Okamura, A",IEEE,"French, Kevin; Wu, Shiyu; Pan, Tianyang; Zhou, Zheming; Jenkins, Odest Chadwicke",,,Learning Behavior Trees From Demonstration,2019 INTERNATIONAL CONFERENCE ON ROBOTICS AND AUTOMATION (ICRA),IEEE International Conference on Robotics and Automation ICRA,,,,IEEE International Conference on Robotics and Automation (ICRA),"MAY 20-24, 2019","Montreal, CANADA","Bosch,DJI,Kinova,Mercedes Benz,Samsung,Argo AI,Clearpath Robot,Element AI,Fetch Robot,Huawei,iRobot,KUKA,Quanser,SICK,Toyota Res Inst,Uber,Waymo,Zhejiang Lab,Amazon,Applanix,Cloudminds,Honda Res Inst,MathWorks,Ouster",,,,,,,,,"zhou, zheming/AAA-1759-2020","French, Kevin/0000-0002-1116-5260",,,,,,,,,,,,,1050-4729,2577-087X,978-1-5386-6026-3,,,,2019,,,,,,,7784,7790,,10.1109/icra.2019.8794104,http://dx.doi.org/10.1109/icra.2019.8794104,,,,,,,,,,,,,WOS:000494942305099,View Full Record in Web of Science
J,"Kokkinaki, AI; Valavanis, KP",,,,"Kokkinaki, AI; Valavanis, KP",,,A distributed task planning system for computer-integrated manufacturing systems,JOURNAL OF INTELLIGENT MANUFACTURING,,,,,,,,,,,,,,,,,,"Kokkinaki, Angelika/0000-0002-5985-8082",,,,,,,,,,,,,0956-5515,,,,,AUG,1996,7,4,,,,,293,309,,10.1007/BF00124830,http://dx.doi.org/10.1007/BF00124830,,,,,,,,,,,,,WOS:A1996VF32200003,View Full Record in Web of Science
J,"Clegg, A; Tan, J; Turk, G; Liu, CK",,,,"Clegg, Alexander; Tan, Jie; Turk, Greg; Liu, C. Karen",,,Animating Human Dressing,ACM TRANSACTIONS ON GRAPHICS,,,,,ACM SIGGRAPH Conference,"AUG 09-13, 2015","Los Angeles, CA",ACM SIGGRAPH,,,,,,,,,"Tan, Jie/IVV-5250-2023",,,,,,,,,,,,,,0730-0301,1557-7368,,,,AUG,2015,34,4,,,,,,,116,10.1145/2766986,http://dx.doi.org/10.1145/2766986,,,,,,,,,,,,,WOS:000358786600082,View Full Record in Web of Science
C,"Abbas, T; MacDonald, BA",,,IEEE,"Abbas, Tanveer; MacDonald, Bruce A.",,,A Task Representation Based on Elementary Targets (ETs) and Execution Control Rules (ECRs),"2009 IEEE/ASME INTERNATIONAL CONFERENCE ON ADVANCED INTELLIGENT MECHATRONICS, VOLS 1-3",IEEE ASME International Conference on Advanced Intelligent Mechatronics,,,,IEEE/ASME International Conference on Advanced Intelligent Mechatronics,"JUL 14-17, 2009","Singapore, SINGAPORE","IEEE,ASME",,,,,,,,,,,,,,,,,,,,,,,2159-6255,,978-1-4244-2852-6,,,,2009,,,,,,,905,910,,10.1109/AIM.2009.5229896,http://dx.doi.org/10.1109/AIM.2009.5229896,,,,,,,,,,,,,WOS:000277062800154,View Full Record in Web of Science
C,"Allen, J; Anderson, J; Baltes, J",,"Vadakkepat, P; Kim, JH; Jesse, N; AlMamun, A; Kiong, TK; Baltes, J; anderson, J; Verner, I; Ahlgren, D",,"Allen, Jeff; Anderson, John; Baltes, Jacky",,,Imitation Learning from Humanoids in a Heterogeneous Setting,TRENDS IN INTELLIGENT ROBOTICS,Communications in Computer and Information Science,,,,13th Federation-of-International-Robot-Soccer-Association Robot World Congress,"SEP 15-17, 2010","Amirit Vishwa Vidyapeetham, Bangalore, INDIA",,Amirit Vishwa Vidyapeetham,,,,,,,,,,,,,,,,,,,,,,1865-0929,1865-0937,978-3-642-15809-4,,,,2010,103,,,,,,106,113,,,,,,,,,,,,,,,,WOS:000288473800014,View Full Record in Web of Science
J,"SU, SF; LEE, CSG",,,,"SU, SF; LEE, CSG",,,MANIPULATION AND PROPAGATION OF UNCERTAINTY AND VERIFICATION OF APPLICABILITY OF ACTIONS IN ASSEMBLY TASKS,IEEE TRANSACTIONS ON SYSTEMS MAN AND CYBERNETICS,,,,,,,,,,,,,,,,,,,,,,,,,,,,,,,0018-9472,,,,,NOV-DEC,1992,22,6,,,,,1376,1389,,10.1109/21.199463,http://dx.doi.org/10.1109/21.199463,,,,,,,,,,,,,WOS:A1992KN76300010,View Full Record in Web of Science
J,"Namikawa, J; Nishimoto, R; Tani, J",,,,"Namikawa, Jun; Nishimoto, Ryunosuke; Tani, Jun",,,A Neurodynamic Account of Spontaneous Behaviour,PLOS COMPUTATIONAL BIOLOGY,,,,,,,,,,,,,,,,,"Tani, Jun/AAI-8287-2020",,,,,,,,,,,,,,,1553-7358,,,,OCT,2011,7,10,,,,,,,e1002221,10.1371/journal.pcbi.1002221,http://dx.doi.org/10.1371/journal.pcbi.1002221,,,,,,,,22028634,,,,,WOS:000297262700043,View Full Record in Web of Science
C,"Vo, NN; Bobick, AF",,,IEEE,"Vo, Nam N.; Bobick, Aaron F.",,,From Stochastic Grammar to Bayes Network: Probabilistic Parsing of Complex Activity,2014 IEEE CONFERENCE ON COMPUTER VISION AND PATTERN RECOGNITION (CVPR),IEEE Conference on Computer Vision and Pattern Recognition,,,,27th IEEE Conference on Computer Vision and Pattern Recognition (CVPR),"JUN 23-28, 2014","Columbus, OH","Comp Vis Fdn,IEEE,IEEE Comp Soc",,,,,,,,,,,,,,,,,,,,,,,1063-6919,,978-1-4799-5117-8,,,,2014,,,,,,,2641,2648,,10.1109/CVPR.2014.338,http://dx.doi.org/10.1109/CVPR.2014.338,,,,,,,,,,,,,WOS:000361555602087,View Full Record in Web of Science
J,"Xiao, YC; Tan, WH; Hoffman, J; Xia, T; Amato, C",,,,"Xiao, Yuchen; Tan, Weihao; Hoffman, Joshua; Xia, Tian; Amato, Christopher",,,Asynchronous multi-agent deep reinforcement learning under partial observability,INTERNATIONAL JOURNAL OF ROBOTICS RESEARCH,,,,,,,,,,,,,,,,,"Xia, Tian/KPA-7683-2024",,,,,,,,,,,,,,0278-3649,1741-3176,,,,2025 FEB 6,2025,,,,,,,,,,10.1177/02783649241306124,http://dx.doi.org/10.1177/02783649241306124,,FEB 2025,,,,,,,,,,,WOS:001415412000001,View Full Record in Web of Science
C,"Yuan, Y; Tian, GH; Zhang, MY",,,IEEE,"Yuan, Yuan; Tian, Guohui; Zhang, Mengyang",,,Autonomous Planning of Service Robot Based on Natural Language Tasks in Intelligent Space,2017 CHINESE AUTOMATION CONGRESS (CAC),Chinese Automation Congress,,,,Chinese Automation Congress (CAC),"OCT 20-22, 2017","Jinan, PEOPLES R CHINA","IEEE,CAA,IEEE Syst Man & Cybernet Soc",,,,,,,,,,,,,,,,,,,,,,,2688-092X,2688-0938,978-1-5386-3524-7,,,,2017,,,,,,,5437,5442,,,,,,,,,,,,,,,,WOS:000427816105096,View Full Record in Web of Science
C,"Yang, YZ; Fermüller, C; Aloimonos, Y",,,IEEE,"Yang, Yezhou; Fermueller, Cornelia; Aloimonos, Yiannis",,,Detection of Manipulation Action Consequences (MAC),2013 IEEE CONFERENCE ON COMPUTER VISION AND PATTERN RECOGNITION (CVPR),IEEE Conference on Computer Vision and Pattern Recognition,,,,26th IEEE Conference on Computer Vision and Pattern Recognition (CVPR),"JUN 23-28, 2013","Portland, OR","IEEE,IEEE Comp Soc",,,,,,,,,"Aloimonos, Yiannis/AAI-2969-2020",,,,,,,,,,,,,,1063-6919,,978-0-7695-4989-7,,,,2013,,,,,,,2563,2570,,10.1109/CVPR.2013.331,http://dx.doi.org/10.1109/CVPR.2013.331,,,,,,,,,,,,,WOS:000331094302079,View Full Record in Web of Science
C,"Martínez, D; Kragic, D",,,IEEE,"Martinez, David; Kragic, Danica",,,Modeling and recognition of actions through motor primitives,"2008 IEEE INTERNATIONAL CONFERENCE ON ROBOTICS AND AUTOMATION, VOLS 1-9",IEEE International Conference on Robotics and Automation ICRA,,,,IEEE International Conference on Robotics and Automation,"MAY 19-23, 2008","Pasadena, CA",IEEE,,,,,,,,,,,,,,,,,,,,,,,1050-4729,2577-087X,978-1-4244-1646-2,,,,2008,,,,,,,1704,1709,,10.1109/ROBOT.2008.4543446,http://dx.doi.org/10.1109/ROBOT.2008.4543446,,,,,,,,,,,,,WOS:000258095001058,View Full Record in Web of Science
C,"Mohseni-Kabir, A; Wu, V; Chernova, S; Rich, C",,,IEEE,"Mohseni-Kabir, Anahita; Wu, Victoria; Chernova, Sonia; Rich, Charles",,,What's in a Primitive? Identifying Reusable Motion Trajectories in Narrated Demonstrations,2016 25TH IEEE INTERNATIONAL SYMPOSIUM ON ROBOT AND HUMAN INTERACTIVE COMMUNICATION (RO-MAN),IEEE RO-MAN,,,,25th IEEE International Symposium on Robot and Human Interactive Communication (IEEE RO-MAN),"AUG 26-31, 2016","Columbia Univ, Teachers Coll, New York City, NY","IEEE,IEEE Robot & Automat Soc,Robot Soc Japan,Korea Robot Soc,Culinart Grp,Springer,Disney Res,Kowa Amer Corp,PARO Robots","Columbia Univ, Teachers Coll",,,,,,,,,"Chernova, Sonia/0000-0001-6320-0825",,,,,,,,,,,,,1944-9445,,978-1-5090-3929-6,,,,2016,,,,,,,267,272,,,,,,,,,,,,,,,,WOS:000390682500038,View Full Record in Web of Science
C,"Katz, EP; Scholar, V",,,IEEE; IEEE; IEEE; IEEE,"Katz, EP; Scholar, V",,,A simplifying diagrammatic representation of crisp and fuzzy Teleo-Reactive semantic circuitry for application in robotic agent task control,"1998 IEEE INTERNATIONAL CONFERENCE ON SYSTEMS, MAN, AND CYBERNETICS, VOLS 1-5","IEEE INTERNATIONAL CONFERENCE ON SYSTEMS, MAN, AND CYBERNETICS, CONFERENCE PROCEEDINGS",,,,"IEEE International Conference on Systems, Man, and Cybernetics - Intelligent Systems for Humans in a Cyberworld (SMC 98)","OCT 11-14, 1998","SAN DIEGO, CA","IEEE, Syst Man & Cybernet Soc",,,,,,,,,,,,,,,,,,,,,,,1062-922X,,0-7803-4778-1,,,,1998,,,,,,,2120,2125,,,,,,,,,,,,,,,,WOS:000077033700372,View Full Record in Web of Science
C,"Gholami, A; Bigham, BS",,,IEEE,"Gholami, Azadeh; Bigham, Bahram Sadeghi",,,A Learned Soccer Goalkeeper Petri Net Model,2017 ARTIFICIAL INTELLIGENCE AND ROBOTICS (IRANOPEN),,,,,7th Conference on Artificial Intelligence and Robotics (IRANOPEN),"APR09, 2017","Qazvin, IRAN","Islam Azad Univ, Fac Comp & Informat Technol Engn, Qazvin Branch,Islam Azad Univ Qazvin",,,,,,,,,"Sadeghi Bigham, Bahram/AAP-1137-2020",,,,,,,,,,,,,,,,978-1-5386-2862-1,,,,2017,,,,,,,102,108,,,,,,,,,,,,,,,,WOS:000413084500017,View Full Record in Web of Science
C,"Medromi, H; Zaafrani, E; Deckneuvel, E; El Hassani, A; Thomas, MC",,,IEEE,"Medromi, H; Zaafrani, E; Deckneuvel, E; El Hassani, A; Thomas, MC",,,Intelligent control architecture for mobile robot based on fusion methods,"ISIE '97 - PROCEEDINGS OF THE IEEE INTERNATIONAL SYMPOSIUM ON INDUSTRIAL ELECTRONICS, VOLS 1-3",,,,,IEEE International Symposium on Industrial Electronics,"JUL 07-11, 1997","UNIV MINHO, GUIMARAES, PORTUGAL","IEEE Ind Electr Soc,Univ Minho,Soc Ind & Control Engn, Japan,IEEE Portugal Sect,IEEE Ind Electr Portugal Chapter,IEEE Neural Network Council,Portuguese Assoc Automat Control,IEEE Reg 8",UNIV MINHO,,,,,,,,,,,,,,,,,,,,,,,,0-7803-3936-3,,,,1997,,,,,,,691,696,,,,,,,,,,,,,,,,WOS:000072310300187,View Full Record in Web of Science
C,"Liu, NL; Liu, ZM; Cui, L",,"Yu, H; Liu, J; Liu, L; Ju, Z; Liu, Y; Zhou, D",,"Liu, Nailong; Liu, Zhaoming; Cui, Long",,,A Modified Cartesian Space DMPs Model for Robot Motion Generation,"INTELLIGENT ROBOTICS AND APPLICATIONS, ICIRA 2019, PART VI",Lecture Notes in Artificial Intelligence,,,,12th International Conference on Intelligent Robotics and Applications (ICIRA),"AUG 08-11, 2019","Shenyang, PEOPLES R CHINA","Natl Nat Sci Fdn China,Springer,Chinese Acad Sci, Shenyang Inst Automat,Huazhong Univ Sci & Technol,Shanghai Jiao Tong Univ,Univ Portsmouth,Shenyang Assoc Sci & Technol",,,,,,,,,,,,,,,,,,,,,,,0302-9743,1611-3349,978-3-030-27529-7; 978-3-030-27528-0,,,,2019,11745,,,,,,76,85,,10.1007/978-3-030-27529-7_7,http://dx.doi.org/10.1007/978-3-030-27529-7_7,,,,,,,,,,,,,WOS:000719783200007,View Full Record in Web of Science
C,"Martinson, E; Stoytchev, A; Arkin, R",,,IEEE; IEEE,"Martinson, E; Stoytchev, A; Arkin, R",,,Robot behavioral selection using Q-learning,"2002 IEEE/RSJ INTERNATIONAL CONFERENCE ON INTELLIGENT ROBOTS AND SYSTEMS, VOLS 1-3, PROCEEDINGS",,,,,IEEE/RSJ International Conference on Intelligent Robots and Systems (IROS 2002),"SEP 30-OCT 04, 2002","LAUSANNE, SWITZERLAND","IEEE Robot & Automat Soc,IEEE Ind Electr Soc,Robot Soc Japan,Soc Instruments & Control Engineers,INRIA Rhone Alpes Grenoble,EPFL Lausanne",,,,,,,,,,,,,,,,,,,,,,,,,0-7803-7398-7,,,,2002,,,,,,,970,977,,,,,,,,,,,,,,,,WOS:000179289100158,View Full Record in Web of Science
J,"Milighetti, G; Bauer, C; Mikut, R; Kuntze, HB",,,,"Milighetti, Giulio; Bauer, Christian; Mikut, Ralf; Kuntze, Helge-Bjoern",,,Flexible Discrete-Continuous Supervisory Control for Humanoid Robots,AT-AUTOMATISIERUNGSTECHNIK,,,,,,,,,,,,,,,,,"Mikut, Ralf/A-5949-2013","Mikut, Ralf/0000-0001-9100-5496",,,,,,,,,,,,,0178-2312,,,,,JAN,2013,61,1,,,,,16,26,,10.1524/auto.2013.0004,http://dx.doi.org/10.1524/auto.2013.0004,,,,,,,,,,,,,WOS:000323924500003,View Full Record in Web of Science
C,"Ren, DF; Wu, S; Wang, XF; Peng, Y; Ren, XQ",,,IEEE,"Ren, Dafa; Wu, Shuang; Wang, Xiaofan; Peng, Yan; Ren, Xiaoqiang",,,Learning Bifunctional Push-grasping Synergistic Strategy for Goal-agnostic and Goal-oriented Tasks,"2023 IEEE/RSJ INTERNATIONAL CONFERENCE ON INTELLIGENT ROBOTS AND SYSTEMS, IROS",IEEE International Conference on Intelligent Robots and Systems,,,,IEEE/RSJ International Conference on Intelligent Robots and Systems (IROS),"OCT 01-05, 2023","Detroit, MI","IEEE,RSJ",,,,,,,,,"Ren, Xiaoqiang/KCL-3782-2024","Ren, Xiaoqiang/0000-0001-6674-4553",,,,,,,,,,,,,2153-0858,,978-1-6654-9190-7,,,,2023,,,,,,,2909,2916,,10.1109/IROS55552.2023.10342533,http://dx.doi.org/10.1109/IROS55552.2023.10342533,,,,,,,,,,,,,WOS:001133658802022,View Full Record in Web of Science
C,"Fernández, JL; Sanz, R; Paz, E; Alonso, C",,,IEEE,"Fernandez, Joaquin L.; Sanz, Rafael; Paz, Enrique; Alonso, Carlos",,,Using hierarchical binary Petri nets to build robust mobile robot applications:: RoboGraph,"2008 IEEE INTERNATIONAL CONFERENCE ON ROBOTICS AND AUTOMATION, VOLS 1-9",IEEE International Conference on Robotics and Automation ICRA,,,,IEEE International Conference on Robotics and Automation,"MAY 19-23, 2008","Pasadena, CA",IEEE,,,,,,,,,"Sanz, Rafael/T-1286-2019; Fernandez, Joaquin/L-1609-2014",,,,,,,,,,,,,,1050-4729,2577-087X,978-1-4244-1646-2,,,,2008,,,,,,,1372,1377,,10.1109/ROBOT.2008.4543394,http://dx.doi.org/10.1109/ROBOT.2008.4543394,,,,,,,,,,,,,WOS:000258095001006,View Full Record in Web of Science
C,"Bacon, PL; Balle, B; Precup, D",,"Meila, M; Heskes, T",,"Bacon, Pierre-Luc; Balle, Borja; Precup, Doina",,,Learning and Planning with Timing Information in Markov Decision Processes,UNCERTAINTY IN ARTIFICIAL INTELLIGENCE,,,,,31st Conference on Uncertainty in Artificial Intelligence (UAI),"JUL 12-16, 2015","Amsterdam, NETHERLANDS","Artificial Intelligence Journal,Microsoft Res,Facebook Inc,Google Inc,Adobe Syst Inc,Baidu Res,Elsevier Labs",,,,,,,,,,,,,,,,,,,,,,,,,978-0-9966431-0-8,,,,2015,,,,,,,111,120,,,,,,,,,,,,,,,,WOS:000493121100012,View Full Record in Web of Science
C,"Kolbert, R; Chavan-Dafle, N; Rodriguez, A",,"Kulic, D; Nakamura, Y; Khatib, O; Venture, G",,"Kolbert, Roman; Chavan-Dafle, Nikhil; Rodriguez, Alberto",,,Experimental Validation of Contact Dynamics for In-Hand Manipulation,2016 INTERNATIONAL SYMPOSIUM ON EXPERIMENTAL ROBOTICS,Springer Proceedings in Advanced Robotics,,,,15th International Symposium on Experimental Robotics (ISER),"OCT 03-06, 2016","Tokyo, JAPAN","Springer Proceedings Adv Robot,Int Fdn Robot Res,Tateishi Sci & Technol Fdn,Murata Sci Fdn,Toyota Motor Corp",,,,,,,,,,,,,,,,,,,,,,,2511-1256,2511-1264,978-3-319-50115-4; 978-3-319-50114-7,,,,2017,1,,,,,,633,645,,10.1007/978-3-319-50115-4_55,http://dx.doi.org/10.1007/978-3-319-50115-4_55,,,,,,,,,,,,,WOS:000418796400055,View Full Record in Web of Science
J,"Zhao, YS; Fillatreau, P; Elmhadhbi, L; Karray, MH; Archimede, B",,,,"Zhao, Yingshen; Fillatreau, Philippe; Elmhadhbi, Linda; Karray, Mohamed Hedi; Archimede, Bernard",,,Semantic coupling of path planning and a primitive action of a task plan for the simulation of manipulation tasks in a virtual 3D environment,ROBOTICS AND COMPUTER-INTEGRATED MANUFACTURING,,,,,,,,,,,,,,,,,"Elmhadhbi, Linda/HPC-2351-2023; KARRAY, Mohamed/AAS-8313-2020","Elmhadhbi, Linda/0000-0001-9444-0848",,,,,,,,,,,,,0736-5845,1879-2537,,,,FEB,2022,73,,,,,,,,102255,10.1016/j.rcim.2021.102255,http://dx.doi.org/10.1016/j.rcim.2021.102255,,SEP 2021,,,,,,,,,,,WOS:000702807900001,View Full Record in Web of Science
C,"Santa Cruz, R; Cherian, A; Fernando, B; Campbell, D; Gould, S",,,IEEE COMP SOC,"Santa Cruz, Rodrigo; Cherian, Anoop; Fernando, Basura; Campbell, Dylan; Gould, Stephen",,,Inferring Temporal Compositions of Actions Using Probabilistic Automata,2020 IEEE/CVF CONFERENCE ON COMPUTER VISION AND PATTERN RECOGNITION WORKSHOPS (CVPRW 2020),IEEE Computer Society Conference on Computer Vision and Pattern Recognition Workshops,,,,IEEE/CVF Conference on Computer Vision and Pattern Recognition (CVPR),"JUN 14-19, 2020",ELECTR NETWORK,"IEEE,CVF,IEEE Comp Soc",,,,,,,,,,"Campbell, Dylan/0000-0002-4717-6850",,,,,,,,,,,,,2160-7508,,978-1-7281-9360-1,,,,2020,,,,,,,1514,1522,,10.1109/CVPRW50498.2020.00192,http://dx.doi.org/10.1109/CVPRW50498.2020.00192,,,,,,,,,,,,,WOS:000788279001070,View Full Record in Web of Science
C,"Sung, JY; Selman, B; Saxena, A",,,IEEE,"Sung, Jaeyong; Selman, Bart; Saxena, Ashutosh",,,Synthesizing Manipulation Sequences for Under-Specified Tasks using Unrolled Markov Random Fields,2014 IEEE/RSJ INTERNATIONAL CONFERENCE ON INTELLIGENT ROBOTS AND SYSTEMS (IROS 2014),IEEE International Conference on Intelligent Robots and Systems,,,,IEEE/RSJ International Conference on Intelligent Robots and Systems (IROS),"SEP 14-18, 2014","Chicago, IL","IEEE,Robot Soc Japan,RA,SICE,IES,New Technol Fdn",,,,,,,,,,,,,,,,,,,,,,,2153-0858,,978-1-4799-6934-0,,,,2014,,,,,,,2970,2977,,,,,,,,,,,,,,,,WOS:000349834603012,View Full Record in Web of Science
C,"Baldassarre, G",,,IEEE; IEEE,"Baldassarre, G",,,Coarse planning for landmark navigation in a neural-network reinforcement-learning robot,"IROS 2001: PROCEEDINGS OF THE 2001 IEEE/RJS INTERNATIONAL CONFERENCE ON INTELLIGENT ROBOTS AND SYSTEMS, VOLS 1-4: EXPANDING THE SOCIETAL ROLE OF ROBOTICS IN THE NEXT MILLENNIUM",,,,,IEEE Conference on Intelligent Robots and Systems (IROS 2001),"OCT 29-NOV 03, 2001","MAUI, HI","IEEE Ind Electr Soc,IEEE Robot & Automat Soc,Robot Soc Japan,Soc Instrument & Control Engineers",,,,,,,,,"Baldassarre, Gianluca/AAY-1081-2020","Baldassarre, Gianluca/0000-0002-1277-4447",,,,,,,,,,,,,,,0-7803-6612-3,,,,2001,,,,,,,2398,2403,,,,,,,,,,,,,,,,WOS:000176593900378,View Full Record in Web of Science
J,"Ye, X; Lin, Z; Yang, YZ",,,,"Ye, Xin; Lin, Zhe; Yang, Yezhou",,,Robot learning of manipulation activities with overall planning through precedence graph,ROBOTICS AND AUTONOMOUS SYSTEMS,,,,,,,,,,,,,,,,,,,,,,,,,,,,,,,0921-8890,1872-793X,,,,JUN,2019,116,,,,,,126,135,,10.1016/j.robot.2019.03.011,http://dx.doi.org/10.1016/j.robot.2019.03.011,,,,,,,,,,,,,WOS:000466820600009,View Full Record in Web of Science
C,"Kroemer, O; Ugur, E; Oztop, E; Peters, J",,,IEEE,"Kroemer, O.; Ugur, E.; Oztop, E.; Peters, J.",,,A Kernel-based Approach to Direct Action Perception,2012 IEEE INTERNATIONAL CONFERENCE ON ROBOTICS AND AUTOMATION (ICRA),IEEE International Conference on Robotics and Automation ICRA,,,,IEEE International Conference on Robotics and Automation (ICRA),"MAY 14-18, 2012","St Paul, MN",IEEE,,,,,,,,,"Peters, Jan/D-5068-2009; Ugur, Emre/A-6011-2017; Oztop, Erhan/K-8111-2012","Oztop, Erhan/0000-0002-3051-6038",,,,,,,,,,,,,1050-4729,2577-087X,978-1-4673-1405-3,,,,2012,,,,,,,2605,2610,,,,,,,,,,,,,,,,WOS:000309406702093,View Full Record in Web of Science
C,"Agudo, A; Moreno-Noguer, F",,,IEEE,"Agudo, Antonio; Moreno-Noguer, Francesc",,,DUST: Dual Union of Spatio-Temporal Subspaces for Monocular Multiple Object 3D Reconstruction,30TH IEEE CONFERENCE ON COMPUTER VISION AND PATTERN RECOGNITION (CVPR 2017),IEEE Conference on Computer Vision and Pattern Recognition,,,,30th IEEE/CVF Conference on Computer Vision and Pattern Recognition (CVPR),"JUL 21-26, 2017","Honolulu, HI","IEEE,IEEE Comp Soc,CVF",,,,,,,,,"Agudo, Antonio/C-5147-2017","Agudo, Antonio/0000-0001-6845-4998",,,,,,,,,,,,,1063-6919,,978-1-5386-0457-1,,,,2017,,,,,,,1513,1521,,10.1109/CVPR.2017.165,http://dx.doi.org/10.1109/CVPR.2017.165,,,,,,,,,,,,,WOS:000418371401060,View Full Record in Web of Science
J,"Miyamoto, H; Morimoto, J; Doya, K; Kawato, M",,,,"Miyamoto, H; Morimoto, J; Doya, K; Kawato, M",,,Reinforcement learning with via-point representation,NEURAL NETWORKS,,,,,,,,,,,,,,,,,"Doya, Kenji/B-5841-2015","Doya, Kenji/0000-0002-2446-6820",,,,,,,,,,,,,0893-6080,1879-2782,,,,APR,2004,17,3,,,,,299,305,,10.1016/j.neunet.2003.11.004,http://dx.doi.org/10.1016/j.neunet.2003.11.004,,,,,,,,15037348,,,,,WOS:000220552900001,View Full Record in Web of Science
C,"Oikonomou, P; Dometios, A; Khamassi, M; Tzafestas, CS",,,IEEE,"Oikonomou, Paris; Dometios, Athanasios; Khamassi, Mehdi; Tzafestas, Costas S.",,,Online prediction of novel trajectories using a library of movement primitives,"2024 IEEE INTERNATIONAL CONFERENCE ON DEVELOPMENT AND LEARNING, ICDL 2024",IEEE International Conference on Development and Learning,,,,IEEE International Conference on Development and Learning (ICDL),"MAY 20-23, 2024","Austin, TX","IEEE,IEEE Computat Intelligence Soc,Univ Texas Austin, Dept Psychol, Coll Liberal Arts,Indiana Univ, Luddy Artificial Intelligence Ctr",,,,,,,,,"Khamassi, Mehdi/B-2425-2012",,,,,,,,,,,,,,,,979-8-3503-4856-9; 979-8-3503-4855-2,,,,2024,,,,,,,,,,10.1109/ICDL61372.2024.10644595,http://dx.doi.org/10.1109/ICDL61372.2024.10644595,,,,,,,,,,,,,WOS:001338553000016,View Full Record in Web of Science
J,"Vien, NA; Ngo, H; Lee, S; Chung, T",,,,"Ngo Anh Vien; Hung Ngo; Lee, Sungyoung; Chung, TaeChoong",,,Approximate planning for bayesian hierarchical reinforcement learning,APPLIED INTELLIGENCE,,,,,,,,,,,,,,,,,"Lee, Sungyoung/AAK-7257-2020; 정, 태충/HKF-0658-2023","Ngo, Vien/0000-0001-9646-267X",,,,,,,,,,,,,0924-669X,1573-7497,,,,OCT,2014,41,3,,,,,808,819,,10.1007/s10489-014-0565-6,http://dx.doi.org/10.1007/s10489-014-0565-6,,,,,,,,,,,,,WOS:000342426700010,View Full Record in Web of Science
C,"Tehrani, AM; Kamel, MS",,"Jamshidi, M; Reuter, M; Andina, D; Jamshidi, JS",,"Tehrani, AM; Kamel, MS",,,A methodology for specifying and designing behaviors for mobile robots,"Soft Computing with Industrial Applications, Vol 17",TSI PRESS SERIES,,,,5th International Symposium on Soft Computing for Industry held at the 6th Biannual World Automation Congress,"JUN 28-JUL 01, 2004","Seville, SPAIN","World Automat Congress,ISSCI,Minist Cienc Tecnol,Univ Sevilla,Univ Politecn Madrid,Plan Andaluz Invest",,,,,,,,,"Kamel, Mohamed/D-9323-2011","Kamel, Mohamed/0000-0001-6173-8082",,,,,,,,,,,,,,,1-889335-23-1,,,,2004,17,,,,,,55,61,,,,,,,,,,,,,,,,WOS:000230424800010,View Full Record in Web of Science
C,"She, LB; Chai, JY",,"Erk, K; Smith, NA",,"She, Lanbo; Chai, Joyce Y.",,,Incremental Acquisition of Verb Hypothesis Space towards Physical World Interaction,"PROCEEDINGS OF THE 54TH ANNUAL MEETING OF THE ASSOCIATION FOR COMPUTATIONAL LINGUISTICS, VOL 1",,,,,54th Annual Meeting of the Association-for-Computational-Linguistics (ACL),"AUG 07-12, 2016","Berlin, GERMANY","Assoc Computat Linguist,Google,Baidu,Amazon Com,Bloomberg,Facebook,Microsoft Res,eBay,Elsevier,IBM Res,MaluubA,Huawei Technologies,Nuance,Grammarly,VoiceBox Technologies,Yandex,Textkernel,Zalando SE",,,,,,,,,,,,,,,,,,,,,,,,,978-1-945626-00-5,,,,2016,,,,,,,108,117,,,,,,,,,,,,,,,,WOS:000493806800011,View Full Record in Web of Science
J,"Lin, FZ; Levesque, HJ",,,,"Lin, FZ; Levesque, HJ",,,What robots can do: robot programs and effective achievability,ARTIFICIAL INTELLIGENCE,,,,,,,,,,,,,,,,,,,,,,,,,,,,,,,0004-3702,1872-7921,,,,MAY,1998,101,1-2,,,,,201,226,,10.1016/S0004-3702(98)00041-1,http://dx.doi.org/10.1016/S0004-3702(98)00041-1,,,,,,,,,,,,,WOS:000074452200007,View Full Record in Web of Science
J,"Wang, Z; Garretti, CR; Kaelbling, LP; Lozano-Pérez, T",,,,"Wang, Zi; Garretti, Caelan Reed; Kaelbling, Leslie Pack; Lozano-Perez, Tomas",,,Learning compositional models of robot skills for task and motion planning,INTERNATIONAL JOURNAL OF ROBOTICS RESEARCH,,,,,,,,,,,,,,,,,,"/0000-0001-6054-7145; Lozano-Perez, Tomas/0000-0002-8657-2450; Garrett, Caelan/0000-0002-6474-1276",,,,,,,,,,,,,0278-3649,1741-3176,,,,JUN,2021,40,6-7,,,,,866,894,,10.1177/02783649211004615,http://dx.doi.org/10.1177/02783649211004615,,,,,,,,,,,,,WOS:000648638600003,View Full Record in Web of Science
C,"Wang, YH; Wang, Q; Liu, RP",,"Luo, Q; Yi, J; Bin, C",,"Wang, Yuehai; Wang, Qi; Liu, Renping",,,A Rule-based Decision Subsystem Design Approach for Intelligent Robot,"2009 ISECS INTERNATIONAL COLLOQUIUM ON COMPUTING, COMMUNICATION, CONTROL, AND MANAGEMENT, VOL II",,,,,"2nd ISECS International Colloquium on Computing, Communication, Control and Management (CCCM 2009)","AUG 08-09, 2009","Sanya, PEOPLES R CHINA","IEEE Technol Management Council,Intelligent Informat Technol Applicat Res Assoc,IEEE SMC TC,Yangzhou Univ,Wuhan Inst Technol,Guangdong Univ Business Studies",,,,,,,,,"Liu, Ren/B-7505-2011",,,,,,,,,,,,,,,,978-1-4244-4246-1,,,,2009,,,,,,,525,528,,,,,,,,,,,,,,,,WOS:000274016200131,View Full Record in Web of Science
S,"Hähnel, D; Burgard, W; Lakemeyer, G",,"Herzog, O; Gunter, A",,"Hähnel, D; Burgard, W; Lakemeyer, G",,,GOLEX -: Bridging the gap between logic (GOLOG) and a real robot,KI-98: ADVANCES IN ARTIFICIAL INTELLIGENCE,LECTURE NOTES IN ARTIFICIAL INTELLIGENCE,,,,22nd Annual German Conference on Artificial Intelligence (KI-98),"SEP 15-17, 1998","BREMEN, GERMANY",,,,,,,,,,"Burgard, Wolfram/N-2381-2019",,,,,,,,,,,,,,0302-9743,,3-540-65080-6,,,,1998,1504,,,,,,165,176,,,,,,,,,,,,,,,,WOS:000082113200015,View Full Record in Web of Science
C,"Lee, Y; Cai, PP; Hsu, D",,"Shell, DA; Toussaint, M; Hsieh, MA",,"Lee, Yiyuan; Cai, Panpan; Hsu, David",,,MAGIC: Learning Macro-Actions for Online POMDP Planning,ROBOTICS: SCIENCE AND SYSTEM XVII,Robotics - Science and Systems,,,,Conference on Robotics - Science and Systems,"JUL 12-16, 2021",ELECTR NETWORK,,,,,,,,,,,,,,,,,,,,,,,,2330-7668,2330-765X,978-0-9923747-7-8,,,,2021,,,,,,,,,,,,,,,,,,,,,,,,WOS:000684604200041,View Full Record in Web of Science
C,"Liu, X; Fu, J",,,IEEE,"Liu, Xuan; Fu, Jie",,,Compositional planning in Markov decision processes: Temporal abstraction meets generalized logic composition,2019 AMERICAN CONTROL CONFERENCE (ACC),Proceedings of the American Control Conference,,,,American Control Conference (ACC),"JUL 10-12, 2019","Philadelphia, PA","Amer Automat Control Council,Int Federat Automat Control,Mitsubishi Elect Res Lab,Boeing,GE Res,United Technologies Res Ctr,General Motors Co,MathWorks,Halliburton,dSPACE,Int Journal Automat Comp,Altair,Soc Ind Appl Math,Wiley,Quanser,Temple Univ,Journal Franklin Inst,IEEE CAA Journal Automatica Sinica,Processes",,,,,,,,,,,,,,,,,,,,,,,0743-1619,2378-5861,978-1-5386-7926-5,,,,2019,,,,,,,559,566,,10.23919/acc.2019.8814646,http://dx.doi.org/10.23919/acc.2019.8814646,,,,,,,,,,,,,WOS:000589452900089,View Full Record in Web of Science
J,"De Giacomo, G; Lespérance, Y; Levesque, HJ",,,,"De Giacomo, G; Lespérance, Y; Levesque, HJ",,,"ConGolog, a concurrent programming language based on the situation calculus",ARTIFICIAL INTELLIGENCE,,,,,,,,,,,,,,,,,"De Giacomo, Giuseppe/C-2618-2013","De Giacomo, Giuseppe/0000-0001-9680-7658",,,,,,,,,,,,,0004-3702,1872-7921,,,,AUG,2000,121,1-2,,,,,109,169,,10.1016/S0004-3702(00)00031-X,http://dx.doi.org/10.1016/S0004-3702(00)00031-X,,,,,,,,,,,,,WOS:000089542800004,View Full Record in Web of Science
J,"Hwang, KS; Lo, CY; Liu, WL",,,,"Hwang, Kao-Shing; Lo, Chia-Yue; Liu, Wen-Long",,,A Modular Agent Architecture for an Autonomous Robot,IEEE TRANSACTIONS ON INSTRUMENTATION AND MEASUREMENT,,,,,IEEE International Symposium on Intelligent Signal Processing,"OCT 03-05, 2007","Alcala de Henares, SPAIN","IEEE,IEEE Instrumentat & Measurement Soc,IEEE Secc Espana,Univ Alcala, Dept Elect",,,,,,,,,"Lo, Chia-Yue/G-4833-2010","Hwang, Kao-Shing/0000-0001-9234-4836",,,,,,,,,,,,,0018-9456,1557-9662,,,,AUG,2009,58,8,,,,,2797,2806,,10.1109/TIM.2009.2016301,http://dx.doi.org/10.1109/TIM.2009.2016301,,,,,,,,,,,,,WOS:000268033000051,View Full Record in Web of Science
J,"Hao, C; Weaver, C; Tang, C; Kawamoto, K; Tomizuka, M; Zhan, W",,,,"Hao, Ce; Weaver, Catherine; Tang, Chen; Kawamoto, Kenta; Tomizuka, Masayoshi; Zhan, Wei",,,Skill-Critic: Refining Learned Skills for Hierarchical Reinforcement Learning,IEEE ROBOTICS AND AUTOMATION LETTERS,,,,,,,,,,,,,,,,,,"Kawamoto, Kenta/0000-0001-7276-2766; Hao, Ce/0009-0000-7653-9713; Faulkner, Catherine/0000-0002-8521-9305; Tomizuka, Masayoshi/0000-0003-0206-6639",,,,,,,,,,,,,2377-3766,,,,,APR,2024,9,4,,,,,3625,3632,,10.1109/LRA.2024.3368231,http://dx.doi.org/10.1109/LRA.2024.3368231,,,,,,,,,,,,,WOS:001180758700018,View Full Record in Web of Science
C,"Cowley, A; Taylor, CJ",,,IEEE,"Cowley, Anthony; Taylor, Camillo J.",,,Towards Language-Based Verification of Robot Behaviors,2011 IEEE/RSJ INTERNATIONAL CONFERENCE ON INTELLIGENT ROBOTS AND SYSTEMS,IEEE International Conference on Intelligent Robots and Systems,,,,IEEE/RSJ International Conference on Intelligent Robots and Systems,"SEP 25-30, 2011","San Francisco, CA","IEEE,Robot Soc Japan (RSJ),BOSCH,HONDA,KUKA,SRI Int,ABB,Willow Garage,ALDEBARAN,Google,INTUITIVE Surg,SCHUNK,IEEE Ind Elect Soc (IES),Soc Instrument & Control Engineers (SICE),New Technol Fdn (NTF),IEEE Robot & Automat Soc (RAS),Inst Control, Robto & Syst (ICROS)",,,,,,,,,,"Taylor, Camillo/0000-0002-9332-5087",,,,,,,,,,,,,2153-0858,,978-1-61284-455-8,,,,2011,,,,,,,,,,,,,,,,,,,,,,,,WOS:000297477505021,View Full Record in Web of Science
C,"Kim, H; Yamada, M; Miyoshi, K; Iwata, T; Yamakawa, H",,,IEEE,"Kim, Heecheol; Yamada, Masanori; Miyoshi, Kosuke; Iwata, Tomoharu; Yamakawa, Hiroshi",,,Reinforcement Learning in Latent Action Sequence Space,2020 IEEE/RSJ INTERNATIONAL CONFERENCE ON INTELLIGENT ROBOTS AND SYSTEMS (IROS),IEEE International Conference on Intelligent Robots and Systems,,,,IEEE/RSJ International Conference on Intelligent Robots and Systems (IROS),"OCT 24-JAN 24, 2020-2021",ELECTR NETWORK,"IEEE,RSJ",,,,,,,,,,"Yamada, Masanori/0000-0001-6311-0512; Miyoshi, Kosuke/0000-0002-8237-1395",,,,,,,,,,,,,2153-0858,,978-1-7281-6212-6,,,,2020,,,,,,,5497,5503,,10.1109/IROS45743.2020.9341629,http://dx.doi.org/10.1109/IROS45743.2020.9341629,,,,,,,,,,,,,WOS:000714033803038,View Full Record in Web of Science
J,"Akrour, R; Tateo, D; Peters, J",,,,"Akrour, Riad; Tateo, Davide; Peters, Jan",,,Continuous Action Reinforcement Learning From a Mixture of Interpretable Experts,IEEE TRANSACTIONS ON PATTERN ANALYSIS AND MACHINE INTELLIGENCE,,,,,,,,,,,,,,,,,"Tateo, Davide/LLM-0558-2024; Peters, Jan/D-5068-2009","Tateo, Davide/0000-0002-7193-923X; Akrour, Riad/0000-0002-8735-6960; Peters, Jan/0000-0002-5266-8091",,,,,,,,,,,,,0162-8828,1939-3539,,,,OCT 1,2022,44,10,,,,,6795,6806,,10.1109/TPAMI.2021.3103132,http://dx.doi.org/10.1109/TPAMI.2021.3103132,,,,,,,,34375280,,,,,WOS:000853875300069,View Full Record in Web of Science
C,"Hosseini, B; Ahmadabadi, MN; Araabi, BN",,"Jusoff, K; Mahmoud, SS; Sivakumar, R",,"Hosseini, Babak; Ahmadabadi, Majid Nili; Araabi, Babak Nadjar",,,Abstract Concept Learning Approach based on Behavioural Feature Extraction,"SECOND INTERNATIONAL CONFERENCE ON COMPUTER AND ELECTRICAL ENGINEERING, VOL 1, PROCEEDINGS",International Conference on Computer and Electrical Engineering ICCEE,,,,2nd International Conference on Computer and Electrical Engineering,"DEC 28-30, 2009","Dubai, U ARAB EMIRATES",Int Assoc Comp Sci & Informat Technol,,,,,,,,,"; Nadjar Araabi, Babak/C-5069-2017","Hosseini, Babak/0000-0003-3335-4289; Nadjar Araabi, Babak/0000-0002-5283-263X",,,,,,,,,,,,,,,978-0-7695-3925-6,,,,2009,,,,,,,574,579,,10.1109/ICCEE.2009.223,http://dx.doi.org/10.1109/ICCEE.2009.223,,,,,,,,,,,,,WOS:000276905000119,View Full Record in Web of Science
C,"Wang, Z; Garrett, CR; Kaelbling, LP; Lozano-Pérez, T","Kosecka, J","Maciejewski, AA; Okamura, A; Bicchi, A; Stachniss, C; Song, DZ; Lee, DH; Chaumette, F; Ding, H; Li, JS; Wen, J; Roberts, J; Masamune, K; Chong, NY; Amato, N; Tsagwarakis, N; Rocco, P; Asfour, T; Chung, WK; Yasuyoshi, Y; Sun, Y; Maciekeski, T; Althoefer, K; AndradeCetto, J; Chung, WK; Demircan, E; Dias, J; Fraisse, P; Gross, R; Harada, H; Hasegawa, Y; Hayashibe, M; Kiguchi, K; Kim, K; Kroeger, T; Li, Y; Ma, S; Mochiyama, H; Monje, CA; Rekleitis, I; Roberts, R; Stulp, F; Tsai, CHD; Zollo, L",,"Wang, Zi; Garrett, Caelan Reed; Kaelbling, Leslie Pack; Lozano-Perez, Tomas","Kosecka, J",,Active model learning and diverse action sampling for task and motion planning,2018 IEEE/RSJ INTERNATIONAL CONFERENCE ON INTELLIGENT ROBOTS AND SYSTEMS (IROS),IEEE International Conference on Intelligent Robots and Systems,,,,25th IEEE/RSJ International Conference on Intelligent Robots and Systems (IROS),"OCT 01-05, 2018","Madrid, SPAIN","IEEE Robot & Automat Soc,IEEE Ind Elect Soc,Robot Soc Japan,Soc Instrument & Control Engineers,New Technol Fdn,IEEE,Adept MobileRobots,Willow Garage,Aldebaran Robot,Natl Instruments,Reflexxes GmbH,Schunk Intec S L U,Univ Carlos III Madrid,BOSCH,JD COM,Pal Robot,KUKA,Santander,Squirrel AI Learning,Baidu,Generat Robots,KINOVA Robot,Ouster,Univ Pablo Olavide Sevilla,Rapyuta Robot,SICK,TOYOTA,UP,Amazon,ARGO,Built Robot,Disney Res,Easy Mile,Hitachi,Robot,Khalifa Univ,Magazino,MathWorks,New Dexterity,Schunk,nuTonomy,PILZ,Prophesee,Rootnik,Saga Robot,Shadow,Soft Bank Robot,Anyverse,GalTech,Generat Robot,IEEE CAA Journal Automatica Sinica,Sci Robot, AAAS,TERAS",,,,,,,,,"Lozano-Perez, Tomas/J-9374-2012","Lozano-Perez, Tomas/0000-0002-8657-2450",,,,,,,,,,,,,2153-0858,,978-1-5386-8094-0,,,,2018,,,,,,,4107,4114,,,,,,,,,,,,,,,,WOS:000458872703114,View Full Record in Web of Science
J,"Li, CC; Tian, GH",,,,"Li, Cici; Tian, Guohui",,,Transferring the semantic constraints in human manipulation behaviors to robots,APPLIED INTELLIGENCE,,,,,,,,,,,,,,,,,,,,,,,,,,,,,,,0924-669X,1573-7497,,,,JUN,2020,50,6,,,,,1711,1724,,10.1007/s10489-019-01580-8,http://dx.doi.org/10.1007/s10489-019-01580-8,,FEB 2020,,,,,,,,,,,WOS:000518169000001,View Full Record in Web of Science
C,"She, LB; Chai, JY",,"Barzilay, R; Kan, MY",,"She, Lanbo; Chai, Joyce Y.",,,Interactive Learning of Grounded Verb Semantics towards Human-Robot Communication,"PROCEEDINGS OF THE 55TH ANNUAL MEETING OF THE ASSOCIATION FOR COMPUTATIONAL LINGUISTICS (ACL 2017), VOL 1",,,,,55th Annual Meeting of the Association-for-Computational-Linguistics (ACL),"JUL 30-AUG 04, 2017","Vancouver, CANADA","Alibaba Grp,Amazon,Apple,Baidu,Bloomberg,Facebook,Google,Samsung,Tencent,eBay,Elsevier,IBM Res,KPMG,Maluuba,Microsoft,Naver Line,NEC,Recruit Inst Technol,SAP,Adobe,Bosch,CVTE,Duolingo,Huawei,Nuance,Oracle,Sogou,Grammarly,Toutiao,Yandex",,,,,,,,,,,,,,,,,,,,,,,,,978-1-945626-75-3,,,,2017,,,,,,,1634,1644,,10.18653/v1/P17-1150,http://dx.doi.org/10.18653/v1/P17-1150,,,,,,,,,,,,,WOS:000493984800150,View Full Record in Web of Science
C,"Ramesh, R; Tomar, M; Ravindran, B",,"Kraus, S",,"Ramesh, Rahul; Tomar, Manan; Ravindran, Balaraman",,,Successor Options: An Option Discovery Framework for Reinforcement Learning,PROCEEDINGS OF THE TWENTY-EIGHTH INTERNATIONAL JOINT CONFERENCE ON ARTIFICIAL INTELLIGENCE,,,,,28th International Joint Conference on Artificial Intelligence,"AUG 10-16, 2019","Macao, PEOPLES R CHINA",Int Joint Conf Artifical Intelligence,,,,,,,,,,"Ravindran, Balaraman/0000-0002-5364-7639",,,,,,,,,,,,,,,978-0-9992411-4-1,,,,2019,,,,,,,3304,3310,,,,,,,,,,,,,,,,WOS:000761735103063,View Full Record in Web of Science
J,"YASUDA, G; TACHIBANA, K",,,,"YASUDA, G; TACHIBANA, K",,,A PARALLEL DISTRIBUTED CONTROL ARCHITECTURE FOR MULTIPLE ROBOT SYSTEMS USING A NETWORK OF MICROCOMPUTERS,COMPUTERS & INDUSTRIAL ENGINEERING,,,,,16th International Conference on Computers and Industrial Engineering (ICC&IE-94),"MAR 07-09, 1994","ASHIKAGA, JAPAN","Comp & Ind Engn,Inst Ind Engineers US,Syst Engn Soc China,Korean Inst Ind Engineers,Japan Ind Management Assoc,Ashikaga Inst Technol",,,,,,,,,,,,,,,,,,,,,,,0360-8352,,,,,SEP,1994,27,1-4,,,,,63,66,,10.1016/0360-8352(94)90238-0,http://dx.doi.org/10.1016/0360-8352(94)90238-0,,,,,,,,,,,,,WOS:A1994QL18400017,View Full Record in Web of Science
C,"Haustein, JA; King, J; Srinivasa, SS; Asfour, T",,,IEEE,"Haustein, Joshua A.; King, Jennifer; Srinivasa, Siddhartha S.; Asfour, Tarrum",,,Kinodynamic Randomized Rearrangement Planning via Dynamic Transitions Between Statically Stable States,2015 IEEE INTERNATIONAL CONFERENCE ON ROBOTICS AND AUTOMATION (ICRA),IEEE International Conference on Robotics and Automation ICRA,,,,IEEE International Conference on Robotics and Automation (ICRA),"MAY 26-30, 2015","Seattle, WA",IEEE,,,,,,,,,,"Asfour, Tamim/0000-0003-4879-7680",,,,,,,,,,,,,1050-4729,,978-1-4799-6923-4,,,,2015,,,,,,,3075,3082,,,,,,,,,,,,,,,,WOS:000370974903011,View Full Record in Web of Science
J,"Stone, P; Sridharan, M; Stronger, D; Kuhlmann, G; Kohl, N; Fidelman, P; Jong, NK",,,,"Stone, Peter; Sridharan, Mohan; Stronger, Daniel; Kuhlmann, Gregory; Kohl, Nate; Fidelman, Peggy; Jong, Nicholas K.",,,From pixels to multi-robot decision-making: A study in uncertainty,ROBOTICS AND AUTONOMOUS SYSTEMS,,,,,,,,,,,,,,,,,"Sridharan, Mohan/AAY-7586-2021",,,,,,,,,,,,,,0921-8890,1872-793X,,,,NOV 30,2006,54,11,,,SI,,933,943,,10.1016/j.robot.2006.05.010,http://dx.doi.org/10.1016/j.robot.2006.05.010,,,,,,,,,,,,,WOS:000242359100006,View Full Record in Web of Science
C,"Natarajan, P; Nevatia, R",,,IEEE,"Natarajan, Pradeep; Nevatia, Ramakant",,,"Online, real-time tracking and recognition of human actions",2008 IEEE WORKSHOP ON MOTION AND VIDEO COMPUTING,,,,,IEEE Workshop on Motion and Video Computing,"JAN 08-09, 2008","Copper Mt, CO",IEEE,,,,,,,,,,"Natarajan, Pradeep/0009-0005-9754-1376",,,,,,,,,,,,,,,978-1-4244-2000-1,,,,2008,,,,,,,87,+,,,,,,,,,,,,,,,,WOS:000259022200013,View Full Record in Web of Science
J,"Al-Shanoon, A; Lang, HX; Wang, Y; Zhang, YF; Hong, WX",,,,"Al-Shanoon, Abdulrahman; Lang, Haoxiang; Wang, Ying; Zhang, Yunfei; Hong, Wenxin",,,Learn to grasp unknown objects in robotic manipulation,INTELLIGENT SERVICE ROBOTICS,,,,,,,,,,,,,,,,,,"Al-Shanoon, Dr. Abdulrahman/0000-0002-5120-3233",,,,,,,,,,,,,1861-2776,1861-2784,,,,SEP,2021,14,4,,,,,571,582,,10.1007/s11370-021-00380-9,http://dx.doi.org/10.1007/s11370-021-00380-9,,AUG 2021,,,,,,,,,,,WOS:000686055200001,View Full Record in Web of Science
J,"Kiatos, M; Sarantopoulos, I; Koutras, L; Malassiotis, S; Doulgeri, Z",,,,"Kiatos, Marios; Sarantopoulos, Iason; Koutras, Leonidas; Malassiotis, Sotiris; Doulgeri, Zoe",,,Learning Push-Grasping in Dense Clutter,IEEE ROBOTICS AND AUTOMATION LETTERS,,,,,,,,,,,,,,,,,"Koutras, Leonidas/KHE-3106-2024","Doulgeri, Zoe/0000-0003-2188-9358; Kiatos, Marios/0000-0002-2522-2529; Koutras, Leonidas/0000-0002-3521-6958",,,,,,,,,,,,,2377-3766,,,,,OCT,2022,7,4,,,,,8783,8790,,10.1109/LRA.2022.3188437,http://dx.doi.org/10.1109/LRA.2022.3188437,,,,,,,,,,,,,WOS:000838567100029,View Full Record in Web of Science
C,"Kirsch, M; Mataré, V; Ferrein, A; Schiffer, S",,"Rocha, AP; Steels, L; VanDenHerik, J",,"Kirsch, Maximillian; Matare, Victor; Ferrein, Alexander; Schiffer, Stefan",,,Integrating golog plus plus and ROS for Practical and Portable High-level Control,"ICAART: PROCEEDINGS OF THE 12TH INTERNATIONAL CONFERENCE ON AGENTS AND ARTIFICIAL INTELLIGENCE, VOL 2",,,,,12th International Conference on Agents and Artificial Intelligence (ICAART),"FEB 22-24, 2020","Valletta, MALTA",,,,,,,,,,"Schiffer, Stefan/S-7933-2016","Ferrein, Alexander/0000-0002-0643-5422; Kirsch, Maximillian/0009-0003-9392-1780",,,,,,,,,,,,,,,978-989-758-395-7,,,,2020,,,,,,,692,699,,10.5220/0008984406920699,http://dx.doi.org/10.5220/0008984406920699,,,,,,,,,,,,,WOS:000570769000075,View Full Record in Web of Science
C,"Classen, J; Liebenberg, M; Lakemeyer, G; Zarriess, B",,,AAAI,"Classen, Jens; Liebenberg, Martin; Lakemeyer, Gerhard; Zarriess, Benjamin",,,Exploring the Boundaries of Decidable Verification of Non-Terminating Golog Programs,PROCEEDINGS OF THE TWENTY-EIGHTH AAAI CONFERENCE ON ARTIFICIAL INTELLIGENCE,AAAI Conference on Artificial Intelligence,,,,28th AAAI Conference on Artificial Intelligence,"JUL 27-31, 2014","Quebec City, CANADA",Assoc Advancement Artificial Intelligence,,,,,,,,,"Claßen, Jens/AAG-2737-2020","Classen, Jens/0000-0002-0395-1907; Liebenberg, Martin/0000-0002-6105-6716",,,,,,,,,,,,,2159-5399,2374-3468,,,,,2014,,,,,,,1012,1019,,,,,,,,,,,,,,,,WOS:000485439701002,View Full Record in Web of Science
J,"Wang, H; Man, HY; Cui, WX; Lu, RY; Cai, CX; Fan, XP",,,,"Wang, Hao; Man, Hengyu; Cui, Wenxue; Lu, Riyu; Cai, Chenxin; Fan, Xiaopeng",,,GeneWorker: An end-to-end robotic reinforcement learning approach with collaborative generator and worker networks,NEURAL NETWORKS,,,,,,,,,,,,,,,,,,"Man, Hengyu/0009-0004-8164-0700; Wang, Hao/0000-0002-8574-7327; Cui, Wenxue/0000-0001-8656-0954; Lu, Riyu/0009-0008-0052-0483",,,,,,,,,,,,,0893-6080,1879-2782,,,,OCT,2024,178,,,,,,,,106472,10.1016/j.neunet.2024.106472,http://dx.doi.org/10.1016/j.neunet.2024.106472,,JUN 2024,,,,,,38936112,,,,,WOS:001261170600001,View Full Record in Web of Science
C,"Gemignani, G; Bastianelli, E; Nardi, D",,,ACM,"Gemignani, Guglielmo; Bastianelli, Emanuele; Nardi, Daniele",,,Teaching Robots Parametrized Executable Plans Through Spoken Interaction,PROCEEDINGS OF THE 2015 INTERNATIONAL CONFERENCE ON AUTONOMOUS AGENTS & MULTIAGENT SYSTEMS (AAMAS'15),,,,,14th International Conference on Autonomous Agents and Multiagent Systems (AAMAS),"MAY 04-08, 2015","Istanbul, TURKEY","Assoc Comp Machinery,IFAAMAS,NSF,Artificial Intelligence,ACM SIGAI,ARGELA,Microsoft Res,Fundamentals Collect Adapt Sysgt,Japan Soc Software Sci & Technol,Teknoparkistanbul,Acm In Cooperat",,,,,,,,,,"NARDI, Daniele/0000-0001-6606-200X",,,,,,,,,,,,,,,978-1-4503-3413-6,,,,2015,,,,,,,851,859,,,,,,,,,,,,,,,,WOS:000461455000090,View Full Record in Web of Science
J,"Min, HQ; Yi, CA; Luo, RH; Bi, S; Shen, XW; Yan, YG",,,,"Min, Huaqing; Yi, Chang'an; Luo, Ronghua; Bi, Sheng; Shen, Xiaowen; Yan, Yuguang",,,Affordance Learning Based on Subtask's Optimal Strategy,INTERNATIONAL JOURNAL OF ADVANCED ROBOTIC SYSTEMS,,,,,,,,,,,,,,,,,"ronghua, luo/AHI-6289-2022",,,,,,,,,,,,,,1729-8814,,,,,AUG 20,2015,12,,,,,,,,,10.5772/61087,http://dx.doi.org/10.5772/61087,,,,,,,,,,,,,WOS:000359998800001,View Full Record in Web of Science
J,"He, R; Brunskill, E; Roy, N",,,,"He, Ruijie; Brunskill, Emma; Roy, Nicholas",,,Efficient Planning under Uncertainty with Macro-actions,JOURNAL OF ARTIFICIAL INTELLIGENCE RESEARCH,,,,,,,,,,,,,,,,,,"Brunskill, Emma/0000-0002-3971-7127",,,,,,,,,,,,,1076-9757,1943-5037,,,,,2011,40,,,,,,523,570,,10.1613/jair.3171,http://dx.doi.org/10.1613/jair.3171,,,,,,,,,,,,,WOS:000287819800004,View Full Record in Web of Science
C,"Jentzsch, S; Gaschler, A; Khatib, O; Knoll, A",,,IEEE,"Jentzsch, Soeren; Gaschler, Andre; Khatib, Oussama; Knoll, Alois",,,MOPL: A Multi-Modal Path Planner for Generic Manipulation Tasks,2015 IEEE/RSJ INTERNATIONAL CONFERENCE ON INTELLIGENT ROBOTS AND SYSTEMS (IROS),IEEE International Conference on Intelligent Robots and Systems,,,,IEEE/RSJ International Conference on Intelligent Robots and Systems (IROS),"SEP 28-OCT 02, 2015","Hamburg, GERMANY","IEEE,RSJ,Univ Hamburg,DFG,RA,New Technol Fdn,SICE,KUKA,DJI,Rethink Robot,BOSCH,Chinese Acad Sci, SIAT,Boozhong,Adept,Automatica,HIT,Ascending Technol,OPTOFORCE,DST Robot,BA Syst,Rainbow Robot,SIA,CLEARPATH Robot,Swiss Natl Ctr Competence Res Robot,SINEVA,Dyson,SICK,Robocept,Force Dimension,Open Unit Robot,Luoyang Natl Univ Sci Park,Fuzhou Univ,Synapticon,Google,Technishce Univ Munchen,iRobot,Echord++,Khalifa Univ,Pan Robot,FESTO,Kinova Robot,SCHUNK,ies",,,,,,,,,"Knoll, Alois/AAN-8417-2021","Knoll, Alois/0000-0003-4840-076X",,,,,,,,,,,,,2153-0858,,978-1-4799-9994-1,,,,2015,,,,,,,6208,6214,,,,,,,,,,,,,,,,WOS:000371885406050,View Full Record in Web of Science
J,"Ge, YG; Zhang, SL; Cai, YH; Lu, T; Wang, HT; Hui, XL; Wang, S",,,,"Ge, Yueguang; Zhang, Shaolin; Cai, Yinghao; Lu, Tao; Wang, Haitao; Hui, Xiaolong; Wang, Shuo",,,Ontology based autonomous robot task processing framework,FRONTIERS IN NEUROROBOTICS,,,,,,,,,,,,,,,,,"Ge, Yueguang/KPB-7368-2024",,,,,,,,,,,,,,1662-5218,,,,,MAY 7,2024,18,,,,,,,,1401075,10.3389/fnbot.2024.1401075,http://dx.doi.org/10.3389/fnbot.2024.1401075,,,,,,,,38774519,,,,,WOS:001227545200001,View Full Record in Web of Science
C,"Agarwal, A; Muelling, K; Fragkiadaki, K",,,AAAI,"Agarwal, Arpit; Muelling, Katharina; Fragkiadaki, Katerina",,,Model Learning for Look-Ahead Exploration in Continuous Control,THIRTY-THIRD AAAI CONFERENCE ON ARTIFICIAL INTELLIGENCE / THIRTY-FIRST INNOVATIVE APPLICATIONS OF ARTIFICIAL INTELLIGENCE CONFERENCE / NINTH AAAI SYMPOSIUM ON EDUCATIONAL ADVANCES IN ARTIFICIAL INTELLIGENCE,AAAI Conference on Artificial Intelligence,,,,33rd AAAI Conference on Artificial Intelligence / 31st Innovative Applications of Artificial Intelligence Conference / 9th AAAI Symposium on Educational Advances in Artificial Intelligence,"JAN 27-FEB 01, 2019","Honolulu, HI",Assoc Advancement Artificial Intelligence,,,,,,,,,,,,,,,,,,,,,,,2159-5399,2374-3468,978-1-57735-809-1,,,,2019,,,,,,,3151,3158,,,,,,,,,,,,,,,,WOS:000485292603021,View Full Record in Web of Science
J,"Yan, JY; Luo, B; Xu, XD",,,,"Yan, Jiangyue; Luo, Biao; Xu, Xiaodong",,,Hierarchical reinforcement learning for handling sparse rewards in multi-goal navigation,ARTIFICIAL INTELLIGENCE REVIEW,,,,,,,,,,,,,,,,,,,,,,,,,,,,,,,0269-2821,1573-7462,,,,MAY 28,2024,57,6,,,,,,,156,10.1007/s10462-024-10794-3,http://dx.doi.org/10.1007/s10462-024-10794-3,,,,,,,,,,,,,WOS:001233960000001,View Full Record in Web of Science
J,"Paolillo, A; Gergondet, P; Cherubini, A; Vendittelli, M; Kheddar, A",,,,"Paolillo, Antonio; Gergondet, Pierre; Cherubini, Andrea; Vendittelli, Marilena; Kheddar, Abderrahmane",,,Autonomous car driving by a humanoid robot,JOURNAL OF FIELD ROBOTICS,,,,,,,,,,,,,,,,,"Vendittelli, Marilena/F-3921-2011; Kheddar, Abderrahmane/N-5550-2015","VENDITTELLI, Marilena/0000-0002-5348-0525; Paolillo, Antonio/0000-0001-5483-1254; Kheddar, Abderrahmane/0000-0001-9033-9742; Cherubini, Andrea/0000-0002-7272-6922",,,,,,,,,,,,,1556-4959,1556-4967,,,,MAR,2018,35,2,,,,,169,186,,10.1002/rob.21731,http://dx.doi.org/10.1002/rob.21731,,,,,,,,,,,,,WOS:000424259400001,View Full Record in Web of Science
C,"Liang, YC; Kurniawati, H",,,IEEE,"Liang, Yuanchu; Kurniawati, Hanna",,,Recurrent Macro Actions Generator for POMDP Planning,"2023 IEEE/RSJ INTERNATIONAL CONFERENCE ON INTELLIGENT ROBOTS AND SYSTEMS, IROS",IEEE International Conference on Intelligent Robots and Systems,,,,IEEE/RSJ International Conference on Intelligent Robots and Systems (IROS),"OCT 01-05, 2023","Detroit, MI","IEEE,RSJ",,,,,,,,,,,,,,,,,,,,,,,2153-0858,,978-1-6654-9190-7,,,,2023,,,,,,,2026,2033,,10.1109/IROS55552.2023.10341759,http://dx.doi.org/10.1109/IROS55552.2023.10341759,,,,,,,,,,,,,WOS:001133658801074,View Full Record in Web of Science
C,"Gräve, K; Behnke, S",,"Amato, N",,"Graeve, Kathrin; Behnke, Sven",,,Learning Sequential Tasks Interactively from Demonstrations and Own Experience,2013 IEEE/RSJ INTERNATIONAL CONFERENCE ON INTELLIGENT ROBOTS AND SYSTEMS (IROS),IEEE International Conference on Intelligent Robots and Systems,,,,IEEE/RSJ International Conference on Intelligent Robots and Systems (IROS),"NOV 03-08, 2013","Tokyo, JAPAN","IEEE,IEEE Robot & Automat Soc,IEEE Ind Elect Soc,Robot Soc Japan,New Technol Fdn,Soc Instrument & Control Engineers,Kawada Robot,Reflexxes GmbH,Telecommunicat Advancement Fdn,Tateisi Sci & Technol Fdn",,,,,,,,,"Behnke, Sven/B-5509-2013","Behnke, Sven/0000-0002-5040-7525",,,,,,,,,,,,,2153-0858,,978-1-4673-6358-7,,,,2013,,,,,,,3237,3243,,,,,,,,,,,,,,,,WOS:000331367403045,View Full Record in Web of Science
C,"Goo, W; Niekum, S",,"Howard, A; Althoefer, K; Arai, F; Arrichiello, F; Caputo, B; Castellanos, J; Hauser, K; Isler, V; Kim, J; Liu, H; Oh, P; Santos, V; Scaramuzza, D; Ude, A; Voyles, R; Yamane, K; Okamura, A",IEEE,"Goo, Wonjoon; Niekum, Scott",,,One-Shot Learning of Multi-Step Tasks from Observation via Activity Localization in Auxiliary Video,2019 INTERNATIONAL CONFERENCE ON ROBOTICS AND AUTOMATION (ICRA),IEEE International Conference on Robotics and Automation ICRA,,,,IEEE International Conference on Robotics and Automation (ICRA),"MAY 20-24, 2019","Montreal, CANADA","Bosch,DJI,Kinova,Mercedes Benz,Samsung,Argo AI,Clearpath Robot,Element AI,Fetch Robot,Huawei,iRobot,KUKA,Quanser,SICK,Toyota Res Inst,Uber,Waymo,Zhejiang Lab,Amazon,Applanix,Cloudminds,Honda Res Inst,MathWorks,Ouster",,,,,,,,,,,,,,,,,,,,,,,1050-4729,2577-087X,978-1-5386-6026-3,,,,2019,,,,,,,7791,7797,,10.1109/icra.2019.8793515,http://dx.doi.org/10.1109/icra.2019.8793515,,,,,,,,,,,,,WOS:000494942305100,View Full Record in Web of Science
J,"Agudo, A; Lepetit, V; Moreno-Noguer, F",,,,"Agudo, Antonio; Lepetit, Vincent; Moreno-Noguer, Francesc",,,Simultaneous completion and spatiotemporal grouping of corrupted motion tracks,VISUAL COMPUTER,,,,,,,,,,,,,,,,,"Agudo, Antonio/C-5147-2017","Agudo, Antonio/0000-0001-6845-4998",,,,,,,,,,,,,0178-2789,1432-2315,,,,NOV,2022,38,11,,,,,3937,3952,,10.1007/s00371-021-02238-8,http://dx.doi.org/10.1007/s00371-021-02238-8,,JUL 2021,,,,,,,,,,,WOS:000674546600002,View Full Record in Web of Science
J,"Sutton, RS; Precup, D; Singh, S",,,,"Sutton, RS; Precup, D; Singh, S",,,Between MDPs and semi-MDPs: A framework for temporal abstraction in reinforcement learning,ARTIFICIAL INTELLIGENCE,,,,,,,,,,,,,,,,,,,,,,,,,,,,,,,0004-3702,1872-7921,,,,AUG,1999,112,1-2,,,,,181,211,,10.1016/S0004-3702(99)00052-1,http://dx.doi.org/10.1016/S0004-3702(99)00052-1,,,,,,,,,,,,,WOS:000083115200005,View Full Record in Web of Science
J,"Zhang, HK; Huang, YY; Han, W; Chen, HB; Xiong, D; Zhang, CF; Medeiros, EP; de Albuquerque, VHC",,,,"Zhang, Haoke; Huang, Yiyong; Han, Wei; Chen, Hongbo; Xiong, Dan; Zhang, Chuanfu; Medeiros, Elias Paulino; de Albuquerque, Victor Hugo C.",,,A novel teacher-student hierarchical approach for learning primitive information,EXPERT SYSTEMS WITH APPLICATIONS,,,,,,,,,,,,,,,,,"Han, Wei/L-7391-2016; de Albuquerque, Victor/C-3677-2016","Paulino Medeiros, Elias/0000-0003-4619-0746",,,,,,,,,,,,,0957-4174,1873-6793,,,,JUL 15,2024,246,,,,,,,,123129,10.1016/j.eswa.2023.123129,http://dx.doi.org/10.1016/j.eswa.2023.123129,,JAN 2024,,,,,,,,,,,WOS:001164169600001,View Full Record in Web of Science
J,"Lin, JL; Hwang, KS; Shi, HB; Pan, W",,,,"Lin, Jin-Ling; Hwang, Kao-Shing; Shi, Haobin; Pan, Wei",,,An ensemble method for inverse reinforcement learning,INFORMATION SCIENCES,,,,,,,,,,,,,,,,,"Hwang, Kao-Shing/AAD-2644-2020","Jiang, Wei-Cheng/0000-0003-4432-8801; Shi, Haobin/0000-0003-2180-8941",,,,,,,,,,,,,0020-0255,1872-6291,,,,FEB,2020,512,,,,,,518,532,,10.1016/j.ins.2019.09.066,http://dx.doi.org/10.1016/j.ins.2019.09.066,,,,,,,,,,,,,WOS:000504778300034,View Full Record in Web of Science
J,"Setyawan, GE; Hartono, P; Sawada, H",,,,"Setyawan, Gembong Edhi; Hartono, Pitoyo; Sawada, Hideyuki",,,Cooperative Multi-Robot Hierarchical Reinforcement Learning,INTERNATIONAL JOURNAL OF ADVANCED COMPUTER SCIENCE AND APPLICATIONS,,,,,,,,,,,,,,,,,"Setyawan, Gembong Edhi/AAU-8284-2020; Sawada, Hideyuki/GRJ-3785-2022",,,,,,,,,,,,,,2158-107X,2156-5570,,,,SEP,2022,13,9,,,,,35,44,,,,,,,,,,,,,,,,WOS:000874044800001,View Full Record in Web of Science
J,"Zhang, TL; Liu, Z; Pu, ZQ; Yi, JQ; Liang, YY; Zhang, D",,,,"Zhang, Tianle; Liu, Zhen; Pu, Zhiqiang; Yi, Jianqiang; Liang, Yanyan; Zhang, Du",,,Robot Subgoal-guided Navigation in Dynamic Crowded Environments with Hierarchical Deep Reinforcement Learning,INTERNATIONAL JOURNAL OF CONTROL AUTOMATION AND SYSTEMS,,,,,,,,,,,,,,,,,"Liang, Yanyan/ACD-0082-2022; Zhang, Tianle/V-8753-2019; Liang, Yanyan/C-4132-2014","pu, zhi qiang/0000-0002-4841-4048; Liang, Yanyan/0000-0002-5780-8540; liu, zhen/0000-0003-1610-2338",,,,,,,,,,,,,1598-6446,2005-4092,,,,JUL,2023,21,7,,,,,2350,2362,,10.1007/s12555-022-0171-z,http://dx.doi.org/10.1007/s12555-022-0171-z,,MAY 2023,,,,,,,,,,,WOS:000982815800004,View Full Record in Web of Science
S,"Kemke, C",,"Shi, ZZ; Sadananda, R",,"Kemke, Christel",,,Natural language communication between human and artificial agents,AGENT COMPUTING AND MULTI-AGENT SYSTEMS,Lecture Notes in Artificial Intelligence,,,,9th Pacific Rim International Workshop on Multi-Agents,"AUG 07-08, 2006","Guilin, PEOPLES R CHINA",,,,,,,,,,,,,,,,,,,,,,,,0302-9743,,3-540-36707-1,,,,2006,4088,,,,,,84,93,,,,,,,,,,,,,,,,WOS:000239626100011,View Full Record in Web of Science
C,"Mavrogiannis, A; Mavrogiannis, C; Aloimonos, Y",,,IEEE,"Mavrogiannis, Angelos; Mavrogiannis, Christoforos; Aloimonos, Yiannis",,,Cook2LTL: Translating Cooking Recipes to LTL Formulae using Large Language Models,2024 IEEE INTERNATIONAL CONFERENCE ON ROBOTICS AND AUTOMATION (ICRA 2024),IEEE International Conference on Robotics and Automation ICRA,,,,IEEE International Conference on Robotics and Automation (ICRA),"MAY 13-17, 2024","Yokohama, JAPAN","IEEE,IEEE Robot & Automat Soc",,,,,,,,,"Mavrogiannis, Christoforos/B-2726-2016","Mavrogiannis, Christoforos/0000-0003-4476-1920",,,,,,,,,,,,,1050-4729,2577-087X,979-8-3503-8458-1; 979-8-3503-8457-4,,,,2024,,,,,,,17679,17686,,10.1109/ICRA57147.2024.10611086,http://dx.doi.org/10.1109/ICRA57147.2024.10611086,,,,,,,,,,,,,WOS:001369728006064,View Full Record in Web of Science
J,"Kuipers, BJ; Beeson, P; Modayil, J; Provost, J",,,,"Kuipers, Benjamin J.; Beeson, Patrick; Modayil, Joseph; Provost, Jefferson",,,Bootstrap learning of foundational representations,CONNECTION SCIENCE,,,,,,,,,,,,,,,,,,,,,,,,,,,,,,,0954-0091,1360-0494,,,,JUN,2006,18,2,,,,,145,158,,10.1080/09540090600768484,http://dx.doi.org/10.1080/09540090600768484,,,,,,,,,,,,,WOS:000239500800004,View Full Record in Web of Science
J,"Zhu, LA; Cheng, JY; Zhang, H; Zhang, W; Liu, YH",,,,"Zhu, Lina; Cheng, Jiyu; Zhang, Hao; Zhang, Wei; Liu, Yuehu",,,Multi-Robot Environmental Coverage With a Two-Stage Coordination Strategy via Deep Reinforcement Learning,IEEE TRANSACTIONS ON INTELLIGENT TRANSPORTATION SYSTEMS,,,,,,,,,,,,,,,,,,"Zhu, Lina/0000-0002-4522-7976",,,,,,,,,,,,,1524-9050,1558-0016,,,,JUN,2024,25,6,,,,,5022,5033,,10.1109/TITS.2023.3333409,http://dx.doi.org/10.1109/TITS.2023.3333409,,JAN 2024,,,,,,,,,,,WOS:001137404800001,View Full Record in Web of Science
C,"Bihlmaier, A; Schreiter, L; Raczkowsky, J; Wörn, H",,"Menegatti, E; Michael, N; Berns, K; Yamaguchi, H",,"Bihlmaier, Andreas; Schreiter, Luzie; Raczkowsky, Joerg; Woern, Heinz",,,Hierarchical Task Networks as Domain-Specific Language for Planning Surgical Interventions,INTELLIGENT AUTONOMOUS SYSTEMS 13,Advances in Intelligent Systems and Computing,,,,13th International Conference on Intelligent Autonomous Systems (IAS),"JUL 15-18, 2014","Centro Congressi Padova, Padova, ITALY",Univ Padova,Centro Congressi Padova,,,,,,,,,,,,,,,,,,,,,,2194-5357,2194-5365,978-3-319-08338-4; 978-3-319-08337-7,,,,2016,302,,,,,,1095,1105,,10.1007/978-3-319-08338-4_79,http://dx.doi.org/10.1007/978-3-319-08338-4_79,,,,,,,,,,,,,WOS:000377956900079,View Full Record in Web of Science
C,"Pertsch, K; Lee, Y; Wu, Y; Lim, JJ",,"Faust, A; Hsu, D; Neumann, G",,"Pertsch, Karl; Lee, Youngwoon; Wu, Yue; Lim, Joseph J.",,,Demonstration-Guided Reinforcement Learning with Learned Skills,"CONFERENCE ON ROBOT LEARNING, VOL 164",Proceedings of Machine Learning Research,,,,5th Conference on Robot Learning (CoRL),"NOV 08-11, 2021","London, ENGLAND",,,,,,,,,,,,,,,,,,,,,,,,2640-3498,,,,,,2021,164,,,,,,729,739,,,,,,,,,,,,,,,,WOS:001234872300066,View Full Record in Web of Science
J,"Zhou, XM; Bai, T; Gao, YB; Han, YT",,,,"Zhou, Xiaomao; Bai, Tao; Gao, Yanbin; Han, Yuntao",,,Vision-Based Robot Navigation through Combining Unsupervised Learning and Hierarchical Reinforcement Learning,SENSORS,,,,,,,,,,,,,,,,,,,,,,,,,,,,,,,,1424-8220,,,,APR 1,2019,19,7,,,,,,,1576,10.3390/s19071576,http://dx.doi.org/10.3390/s19071576,,,,,,,,30939807,,,,,WOS:000465570700095,View Full Record in Web of Science
J,"Ghavamzadeh, M; Mahadevan, S; Makar, R",,,,"Ghavamzadeh, Mohammad; Mahadevan, Sridhar; Makar, Rajbala",,,Hierarchical multi-agent reinforcement learning,AUTONOMOUS AGENTS AND MULTI-AGENT SYSTEMS,,,,,,,,,,,,,,,,,,,,,,,,,,,,,,,1387-2532,1573-7454,,,,SEP,2006,13,2,,,,,197,229,,10.1007/s10458-006-7035-4,http://dx.doi.org/10.1007/s10458-006-7035-4,,,,,,,,,,,,,WOS:000239103300003,View Full Record in Web of Science
J,"Agudo, A; Moreno-Noguer, F",,,,"Agudo, Antonio; Moreno-Noguer, Francesc",,,Robust Spatio-Temporal Clustering and Reconstruction of Multiple Deformable Bodies,IEEE TRANSACTIONS ON PATTERN ANALYSIS AND MACHINE INTELLIGENCE,,,,,,,,,,,,,,,,,"Agudo, Antonio/C-5147-2017","Agudo, Antonio/0000-0001-6845-4998",,,,,,,,,,,,,0162-8828,1939-3539,,,,APR,2019,41,4,,,,,971,984,,10.1109/TPAMI.2018.2823717,http://dx.doi.org/10.1109/TPAMI.2018.2823717,,,,,,,,29993925,,,,,WOS:000460583500014,View Full Record in Web of Science
J,"López, J; Pérez, D; Zalama, E",,,,"Lopez, Joaquin; Perez, Diego; Zalama, Eduardo",,,A framework for building mobile single and multi-robot applications,ROBOTICS AND AUTONOMOUS SYSTEMS,,,,,,,,,,,,,,,,,"Fernandez, Joaquin/L-1609-2014; Perez Losada, Diego/L-4257-2014; Zalama, Eduardo/K-9332-2014","Perez Losada, Diego/0000-0003-1249-4039; lopez, joaquin/0000-0001-9151-4346; Zalama, Eduardo/0000-0001-7283-5574",,,,,,,,,,,,,0921-8890,1872-793X,,,,MAR-APR,2011,59,3-4,,,,,151,162,,10.1016/j.robot.2011.01.004,http://dx.doi.org/10.1016/j.robot.2011.01.004,,,,,,,,,,,,,WOS:000288844200001,View Full Record in Web of Science
J,"Zeng, A; Song, SR; Yu, KT; Donlon, E; Hogan, FR; Bauza, M; Ma, DL; Taylor, O; Liu, M; Romo, E; Fazeli, N; Alet, F; Dafle, NC; Holladay, R; Morona, I; Nair, PQ; Green, D; Taylor, I; Liu, W; Funkhouser, T; Rodriguez, A",,,,"Zeng, Andy; Song, Shuran; Yu, Kuan-Ting; Donlon, Elliott; Hogan, Francois R.; Bauza, Maria; Ma, Daolin; Taylor, Orion; Liu, Melody; Romo, Eudald; Fazeli, Nima; Alet, Ferran; Dafle, Nikhil Chavan; Holladay, Rachel; Morona, Isabella; Nair, Prem Qu; Green, Druck; Taylor, Ian; Liu, Weber; Funkhouser, Thomas; Rodriguez, Alberto",,,Robotic pick-and-place of novel objects in clutter with multi-affordance grasping and cross-domain image matching,INTERNATIONAL JOURNAL OF ROBOTICS RESEARCH,,,,,,,,,,,,,,,,,"Ma, Daolin/AAP-4789-2020","Ma, Daolin/0000-0003-0720-8608; Holladay, Rachel/0000-0002-1947-4180; Zeng, Andy/0000-0002-4319-2159; Taylor, Ian/0000-0002-0102-5993",,,,,,,,,,,,,0278-3649,1741-3176,,,,JUN,2022,41,7,,,,,690,705,278364919868017,10.1177/0278364919868017,http://dx.doi.org/10.1177/0278364919868017,,AUG 2019,,,,,,,,,,,WOS:000479794500001,View Full Record in Web of Science
J,"ERDMANN, M",,,,"ERDMANN, M",,,RANDOMIZATION FOR ROBOT TASKS - USING DYNAMIC-PROGRAMMING IN THE SPACE OF KNOWLEDGE STATES,ALGORITHMICA,,,,,,,,,,,,,,,,,,,,,,,,,,,,,,,0178-4617,1432-0541,,,,AUG-OCT,1993,10,2-4,,,,,248,291,,10.1007/BF01891842,http://dx.doi.org/10.1007/BF01891842,,,,,,,,,,,,,WOS:A1993LM78600008,View Full Record in Web of Science
C,"Omrcen, D; Ude, A; Kos, A",,,IEEE,"Omrcen, Damir; Ude, Ales; Kos, Andrej",,,Learning Primitive Actions through Object Exploration,2008 8TH IEEE-RAS INTERNATIONAL CONFERENCE ON HUMANOID ROBOTS (HUMANOIDS 2008),IEEE-RAS International Conference on Humanoid Robots,,,,8th IEEE/RAS International Conference on Humanoid Robots,"DEC 01-03, 2008","Daejeon, SOUTH KOREA","IEEE,RAS",,,,,,,,,"Ude, Aleš/ABB-7839-2020",,,,,,,,,,,,,,2164-0572,,978-1-4244-2821-2,,,,2008,,,,,,,368,373,,,,,,,,,,,,,,,,WOS:000267052300056,View Full Record in Web of Science
J,"Arie, H; Arakaki, T; Sugano, S; Tani, J",,,,"Arie, Hiroaki; Arakaki, Takafumi; Sugano, Shigeki; Tani, Jun",,,Imitating others by composition of primitive actions: A neuro-dynamic model,ROBOTICS AND AUTONOMOUS SYSTEMS,,,,,,,,,,,,,,,,,"Tani, Jun/AAI-8287-2020","Sugano, Shigeki/0000-0002-9331-2446",,,,,,,,,,,,,0921-8890,1872-793X,,,,MAY,2012,60,5,,,SI,,729,741,,10.1016/j.robot.2011.11.005,http://dx.doi.org/10.1016/j.robot.2011.11.005,,,,,,,,,,,,,WOS:000303082300010,View Full Record in Web of Science
C,"Li, W; Zhang, XH; Cheng, HT",,,IEEE,"Li, Wei; Zhang, Xiaohua; Cheng, Hongtai",,,Primitive Action Segmentation and Encoding during Gesture based Demonstration,"2019 9TH IEEE ANNUAL INTERNATIONAL CONFERENCE ON CYBER TECHNOLOGY IN AUTOMATION, CONTROL, AND INTELLIGENT SYSTEMS (IEEE-CYBER 2019)",IEEE Annual International Conference on Cyber Technology in Automation Control and Intelligent Systems,,,,"9th IEEE Annual International Conference on Cyber Technology in Automation, Control, and Intelligent Systems (IEEE-CYBER)","JUL 29-AUG 02, 2019","Suzhou, PEOPLES R CHINA","IEEE,RA",,,,,,,,,"Zhang, Xiaohua/D-5348-2012",,,,,,,,,,,,,,2379-7711,,978-1-7281-0770-7,,,,2019,,,,,,,1552,1557,,,,,,,,,,,,,,,,WOS:000569550300272,View Full Record in Web of Science
J,"Jeon, J; Jung, HR; Yumbla, F; Luong, TA; Moon, H",,,,"Jeon, Jeongmin; Jung, Hong-ryul; Yumbla, Francisco; Luong, Tuan Anh; Moon, Hyungpil",,,Primitive Action Based Combined Task and Motion Planning for the Service Robot,FRONTIERS IN ROBOTICS AND AI,,,,,,,,,,,,,,,,,"luong, tuan/LJM-1983-2024; Yumbla, Francisco/V-6602-2018","Jeon, Jeongmin/0000-0001-5567-7447; Yumbla, Francisco/0000-0003-4220-010X",,,,,,,,,,,,,2296-9144,,,,,FEB 10,2022,9,,,,,,,,713470,10.3389/frobt.2022.713470,http://dx.doi.org/10.3389/frobt.2022.713470,,,,,,,,35224001,,,,,WOS:000761061500001,View Full Record in Web of Science
J,"Nah, MC; Krotov, A; Russo, M; Sternad, D; Hogan, N",,,,"Nah, Moses C.; Krotov, Aleksei; Russo, Marta; Sternad, Dagmar; Hogan, Neville",,,Learning to manipulate a whip with simple primitive actions - A simulation study,ISCIENCE,,,,,,,,,,,,,,,,,"Sternad, Dagmar/D-8341-2013; Krotov, Aleksei/JCO-6041-2023; Russo, Marta/K-3674-2018","Russo, Marta/0000-0003-1020-7542; Krotov, Aleksei/0000-0002-9451-1711; Nah, Moses/0000-0002-9658-9678",,,,,,,,,,,,,,2589-0042,,,,AUG 18,2023,26,8,,,,,,,107395,10.1016/j.isci.2023.107395,http://dx.doi.org/10.1016/j.isci.2023.107395,,JUL 2023,,,,,,37554449,,,,,WOS:001056407200001,View Full Record in Web of Science
C,"Grigore, EC; Scassellati, B",,"Amato, N; Srinivasa, S; Ayanian, N; Kuindersma, S",,"Grigore, Elena Corina; Scassellati, Brian",,,Discovering Action Primitive Granularity from Human Motion for Human-Robot Collaboration,ROBOTICS: SCIENCE AND SYSTEMS XIII,,,,,13th Conference on Robotics - Science and Systems,"JUL 12-16, 2017","Massachusetts Inst Technol, Cambridge, MA",,Massachusetts Inst Technol,,,,,,,,,"Scassellati, Brian/0000-0002-7671-7759",,,,,,,,,,,,,,,978-0-9923747-3-0,,,,2017,,,,,,,,,,,,,,,,,,,,,,,,WOS:000570976600065,View Full Record in Web of Science
J,"Lin, N; Li, YX; Tang, KK; Zhu, YJ; Zhang, XY; Wang, RL; Ji, JM; Chen, XP; Zhang, XM",,,,"Lin, Nan; Li, Yuxuan; Tang, Keke; Zhu, Yujun; Zhang, Xiayu; Wang, Ruolin; Ji, Jianmin; Chen, Xiaoping; Zhang, Xinming",,,Manipulation Planning From Demonstration Via Goal-Conditioned Prior Action Primitive Decomposition and Alignment,IEEE ROBOTICS AND AUTOMATION LETTERS,,,,,,,,,,,,,,,,,"Zhu, Yu/O-6933-2014; Tang, Keke/JPX-2411-2023; Ji, Jianmin/GZM-4863-2022; Li, Yuxuan/GWC-8159-2022; Zhang, Xinming/H-6389-2019","Zhang, Xinming/0000-0002-8136-6834; Ji, Jianmin/0000-0002-1515-0402; Lin, Nan/0000-0002-5270-4371; Tang, Keke/0000-0003-0377-1022",,,,,,,,,,,,,2377-3766,,,,,APR,2022,7,2,,,,,1387,1394,,10.1109/LRA.2021.3140127,http://dx.doi.org/10.1109/LRA.2021.3140127,,,,,,,,,,,,,WOS:000742180000014,View Full Record in Web of Science
J,"Wang, H; Zhang, H; Li, L; Kan, Z; Song, YD",,,,"Wang, Hao; Zhang, Hao; Li, Lin; Kan, Zhen; Song, Yongduan",,,Task-Driven Reinforcement Learning With Action Primitives for Long-Horizon Manipulation Skills,IEEE TRANSACTIONS ON CYBERNETICS,,,,,,,,,,,,,,,,,"Song, Yongduan/AAI-7645-2021; Zhang, Hao/LBH-2052-2024","Zhang, Hao/0000-0002-1669-6984; Wang, Hao/0009-0001-3132-2809; Zhao, kai/0000-0003-0656-1901",,,,,,,,,,,,,2168-2267,2168-2275,,,,AUG,2024,54,8,,,,,4513,4526,,10.1109/TCYB.2023.3298195,http://dx.doi.org/10.1109/TCYB.2023.3298195,,AUG 2023,,,,,,37566505,,,,,WOS:001051286100001,View Full Record in Web of Science
J,"Nagatani, K; Yuta, S",,,,"Nagatani, K; Yuta, S",,,Door-opening behavior of an autonomous mobile manipulator by sequence of action primitives,JOURNAL OF ROBOTIC SYSTEMS,,,,,2nd World Automation Congress (WAC 96),"MAY 27-30, 1996","MONTPELLIER, FRANCE",,,,,,,,,,,,,,,,,,,,,,,,0741-2223,,,,,NOV,1996,13,11,,,,,709,721,,,,,,,,,,,,,,,,WOS:A1996VL83200004,View Full Record in Web of Science
C,"Nagatani, K; Tanaka, Y",,,IEEE; IEEE,"Nagatani, K; Tanaka, Y",,,Motion design for autonomous mobile manipulator based on programming style action primitive,"IECON 2000: 26TH ANNUAL CONFERENCE OF THE IEEE INDUSTRIAL ELECTRONICS SOCIETY, VOLS 1-4: 21ST CENTURY TECHNOLOGIES AND INDUSTRIAL OPPORTUNITIES",IEEE Industrial Electronics Society,,,,26th Annual Conference of the IEEE-Industrial-Electronics-Society,"OCT 22-28, 2000","NAGOYA, JAPAN",IEEE Ind Electr Soc,,,,,,,,,,,,,,,,,,,,,,,1553-572X,,0-7803-6456-2,,,,2000,,,,,,,399,404,,,,,,,,,,,,,,,,WOS:000176916400067,View Full Record in Web of Science
C,"Gizzi, E; Castro, MG; Sinapov, J",,,IEEE,"Gizzi, Evana; Castro, Mateo Guaman; Sinapov, Jivko",,,Creative Problem Solving by Robots Using Action Primitive Discovery,2019 JOINT IEEE 9TH INTERNATIONAL CONFERENCE ON DEVELOPMENT AND LEARNING AND EPIGENETIC ROBOTICS (ICDL-EPIROB),Joint IEEE International Conference on Development and Learning and Epigenetic Robotics ICDL-EpiRob,,,,9th Joint IEEE International Conference on Development and Learning and Epigenetic Robotics (ICDL-EpiRob),"AUG 19-22, 2019","Oslo, NORWAY","IEEE,Res Council Norway,Halodi Robot,IEEE Computat Intelligence Soc,Univ Oslo",,,,,,,,,,,,,,,,,,,,,,,2161-9484,,978-1-5386-8128-2,,,,2019,,,,,,,228,233,,10.1109/devlrn.2019.8850711,http://dx.doi.org/10.1109/devlrn.2019.8850711,,,,,,,,,,,,,WOS:000564518200034,View Full Record in Web of Science
J,"Wang, XY; Fathaliyan, AH; Santos, VJ",,,,"Wang, Xiaoyu; Fathaliyan, Alireza Haji; Santos, Veronica J.",,,Toward Shared Autonomy Control Schemes for Human-Robot Systems: Action Primitive Recognition Using Eye Gaze Features,FRONTIERS IN NEUROROBOTICS,,,,,,,,,,,,,,,,,"wang, xiaoyu/HPC-8351-2023","Wang, Xiaoyu/0000-0001-6451-0067",,,,,,,,,,,,,1662-5218,,,,,OCT 15,2020,14,,,,,,,,567571,10.3389/fnbot.2020.567571,http://dx.doi.org/10.3389/fnbot.2020.567571,,,,,,,,33178006,,,,,WOS:000584792400001,View Full Record in Web of Science
J,"Wu, Y; Su, YY; Demiris, Y",,,,"Wu, Yan; Su, Yanyu; Demiris, Yiannis",,,A morphable template framework for robot learning by demonstration: Integrating one-shot and incremental learning approaches,ROBOTICS AND AUTONOMOUS SYSTEMS,,,,,,,,,,,,,,,,,"Yan, Wu/JYO-9522-2024; Demiris, Yiannis/AAF-3917-2019","Demiris, Yiannis/0000-0003-4917-3343; Wu, Yan/0000-0002-4644-0664",,,,,,,,,,,,,0921-8890,1872-793X,,,,OCT,2014,62,10,,,,,1517,1530,,10.1016/j.robot.2014.05.010,http://dx.doi.org/10.1016/j.robot.2014.05.010,,,,,,,,,,,,,WOS:000341464300015,View Full Record in Web of Science
J,"Wang, XY; Santos, VJ",,,,"Wang, Xiaoyu; Santos, Veronica J.",,,Gaze-Based Shared Autonomy Framework With Real-Time Action Primitive Recognition for Robot Manipulators,IEEE TRANSACTIONS ON NEURAL SYSTEMS AND REHABILITATION ENGINEERING,,,,,,,,,,,,,,,,,"wang, xiaoyu/HPC-8351-2023","Wang, Xiaoyu/0000-0001-6451-0067",,,,,,,,,,,,,1534-4320,1558-0210,,,,,2023,31,,,,,,4306,4317,,10.1109/TNSRE.2023.3328888,http://dx.doi.org/10.1109/TNSRE.2023.3328888,,,,,,,,37906485,,,,,WOS:001098745800003,View Full Record in Web of Science
C,"Brouwer, D; Citron, J; Choi, H; Lepert, M; Lin, M; Bohg, J; Cutkosky, M",,,IEEE,"Brouwer, Dane; Citron, Joshua; Choi, Hojung; Lepert, Marion; Lin, Michael; Bohg, Jeannette; Cutkosky, Mark",,,Tactile-Informed Action Primitives Mitigate Jamming in Dense Clutter,"2024 IEEE INTERNATIONAL CONFERENCE ON ROBOTICS AND AUTOMATION, ICRA 2024",IEEE International Conference on Robotics and Automation ICRA,,,,IEEE International Conference on Robotics and Automation (ICRA),"MAY 13-17, 2024","Yokohama, JAPAN","IEEE,IEEE Robot & Automat Soc",,,,,,,,,"Bohg, Jeannette/AAD-4010-2019","Bohg, Jeannette/0000-0002-4921-7193",,,,,,,,,,,,,1050-4729,2577-087X,979-8-3503-8458-1; 979-8-3503-8457-4,,,,2024,,,,,,,7991,7997,,10.1109/ICRA57147.2024.10610224,http://dx.doi.org/10.1109/ICRA57147.2024.10610224,,,,,,,,,,,,,WOS:001294576205123,View Full Record in Web of Science
J,"Vicente, IS; Kyrki, V; Kragic, D; Larsson, M",,,,"Vicente, Isabel Serrano; Kyrki, Ville; Kragic, Danica; Larsson, Martin",,,Action recognition and understanding through motor primitives,ADVANCED ROBOTICS,,,,,,,,,,,,,,,,,"Kyrki, Ville/F-3034-2011","Kyrki, Ville/0000-0002-5230-5549",,,,,,,,,,,,,0169-1864,1568-5535,,,,NOV,2007,21,15,,,,,1687,1707,,10.1163/156855307782506156,http://dx.doi.org/10.1163/156855307782506156,,,,,,,,,,,,,WOS:000251176700002,View Full Record in Web of Science
C,"D'Orazio, T; Cicirelli, G; Distante, C",,"Casasent, DP",,"D'Orazio, T; Cicirelli, G; Distante, C",,,A vision-based approach for learning an elementary navigation behavior,"INTELLIGENT ROBOTS AND COMPUTER VISION XVII: ALGORITHMS, TECHNIQUES, AND ACTIVE VISION",PROCEEDINGS OF THE SOCIETY OF PHOTO-OPTICAL INSTRUMENTATION ENGINEERS (SPIE),,,,"Conference on Intelligent Robots and Computer Vision XVII - Algorithms, Techniques, and Active Vision","NOV 02-03, 1998","BOSTON, MA",SPIE Int Soc Opt Engn,,,,,,,,,"Cicirelli, Grazia/B-7699-2015; D'Orazio, Tiziana/H-5032-2019; Distante, Cosimo/M-7996-2013","Cicirelli, Grazia/0000-0003-1562-0467; Distante, Cosimo/0000-0002-1073-2390; DORAZIO, TIZIANARITA/0000-0003-1473-7110",,,,,,,,,,,,,0277-786X,,0-8194-2983-X,,,,1998,3522,,,,,,320,326,,10.1117/12.325778,http://dx.doi.org/10.1117/12.325778,,,,,,,,,,,,,WOS:000077140600033,View Full Record in Web of Science
C,"Aksoy, EE; Zhou, Y; Wächter, M; Asfour, T",,"Asfour, T; Billard, A; Harada, K; Kulic, D; Ude, A; Venture, G; Yamane, K; Yokoi, K; Yoshida, E",,"Aksoy, Eren Erdal; Zhou, You; Waechter, Mirko; Asfour, Tamim",,,Enriched Manipulation Action Semantics for Robot Execution of Time Constrained Tasks,2016 IEEE-RAS 16TH INTERNATIONAL CONFERENCE ON HUMANOID ROBOTS (HUMANOIDS),IEEE-RAS International Conference on Humanoid Robots,,,,16th IEEE-RAS International Conference on Humanoid Robots (Humanoids),"NOV 15-17, 2016","Mexican Assoc Comp Vis Robot & Neural Comp, Cancun, MEXICO","IEEE Robot & Automat Soc,Disney Res,ROBOTIS,INTEL,PAL,MACVNR,CONACYT,CINVESTAV",Mexican Assoc Comp Vis Robot & Neural Comp,,,,,,,,,"Asfour, Tamim/0000-0003-4879-7680",,,,,,,,,,,,,2164-0572,,978-1-5090-4718-5,,,,2016,,,,,,,109,116,,,,,,,,,,,,,,,,WOS:000403009300017,View Full Record in Web of Science
C,"Lea, C; Vidal, R; Hager, GD",,"Okamura, A; Menciassi, A; Ude, A; Burschka, D; Lee, D; Arrichiello, F; Liu, H; Moon, H; Neira, J; Sycara, K; Yokoi, K; Martinet, P; Oh, P; Valdastri, P; Krovi, V",,"Lea, Colin; Vidal, Rene; Hager, Gregory D.",,,Learning Convolutional Action Primitives for Fine-grained Action Recognition,2016 IEEE INTERNATIONAL CONFERENCE ON ROBOTICS AND AUTOMATION (ICRA),IEEE International Conference on Robotics and Automation ICRA,,,,IEEE International Conference on Robotics and Automation (ICRA),"MAY 16-21, 2016","Royal Inst Technol, Ctr Autonomous Syst, Stockholm, SWEDEN","IEEE,IEEE Robot & Automat Soc,ABB,DJI,KUKA,Husqvarna,iRobot,Khalifa Univ,Kinova Univ,MOOG,PAL Robot,UBER,Amazon","Royal Inst Technol, Ctr Autonomous Syst",,,,,,,,"Hager, Gregory/A-3222-2010",,,,,,,,,,,,,,1050-4729,2577-087X,978-1-4673-8026-3,,,,2016,,,,,,,1642,1649,,,,,,,,,,,,,,,,WOS:000389516201068,View Full Record in Web of Science
C,"Queisser, JF; Ishihara, H; Hammer, B; Steil, JJ; Asada, M",,,IEEE,"Queisser, Jeffrey Frederic; Ishihara, Hisashi; Hammer, Barbara; Steil, Jochen Jakob; Asada, Minoru",,,Skill Memories for Parameterized Dynamic Action Primitives on the Pneumatically Driven Humanoid Robot Child Affetto,2018 JOINT IEEE 8TH INTERNATIONAL CONFERENCE ON DEVELOPMENT AND LEARNING AND EPIGENETIC ROBOTICS (ICDL-EPIROB),Joint IEEE International Conference on Development and Learning and Epigenetic Robotics ICDL-EpiRob,,,,8th Joint IEEE International Conference on Development and Learning and Epigenetic Robotics (ICDL-EpiRob),"SEP 16-20, 2018","Tokyo, JAPAN",IEEE,,,,,,,,,"Hammer, Barbara/E-8624-2010","Queisser, Jeffrey/0000-0002-9725-6971; Hammer, Barbara/0000-0002-0935-5591",,,,,,,,,,,,,2161-9484,,978-1-5386-6110-9,,,,2018,,,,,,,39,45,,,,,,,,,,,,,,,,WOS:000492050700006,View Full Record in Web of Science
J,"Cui, Z; Kou, L; Chen, ZH; Bao, P; Qian, DH; Xie, L; Tang, Y",,,,"Cui, Ze; Kou, Lang; Chen, Zenghao; Bao, Peng; Qian, Donghai; Xie, Lang; Tang, Yue",,,Research on LFD System of Humanoid Dual-Arm Robot,SYMMETRY-BASEL,,,,,,,,,,,,,,,,,"chen, zenghao/KHV-4967-2024",,,,,,,,,,,,,,,2073-8994,,,,APR,2024,16,4,,,,,,,396,10.3390/sym16040396,http://dx.doi.org/10.3390/sym16040396,,,,,,,,,,,,,WOS:001210121400001,View Full Record in Web of Science
C,"Patel, M; Ek, CH; Kyriazis, N; Argyros, A; Miro, JV; Kragic, D",,,IEEE,"Patel, Mitesh; Ek, Carl Henrik; Kyriazis, Nikolaos; Argyros, Antonis; Miro, Jaime Valls; Kragic, Danica",,,Language for Learning Complex Human-Object Interactions,2013 IEEE INTERNATIONAL CONFERENCE ON ROBOTICS AND AUTOMATION (ICRA),IEEE International Conference on Robotics and Automation ICRA,,,,IEEE International Conference on Robotics and Automation (ICRA),"MAY 06-10, 2013","Karlsruhe, GERMANY",IEEE,,,,,,,,,"Miro, Jaime/G-2656-2017; Argyros, Antonis/GPK-4775-2022","Argyros, Antonis/0000-0001-8230-3192; Ek, Carl Henrik/0000-0003-1302-6309; Valls Miro, Jaime/0000-0002-0083-7797",,,,,,,,,,,,,1050-4729,2577-087X,978-1-4673-5641-1; 978-1-4673-5643-5,,,,2013,,,,,,,4997,5002,,,,,,,,,,,,,,,,WOS:000337617305003,View Full Record in Web of Science
C,"Son, D; Kim, M; Sim, J; Shin, W",,,IEEE,"Son, Dongwon; Kim, Myungsin; Sim, Jaecheol; Shin, Wonsik",,,Reinforcement Learning for Vision-based Object Manipulation with Non-parametric Policy and Action Primitives,2021 IEEE/RSJ INTERNATIONAL CONFERENCE ON INTELLIGENT ROBOTS AND SYSTEMS (IROS),IEEE International Conference on Intelligent Robots and Systems,,,,IEEE/RSJ International Conference on Intelligent Robots and Systems (IROS),"SEP 27-OCT 01, 2021",ELECTR NETWORK,"IEEE,RSJ",,,,,,,,,,,,,,,,,,,,,,,2153-0858,,978-1-6654-1714-3,,,,2021,,,,,,,5756,5763,,10.1109/IROS51168.2021.9636563,http://dx.doi.org/10.1109/IROS51168.2021.9636563,,,,,,,,,,,,,WOS:000755125504086,View Full Record in Web of Science
C,"Dalal, M; Pathak, D; Salakhutdinov, R",,"Ranzato, M; Beygelzimer, A; Dauphin, Y; Liang, PS; Vaughan, JW",,"Dalal, Murtaza; Pathak, Deepak; Salakhutdinov, Ruslan",,,Accelerating Robotic Reinforcement Learning via Parameterized Action Primitives,ADVANCES IN NEURAL INFORMATION PROCESSING SYSTEMS 34 (NEURIPS 2021),Advances in Neural Information Processing Systems,,,,35th Conference on Neural Information Processing Systems (NeurIPS),"DEC 06-14, 2021",ELECTR NETWORK,,,,,,,,,,,,,,,,,,,,,,,,1049-5258,,,,,,2021,34,,,,,,,,,,,,,,,,,,,,,,,WOS:000901616400016,View Full Record in Web of Science
J,"Lahiri, U; Labadie, RF; Liu, CC; Balachandran, R; Majdani, O; Sarkar, N",,,,"Lahiri, Uttama; Labadie, Robert F.; Liu, Changchun; Balachandran, Ramya; Majdani, Omid; Sarkar, Nilanjan",,,A Step Toward Identification of Surgical Actions in Mastoidectomy,IEEE TRANSACTIONS ON BIOMEDICAL ENGINEERING,,,,,,,,,,,,,,,,,"Balachandran, Ramya/AAZ-2586-2020; Majdani, Omid/J-1372-2019; Liu, Changchun/D-2256-2012; Majdani, Omid/A-5575-2019","Majdani, Omid/0000-0002-8582-7204",,,,,,,,,,,,,0018-9294,1558-2531,,,,FEB,2010,57,2,,,,,479,487,,10.1109/TBME.2009.2031982,http://dx.doi.org/10.1109/TBME.2009.2031982,,,,,,,,19770082,,,,,WOS:000273764600027,View Full Record in Web of Science
C,"Matsumura, A; Iwai, Y; Yachida, M",,"Arai, T; Yamamoto, S; Makino, K",,"Matsumura, A; Iwai, Y; Yachida, M",,,Tracking people and action recognition from onmidirectional images,"Systems and Human Science - For Safety, Security and Dependability",,,,,"1st International Symposium on Systems and Human Science for Safety, Security, and Dependability","NOV, 2003","Osaka, JAPAN","Osaka Univ, Grad Sch Engn Sci,Soc Instrumentat Control Engineers,Robot Soc Japan",,,,,,,,,"Iwai, Yoshio/ABA-4000-2020","Iwai, Yoshio/0000-0003-2248-4563",,,,,,,,,,,,,,,0-444-51813-4,,,,2005,,,,,,,501,+,,10.1016/B978-044451813-2/50039-7,http://dx.doi.org/10.1016/B978-044451813-2/50039-7,,,,,,,,,,,,,WOS:000230002200037,View Full Record in Web of Science
C,"Shah, BC; Svec, P; Bertaska, IR; Klinger, W; Sinisterra, AJ; von Ellenrieder, K; Dhanak, M; Gupta, SK",,,IEEE,"Shah, Brual C.; Svec, Petr; Bertaska, Ivan R.; Klinger, Wilhelm; Sinisterra, Armando J.; von Ellenrieder, Karl; Dhanak, Manhar; Gupta, Satyandra K.",,,Trajectory Planning with Adaptive Control Primitives for Autonomous Surface Vehicles Operating in Congested Civilian Traffic,2014 IEEE/RSJ INTERNATIONAL CONFERENCE ON INTELLIGENT ROBOTS AND SYSTEMS (IROS 2014),IEEE International Conference on Intelligent Robots and Systems,,,,IEEE/RSJ International Conference on Intelligent Robots and Systems (IROS),"SEP 14-18, 2014","Chicago, IL","IEEE,Robot Soc Japan,RA,SICE,IES,New Technol Fdn",,,,,,,,,"von Ellenrieder, Karl/AAQ-8104-2021","von Ellenrieder, Karl/0000-0001-7094-4582",,,,,,,,,,,,,2153-0858,,978-1-4799-6934-0,,,,2014,,,,,,,2312,2318,,,,,,,,,,,,,,,,WOS:000349834602064,View Full Record in Web of Science
C,"Pang, JC; Yang, SH; Chen, XH; Yang, XY; Yu, Y; Ma, M; Guo, ZQ; Yang, H; Huang, B",,,IEEE,"Pang, Jing-Cheng; Yang, Si-Hang; Chen, Xiong-Hui; Yang, Xinyu; Yu, Yang; Ma, Mas; Guo, Ziqi; Yang, Howard; Huang, Bill",,,Object-Oriented Option Framework for Robotics Manipulation in Clutter,"2023 IEEE/RSJ INTERNATIONAL CONFERENCE ON INTELLIGENT ROBOTS AND SYSTEMS, IROS",IEEE International Conference on Intelligent Robots and Systems,,,,IEEE/RSJ International Conference on Intelligent Robots and Systems (IROS),"OCT 01-05, 2023","Detroit, MI","IEEE,RSJ",,,,,,,,,"Chen, Xiong-Hui/JOJ-7974-2023",,,,,,,,,,,,,,2153-0858,,978-1-6654-9190-7,,,,2023,,,,,,,1230,1237,,10.1109/IROS55552.2023.10342335,http://dx.doi.org/10.1109/IROS55552.2023.10342335,,,,,,,,,,,,,WOS:001133658800128,View Full Record in Web of Science
C,"Figueroa, N; Ureche, ALP; Billard, A",,,ACM,"Figueroa, Nadia; Ureche, Ana Lucia Pais; Billard, Aude",,,Learning Complex Sequential Tasks from Demonstration: A Pizza Dough Rolling Case Study,ELEVENTH ACM/IEEE INTERNATIONAL CONFERENCE ON HUMAN ROBOT INTERACTION (HRI'16),ACM IEEE International Conference on Human-Robot Interaction,,,,11th ACM/IEEE International Conference on Human-Robot Interaction (HRI),"MAR 07-10, 2016","Christchurch, NEW ZEALAND","ACM,IEEE,ACM SIGCHI,ACM SIGAI,IEEE Robot & Automat Soc,HFES,AAAI,ACM SIGART",,,,,,,,,,,,,,,,,,,,,,,2167-2121,2167-2148,978-1-4673-8369-1,,,,2016,,,,,,,611,612,,,,,,,,,,,,,,,,WOS:000389809100156,View Full Record in Web of Science
C,"Dermy, O; Charpillet, F; Ivaldi, S",,"Ficuciello, F; Ruggiero, F; Finzi, A",,"Dermy, Oriane; Charpillet, Francois; Ivaldi, Serena",,,Multi-modal Intention Prediction with Probabilistic Movement Primitives,HUMAN FRIENDLY ROBOTICS,Springer Proceedings in Advanced Robotics,,,,10th International Workshop on Human Friendly Robotics (HFR),"NOV 06-07, 2017","Naples, ITALY","Interdepartmental Center for Advances in Robotic Surgery,Consorzio Ric Energia, Automazione Tecnologie Elettromagnetismo Consortium,Dipartimento Ingn Elettrica & Tecnologie Informazione,Spar",,,,,,,,,"Charpillet, François/S-3367-2018",,,,,,,,,,,,,,2511-1256,2511-1264,978-3-319-89327-3; 978-3-319-89326-6,,,,2019,7,,,,,,181,196,,10.1007/978-3-319-89327-3_14,http://dx.doi.org/10.1007/978-3-319-89327-3_14,,,,,,,,,,,,,WOS:000455354000014,View Full Record in Web of Science
J,"Patel, M; Miro, JV; Kragic, D; Ek, CH; Dissanayake, G",,,,"Patel, Mitesh; Miro, Jaime Valls; Kragic, Danica; Ek, Carl Henrik; Dissanayake, Gamini",,,"Learning object, grasping and manipulation activities using hierarchical HMMs",AUTONOMOUS ROBOTS,,,,,,,,,,,,,,,,,"Miro, Jaime/G-2656-2017; Dissanayake, Gamini/F-7361-2017","Dissanayake, Gamini/0000-0002-7992-0680; Ek, Carl Henrik/0000-0003-1302-6309; Valls Miro, Jaime/0000-0002-0083-7797",,,,,,,,,,,,,0929-5593,1573-7527,,,,OCT,2014,37,3,,,,,317,331,,10.1007/s10514-014-9392-1,http://dx.doi.org/10.1007/s10514-014-9392-1,,,,,,,,,,,,,WOS:000340409000006,View Full Record in Web of Science
J,"Luo, SQ; Cheng, M; Ding, RQ; Wang, F; Xu, B; Chen, BK",,,,"Luo, Shaqi; Cheng, Min; Ding, Ruqi; Wang, Feng; Xu, Bing; Chen, Bingkui",,,Human-Robot Shared Control Based on Locally Weighted Intent Prediction for a Teleoperated Hydraulic Manipulator System,IEEE-ASME TRANSACTIONS ON MECHATRONICS,,,,,,,,,,,,,,,,,"Wang, Feng/AAX-9492-2021; Cheng, Min/AFU-9837-2022","Cheng, Min/0000-0002-8345-6657; Luo, Shaqi/0000-0003-0385-3538; Wang, Feng/0000-0001-9159-6679",,,,,,,,,,,,,1083-4435,1941-014X,,,,DEC,2022,27,6,1,,,,4462,4474,,10.1109/TMECH.2022.3157852,http://dx.doi.org/10.1109/TMECH.2022.3157852,,MAR 2022,,,,,,,,,,,WOS:000777272500001,View Full Record in Web of Science
C,"Choi, TA",,"Hamza, MH",,"Choi, T. Anthony",,,Scenario based robot programming,PROCEEDINGS OF THE 12TH IASTED INTERNATIONAL CONFERENCE ON ROBOTICS AND APPLICATIONS,IASTED International Conference on Robotics and Applications,,,,12th IASTED International Conference on Robotics and Applications (ICRA),"AUG 14-16, 2006","Honolulu, HI",,,,,,,,,,,,,,,,,,,,,,,,1027-264X,,978-0-88986-595-2,,,,2006,,,,,,,55,60,,,,,,,,,,,,,,,,WOS:000244035500010,View Full Record in Web of Science
C,"Lou, XB; Yu, HJ; Worobel, R; Yang, Y; Choi, CH",,,IEEE,"Lou, Xibai; Yu, Houjian; Worobel, Ross; Yang, Yang; Choi, Changhyun",,,Adversarial Object Rearrangement in Constrained Environments with Heterogeneous Graph Neural Networks,"2023 IEEE/RSJ INTERNATIONAL CONFERENCE ON INTELLIGENT ROBOTS AND SYSTEMS, IROS",IEEE International Conference on Intelligent Robots and Systems,,,,IEEE/RSJ International Conference on Intelligent Robots and Systems (IROS),"OCT 01-05, 2023","Detroit, MI","IEEE,RSJ",,,,,,,,,"Yu, Houjian/GRF-1157-2022","Choi, Changhyun/0000-0003-4715-3576",,,,,,,,,,,,,2153-0858,,978-1-6654-9190-7,,,,2023,,,,,,,1008,1015,,10.1109/IROS55552.2023.10342412,http://dx.doi.org/10.1109/IROS55552.2023.10342412,,,,,,,,,,,,,WOS:001133658800106,View Full Record in Web of Science
J,"Lim, H; Kang, Y; Lee, J; Kim, J; You, BJ",,,,"Lim, Heonyoung; Kang, Yeonsik; Lee, Joongjae; Kim, Jongwon; You, Bum-Jae",,,SOFTWARE ARCHITECTURE AND TASK DEFINITION OF A MULTIPLE HUMANOID COOPERATIVE CONTROL SYSTEM,INTERNATIONAL JOURNAL OF HUMANOID ROBOTICS,,,,,,,,,,,,,,,,,,"Lee, Joong-Jae/0000-0001-7732-6162",,,,,,,,,,,,,0219-8436,1793-6942,,,,JUN,2009,6,2,,,,,173,203,,10.1142/S0219843609001747,http://dx.doi.org/10.1142/S0219843609001747,,,,,,,,,,,,,WOS:000268109300002,View Full Record in Web of Science
C,"Kotsovolis, S; Demiris, Y",,,IEEE,"Kotsovolis, Stelios; Demiris, Yiannis",,,Bi-Manual Manipulation of Multi-Component Garments towards Robot-Assisted Dressing,2023 IEEE INTERNATIONAL CONFERENCE ON ROBOTICS AND AUTOMATION (ICRA 2023),IEEE International Conference on Robotics and Automation ICRA,,,,IEEE International Conference on Robotics and Automation (ICRA),"MAY 29-JUN 02, 2023","London, ENGLAND","IEEE,IEEE Robot & Automat Soc",,,,,,,,,"Demiris, Yiannis/AAF-3917-2019","Demiris, Yiannis/0000-0003-4917-3343",,,,,,,,,,,,,1050-4729,2577-087X,979-8-3503-2365-8,,,,2023,,,,,,,9865,9871,,10.1109/ICRA48891.2023.10161335,http://dx.doi.org/10.1109/ICRA48891.2023.10161335,,,,,,,,,,,,,WOS:001048371102079,View Full Record in Web of Science
J,"Lou, JB; Shi, RY; Lin, YX; Wang, QB; Wu, WJ",,,,"Lou, Jiabin; Shi, Rongye; Lin, Yuxin; Wang, Qunbo; Wu, Wenjun",,,TALKER: A Task-Activated Language Model Based Knowledge-Extension Reasoning System,IEEE ROBOTICS AND AUTOMATION LETTERS,,,,,,,,,,,,,,,,,"Wu, Wenjun/KOC-6741-2024; Shi, Rongye/D-2035-2011","Shi, Rongye/0000-0003-4298-9358; lou, jiabin/0000-0003-2061-6120; Lin, Yuxin/0000-0001-9887-140X",,,,,,,,,,,,,2377-3766,,,,,FEB,2025,10,2,,,,,1026,1033,,10.1109/LRA.2024.3511434,http://dx.doi.org/10.1109/LRA.2024.3511434,,,,,,,,,,,,,WOS:001383062500021,View Full Record in Web of Science
C,"Stramandinoli, F; Cangelosi, A; Marocco, D",,,IEEE,"Stramandinoli, Francesca; Cangelosi, Angelo; Marocco, Davide",,,Towards the Grounding of Abstract Words: A Neural Network Model for Cognitive Robots,2011 INTERNATIONAL JOINT CONFERENCE ON NEURAL NETWORKS (IJCNN),,,,,International Joint Conference on Neural Networks (IJCNN),"JUL 31-AUG 05, 2011","San Jose, CA","Int Neural Network Soc (INNS),IEEE Computat Intelligence Soc (CIS),Natl Sci Fdn (NSF),Cognimem Technol, Inc,Univ Cincinnati Coll Engn & Appl Sci,Toyota Res Inst N Amer,Univ Cincinnati, Sch Elect & Compu Syst",,,,,,,,,"marocco, davide/GNM-7611-2022; Cangelosi, Angelo/D-6784-2011","MAROCCO, DAVIDE/0000-0001-5185-1313; Cangelosi, Angelo/0000-0002-4709-2243",,,,,,,,,,,,,,,978-1-4244-9636-5,,,,2011,,,,,,,467,474,,,,,,,,,,,,,,,,WOS:000297541200068,View Full Record in Web of Science
J,"Jeong, S; Arie, H; Lee, M; Tani, J",,,,"Jeong, Sungmoon; Arie, Hiroaki; Lee, Minho; Tani, Jun",,,Neuro-robotics study on integrative learning of proactive visual attention and motor behaviors,COGNITIVE NEURODYNAMICS,,,,,,,,,,,,,,,,,"Tani, Jun/AAI-8287-2020",,,,,,,,,,,,,,1871-4080,1871-4099,,,,FEB,2012,6,1,,,,,43,59,,10.1007/s11571-011-9176-7,http://dx.doi.org/10.1007/s11571-011-9176-7,,,,,,,,23372619,,,,,WOS:000299000300005,View Full Record in Web of Science
C,"Maske, H; Kieson, E; Chowdhary, G; Abramson, C",,,IEEE,"Maske, Harshal; Kieson, Emily; Chowdhary, Girish; Abramson, Charles",,,Learning Task-Based Instructional Policy for Excavator-Like Robots,2018 IEEE INTERNATIONAL CONFERENCE ON ROBOTICS AND AUTOMATION (ICRA),IEEE International Conference on Robotics and Automation ICRA,,,,IEEE International Conference on Robotics and Automation (ICRA),"MAY 21-25, 2018","Brisbane, AUSTRALIA","IEEE,CSIRO,Australian Govt, Dept Def Sci & Technol,DJI,Queensland Univ Technol,Woodside,Baidu,Bosch,Houston Mechatron,Kinova Robot,KUKA,Hit Robot Grp,Honda Res Inst,iRobot,Mathworks,NuTonomy,Ouster,Uber",,,,,,,,,"Chowdhary, Girish/S-8918-2019; Abramson, Charles/AAD-5709-2019",,,,,,,,,,,,,,1050-4729,,978-1-5386-3081-5,,,,2018,,,,,,,1962,1969,,,,,,,,,,,,,,,,WOS:000446394501078,View Full Record in Web of Science
C,"Saegusa, R; Metta, G; Sandini, G; Natale, L",,,IEEE,"Saegusa, Ryo; Metta, Giorgio; Sandini, Giulio; Natale, Lorenzo",,,Developmental Action Perception for Manipulative Interaction,2013 IEEE INTERNATIONAL CONFERENCE ON ROBOTICS AND AUTOMATION (ICRA),IEEE International Conference on Robotics and Automation ICRA,,,,IEEE International Conference on Robotics and Automation (ICRA),"MAY 06-10, 2013","Karlsruhe, GERMANY",IEEE,,,,,,,,,"Natale, Lorenzo/IAR-2619-2023","Natale, Lorenzo/0000-0002-8777-5233; Sandini, Giulio/0000-0003-3324-985X",,,,,,,,,,,,,1050-4729,2577-087X,978-1-4673-5641-1; 978-1-4673-5643-5,,,,2013,,,,,,,4967,4972,,,,,,,,,,,,,,,,WOS:000337617304149,View Full Record in Web of Science
C,"Kaiser, P; Kanoulas, D; Grotz, M; Muratore, L; Rocchi, A; Hoffman, EM; Tsagarakis, NG; Asfour, T",,"Asfour, T; Billard, A; Harada, K; Kulic, D; Ude, A; Venture, G; Yamane, K; Yokoi, K; Yoshida, E",,"Kaiser, Peter; Kanoulas, Dimitrios; Grotz, Markus; Muratore, Luca; Rocchi, Alessio; Hoffman, Enrico Mingo; Tsagarakis, Nikos G.; Asfour, Tamim",,,An Affordance-Based Pilot Interface for High-Level Control of Humanoid Robots in Supervised Autonomy,2016 IEEE-RAS 16TH INTERNATIONAL CONFERENCE ON HUMANOID ROBOTS (HUMANOIDS),IEEE-RAS International Conference on Humanoid Robots,,,,16th IEEE-RAS International Conference on Humanoid Robots (Humanoids),"NOV 15-17, 2016","Mexican Assoc Comp Vis Robot & Neural Comp, Cancun, MEXICO","IEEE Robot & Automat Soc,Disney Res,ROBOTIS,INTEL,PAL,MACVNR,CONACYT,CINVESTAV",Mexican Assoc Comp Vis Robot & Neural Comp,,,,,,,,"Muratore, Luca/CAA-2744-2022; Mingo Hoffman, Enrico/ABC-6421-2021; Kanoulas, Dimitrios/E-3482-2018","Rocchi, Alessio/0000-0003-2568-5256; Muratore, Luca/0000-0002-1265-3370; Tsagarakis, Nikos/0000-0002-9877-8237; Kanoulas, Dimitrios/0000-0002-3684-1472; Asfour, Tamim/0000-0003-4879-7680",,,,,,,,,,,,,2164-0572,,978-1-5090-4718-5,,,,2016,,,,,,,621,628,,,,,,,,,,,,,,,,WOS:000403009300094,View Full Record in Web of Science
C,"Gori, I; Fanello, SR; Odone, F; Metta, G",,,IEEE,"Gori, Ilaria; Fanello, Sean Ryan; Odone, Francesca; Metta, Giorgio",,,A Compositional Approach for 3D Arm-Hand Action Recognition,2013 IEEE WORKSHOP ON ROBOT VISION (WORV),,,,,IEEE Workshop on Robot Vision (WORV),"JAN 15-17, 2013",FL,IEEE,,,,,,,,,"Fanello, Sean/AAS-6647-2021","Fanello, Sean/0000-0001-9726-4501",,,,,,,,,,,,,,,978-1-4673-5648-0; 978-1-4673-5646-6,,,,2013,,,,,,,126,131,,,,,,,,,,,,,,,,WOS:000325279400020,View Full Record in Web of Science
J,"Ma, WY; Zhang, B; Han, LJ; Huo, SZ; Wang, HS; Navarro-Alarcon, D",,,,"Ma, Wanyu; Zhang, Bin; Han, Lijun; Huo, Shengzeng; Wang, Hesheng; Navarro-Alarcon, David",,,Action Planning for Packing Long Linear Elastic Objects Into Compact Boxes With Bimanual Robotic Manipulation,IEEE-ASME TRANSACTIONS ON MECHATRONICS,,,,,,,,,,,,,,,,,"lijun, han/AAY-9047-2021; Navarro-Alarcon, David/V-6917-2017; Wang, Hesheng/P-3192-2015","han, lijun/0000-0001-8775-8444; Huo, Shengzeng/0000-0002-7652-8958; MA, Wanyu/0000-0002-6535-0998; Navarro-Alarcon, David/0000-0002-3426-6638; Wang, Hesheng/0000-0002-9959-1634; Zhang, Bin/0000-0001-6860-1951",,,,,,,,,,,,,1083-4435,1941-014X,,,,JUN,2023,28,3,,,,,1718,1729,,10.1109/TMECH.2022.3223990,http://dx.doi.org/10.1109/TMECH.2022.3223990,,DEC 2022,,,,,,,,,,,WOS:000900018500001,View Full Record in Web of Science
J,"Stramandinoli, F; Marocco, D; Cangelosi, A",,,,"Stramandinoli, Francesca; Marocco, Davide; Cangelosi, Angelo",,,The grounding of higher order concepts in action and language: A cognitive robotics model,NEURAL NETWORKS,,,,,,,,,,,,,,,,,"marocco, davide/GNM-7611-2022; Cangelosi, Angelo/D-6784-2011","MAROCCO, DAVIDE/0000-0001-5185-1313; Cangelosi, Angelo/0000-0002-4709-2243",,,,,,,,,,,,,0893-6080,1879-2782,,,,AUG,2012,32,,,,SI,,165,173,,10.1016/j.neunet.2012.02.012,http://dx.doi.org/10.1016/j.neunet.2012.02.012,,,,,,,,22386502,,,,,WOS:000306162600018,View Full Record in Web of Science
J,"Chen, BT; Zhang, Y; Xia, XH; Martinez-Garcia, M; Jombo, G",,,,"Chen, Baotong; Zhang, Yu; Xia, Xuhui; Martinez-Garcia, Miguel; Jombo, Gbanaibolou",,,Knowledge Sharing Enabled Multirobot Collaboration for Preventive Maintenance in Mixed Model Assembly,IEEE TRANSACTIONS ON INDUSTRIAL INFORMATICS,,,,,,,,,,,,,,,,,"Jombo, Gbanaibolou/W-4529-2019; Martínez-García, Miguel/AAE-7795-2021; Chen, Baotong/L-6294-2018","Jombo, Gbanaibolou/0000-0001-6335-2191; Chen, Baotong/0000-0003-2324-4916; Zhang, Yu (Eve)/0000-0002-2842-6340",,,,,,,,,,,,,1551-3203,1941-0050,,,,NOV,2022,18,11,,,,,8098,8107,,10.1109/TII.2022.3158978,http://dx.doi.org/10.1109/TII.2022.3158978,,,,,,,,,,,,,WOS:000856145200073,View Full Record in Web of Science
C,"Avigal, Y; Berscheid, L; Asfour, T; Kröger, T; Goldberg, K",,,IEEE,"Avigal, Yahav; Berscheid, Lars; Asfour, Tamim; Kroeger, Torsten; Goldberg, Ken",,,SpeedFolding: Learning Efficient Bimanual Folding of Garments,2022 IEEE/RSJ INTERNATIONAL CONFERENCE ON INTELLIGENT ROBOTS AND SYSTEMS (IROS),IEEE International Conference on Intelligent Robots and Systems,,,,IEEE/RSJ International Conference on Intelligent Robots and Systems (IROS),"OCT 23-27, 2022","Kyoto, JAPAN","IEEE,Royal Soc Japan,IEEE Robot & Automat Soc,IES,SICE,New Technol Fdn",,,,,,,,,,"Berscheid, Lars/0000-0003-1129-8407",,,,,,,,,,,,,2153-0858,,978-1-6654-7927-1,,,,2022,,,,,,,1,8,,10.1109/IROS47612.2022.9981402,http://dx.doi.org/10.1109/IROS47612.2022.9981402,,,,,,,,,,,,,WOS:000908368200001,View Full Record in Web of Science
J,"Bugur, S; Oztop, E; Nagai, Y; Ugur, E",,,,"Bugur, Serkan; Oztop, Erhan; Nagai, Yukie; Ugur, Emre",,,Effect Regulated Projection of Robot's Action Space for Production and Prediction of Manipulation Primitives Through Learning Progress and Predictability-Based Exploration,IEEE TRANSACTIONS ON COGNITIVE AND DEVELOPMENTAL SYSTEMS,,,,,,,,,,,,,,,,,"Ugur, Emre/A-6011-2017; Oztop, Erhan/K-8111-2012","Nagai, Yukie/0000-0003-4794-0940; Oztop, Erhan/0000-0002-3051-6038; Ugur, Emre/0000-0001-9597-2731",,,,,,,,,,,,,2379-8920,2379-8939,,,,JUN,2021,13,2,,,,,286,297,,10.1109/TCDS.2019.2933900,http://dx.doi.org/10.1109/TCDS.2019.2933900,,,,,,,,,,,,,WOS:000659548600006,View Full Record in Web of Science
J,"Chu, FJ; Xu, RN; Seguin, L; Vela, PA",,,,"Chu, Fu-Jen; Xu, Ruinian; Seguin, Landan; Vela, Patricio A.",,,Toward Affordance Detection and Ranking on Novel Objects for Real-World Robotic Manipulation,IEEE ROBOTICS AND AUTOMATION LETTERS,,,,,,,,,,,,,,,,,"Chu, FU-JEN/GMW-4610-2022; Vela, Patricio/GNH-1840-2022","Vela, Patricio/0000-0002-6888-7002; xu, ruinian/0000-0002-3974-1629",,,,,,,,,,,,,2377-3766,,,,,OCT,2019,4,4,,,,,4070,4077,,10.1109/LRA.2019.2930364,http://dx.doi.org/10.1109/LRA.2019.2930364,,,,,,,,,,,,,WOS:000480658700007,View Full Record in Web of Science
J,"Duminy, N; Nguyen, SM; Zhu, JS; Duhaut, D; Kerdreux, J",,,,"Duminy, Nicolas; Nguyen, Sao Mai; Zhu, Junshuai; Duhaut, Dominique; Kerdreux, Jerome",,,Intrinsically Motivated Open-Ended Multi-Task Learning Using Transfer Learning to Discover Task Hierarchy,APPLIED SCIENCES-BASEL,,,,,,,,,,,,,,,,,"Nguyen, Sao/AAC-2982-2020","Nguyen, Sao Mai/0000-0003-0929-0019",,,,,,,,,,,,,,2076-3417,,,,FEB,2021,11,3,,,,,,,975,10.3390/app11030975,http://dx.doi.org/10.3390/app11030975,,,,,,,,,,,,,WOS:000614946800001,View Full Record in Web of Science
C,"Park, HW",,,ACM,"Park, Hae Won",,,Task-Learning Policies for Collaborative Task Solving in Human-Robot Interaction,ICMI '12: PROCEEDINGS OF THE ACM INTERNATIONAL CONFERENCE ON MULTIMODAL INTERACTION,,,,,14th ACM International Conference on Multimodal Interaction (ICMI),"OCT 22-26, 2012","Santa Monica, CA","ACM,SIGCHI",,,,,,,,,,,,,,,,,,,,,,,,,978-1-4503-1467-1,,,,2012,,,,,,,341,344,,,,,,,,,,,,,,,,WOS:000321926300064,View Full Record in Web of Science
C,"Stuke, T; Rauschenbach, T; Bartsch, T",,"Niggemann, O; Beyerer, J; Krantz, M; Kuhnert, C",,"Stuke, Tobias; Rauschenbach, Thomas; Bartsch, Thomas",,,Development of a Robotic Bin Picking Approach Based on Reinforcement Learning,"MACHINE LEARNING FOR CYBER-PHYSICAL SYSTEMS, ML4CPS 2023",Technologien fur die intelligente Automation,,,,6th International Conference on Machine Learning for Cyber-Physical Systems (ML4CPS),"MAR 29-31, 2023","Hamburg, GERMANY","Helmut Schmidt Univ,Fraunhofer IOSB,ARIC",,,,,,,,,,,,,,,,,,,,,,,,,978-3-031-47061-5; 978-3-031-47062-2,,,,2024,,,,,,,41,49,,10.1007/978-3-031-47062-2_5,http://dx.doi.org/10.1007/978-3-031-47062-2_5,,,,,,,,,,,,,WOS:001284714500005,View Full Record in Web of Science
C,"Luo, H; Demiris, Y",,,IEEE,"Luo, Haining; Demiris, Yiannis",,,Bi-Manual Robot Shoe Lacing,2023 IEEE/RSJ INTERNATIONAL CONFERENCE ON INTELLIGENT ROBOTS AND SYSTEMS (IROS),IEEE International Conference on Intelligent Robots and Systems,,,,IEEE/RSJ International Conference on Intelligent Robots and Systems (IROS),"OCT 01-05, 2023","Detroit, MI","IEEE,RSJ",,,,,,,,,"Demiris, Yiannis/AAF-3917-2019","Demiris, Yiannis/0000-0003-4917-3343",,,,,,,,,,,,,2153-0858,,978-1-6654-9190-7,,,,2023,,,,,,,8772,8777,,10.1109/IROS55552.2023.10341934,http://dx.doi.org/10.1109/IROS55552.2023.10341934,,,,,,,,,,,,,WOS:001136907802129,View Full Record in Web of Science
C,"Schwaner, KL; Dall'Alba, D; Jensen, PT; Fiorini, P; Savarimuthu, TR",,,IEEE,"Schwaner, Kim L.; Dall'Alba, Diego; Jensen, Pernille T.; Fiorini, Paolo; Savarimuthu, Thiusius R.",,,Autonomous Needle Manipulation for Robotic Surgical Suturing Based on Skills Learned from Demonstration,2021 IEEE 17TH INTERNATIONAL CONFERENCE ON AUTOMATION SCIENCE AND ENGINEERING (CASE),IEEE International Conference on Automation Science and Engineering,,,,17th IEEE International Conference on Automation Science and Engineering (CASE),"AUG 23-27, 2021","Lyon, FRANCE",IEEE,,,,,,,,,"Schwaner, Kim/R-6881-2018; Jensen, Pernille/L-9973-2018; Savarimuthu, Thiusius Rajeeth/J-7766-2015","Savarimuthu, Thiusius Rajeeth/0000-0002-2478-8694; Schwaner, Kim/0000-0001-5296-3712; Jensen, Pernille Tine/0000-0002-1637-6040",,,,,,,,,,,,,2161-8070,,978-1-6654-1873-7,,,,2021,,,,,,,235,241,,10.1109/CASE49439.2021.9551569,http://dx.doi.org/10.1109/CASE49439.2021.9551569,,,,,,,,,,,,,WOS:000878693200031,View Full Record in Web of Science
J,"Rasheed, N; Amin, SHM; Sultana, U; Bhatti, AR",,,,"Rasheed, Nadia; Amin, Shamsudin H. M.; Sultana, U.; Bhatti, Abdul Rauf",,,Hopfield Net spreading activation for grounding of abstract action words in cognitive robot,BIOLOGICALLY INSPIRED COGNITIVE ARCHITECTURES,,,,,,,,,,,,,,,,,"Rasheed, Nadia/AAF-1858-2019; Bhatti, Prof. Dr. Abdul Rauf/P-8244-2017","Bhatti, Prof. Dr. Abdul Rauf/0000-0001-9609-4563",,,,,,,,,,,,,2212-683X,2212-6848,,,,JUL,2017,21,,,,,,37,46,,10.1016/j.bica.2017.07.004,http://dx.doi.org/10.1016/j.bica.2017.07.004,,,,,,,,,,,,,WOS:000411772900004,View Full Record in Web of Science
C,"Zenkri, O; Vien, NA; Neumann, G",,,IEEE,"Zenkri, Oussama; Ngo Anh Vien; Neumann, Gerhard",,,Hierarchical Policy Learning for Mechanical Search,2022 IEEE INTERNATIONAL CONFERENCE ON ROBOTICS AND AUTOMATION (ICRA 2022),,,,,IEEE International Conference on Robotics and Automation (ICRA),"MAY 23-27, 2022","Philadelphia, PA","IEEE,IEEE Robot & Automat Soc",,,,,,,,,,,,,,,,,,,,,,,,,978-1-7281-9681-7,,,,2022,,,,,,,1954,1960,,10.1109/ICRA46639.2022.9811572,http://dx.doi.org/10.1109/ICRA46639.2022.9811572,,,,,,,,,,,,,WOS:000941265701041,View Full Record in Web of Science
C,"Ogawara, K; Takamatsu, J; Kimura, H; Ikeuchi, K",,,IEEE; IEEE,"Ogawara, K; Takamatsu, J; Kimura, H; Ikeuchi, K",,,Modeling manipulation interactions by hidden Markov models,"2002 IEEE/RSJ INTERNATIONAL CONFERENCE ON INTELLIGENT ROBOTS AND SYSTEMS, VOLS 1-3, PROCEEDINGS",,,,,IEEE/RSJ International Conference on Intelligent Robots and Systems (IROS 2002),"SEP 30-OCT 04, 2002","LAUSANNE, SWITZERLAND","IEEE Robot & Automat Soc,IEEE Ind Electr Soc,Robot Soc Japan,Soc Instruments & Control Engineers,INRIA Rhone Alpes Grenoble,EPFL Lausanne",,,,,,,,,,,,,,,,,,,,,,,,,0-7803-7398-7,,,,2002,,,,,,,1096,1101,,,,,,,,,,,,,,,,WOS:000179289100178,View Full Record in Web of Science
C,"Liu, Z; Wang, ZW; Huang, SC; Zhou, J; Lu, JW",,,IEEE,"Liu, Zhan; Wang, Ziwei; Huang, Sichao; Zhou, Jie; Lu, Jiwen",,,GE-Grasp: Efficient Target-Oriented Grasping in Dense Clutter,2022 IEEE/RSJ INTERNATIONAL CONFERENCE ON INTELLIGENT ROBOTS AND SYSTEMS (IROS),IEEE International Conference on Intelligent Robots and Systems,,,,IEEE/RSJ International Conference on Intelligent Robots and Systems (IROS),"OCT 23-27, 2022","Kyoto, JAPAN","IEEE,Royal Soc Japan,IEEE Robot & Automat Soc,IES,SICE,New Technol Fdn",,,,,,,,,"Wang, Ziwei/MFK-1337-2025; yang, chaojie/KBQ-8097-2024","Wang, Ziwei/0000-0001-9225-8495",,,,,,,,,,,,,2153-0858,,978-1-6654-7927-1,,,,2022,,,,,,,1388,1395,,10.1109/IROS47612.2022.9981499,http://dx.doi.org/10.1109/IROS47612.2022.9981499,,,,,,,,,,,,,WOS:000908368201053,View Full Record in Web of Science
C,"Radi, M; Reiter, A; Zäh, MF; Müller, T; Knoll, A",,"Kappers, AML; VanErp, JBF; Tiest, WMB; VanDerHelm, FCT",,"Radi, Marwan; Reiter, Andrea; Zaeh, Michael F.; Mueller, Thomas; Knoll, Alois",,,Telepresence Technology for Production: From Manual to Automated Assembly,"HAPTICS: GENERATING AND PERCEIVING TANGIBLE SENSATIONS, PT I, PROCEEDINGS",Lecture Notes in Computer Science,,,,EuroHaptics International Conference on Generating and Perceiving Tangible Sensations,"JUL 08-10, 2010","Amsterdam, NETHERLANDS","TNO, Netherlands Org Appl Sci Res,VU Univ Amsterdam,Utrecht Univ,Delft Univ Technol,Force Dimens,TNO, Engn Syst Technol,Moog, Engn Syst Technol",,,,,,,,,"; Knoll, Alois/AAN-8417-2021","Zaeh, Michael/0000-0002-2882-1359; Knoll, Alois/0000-0003-4840-076X",,,,,,,,,,,,,0302-9743,,978-3-642-14063-1,,,,2010,6191,,I,,,,256,+,,,,,,,,,,,,,,,,WOS:000281598200037,View Full Record in Web of Science
C,"Paolillo, A; Cherubini, A; Keith, F; Kheddar, A; Vendittelli, M",,,IEEE,"Paolillo, Antonio; Cherubini, Andrea; Keith, Francois; Kheddar, Abderrahmane; Vendittelli, Marilena",,,Toward Autonomous Car Driving by a Humanoid Robot: A Sensor-Based Framework,2014 14TH IEEE-RAS INTERNATIONAL CONFERENCE ON HUMANOID ROBOTS (HUMANOIDS),IEEE-RAS International Conference on Humanoid Robots,,,,14th IEEE-RAS International Conference on Humanoid Robots (Humanoids),"NOV 18-20, 2014","Madrid, SPAIN",IEEE RAS,,,,,,,,,"Vendittelli, Marilena/F-3921-2011","VENDITTELLI, Marilena/0000-0002-5348-0525; Cherubini, Andrea/0000-0002-7272-6922",,,,,,,,,,,,,2164-0572,,978-1-4799-7174-9,,,,2014,,,,,,,451,456,,,,,,,,,,,,,,,,WOS:000392843800073,View Full Record in Web of Science
J,"Aarno, D; Kragic, D",,,,"Aarno, Daniel; Kragic, Danica",,,Motion intention recognition in robot assisted applications,ROBOTICS AND AUTONOMOUS SYSTEMS,,,,,,,,,,,,,,,,,,,,,,,,,,,,,,,0921-8890,1872-793X,,,,AUG 31,2008,56,8,,,,,692,705,,10.1016/j.robot.2007.11.005,http://dx.doi.org/10.1016/j.robot.2007.11.005,,,,,,,,,,,,,WOS:000258562600005,View Full Record in Web of Science
C,"Mihelj, M; Novak, D; Munih, M",,,IEEE,"Mihelj, Matjaz; Novak, Domen; Munih, Marko",,,Emotion-Aware System for Upper Extremity Rehabilitation,2009 VIRTUAL REHABILITATION INTERNATIONAL CONFERENCE,,,,,Virtual Rehabilitation International Conference,"JUN 29-JUL 02, 2009","Haifa, ISRAEL",,,,,,,,,,,"Mihelj, Matjaz/0000-0003-2563-7094; Munih, Marko/0000-0001-5289-4059",,,,,,,,,,,,,,,978-1-4244-4188-4,,,,2009,,,,,,,160,165,,10.1109/ICVR.2009.5174225,http://dx.doi.org/10.1109/ICVR.2009.5174225,,,,,,,,,,,,,WOS:000270715900029,View Full Record in Web of Science
B,"Koh, NW; Ang, MH; Lim, SY",,"DeSilva, CW",,"Koh, N. W.; Ang, M. H., Jr.; Lim, S. Y.",,,Robotic Tasks Using Discrete Event Controller,"MECHATRONIC SYSTEMS: DEVICES, DESIGN, CONTROL, OPERATION AND MONITORING",Mechanical Engineering Series of Textbook and Reference Books,,,,,,,,,,,,,,,,"Ang, Marcelo/B-4469-2010",,,,,,,,,,,,,,,,978-0-8493-0775-1,,,,2008,,,,,,,,,,,,,,,,,,,,,,,,WOS:000267376200015,View Full Record in Web of Science
J,"Shah, BC; Svec, P; Bertaska, IR; Sinisterra, AJ; Klinger, W; von Ellenrieder, K; Dhanak, M; Gupta, SK",,,,"Shah, Brual C.; Svec, Petr; Bertaska, Ivan R.; Sinisterra, Armando J.; Klinger, Wilhelm; von Ellenrieder, Karl; Dhanak, Manhar; Gupta, Satyandra K.",,,Resolution-adaptive risk-aware trajectory planning for surface vehicles operating in congested civilian traffic,AUTONOMOUS ROBOTS,,,,,,,,,,,,,,,,,"von Ellenrieder, Karl/AAQ-8104-2021","von Ellenrieder, Karl/0000-0001-7094-4582",,,,,,,,,,,,,0929-5593,1573-7527,,,,OCT,2016,40,7,,,SI,,1139,1163,,10.1007/s10514-015-9529-x,http://dx.doi.org/10.1007/s10514-015-9529-x,,,,,,,,,,,,,WOS:000385157300005,View Full Record in Web of Science
J,"Huo, SZ; Duan, AQ; Li, CX; Zhou, P; Ma, WY; Wang, HS; Navarro-Alarcon, D",,,,"Huo, Shengzeng; Duan, Anqing; Li, Chengxi; Zhou, Peng; Ma, Wanyu; Wang, Hesheng; Navarro-Alarcon, David",,,Keypoint-Based Planar Bimanual Shaping of Deformable Linear Objects Under Environmental Constraints With Hierarchical Action Framework,IEEE ROBOTICS AND AUTOMATION LETTERS,,,,,,,,,,,,,,,,,"ZHOU, Peng/LCL-7745-2024; Li, Chengxi/CAG-9066-2022; Navarro-Alarcon, David/V-6917-2017; Wang, Hesheng/P-3192-2015","Navarro-Alarcon, David/0000-0002-3426-6638; MA, Wanyu/0000-0002-6535-0998; Zhou, Peng/0000-0002-7020-0943; Huo, Shengzeng/0000-0002-7652-8958; Duan, Anqing/0000-0002-9666-018X; Li, Chengxi/0000-0003-1921-7448; Wang, Hesheng/0000-0002-9959-1634",,,,,,,,,,,,,2377-3766,,,,,APR,2022,7,2,,,,,5222,5229,,10.1109/LRA.2022.3154842,http://dx.doi.org/10.1109/LRA.2022.3154842,,,,,,,,,,,,,WOS:000770005100009,View Full Record in Web of Science
J,"Ahad, MAR; Tan, JK; Kim, HS; Ishikawa, S",,,,"Ahad, Md. Atiqur Rahman; Tan, J. K.; Kim, H. S.; Ishikawa, S.",,,Temporal Motion Recognition and Segmentation Approach,INTERNATIONAL JOURNAL OF IMAGING SYSTEMS AND TECHNOLOGY,,,,,12th International Workshop on Combinatorial Image Analysis,"APR 07-09, 2008","Buffalo, NY",,,,,,,,,,"Ahad, Md Atiqur Rahman/O-7919-2018","Ahad, Md Atiqur Rahman/0000-0001-8355-7004",,,,,,,,,,,,,0899-9457,1098-1098,,,,,2009,19,2,,,SI,,91,99,,10.1002/ima.20183,http://dx.doi.org/10.1002/ima.20183,,,,,,,,,,,,,WOS:000266505900006,View Full Record in Web of Science
C,"Okada, K; Tokutsu, S; Ogura, T; Kojima, M; Mori, Y; Maki, T; Inaba, M",,"Burgard, W; Dillmann, R; Plagemann, C; Vahrenkamp, N",,"Okada, Kei; Tokutsu, Satoru; Ogura, Takashi; Kojima, Mitsuharu; Mori, Yuto; Maki, Toshiaki; Inaba, Masayuki",,,"Scenario controller for daily assistive humanoid using visual verification, task planning and situation reasoning",IAS-10: INTELLIGENT AUTONOMOUS SYSTEMS 10,,,,,10th International Conference on Intelligent Autonomous Systems,"JUL 24, 2008","Univ Freiburg, Autonomous Intelligent Syst Lab, Baden Baden, GERMANY","Univ Karlsruhe, Inst Comp Sci & Engn","Univ Freiburg, Autonomous Intelligent Syst Lab",,,,,,,,,,,,,,,,,,,,,,,,978-1-58603-887-8,,,,2008,,,,,,,398,405,,10.3233/978-1-58603-887-8-398,http://dx.doi.org/10.3233/978-1-58603-887-8-398,,,,,,,,,,,,,WOS:000279575000047,View Full Record in Web of Science
C,"Schwaner, KL; Iturrate, I; Andersen, JKH; Jensen, PT; Savarimuthu, TR",,,IEEE,"Schwaner, Kim L.; Iturrate, Inigo; Andersen, Jakob K. H.; Jensen, Pernille T.; Savarimuthu, Thiusius R.",,,Autonomous Bi-Manual Surgical Suturing Based on Skills Learned from Demonstration,2021 IEEE/RSJ INTERNATIONAL CONFERENCE ON INTELLIGENT ROBOTS AND SYSTEMS (IROS),IEEE International Conference on Intelligent Robots and Systems,,,,IEEE/RSJ International Conference on Intelligent Robots and Systems (IROS),"SEP 27-OCT 01, 2021",ELECTR NETWORK,"IEEE,RSJ",,,,,,,,,"Jensen, Pernille/L-9973-2018; Andersen, Jakob/AAD-8034-2019; Schwaner, Kim/R-6881-2018; Iturrate, Inigo/U-7913-2018; Savarimuthu, Thiusius Rajeeth/J-7766-2015","Iturrate, Inigo/0000-0001-7922-1946; Jensen, Pernille Tine/0000-0002-1637-6040; Schwaner, Kim/0000-0001-5296-3712; Andersen, Jakob Kristian Holm/0000-0003-3238-868X; Savarimuthu, Thiusius Rajeeth/0000-0002-2478-8694",,,,,,,,,,,,,2153-0858,,978-1-6654-1714-3,,,,2021,,,,,,,4017,4024,,10.1109/IROS51168.2021.9636432,http://dx.doi.org/10.1109/IROS51168.2021.9636432,,,,,,,,,,,,,WOS:000755125503025,View Full Record in Web of Science
J,"Le Goff, LK; Yaakoubi, O; Coninx, A; Doncieux, S",,,,"Le Goff, Leni K.; Yaakoubi, Oussama; Coninx, Alexandre; Doncieux, Stephane",,,Building an Affordances Map With Interactive Perception,FRONTIERS IN NEUROROBOTICS,,,,,,,,,,,,,,,,,,,,,,,,,,,,,,,1662-5218,,,,,MAY 10,2022,16,,,,,,,,504459,10.3389/fnbot.2022.504459,http://dx.doi.org/10.3389/fnbot.2022.504459,,,,,,,,35619968,,,,,WOS:000802270300001,View Full Record in Web of Science
C,"Zhao, C; Tong, ZK; Rojas, J; Seo, J",,,IEEE,"Zhao, Chao; Tong, Zhekai; Rojas, Juan; Seo, Jungwon",,,Learning to Pick by Digging: Data-Driven Dig-Grasping for Bin Picking from Clutter,2022 IEEE INTERNATIONAL CONFERENCE ON ROBOTICS AND AUTOMATION (ICRA 2022),,,,,IEEE International Conference on Robotics and Automation (ICRA),"MAY 23-27, 2022","Philadelphia, PA","IEEE,IEEE Robot & Automat Soc",,,,,,,,,"seo, jungwon/LDG-5487-2024",,,,,,,,,,,,,,,,978-1-7281-9681-7,,,,2022,,,,,,,,,,10.1109/ICRA46639.2022.9811736,http://dx.doi.org/10.1109/ICRA46639.2022.9811736,,,,,,,,,,,,,WOS:000941265700065,View Full Record in Web of Science
J,"Sarantopoulos, I; Kiatos, M; Doulgeri, Z; Malassiotis, S",,,,"Sarantopoulos, Iason; Kiatos, Marios; Doulgeri, Zoe; Malassiotis, Sotiris",,,Total Singulation With Modular Reinforcement Learning,IEEE ROBOTICS AND AUTOMATION LETTERS,,,,,,,,,,,,,,,,,,"Kiatos, Marios/0000-0002-2522-2529; Doulgeri, Zoe/0000-0003-2188-9358",,,,,,,,,,,,,2377-3766,,,,,APR,2021,6,2,,,,,4118,4125,,10.1109/LRA.2021.3062295,http://dx.doi.org/10.1109/LRA.2021.3062295,,,,,,,,,,,,,WOS:000638400900029,View Full Record in Web of Science
J,"Asada, M; Noda, S; Hosoda, K",,,,"Asada, M; Noda, S; Hosoda, K",,,Action-based sensor space segmentation for soccer robot learning,APPLIED ARTIFICIAL INTELLIGENCE,,,,,,,,,,,,,,,,,,"Hosoda, Koh/0000-0001-8392-1021",,,,,,,,,,,,,0883-9514,1087-6545,,,,MAR-MAY,1998,12,2-3,,,,,149,164,,10.1080/088395198117802,http://dx.doi.org/10.1080/088395198117802,,,,,,,,,,,,,WOS:000072754600003,View Full Record in Web of Science
C,"Lallée, S; Pattacini, U; Boucher, JD; Lemaignan, S; Lenz, A; Melhuish, C; Natale, L; Skachek, S; Hamann, K; Steinwender, J; Sisbot, EA; Metta, G; Alami, R; Warnier, M; Guitton, J; Warneken, F; Dominey, PF",,,IEEE,"Lallee, Stephane; Pattacini, Ugo; Boucher, Jean David; Lemaignan, Severin; Lenz, Alexander; Melhuish, Chris; Natale, Lorenzo; Skachek, Sergey; Hamann, Katharina; Steinwender, Jasmin; Sisbot, Emrah Akin; Metta, Giorgio; Alami, Rachid; Warnier, Matthieu; Guitton, Julien; Warneken, Felix; Dominey, Peter Ford",,,"Towards a Platform-Independent Cooperative Human-Robot Interaction System: II. Perception, Execution and Imitation of Goal Directed Actions",2011 IEEE/RSJ INTERNATIONAL CONFERENCE ON INTELLIGENT ROBOTS AND SYSTEMS,IEEE International Conference on Intelligent Robots and Systems,,,,IEEE/RSJ International Conference on Intelligent Robots and Systems,"SEP 25-30, 2011","San Francisco, CA","IEEE,Robot Soc Japan (RSJ),BOSCH,HONDA,KUKA,SRI Int,ABB,Willow Garage,ALDEBARAN,Google,INTUITIVE Surg,SCHUNK,IEEE Ind Elect Soc (IES),Soc Instrument & Control Engineers (SICE),New Technol Fdn (NTF),IEEE Robot & Automat Soc (RAS),Inst Control, Robto & Syst (ICROS)",,,,,,,,,"Alami, Rachid/ABC-3123-2021; Natale, Lorenzo/IAR-2619-2023; Pattacini, Ugo/J-4652-2014; Dominey, Peter Ford/H-3832-2012","Natale, Lorenzo/0000-0002-8777-5233; Pattacini, Ugo/0000-0001-8754-1632; Lemaignan, Severin/0000-0002-3391-8876; Dominey, Peter Ford/0000-0002-9318-179X; Alami, Rachid/0000-0002-9558-8163",,,,,,,,,,,,,2153-0858,,978-1-61284-455-8,,,,2011,,,,,,,2895,2902,,,,,,,,,,,,,,,,WOS:000297477503038,View Full Record in Web of Science
C,"Lim, H; Kang, Y; Lee, J; Kim, J; You, BJ",,,IEEE,"Lim, Heonyoung; Kang, Yeonsik; Lee, Joongjae; Kim, Jongwon; You, Bum-Jae",,,Multiple Humanoid Cooperative Control System for Heterogeneous Humanoid Team,"2008 17TH IEEE INTERNATIONAL SYMPOSIUM ON ROBOT AND HUMAN INTERACTIVE COMMUNICATION, VOLS 1 AND 2",,,,,17th IEEE International Symposium on Robot and Human Interactive Communications,"AUG 01-03, 2008","Munich, GERMANY","IEEE,IEEE Syst, Man & Cybernet Soc,Korea Robot Soc,Robot Soc Japan,IEEE Ind Elect Soc,IEEE Robot & Automat Soc,Deutsch Gesell Robot",,,,,,,,,,,,,,,,,,,,,,,,,978-1-4244-2212-8,,,,2008,,,,,,,231,+,,,,,,,,,,,,,,,,WOS:000261700900039,View Full Record in Web of Science
J,"Hart, S; Grupen, R",,,,"Hart, Stephen; Grupen, Roderic",,,Learning Generalizable Control Programs,IEEE TRANSACTIONS ON AUTONOMOUS MENTAL DEVELOPMENT,,,,,,,,,,,,,,,,,,,,,,,,,,,,,,,1943-0604,1943-0612,,,,SEP,2011,3,3,,,,,216,231,,10.1109/TAMD.2010.2103311,http://dx.doi.org/10.1109/TAMD.2010.2103311,,,,,,,,,,,,,WOS:000294906800004,View Full Record in Web of Science
J,"Racinskis, P; Vismanis, O; Zinars, TE; Arents, J; Greitans, M",,,,"Racinskis, Peteris; Vismanis, Oskars; Zinars, Toms Eduards; Arents, Janis; Greitans, Modris",,,Towards Open-Set NLP-Based Multi-Level Planning for Robotic Tasks,APPLIED SCIENCES-BASEL,,,,,,,,,,,,,,,,,"Arents, Janis/AAI-2018-2021; Greitans, Modris/E-5947-2018; Vismanis, Oskars/GWV-3191-2022","Arents, Janis/0000-0001-5203-3347; Racinskis, Peteris/0000-0002-8956-179X; Zinars, Toms Eduards/0009-0006-6260-6253; Vismanis, Oskars/0000-0002-8815-0446",,,,,,,,,,,,,,2076-3417,,,,NOV,2024,14,22,,,,,,,10717,10.3390/app142210717,http://dx.doi.org/10.3390/app142210717,,,,,,,,,,,,,WOS:001366694700001,View Full Record in Web of Science
C,"Sharma, S; Tuli, S; Paul, R",,,IEEE,"Sharma, Siddhant; Tuli, Shreshth; Paul, Rohan",,,Unsupervised Learning of Neuro-symbolic Rules for Generalizable Context-aware Planning in Object Arrangement Tasks,2024 IEEE INTERNATIONAL CONFERENCE ON ROBOTICS AND AUTOMATION (ICRA 2024),IEEE International Conference on Robotics and Automation ICRA,,,,IEEE International Conference on Robotics and Automation (ICRA),"MAY 13-17, 2024","Yokohama, JAPAN","IEEE,IEEE Robot & Automat Soc",,,,,,,,,,,,,,,,,,,,,,,1050-4729,2577-087X,979-8-3503-8458-1; 979-8-3503-8457-4,,,,2024,,,,,,,12865,12872,,10.1109/ICRA57147.2024.10610696,http://dx.doi.org/10.1109/ICRA57147.2024.10610696,,,,,,,,,,,,,WOS:001369728003015,View Full Record in Web of Science
J,"Bandera, JP; Marfil, R; Romero-Garcés, A; Voilmy, D",,,,"Pedro Bandera, Juan; Marfil, Rebeca; Romero-Garces, Adrian; Voilmy, Dimitri",,,A new paradigm for autonomous human motion description and evaluation: Application to the Get Up & Go test use case,PATTERN RECOGNITION LETTERS,,,,,,,,,,,,,,,,,"Marfil, Rebeca/I-3313-2018; Bandera Rubio, Juan Pedro/M-5560-2014","Marfil, Rebeca/0000-0003-1573-5096; Bandera Rubio, Juan Pedro/0000-0003-3814-0335",,,,,,,,,,,,,0167-8655,1872-7344,,,,FEB 1,2019,118,,,,SI,,51,60,,10.1016/j.patrec.2018.02.003,http://dx.doi.org/10.1016/j.patrec.2018.02.003,,,,,,,,,,,,,WOS:000457976400007,View Full Record in Web of Science
J,"Qian, K; Liu, H; Miro, JV; Jing, XS; Zhou, B",,,,"Qian, Kun; Liu, Huan; Valls Miro, Jaime; Jing, Xingshuo; Zhou, Bo",,,Hierarchical and parameterized learning of pick-and-place manipulation from under-specified human demonstrations,ADVANCED ROBOTICS,,,,,,,,,,,,,,,,,"Miro, Jaime/G-2656-2017; Zhou, Bo/HRA-1731-2023; Jing, Xingshuo/HHN-6982-2022","Jing, Xingshuo/0000-0002-1328-4706; Qian, Kun/0000-0001-7429-1742; Valls Miro, Jaime/0000-0002-0083-7797",,,,,,,,,,,,,0169-1864,1568-5535,,,,JUL 2,2020,34,13,,,SI,,858,872,,10.1080/01691864.2020.1778523,http://dx.doi.org/10.1080/01691864.2020.1778523,,JUN 2020,,,,,,,,,,,WOS:000545764900001,View Full Record in Web of Science
C,"Rysbek, Z; Oh, KH; Abbasi, B; Zefran, M; Di Eugenio, B",,,IEEE,"Rysbek, Zhanibek; Oh, Ki Hwan; Abbasi, Bahareh; Zefran, Milos; Di Eugenio, Barbara",,,Physical Action Primitives for Collaborative Decision Making in Human-Human Manipulation,2021 30TH IEEE INTERNATIONAL CONFERENCE ON ROBOT AND HUMAN INTERACTIVE COMMUNICATION (RO-MAN),IEEE RO-MAN,,,,30th IEEE International Conference on Robot and Human Interactive Communication (RO-MAN),"AUG 08-12, 2021",ELECTR NETWORK,IEEE,,,,,,,,,"Rysbek, Zhanibek/KHV-3669-2024","Oh, Ki-Hwan/0009-0008-2359-3917; Zefran, Milos/0000-0001-9558-3656",,,,,,,,,,,,,1944-9445,,978-1-6654-0492-1,,,,2021,,,,,,,1319,1325,,10.1109/RO-MAN50785.2021.9515363,http://dx.doi.org/10.1109/RO-MAN50785.2021.9515363,,,,,,,,,,,,,WOS:000709817200191,View Full Record in Web of Science
S,"Li, Z; Fritsch, J; Wachsmuth, S; Sagerer, G",,"Franke, K; Muller, KR; Nickolay, B; Schafer, R",,"Li, Zhe; Fritsch, Jannik; Wachsmuth, Sven; Sagerer, Gerhard",,,An object-oriented approach using a top-down and bottom-up process for manipulative action recognition,"PATTERN RECOGNITION, PROCEEDINGS",Lecture Notes in Computer Science,,,,28th Annual Symposium of the German-Association-for-Pattern-Recognition,"SEP 12-14, 2006","Fraunhofer Inst IPK, Berlin, GERMANY","German Assoc Pattern Recognit,Fraunhofer Inst HHI,Fraunhofer Inst FIRST",Fraunhofer Inst IPK,,,,,,,,,"Wachsmuth, Sven/0000-0001-5371-7214",,,,,,,,,,,,,0302-9743,1611-3349,3-540-44412-2,,,,2006,4174,,,,,,212,221,,,,,,,,,,,,,,,,WOS:000241486800022,View Full Record in Web of Science
J,"Fischer, T; Demiris, Y",,,,"Fischer, Tobias; Demiris, Yiannis",,,Computational Modeling of Embodied Visual Perspective Taking,IEEE TRANSACTIONS ON COGNITIVE AND DEVELOPMENTAL SYSTEMS,,,,,,,,,,,,,,,,,"Demiris, Yiannis/AAF-3917-2019; Fischer, Tobias/D-4405-2018","Demiris, Yiannis/0000-0003-4917-3343; Fischer, Tobias/0000-0003-2183-017X",,,,,,,,,,,,,2379-8920,2379-8939,,,,DEC,2020,12,4,,,,,723,732,,10.1109/TCDS.2019.2949861,http://dx.doi.org/10.1109/TCDS.2019.2949861,,,,,,,,,,,,,WOS:000597148300004,View Full Record in Web of Science
C,"Frasca, T; Han, Z; Allspaw, J; Yanco, H; Scheutz, M",,,IEEE,"Frasca, Tyler; Han, Zhao; Allspaw, Jordan; Yanco, Holly; Scheutz, Matthias",,,Going Cognitive: A Demonstration of the Utility of Task-General Cognitive Architectures for Adaptive Robotic Task Performance,2020 IEEE/RSJ INTERNATIONAL CONFERENCE ON INTELLIGENT ROBOTS AND SYSTEMS (IROS),IEEE International Conference on Intelligent Robots and Systems,,,,IEEE/RSJ International Conference on Intelligent Robots and Systems (IROS),"OCT 24-JAN 24, 2020-2021",ELECTR NETWORK,"IEEE,RSJ",,,,,,,,,"Han, Zhao/ABC-6553-2021","Scheutz, Matthias/0000-0002-0064-2789; Yanco, Holly/0000-0002-9962-5865",,,,,,,,,,,,,2153-0858,,978-1-7281-6212-6,,,,2020,,,,,,,8110,8116,,10.1109/IROS45743.2020.9340863,http://dx.doi.org/10.1109/IROS45743.2020.9340863,,,,,,,,,,,,,WOS:000724145802058,View Full Record in Web of Science
C,"Mazzaglia, P; Cohen, T; Dijkman, D",,,IEEE,"Mazzaglia, Pietro; Cohen, Taco; Dijkman, Daniel",,,Information-driven Affordance Discovery for Efficient Robotic Manipulation,"2024 IEEE INTERNATIONAL CONFERENCE ON ROBOTICS AND AUTOMATION, ICRA 2024",IEEE International Conference on Robotics and Automation ICRA,,,,IEEE International Conference on Robotics and Automation (ICRA),"MAY 13-17, 2024","Yokohama, JAPAN","IEEE,IEEE Robot & Automat Soc",,,,,,,,,"Mazzaglia, Pietro/HHS-8829-2022",,,,,,,,,,,,,,1050-4729,2577-087X,979-8-3503-8458-1; 979-8-3503-8457-4,,,,2024,,,,,,,7780,7787,,10.1109/ICRA57147.2024.10611170,http://dx.doi.org/10.1109/ICRA57147.2024.10611170,,,,,,,,,,,,,WOS:001294576205105,View Full Record in Web of Science
J,"Wen, RS; Wang, Q; Li, ZB",,,,"Wen, Ruoshi; Wang, Qiang; Li, Zhibin",,,Human hand movement recognition using infinite hidden Markov model based sEMG classification,BIOMEDICAL SIGNAL PROCESSING AND CONTROL,,,,,,,,,,,,,,,,,"Wang, Qiang/B-1053-2012; zhibin, Li/GQH-6384-2022","Wang, Qiang/0000-0002-9654-0268",,,,,,,,,,,,,1746-8094,1746-8108,,,,JUL,2021,68,,,,,,,,102592,10.1016/j.bspc.2021.102592,http://dx.doi.org/10.1016/j.bspc.2021.102592,,APR 2021,,,,,,,,,,,WOS:000674565400007,View Full Record in Web of Science
C,"Zhang, YS; Zhang, HW; Wang, ZG; Zhang, SM; Li, HC; Chen, M",,,IEEE,"Zhang, Yisheng; Zhang, Hengwei; Wang, Zhigang; Zhang, Shengmin; Li, Huaicheng; Chen, Ming",,,"Development of an Autonomous, Explainable, Robust Robotic System for Electric Vehicle Battery Disassembly","2023 IEEE/ASME INTERNATIONAL CONFERENCE ON ADVANCED INTELLIGENT MECHATRONICS, AIM",IEEE ASME International Conference on Advanced Intelligent Mechatronics,,,,IEEE/ASME International Conference on Advanced Intelligent Mechatronics (AIM),"JUN 28-30, 2023","Seattle, WA","IEEE,ASME",,,,,,,,,"Zhang, Yisheng/ISS-1686-2023","Li, Huaicheng/0009-0005-8885-7053",,,,,,,,,,,,,2159-6255,,978-1-6654-7633-1,,,,2023,,,,,,,409,414,,10.1109/AIM46323.2023.10196256,http://dx.doi.org/10.1109/AIM46323.2023.10196256,,,,,,,,,,,,,WOS:001051263900053,View Full Record in Web of Science
C,"Gao, M; Zöllner, JM",,,IEEE,"Gao, Ming; Zoellner, J. Marius",,,Local Contextual Trajectory Estimation with Demonstration for Assisting Mobile Robot Teleoperation,2017 EUROPEAN CONFERENCE ON MOBILE ROBOTS (ECMR),,,,,European Conference on Mobile Robots (ECMR),"SEP 06-08, 2017","Paris, FRANCE",,,,,,,,,,,,,,,,,,,,,,,,,,978-1-5386-1096-1,,,,2017,,,,,,,,,,,,,,,,,,,,,,,,WOS:000426455100001,View Full Record in Web of Science
C,"Asada, M; Noda, S; Hosoda, K",,,IEEE,"Asada, M; Noda, S; Hosoda, K",,,Action-based sensor space categorization for robot learning,"IROS 96 - PROCEEDINGS OF THE 1996 IEEE/RSJ INTERNATIONAL CONFERENCE ON INTELLIGENT ROBOTS AND SYSTEMS - ROBOTIC INTELLIGENCE INTERACTING WITH DYNAMIC WORLDS, VOLS 1-3",,,,,1996 IEEE/RSJ International Conference on Intelligent Robots and Systems - Robotic Intelligence Interacting with Dynamic Worlds (IROS 96),"NOV 04-08, 1996","SENRI LIFE SCI CTR, OSAKA, JAPAN","IEEE Ind Electr Soc,IEEE Robot & Automat Soc,Robot Soc Japan,Soc Instrument & Control Engineers,New Technol Fdn",SENRI LIFE SCI CTR,,,,,,,,,"Hosoda, Koh/0000-0001-8392-1021",,,,,,,,,,,,,,,0-7803-3214-8,,,,1996,,,,,,,1502,1509,,,,,,,,,,,,,,,,WOS:A1996BH13L00205,View Full Record in Web of Science
C,"Wen, RS; Wang, Q; Ma, X; Li, ZB",,,IEEE,"Wen, Ruoshi; Wang, Qiang; Ma, Xiang; Li, Zhibin",,,Human Hand Movement Recognition based on HMM with Hyperparameters Optimized by Maximum Mutual Information,2020 ASIA-PACIFIC SIGNAL AND INFORMATION PROCESSING ASSOCIATION ANNUAL SUMMIT AND CONFERENCE (APSIPA ASC),Asia-Pacific Signal and Information Processing Association Annual Summit and Conference,,,,Asia-Pacific-Signal-and-Information-Processing-Association Annual Summit and Conference (APSIPA ASC),"DEC 07-10, 2020","Auckland, NEW ZEALAND","Asia Pacific Signal & Informat Proc Assoc,IEEE Signal Proc Soc",,,,,,,,,"Wang, Qiang/B-1053-2012; zhibin, Li/GQH-6384-2022",,,,,,,,,,,,,,2309-9402,,978-988-14768-8-3,,,,2020,,,,,,,944,951,,,,,,,,,,,,,,,,WOS:000678729400162,View Full Record in Web of Science
C,"Fanello, SRF; Gori, I; Pirri, F",,"Bebis, G; Boyle, R; Parvin, B; Koracin, D; Chung, R; Hammound, R; Hussain, M; Han, TK; Crawfis, R; Thalmann, D; Kao, D; Avila, L",,"Fanello, Sean R. F.; Gori, Ilaria; Pirri, Fiora",,,Arm-Hand Behaviours Modelling: From Attention to Imitation,"ADVANCES IN VISUAL COMPUTING, PT II",Lecture Notes in Computer Science,,,,6th International Symposium on Visual Computing,"NOV 29-DEC 01, 2010","Las Vegas, NV","UNR,DRI,LBNL,NASA Ames,Air Force Res Lab,Intel,DigitalPersona,Equinox,Ford,Hewlett Packard,Mitsubishi Elect Res Lab,iCore,Toyota,Delphi,Gen Elect,Microsoft MSDN,Volt",,,,,,,,,"Fanello, Sean/AAS-6647-2021; PIRRI, Fiora/N-6783-2019; PIRRI, Fiora/F-3579-2011","Fanello, Sean/0000-0001-9726-4501; PIRRI, Fiora/0000-0001-8665-9807",,,,,,,,,,,,,0302-9743,1611-3349,978-3-642-17273-1,,,,2010,6454,,II,,,,616,627,,,,,,,,,,,,,,,,WOS:000290547200060,View Full Record in Web of Science
C,"Jamgochian, A; Buurmeijer, H; Wray, KH; Corso, A; Kochenderfer, MJ",,,IEEE,"Jamgochian, Arec; Buurmeijer, Hugo; Wray, Kyle H.; Corso, Anthony; Kochenderfer, Mykel J.",,,Constrained Hierarchical Monte Carlo Belief-State Planning,"2024 IEEE INTERNATIONAL CONFERENCE ON ROBOTICS AND AUTOMATION, ICRA 2024",IEEE International Conference on Robotics and Automation ICRA,,,,IEEE International Conference on Robotics and Automation (ICRA),"MAY 13-17, 2024","Yokohama, JAPAN","IEEE,IEEE Robot & Automat Soc",,,,,,,,,,,,,,,,,,,,,,,1050-4729,2577-087X,979-8-3503-8458-1; 979-8-3503-8457-4,,,,2024,,,,,,,2368,2374,,10.1109/ICRA57147.2024.10611223,http://dx.doi.org/10.1109/ICRA57147.2024.10611223,,,,,,,,,,,,,WOS:001294576202002,View Full Record in Web of Science
C,"Aein, MJ; Aksoy, EE; Tamosiunaite, M; Papon, J; Ude, A; Wörgötter, F",,"Amato, N",,"Aein, M. J.; Aksoy, E. E.; Tamosiunaite, M.; Papon, J.; Ude, A.; Woergoetter, F.",,,Toward a library of manipulation actions based on semantic object-action relations,2013 IEEE/RSJ INTERNATIONAL CONFERENCE ON INTELLIGENT ROBOTS AND SYSTEMS (IROS),IEEE International Conference on Intelligent Robots and Systems,,,,IEEE/RSJ International Conference on Intelligent Robots and Systems (IROS),"NOV 03-08, 2013","Tokyo, JAPAN","IEEE,IEEE Robot & Automat Soc,IEEE Ind Elect Soc,Robot Soc Japan,New Technol Fdn,Soc Instrument & Control Engineers,Kawada Robot,Reflexxes GmbH,Telecommunicat Advancement Fdn,Tateisi Sci & Technol Fdn",,,,,,,,,"Ude, Aleš/ABB-7839-2020","Aksoy, Eren Erdal/0000-0002-5712-6777; Ude, Ales/0000-0003-3677-3972",,,,,,,,,,,,,2153-0858,,978-1-4673-6358-7,,,,2013,,,,,,,4555,4562,,,,,,,,,,,,,,,,WOS:000331367404092,View Full Record in Web of Science
J,"Asada, M; Noda, S; Tawaratsumida, S; Hosoda, K",,,,"Asada, M; Noda, S; Tawaratsumida, S; Hosoda, K",,,Purposive behavior acquisition for a real robot by vision-based reinforcement learning,MACHINE LEARNING,,,,,,,,,,,,,,,,,,,,,,,,,,,,,,,0885-6125,,,,,MAY-JUN,1996,23,2-3,,,,,279,303,,10.1007/BF00117447,http://dx.doi.org/10.1007/BF00117447,,,,,,,,,,,,,WOS:A1996UV95500007,View Full Record in Web of Science
C,"Aarno, D; Kragic, D",,,IEEE,"Aarno, Daniel; Kragic, Danica",,,Layered HMM for motion intention recognition,"2006 IEEE/RSJ INTERNATIONAL CONFERENCE ON INTELLIGENT ROBOTS AND SYSTEMS, VOLS 1-12",,,,,IEEE/RSJ International Conference on Intelligent Robots and Systems,"OCT 09-13, 2006","Beijing, PEOPLES R CHINA","IEEE,RSJ",,,,,,,,,,,,,,,,,,,,,,,,,978-1-4244-0258-8,,,,2006,,,,,,,5130,+,,10.1109/IROS.2006.282606,http://dx.doi.org/10.1109/IROS.2006.282606,,,,,,,,,,,,,WOS:000245452405034,View Full Record in Web of Science
C,"Pirk, S; Hausman, K; Toshev, A; Khansari, M",,"Kober, J; Ramos, F; Tomlin, C",,"Pirk, Soren; Hausman, Karol; Toshev, Alexander; Khansari, Mohi",,,Modeling Long-horizon Tasks as Sequential Interaction Landscapes,"CONFERENCE ON ROBOT LEARNING, VOL 155",Proceedings of Machine Learning Research,,,,4th Conference on Robot Learning (CoRL),"NOV 16-18, 2020",ELECTR NETWORK,,,,,,,,,,,,,,,,,,,,,,,,2640-3498,,,,,,2020,155,,,,,,471,484,,,,,,,,,,,,,,,,WOS:001237128900036,View Full Record in Web of Science
J,"Liu, SC; Zhang, YC; Chen, WB; Wu, PL",,,,"Liu, Sicheng; Zhang, Yunchuan; Chen, Wenbai; Wu, Peiliang",,,DASP: Hierarchical Offline Reinforcement Learning via Diffusion Autodecoder and Skill Primitive,IEEE ROBOTICS AND AUTOMATION LETTERS,,,,,,,,,,,,,,,,,"Zhang, Yunchuan/V-9309-2019; liu, sicheng/LRV-2293-2024","liu, si cheng/0009-0007-9866-6431",,,,,,,,,,,,,2377-3766,,,,,FEB,2025,10,2,,,,,1649,1655,,10.1109/LRA.2024.3522842,http://dx.doi.org/10.1109/LRA.2024.3522842,,,,,,,,,,,,,WOS:001395277500012,View Full Record in Web of Science
C,"Nair, V; Hemeren, P; Vignolo, A; Noceti, N; Nicora, E; Sciutti, A; Rea, F; Billing, E; Odone, F; Sandini, G",,,IEEE,"Nair, Vipul; Hemeren, Paul; Vignolo, Alessia; Noceti, Nicoletta; Nicora, Elena; Sciutti, Alessandra; Rea, Francesco; Billing, Erik; Odone, Francesca; Sandini, Giulio",,,Action similarity judgment based on kinematic primitives,10TH IEEE INTERNATIONAL CONFERENCE ON DEVELOPMENT AND LEARNING AND EPIGENETIC ROBOTICS (ICDL-EPIROB 2020),Joint IEEE International Conference on Development and Learning and Epigenetic Robotics ICDL-EpiRob,,,,10th Joint IEEE International Conference on Development and Learning and Epigenetic Robotics (ICDL-EpiRob),"OCT 26-30, 2020","Univ Tecnica Federico Santa Maria, ELECTR NETWORK","IEEE,IEEE Computat Intelligence Soc,AC3E,Clover Ingn 2030,Synopsys,Aarhus Univ, Dept Engn,Adv Min Technol Ctr,Centro Innovac & Robotica,Deakin Univ,Univ Andres Bello,Adv Ctr Elect & Elect Engn",Univ Tecnica Federico Santa Maria,,,,,,,,"Sciutti, Alessandra/E-4291-2017; Billing, Erik/AAC-5790-2019",,,,,,,,,,,,,,2161-9484,,978-1-7281-7306-1,,,,2020,,,,,,,,,,10.1109/icdl-epirob48136.2020.9278047,http://dx.doi.org/10.1109/icdl-epirob48136.2020.9278047,,,,,,,,,,,,,WOS:000692524300007,View Full Record in Web of Science
C,"Yuan, WT; Murali, A; Mousavian, A; Fox, D",,"Tan, J; Toussaint, M; Darvish, K",,"Yuan, Wentao; Murali, Adithyavairavan; Mousavian, Arsalan; Fox, Dieter",,,M2T2: Multi-Task Masked Transformer for Object-centric Pick and Place,"CONFERENCE ON ROBOT LEARNING, VOL 229",Proceedings of Machine Learning Research,,,,7th Conference on Robot Learning (CoRL),"NOV 06-09, 2023","Atlanta, GA",,,,,,,,,,,,,,,,,,,,,,,,2640-3498,,,,,,2023,229,,,,,,,,,,,,,,,,,,,,,,,WOS:001221201503036,View Full Record in Web of Science
J,"Zech, P; Renaudo, E; Haller, S; Zhang, X; Piater, J",,,,"Zech, Philipp; Renaudo, Erwan; Haller, Simon; Zhang, Xiang; Piater, Justus",,,Action representations in robotics: A taxonomy and systematic classification,INTERNATIONAL JOURNAL OF ROBOTICS RESEARCH,,,,,,,,,,,,,,,,,"; Haller-Seeber, Simon/JQW-3179-2023","Zech, Philipp/0000-0002-4952-4337; Renaudo, Erwan/0000-0003-3282-8972; Haller-Seeber, Simon/0000-0002-1538-5906",,,,,,,,,,,,,0278-3649,1741-3176,,,,APR,2019,38,5,,,,,518,562,,10.1177/0278364919835020,http://dx.doi.org/10.1177/0278364919835020,,,,,,,,,,,,,WOS:000465025200002,View Full Record in Web of Science
J,"Cao, XG; Lu, T; Zheng, LM; Cai, YH; Wang, S",,,,"Cao, Xiaoge; Lu, Tao; Zheng, Liming; Cai, Yinghao; Wang, Shuo",,,PLOT: Human-Like Push-Grasping Synergy Learning in Clutter With One-Shot Target Recognition,IEEE TRANSACTIONS ON COGNITIVE AND DEVELOPMENTAL SYSTEMS,,,,,,,,,,,,,,,,,"Zheng, Liming/KHD-4409-2024","wang, shuo/0000-0002-1390-9219",,,,,,,,,,,,,2379-8920,2379-8939,,,,AUG,2024,16,4,,,,,1391,1404,,10.1109/TCDS.2024.3357084,http://dx.doi.org/10.1109/TCDS.2024.3357084,,,,,,,,,,,,,WOS:001292741200019,View Full Record in Web of Science
J,"Krüger, V; Herzog, DL; Baby, S; Ude, A; Kragic, D",,,,"Kruger, Volker; Herzog, Dennis L.; Baby, Sanmohan; Ude, Ales; Kragic, Danica",,,Learning Actions from observations Primitive-Based Modeling and Grammar,IEEE ROBOTICS & AUTOMATION MAGAZINE,,,,,,,,,,,,,,,,,"Ude, Aleš/ABB-7839-2020","Kruger, Volker/0000-0002-8836-8816; Ude, Ales/0000-0003-3677-3972",,,,,,,,,,,,,1070-9932,1558-223X,,,,JUN,2010,17,2,,,,,30,43,,10.1109/MRA.2010.936961,http://dx.doi.org/10.1109/MRA.2010.936961,,,,,,,,,,,,,WOS:000281777800007,View Full Record in Web of Science
J,"Vuga, R; Aksoy, EE; Wörgötter, F; Ude, A",,,,"Vuga, Rok; Aksoy, Eren Erdal; Woergoetter, Florentin; Ude, Ales",,,Probabilistic semantic models for manipulation action representation and extraction,ROBOTICS AND AUTONOMOUS SYSTEMS,,,,,,,,,,,,,,,,,"Ude, Aleš/ABB-7839-2020","Ude, Ales/0000-0003-3677-3972; Aksoy, Eren Erdal/0000-0002-5712-6777",,,,,,,,,,,,,0921-8890,1872-793X,,,,MAR,2015,65,,,,,,40,56,,10.1016/j.robot.2014.11.012,http://dx.doi.org/10.1016/j.robot.2014.11.012,,,,,,,,,,,,,WOS:000349724400004,View Full Record in Web of Science
