Publication Type,Authors,Book Authors,Book Editors,Book Group Authors,Author Full Names,Book Author Full Names,Group Authors,Article Title,Source Title,Book Series Title,Book Series Subtitle,Language,Document Type,Conference Title,Conference Date,Conference Location,Conference Sponsor,Conference Host,Author Keywords,Keywords Plus,Abstract,Addresses,Affiliations,Reprint Addresses,Email Addresses,Researcher Ids,ORCIDs,Funding Orgs,Funding Name Preferred,Funding Text,Cited References,Cited Reference Count,"Times Cited, WoS Core","Times Cited, All Databases",180 Day Usage Count,Since 2013 Usage Count,Publisher,Publisher City,Publisher Address,ISSN,eISSN,ISBN,Journal Abbreviation,Journal ISO Abbreviation,Publication Date,Publication Year,Volume,Issue,Part Number,Supplement,Special Issue,Meeting Abstract,Start Page,End Page,Article Number,DOI,DOI Link,Book DOI,Early Access Date,Number of Pages,WoS Categories,Web of Science Index,Research Areas,IDS Number,Pubmed Id,Open Access Designations,Highly Cited Status,Hot Paper Status,Date of Export,UT (Unique WOS ID),Web of Science Record
J,"Muhammad, W; Spratling, MW",,,,"Muhammad, Wasif; Spratling, Michael W.",,,A Neural Model of Coordinated Head and Eye Movement Control,JOURNAL OF INTELLIGENT & ROBOTIC SYSTEMS,,,,,,,,,,,,,,,,,"WASIF, MUHAMMAD/F-6102-2012; Spratling, Michael/G-7689-2011","Spratling, Michael/0000-0001-9531-2813; muhammad, wasif/0000-0002-4682-0085",,,,,,,,,,,,,0921-0296,1573-0409,,,,JAN,2017,85,1,,,,,107,126,,10.1007/s10846-016-0410-8,http://dx.doi.org/10.1007/s10846-016-0410-8,,,,,,,,,,,,,WOS:000392059800007,View Full Record in Web of Science
J,"Karpov, VE",,,,"Karpov, V. E.",,,Emotions and temperament of robots: Behavioral aspects,JOURNAL OF COMPUTER AND SYSTEMS SCIENCES INTERNATIONAL,,,,,,,,,,,,,,,,,"Karpov, Valery/S-2039-2016","Karpov, Valery/0000-0002-9364-1223",,,,,,,,,,,,,1064-2307,1555-6530,,,,SEP,2014,53,5,,,,,743,760,,10.1134/S1064230714050098,http://dx.doi.org/10.1134/S1064230714050098,,,,,,,,,,,,,WOS:000343055300010,View Full Record in Web of Science
C,"Kästner, L; Marx, C; Lambrecht, J",,,IEEE,"Kaestner, Linh; Marx, Cornelius; Lambrecht, Jens",,,Deep-Reinforcement-Learning-Based Semantic Navigation of Mobile Robots in Dynamic Environments,2020 IEEE 16TH INTERNATIONAL CONFERENCE ON AUTOMATION SCIENCE AND ENGINEERING (CASE),IEEE International Conference on Automation Science and Engineering,,,,16th IEEE International Conference on Automation Science and Engineering (CASE),"AUG 20-21, 2020",ELECTR NETWORK,IEEE,,,,,,,,,"Kästner, Linh/HOF-4003-2023",,,,,,,,,,,,,,2161-8070,,978-1-7281-6904-0,,,,2020,,,,,,,1110,1115,,10.1109/case48305.2020.9216798,http://dx.doi.org/10.1109/case48305.2020.9216798,,,,,,,,,,,,,WOS:000612200600159,View Full Record in Web of Science
C,"Huntsberger, T; Mataric, M; Pirjanian, P",,"McKee, GT; Schenker, PS",,"Huntsberger, T; Mataric, M; Pirjanian, P",,,Action selection within the context of a robotic colony,SENSOR FUSION AND DECENTRALIZED CONTROL IN ROBOTIC SYSTEMS II,PROCEEDINGS OF THE SOCIETY OF PHOTO-OPTICAL INSTRUMENTATION ENGINEERS (SPIE),,,,Sensor Fusion and Decentralized Control in Robotic Systems II Conference,"SEP 19-20, 1999","BOSTON, MA",SPIE,,,,,,,,,,,,,,,,,,,,,,,0277-786X,,0-8194-3432-9,,,,1999,3839,,,,,,84,90,,10.1117/12.360328,http://dx.doi.org/10.1117/12.360328,,,,,,,,,,,,,WOS:000083488800009,View Full Record in Web of Science
J,"Yalçinkaya, B; Couceiro, MS; Soares, SP; Valente, A",,,,"Yalcinkaya, Beril; Couceiro, Micael S.; Soares, Salviano Pinto; Valente, Antonio",,,Human-Aware Collaborative Robots in the Wild: Coping with Uncertainty in Activity Recognition,SENSORS,,,,,,,,,,,,,,,,,"Ferreira, Nuno/I-5154-2012; Valente, Antonio/G-6231-2012; Couceiro, Micael/G-4342-2010","Valente, Antonio/0000-0002-5798-1298; Pinto Soares, Salviano/0000-0001-5862-5706; Yalcinkaya, Beril/0000-0001-8411-722X; Couceiro, Micael/0000-0001-6641-6090",,,,,,,,,,,,,,1424-8220,,,,APR,2023,23,7,,,,,,,3388,10.3390/s23073388,http://dx.doi.org/10.3390/s23073388,,,,,,,,37050446,,,,,WOS:000970422400001,View Full Record in Web of Science
J,"Sung, H; Kim, H; Choi, J; Kim, H; Li, CZ; Cho, M",,,,"Sung, Heejun; Kim, Hyunsu; Choi, Joonmyung; Kim, Hongseok; Li, Chenzhe; Cho, Maenghyo",,,Structural design of soft robotics using a joint structure of photoresponsive polymers,SMART MATERIALS AND STRUCTURES,,,,,,,,,,,,,,,,,"Choi, Joonmyung/ACA-9138-2022; Choi, Joonmyung/G-5464-2014","Choi, Joonmyung/0000-0003-3673-8069",,,,,,,,,,,,,0964-1726,1361-665X,,,,MAY,2020,29,5,,,,,,,55032,10.1088/1361-665X/ab7f3f,http://dx.doi.org/10.1088/1361-665X/ab7f3f,,,,,,,,,,,,,WOS:000526678700001,View Full Record in Web of Science
J,"Rasouli, S; Dautenhahn, K; Nehaniv, CL",,,,"Rasouli, Samira; Dautenhahn, Kerstin; Nehaniv, Chrystopher L.",,,Simulation of a Bio-Inspired Flocking-Based Aggregation Behaviour in Swarm Robotics,BIOMIMETICS,,,,,,,,,,,,,,,,,,,,,,,,,,,,,,,,2313-7673,,,,NOV,2024,9,11,,,,,,,668,10.3390/biomimetics9110668,http://dx.doi.org/10.3390/biomimetics9110668,,,,,,,,39590240,,,,,WOS:001366691100001,View Full Record in Web of Science
C,"Liu, MQ; Zhou, HL",,"Zhang, SY; Wang, F",,Liu Man-qiang; Zhou Hong-li,,,Elman neural network controller for behavior-based robot,Proceedings of 2006 Chinese Control and Decision Conference,,,,,18th Chinese Control and Decision Conference,"JUL 27-30, 2006","Tianjin, PEOPLES R CHINA",,,,,,,,,,"Liu, Manqiang/G-6566-2012",,,,,,,,,,,,,,,,978-7-81102-262-9,,,,2006,,,,,,,1329,1332,,,,,,,,,,,,,,,,WOS:000244066100347,View Full Record in Web of Science
C,"Tylman, W",,"Zamojski, W; Mazurkiewicz, J; Sugier, J; Wallowiak, T",,"Tylman, Wojciech",,,Anomaly-based intrusion detection using Bayesian networks,DEPCOS - RELCOMEX 2008: PROCEEDINGS OF THE INTERNATIONAL CONFERENCE ON DEPENDABILITY OF COMPUTER SYSTEMS,,,,,International Conference on Dependability of Computer Systems,"JUN 26-28, 2008","Szklarska Poreba, POLAND","Inst Comp Engineers, Control & Robot,Wroclaw Univ Technol,Moscow Power Engn Inst",,,,,,,,,"Tylman, Wojciech/V-4453-2018","Tylman, Wojciech/0000-0002-6084-469X",,,,,,,,,,,,,,,978-0-7695-3179-3,,,,2008,,,,,,,211,+,,10.1109/DepCoS-RELCOMEX.2008.52,http://dx.doi.org/10.1109/DepCoS-RELCOMEX.2008.52,,,,,,,,,,,,,WOS:000258326900027,View Full Record in Web of Science
J,"Bu, YJ; Yan, Y; Yang, YN",,,,"Bu, Yajun; Yan, Ye; Yang, Yueneng",,,Advancement Challenges in UAV Swarm Formation Control: A Comprehensive Review,DRONES,,,,,,,,,,,,,,,,,,"Yang, Yueneng/0000-0002-7064-4229",,,,,,,,,,,,,,2504-446X,,,,JUL,2024,8,7,,,,,,,320,10.3390/drones8070320,http://dx.doi.org/10.3390/drones8070320,,,,,,,,,,,,,WOS:001277307800001,View Full Record in Web of Science
C,"Xiu, CJ; Chen, H",,"Liu, H; Ding, H; Xiong, Z; Zhu, X",,"Xiu, CaiJing; Chen, Hui",,,A Behavior-Based Path Planning for Autonomous Vehicle,"INTELLIGENT ROBOTICS AND APPLICATIONS, PT II",Lecture Notes in Artificial Intelligence,,,,3rd International Conference on Intelligent Robotics and Applications (ICIRA),"NOV 10-12, 2010","Shanghai, PEOPLES R CHINA",,,,,,,,,,,,,,,,,,,,,,,,0302-9743,,978-3-642-16586-3,,,,2010,6425,,,,,,1,9,,,,,,,,,,,,,,,,WOS:000324736100001,View Full Record in Web of Science
C,"Sukhatme, GS; Montgomery, JF; Mataric, MJ",,"McKee, GT; Schenker, PS",,"Sukhatme, GS; Montgomery, JF; Mataric, MJ",,,Design and implementation of a mechanically heterogeneous robot group,SENSOR FUSION AND DECENTRALIZED CONTROL IN ROBOTIC SYSTEMS II,PROCEEDINGS OF THE SOCIETY OF PHOTO-OPTICAL INSTRUMENTATION ENGINEERS (SPIE),,,,Sensor Fusion and Decentralized Control in Robotic Systems II Conference,"SEP 19-20, 1999","BOSTON, MA",SPIE,,,,,,,,,,,,,,,,,,,,,,,0277-786X,,0-8194-3432-9,,,,1999,3839,,,,,,122,133,,10.1117/12.360332,http://dx.doi.org/10.1117/12.360332,,,,,,,,,,,,,WOS:000083488800013,View Full Record in Web of Science
J,"Zhou, YJ; Wang, T; Wang, TH; Lei, XK; Peng, XG",,,,"Zhou, Yongjian; Wang, Tao; Wang, Tonghao; Lei, Xiaokang; Peng, Xingguang",,,Anticipation promotes the velocity alignment in collective motion,PHYSICA A-STATISTICAL MECHANICS AND ITS APPLICATIONS,,,,,,,,,,,,,,,,,"Lei, Xiaokang/CAH-1051-2022; Wang, Tonghao/AAX-8514-2021; Peng, Xingguang/ABA-1167-2020","Lei, Xiaokang/0000-0003-0517-6606; Wang, Tao/0000-0002-3236-0620; Peng, Xingguang/0000-0001-8483-5432",,,,,,,,,,,,,0378-4371,1873-2119,,,,MAR 1,2024,637,,,,,,,,129601,10.1016/j.physa.2024.129601,http://dx.doi.org/10.1016/j.physa.2024.129601,,FEB 2024,,,,,,,,,,,WOS:001187974900001,View Full Record in Web of Science
J,"Butler, Z; Hays, J",,,,"Butler, Zack; Hays, Jacob",,,Task allocation for reconfigurable teams,ROBOTICS AND AUTONOMOUS SYSTEMS,,,,,,,,,,,,,,,,,,,,,,,,,,,,,,,0921-8890,1872-793X,,,,JUN,2015,68,,,,,,59,71,,10.1016/j.robot.2015.02.001,http://dx.doi.org/10.1016/j.robot.2015.02.001,,,,,,,,,,,,,WOS:000352669500006,View Full Record in Web of Science
S,"Scerri, P; Coradeschi, S; Törne, A",,"Asada, M; Kitano, H",,"Scerri, P; Coradeschi, S; Törne, A",,,A user oriented system for developing behavior based agents,ROBOCUP-98: ROBOT SOCCER WORLD CUP II,LECTURE NOTES IN ARTIFICIAL INTELLIGENCE,,,,"2nd Robot World Cup Conference (RoboCup-98), at the FIFA World Cup","JUL 02-09, 1998","CITE SCI & IND, PARIS, FRANCE","Sony Corp,NAMCO Ltd,SUNX Ltd",CITE SCI & IND,,,,,,,,,,,,,,,,,,,,,,0302-9743,,3-540-66320-7,,,,1999,1604,,,,,,173,186,,,,,,,,,,,,,,,,WOS:000087616500014,View Full Record in Web of Science
C,"Gonçalves, A; Godinho, A; Sequeira, J",,"Zaytoon, J; Ferrier, JL; Cetto, JA; Filipe, J",,"Goncalves, Andre; Godinho, Andre; Sequeira, Joao",,,Low cost sensing for autonomous car driving in highways,"ICINCO 2007: PROCEEDINGS OF THE FOURTH INTERNATIONAL CONFERENCE ON INFORMATICS IN CONTROL, AUTOMATION AND ROBOTICS, VOL RA-2: ROBOTICS AND AUTOMATION, VOL 2",,,,,"4th International Conference on Informatics in Control, Automation and Robotics","MAY 09-12, 2007","Angers, FRANCE","Inst Syst & Technol Informat, Control & Commun,Univ Angers,Int Federat Automat Control,GDR MACS,CNRS,EEA,Assoc Advancement Artificial Intelligence",,,,,,,,,"Sequeira, Joao/F-9728-2010","Sequeira, Joao/0000-0002-6706-5365",,,,,,,,,,,,,,,978-972-8865-83-2,,,,2007,,,,,,,370,377,,,,,,,,,,,,,,,,WOS:000252643500056,View Full Record in Web of Science
J,"Ahmad, MI; Mubin, O; Shahid, S; Orlando, J",,,,"Ahmad, Muneeb Imtiaz; Mubin, Omar; Shahid, Suleman; Orlando, Joanne",,,Robot's adaptive emotional feedback sustains children's social engagement and promotes their vocabulary learning: a long-term child-robot interaction study,ADAPTIVE BEHAVIOR,,,,,,,,,,,,,,,,,"Ahmad, Muneeb/AAF-8450-2020; Orlando, Joanne/LWH-5604-2024",,,,,,,,,,,,,,1059-7123,1741-2633,,,,AUG,2019,27,4,,,,,243,266,,10.1177/1059712319844182,http://dx.doi.org/10.1177/1059712319844182,,,,,,,,,,,,,WOS:000475457000002,View Full Record in Web of Science
C,"Rahman, N; Zia-Ul-Haq, QSM; Ihsan-Ul-Haq",,,IEEE,"Rahman, Nasir; Zia-Ul-Haq, Qazi S. M.; Ihsan-Ul-Haq",,,Design and coordination of reactive behaviours for tracking multiple targets in an unstructured environment,"Second International Conference on Emerging Technologies 2006, Proceedings",,,,,2nd International Conference on Emerging Technologies,"NOV 13-14, 2006","Peshawar, PAKISTAN","IEEE,ICET,NWFP Univ Engn & Technol",,,,,,,,,,,,,,,,,,,,,,,,,978-1-4244-0503-9,,,,2006,,,,,,,636,642,,10.1109/ICET.2006.335981,http://dx.doi.org/10.1109/ICET.2006.335981,,,,,,,,,,,,,WOS:000245716900106,View Full Record in Web of Science
C,"Marti, J; Batlle, J; Casals, A",,,IEEE,"Marti, J; Batlle, J; Casals, A",,,Model-based objects recognition in industrial environments for autonomous vehicles control,"1997 IEEE INTERNATIONAL CONFERENCE ON ROBOTICS AND AUTOMATION - PROCEEDINGS, VOLS 1-4",IEEE INTERNATIONAL CONFERENCE ON ROBOTICS AND AUTOMATION,,,,1997 IEEE International Conference on Robotics and Automation (ICRA97) - Teaming to Make an Impact,"APR 20-25, 1997","ALBUQUERQUE, NM","IEEE, Robot & Automat Soc",,,,,,,,,"Casals, Ariadna/C-7006-2009","Casals, Alicia/0000-0003-4706-5533",,,,,,,,,,,,,1050-4729,,0-7803-3613-5,,,,1997,,,,,,,1632,1637,,,,,,,,,,,,,,,,WOS:A1997BJ42X00259,View Full Record in Web of Science
C,"Xu, XD; Luo, Y; Kong, WX",,"Tan, J; Wen, X",,"Xu, Xiaodong; Luo, Yuan; Kong, Weixi",,,Monocular Vision for Intelligent Wheelchair Indoor Navigation Based on Natural Landmark Matching,6TH INTERNATIONAL SYMPOSIUM ON PRECISION ENGINEERING MEASUREMENTS AND INSTRUMENTATION,Proceedings of SPIE,,,,6th International Symposium on Precision Engineering Measurements and Instrumentation,"AUG 08-11, 2010","Hangzhou, PEOPLES R CHINA","Int Comm Measurements & Instrumentat,Natl Nat Sci Fdn China,Chinese Soc Measurement,China Instrument Soc,Harbin Inst Technol,SPIE,China Jiliang Univ,Hefei Univ Technol",,,,,,,,,,,,,,,,,,,,,,,0277-786X,1996-756X,978-0-81947-940-2,,,,2010,7544,,,,,,,,75443F,10.1117/12.885245,http://dx.doi.org/10.1117/12.885245,,,,,,,,,,,,,WOS:000290255700122,View Full Record in Web of Science
J,"Cressman, J; Pokharna, R; Newman, W",,,,"Cressman, Joseph; Pokharna, Rahul; Newman, Wyatt",,,Compliant robotic behaviors for satellite servicing,FRONTIERS IN ROBOTICS AND AI,,,,,,,,,,,,,,,,,,,,,,,,,,,,,,,2296-9144,,,,,JUL 18,2023,10,,,,,,,,1124207,10.3389/frobt.2023.1124207,http://dx.doi.org/10.3389/frobt.2023.1124207,,,,,,,,37533424,,,,,WOS:001041015900001,View Full Record in Web of Science
J,"Manzotti, R; Tagliasco, V",,,,"Manzotti, R; Tagliasco, V",,,From behaviour-based robots to motivation-based robots,ROBOTICS AND AUTONOMOUS SYSTEMS,,,,,,,,,,,,,,,,,,"Manzotti, Riccardo/0000-0001-8634-5250",,,,,,,,,,,,,0921-8890,,,,,MAY 31,2005,51,2-3,,,,,175,190,,10.1016/j.robot.2004.10.004,http://dx.doi.org/10.1016/j.robot.2004.10.004,,,,,,,,,,,,,WOS:000228775900007,View Full Record in Web of Science
J,"Hentout, A; Bouzouia, B; Toukal, Z",,,,"Hentout, A.; Bouzouia, B.; Toukal, Z.",,,Multi-agent Architecture Model for Driving Mobile Manipulator Robots,INTERNATIONAL JOURNAL OF ADVANCED ROBOTIC SYSTEMS,,,,,,,,,,,,,,,,,,"Hentout, Abdelfetah/0000-0003-3851-7745",,,,,,,,,,,,,1729-8814,,,,,SEP,2008,5,3,,,,,257,268,,,,,,,,,,,,,,,,WOS:000264063000005,View Full Record in Web of Science
C,"Kubitz, O; Berger, MO; Perlick, M; Dumoulin, R",,,IEEE,"Kubitz, O; Berger, MO; Perlick, M; Dumoulin, R",,,Application of radio frequency identification devices to support navigation of autonomous mobile robots,"1997 IEEE 47TH VEHICULAR TECHNOLOGY CONFERENCE PROCEEDINGS, VOLS 1-3: TECHNOLOGY IN MOTION",IEEE VEHICULAR TECHNOLOGY CONFERENCE PROCEEDINGS,,,,IEEE 47th Vehicular Technology Conference - Technology in Motion (VTC 97),"MAY 04-07, 1997","PHOENIX, AZ",IEEE Vehicular Technol Soc,,,,,,,,,,,,,,,,,,,,,,,1090-3038,,0-7803-3660-7,,,,1997,,,,,,,126,130,,,,,,,,,,,,,,,,WOS:A1997BJ08S00026,View Full Record in Web of Science
C,"Ben Lamine, K; Kabanza, F",,,IEEE COMPUTER SOCIETY; IEEE COMPUTER SOCIETY,"Ben Lamine, K; Kabanza, F",,,History checking of temporal fuzzy logic formulas for monitoring behavior-based mobile robots,"12TH IEEE INTERNATIONAL CONFERENCE ON TOOLS WITH ARTIFICIAL INTELLIGENCE, PROCEEDINGS",Proceedings-International Conference on Tools With Artificial Intelligence,,,,12th IEEE International Conference on Tools with Artificial Intelligence (ICTAI 2000),"NOV 13-15, 2000","VANCOUVER, CANADA",IEEE Comp Soc,,,,,,,,,,,,,,,,,,,,,,,1082-3409,,0-7695-0909-6; 0-7695-0910-X,,,,2000,,,,,,,312,319,,10.1109/TAI.2000.889888,http://dx.doi.org/10.1109/TAI.2000.889888,,,,,,,,,,,,,WOS:000165966400050,View Full Record in Web of Science
C,"Ravangard, M",,,IEEE,"Ravangard, Mehdi",,,Fuzzy Behavior Based Mobile Robot Navigation,2015 4th Iranian Joint Congress on Fuzzy and Intelligent Systems (CFIS),,,,,4th Iranian Joint Congress on Fuzzy and Intelligent Systems (CFIS),"SEP 09-11, 2015","Zahedan, IRAN",,,,,,,,,,,,,,,,,,,,,,,,,,978-1-4673-8545-9,,,,2015,,,,,,,,,,,,,,,,,,,,,,,,WOS:000380585700014,View Full Record in Web of Science
C,"Senoo, T; Murakami, K; Ishikawa, M",,,IEEE,"Senoo, Taku; Murakami, Kenichi; Ishikawa, Masatoshi",,,Deformable Robot Behavior based on the Standard Linear Solid Model,2017 IEEE CONFERENCE ON CONTROL TECHNOLOGY AND APPLICATIONS (CCTA 2017),,,,,1st Annual IEEE Conference on Control Technology and Applications,"AUG 27-30, 2017",HI,"IEEE,CSS,IEEE Robot & Automat Soc,SICE",,,,,,,,,"Senoo, Taku/AAT-8552-2020","Ishikawa, Masatoshi/0000-0002-6096-830X",,,,,,,,,,,,,,,978-1-5090-2182-6,,,,2017,,,,,,,746,751,,,,,,,,,,,,,,,,WOS:000426981500121,View Full Record in Web of Science
C,"Sonnekalb, T; Lucia, S",,,IEEE,"Sonnekalb, Tim; Lucia, Sergio",,,Smart Hot Water Control with Learned Human Behavior for Minimal Energy Consumption,2019 IEEE 5TH WORLD FORUM ON INTERNET OF THINGS (WF-IOT),,,,,5th IEEE World Forum on Internet of Things (IEEE WF-IoT),"APR 15-19, 2019","Univ Limerick, Elect & Comp Engn Dept, Limerick, IRELAND","IEEE,Univ Limerick,IEEE Commun Soc,IEEE Consumer Elect Soc,IEEE Reliabil Soc,IEEE Sensors Council,IEEE Signal Proc Soc,IEEE Stand Assoc,IEEE Control Syst Soc,IEEE Council Elect Design Automat,IEEE Council RFID,IEEE Electromagnet Compatibil Soc,IEEE Elect Devices Soc,IEEE Elect Packaging Soc,IEEE Ind Elect Soc,IEEE Microwave Theory & Tech Soc,IEEE Power & Energy Soc,IEEE Power Elect Soc,IEEE Robot & Automat Soc,IEEE Soc Social Implicat Technol,IEEE Vehicular Technol Soc,Sci Fdn Ireland,Analog Devices Inc,InterTradeIreland,Failte Ireland,SUGA Int Holdings Ltd,Sensors Journal","Univ Limerick, Elect & Comp Engn Dept",,,,,,,,"Lucia, Sergio/H-7716-2019","Lucia, Sergio/0000-0002-3347-5593",,,,,,,,,,,,,,,978-1-5386-4980-0,,,,2019,,,,,,,572,577,,10.1109/wf-iot.2019.8767171,http://dx.doi.org/10.1109/wf-iot.2019.8767171,,,,,,,,,,,,,WOS:000492865800106,View Full Record in Web of Science
C,"Billing, EA",,"Filipe, J; Fred, A; Sharp, B",,"Billing, Erik A.",,,COGNITIVE PERSPECTIVES ON ROBOT BEHAVIOR,"ICAART 2010: PROCEEDINGS OF THE 2ND INTERNATIONAL CONFERENCE ON AGENTS AND ARTIFICIAL INTELLIGENCE, VOL 2: AGENTS",,,,,2nd International Conference on Agents and Artificial Intelligence (ICAART 2010),"JAN 22-24, 2010","Valencia, SPAIN",,,,,,,,,,"Billing, Erik/AAC-5790-2019","Billing, Erik/0000-0002-6568-9342",,,,,,,,,,,,,,,978-989-674-022-1,,,,2010,,,,,,,373,382,,,,,,,,,,,,,,,,WOS:000392361900064,View Full Record in Web of Science
J,"Handri, S; Nomura, S; Nakamura, K",,,,"Handri, S.; Nomura, S.; Nakamura, K.",,,Determination of Age and Gender Based on Features of Human Motion Using AdaBoost Algorithms,INTERNATIONAL JOURNAL OF SOCIAL ROBOTICS,,,,,,,,,,,,,,,,,"Santoso, Handri/GLU-4281-2022","Nomura, Shusaku/0000-0003-2815-3968; Santoso, Handri/0000-0002-3265-8179",,,,,,,,,,,,,1875-4791,1875-4805,,,,AUG,2011,3,3,,,,,233,241,,10.1007/s12369-010-0089-0,http://dx.doi.org/10.1007/s12369-010-0089-0,,,,,,,,,,,,,WOS:000208894000004,View Full Record in Web of Science
B,"Rutkowska, JC",,"Moran, F; Moreno, A; Merelo, JJ; Chacon, P",,"Rutkowska, JC",,,Can development be designed? What we may learn from the Cog Project,ADVANCES IN ARTIFICIAL LIFE,LECTURE NOTES IN ARTIFICIAL INTELLIGENCE,,,,3rd European Conference on Artificial Life,"JUN 04-06, 1995","GRANADA, SPAIN","ISSOL,Spanish RIG IEEE Neural Networks Council,Silicon Graph Spain,IBM Spain,Parque Cienc Granada",,,,,,,,,,,,,,,,,,,,,,,,,3-540-59496-5,,,,1995,929,,,,,,383,395,,,,,,,,,,,,,,,,WOS:A1995BF02F00029,View Full Record in Web of Science
C,"Idei, H; Murata, S; Chen, YW; Yamashita, Y; Tani, J; Ogata, T",,,IEEE,"Idei, Hayato; Murata, Shingo; Chen, Yiwen; Yamashita, Yuichi; Tani, Jun; Ogata, Tetsuya",,,Reduced Behavioral Flexibility by Aberrant Sensory Precision in Autism Spectrum Disorder: A Neurorobotics Experiment,2017 THE SEVENTH JOINT IEEE INTERNATIONAL CONFERENCE ON DEVELOPMENT AND LEARNING AND EPIGENETIC ROBOTICS (ICDL-EPIROB),Joint IEEE International Conference on Development and Learning and Epigenetic Robotics ICDL-EpiRob,,,,7th joint IEEE International Conference on Development Learning and Epigenetic Robotic (IEEE ICDL-EpiRob),"SEP 18-21, 2017","Univ Lisbon, Inst Super Tecnico, Lisbon, PORTUGAL","IEEE Computat Intelligence Soc,Inst Syst & Robot,Univ Lisboa, Mind Brain Coll,Fundacao Ciencia Tecnologia,Robot Brain & Cognit Res Infrastructure Lab","Univ Lisbon, Inst Super Tecnico",,,,,,,,"Murata, Shingo/IXN-6904-2023; Tani, Jun/AAI-8287-2020; Idei, Hayato/AAI-9321-2020; Chen, Yiwen/IUP-2419-2023","Ogata, Tetsuya/0000-0001-7015-0379; Idei, Hayato/0000-0003-3368-2901",,,,,,,,,,,,,2161-9484,,978-1-5386-3715-9,,,,2017,,,,,,,271,276,,,,,,,,,,,,,,,,WOS:000491967600037,View Full Record in Web of Science
C,"Esposito, JM; Kim, J; Kumar, V",,"Erdmann, M; Hsu, D; Overmars, M; VanDerStappen, F",,"Esposito, JM; Kim, J; Kumar, V",,,Adaptive RRTs for validating hybrid robotic control systems,ALGORITHMIC FOUNDATIONS OF ROBOTICS VI,Springer Tracts in Advanced Robotics,,,,6th International Workshop on Algorithmic Foundations of Robotics,"JUL 11-13, 2004","Zeist, NETHERLANDS","Utrecht Univ,Dutch Org Sci Res",,,,,,,,,,,,,,,,,,,,,,,1610-7438,1610-742X,3-540-25728-4,,,,2005,17,,,,,,107,121,,,,,,,,,,,,,,,,WOS:000231865200009,View Full Record in Web of Science
J,"López, OJR",,,,"Romero Lopez, Oscar Javier",,,An evolutionary behavioral model for decision making,ADAPTIVE BEHAVIOR,,,,,,,,,,,,,,,,,,,,,,,,,,,,,,,1059-7123,1741-2633,,,,DEC,2011,19,6,,,,,451,475,,10.1177/1059712311419680,http://dx.doi.org/10.1177/1059712311419680,,,,,,,,,,,,,WOS:000297478400004,View Full Record in Web of Science
J,"Lee, M",,,,"Lee, M",,,Evolution of behaviors in autonomous robot using artificial neural network and genetic algorithm,INFORMATION SCIENCES,,,,,,,,,,,,,,,,,,,,,,,,,,,,,,,0020-0255,1872-6291,,,,OCT 1,2003,155,1-2,,,,,43,60,,10.1016/S0020-0255(03)00125-7,http://dx.doi.org/10.1016/S0020-0255(03)00125-7,,,,,,,,,,,,,WOS:000185636300003,View Full Record in Web of Science
J,"Das, MS; Sanyal, S; Mandal, S",,,,"Das, Madhu Sudan; Sanyal, Sourish; Mandal, Sanjoy",,,Navigation of Multiple Robots in Formative Manner in an Unknown Environment using Artificial Potential Field Based Path Planning Algorithm,AIN SHAMS ENGINEERING JOURNAL,,,,,,,,,,,,,,,,,"Mandal, Sanjoy/GLR-8125-2022",,,,,,,,,,,,,,2090-4479,2090-4495,,,,SEP,2022,13,5,,,,,,,101675,10.1016/j.asej.2021.101675,http://dx.doi.org/10.1016/j.asej.2021.101675,,JAN 2022,,,,,,,,,,,WOS:000799710000011,View Full Record in Web of Science
S,"Piaggio, M; Sgorbissa, A",,"Lamma, E; Mello, P",,"Piaggio, M; Sgorbissa, A",,,Real-time motion planning in autonomous vehicles: A hybrid approach,AI*IA 99: ADVANCES IN ARTIFICIAL INTELLIGENCE,LECTURE NOTES IN ARTIFICIAL INTELLIGENCE,,,,6th Congress of the Italian-Association-for-Artificial-Intelligence (AI*IA),"SEP 14-17, 1999","BOLOGNA, ITALY",Italian Assoc Artificial Intelligence,,,,,,,,,,"Sgorbissa, Antonio/0000-0001-7789-4311",,,,,,,,,,,,,0302-9743,,3-540-67350-4,,,,2000,1792,,,,,,368,379,,,,,,,,,,,,,,,,WOS:000170556300032,View Full Record in Web of Science
J,"Neven, H; Schoner, G",,,,"Neven, H; Schoner, G",,,Dynamics parametrically controlled by image correlations organize robot navigation,BIOLOGICAL CYBERNETICS,,,,,,,,,,,,,,,,,"Schöner, Gregor/AAU-1050-2020","Schoner, Gregor/0000-0002-4776-9998",,,,,,,,,,,,,0340-1200,1432-0770,,,,OCT,1996,75,4,,,,,293,307,,10.1007/s004220050296,http://dx.doi.org/10.1007/s004220050296,,,,,,,,,,,,,WOS:A1996VT49300002,View Full Record in Web of Science
C,"Hartanto, R; Schönherr, F; Mock, M; Hertzberg, J",,"Mock, M; Nakajima, T; Moody, S",,"Hartanto, R; Schönherr, F; Mock, M; Hertzberg, J",,,Target-oriented mobile robot behaviors for office navigation tasks,"SECOND IEEE WORKSHOP ON SOFTWARE TECHNOLOGIES FOR FUTURE EMBEDDED AND UBIQUITOUS SYSTEMS, PROCEEDINGS",,,,,2nd IEEE Workshop on Software Technologies for Future Embedded and Ubiquitous Systems,"MAY 11-12, 2004","Vienna, AUSTRIA","IEEE Comp Soc TC Distributed Processing,OMG,IFIP WG 10 4",,,,,,,,,,"Hartanto, Ronny/0000-0001-9441-8843",,,,,,,,,,,,,,,0-7695-2123-1,,,,2004,,,,,,,104,108,,10.1109/WSTFES.2004.1300423,http://dx.doi.org/10.1109/WSTFES.2004.1300423,,,,,,,,,,,,,WOS:000222054300019,View Full Record in Web of Science
C,"Mnif, M; Richter, U; Branke, J; Schmeck, H; Müller-Schloer, C",,"Lukowicz, P; Thiele, L; Troster, G",,"Mnif, Moez; Richter, Urban; Branke, Jurgen; Schmeck, Hartmut; Mueller-Schloer, Christian",,,Measurement and control of self-organised behaviour in robot swarms,"ARCHITECTURE OF COMPUTING SYSTEMS - ARCS 2007, PROCEEDINGS",Lecture Notes in Computer Science,,,,20th International Conference on Architecture of Computing Systems,"MAR 12-15, 2007","ETH, Zurich, SWITZERLAND",,ETH,,,,,,,,"Schmeck, Hartmut/E-1901-2011","Schmeck, Hartmut/0000-0002-4295-7631; Branke, Juergen/0000-0002-4343-5878",,,,,,,,,,,,,0302-9743,1611-3349,978-3-540-71267-1,,,,2007,4415,,,,,,209,+,,,,,,,,,,,,,,,,WOS:000245948200016,View Full Record in Web of Science
J,"Fabrizi, E; Saffiotti, A",,,,"Fabrizi, E; Saffiotti, A",,,Augmenting topology-based maps with geometric information,ROBOTICS AND AUTONOMOUS SYSTEMS,,,,,6th International Conference on Intelligent Autonomous Systems (IAS-6),"JUL 25-27, 2000","VENICE, ITALY","Intelligent Autonomous Syst Soc,Italian Assoc Artificial Intelligence,Italian Assoc Robot",,,,,,,,,"Saffiotti, Alessandro/B-4213-2013","Saffiotti, Alessandro/0000-0001-8229-1363",,,,,,,,,,,,,0921-8890,,,,,AUG 31,2002,40,2-3,,,,,91,97,PII S0921-8890(02)0234-8,10.1016/S0921-8890(02)00234-8,http://dx.doi.org/10.1016/S0921-8890(02)00234-8,,,,,,,,,,,,,WOS:000177847800004,View Full Record in Web of Science
C,"Wang, Y; De Silva, CW",,,ASME,"Wang, Ying; De Silva, Clarence W.",,,Assess team Q-learning algorithm in a purely cooperative multi-robot task,"PROCEEDINGS OF THE ASME INTERNATIONAL MECHANICAL ENGINERING CONGRESS AND EXPOSITION 2007, VOL 9, PTS A-C: MECHANICAL SYSTEMS AND CONTROL",,,,,ASME International Mechanical Engineering Congress and Exposition,"NOV 10-16, 2007","Seattle, WA",Amer Soc Mech Engineers,,,,,,,,,,,,,,,,,,,,,,,,,978-0-7918-4303-1,,,,2008,,,,,,,627,633,,,,,,,,,,,,,,,,WOS:000254515900073,View Full Record in Web of Science
S,"Lee, WP; Hallam, J; Lund, HH",,"Birk, A; Demiris, J",,"Lee, WP; Hallam, J; Lund, HH",,,Learning complex robot behaviours by evolutionary computing with task decomposition,"LEARNING ROBOTS, PROCEEDINGS",Lecture Notes in Artificial Intelligence,,,,"6th European Workshop on Learning Robots, (EWLR-6)","AUG 01-02, 1997","BRIGHTON, ENGLAND",,,,,,,,,,,,,,,,,,,,,,,,0302-9743,1611-3349,3-540-65480-1,,,,1998,1545,,,,,,155,172,,10.1007/3-540-49240-2_11,http://dx.doi.org/10.1007/3-540-49240-2_11,,,,,,,,,,,,,WOS:000086481500011,View Full Record in Web of Science
J,"Ahmadabadi, MN; Nakano, E",,,,"Ahmadabadi, MN; Nakano, E",,,A constrain and move approach to distributed object manipulation,IEEE TRANSACTIONS ON ROBOTICS AND AUTOMATION,,,,,1997 IEEE/RSJ International Conference on Intelligent Robot and Systems - Innovative Robotics for Real-World Applications (IROS 97),"SEP 07-11, 1997","GRENOBLE, FRANCE","IEEE Ind Electr Soc,IEEE Robot & Automat Soc,Robot Soc Japan,Soc Instrumentat & Control Engineers,New Technol Fdn",,,,,,,,,,,,,,,,,,,,,,,1042-296X,,,,,APR,2001,17,2,,,,,157,172,,10.1109/70.928561,http://dx.doi.org/10.1109/70.928561,,,,,,,,,,,,,WOS:000169288300005,View Full Record in Web of Science
C,"Goodridge, SG; Kay, MG",,,IEEE,"Goodridge, SG; Kay, MG",,,Multimedia sensor fusion for intelligent camera control,MF '96 - 1996 IEEE/SICE/RSJ INTERNATIONAL CONFERENCE ON MULTISENSOR FUSION AND INTEGRATION FOR INTELLIGENT SYSTEMS,,,,,1996 IEEE/SICE/RSJ International Conference on Multisensor Fusion and Integration for Intelligent Systems,"DEC 08-11, 1996","WASHINGTON, DC","IEEE Ind Electr Soc,IEEE Robot & Automat Soc,Soc Instrument & Control Engineers,Robot Soc Japan",,,,,,,,,"Kay, Michael/D-6460-2016","Kay, Michael/0000-0002-1359-8270",,,,,,,,,,,,,,,0-7803-3700-X,,,,1996,,,,,,,655,662,,10.1109/MFI.1996.572243,http://dx.doi.org/10.1109/MFI.1996.572243,,,,,,,,,,,,,WOS:A1996BG88Y00087,View Full Record in Web of Science
J,"Ronald, EMA; Sipper, M",,,,"Ronald, EMA; Sipper, M",,,Surprise versus unsurprise: Implications of emergence in robotics,ROBOTICS AND AUTONOMOUS SYSTEMS,,,,,,,,,,,,,,,,,,"Sipper, Moshe/0000-0003-1811-472X",,,,,,,,,,,,,0921-8890,1872-793X,,,,OCT 31,2001,37,1,,,,,19,24,,10.1016/S0921-8890(01)00149-X,http://dx.doi.org/10.1016/S0921-8890(01)00149-X,,,,,,,,,,,,,WOS:000171732800002,View Full Record in Web of Science
J,"Crook, N; Corneli, J",,,,"Crook, Nigel; Corneli, Joseph",,,The Anatomy of moral agency: A theological and neuroscience inspired model of virtue ethics,COGNITIVE COMPUTATION AND SYSTEMS,,,,,,,,,,,,,,,,,"Corneli, Joseph/ABC-5179-2021","Crook, Nigel/0000-0002-0793-6616; Corneli, Joseph/0000-0003-1330-4698",,,,,,,,,,,,,,2517-7567,,,,JUN,2021,3,2,,,,,109,122,,10.1049/ccs2.12024,http://dx.doi.org/10.1049/ccs2.12024,,,,,,,,,,,,,WOS:001062676500005,View Full Record in Web of Science
S,"Nagai, S; Akatsuka, K; Ido, T; Kondo, H; Miura, A; Tsujino, H",,"Palade, V; Howlett, RJ; Jain, L",,"Nagai, S; Akatsuka, K; Ido, T; Kondo, H; Miura, A; Tsujino, H",,,Active detection of anomalous region as primitive processing for visual object segregation,"KNOWLEDGE-BASED INTELLIGENT INFORMATION AND ENGINEERING SYSTEMS, PT 2, PROCEEDINGS",Lecture Notes in Artificial Intelligence,,,,7th International Conference on Knowledge-Based Intelligent Information and Engineering Systems (KES 2003),"SEP 03-05, 2003","UNIV OXFORD, OXFORD, ENGLAND",,UNIV OXFORD,,,,,,,,"Tsujino, Hiroshi/A-1198-2009","Tsujino, Hiroshi/0000-0001-8042-2796",,,,,,,,,,,,,0302-9743,1611-3349,3-540-40804-5,,,,2003,2774,,,,,,600,606,,,,,,,,,,,,,,,,WOS:000186518100083,View Full Record in Web of Science
J,"Hamdi, MS; Kaiser, K",,,,"Hamdi, MS; Kaiser, K",,,Adaptable arbitration of behaviours: some simulation results,JOURNAL OF INTELLIGENT MANUFACTURING,,,,,2nd World Congress on Intelligent Manufacturing Processes and Systems,"JUN 10-13, 1997","BUDAPEST, HUNGARY",,,,,,,,,,"Hamdi, Mohamed/AAB-6556-2020",,,,,,,,,,,,,,0956-5515,,,,,APR,1998,9,2,,,,,161,166,,10.1023/A:1008872013778,http://dx.doi.org/10.1023/A:1008872013778,,,,,,,,,,,,,WOS:000072824500010,View Full Record in Web of Science
C,"Konidaris, GD; Hayes, GM",,"Schaal, S; Ijspeert, A; Billard, A; Vijayakumar, S; Hallam, J; Meyer, JA",,"Konidaris, GD; Hayes, GM",,,Estimating future reward in reinforcement learning animats using associative learning,FROM ANIMALS TO ANIMATS 8,,,,,8th International Conference on Simulation of Adaptive Behavior (SAB 2004),"JUL 13-17, 2004","Los Angeles, CA",,,,,,,,,,,,,,,,,,,,,,,,,,0-262-69341-0,,,,2004,,,,,,,297,304,,,,,,,,,,,,,,,,WOS:000232494300031,View Full Record in Web of Science
C,"Veale, AJ; Xie, SQ; Anderson, IA",,,IEEE,"Veale, Allan J.; Xie, Sheng Q.; Anderson, Iain A.",,,Accurate and Versatile Multivariable Arbitrary Piecewise Model Regression of Nonlinear Fluidic Muscle Behavior,2017 IEEE INTERNATIONAL CONFERENCE ON MECHATRONICS (ICM),,,,,IEEE International Conference on Mechatronics (IEEE-ICM),"FEB 13-15, 2017","Federat Univ Australia, Gippsland Campus, Gippsland, AUSTRALIA","Inst Elect & Elect Engineers,Inst Elect & Elect Engineers Ind Elect Soc,Inst Elect Engineers Japan,Soc Instrument & Control Engineers,IEEE Robot & Automat Soc","Federat Univ Australia, Gippsland Campus",,,,,,,,"Xie, Sheng/AAU-3957-2021","Xie, Sheng Quan/0000-0003-2641-2620",,,,,,,,,,,,,,,978-1-5090-4538-9,,,,2017,,,,,,,254,259,,,,,,,,,,,,,,,,WOS:000403394600039,View Full Record in Web of Science
C,"Antonelli, G; Arrichiello, F; Chiaverini, S",,,IEEE,"Antonelli, Gianluca; Arrichiello, Filippo; Chiaverini, Stefano",,,Experiments of formation control with collisions avoidance using the Null-Space-Based Behavioral Control,"PROCEEDINGS OF 2006 MEDITERRANEAN CONFERENCE ON CONTROL AND AUTOMATION, VOLS 1 AND 2",Mediterranean Conference on Control and Automation,,,,14th Mediterranean Conference on Control and Automation,"JUN 28-30, 2006","Ancona, ITALY",,,,,,,,,,"Antonelli, Gianluca/P-3287-2015; ARRICHIELLO, Filippo/F-8970-2012",,,,,,,,,,,,,,2325-369X,,978-0-9786720-1-0,,,,2006,,,,,,,265,+,,,,,,,,,,,,,,,,WOS:000243663000046,View Full Record in Web of Science
S,"Ko, A; Lau, HYK; Lau, TL",,"Nicosia, G; Cutello, V; Bentley, PJ; Timmis, J",,"Ko, A; Lau, HYK; Lau, TL",,,An immuno control framework for decentralized mechatronic control,"ARTIFICIAL IMMUNE SYSTEMS, PROCEEDINGS",Lecture Notes in Computer Science,,,,3rd International Conference on Artificial Immune Systems,"SEP 13-16, 2004","Catania, ITALY","Univ Catania, Fac Sci,Acad Network ARTIST,Univ Catania, Dept Math & Comp Sci",,,,,,,,,"Lau, Henry/C-1881-2009; Lau, Ting/C-1882-2009","Lau, Henry Y K/0000-0001-6215-5313; KO, Wing Yin Albert/0009-0007-8773-2632",,,,,,,,,,,,,0302-9743,1611-3349,3-540-23097-1,,,,2004,3239,,,,,,91,105,,,,,,,,,,,,,,,,WOS:000224093300008,View Full Record in Web of Science
J,"Neranon, P; Sutiphotinum, A",,,,"Neranon, Paramin; Sutiphotinum, Anapong",,,A Human-Inspired Control Strategy for Improving Seamless Robot-To-Human Handovers,APPLIED SCIENCES-BASEL,,,,,,,,,,,,,,,,,,"Neranon, Paramin/0000-0002-4554-7267",,,,,,,,,,,,,,2076-3417,,,,MAY,2021,11,10,,,,,,,4437,10.3390/app11104437,http://dx.doi.org/10.3390/app11104437,,,,,,,,,,,,,WOS:000662580400001,View Full Record in Web of Science
C,"Bouloubasis, AK; McKee, GT; Schenker, PS",,,IEEE; IEEE,"Bouloubasis, AK; McKee, GT; Schenker, PS",,,A behaviour-based manipulator for multi-robot transport tasks,"2003 IEEE INTERNATIONAL CONFERENCE ON ROBOTICS AND AUTOMATION, VOLS 1-3, PROCEEDINGS",IEEE International Conference on Robotics and Automation ICRA,,,,20th IEEE International Conference on Robotics and Automation (ICRA),"SEP 14-19, 2003","TAIPEI, TAIWAN","IEEE Robot & Automat Soc,Natl Sci Council,Minist Educ,Chinese Inst Automat Engineers,Ind Technol Res Inst,TECO Elect & Machinery Co Ltd,Met Ind Res & Dev Ctr",,,,,,,,,,,,,,,,,,,,,,,1050-4729,,0-7803-7736-2,,,,2003,,,,,,,2287,2292,,10.1109/ROBOT.2003.1241934,http://dx.doi.org/10.1109/ROBOT.2003.1241934,,,,,,,,,,,,,WOS:000187419900367,View Full Record in Web of Science
C,"Yamashita, S; Ikeda, T; Shinozawa, K; Iwaki, S",,,IEEE,"Yamashita, Shohei; Ikeda, Tetsushi; Shinozawa, Kazuhiko; Iwaki, Satoshi",,,Evaluation of Robots that Signals a Pedestrian Using Face Orientation Based on Moving Trajectory Analysis,2019 28TH IEEE INTERNATIONAL CONFERENCE ON ROBOT AND HUMAN INTERACTIVE COMMUNICATION (RO-MAN),IEEE RO-MAN,,,,28th IEEE International Conference on Robot and Human Interactive Communication (RO-MAN),"OCT 14-18, 2019","New Delhi, INDIA",IEEE,,,,,,,,,,,,,,,,,,,,,,,1944-9445,,978-1-7281-2622-7,,,,2019,,,,,,,,,,10.1109/ro-man46459.2019.8956337,http://dx.doi.org/10.1109/ro-man46459.2019.8956337,,,,,,,,,,,,,WOS:000533896300053,View Full Record in Web of Science
C,"Ray, DN; Majumder, S",,,IOP,"Ray, Dip Narayan; Majumder, Somajyoti",,,Proposed Methodology for Application of Human-like gradual Multi-Agent Q-Learning (HuMAQ) for Multi-robot Exploration,"27TH INTERNATIONAL CONFERENCE ON CADCAM, ROBOTICS AND FACTORIES OF THE FUTURE 2014",IOP Conference Series-Materials Science and Engineering,,,,"27th International Conference on CADCAM, Robotics and Factories of the Future","JUL 22-24, 2014","London, UNITED KINGDOM","Int Soc Productiv Enhancement,Middlesex Univ,Festo GB & Festo AG & Co KG,Sect Skills Council Sci, Engn & Mfg Technolog,Natl Instruments UK & Ireland,Inst Phys Publicat",,,,,,,,,,,,,,,,,,,,,,,1757-8981,,,,,,2014,65,,,,,,,,12016,10.1088/1757-899X/65/1/012016,http://dx.doi.org/10.1088/1757-899X/65/1/012016,,,,,,,,,,,,,WOS:000340247700016,View Full Record in Web of Science
J,"Basha, M; Kumar, MS; Chinnaiah, MC; Lam, SK; Srikanthan, T; Vani, GD; Janardhan, N; Krishna, DH; Dubey, S",,,,"Basha, Mudasar; Kumar, Munuswamy Siva; Chinnaiah, Mangali Chinna; Lam, Siew-Kei; Srikanthan, Thambipillai; Vani, Gaddam Divya; Janardhan, Narambhatla; Krishna, Dodde Hari; Dubey, Sanjay",,,A Versatile Approach for Adaptive Grid Mapping and Grid Flex-Graph Exploration with a Field-Programmable Gate Array-Based Robot Using Hardware Schemes,SENSORS,,,,,,,,,,,,,,,,,"KRISHNA, HARI/AAB-5504-2021; Narambhatla, Janardhan/ABD-4813-2020; M, siva kumar/GMW-9265-2022; Basha, Mudasar/AFK-3747-2022; Lam, Siew/B-9224-2008; Dubey, Sanjay/AAB-6405-2021; G, DIVYAVANI/AEP-1016-2022; m c, chinnaiah/AAA-2837-2021","Janardhan, Narambhatla/0000-0001-8591-7923; Dubey, Sanjay/0000-0003-3845-7738; KRISHNA, HARI/0000-0002-4273-2045; G, DIVYAVANI/0000-0002-5339-9233; m c, chinnaiah/0000-0002-1489-7686",,,,,,,,,,,,,,1424-8220,,,,MAY,2024,24,9,,,,,,,2775,10.3390/s24092775,http://dx.doi.org/10.3390/s24092775,,,,,,,,38732882,,,,,WOS:001219808800001,View Full Record in Web of Science
C,"Liu, JM; Wu, JB; Tang, YY",,,IEEE,"Liu, JM; Wu, JB; Tang, YY",,,On emergence of group behavior in a genetically controlled autonomous agent system,1998 IEEE INTERNATIONAL CONFERENCE ON EVOLUTIONARY COMPUTATION - PROCEEDINGS,IEEE Congress on Evolutionary Computation,,,,IEEE International Conference on Evolutionary Computation,"MAY 04-09, 1998","ANCHORAGE, AK","Int Neural Network Soc,IEEE, Neural Networks Council,IEEE, Alaska Sect",,,,,,,,,,,,,,,,,,,,,,,,,0-7803-4869-9,,,,1998,,,,,,,470,475,,10.1109/ICEC.1998.699853,http://dx.doi.org/10.1109/ICEC.1998.699853,,,,,,,,,,,,,WOS:000075926200081,View Full Record in Web of Science
J,"Fitzpatrick, K; Pahnos, D; Pype, WV",,,,"Fitzpatrick, K; Pahnos, D; Pype, WV",,,Robot windrower is first unmanned harvester,INDUSTRIAL ROBOT,,,,,,,,,,,,,,,,,,,,,,,,,,,,,,,0143-991X,,,,,,1997,24,5,,,,,342,+,,10.1108/01439919710177137,http://dx.doi.org/10.1108/01439919710177137,,,,,,,,,,,,,WOS:000071372700005,View Full Record in Web of Science
J,"Zhao, QL; Li, GC; Cai, JC; Zhou, MC; Feng, L",,,,"Zhao, Qinglin; Li, Guangcheng; Cai, Jincheng; Zhou, MengChu; Feng, Li",,,"A Tutorial on Internet of Behaviors: Concept, Architecture, Technology, Applications, and Challenges",IEEE COMMUNICATIONS SURVEYS AND TUTORIALS,,,,,,,,,,,,,,,,,"Zhou, MengChu/H-9897-2014","Li, Guangcheng/0000-0003-0186-7653; Cai, Jincheng/0000-0002-2694-2130; , Li/0000-0001-6172-8650",,,,,,,,,,,,,,1553-877X,,,,,2023,25,2,,,,,1227,1260,,10.1109/COMST.2023.3246993,http://dx.doi.org/10.1109/COMST.2023.3246993,,,,,,,,,,,,,WOS:001001620300011,View Full Record in Web of Science
S,"Yun, EK; Cho, SB",,"Gedeon, TD; Fung, LCC",,"Yun, EK; Cho, SB",,,Learning action selection network of intelligent agent,AI 2003: ADVANCES IN ARTIFICIAL INTELLIGENCE,LECTURE NOTES IN ARTIFICIAL INTELLIGENCE,,,,16th Australian Conference on Artificial Intelligence,"DEC 03-05, 2003","UNIV WESTERN AUSTRALIA, PERTH, AUSTRALIA",Natl Comm Artificial Intellignece & Expert Syst,UNIV WESTERN AUSTRALIA,,,,,,,,,,,,,,,,,,,,,,0302-9743,,3-540-20646-9,,,,2003,2903,,,,,,578,589,,,,,,,,,,,,,,,,WOS:000187551700049,View Full Record in Web of Science
J,"Fukuda, T; Kubota, N",,,,"Fukuda, T; Kubota, N",,,An intelligent robotic system based on a fuzzy approach,PROCEEDINGS OF THE IEEE,,,,,,,,,,,,,,,,,,,,,,,,,,,,,,,0018-9219,1558-2256,,,,SEP,1999,87,9,,,,,1448,1470,,10.1109/5.784220,http://dx.doi.org/10.1109/5.784220,,,,,,,,,,,,,WOS:000082176700003,View Full Record in Web of Science
C,"Li, W",,,IEEE,"Li, Wei",,,Abstraction of odor source declaration algorithm from moth-inspired plume tracing strategies,"2006 IEEE INTERNATIONAL CONFERENCE ON ROBOTICS AND BIOMIMETICS, VOLS 1-3",,,,,IEEE International Conference on Robotics and Biomimetics (ROBIO 2006),"DEC 17-20, 2006","Kunming, PEOPLES R CHINA","IEEE,IEEE Robot & Automat Soc,Robot Soc Japan,Japanese Soc Mech Engineers,Peking Univ,Beijing Inst Technol,Yunnan Univ",,,,,,,,,"Li, Wei/R-7928-2019",,,,,,,,,,,,,,,,978-1-4244-0570-1,,,,2006,,,,,,,1024,1029,,10.1109/ROBIO.2006.340369,http://dx.doi.org/10.1109/ROBIO.2006.340369,,,,,,,,,,,,,WOS:000245907301080,View Full Record in Web of Science
J,"Nicora, ML; Prajod, P; Mondellini, M; Tauro, G; Vertechy, R; André, E; Malosio, M",,,,"Nicora, Matteo Lavit; Prajod, Pooja; Mondellini, Marta; Tauro, Giovanni; Vertechy, Rocco; Andre, Elisabeth; Malosio, Matteo",,,Gaze detection as a social cue to initiate natural human-robot collaboration in an assembly task,FRONTIERS IN ROBOTICS AND AI,,,,,,,,,,,,,,,,,"mondellini, marta/Q-6133-2019; Prajod, Pooja/JJC-6495-2023",,,,,,,,,,,,,,2296-9144,,,,,JUL 17,2024,11,,,,,,,,1394379,10.3389/frobt.2024.1394379,http://dx.doi.org/10.3389/frobt.2024.1394379,,,,,,,,39086514,,,,,WOS:001280036700001,View Full Record in Web of Science
J,"Jones, A; Bull, S; Castellano, G",,,,"Jones, Aidan; Bull, Susan; Castellano, Ginevra",,,"I Know That Now, I'm Going to Learn This Next Promoting Self-regulated Learning with a Robotic Tutor",INTERNATIONAL JOURNAL OF SOCIAL ROBOTICS,,,,,,,,,,,,,,,,,"Bull, Susan/G-4362-2016","Jones, Aidan/0000-0001-8881-5842; Bull, Susan/0000-0002-1779-528X",,,,,,,,,,,,,1875-4791,1875-4805,,,,SEP,2018,10,4,,,,,439,454,,10.1007/s12369-017-0430-y,http://dx.doi.org/10.1007/s12369-017-0430-y,,,,,,,,,,,,,WOS:000445226600005,View Full Record in Web of Science
J,"Rao, RPN; Fuentes, O",,,,"Rao, RPN; Fuentes, O",,,Hierarchical learning of navigational behaviors in an autonomous robot using a predictive sparse distributed memory,AUTONOMOUS ROBOTS,,,,,,,,,,,,,,,,,,"Rao, Rajesh P. N./0000-0003-0682-8952",,,,,,,,,,,,,0929-5593,1573-7527,,,,,1998,5,3-4,,,,,297,316,,10.1023/A:1008810406347,http://dx.doi.org/10.1023/A:1008810406347,,,,,,,,,,,,,WOS:000075591600005,View Full Record in Web of Science
J,"Zhang, YJ; Li, QZ; Zhao, XG; Tan, M",,,,"Zhang, Yujia; Li, Qianzhong; Zhao, Xiaoguang; Tan, Min",,,Robot learning through observation via coarse-to-fine grained video summarization,APPLIED SOFT COMPUTING,,,,,,,,,,,,,,,,,"Zhao, Xiaoguang/HGA-4357-2022",,,,,,,,,,,,,,1568-4946,1872-9681,,,,FEB,2021,99,,,,,,,,106913,10.1016/j.asoc.2020.106913,http://dx.doi.org/10.1016/j.asoc.2020.106913,,JAN 2021,,,,,,,,,,,WOS:000608174700007,View Full Record in Web of Science
J,"Motai, Y",,,,"Motai, Yuichi",,,Synthesized articulated behavior using space-temporal on-line principal component analysis,ADVANCED ROBOTICS,,,,,,,,,,,,,,,,,"Motai, Yuichi/G-9740-2017","Motai, Yuichi/0000-0002-1957-1896",,,,,,,,,,,,,0169-1864,1568-5535,,,,,2007,21,13,,,,,1503,1520,,,,,,,,,,,,,,,,WOS:000251514100003,View Full Record in Web of Science
J,"Yin, M; Jiang, SY; Niu, XY",,,,"Yin, Meng; Jiang, Shiyao; Niu, Xiongying",,,Can AI really help? The double-edged sword effect of AI assistant on employees' innovation behavior,COMPUTERS IN HUMAN BEHAVIOR,,,,,,,,,,,,,,,,,,"Jiang, Shiyao/0000-0002-6835-6703",,,,,,,,,,,,,0747-5632,1873-7692,,,,JAN,2024,150,,,,,,,,107987,10.1016/j.chb.2023.107987,http://dx.doi.org/10.1016/j.chb.2023.107987,,OCT 2023,,,,,,,,,,,WOS:001098859300001,View Full Record in Web of Science
C,"Akita, T; Inagaki, S; Suzuki, T; Hayakawa, S; Tsuchida, N",,,IEEE,"Akita, Toshikazu; Inagaki, Shinkichi; Suzuki, Tatsuya; Hayakawa, Soichiro; Tsuchida, Nuio",,,Hybrid system modeling of human driver in the vehicle following task,"PROCEEDINGS OF SICE ANNUAL CONFERENCE, VOLS 1-8",,,,,Annual Conference on the Society-of-Instrument-and-Control-Engineers,"SEP 17-20, 2007","Kagawa Univ, Takamatsu, JAPAN","IEEE Ind Electron Soc,IEEE Robot & Automat Soc,IEEE Control Syst Soc,IEEE Syst, Man & Cybernet Soc,Instrumentat, Syst & Automat Soc,Inst Control, Robot, & Syst,China Instrument & Control Soc,Chinese Assoc Automat,Chinese Automat Control Soc,Int Measurement Confederat,IEEE Japan Council,IFAC NMO,Inst Elect Engn Japan",Kagawa Univ,,,,,,,,,"Inagaki, Shinkichi/0000-0003-0850-0854",,,,,,,,,,,,,,,978-4-907764-28-9,,,,2007,,,,,,,1118,+,,,,,,,,,,,,,,,,WOS:000255608501067,View Full Record in Web of Science
J,"Yamada, S",,,,"Yamada, S",,,Recognizing environments from action sequences using self-organizing maps,APPLIED SOFT COMPUTING,,,,,,,,,,,,,,,,,,,,,,,,,,,,,,,1568-4946,1872-9681,,,,FEB,2004,4,1,,,,,35,47,,10.1016/j.asoc.2003.07.001,http://dx.doi.org/10.1016/j.asoc.2003.07.001,,,,,,,,,,,,,WOS:000227166300004,View Full Record in Web of Science
C,"Born, T; Wright, A",,"Gerhart, GR; Gage, DW; Shoemaker, CM",,"Born, Traig; Wright, Andrew",,,Layered mode selection logic control with fuzzy sensor fusion network,UNMANNED SYSTEMS TECHNOLOGY IX,Proceedings of SPIE,,,,Conference on Unmanned Systems Technology IX,"APR 09-12, 2007","Orlando, FL",SPIE,,,,,,,,,,,,,,,,,,,,,,,0277-786X,,978-0-8194-6683-9,,,,2007,6561,,,,,,,,65610L,10.1117/12.718707,http://dx.doi.org/10.1117/12.718707,,,,,,,,,,,,,WOS:000248227700018,View Full Record in Web of Science
S,"Min, HJ; Cho, SB",,"Khosla, R; Howlett, RJ; Jain, LC",,"Min, HJ; Cho, SB",,,Bayesian inference driven behavior network architecture for avoiding moving obstacles,"KNOWLEDGE-BASED INTELLIGENT INFORMATION AND ENGINEERING SYSTEMS, PT 2, PROCEEDINGS",Lecture Notes in Artificial Intelligence,,,,9th International Conference on Knowledge-Based Intelligent Information and Engineering Systems,"SEP 14-16, 2005","La Trobe Univ, Melbourne, AUSTRALIA",,La Trobe Univ,,,,,,,,,,,,,,,,,,,,,,0302-9743,1611-3349,3-540-28895-3,,,,2005,3682,,,,,,214,221,,,,,,,,,,,,,,,,WOS:000232722200029,View Full Record in Web of Science
J,"Veitl, M; Petta, P; Spour, R; Obermaier, K",,,,"Veitl, M; Petta, P; Spour, R; Obermaier, K",,,Autonomous agents in user interfaces,CYBERNETICS AND SYSTEMS,,,,,,,,,,,,,,,,,,,,,,,,,,,,,,,0196-9722,,,,,MAR,1999,30,2,,,,,169,177,,10.1080/019697299125334,http://dx.doi.org/10.1080/019697299125334,,,,,,,,,,,,,WOS:000078908700006,View Full Record in Web of Science
C,"Gómez-Huelamo, C; Bergasa, LM; Barea, R; López-Guillén, E; Arango, F; Sánchez, P",,,IEEE,"Gomez-Huelamo, Carlos; Bergasa, Luis M.; Barea, Rafael; Lopez-Guillen, Elena; Arango, Felipe; Sanchez, Pablo",,,Simulating use cases for the UAH Autonomous Electric Car,2019 IEEE INTELLIGENT TRANSPORTATION SYSTEMS CONFERENCE (ITSC),IEEE International Conference on Intelligent Transportation Systems-ITSC,,,,IEEE Intelligent Transportation Systems Conference (IEEE-ITSC),"OCT 27-30, 2019","Auckland, NEW ZEALAND","IEEE,Intel,Griffith Univ,Auckland Tourism Events & Econ Dev",,,,,,,,,"Barea, Rafael/R-5760-2016; Sanchez, Pablo/H-8992-2015; Bergasa, Luis M./H-9810-2013","Arango Vargas, Juan Felipe/0000-0003-4989-9443; Bergasa, Luis M./0000-0002-0087-3077",,,,,,,,,,,,,2153-0009,,978-1-5386-7024-8,,,,2019,,,,,,,2305,2311,,,,,,,,,,,,,,,,WOS:000521238102059,View Full Record in Web of Science
J,"Han, ZJ",,,,"Han, Zhijun",,,Simulation of football based on PID controller and BP neural network,MICROPROCESSORS AND MICROSYSTEMS,,,,,,,,,,,,,,,,,,,,,,,,,,,,,,,0141-9331,1872-9436,,,,MAR,2021,81,,,,,,,,103695,10.1016/j.micpro.2020.103695,http://dx.doi.org/10.1016/j.micpro.2020.103695,,,,,,,,,,,,,WOS:000647786400018,View Full Record in Web of Science
J,"Arredondo, TV; Freund, W; Navarro-Guerrero, N; Castillo, P",,,,"Arredondo, Tomas V.; Freund, Wolfgang; Navarro-Guerrero, Nicolas; Castillo, Patricio",,,Fuzzy Motivations in a Multiple Agent Behaviour-Based Architecture,INTERNATIONAL JOURNAL OF ADVANCED ROBOTIC SYSTEMS,,,,,,,,,,,,,,,,,"Navarro-Guerrero, Nicolas/B-2029-2017","Navarro-Guerrero, Nicolas/0000-0003-1164-5579",,,,,,,,,,,,,1729-8814,,,,,AUG 20,2013,10,,,,,,,,313,10.5772/56578,http://dx.doi.org/10.5772/56578,,,,,,,,,,,,,WOS:000323272900001,View Full Record in Web of Science
C,"Rainer, JJ; Hernández, FL; Galán, R",,"Liu, J; Lu, J; Xu, Y; Martinez, L; Kerre, EE",,"Javier Rainer, J.; Lopez Hernandez, Fernando; Galan, Ramon",,,Improving the activities of a robotic guide by taking into account human reactions,DATA SCIENCE AND KNOWLEDGE ENGINEERING FOR SENSING DECISION SUPPORT,World Scientific Proceedings Series on Computer Engineering and Information Science,,,,13th International Conference on Fuzzy Logic and Intelligent Technologies in Nuclear Science (FLINS),"AUG 21-24, 2018","Belfast, IRELAND","Ulster Univ,Belfast City Council,Tourism NI,IEEE UK & I Sect,IEEE Syst Man & Cybernet Soc,SW Jiaotong Univ,Chinese Soc Log, Natl Assoc Non Class Log & Computat,IEEE Syst Man & Cybernet Soc Ireland Chapter,European Soc Fuzzy Log & Technol,Int Fuzzy Syst Assoc",,,,,,,,,"RAINER GRANADOS, JOSE JAVIER/Q-1054-2018","RAINER GRANADOS, JOSE JAVIER/0000-0002-6516-233X",,,,,,,,,,,,,,,978-981-3273-22-1,,,,2018,11,,,,,,668,673,,,,,,,,,,,,,,,,WOS:000468160600085,View Full Record in Web of Science
J,"Pransky, J",,,,"Pransky, Joanne",,,"The Pransky interview: Dr Rodney Brooks, Robotics Entrepreneur, Founder and CTO of Rethink Robotics",INDUSTRIAL ROBOT-AN INTERNATIONAL JOURNAL,,,,,,,,,,,,,,,,,,,,,,,,,,,,,,,0143-991X,1758-5791,,,,,2015,42,1,,,,,1,4,,10.1108/IR-10-2014-0406,http://dx.doi.org/10.1108/IR-10-2014-0406,,,,,,,,,,,,,WOS:000349645100001,View Full Record in Web of Science
C,"Sequeira, J; Ribeiro, MI",,"Guglielmi, M",,"Sequeira, J; Ribeiro, MI",,,A behaviour-based Kernel architecture for robot control,"ROBOT CONTROL 1997, VOLS 1 AND 2",IFAC SYMPOSIA SERIES,,,,5th IFAC Symposium on Robot Control 1997 (SYROCO 97),"SEP 03-05, 1997","NANTES, FRANCE","Int Federat Automat Control,Int Federat Informat Proc,Int Assoc Math & Comp Simulat, Tech Comm Robot,IEEE, Robot & Automat Soc,Inst Rech Cybernet Nantes,Ecole Cent Nantes,INRIA Rhone Alpes,Mairie Nantes,Min Natl Educ Res & Technol, France,CEREM, Adv Syst,ATLANTECH,DGA",,,,,,,,,"Sequeira, Joao/F-9728-2010","Sequeira, Joao/0000-0002-6706-5365",,,,,,,,,,,,,0962-9505,,0-08-043026-0,,,,1998,,,,,,,787,792,,,,,,,,,,,,,,,,WOS:000075339700117,View Full Record in Web of Science
J,"Scianca, N; Ferrari, P; De Simone, D; Lanari, L; Oriolo, G",,,,"Scianca, Nicola; Ferrari, Paolo; De Simone, Daniele; Lanari, Leonardo; Oriolo, Giuseppe",,,A behavior-based framework for safe deployment of humanoid robots,AUTONOMOUS ROBOTS,,,,,,,,,,,,,,,,,"Lanari, Leonardo/AAJ-7493-2020; Oriolo, Giuseppe/F-3846-2011","SCIANCA, NICOLA/0000-0002-5185-0924; Oriolo, Giuseppe/0000-0001-6153-9278",,,,,,,,,,,,,0929-5593,1573-7527,,,,MAY,2021,45,4,,,,,435,456,,10.1007/s10514-021-09978-5,http://dx.doi.org/10.1007/s10514-021-09978-5,,MAR 2021,,,,,,,,,,,WOS:000628732700001,View Full Record in Web of Science
J,"Burattini, E; De Gregorio, M; Rossi, S",,,,"Burattini, Ernesto; De Gregorio, Massimo; Rossi, Silvia",,,An adaptive oscillatory neural architecture for controlling behavior based robotic systems,NEUROCOMPUTING,,,,,10th Brazilian Symposium on Neural Networks (SBRN08),"OCT 26-30, 2008","Salvador, BRAZIL",,,,,,,,,,"Gregorio, Massimo/O-6616-2019; Rossi, Silvia/C-2615-2008; De Gregorio, Massimo/N-6665-2015","De Gregorio, Massimo/0000-0001-8453-1201; Rossi, Silvia/0000-0002-3379-1756",,,,,,,,,,,,,0925-2312,1872-8286,,,,OCT,2010,73,16-18,,,SI,,2829,2836,,10.1016/j.neucom.2010.03.026,http://dx.doi.org/10.1016/j.neucom.2010.03.026,,,,,,,,,,,,,WOS:000294092200005,View Full Record in Web of Science
J,"Mohanty, PK; Parhi, DR",,,,"Mohanty, Prases K.; Parhi, Dayal R.",,,A new hybrid optimization algorithm for multiple mobile robots navigation based on the CS-ANFIS approach,MEMETIC COMPUTING,,,,,,,,,,,,,,,,,"KUMAR MOHANTY, PRASES/JDM-7029-2023; Parhi, Dayal R/M-7935-2018","Parhi, Dayal R/0000-0002-2073-7136",,,,,,,,,,,,,1865-9284,1865-9292,,,,DEC,2015,7,4,,,,,255,273,,10.1007/s12293-015-0160-3,http://dx.doi.org/10.1007/s12293-015-0160-3,,,,,,,,,,,,,WOS:000368922600003,View Full Record in Web of Science
C,"Ari, EO; Erkmen, I; Erkmen, AM",,,IEEE,"Ari, EO; Erkmen, I; Erkmen, AM",,,An FACL controller architecture for a grasping snake robot,"2005 IEEE/RSJ INTERNATIONAL CONFERENCE ON INTELLIGENT ROBOTS AND SYSTEMS, VOLS 1-4",,,,,IEEE/RSJ International Conference on Intelligent Robots and Systems,"AUG 02-06, 2005","Edmonton, CANADA","IEEE,Robot Soc Japan",,,,,,,,,"Erkmen, Ismet/AAZ-9237-2020; Erkmen, Aydan/AAE-4461-2020","Erkmen, Aydan M./0000-0002-5194-1121",,,,,,,,,,,,,,,0-7803-8912-3,,,,2005,,,,,,,3339,3344,,10.1109/IROS.2005.1545486,http://dx.doi.org/10.1109/IROS.2005.1545486,,,,,,,,,,,,,WOS:000235632103042,View Full Record in Web of Science
C,"Dalgalarrondo, A; Dufourd, D; Filliat, D",,"Gerhart, GR; Shoemaker, CM; Gage, DW",,"Dalgalarrondo, A; Dufourd, D; Filliat, D",,,Controlling the autonomy of a reconnaissance robot,UNMANNED GROUND VEHICLE TECHNOLOGY VI,Proceedings of SPIE,,,,Conference on Unmanned Ground Vehicle Technology VI,"APR 13-15, 2004","Orlando, FL",SPIE,,,,,,,,,"FILLIAT, David/ABD-6165-2020; Filliat, David/E-7993-2018","Filliat, David/0000-0002-5739-1618",,,,,,,,,,,,,0277-786X,1996-756X,0-8194-5345-5,,,,2004,5422,,,,,,314,325,,10.1117/12.547270,http://dx.doi.org/10.1117/12.547270,,,,,,,,,,,,,WOS:000224151200032,View Full Record in Web of Science
C,"MacKenzie, DC; Arkin, RC",,,"IEEE, ROBOT & AUTOMAT SOC","MacKenzie, DC; Arkin, RC",,,Behavior-based mobile manipulation for drum sampling,"1996 IEEE INTERNATIONAL CONFERENCE ON ROBOTICS AND AUTOMATION, PROCEEDINGS, VOLS 1-4",IEEE INTERNATIONAL CONFERENCE ON ROBOTICS AND AUTOMATION,,,,1996 IEEE International Conference on Robotics and Automation,"APR 22-28, 1996","MINNEAPOLIS, MN","IEEE, Robot & Automat Soc",,,,,,,,,,,,,,,,,,,,,,,1050-4729,,0-7803-2989-9,,,,1996,,,,,,,2389,2395,,,,,,,,,,,,,,,,WOS:A1996BF68P00374,View Full Record in Web of Science
J,"Tani, J; Ito, M; Sugita, Y",,,,"Tani, J; Ito, M; Sugita, Y",,,Self-organization of distributedly represented multiple behavior schemata in a mirror system: reviews of robot experiments using RNNPB,NEURAL NETWORKS,,,,,Workshop on New Developments in Self-Organizing Systems,"SEP 11-14, 2003","Hibikino, JAPAN",,,,,,,,,,"Tani, Jun/AAI-8287-2020",,,,,,,,,,,,,,0893-6080,1879-2782,,,,OCT-NOV,2004,17,8-9,,,,,1273,1289,,10.1016/j.neunet.2004.05.007,http://dx.doi.org/10.1016/j.neunet.2004.05.007,,,,,,,,15555866,,,,,WOS:000225338900018,View Full Record in Web of Science
C,"Hartanto, MI; Mutijarsa, K",,"Suhardi; Langi, AZR; Gondokaryono, YS; Arman, AA",,"Hartanto, Muhammad Isnain; Mutijarsa, Kusprasapta",,,Design and Implementation of Behavior-based Coordination System on Soccer Robot,2017 4TH INTERNATIONAL CONFERENCE ON INFORMATION TECHNOLOGY SYSTEMS AND INNOVATION (ICITSI),International Conference on Information Technology Systems and Innovation (ICITSI),,,,4th International Conference on Information Technology Systems and Innovation (ICITSI),"OCT 23-24, 2017","Sch Electrl Eng & Informat - ITB, Bandung, INDONESIA","IEEE,Informat Technol Res Group - ITB,Services Computing Res Group - ITB,IEEE Indonesia Sect",Sch Electrl Eng & Informat - ITB,,,,,,,,"Mutijarsa, Kusprasapta/IXD-4520-2023","Mutijarsa, Kusprasapta/0000-0001-9007-609X",,,,,,,,,,,,,2443-1451,,978-1-5386-3100-3,,,,2017,,,,,,,188,193,,,,,,,,,,,,,,,,WOS:000426919200033,View Full Record in Web of Science
C,"Vassallo, RF; Santos-Victort, J; Schneebeli, HJ",,,IEEE; IEEE,"Vassallo, RF; Santos-Victort, J; Schneebeli, HJ",,,Using motor representations for topological mapping and navigation,"2002 IEEE/RSJ INTERNATIONAL CONFERENCE ON INTELLIGENT ROBOTS AND SYSTEMS, VOLS 1-3, PROCEEDINGS",,,,,IEEE/RSJ International Conference on Intelligent Robots and Systems (IROS 2002),"SEP 30-OCT 04, 2002","LAUSANNE, SWITZERLAND","IEEE Robot & Automat Soc,IEEE Ind Electr Soc,Robot Soc Japan,Soc Instruments & Control Engineers,INRIA Rhone Alpes Grenoble,EPFL Lausanne",,,,,,,,,"Vassallo, Raquel/T-4781-2019; Santos-Victor, Jose/K-2093-2012","Santos-Victor, Jose/0000-0002-9036-1728; Vassallo, Raquel/0000-0002-4762-3219",,,,,,,,,,,,,,,0-7803-7398-7,,,,2002,,,,,,,478,483,,,,,,,,,,,,,,,,WOS:000179289100079,View Full Record in Web of Science
C,"Grando, RB; de Jesus, JC; Kich, VA; Kolling, AH; Bortoluzzi, NP; Pinheiro, PM; Neto, AA; Drews, PLJ",,,IEEE,"Grando, Ricardo B.; de Jesus, Junior C.; Kich, Victor A.; Kolling, Alisson H.; Bortoluzzi, Nicolas P.; Pinheiro, Pedro M.; Neto, Armando A.; Drews, Paulo L. J., Jr.",,,Deep Reinforcement Learning for Mapless Navigation of a Hybrid Aerial Underwater Vehicle with Medium Transition,2021 IEEE INTERNATIONAL CONFERENCE ON ROBOTICS AND AUTOMATION (ICRA 2021),IEEE International Conference on Robotics and Automation ICRA,,,,IEEE International Conference on Robotics and Automation (ICRA),"MAY 30-JUN 05, 2021","Xian, PEOPLES R CHINA","IEEE,IEEE Robot & Automat Soc,So Univ Sci & Technol,Harbin Inst Technol,Xian Jiaotong Univ,Univ Toronto,Nat Sci & Engn Res Council Canada,Chinese Univ Hong Kong,DJI,Biomimet Intelligence & Robot,Toyota Res Inst,Baidu,Mech Mind Robot Technologies,Facebook AI,Nokov,Manycore,Franka Emika,Zhejiang Univ, Huzhou Inst,Jing Tian,ATI Ind Automat,Amber,Direct Drive Tech,Inceptio,Flexiv,Deeproute AI,Unitree,Waymo,Kuka,Pudu Robot,Deep Robot,Nvidia,MathWorks",,,,,,,,,"Grando, Ricardo/AEP-0163-2022; Alves Neto, Armando/G-9664-2013; Drews-Jr, Paulo/F-5478-2011","Grando, Ricardo/0000-0002-2939-5304; Alves Neto, Armando/0000-0002-4940-0377; Drews-Jr, Paulo/0000-0002-7519-0502; Costa de Jesus, Junior/0000-0002-8819-1168",,,,,,,,,,,,,1050-4729,2577-087X,978-1-7281-9077-8,,,,2021,,,,,,,1088,1094,,10.1109/ICRA48506.2021.9561188,http://dx.doi.org/10.1109/ICRA48506.2021.9561188,,,,,,,,,,,,,WOS:000765738801037,View Full Record in Web of Science
J,"Kamada, T; Oikawa, K",,,,"Kamada, T; Oikawa, K",,,Practical use of an autonomous decentralized transportation system - architecture of a behavior-based automatic guided vehicle,ADVANCED ROBOTICS,,,,,,,,,,,,,,,,,,,,,,,,,,,,,,,0169-1864,,,,,,1999,13,3,,,,,257,259,,10.1163/156855399X01279,http://dx.doi.org/10.1163/156855399X01279,,,,,,,,,,,,,WOS:000085111200018,View Full Record in Web of Science
J,"Tani, J; Nolfi, S",,,,"Tani, J; Nolfi, S",,,Learning to perceive the world as articulated: an approach for hierarchical learning in sensory-motor systems,NEURAL NETWORKS,,,,,,,,,,,,,,,,,"Tani, Jun/AAI-8287-2020",,,,,,,,,,,,,,0893-6080,1879-2782,,,,OCT-NOV,1999,12,7-8,,,,,1131,1141,,10.1016/S0893-6080(99)00060-X,http://dx.doi.org/10.1016/S0893-6080(99)00060-X,,,,,,,,12662649,,,,,WOS:000082693100013,View Full Record in Web of Science
J,"Palanca, J; Rincon, JA; Carrascosa, C; Julian, VJ; Terrasa, A",,,,"Palanca, Javier; Andres Rincon, Jaime; Carrascosa, Carlos; Javier Julian, Vicente; Terrasa, Andres",,,Flexible Agent Architecture: Mixing Reactive and Deliberative Behaviors in SPADE,ELECTRONICS,,,,,,,,,,,,,,,,,"Palanca, Javier/P-7523-2019; Arango, Jaime/P-7179-2019; Carrascosa, Carlos/L-5463-2013; Julian, Vicente/K-6029-2013","Carrascosa, Carlos/0000-0003-3649-6530; Rincon Arango, Jaime Andres/0000-0003-1153-0616; Palanca, Javier/0000-0002-6209-9603; Julian, Vicente/0000-0002-2743-6037; Terrasa, Andres/0000-0003-1991-1691",,,,,,,,,,,,,,2079-9292,,,,FEB,2023,12,3,,,,,,,659,10.3390/electronics12030659,http://dx.doi.org/10.3390/electronics12030659,,,,,,,,,,,,,WOS:000933823600001,View Full Record in Web of Science
J,"Lin, HI; Chiang, YP",,,,"Lin, Hsien-I; Chiang, Y. P.",,,Understanding Human Hand Gestures for Learning Robot Pick-and-Place Tasks,INTERNATIONAL JOURNAL OF ADVANCED ROBOTIC SYSTEMS,,,,,,,,,,,,,,,,,"Lin, Hsien-I/GPW-8803-2022","Lin, Hsien-I/0000-0002-6195-3353",,,,,,,,,,,,,1729-8814,,,,,MAY 6,2015,12,,,,,,,,49,10.5772/60093,http://dx.doi.org/10.5772/60093,,,,,,,,,,,,,WOS:000354947800001,View Full Record in Web of Science
C,"Albiez, J; Luksch, T; Berns, K; Dillmann, R",,"Kimura, H; Tsuchiya, K; Ishiguro, A; Witte, H",,"Albiez, J; Luksch, T; Berns, K; Dillmann, R",,,A behaviour network concept for controlling walking machines,ADAPTIVE MOTION OF ANIMALS AND MACHINES,,,,,International Symposium on Adaptive Motion of Animals and Machines (AMAM),"MAR, 2003","Kyoto, JAPAN",,,,,,,,,,,,,,,,,,,,,,,,,,4-431-24164-7,,,,2006,,,,,,,237,+,,10.1007/4-431-31381-8_21,http://dx.doi.org/10.1007/4-431-31381-8_21,,,,,,,,,,,,,WOS:000235303600021,View Full Record in Web of Science
C,"Neranon, P",,,IEEE,"Neranon, Paramin",,,Robot-to-Human Object Handover using a Behavioural Control Strategy,"2018 IEEE 5TH INTERNATIONAL CONFERENCE ON SMART INSTRUMENTATION, MEASUREMENT AND APPLICATION (ICSIMA)",,,,,"5th IEEE International Conference on Smart Instrumentation, Measurement and Application (ICSIMA)","NOV 28-30, 2018","Songkla, THAILAND","IEEE,Toyota Tsusho Nexty Elect Thailand Co Ltd,Unimap,UPM,Int Islam Univ Malaysia,IEEE Malaysia Sect,Univ Teknologi Malaysia,Univ Kuala Lumpur,Univ Teknologi Mara,Prince Songkla Univ",,,,,,,,,,,,,,,,,,,,,,,,,978-1-5386-6288-5,,,,2018,,,,,,,,,,,,,,,,,,,,,,,,WOS:000470704600040,View Full Record in Web of Science
C,"Selekwa, MF; Collins, EG",,,IEEE; IEEE,"Selekwa, MF; Collins, EG",,,Centralized fuzzy behavior control for robot navigation,PROCEEDINGS OF THE 2003 IEEE INTERNATIONAL SYMPOSIUM ON INTELLIGENT CONTROL,,,,,IEEE International Symposium on Intelligent Control,"OCT 05-08, 2003","HOUSTON, TX",IEEE Contrl Syst Soc,,,,,,,,,"Collins, Frank/A-7444-2012",,,,,,,,,,,,,,,,0-7803-7891-1,,,,2003,,,,,,,602,607,,,,,,,,,,,,,,,,WOS:000188359900104,View Full Record in Web of Science
J,"Hu, HS; Gu, DB",,,,"Hu, HS; Gu, DB",,,Reactive behaviours and agent architecture for Sony legged robots to play football,INDUSTRIAL ROBOT-THE INTERNATIONAL JOURNAL OF ROBOTICS RESEARCH AND APPLICATION,,,,,,,,,,,,,,,,,"Hu, Huosheng/G-1758-2010","Hu, Huosheng/0000-0001-5797-1412; Gu, Dongbing/0000-0002-0986-2921",,,,,,,,,,,,,0143-991X,1758-5791,,,,,2001,28,1,,,,,45,53,,10.1108/01439910110365421,http://dx.doi.org/10.1108/01439910110365421,,,,,,,,,,,,,WOS:000166553500010,View Full Record in Web of Science
J,"Gomi, T",,,,"Gomi, T",,,New AI and service robots,INDUSTRIAL ROBOT-AN INTERNATIONAL JOURNAL,,,,,,,,,,,,,,,,,,,,,,,,,,,,,,,0143-991X,,,,,,2003,30,2,,,,,123,138,,10.1108/01439910310464140,http://dx.doi.org/10.1108/01439910310464140,,,,,,,,,,,,,WOS:000182127400003,View Full Record in Web of Science
C,"Pettinaro, GC",,,IEEE; IEEE,"Pettinaro, GC",,,Knowledge or reactivity: Where is the right trade-off for an artificial mind?,RO-MAN'99: 8TH IEEE INTERNATIONAL WORKSHOP ON ROBOT AND HUMAN INTERACTION,,,,,8th IEEE International Workshop on Robot and Human Interaction (RO-MAN 99),"SEP 27-29, 1999","PISA, ITALY","Scuola Superiore S Anna,Robot Soc Japan,IEEE Ind Electr Soc,IEEE Robot & Automat Soc,Soc Instrument & Control Engineers,New Technol Fdn",,,,,,,,,,,,,,,,,,,,,,,,,0-7803-5841-4,,,,1999,,,,,,,23,28,,10.1109/ROMAN.1999.900305,http://dx.doi.org/10.1109/ROMAN.1999.900305,,,,,,,,,,,,,WOS:000172674700007,View Full Record in Web of Science
C,"Bosse, S; Behrmann, T",,"Schmid, U; SanchezRojas, JL; LeesterSchaedel, M",,"Bosse, Stefan; Behrmann, Thomas",,,Smart Energy Management and Low-Power Design of Sensor and Actuator Nodes on Algorithmic Level for Self-Powered Sensorial Materials and Robotics,"SMART SENSORS, ACTUATORS, AND MEMS V",Proceedings of SPIE,,,,"Conference on Smart Sensors, Actuators, and MEMS V","APR 18-20, 2011","Prague, CZECH REPUBLIC",SPIE,,,,,,,,,"Bosse, Stefan/IYJ-1609-2023","Bosse, Stefan/0000-0002-8774-6141",,,,,,,,,,,,,0277-786X,1996-756X,978-0-81948-655-4,,,,2011,8066,,,,,,,,806619,10.1117/12.888124,http://dx.doi.org/10.1117/12.888124,,,,,,,,,,,,,WOS:000292764300043,View Full Record in Web of Science
J,"Yang, HS; Chung, JY; Ryu, BS; Lee, JH",,,,"Yang, HS; Chung, JY; Ryu, BS; Lee, JH",,,CAIR-2 - Intelligent mobile robot for guidance and delivery,AI MAGAZINE,,,,,,,,,,,,,,,,,"Yang, Hyun/C-1984-2011",,,,,,,,,,,,,,0738-4602,,,,,SPR,1995,17,1,,,,,47,53,,,,,,,,,,,,,,,,WOS:A1995UB77000005,View Full Record in Web of Science
J,"Aguirre, E; González, A",,,,"Aguirre, E; González, A",,,Integrating fuzzy topological maps and fuzzy geometric maps for behavior-based robots,INTERNATIONAL JOURNAL OF INTELLIGENT SYSTEMS,,,,,,,,,,,,,,,,,"Aguirre, Eugenio/C-6860-2012; Gonzalez Munoz, Antonio/C-2427-2012","Aguirre, Eugenio/0000-0002-6706-8232; Gonzalez Munoz, Antonio/0000-0001-8889-7593",,,,,,,,,,,,,0884-8173,1098-111X,,,,MAR,2002,17,3,,,,,333,368,,10.1002/int.10025,http://dx.doi.org/10.1002/int.10025,,,,,,,,,,,,,WOS:000174190500005,View Full Record in Web of Science
C,"Li, W",,,IEEE,"Li, Wei",,,Moth plume-tracing derived algorithm for identifying chemical source in near-shore ocean environments,"2007 IEEE/RSJ INTERNATIONAL CONFERENCE ON INTELLIGENT ROBOTS AND SYSTEMS, VOLS 1-9",,,,,IEEE/RSJ International Conference on Intelligent Robots and Systems,"OCT 29-NOV 02, 2007","San Diego, CA","IEEE,RSJ",,,,,,,,,,,,,,,,,,,,,,,,,978-1-4244-0912-9,,,,2007,,,,,,,2168,2173,,,,,,,,,,,,,,,,WOS:000254073201121,View Full Record in Web of Science
J,"Heng, TCH; Kuno, Y; Shirai, Y",,,,"Heng, TCH; Kuno, Y; Shirai, Y",,,Active sensor fusion for collision avoidance in behaviour-based mobile robots,IEICE TRANSACTIONS ON INFORMATION AND SYSTEMS,,,,,,,,,,,,,,,,,"Kuno, Yoshinori/B-3014-2012","Kuno, Yoshinori/0000-0001-9719-9367",,,,,,,,,,,,,1745-1361,,,,,MAY,1998,E81D,5,,,,,448,456,,,,,,,,,,,,,,,,WOS:000073867000005,View Full Record in Web of Science
C,"De Silva, DI; Kaluthanthri, IU; Sudaraka, KS; Karunarathna, UPD; Jayalath, JMTI",,,IEEE,"De Silva, D. I.; Kaluthanthri, I. U.; Sudaraka, K. S.; Karunarathna, U. P. D.; Jayalath, J. M. T. I.",,,Scylax - Preference based Personalized Tour Planner with Virtual Reality,2016 IEEE INTERNATIONAL CONFERENCE ON INFORMATION AND AUTOMATION FOR SUSTAINABILITY (ICIAFS): INTEROPERABLE SUSTAINABLE SMART SYSTEMS FOR NEXT GENERATION,International Conference on Information and Automation for Sustainability,,,,8th IEEE International Conference on Information and Automation for Sustainability (ICIAfS) - Interoperable Sustainable Smart Systems for Next Generation,"DEC 16-19, 2016","Univ Ruhuna, Fac Engn, Galle, SRI LANKA","IEEE,IEEE Ind Elect Soc,IEEE Power & Energy Soc,IEEE Robot & Automat Soc,IEEE Sri Lanka Sect,CODEGEN,A T A Int Pvt Ltd,Lab Equipment Co Pvt Ltd,SAVIDZONE","Univ Ruhuna, Fac Engn",,,,,,,,,,,,,,,,,,,,,,2151-1802,,978-1-5090-6132-7,,,,2016,,,,,,,,,,,,,,,,,,,,,,,,WOS:000404445000035,View Full Record in Web of Science
J,"Atta, D; Subudhi, B",,,,"Atta, Debabrata; Subudhi, Bidyadhar",,,DECENTRALIZED FORMATION CONTROL OF MULTIPLE AUTONOMOUS UNDERWATER VEHICLES,INTERNATIONAL JOURNAL OF ROBOTICS & AUTOMATION,,,,,,,,,,,,,,,,,"Subudhi, Bidyadhar/AAS-7802-2020; Subudhi, Bidyadhar/F-1361-2018","Subudhi, Bidyadhar/0000-0003-4383-6783",,,,,,,,,,,,,0826-8185,1925-7090,,,,,2013,28,4,,,,,303,310,,10.2316/Journal.206.2013.4.206-3613,http://dx.doi.org/10.2316/Journal.206.2013.4.206-3613,,,,,,,,,,,,,WOS:000326141600001,View Full Record in Web of Science
S,"Holland, O",,"Iida, F; Pfeifer, R; Steels, L; Kuniyoshi, Y",,"Holland, O",,,The future of embodied artificial intelligence: Machine consciousness?,EMBODIED ARTIFICIAL INTELLIGENCE,Lecture Notes in Artificial Intelligence,,,,International Seminar on Embodied Artificial Intelligence,"JUL 07-11, 2003","Dagstuhl Castle, GERMANY",,,,,,,,,,,,,,,,,,,,,,,,0302-9743,1611-3349,3-540-22484-X,,,,2004,3139,,,,,,37,53,,,,,,,,,,,,,,,,WOS:000223093000003,View Full Record in Web of Science
C,"de Souza, C Jr; Manoni, T; Ferrante, E",,"Dorigo, M; Hamann, H; Lopez-Ibanez, M; Garcia-Nieto, J; Engelbrecht, A; Pinciroli, C; Strobel, V; Camacho-Villalon, C",,"de Souza, Cristino, Jr.; Manoni, Tiziano; Ferrante, Eliseo",,,Constant Bearing Flocking,"SWARM INTELLIGENCE, ANTS 2022",Lecture Notes in Computer Science,,,,13th International Conference on Swarm Intelligence (ANTS),"NOV 02-04, 2022","Univ Malaga, Malaga, SPAIN",,Univ Malaga,,,,,,,,"Ferrante, Eliseo/S-7877-2017","Ferrante, Eliseo/0000-0002-2213-8356",,,,,,,,,,,,,0302-9743,1611-3349,978-3-031-20175-2; 978-3-031-20176-9,,,,2022,13491,,,,,,300,307,,10.1007/978-3-031-20176-9_26,http://dx.doi.org/10.1007/978-3-031-20176-9_26,,,,,,,,,,,,,WOS:001351102300026,View Full Record in Web of Science
C,"Endo, Y; Arkin, RC",,,IEEE; IEEE,"Endo, Y; Arkin, RC",,,Anticipatory robot navigation by simultaneously localizing and building a cognitive map,"IROS 2003: PROCEEDINGS OF THE 2003 IEEE/RSJ INTERNATIONAL CONFERENCE ON INTELLIGENT ROBOTS AND SYSTEMS, VOLS 1-4",,,,,IEEE/RSJ International Conference on Intelligent Robots and Systems,"OCT 27-31, 2003","LAS VEGAS, NV","IEEE Robot & Automat Soc,IEEE Ind Elect Soc,Robot Soc Japan,Soc Instruments & Control Engineers,New Technol Fdn",,,,,,,,,,,,,,,,,,,,,,,,,0-7803-7860-1,,,,2003,,,,,,,460,466,,,,,,,,,,,,,,,,WOS:000187883300076,View Full Record in Web of Science
J,"Arkin, RC; Ulam, P; Wagner, AR",,,,"Arkin, Ronald Craig; Ulam, Patrick; Wagner, Alan R.",,,"Moral Decision Making in Autonomous Systems: Enforcement, Moral Emotions, Dignity, Trust, and Deception",PROCEEDINGS OF THE IEEE,,,,,,,,,,,,,,,,,,,,,,,,,,,,,,,0018-9219,1558-2256,,,,MAR,2012,100,3,,,,,571,589,,10.1109/JPROC.2011.2173265,http://dx.doi.org/10.1109/JPROC.2011.2173265,,,,,,,,,,,,,WOS:000300507100003,View Full Record in Web of Science
J,"Ismail, ZH; Hamami, MGM",,,,"Ismail, Zool Hilmi; Hamami, Mohd Ghazali Mohd",,,Systematic Literature Review of Swarm Robotics Strategies Applied to Target Search Problem with Environment Constraints,APPLIED SCIENCES-BASEL,,,,,,,,,,,,,,,,,"Mohd Hamami, Mohd Ghazali/AAS-1638-2021; Ismail, Zool Hilmi/A-8481-2011","Mohd Hamami, Mohd Ghazali/0000-0002-2644-4828; Ismail, Zool Hilmi/0000-0002-5918-636X",,,,,,,,,,,,,,2076-3417,,,,MAR,2021,11,5,,,,,,,2383,10.3390/app11052383,http://dx.doi.org/10.3390/app11052383,,,,,,,,,,,,,WOS:000627960700001,View Full Record in Web of Science
C,"Rani, P; Sarkar, N",,,IEEE,"Rani, P; Sarkar, N",,,Emotion-sensitive robots: A new paradigm for human-robot interaction,"2004 4TH IEEE/RAS INTERNATIONAL CONFERENCE ON HUMANOID ROBOTS, VOLS 1 AND 2, PROCEEDINGS",IEEE-RAS International Conference on Humanoid Robots,,,,4th IEEE/RAS International Conference on Humanoid Robots,"NOV 10-12, 2004","Santa Monica, CA","IEEE Robot & Automat Soc,Robit Soc Japan",,,,,,,,,,,,,,,,,,,,,,,2164-0572,,0-7803-8863-1,,,,2004,,,,,,,149,167,,,,,,,,,,,,,,,,WOS:000228484200010,View Full Record in Web of Science
C,"Taheri, J; Sadati, N",,,IEEE; IEEE,"Taheri, J; Sadati, N",,,A fully modular online controller for robot navigation in static and dynamic environments,"2003 IEEE INTERNATIONAL SYMPOSIUM ON COMPUTATIONAL INTELLIGENCE IN ROBOTICS AND AUTOMATION, VOLS I-III, PROCEEDINGS",,,,,IEEE International Symposium on Computational Intelligence in Robotics and Automation,"JUL 16-20, 2003","KOBE, JAPAN",IEEE Robot & Automat Soc,,,,,,,,,"Taheri, Javid/I-2045-2013","Taheri, Javid/0000-0001-9194-010X",,,,,,,,,,,,,,,0-7803-7866-0,,,,2003,,,,,,,163,168,,,,,,,,,,,,,,,,WOS:000185096600030,View Full Record in Web of Science
C,"Likhachev, M; Arkin, RC",,,IEEE; IEEE; IEEE,"Likhachev, M; Arkin, RC",,,Spatio-temporal case-based reasoning for behavioral selection,"2001 IEEE INTERNATIONAL CONFERENCE ON ROBOTICS AND AUTOMATION, VOLS I-IV, PROCEEDINGS",IEEE International Conference on Robotics and Automation ICRA,,,,IEEE International Conference on Robotics and Automation,"MAY 21-26, 2001","SEOUL, SOUTH KOREA","IEEE Robot & Automat Soc,IEEE",,,,,,,,,,,,,,,,,,,,,,,1050-4729,2577-087X,0-7803-6576-3,,,,2001,,,,,,,1627,1634,,,,,,,,,,,,,,,,WOS:000172615800261,View Full Record in Web of Science
J,"Ariyanto, M; Zheng, XF; Tanaka, R; Refat, CMM; Hirota, N; Yamamoto, K; Morishima, K",,,,"Ariyanto, Mochammad; Zheng, Xiaofeng; Tanaka, Ryo; Refat, Chowdhury Mohammad Masum; Hirota, Nima; Yamamoto, Kotaro; Morishima, Keisuke",,,Biohybrid Behavior-Based Navigation with Obstacle Avoidance for Cyborg Insect in Complex Environment,SOFT ROBOTICS,,,,,,,,,,,,,,,,,"Morishima, Keisuke/L-2873-2016; Refat, Chowdhury Mohammad Masum/ABD-8483-2020; Ariyanto, Mochammad/AAY-1426-2021",,,,,,,,,,,,,,2169-5172,2169-5180,,,,2025 FEB 11,2025,,,,,,,,,,10.1089/soro.2024.0082,http://dx.doi.org/10.1089/soro.2024.0082,,FEB 2025,,,,,,39930959,,,,,WOS:001417483000001,View Full Record in Web of Science
C,"Wagner, AR; Arkin, RC",,,IEEE; IEEE,"Wagner, AR; Arkin, RC",,,Internalized plans for communication-sensitive robot team behaviors,"IROS 2003: PROCEEDINGS OF THE 2003 IEEE/RSJ INTERNATIONAL CONFERENCE ON INTELLIGENT ROBOTS AND SYSTEMS, VOLS 1-4",,,,,IEEE/RSJ International Conference on Intelligent Robots and Systems,"OCT 27-31, 2003","LAS VEGAS, NV","IEEE Robot & Automat Soc,IEEE Ind Elect Soc,Robot Soc Japan,Soc Instruments & Control Engineers,New Technol Fdn",,,,,,,,,,,,,,,,,,,,,,,,,0-7803-7860-1,,,,2003,,,,,,,2480,2487,,,,,,,,,,,,,,,,WOS:000187883300401,View Full Record in Web of Science
J,"Han, J; Ok, J; Chung, WK",,,,"Han, Jonghui; Ok, Jinsung; Chung, Wan Kyun",,,An Ethology-Based Hybrid Control Architecture for an Autonomous Underwater Vehicle for Performing Multiple Tasks,IEEE JOURNAL OF OCEANIC ENGINEERING,,,,,,,,,,,,,,,,,,,,,,,,,,,,,,,0364-9059,1558-1691,,,,JUL,2013,38,3,,,,,514,521,,10.1109/JOE.2012.2233313,http://dx.doi.org/10.1109/JOE.2012.2233313,,,,,,,,,,,,,WOS:000321925500010,View Full Record in Web of Science
J,"Jorgensen, RN; Norremark, M; Sorensen, CG; Andersen, NA",,,,"Jorgensen, R. N.; Norremark, M.; Sorensen, C. G.; Andersen, Nils Axel",,,Utilising scripting language for unmanned and automated guided vehicles operating within row crops,COMPUTERS AND ELECTRONICS IN AGRICULTURE,,,,,,,,,,,,,,,,,"Nørremark, Michael/P-4534-2018; Sørensen, Claus/P-5483-2019; Andersen, Niels/A-3872-2012; Gron Sorensen, Claus/C-2259-2009; Jorgensen, Rasmus Nyholm/M-7133-2018","Andersen, Nils Axel/0000-0002-9985-6444; Gron Sorensen, Claus/0000-0002-6340-7778; Jorgensen, Rasmus Nyholm/0000-0002-1329-1674",,,,,,,,,,,,,0168-1699,1872-7107,,,,JUL,2008,62,2,,,,,190,203,,10.1016/j.compag.2008.01.009,http://dx.doi.org/10.1016/j.compag.2008.01.009,,,,,,,,,,,,,WOS:000255330000011,View Full Record in Web of Science
C,"Santana, PF; Cândido, C; Santos, V; Barata, J",,,IEEE,"Santana, Pedro F.; Candido, Carlos; Santos, Vasco; Barata, Jose",,,A motion controller for compliant four-wheel-steering robots,"2006 IEEE INTERNATIONAL CONFERENCE ON ROBOTICS AND BIOMIMETICS, VOLS 1-3",,,,,IEEE International Conference on Robotics and Biomimetics (ROBIO 2006),"DEC 17-20, 2006","Kunming, PEOPLES R CHINA","IEEE,IEEE Robot & Automat Soc,Robot Soc Japan,Japanese Soc Mech Engineers,Peking Univ,Beijing Inst Technol,Yunnan Univ",,,,,,,,,"Santana, Pedro/J-9773-2012; Barata, Jose/A-4204-2012","Santana, Pedro/0000-0002-4357-1546; Santos, Vasco/0009-0005-4676-4887; Barata, Jose/0000-0002-6348-1847",,,,,,,,,,,,,,,978-1-4244-0570-1,,,,2006,,,,,,,532,537,,10.1109/ROBIO.2006.340256,http://dx.doi.org/10.1109/ROBIO.2006.340256,,,,,,,,,,,,,WOS:000245907300093,View Full Record in Web of Science
C,"Erol, D; Park, J; Turkay, E; Kawamura, K; Jenkins, OC; Mataric, MJ",,,IEEE; IEEE,"Erol, D; Park, J; Turkay, E; Kawamura, K; Jenkins, OC; Mataric, MJ",,,Motion generation for humanoid robots with automatically derived behaviors,"2003 IEEE INTERNATIONAL CONFERENCE ON SYSTEMS, MAN AND CYBERNETICS, VOLS 1-5, CONFERENCE PROCEEDINGS",IEEE International Conference on Systems Man and Cybernetics Conference Proceedings,,,,"IEEE International Conference on Systems, Man and Cybernetics (SMC 03)","OCT 05-08, 2003","WASHINGTON, D.C.","IEEE, Syst, Man & Cybernet Soc",,,,,,,,,"TÜRKAY, Ezgi/IVH-6511-2023; Barkana, Duygun/N-2285-2018","Erol Barkana, Duygun/0000-0002-8929-0459",,,,,,,,,,,,,1062-922X,,0-7803-7952-7,,,,2003,,,,,,,1816,1821,,,,,,,,,,,,,,,,WOS:000186578600295,View Full Record in Web of Science
J,"Scott, SH; Lowrey, CR; Brown, IE; Dukelow, SP",,,,"Scott, Stephen H.; Lowrey, Catherine R.; Brown, Ian E.; Dukelow, Sean P.",,,Assessment of Neurological Impairment and Recovery Using Statistical Models of Neurologically Healthy Behavior,NEUROREHABILITATION AND NEURAL REPAIR,,,,,,,,,,,,,,,,,,"Lowrey, Catherine/0000-0002-8379-9924; Dukelow, Sean/0000-0002-0609-981X",,,,,,,,,,,,,1545-9683,1552-6844,,,,JUN,2023,37,6,,,,,394,408,,10.1177/15459683221115413,http://dx.doi.org/10.1177/15459683221115413,,AUG 2022,,,,,,35932111,,,,,WOS:000836864900001,View Full Record in Web of Science
C,"Freund, W; Vidal, TA; Muñoz, C; Navarro, N; Quirós, F",,"Gelbukh, A; ReyesGarcia, CA",,"Freund, Wolfgang; Arredondo Vidal, Tomas; Munoz, Cesar; Navarro, Nicolas; Quiros, Fernando",,,Real-time adaptive fuzzy motivations for evolutionary behavior learning by a mobile robot,"MICAI 2006: ADVANCES IN ARTIFICIAL INTELLIGENCE, PROCEEDINGS",Lecture Notes in Artificial Intelligence,,,,5th Mexican International Conference on Artificial Intelligence (MICAI 2006),"NOV 13-17, 2006","Technol Inst Apizaco, Apizaco, MEXICO","SMIA,DGEST,INAOE,ITAM",Technol Inst Apizaco,,,,,,,,"Navarro-Guerrero, Nicolas/B-2029-2017","Navarro-Guerrero, Nicolas/0000-0003-1164-5579",,,,,,,,,,,,,0302-9743,,978-3-540-49026-5,,,,2006,4293,,,,,,101,+,,,,,,,,,,,,,,,,WOS:000244587700010,View Full Record in Web of Science
J,"Wilson, MS; King, CM; Hunt, JE",,,,"Wilson, MS; King, CM; Hunt, JE",,,Evolving hierarchical robot behaviours,ROBOTICS AND AUTONOMOUS SYSTEMS,,,,,,,,,,,,,,,,,,,,,,,,,,,,,,,0921-8890,,,,,DEC,1997,22,3-4,,,,,215,230,,10.1016/S0921-8890(97)00040-7,http://dx.doi.org/10.1016/S0921-8890(97)00040-7,,,,,,,,,,,,,WOS:000071744100004,View Full Record in Web of Science
C,"Park, K; Zhang, N",,,IEEE,"Park, Kiwon; Zhang, Nian",,,Behavior-based autonomous robot navigation on challenging terrain: A dual fuzzy logic approach,"2007 IEEE SYMPOSIUM ON FOUNDATIONS OF COMPUTATIONAL INTELLIGENCE, VOLS 1 AND 2",,,,,IEEE Symposium on Foundations of Computational Intelligence,"APR 01-05, 2007","Honolulu, HI",IEEE,,,,,,,,,,,,,,,,,,,,,,,,,978-1-4244-0703-3,,,,2007,,,,,,,239,+,,10.1109/FOCI.2007.372175,http://dx.doi.org/10.1109/FOCI.2007.372175,,,,,,,,,,,,,WOS:000248503700036,View Full Record in Web of Science
J,"Scheutz, M; Andronache, V",,,,"Scheutz, M; Andronache, V",,,Architectural mechanisms for dynamic changes of behavior selection strategies in behavior-based systems,IEEE TRANSACTIONS ON SYSTEMS MAN AND CYBERNETICS PART B-CYBERNETICS,,,,,,,,,,,,,,,,,,"Scheutz, Matthias/0000-0002-0064-2789",,,,,,,,,,,,,1083-4419,1941-0492,,,,DEC,2004,34,6,,,,,2377,2395,,10.1109/TSMCB.2004.837309,http://dx.doi.org/10.1109/TSMCB.2004.837309,,,,,,,,15619937,,,,,WOS:000225172500013,View Full Record in Web of Science
J,"Nergui, M; Yoshida, Y; Imamoglu, N; Gonzalez, J; Otake, M; Yu, WW",,,,"Nergui, Myagmarbayar; Yoshida, Yuki; Imamoglu, Nevrez; Gonzalez, Jose; Otake, Mihoko; Yu, Wenwei",,,Human Activity Recognition Using Body Contour Parameters Extracted from Depth Images,JOURNAL OF MEDICAL IMAGING AND HEALTH INFORMATICS,,,,,,,,,,,,,,,,,"Yu, Wenwei/AAI-1296-2019; İmamoğlu, Nevrez/AAC-4082-2019; Imamoglu, Nevrez/B-1746-2017; Gonzalez, Jose/M-2629-2014; Otake-Matsuura, Mihoko/N-4686-2017","Imamoglu, Nevrez/0000-0002-2661-599X; Gonzalez, Jose/0000-0002-3448-7393; Otake-Matsuura, Mihoko/0000-0003-3644-276X",,,,,,,,,,,,,2156-7018,2156-7026,,,,SEP,2013,3,3,,,,,455,461,,10.1166/jmihi.2013.1180,http://dx.doi.org/10.1166/jmihi.2013.1180,,,,,,,,,,,,,WOS:000324511500017,View Full Record in Web of Science
J,"Xu, TT; Kühnlenz, K; Buss, M",,,,"Xu, Tingting; Kuehnlenz, Kolja; Buss, Martin",,,Autonomous Behavior-Based Switched Top-Down and Bottom-Up Visual Attention for Mobile Robots,IEEE TRANSACTIONS ON ROBOTICS,,,,,,,,,,,,,,,,,"Xu, Tingting/AAE-8603-2022",,,,,,,,,,,,,,1552-3098,1941-0468,,,,OCT,2010,26,5,,,,,947,954,,10.1109/TRO.2010.2062571,http://dx.doi.org/10.1109/TRO.2010.2062571,,,,,,,,,,,,,WOS:000283373400016,View Full Record in Web of Science
C,"Quispel, L; Warris, S; Heemskerk, A; Mulder, LJM; van Wolffelaar, PC",,"Maarse, FJ; Akkerman, AE; Brand, AN; Mulder, LJM",,"Quispel, L; Warris, S; Heemskerk, A; Mulder, LJM; van Wolffelaar, PC",,,Automan: A psychologically based model of a human driver,"CLINICAL ASSESSMENT, COMPUTERIZED METHODS, AND INSTRUMENTATION",COMPUTERS IN PSYCHOLOGY,,,,Workshop on Computers in Psychology,"SEP, 1999","UNIV UTRECHT, UTRECHT, NETHERLANDS",,UNIV UTRECHT,,,,,,,,,"Quispel, Lennart/0000-0002-0986-7589",,,,,,,,,,,,,0925-9244,,90-265-1944-3,,,,2003,7,,,,,,205,219,,,,,,,,,,,,,,,,WOS:000182321200016,View Full Record in Web of Science
C,"Takahashi, Y; Tamura, Y; Asada, M",,,IEEE,"Takahashi, Yasutake; Tamura, Yoshihiro; Asada, Minoru",,,Human Instruction Recognition and Self Behavior Acquisition based on State Value,"2009 IEEE INTERNATIONAL CONFERENCE ON FUZZY SYSTEMS, VOLS 1-3",,,,,18th IEEE International Conference on Fuzzy Systems,"AUG 20-24, 2009","Jeju Isl, SOUTH KOREA",IEEE,,,,,,,,,"Takahashi, Yasutake/AGH-7956-2022","Takahashi, Yasutake/0000-0001-7301-9907",,,,,,,,,,,,,,,978-1-4244-3596-8,,,,2009,,,,,,,969,974,,10.1109/FUZZY.2009.5277091,http://dx.doi.org/10.1109/FUZZY.2009.5277091,,,,,,,,,,,,,WOS:000274242600168,View Full Record in Web of Science
J,"Rehan, M; Tufail, M; Ahmed, S",,,,"Rehan, Muhammad; Tufail, Muhammad; Ahmed, Shakeel",,,Leaderless consensus control of nonlinear multi-agent systems under directed topologies subject to input saturation using adaptive event-triggered mechanism,JOURNAL OF THE FRANKLIN INSTITUTE-ENGINEERING AND APPLIED MATHEMATICS,,,,,,,,,,,,,,,,,"Rehan, Muhammad/ABG-5590-2020; Tufail, Muhammad/R-1486-2019",,,,,,,,,,,,,,0016-0032,1879-2693,,,,AUG,2021,358,12,,,,,6217,6239,,10.1016/j.jfranklin.2021.06.014,http://dx.doi.org/10.1016/j.jfranklin.2021.06.014,,JUL 2021,,,,,,,,,,,WOS:000677711200012,View Full Record in Web of Science
C,"Nurmaini, S; Tutuko, B; Rahman, TA",,"Rui, H",,"Nurmaini, Siti; Tutuko, Bambang; Rahman, Aulia T.",,,A New Navigation of Behavior-Based Olfactory Mobile Robot,"ADVANCED RESEARCH IN MATERIAL SCIENCE AND MECHANICAL ENGINEERING, PTS 1 AND 2",Applied Mechanics and Materials,,,,2nd International Conference on Mechanics and Control Engineering (ICMCE 2013),"SEP 01-02, 2013","Beijing, PEOPLES R CHINA",SW Jiaotong Univ,,,,,,,,,"Tutuko, Bambang/AAV-7686-2020; Nurmaini, Siti/L-6311-2013","Nurmaini, Siti/0000-0002-8024-2952",,,,,,,,,,,,,1660-9336,,978-3-03785-908-7,,,,2014,446-447,,,,,,1255,1260,,10.4028/www.scientific.net/AMM.446-447.1255,http://dx.doi.org/10.4028/www.scientific.net/AMM.446-447.1255,,,,,,,,,,,,,WOS:000338976600237,View Full Record in Web of Science
C,"Eggert, J; Damerow, F",,,IEEE,"Eggert, Julian; Damerow, Florian",,,Complex Lane Change Behavior in the Foresighted Driver Model,2015 IEEE 18TH INTERNATIONAL CONFERENCE ON INTELLIGENT TRANSPORTATION SYSTEMS,IEEE International Conference on Intelligent Transportation Systems-ITSC,,,,18th IEEE International Conference on Intelligent Transportation Systems,"SEP 15-18, 2015",SPAIN,"IEEE,Int Transportat Syst Soc,CVCEI,Univ Las Palmas Gran Canaria,Ayuntamentiao Las Palmas Gran Canaria,LPA,IEEE Comp Soc,Univ Las Palmas Gran Canaria, Inst Univ Ciencias Tecnologias Ciberneticas",,,,,,,,,,,,,,,,,,,,,,,2153-0009,,978-1-4673-6596-3,,,,2015,,,,,,,1747,1754,,10.1109/ITSC.2015.284,http://dx.doi.org/10.1109/ITSC.2015.284,,,,,,,,,,,,,WOS:000376668801130,View Full Record in Web of Science
J,"Haladjian, HH; Montemayor, C",,,,"Haladjian, Harry Haroutioun; Montemayor, Carlos",,,Artificial consciousness and the consciousness-attention dissociation,CONSCIOUSNESS AND COGNITION,,,,,,,,,,,,,,,,,,"Haladjian, Harry/0000-0002-1784-3050",,,,,,,,,,,,,1053-8100,1090-2376,,,,OCT,2016,45,,,,,,210,225,,10.1016/j.concog.2016.08.011,http://dx.doi.org/10.1016/j.concog.2016.08.011,,,,,,,,27656787,,,,,WOS:000385054000019,View Full Record in Web of Science
J,"Dominguez-Morales, JP; Rios-Navarro, A; Dominguez-Morales, M; Tapiador-Morales, R; Gutierrez-Galan, D; Cascado-Caballero, D; Jimenez-Fernandez, A; Linares-Barranco, A",,,,"Dominguez-Morales, J. P.; Rios-Navarro, A.; Dominguez-Morales, M.; Tapiador-Morales, R.; Gutierrez-Galan, D.; Cascado-Caballero, D.; Jimenez-Fernandez, A.; Linares-Barranco, A.",,,Wireless Sensor Network for Wildlife Tracking and Behavior Classification of Animals in Donana,IEEE COMMUNICATIONS LETTERS,,,,,,,,,,,,,,,,,"Linares-Barranco, Alejandro/B-7087-2011; Rios-Navarro, Antonio/L-4746-2018; Jimenez Fernandez, Angel Francisco/G-2748-2016; Dominguez Morales, Manuel Jesus/I-3786-2015; Dominguez-Morales, Juan Pedro/G-2875-2016; Gutierrez-Galan, Daniel/C-7605-2017","Rios-Navarro, Antonio/0000-0003-4163-8484; Jimenez Fernandez, Angel Francisco/0000-0003-3061-5922; Dominguez Morales, Manuel Jesus/0000-0001-5669-9111; Dominguez-Morales, Juan Pedro/0000-0002-5474-107X; Tapiador Morales, Ricardo/0000-0002-7268-2915; Gutierrez-Galan, Daniel/0000-0003-3100-0604; Linares-Barranco, Alejandro/0000-0002-6056-740X",,,,,,,,,,,,,1089-7798,1558-2558,,,,DEC,2016,20,12,,,,,2534,2537,,10.1109/LCOMM.2016.2612652,http://dx.doi.org/10.1109/LCOMM.2016.2612652,,,,,,,,,,,,,WOS:000391282800050,View Full Record in Web of Science
C,"An, Q; Ikemoto, Y; Asama, H; Matsuoka, H; Chugo, D; Takakusaki, K",,,IEEE,"An, Qi; Ikemoto, Yusuke; Asama, Hajime; Matsuoka, Hiroki; Chugo, Daisuke; Takakusaki, Kaoru",,,Extraction of Behavior Primitives in Human Standing-up Motion for Development of Power Assisting Machine,"2008 IEEE INTERNATIONAL CONFERENCE ON ROBOTICS AND BIOMIMETICS, VOLS 1-4",,,,,IEEE International Conference on Robotics and Biomimetics (ROBIO),"FEB 22-25, 2009","Bangkok, THAILAND",IEEE Robot & Automat Soc,,,,,,,,,,"Asama, Hajime/0000-0002-9482-497X",,,,,,,,,,,,,,,978-1-4244-2678-2,,,,2009,,,,,,,1995,+,,,,,,,,,,,,,,,,WOS:000271966900338,View Full Record in Web of Science
B,"Prem, E",,"Moran, F; Moreno, A; Merelo, JJ; Chacon, P",,"Prem, E",,,Grounding and the entailment structure in robots and artificial life,ADVANCES IN ARTIFICIAL LIFE,LECTURE NOTES IN ARTIFICIAL INTELLIGENCE,,,,3rd European Conference on Artificial Life,"JUN 04-06, 1995","GRANADA, SPAIN","ISSOL,Spanish RIG IEEE Neural Networks Council,Silicon Graph Spain,IBM Spain,Parque Cienc Granada",,,,,,,,,"Prem, Erich/LWH-9981-2024","Prem, Erich/0000-0002-4380-3722",,,,,,,,,,,,,,,3-540-59496-5,,,,1995,929,,,,,,39,51,,,,,,,,,,,,,,,,WOS:A1995BF02F00003,View Full Record in Web of Science
C,"Gamage, GW; Mann, GKI; Gosine, RG",,,IEEE,"Gamage, Gayan W.; Mann, George K. I.; Gosine, Raymond G.",,,Formation Control of Multiple Nonholonomic Mobile Robots Via Dynamic Feedback Linearization,"ICAR: 2009 14TH INTERNATIONAL CONFERENCE ON ADVANCED ROBOTICS, VOLS 1 AND 2",,,,,14th International Conference on Advanced Robotics,"JUN 22-26, 2009","Munich, GERMANY",,,,,,,,,,"Mann, George K. I./AAW-9312-2021","Mann, George K. I./0000-0002-1211-3374",,,,,,,,,,,,,,,978-1-4244-4855-5,,,,2009,,,,,,,141,146,,,,,,,,,,,,,,,,WOS:000270815500023,View Full Record in Web of Science
J,"Savage, T",,,,"Savage, T",,,Shaping: a multiple contingencies analysis and its relevance to behaviour-based robotics,CONNECTION SCIENCE,,,,,,,,,,,,,,,,,,,,,,,,,,,,,,,0954-0091,,,,,SEP,2001,13,3,,,,,199,234,,10.1080/09540090110096196,http://dx.doi.org/10.1080/09540090110096196,,,,,,,,,,,,,WOS:000173050200001,View Full Record in Web of Science
J,"Tavares, ADBM; Madruga, SP; Brito, AV; Nascimento, TP",,,,"Tavares, Augusto de Holanda B. M.; Madruga, Sarah Pontes; Brito, Alisson V.; Nascimento, Tiago P.",,,Dynamic Leader Allocation in Multi-robot Systems Based on Nonlinear Model Predictive Control,JOURNAL OF INTELLIGENT & ROBOTIC SYSTEMS,,,,,,,,,,,,,,,,,"de Holanda Barreto Martins Tavares, Augusto/AAJ-9085-2021; Brito, Alisson/AAT-4503-2020; MADRUGA, SARAH/AAJ-9084-2021; Brito, Alisson/J-3714-2017; Nascimento, Tiago/G-4409-2015","de Holanda Barreto Martins Tavares, Augusto/0000-0002-7824-0237; Pontes Madruga, Sarah/0000-0002-8228-5382; Brito, Alisson/0000-0001-5215-443X; Nascimento, Tiago/0000-0002-9319-2114",,,,,,,,,,,,,0921-0296,1573-0409,,,,MAY,2020,98,2,,,,,359,376,,10.1007/s10846-019-01064-4,http://dx.doi.org/10.1007/s10846-019-01064-4,,,,,,,,,,,,,WOS:000521842700008,View Full Record in Web of Science
C,"Santana, PF; Correia, L",,,IEEE,"Santana, Pedro F.; Correia, Luis",,,Behaviour cooperation by negation for mobile robots,"2006 IEEE INTERNATIONAL CONFERENCE ON ROBOTICS AND BIOMIMETICS, VOLS 1-3",,,,,IEEE International Conference on Robotics and Biomimetics (ROBIO 2006),"DEC 17-20, 2006","Kunming, PEOPLES R CHINA","IEEE,IEEE Robot & Automat Soc,Robot Soc Japan,Japanese Soc Mech Engineers,Peking Univ,Beijing Inst Technol,Yunnan Univ",,,,,,,,,"Santana, Pedro/J-9773-2012; Correia, Luis/M-3656-2013","Santana, Pedro/0000-0002-4357-1546; Correia, Luis/0000-0003-2439-1168",,,,,,,,,,,,,,,978-1-4244-0570-1,,,,2006,,,,,,,982,+,,10.1109/ROBIO.2006.340362,http://dx.doi.org/10.1109/ROBIO.2006.340362,,,,,,,,,,,,,WOS:000245907301073,View Full Record in Web of Science
C,"Zhu, ZY; Li, N; Sun, RY; Xu, DH; Zhao, HJ",,,IEEE,"Zhu, Zeyu; Li, Nan; Sun, Ruoyu; Xu, Donghao; Zhao, Huijing",,,Off-road Autonomous Vehicles Traversability Analysis and Trajectory Planning Based on Deep Inverse Reinforcement Learning,2020 IEEE INTELLIGENT VEHICLES SYMPOSIUM (IV),IEEE Intelligent Vehicles Symposium,,,,31st IEEE Intelligent Vehicles Symposium (IV),"JUN 23-26, 2020",ELECTR NETWORK,IEEE,,,,,,,,,,"Zhu, Zeyu/0000-0003-2280-0052",,,,,,,,,,,,,1931-0587,,978-1-7281-6673-5,,,,2020,,,,,,,971,977,,10.1109/iv47402.2020.9304721,http://dx.doi.org/10.1109/iv47402.2020.9304721,,,,,,,,,,,,,WOS:000653124200146,View Full Record in Web of Science
C,"Itoda, K; Watanabe, N; Takefuji, Y",,"Everitt, T; Goertzel, B; Potapov, A",,"Itoda, Kota; Watanabe, Norifumi; Takefuji, Yoshiyasu",,,Analyzing Human Decision Making Process with Intention Estimation Using Cooperative Pattern Task,"ARTIFICIAL GENERAL INTELLIGENCE: 10TH INTERNATIONAL CONFERENCE, AGI 2017",Lecture Notes in Artificial Intelligence,,,,10th International Conference on Artificial General Intelligence (AGI),"AUG 15-18, 2017","Melbourne, AUSTRALIA","OpenCog Fdn,Hanson Robot",,,,,,,,,"Takefuji, Yoshiyasu/AAI-8819-2020","Takefuji, Yoshiyasu/0000-0002-1826-742X",,,,,,,,,,,,,0302-9743,1611-3349,978-3-319-63703-7; 978-3-319-63702-0,,,,2017,10414,,,,,,249,258,,10.1007/978-3-319-63703-7_23,http://dx.doi.org/10.1007/978-3-319-63703-7_23,,,,,,,,,,,,,WOS:000432199000023,View Full Record in Web of Science
J,"García, P; Caamaño, P; Duro, RJ; Bellas, F",,,,"Garcia, Paula; Caamano, Pilar; Duro, Richard J.; Bellas, Francisco",,,Scalable Task Assignment for Heterogeneous Multi-Robot Teams,INTERNATIONAL JOURNAL OF ADVANCED ROBOTIC SYSTEMS,,,,,,,,,,,,,,,,,"Fernández, Richard/R-5084-2019; Bellas, Francisco/M-5008-2018","Duro, Richard J./0000-0002-6807-524X; Bellas, Francisco/0000-0001-6043-1468",,,,,,,,,,,,,1729-8814,,,,,FEB 7,2013,10,,,,,,,,105,10.5772/55489,http://dx.doi.org/10.5772/55489,,,,,,,,,,,,,WOS:000316463300001,View Full Record in Web of Science
C,"Kato, T; Watanabe, K; Maeyama, S",,,SICE,"Kato, Tatsuya; Watanabe, Keigo; Maeyama, Shoichi",,,Arbitrary Trajectory Tracking of a Mobile Robot by an Image-based Fuzzy Controller,2012 PROCEEDINGS OF SICE ANNUAL CONFERENCE (SICE),,,,,Annual Conference of the Society-of-Instrument-and-Control-Engineers (SICE),"AUG 20-23, 2012","Akita Univ, Akita, JAPAN","Soc Instrument & Control Engineers (SICE),IEEE Control Syst Soc (CSS),IEEE Robot & Automat Soc (RAS),IEEE Ind Elect Soc (IES),Inst Control, Robot & Syst (ICROS),Int Soc Automat (ISA),Japan Elect Measuring Instruments Manufacturers Assoc (JEMIMA),Asian Control Assoc (ACA),China Instrument & Control Soc (CIS),Chinese Assoc Automat (CAA),Chinese Automat Control Soc (CACS),Int Measurement Confederat (IMEKO),IFAC NMO",Akita Univ,,,,,,,,,,,,,,,,,,,,,,,,978-4-907764-40-1,,,,2012,,,,,,,160,165,,,,,,,,,,,,,,,,WOS:000310466500032,View Full Record in Web of Science
C,"Groth, C; Henrich, D",,"Amato, N",,"Groth, Christian; Henrich, Dominik",,,Multi-Tasking of Competing Behaviors on a Robot Manipulator,2013 IEEE/RSJ INTERNATIONAL CONFERENCE ON INTELLIGENT ROBOTS AND SYSTEMS (IROS),IEEE International Conference on Intelligent Robots and Systems,,,,IEEE/RSJ International Conference on Intelligent Robots and Systems (IROS),"NOV 03-08, 2013","Tokyo, JAPAN","IEEE,IEEE Robot & Automat Soc,IEEE Ind Elect Soc,Robot Soc Japan,New Technol Fdn,Soc Instrument & Control Engineers,Kawada Robot,Reflexxes GmbH,Telecommunicat Advancement Fdn,Tateisi Sci & Technol Fdn",,,,,,,,,,,,,,,,,,,,,,,2153-0858,,978-1-4673-6358-7,,,,2013,,,,,,,3057,3064,,,,,,,,,,,,,,,,WOS:000331367403019,View Full Record in Web of Science
C,"Pipe, AG; Carse, B; Winfield, A",,,IEEE,"Pipe, AG; Carse, B; Winfield, A",,,A topological map based navigation system for mobile robotics,"SMC '97 CONFERENCE PROCEEDINGS - 1997 IEEE INTERNATIONAL CONFERENCE ON SYSTEMS, MAN, AND CYBERNETICS, VOLS 1-5: CONFERENCE THEME: COMPUTATIONAL CYBERNETICS AND SIMULATION","IEEE INTERNATIONAL CONFERENCE ON SYSTEMS, MAN, AND CYBERNATICS, CONFERENCE PROCEEDINGS",,,,"1997 IEEE International Conference on Systems, Man, and Cybernetics - Computational Cybernetics and Simulation (SMC 97)","OCT 12-15, 1997","ORLANDO, FL",IEEE Syst Man & Cybernet Soc,,,,,,,,,,,,,,,,,,,,,,,1062-922X,,0-7803-4054-X,,,,1997,,,,,,,4394,4399,,,,,,,,,,,,,,,,WOS:A1997BJ80Y00767,View Full Record in Web of Science
C,"Yang, HW; Yang, SX; Meng, QHM",,,IEEE; IEEE,"Yang, HW; Yang, SX; Meng, QHM",,,Behavior-based path planning and tracking control of a nonholonomic mobile robot,"PROCEEDINGS OF THE 2003 IEEE/ASME INTERNATIONAL CONFERENCE ON ADVANCED INTELLIGENT MECHATRONICS (AIM 2003), VOLS 1 AND 2",IEEE ASME International Conference on Advanced Intelligent Mechatronics,,,,IEEE/ASME International Conference on Advanced Intelligent Mechatronics,"JUL 20-24, 2003","KOBE, JAPAN","IEEE Ind Elect Soc,IEEE Robot & Automat Soc,ASME Dynam Syst & Control Div",,,,,,,,,"Yang, Simon X./A-4399-2008","Yang, Simon X./0000-0002-6888-7993",,,,,,,,,,,,,2159-6255,,0-7803-7759-1,,,,2003,,,,,,,58,63,,10.1109/AIM.2003.1225072,http://dx.doi.org/10.1109/AIM.2003.1225072,,,,,,,,,,,,,WOS:000185624100011,View Full Record in Web of Science
C,"Gyagenda, N; Gamal, O; Hubert, R",,,,"Gyagenda, N.; Gamal, O.; Hubert, R.",,,A Non-Contextual Method for Determining the Degree of Autonomy to Develop in a Mobile Robot,IFAC PAPERSONLINE,,,,,Control Conference Africa (CCA),"DEC 07-08, 2017","Johannesburg, SOUTH AFRICA",S African Council Automat & Control,,,,,,,,,,,,,,,,,,,,,,,2405-8963,,,,,,2017,50,2,,,,,271,276,,10.1016/j.ifacol.2017.12.057,http://dx.doi.org/10.1016/j.ifacol.2017.12.057,,,,,,,,,,,,,WOS:000425304700057,View Full Record in Web of Science
C,"Shi, GL; Qiao, LZ; He, HY; He, LC",,,IEEE,"Shi, Ganglei; Qiao, Lizhi; He, Haoyang; He, Lucheng",,,Safety Analysis and Countermeasures for System Interchange Operation Based on Geometric Components and Driving Behavior,"2020 4TH INTERNATIONAL CONFERENCE ON AUTOMATION, CONTROL AND ROBOTS (ICACR 2020)",,,,,"4th International Conference on Automation, Control and Robots (ICACR)","OCT 11-13, 2020","Rome, ITALY","IEEE,Beijing Inst Control Robot & Intelligent Technol,IEEE Robot & Automat Soc",,,,,,,,,,,,,,,,,,,,,,,,,978-1-7281-9207-9,,,,2020,,,,,,,72,78,,10.1109/icacr51161.2020.9265516,http://dx.doi.org/10.1109/icacr51161.2020.9265516,,,,,,,,,,,,,WOS:000651326000013,View Full Record in Web of Science
J,"Novak, D; Nagle, A; Riener, R",,,,"Novak, Domen; Nagle, Aniket; Riener, Robert",,,Linking Recognition Accuracy and User Experience in an Affective Feedback Loop,IEEE TRANSACTIONS ON AFFECTIVE COMPUTING,,,,,,,,,,,,,,,,,"Riener, Robert/B-9868-2016","Riener, Robert/0000-0002-1726-2950",,,,,,,,,,,,,1949-3045,,,,,APR-JUN,2014,5,2,,,,,168,172,,10.1109/TAFFC.2014.2326870,http://dx.doi.org/10.1109/TAFFC.2014.2326870,,,,,,,,,,,,,WOS:000340428200006,View Full Record in Web of Science
C,"Shirkhodaie, A; Goetz, R; Patkar, A; Masour, M; Aderogba, S; Avalareddy, N",,"Gerhart, GR; Gunderson, RW; Shoemaker, CM",,"Shirkhodaie, A; Goetz, R; Patkar, A; Masour, M; Aderogba, S; Avalareddy, N",,,Behavior-based tactical navigational and mobility control of tandem ground robotic vehicles,UNMANNED GROUND VEHICLE TECHNOLOGY II,PROCEEDINGS OF THE SOCIETY OF PHOTO-OPTICAL INSTRUMENTATION ENGINEERS (SPIE),,,,Conference on Unmanned Ground Vehicle Technology II,"APR 24-25, 2000","ORLANDO, FL",SPIE,,,,,,,,,,,,,,,,,,,,,,,0277-786X,,0-8194-3650-X,,,,2000,4024,,,,,,44,54,,10.1117/12.391648,http://dx.doi.org/10.1117/12.391648,,,,,,,,,,,,,WOS:000088995200006,View Full Record in Web of Science
C,"Banjanovic-Mehmedovic, L; Husejnovic, A",,,IEEE,"Banjanovic-Mehmedovic, Lejla; Husejnovic, Adnan",,,FPGA based Hexapod Robot Navigation using Arbitration of Fuzzy Logic Controlled Behaviors,"2019 XXVII INTERNATIONAL CONFERENCE ON INFORMATION, COMMUNICATION AND AUTOMATION TECHNOLOGIES (ICAT 2019)",,,,,"27th International Conference on Information, Communication and Automation Technologies (ICAT)","OCT 10-13, 2019","Sarajevo, BOSNIA & HERCEG",,,,,,,,,,"Banjanovic-Mehmedovic, Lejla/GQH-7417-2022",,,,,,,,,,,,,,,,978-1-7281-4543-3,,,,2019,,,,,,,,,,10.1109/icat47117.2019.8939030,http://dx.doi.org/10.1109/icat47117.2019.8939030,,,,,,,,,,,,,WOS:000526391600024,View Full Record in Web of Science
C,"Riley, DG; Frew, EW",,,IEEE,"Riley, Danny G.; Frew, Eric W.",,,"BOBCAT: Behaviors, Objectives and Binary states for Coordinated Autonomous Tasks",2022 IEEE/RSJ INTERNATIONAL CONFERENCE ON INTELLIGENT ROBOTS AND SYSTEMS (IROS),IEEE International Conference on Intelligent Robots and Systems,,,,IEEE/RSJ International Conference on Intelligent Robots and Systems (IROS),"OCT 23-27, 2022","Kyoto, JAPAN","IEEE,Royal Soc Japan,IEEE Robot & Automat Soc,IES,SICE,New Technol Fdn",,,,,,,,,,,,,,,,,,,,,,,2153-0858,,978-1-6654-7927-1,,,,2022,,,,,,,13189,13196,,10.1109/IROS47612.2022.9981135,http://dx.doi.org/10.1109/IROS47612.2022.9981135,,,,,,,,,,,,,WOS:000909405304051,View Full Record in Web of Science
C,"Belkaid, M; Cuperlier, N; Gaussier, P",,"Andrews, P; Caves, L; Doursat, R; Hickinbotham, S; Polack, F; Stepney, S; Taylor, T; Timmis, J",,"Belkaid, Marwen; Cuperlier, Nicolas; Gaussier, Philippe",,,Emotional modulation of peripersonal space impacts the way robots interact,ECAL 2015: THE THIRTEENTH EUROPEAN CONFERENCE ON ARTIFICIAL LIFE,,,,,13th European Conference on Artificial Life (ECAL),"JUL 20-24, 2015","Univ York, York Ctr Complex Syst Anal, York, ENGLAND","MIT Press, Artificial Life,Springer,HIERATIC Project Hierarch Anal Complex Dynam Syst,FoCAS Project Fundamentals Collect Adapt Syst,Earth Life Sci Inst Origins Network,SimOmics","Univ York, York Ctr Complex Syst Anal",,,,,,,,"Cuperlier, Nicolas/AAS-2637-2020; Belkaid, Marwen/AAF-7835-2021",,,,,,,,,,,,,,,,,,,,2015,,,,,,,431,437,,10.7551/978-0-262-33027-5-ch076,http://dx.doi.org/10.7551/978-0-262-33027-5-ch076,,,,,,,,,,,,,WOS:000510147800076,View Full Record in Web of Science
C,"Ishiguro, A; Kondo, T; Watanabe, Y; Shirai, Y; Uchikawa, Y",,,IEEE; IEEE; IEEE,"Ishiguro, A; Kondo, T; Watanabe, Y; Shirai, Y; Uchikawa, Y",,,Emergent construction of artificial immune networks for autonomous mobile robots,"SMC '97 CONFERENCE PROCEEDINGS - 1997 IEEE INTERNATIONAL CONFERENCE ON SYSTEMS, MAN, AND CYBERNETICS, VOLS 1-5: CONFERENCE THEME: COMPUTATIONAL CYBERNETICS AND SIMULATION",IEEE International Conference on Systems Man and Cybernetics Conference Proceedings,,,,"1997 IEEE International Conference on Systems, Man, and Cybernetics - Computational Cybernetics and Simulation (SMC 97)","OCT 12-15, 1997","ORLANDO, FL",IEEE Syst Man & Cybernet Soc,,,,,,,,,"Kondo, Toshiyuki/B-9972-2013","Kondo, Toshiyuki/0000-0001-8200-9276",,,,,,,,,,,,,1062-922X,,0-7803-4053-1; 0-7803-4054-X,,,,1997,,,,,,,1222,1228,,,,,,,,,,,,,,,,WOS:A1997BJ80Y00212,View Full Record in Web of Science
C,"Udomkun, M; Tangamchit, P",,,IEEE,"Udomkun, Mahitthidetch; Tangamchit, Poj",,,Cooperative Behavior-based Control of Decentralized Mobile Robots on an Overhead Box Carrying Task,"ECTI-CON 2008: PROCEEDINGS OF THE 2008 5TH INTERNATIONAL CONFERENCE ON ELECTRICAL ENGINEERING/ELECTRONICS, COMPUTER, TELECOMMUNICATIONS AND INFORMATION TECHNOLOGY, VOLS 1 AND 2",,,,,"5th International Conference on Electrical Engineering/Electronics, Computer Telecommunications and Information Technology","MAY 14-17, 2008","Krabi, THAILAND","Elect Engn, Elect, Comp, Telecommun & Informat Technol Asso c",,,,,,,,,,"Tangamchit, Poj/0000-0002-9199-7373",,,,,,,,,,,,,,,978-1-4244-2101-5,,,,2008,,,,,,,633,636,,10.1109/ECTICON.2008.4600513,http://dx.doi.org/10.1109/ECTICON.2008.4600513,,,,,,,,,,,,,WOS:000260497200159,View Full Record in Web of Science
C,"Kurup, U; Lebiere, C; Stentz, A; Hebert, M",,"Karlsen, RE; Gage, DW; Shoemaker, CM; Gerhart, GR",,"Kurup, Unmesh; Lebiere, Christian; Stentz, Anthony; Hebert, Martial",,,Connecting a cognitive architecture to robotic perception,UNMANNED SYSTEMS TECHNOLOGY XIV,Proceedings of SPIE,,,,Conference on Unmanned Systems Technology XIV,"APR 25-27, 2012","Baltimore, MD",SPIE,,,,,,,,,,,,,,,,,,,,,,,0277-786X,,978-0-8194-9065-0,,,,2012,8387,,,,,,,,83870X,10.1117/12.919417,http://dx.doi.org/10.1117/12.919417,,,,,,,,,,,,,WOS:000305906400032,View Full Record in Web of Science
C,"Seraji, H; Bon, B",,,IEEE; IEEE; IEEE,"Seraji, H; Bon, B",,,Multi-range traversability indices for terrain-based navigation,"2002 IEEE INTERNATIONAL CONFERENCE ON ROBOTICS AND AUTOMATION, VOLS I-IV, PROCEEDINGS",,,,,19th IEEE International Conference on Robotics and Automation (ICRA),"MAY 11-15, 2002","WASHINGTON, DC",IEEE Robot & Automat Soc,,,,,,,,,,,,,,,,,,,,,,,,,0-7803-7272-7,,,,2002,,,,,,,2674,2681,,,,,,,,,,,,,,,,WOS:000178573200422,View Full Record in Web of Science
J,"Turnwald, A; Wollherr, D",,,,"Turnwald, Annemarie; Wollherr, Dirk",,,Human-Like Motion Planning Based on Game Theoretic Decision Making,INTERNATIONAL JOURNAL OF SOCIAL ROBOTICS,,,,,,,,,,,,,,,,,"Wollherr, Dirk/C-3925-2011",,,,,,,,,,,,,,1875-4791,1875-4805,,,,JAN,2019,11,1,,,,,151,170,,10.1007/s12369-018-0487-2,http://dx.doi.org/10.1007/s12369-018-0487-2,,,,,,,,,,,,,WOS:000460006800012,View Full Record in Web of Science
C,"Neranon, P",,,IEEE,"Neranon, Paramin",,,Human-to-Robot Object Handover using a Behavioural Position-based Force Control Approach,"2019 FIRST INTERNATIONAL SYMPOSIUM ON INSTRUMENTATION, CONTROL, ARTIFICIAL INTELLIGENCE, AND ROBOTICS (ICA-SYMP 2019)",,,,,"1st International Symposium on Instrumentation, Control, Artificial Intelligence, and Robotics (ICA-SYMP)","JAN 16-18, 2019","Chulalongkorn Univ, Bangkok, THAILAND","IEEE Thailand Sect,ECTI Assoc Thailand,Artificial Intelligence Assoc Thailand,Thai Robot Soc,IEEE Control Syst Soc Thailand,ABB,Worldquant",Chulalongkorn Univ,,,,,,,,,,,,,,,,,,,,,,,,978-1-5386-7774-2,,,,2019,,,,,,,5,8,,10.1109/ica-symp.2019.8646258,http://dx.doi.org/10.1109/ica-symp.2019.8646258,,,,,,,,,,,,,WOS:000462634600002,View Full Record in Web of Science
J,"Hassan, H; Simó, J; Crespo, A",,,,"Hassan, H; Simó, J; Crespo, A",,,Flexible real-time mobile robotic architecture based on behavioural models,ENGINEERING APPLICATIONS OF ARTIFICIAL INTELLIGENCE,,,,,,,,,,,,,,,,,"Crespo, Alfons/AAB-5709-2020; hassan, houcine/AAG-6212-2019; Crespo, Alfons/L-6532-2014; Simo, Jose/L-6969-2014; Hassan, Houcine/H-9064-2015","Crespo, Alfons/0000-0002-6606-7406; Simo, Jose/0000-0003-4677-7627; Hassan, Houcine/0000-0002-2038-0587",,,,,,,,,,,,,0952-1976,1873-6769,,,,OCT,2001,14,5,,,,,685,702,PII S0952-1976(01)00029-X,10.1016/S0952-1976(01)00029-X,http://dx.doi.org/10.1016/S0952-1976(01)00029-X,,,,,,,,,,,,,WOS:000175709900011,View Full Record in Web of Science
J,"Huang, KY; Chen, JY; Oyekan, J",,,,"Huang, Kangyao; Chen, Jingyu; Oyekan, John",,,Decentralised aerial swarm for adaptive and energy efficient transport of unknown loads,SWARM AND EVOLUTIONARY COMPUTATION,,,,,,,,,,,,,,,,,"Huang, Kangyao/IYS-6530-2023; Oyekan, John/AAN-4868-2020; 陈, 敬宇/JPA-5592-2023","Chen, Jingyu/0000-0001-7083-0948; Huang, Kangyao/0000-0002-5708-2620",,,,,,,,,,,,,2210-6502,2210-6510,,,,DEC,2021,67,,,,,,,,100957,10.1016/j.swevo.2021.100957,http://dx.doi.org/10.1016/j.swevo.2021.100957,,AUG 2021,,,,,,,,,,,WOS:000704395100010,View Full Record in Web of Science
C,"Montemerlo, M; Thrun, S; Whittaker, W",,,IEEE; IEEE; IEEE,"Montemerlo, M; Thrun, S; Whittaker, W",,,Conditional particle filters for simultaneous mobile robot localization and people-tracking,"2002 IEEE INTERNATIONAL CONFERENCE ON ROBOTICS AND AUTOMATION, VOLS I-IV, PROCEEDINGS",,,,,19th IEEE International Conference on Robotics and Automation (ICRA),"MAY 11-15, 2002","WASHINGTON, DC",IEEE Robot & Automat Soc,,,,,,,,,,,,,,,,,,,,,,,,,0-7803-7272-7,,,,2002,,,,,,,695,701,,,,,,,,,,,,,,,,WOS:000178573200110,View Full Record in Web of Science
C,"Markusek, J; Vitko, A; Jurisica, L",,"Armada, M; DeSantos, PG",,"Markusek, J; Vitko, A; Jurisica, L",,,Behaviour-based versus monolithic navigation architecture,PROCEEDINGS OF THE THIRD INTERNATIONAL CONFERENCE ON CLIMBING AND WALKING ROBOTS,,,,,3rd International Conference on Climbing and Walking Robots (CLAWAR 2000),"OCT 02-04, 2000","MADRID, SPAIN","IEE,IEEE,BARA,CEA,BSMEE,Comunidad Madrid,CDTU,AER ATP,FZI,CSIC,DERA,Forward Ind,Univ Portsmouth,Gravatom,ISQ,Kentree,Portech,RISO,Univ Kaiserslautern,Univ Salford,Robosoft,Odense Steel Shipyard Ltd,IRP,UWE Bristol",,,,,,,,,,,,,,,,,,,,,,,,,1-86058-268-0,,,,2000,,,,,,,615,622,,,,,,,,,,,,,,,,WOS:000165883300067,View Full Record in Web of Science
C,"Schmidt, D; Berns, K",,"Amato, N",,"Schmidt, Daniel; Berns, Karsten",,,Safe Navigation of a Wall-Climbing Robot by Methods of Risk Prediction and Suitable Counteractive Measures,2013 IEEE/RSJ INTERNATIONAL CONFERENCE ON INTELLIGENT ROBOTS AND SYSTEMS (IROS),IEEE International Conference on Intelligent Robots and Systems,,,,IEEE/RSJ International Conference on Intelligent Robots and Systems (IROS),"NOV 03-08, 2013","Tokyo, JAPAN","IEEE,IEEE Robot & Automat Soc,IEEE Ind Elect Soc,Robot Soc Japan,New Technol Fdn,Soc Instrument & Control Engineers,Kawada Robot,Reflexxes GmbH,Telecommunicat Advancement Fdn,Tateisi Sci & Technol Fdn",,,,,,,,,,,,,,,,,,,,,,,2153-0858,,978-1-4673-6358-7,,,,2013,,,,,,,2309,2314,,,,,,,,,,,,,,,,WOS:000331367402069,View Full Record in Web of Science
C,"Moon, CB; Chung, W; Song, JB",,,IEEE,"Moon, Chang-bae; Chung, Woojin; Song, Jae-Bok",,,GSPN (Generalized Stochastic Petri Nets) based navigation behavior control of an indoor service robot,"ASCC: 2009 7TH ASIAN CONTROL CONFERENCE, VOLS 1-3",Asian Control Conference ASCC,,,,7th Asian Control Conference (ASCC 2009),"AUG 27-29, 2009","Hong Kong, PEOPLES R CHINA","Asian Control Assoc,IEEE Control Sys Soc,Hong Kong Inst Engineers,Hong Kong Univ Sci & Technol,KC Wong Educ Fdn,Res Grant Council Hong Kong",,,,,,,,,"Song, Jae-Bok/AAQ-5591-2021",,,,,,,,,,,,,,2072-5639,,978-1-4244-5440-2,,,,2009,,,,,,,1444,1449,,,,,,,,,,,,,,,,WOS:000274323100252,View Full Record in Web of Science
J,"Rathee, G; Kumar, A; Kerrache, CA; Iqbal, R",,,,"Rathee, Geetanjali; Kumar, Akshay; Kerrache, Chaker Abdelaziz; Iqbal, Razi",,,A trust-based mechanism for drones in smart cities,IET SMART CITIES,,,,,,,,,,,,,,,,,"Kerrache, Chaker Abdelaziz/I-7062-2019","Kerrache, Chaker Abdelaziz/0000-0001-9990-519X",,,,,,,,,,,,,,2631-7680,,,,DEC,2022,4,4,,,,,255,264,,10.1049/smc2.12039,http://dx.doi.org/10.1049/smc2.12039,,AUG 2022,,,,,,,,,,,WOS:000841793000001,View Full Record in Web of Science
C,"Akita, S; Satake, S; Shiomi, M; Imai, M; Kanda, T","Kosecka, J","Maciejewski, AA; Okamura, A; Bicchi, A; Stachniss, C; Song, DZ; Lee, DH; Chaumette, F; Ding, H; Li, JS; Wen, J; Roberts, J; Masamune, K; Chong, NY; Amato, N; Tsagwarakis, N; Rocco, P; Asfour, T; Chung, WK; Yasuyoshi, Y; Sun, Y; Maciekeski, T; Althoefer, K; AndradeCetto, J; Chung, WK; Demircan, E; Dias, J; Fraisse, P; Gross, R; Harada, H; Hasegawa, Y; Hayashibe, M; Kiguchi, K; Kim, K; Kroeger, T; Li, Y; Ma, S; Mochiyama, H; Monje, CA; Rekleitis, I; Roberts, R; Stulp, F; Tsai, CHD; Zollo, L",,"Akita, Shohei; Satake, Satoru; Shiomi, Masahiro; Imai, Michita; Kanda, Takayuki","Kosecka, J",,Social Coordination for Looking-Together Situations,2018 IEEE/RSJ INTERNATIONAL CONFERENCE ON INTELLIGENT ROBOTS AND SYSTEMS (IROS),IEEE International Conference on Intelligent Robots and Systems,,,,25th IEEE/RSJ International Conference on Intelligent Robots and Systems (IROS),"OCT 01-05, 2018","Madrid, SPAIN","IEEE Robot & Automat Soc,IEEE Ind Elect Soc,Robot Soc Japan,Soc Instrument & Control Engineers,New Technol Fdn,IEEE,Adept MobileRobots,Willow Garage,Aldebaran Robot,Natl Instruments,Reflexxes GmbH,Schunk Intec S L U,Univ Carlos III Madrid,BOSCH,JD COM,Pal Robot,KUKA,Santander,Squirrel AI Learning,Baidu,Generat Robots,KINOVA Robot,Ouster,Univ Pablo Olavide Sevilla,Rapyuta Robot,SICK,TOYOTA,UP,Amazon,ARGO,Built Robot,Disney Res,Easy Mile,Hitachi,Robot,Khalifa Univ,Magazino,MathWorks,New Dexterity,Schunk,nuTonomy,PILZ,Prophesee,Rootnik,Saga Robot,Shadow,Soft Bank Robot,Anyverse,GalTech,Generat Robot,IEEE CAA Journal Automatica Sinica,Sci Robot, AAAS,TERAS",,,,,,,,,"Shiomi, Masahiro/IQW-5108-2023; Kanda, Takayuki/I-5843-2016","Kanda, Takayuki/0000-0002-9546-5825",,,,,,,,,,,,,2153-0858,,978-1-5386-8094-0,,,,2018,,,,,,,834,841,,,,,,,,,,,,,,,,WOS:000458872700097,View Full Record in Web of Science
J,"Shah, SK; Tang, ZJ; Yuan, JB; Popp, J; Acevedo-Duque, A",,,,"Shah, Sayed Kifayat; Tang, Zhongjun; Yuan, Jingbo; Popp, Jozsef; Acevedo-Duque, Angel",,,Complexity in the use of 5G technology in China: An exploration using fsQCA approach,JOURNAL OF INTELLIGENT & FUZZY SYSTEMS,,,,,,,,,,,,,,,,,"Popp, József/AFN-1250-2022; Acevedo-Duque, Ángel/ABF-9101-2020; Shah, Sayed Kifayat/ACU-5158-2022","Tang, Zhongjun/0000-0002-0300-6198; Shah, Sayed Kifayat/0000-0003-2637-5911; Yuan, Jingbo/0009-0000-3876-5875",,,,,,,,,,,,,1064-1246,1875-8967,,,,,2023,45,2,,,,,2193,2207,,10.3233/JIFS-223129,http://dx.doi.org/10.3233/JIFS-223129,,,,,,,,,,,,,WOS:001045474700022,View Full Record in Web of Science
C,"Minoya, K; Arita, T; Omori, T",,"Sugisaka, M; Tanaka, H",,"Minoya, Kenichi; Arita, Takaya; Omori, Takashi",,,Autonomous acquisition of cooperative behavior based on a theory of mind using parallel Genetic Network Programming,PROCEEDINGS OF THE SIXTEENTH INTERNATIONAL SYMPOSIUM ON ARTIFICIAL LIFE AND ROBOTICS (AROB 16TH '11),,,,,16th International Symposium on Artificial Life and Robotics (AROB 16th '11),"JAN 27-29, 2011","Beppu, JAPAN","Int Organiz Comm Int Symposium Artificial Life & Robot,ALife Robot Corp Ltd & Nippon Bunri Univ,Mitsubishi Elect Corp Adv Technol R&D Ctr,Oita Gas Co Ltd,ME System Co Ltd,SANWA SHURUI Co Ltd",,,,,,,,,"Arita, Takaya/GLU-7953-2022",,,,,,,,,,,,,,,,978-4-9902880-5-1,,,,2011,,,,,,,593,596,,,,,,,,,,,,,,,,WOS:000393365500140,View Full Record in Web of Science
C,"Skrzypczyk, K",,"Rutkowski, L; Scherer, R; Tadeusiewicz, R; Zadeh, LA; Zurada, JM",,"Skrzypczyk, Krzysztof",,,On Data Representation in Reactive Systems Based on Activity Trace Concept,"ARTIFICIAL INTELLIGENCE AND SOFT COMPUTING, PT II",Lecture Notes in Artificial Intelligence,,,,10th International Conference on Artificial Intelligence and Soft Computing (ICAISC 2010),"JUN 13-17, 2010","Zakopane, POLAND","Polish Neural Network Soc,Acad Management,Czestochowa Univ Technol, Dept Comp Engn,IEEE Computat Intelligence Soc, Poland Chapter",,,,,,,,,,"Skrzypczyk, Krzysztof/0000-0001-9324-3383",,,,,,,,,,,,,0302-9743,1611-3349,978-3-642-13231-5,,,,2010,6114,,,,,,345,352,,,,,,,,,,,,,,,,WOS:000281548200042,View Full Record in Web of Science
C,"Eberst, C; Andersson, M; Christensen, HI",,,IEEE; IEEE,"Eberst, C; Andersson, M; Christensen, HI",,,Vision-based door-traversal for autonomous mobile robots,"2000 IEEE/RSJ INTERNATIONAL CONFERENCE ON INTELLIGENT ROBOTS AND SYSTEMS (IROS 2000), VOLS 1-3, PROCEEDINGS",,,,,IEEE/Robotics-Society-of-Japan International Conference on Intelligent Robots and Systems (IROS 2000),"OCT 31-NOV 05, 2000","KAGAWA UNIV, TAKAMATSU, JAPAN","IEEE, Ind Electr Soc,IEEE, Robot & Automat Soc,Robot Soc Japan,Soc Instrument & Control Engineers,New Technol Fdn,Kagawa Univ",KAGAWA UNIV,,,,,,,,"Christensen, Henrik/A-2261-2009","Christensen, Henrik Iskov/0000-0002-7465-7502",,,,,,,,,,,,,,,0-7803-6348-5; 0-7803-6349-3,,,,2000,,,,,,,620,625,,,,,,,,,,,,,,,,WOS:000166948600100,View Full Record in Web of Science
C,"Bonsignorio, FP; Robots, H",,,ASME,"Bonsignorio, Fabio P.; Robots, Heron",,,On the length of dynamical system control programs,"PROCEEDINGS OF THE ASME INTERNATIONAL DESIGN ENGINEERING TECHNICAL CONFERENCES AND COMPUTERS AND INFORMATION IN ENGINEERING CONFERENCE 2007, VOL 5, PTS A-C,",,,,,ASME International Design Engineering Technical Conferences/Computers and Information in Engineering Conference,"SEP 04-07, 2007","Las Vegas, NV","ASME, Design Engn Div,ASME, Comp & Informat Engn Div",,,,,,,,,"Bonsignorio, Fabio/R-7078-2019","Bonsignorio, Fabio/0000-0002-5802-2814",,,,,,,,,,,,,,,978-0-7918-4806-7,,,,2008,,,,,,,873,879,,,,,,,,,,,,,,,,WOS:000254517101009,View Full Record in Web of Science
C,"Jerbic, B; Vranjes, B; Kunica, Z",,,IEEE,"Jerbic, B; Vranjes, B; Kunica, Z",,,Behavior based mobile robot in automatic assembly,ISATP 2005: IEEE International Symposium on Assembly and Task Planning (ISATP),,,,,IEEE International Symposium on Assembly and Task Planning,"JUL 19-21, 2005","Montreal, CANADA",,,,,,,,,,"Jerbić, Bojan/ACJ-5813-2022","Jerbic, Bojan/0000-0003-1811-5669",,,,,,,,,,,,,,,0-7803-9079-2,,,,2005,,,,,,,25,31,,10.1109/ISATP.2005.1511445,http://dx.doi.org/10.1109/ISATP.2005.1511445,,,,,,,,,,,,,WOS:000235236200005,View Full Record in Web of Science
C,"Takahashi, S; Gácsi, M; Korondi, P; Niitsuma, M",,,IEEE,"Takahashi, Soh; Gacsi, Marta; Korondi, Peter; Niitsuma, Mihoko",,,Design of Legible Autonomous Leading Behavior Based on Dogs' Approach,2015 24TH IEEE INTERNATIONAL SYMPOSIUM ON ROBOT AND HUMAN INTERACTIVE COMMUNICATION (RO-MAN),,,,,24th IEEE International Symposium on Robot and Human Interactive Communication (RO-MAN),"AUG 31-SEP 04, 2015","Kobe, JAPAN","IEEE,Robot Soc Japan,Korea Robot Soc,IEEE Robot & Automat Soc",,,,,,,,,"Korondi, Peter/LLL-1312-2024","Niitsuma, Mihoko/0009-0008-3800-7319; Gacsi, Marta/0000-0003-3080-7545; Korondi, Peter/0000-0002-0016-0384",,,,,,,,,,,,,,,978-1-4673-6704-2,,,,2015,,,,,,,211,216,,,,,,,,,,,,,,,,WOS:000380393600037,View Full Record in Web of Science
C,"Scheunemann, MM; Cuijpers, RH; Salge, C",,,IEEE,"Scheunemann, Marcus M.; Cuijpers, Raymond H.; Salge, Christoph",,,Warmth and Competence to Predict Human Preference of Robot Behavior in Physical Human -Robot Interaction,2020 29TH IEEE INTERNATIONAL CONFERENCE ON ROBOT AND HUMAN INTERACTIVE COMMUNICATION (RO-MAN),IEEE RO-MAN,,,,29th IEEE International Conference on Robot and Human Interactive Communication (IEEE RO-MAN),"AUG 31-SEP 04, 2020",ELECTR NETWORK,"IEEE,IEEE Robot & Automat Soc,Robot Soc Japan,Korean Robot Soc,Furhat Robot,EurAi,Assoc Italiana Lingusitica Computazionale,Assoc Italiana Scienze Voce,Springer,Robotics",,,,,,,,,"Scheunemann, Marcus/AAG-5183-2021","Scheunemann, Marcus/0000-0002-0815-7024",,,,,,,,,,,,,1944-9445,,978-1-7281-6075-7,,,,2020,,,,,,,1340,1347,,,,,,,,,,,,,,,,WOS:000598571700195,View Full Record in Web of Science
J,"Liu, B; Fu, WP; Wang, W; Gao, ZQ; Li, R; Peng, LX; Du, HL; Chen, XH",,,,"Liu, Bo; Fu, Weiping; Wang, Wen; Gao, Zhiqiang; Li, Rui; Peng, Lixia; Du, Huilong; Chen, Xiaohu",,,Research on Cobot Action Decision-Making Method Based on Intuitionistic Fuzzy Set and Game Theory,IEEE ACCESS,,,,,,,,,,,,,,,,,,,,,,,,,,,,,,,2169-3536,,,,,,2022,10,,,,,,103349,103363,,10.1109/ACCESS.2022.3205305,http://dx.doi.org/10.1109/ACCESS.2022.3205305,,,,,,,,,,,,,WOS:000864151600001,View Full Record in Web of Science
C,"Qiao, ZM; Zhang, P",,"Cheng, D",,Qiao Zongmin; Zhang Pei,,,Exponential Synchronization of a Class of Chaotic Neural Network,PROCEEDINGS OF THE 10TH WORLD CONGRESS ON INTELLIGENT CONTROL AND AUTOMATION (WCICA 2012),,,,,10th World Congress on Intelligent Control and Automation (WCICA),"JUL 06-08, 2012","Beijing, PEOPLES R CHINA","Chinese Acad Sci, Acad Math & Syst Sci,IEEE Robot & Automat Soc,IEEE Control Syst Soc,Natl Nat Sci Fdn China,Chinese Assoc Automat,Chinese Assoc Artificial Intelligence,IEEE RACS Hong Kong Chapter,IEEE Control Syst Soc Beijing Chapter,IEEE Control Syst Soc Singapore Chapter",,,,,,,,,,,,,,,,,,,,,,,,,978-1-4673-1398-8,,,,2012,,,,,,,2194,2197,,,,,,,,,,,,,,,,WOS:000395422502044,View Full Record in Web of Science
C,"Suh, YH; Lee, KW; Lee, M; Kim, H; Cho, ES",,"Min, G; Lefevre, L; Hu, J; Liu, L; Yang, LT; Seelam, S",IEEE,"Suh, Young-Ho; Lee, Kang-Woo; Lee, Moohun; Kim, Hyun; Cho, Eun-Sun",,,ICARS : Integrated Control Architecture for the Robotic mediator in Smart environments A Software Framework for the Robotic Mediator collaborating with Smart Environments,2012 IEEE 14TH INTERNATIONAL CONFERENCE ON HIGH PERFORMANCE COMPUTING AND COMMUNICATIONS & 2012 IEEE 9TH INTERNATIONAL CONFERENCE ON EMBEDDED SOFTWARE AND SYSTEMS (HPCC-ICESS),IEEE International Conference on Embedded Software and Systems ICESS,,,,14th IEEE International Conference on High Performance Computing and Communications (HPCC) / IEEE 9th International Conference on Embedded Software and Systems (ICESS),"JUN 25-28, 2012","Liverpool, ENGLAND","IEEE,IEEE Comp Soc,Univ Bradford,IEEE Tech Comm Scalable Comp",,,,,,,,,,"Cho, Eun-Sun/0000-0002-9406-3314",,,,,,,,,,,,,2576-3504,2576-3512,978-0-7695-4749-7,,,,2012,,,,,,,1541,1548,,10.1109/HPCC.2012.225,http://dx.doi.org/10.1109/HPCC.2012.225,,,,,,,,,,,,,WOS:000310377500217,View Full Record in Web of Science
J,"Oertel, C; Jonell, P; Kontogiorgos, D; Mora, KF; Odobez, JM; Gustafson, J",,,,"Oertel, Catharine; Jonell, Patrik; Kontogiorgos, Dimosthenis; Mora, Kenneth Funes; Odobez, Jean-Marc; Gustafson, Joakim",,,Towards an Engagement-Aware Attentive Artificial Listener for Multi-Party Interactions,FRONTIERS IN ROBOTICS AND AI,,,,,,,,,,,,,,,,,"Odobez, Jean-Marc/B-1426-2010; Jonell, Patrik/O-6300-2017; Kontogiorgos, Dimosthenis/O-2485-2015","Odobez, Jean-Marc/0000-0002-9537-9898",,,,,,,,,,,,,2296-9144,,,,,JUL 1,2021,8,,,,,,,,555913,10.3389/frobt.2021.555913,http://dx.doi.org/10.3389/frobt.2021.555913,,,,,,,,34277714,,,,,WOS:000673604300001,View Full Record in Web of Science
C,"Goldman, R; Azhar, MQ; Sklar, E",,"Lakemeyer, G; Sklar, E; Sorrenti, DG; Takahashi, T",,"Goldman, Rachel; Azhar, M. Q.; Sklar, Elizabeth",,,From RoboLab to Aibo: A behavior-based interface for educational robotics,ROBOCUP 2006: ROBOT SOCCER WORLD CUP X,Lecture Notes in Artificial Intelligence,,,,10th International RoboCup Symposium,"JUN 19-20, 2006","Bremen, GERMANY",,,,,,,,,,,"Sklar, Elizabeth I./0000-0002-6383-9407",,,,,,,,,,,,,0302-9743,1611-3349,978-3-540-74023-0,,,,2007,4434,,,,,,122,+,,,,,,,,,,,,,,,,WOS:000250044700011,View Full Record in Web of Science
C,"Schorr, P; Ebnet, M; Zimmermann, K; Böhm, V",,"Awrejcewicz, J",,"Schorr, Philipp; Ebnet, Markus; Zimmermann, Klaus; Boehm, Valter",,,Dynamic Investigation of a Rolling Locomotion System Based on a Tensegrity Structure with Spatially Curved Compressed Members,"PERSPECTIVES IN DYNAMICAL SYSTEMS I-APPLICATIONS, DSTA 2021",Springer Proceedings in Mathematics and Statistics,,,,16th International Conference on Dynamical Systems - Theory and Applications (DSTA),"DEC 06-09, 2021",ELECTR NETWORK,"Lodz Univ Technol, Dept Automat, Biomechan & Mechatron,Polish Minister Educ & Sci",,,,,,,,,,,,,,,,,,,,,,,2194-1009,,978-3-031-56494-9; 978-3-031-56492-5; 978-3-031-56491-8,,,,2024,453,,,,,,437,449,,10.1007/978-3-031-56492-5_32,http://dx.doi.org/10.1007/978-3-031-56492-5_32,,,,,,,,,,,,,WOS:001289522200032,View Full Record in Web of Science
J,"Chen, YY; Wu, ZY; Han, CC; Cao, Z; Hu, YR; Zhao, P; Wang, YY",,,,"Chen, Yongyang; Wu, Zhiyi; Han, Chengcheng; Cao, Zhi; Hu, Yiran; Zhao, Ping; Wang, Yuanyu",,,A wave-shaped electrode flexible sensor capable of sensitively responding to wrinkle excitation for a multifunctional human-computer interaction system,NANO RESEARCH,,,,,,,,,,,,,,,,,"wang, yuan/M-9326-2014","Chen, Yongyang/0009-0009-4604-6518",,,,,,,,,,,,,1998-0124,1998-0000,,,,MAY,2024,17,5,,,,,4454,4461,,10.1007/s12274-023-6344-0,http://dx.doi.org/10.1007/s12274-023-6344-0,,DEC 2023,,,,,,,,,,,WOS:001129388000001,View Full Record in Web of Science
J,"Michaud, F; Mataric, MJ",,,,"Michaud, F; Mataric, MJ",,,Learning from history for behavior-based mobile robots in non-stationary conditions,MACHINE LEARNING,,,,,,,,,,,,,,,,,,,,,,,,,,,,,,,0885-6125,,,,,APR-JUN,1998,31,1-3,,,,,141,167,,10.1023/A:1007496725428,http://dx.doi.org/10.1023/A:1007496725428,,,,,,,,,,,,,WOS:000075539200007,View Full Record in Web of Science
C,"Osivue, OR; Zhang, XD; Mu, XQ; Han, HJ; Wang, YB",,,IEEE,"Osivue, Odekhe Randolph; Zhang, Xiaodong; Mu, Xiaoqi; Han, Huanjie; Wang, Yabin",,,Approach for Obstacle Avoidance Fuzzy Logic Control of An Elderly-assistant and Walking-assistant Robot Using Ultrasonic Sensors,2018 15TH INTERNATIONAL CONFERENCE ON UBIQUITOUS ROBOTS (UR),International Conference on Ubiquitous Robots and Ambient Intelligence,,,,15th International Conference on Ubiquitous Robots (UR),"JUN 26-30, 2018","Honolulu, HI",,,,,,,,,,,"Mu, Xiaoqi/0000-0002-7565-0425",,,,,,,,,,,,,2325-033X,,978-1-5386-6334-9,,,,2018,,,,,,,708,713,,,,,,,,,,,,,,,,WOS:000447274600095,View Full Record in Web of Science
C,"Rusu, CG; Birou, IT; Szöke, E",,"Miclea, L; Stoian, I",,"Rusu, C. G.; Birou, I. T.; Szoke, E.",,,Fuzzy Based Obstacle Avoidance System for Autonomous Mobile Robot,"PROCEEDINGS OF 2010 IEEE INTERNATIONAL CONFERENCE ON AUTOMATION, QUALITY AND TESTING, ROBOTICS (AQTR 2010), VOLS. 1-3",IEEE International Conference on Automation Quality and Testing Robotics,,,,"IEEE International Conference on Automation, Quality and Testing, Robotics (AQTR)","MAY 28-30, 2010","Cluj Napoca, ROMANIA",IEEE,,,,,,,,,"Szoke, Eniko/G-4474-2016; Birou, Iulian/AFK-4660-2022; Rusu, Calin/AAH-4267-2021","Szoke, Eniko/0000-0003-1651-2572",,,,,,,,,,,,,1844-7872,,978-1-4244-6725-9,,,,2010,,,,,,,,,,10.1109/AQTR.2010.5520862,http://dx.doi.org/10.1109/AQTR.2010.5520862,,,,,,,,,,,,,WOS:000419281500007,View Full Record in Web of Science
J,"Gursoy, D; Cai, RY",,,,"Gursoy, Dogan; Cai, Ruiying",,,Artificial intelligence: an overview of research trends and future directions,INTERNATIONAL JOURNAL OF CONTEMPORARY HOSPITALITY MANAGEMENT,,,,,,,,,,,,,,,,,"Cai, Ruiying/AAO-5891-2020; Gursoy, Dogan/A-3493-2008","Cai, Ruiying (Raine)/0000-0003-4152-2254; Gursoy, Dogan/0000-0002-3602-9433",,,,,,,,,,,,,0959-6119,1757-1049,,,,JAN 2,2025,37,1,,,,,1,17,,10.1108/IJCHM-03-2024-0322,http://dx.doi.org/10.1108/IJCHM-03-2024-0322,,APR 2024,,,,,,,,,,,WOS:001194905400001,View Full Record in Web of Science
C,"Yan, YJ; Zhu, QD; Cai, CT",,,IEEE,Yan Yongjie; Zhu Qidan; Cai Chengtao,,,Hybrid control architecture of mobile robot based on subsumption architecture,"IEEE ICMA 2006: PROCEEDING OF THE 2006 IEEE INTERNATIONAL CONFERENCE ON MECHATRONICS AND AUTOMATION, VOLS 1-3, PROCEEDINGS",,,,,IEEE International Conference on Mechatronics and Automation,"JUN 25-28, 2006","Henan Univ Sci & Technol, Luoyang, PEOPLES R CHINA","IEEE Robot & Automat Soc,Shandong Univ,Harbin Engn Univ,Univ Elect Sci & Technol China,IEEE Hong Kong Sect Joint RACS Chapter,Robot Soc Japan,Japan Soc Mech Engineers,Japan Soc Precis Engn,Chinese Univ Hong Kong,Chiba Inst Technol,Kagawa Univ",Henan Univ Sci & Technol,,,,,,,,"cai, chengtao/HGB-8304-2022; Zhu, Qidan/ABG-2126-2021",,,,,,,,,,,,,,,,1-4244-0465-7,,,,2006,,,,,,,2168,+,,,,,,,,,,,,,,,,WOS:000241434602087,View Full Record in Web of Science
C,"Bethel, CL; Henkel, Z; Eakin, DK; May, DC; Pilkinton, M",,,IEEE,"Bethel, Cindy L.; Henkel, Zachary; Eakin, Deborah K.; May, David C.; Pilkinton, Melinda",,,Moving Toward an Intelligent Interactive Social Engagement Framework for Information Gathering,2017 IEEE 15TH INTERNATIONAL SYMPOSIUM ON APPLIED MACHINE INTELLIGENCE AND INFORMATICS (SAMI),,,,,15th IEEE International Symposium on Applied Machine Intelligence and Informatics (SAMI),"JAN 26-28, 2017","Herlany, SLOVAKIA",IEEE,,,,,,,,,,"Henkel, Zachary/0000-0002-8293-221X",,,,,,,,,,,,,,,978-1-5090-5655-2,,,,2017,,,,,,,21,26,,,,,,,,,,,,,,,,WOS:000406005700003,View Full Record in Web of Science
J,"Iizuka, H; Di Paolo, EA",,,,"Iizuka, Hiroyuki; Di Paolo, Ezequiel A.",,,Toward spinozist robotics: Exploring the minimal dynamics of Behavioral preference,ADAPTIVE BEHAVIOR,,,,,,,,,,,,,,,,,"Di+Paolo, Ezequiel/AAF-2339-2020","Di Paolo, Ezequiel/0000-0002-3296-5021",,,,,,,,,,,,,1059-7123,1741-2633,,,,,2007,15,4,,,,,359,376,,10.1177/1059712307084687,http://dx.doi.org/10.1177/1059712307084687,,,,,,,,,,,,,WOS:000251368600001,View Full Record in Web of Science
C,"Burattini, E; Rossi, S; Finzi, A; Staffa, M",,"Doncieux, S; Girard, B; Guillot, A; Hallam, J; Meyer, JA; Mouret, JB",,"Burattini, Ernesto; Rossi, Silvia; Finzi, Alberto; Staffa, Mariacarla",,,Attentional Modulation of Mutually Dependent Behaviors,FROM ANIMALS TO ANIMATS 11,Lecture Notes in Artificial Intelligence,,,,11th International Conference on Simulation of Adaptive Behavior,"AUG 25-28, 2010","Univ Pierre & Marie Curie, Paris, FRANCE","Univ Pierre & Marie Curie,Inst Syst Intelligent & Robot,CNRS,Univ So Denmark,ISAB,Museum Natl Hist Naturelle,Polytech,Lect Notes Artificial Intelligence,GDR Robot,CLOS LUCE,Robosoft,Cyberbotics,GOSTAI,ICEA,AAI Canada Inc,EUCOGII,THALES,Brain Vis Syst",Univ Pierre & Marie Curie,,,,,,,,"Finzi, Alberto/P-4895-2019; Rossi, Silvia/C-2615-2008; Staffa, Mariacarla/P-5173-2014","Staffa, Mariacarla/0000-0001-7656-8370; Rossi, Silvia/0000-0002-3379-1756; FINZI, Alberto/0000-0001-6255-6221",,,,,,,,,,,,,0302-9743,,978-3-642-15192-7,,,,2010,6226,,,,,,283,292,,,,,,,,,,,,,,,,WOS:000286843200027,View Full Record in Web of Science
C,"Litvintseva, LV; Tanaka, T; Yamafuji, K; Ulyanov, VS",,,IEEE,"Litvintseva, LV; Tanaka, T; Yamafuji, K; Ulyanov, VS",,,Intelligence computing for direct human-robot communication using natural language and cognitive graphics,"1997 IEEE INTERNATIONAL SYMPOSIUM ON COMPUTATIONAL INTELLIGENCE IN ROBOTICS AND AUTOMATION - CIRA '97, PROCEEDINGS: TOWARDS NEW COMPUTATIONAL PRINCIPLES FOR ROBOTICS AND AUTOMATION",,,,,1997 IEEE International Symposium on Computational Intelligence in Robotics and Automation (CIRA 97) - Towards New Computational Principles for Robotics and Automation,"JUL 10-11, 1997","MONTEREY, CA","IEEE Robot & Automat Soc,IEEE Neural Network Council",,,,,,,,,,,,,,,,,,,,,,,,,0-8186-8138-1,,,,1997,,,,,,,332,337,,10.1109/CIRA.1997.613877,http://dx.doi.org/10.1109/CIRA.1997.613877,,,,,,,,,,,,,WOS:A1997BJ29M00052,View Full Record in Web of Science
J,"dos Reis, WPN; Lopes, GL; Bastos, GS",,,,"Neves dos Reis, Wallace Pereira; Lopes, Gustavo Leite; Bastos, Guilherme Sousa",,,An arrovian analysis on the multi-robot task allocation problem: Analyzing a behavior-based architecture,ROBOTICS AND AUTONOMOUS SYSTEMS,,,,,,,,,,,,,,,,,"dos Reis, Wallace/AFC-8899-2022; Bastos, Guilherme/J-3689-2014","dos Reis, Wallace Pereira Neves/0000-0002-5184-7848",,,,,,,,,,,,,0921-8890,1872-793X,,,,OCT,2021,144,,,,,,,,103839,10.1016/j.robot.2021.103839,http://dx.doi.org/10.1016/j.robot.2021.103839,,JUN 2021,,,,,,,,,,,WOS:000692135700006,View Full Record in Web of Science
J,"Liu, DS",,,,"Liu, Desheng",,,Recognition and simulation of wushu training behavior based on virtual reality technology,AGRO FOOD INDUSTRY HI-TECH,,,,,,,,,,,,,,,,,,,,,,,,,,,,,,,1722-6996,2035-4606,,,,JAN-FEB,2017,28,1,,,,,2231,2235,,,,,,,,,,,,,,,,WOS:000405992300081,View Full Record in Web of Science
C,"Koch, M; Rust, C; Kleinjohann, B",,,IEEE; IEEE,"Koch, M; Rust, C; Kleinjohann, B",,,Design of intelligent mechatronical systems with high-level Petri nets,"PROCEEDINGS OF THE 2003 IEEE/ASME INTERNATIONAL CONFERENCE ON ADVANCED INTELLIGENT MECHATRONICS (AIM 2003), VOLS 1 AND 2",IEEE ASME International Conference on Advanced Intelligent Mechatronics,,,,IEEE/ASME International Conference on Advanced Intelligent Mechatronics,"JUL 20-24, 2003","KOBE, JAPAN","IEEE Ind Elect Soc,IEEE Robot & Automat Soc,ASME Dynam Syst & Control Div",,,,,,,,,,,,,,,,,,,,,,,2159-6255,,0-7803-7759-1,,,,2003,,,,,,,217,222,,10.1109/AIM.2003.1225098,http://dx.doi.org/10.1109/AIM.2003.1225098,,,,,,,,,,,,,WOS:000185624100037,View Full Record in Web of Science
C,"Obute, SO; Kilby, P; Dogar, MR; Boyle, JH",,,IEEE,"Obute, Simon O.; Kilby, Philip; Dogar, Mehmet R.; Boyle, Jordan H.",,,RepAtt: Achieving Swarm Coordination through Chemotaxis,2020 IEEE 16TH INTERNATIONAL CONFERENCE ON AUTOMATION SCIENCE AND ENGINEERING (CASE),IEEE International Conference on Automation Science and Engineering,,,,16th IEEE International Conference on Automation Science and Engineering (CASE),"AUG 20-21, 2020",ELECTR NETWORK,IEEE,,,,,,,,,"Kilby, Philip/L-6808-2016; Boyle, Jordan/GRR-2427-2022","Boyle, Jordan/0000-0002-4219-9383; Dogar, Mehmet R/0000-0002-6896-5461",,,,,,,,,,,,,2161-8070,,978-1-7281-6904-0,,,,2020,,,,,,,1307,1312,,10.1109/case48305.2020.9216993,http://dx.doi.org/10.1109/case48305.2020.9216993,,,,,,,,,,,,,WOS:000612200600187,View Full Record in Web of Science
J,"Bekey, GA",,,,"Bekey, GA",,,Biologically inspired control of autonomous robots,ROBOTICS AND AUTONOMOUS SYSTEMS,,,,,International Workshop on Biorobotics - Human/Robot Symbiosis,"MAY, 1995","TSUKUBA, JAPAN","US Japan Ctr Technol Management,Vanderbilt Univ,USAF, Off Sci Res, Asian Off Aerosp Res & Dev,IEEE, Robot & Automat Soc,Japan Robot Soc,Vanderbilt Univ, Ctr Intelligen Syst",,,,,,,,,,,,,,,,,,,,,,,0921-8890,1872-793X,,,,JUL,1996,18,1-2,,,,,21,31,,10.1016/0921-8890(96)00022-X,http://dx.doi.org/10.1016/0921-8890(96)00022-X,,,,,,,,,,,,,WOS:A1996UQ88700005,View Full Record in Web of Science
J,"Ögren, P; Robinson, JWC",,,,"Ogren, Petter; Robinson, John W. C.",,,A Model Based Approach to Modular Multi-Objective Robot Control,JOURNAL OF INTELLIGENT & ROBOTIC SYSTEMS,,,,,,,,,,,,,,,,,,,,,,,,,,,,,,,0921-0296,,,,,AUG,2011,63,2,,,,,257,282,,10.1007/s10846-010-9523-7,http://dx.doi.org/10.1007/s10846-010-9523-7,,,,,,,,,,,,,WOS:000292832000007,View Full Record in Web of Science
C,"Likhachev, M; Arkin, RC",,"McKEE, GT; Schenker, PS",,"Likhachev, M; Arkin, RC",,,Robotic comfort zones,SENSOR FUSION AND DECENTRALIZED CONTROL IN ROBOTIC SYSTEMS III,PROCEEDINGS OF THE SOCIETY OF PHOTO-OPTICAL INSTRUMENTATION ENGINEERS (SPIE),,,,Conference on Sensor Fusion and Decentralized Control in Robotic Systems III,"NOV 06-08, 2000","BOSTON, MA",SPIE,,,,,,,,,,,,,,,,,,,,,,,0277-786X,,0-8194-3861-8,,,,2000,4196,,,,,,27,41,,10.1117/12.403722,http://dx.doi.org/10.1117/12.403722,,,,,,,,,,,,,WOS:000167105100003,View Full Record in Web of Science
J,"Li, W; Farrell, JA; Pang, S; Arrieta, RM",,,,"Li, W; Farrell, JA; Pang, S; Arrieta, RM",,,Moth-inspired chemical plume tracing on an autonomous underwater vehicle,IEEE TRANSACTIONS ON ROBOTICS,,,,,,,,,,,,,,,,,"Pang, Shuo/JKJ-5116-2023; Li, Wei/R-7928-2019; Farrell, Jay A./A-6887-2017","Farrell, Jay A./0000-0002-2077-8691",,,,,,,,,,,,,1552-3098,1941-0468,,,,APR,2006,22,2,,,,,292,307,,10.1109/TRO.2006.870627,http://dx.doi.org/10.1109/TRO.2006.870627,,,,,,,,,,,,,WOS:000236776800007,View Full Record in Web of Science
C,"Klecker, S; Plapper, P",,,ASME,"Klecker, Sophie; Plapper, Peter",,,BELBIC-SLIDING MODE CONTROL OF ROBOTIC MANIPULATORS WITH UNCERTAINTIES AND SWITCHING CONSTRAINTS,"PROCEEDINGS OF THE ASME INTERNATIONAL MECHANICAL ENGINEERING CONGRESS AND EXPOSITION, 2016, VOL. 4A",,,,,ASME International Mechanical Engineering Congress and Exposition (IMECE2016),"NOV 11-17, 2016","Phoenix, AZ",Amer Soc Mech Engineers,,,,,,,,,,,,,,,,,,,,,,,,,978-0-7918-5054-1,,,,2017,,,,,,,,,V04AT05A002,,,,,,,,,,,,,,,WOS:000400806400002,View Full Record in Web of Science
C,"Soto, J; Lin, KC",,"McQuay, W; Smari, WW",,"Soto, J; Lin, KC",,,Using genetic algorithms to evolve the control rules of a swarm of UAVs,"2005 INTERNATIONAL SYMPOSIUM ON COLLABORATIVE TECHNOLOGIES AND SYSTEMS, PROCEEDINGS",International Symposium on Collaborative Technologies and Systems-CTS,,,,International Symposium on Collaborative Technologies and Systems,"MAY 15-20, 2005","St Louis, MO","IEEE,IEEE Comp Soc,IEEE Syst, Man & Cybernet Soc",,,,,,,,,,,,,,,,,,,,,,,,,0-7695-2387-0,,,,2005,,,,,,,359,365,,,,,,,,,,,,,,,,WOS:000233965100057,View Full Record in Web of Science
J,"Abiyev, RH; Akkaya, N; Aytac, E; Ibrahim, D",,,,"Abiyev, Rahib H.; Akkaya, Nurullah; Aytac, Ersin; Ibrahim, Dogan",,,BEHAVIOUR TREE BASED CONTROL FOR EFFICIENT NAVIGATION OF HOLONOMIC ROBOTS,INTERNATIONAL JOURNAL OF ROBOTICS & AUTOMATION,,,,,,,,,,,,,,,,,,,,,,,,,,,,,,,0826-8185,1925-7090,,,,,2014,29,1,,,,,44,57,,10.2316/Journal.206.2014.1.206-3788,http://dx.doi.org/10.2316/Journal.206.2014.1.206-3788,,,,,,,,,,,,,WOS:000330419200005,View Full Record in Web of Science
C,"Hernandez, JA; Pustowka, A; Caicedo, EF; Bacca, EB",,,IEEE,"Hernandez, Jonathan A.; Pustowka, Alejandro; Caicedo, Eduardo F.; Bacca, Eval B.",,,Formation control of cooperative robots with limited sensing using a virtual robot as reference,2009 6TH LATIN AMERICAN ROBOTICS SYMPOSIUM,,,,,6th Latin American Robotics Symposium,"OCT 29-30, 2009","UTFSM, Valparaiso, CHILE",,UTFSM,,,,,,,,"Caicedo Bravo, Eduardo Francisco/LGZ-6841-2024; Bacca Cortes, Eval Bladimir/LFU-5939-2024","Caicedo Bravo, Eduardo Francisco/0000-0003-0727-2917; Bacca Cortes, Eval Bladimir/0000-0003-0113-4134",,,,,,,,,,,,,,,978-1-4244-6256-8,,,,2009,,,,,,,90,96,,,,,,,,,,,,,,,,WOS:000278421300015,View Full Record in Web of Science
C,"Yang, YM; Tian, YT",,,IEEE,"Yang, Yongming; Tian, Yantao",,,Swarm robots aggregation formation control inspired by fish school,"2007 IEEE INTERNATIONAL CONFERENCE ON ROBOTICS AND BIOMIMETICS, VOLS 1-5",,,,,IEEE International Conference on Robotics and Biomimetics (ROBIO 2007),"DEC 15-18, 2007","Sanya, PEOPLES R CHINA","IEEE Robot & Automat Soc,Shandong Univ,Chinese Univ Hong Kong,Chiba Inst Technol,Robot Soc Japan,Soc Instrument & Control Engineers,Japan Soc Mech Engineers,ROBIO Fdn",,,,,,,,,,,,,,,,,,,,,,,,,978-1-4244-1761-2,,,,2007,,,,,,,805,809,,10.1109/ROBIO.2007.4522266,http://dx.doi.org/10.1109/ROBIO.2007.4522266,,,,,,,,,,,,,WOS:000257065800142,View Full Record in Web of Science
J,"Tschichold-Gürman, N; Vestli, SJ; Schweitzer, G",,,,"Tschichold-Gürman, N; Vestli, SJ; Schweitzer, G",,,The service robot MOPS:: First operating experiences,ROBOTICS AND AUTONOMOUS SYSTEMS,,,,,EUROBOT 99 Workshop,"SEP 06-08, 1999","ZURICH, SWITZERLAND",,,,,,,,,,,"sholeh, muh ibnu/0000-0003-0841-3101",,,,,,,,,,,,,0921-8890,1872-793X,,,,FEB 28,2001,34,2-3,,,,,165,173,,10.1016/S0921-8890(00)00120-2,http://dx.doi.org/10.1016/S0921-8890(00)00120-2,,,,,,,,,,,,,WOS:000168297700010,View Full Record in Web of Science
J,"Jones, A; Castellano, G",,,,"Jones, Aidan; Castellano, Ginevra",,,Adaptive Robotic Tutors that Support Self-Regulated Learning: A Longer-Term Investigation with Primary School Children,INTERNATIONAL JOURNAL OF SOCIAL ROBOTICS,,,,,,,,,,,,,,,,,,"Jones, Aidan/0000-0001-8881-5842",,,,,,,,,,,,,1875-4791,1875-4805,,,,JUN,2018,10,3,,,SI,,357,370,,10.1007/s12369-017-0458-z,http://dx.doi.org/10.1007/s12369-017-0458-z,,,,,,,,,,,,,WOS:000435423100006,View Full Record in Web of Science
J,"Xu, WL; Tso, SK",,,,"Xu, WL; Tso, SK",,,Sensor-based fuzzy reactive navigation of a mobile robot through local target switching,IEEE TRANSACTIONS ON SYSTEMS MAN AND CYBERNETICS PART C-APPLICATIONS AND REVIEWS,,,,,,,,,,,,,,,,,"Xu, Weiliang/L-3953-2019","Xu, Peter/0000-0002-1960-0992",,,,,,,,,,,,,1094-6977,1558-2442,,,,AUG,1999,29,3,,,,,451,459,,10.1109/5326.777079,http://dx.doi.org/10.1109/5326.777079,,,,,,,,,,,,,WOS:000081755100012,View Full Record in Web of Science
C,"Wong, A; Ang, MH",,"Zhou, C; Maravall, D; Ruan, D",,"Wong, A; Ang, MH",,,Integration of soft computing towards autonomous legged robots,AUTONOMOUS ROBOTIC SYSTEMS: SOFT COMPUTING AND HARD COMPUTING METHODOLOGIES AND APPLICATIONS,Studies in Fuzziness and Soft Computing,,,,"International Conference on Computational Intelligence, Robotics and Autonomous Systems","NOV 28-30, 2001","SINGAPORE, SINGAPORE",,,,,,,,,,"Ang, Marcelo/B-4469-2010",,,,,,,,,,,,,,1434-9922,,3-7908-1546-2,,,,2003,116,,,,,,323,352,,,,,,,,,,,,,,,,WOS:000181782400012,View Full Record in Web of Science
C,"Ringold, TL; Cipra, RJ",,,ASME,"Ringold, Tyson L.; Cipra, Raymond J.",,,DECENTRALIZED MULTI-ROBOT TEAMS USING WHEELED MANIPULATION FOR OBJECT TRANSPORTATION,"PROCEEDINGS OF THE ASME INTERNATIONAL DESIGN ENGINEERING TECHNICAL CONFERENCES AND COMPUTERS AND INFORMATION IN ENGINEERING CONFERENCE 2012, VOL 4, PTS A AND B",,,,,ASME International Design Engineering Technical Conferences/Computers Information in Engineering Conference,"AUG 12-15, 2012","Chicago, IL","ASME, Design Engn Div,ASME, Comp & Informat Engn Div",,,,,,,,,,,,,,,,,,,,,,,,,978-0-7918-4503-5,,,,2012,,,,,,,891,899,,,,,,,,,,,,,,,,WOS:000335932500098,View Full Record in Web of Science
C,"Tan, YC",,,IEEE,"Tan, YC",,,Evaluation of robot swarm control methods for underwater mine countermeasures,PROCEEDINGS OF THE THIRTY-SIXTH SOUTHEASTERN SYMPOSIUM ON SYSTEM THEORY,Southeastern Symposium on System Theory,,,,36th Southeastern Symposium on System Theory,"MAR 16-16, 2004","Atlanta, GA","IEEE Atlanta Sect,AESS Atlanta Sect",,,,,,,,,,,,,,,,,,,,,,,0094-2898,,0-7803-8281-1,,,,2004,,,,,,,294,298,,,,,,,,,,,,,,,,WOS:000189506100061,View Full Record in Web of Science
J,"Peñaloza-Mejía, O; Clemente, E; Meza-Sánchez, M; Pérez, CB",,,,"Penaloza-Mejia, Ollin; Clemente, Eddie; Meza-Sanchez, Marlen; Perez, Cynthia B.",,,Evolving behaviors for bounded-flow tracking control of second-order dynamical systems,ENGINEERING APPLICATIONS OF ARTIFICIAL INTELLIGENCE,,,,,,,,,,,,,,,,,"Clemente, Eddie/GWR-1377-2022; Meza-Sánchez, Marlen/ADO-1700-2022","Clemente, Eddie/0000-0003-3195-9540; Meza-Sanchez, Marlen/0000-0002-1853-5607",,,,,,,,,,,,,0952-1976,1873-6769,,,,FEB,2019,78,,,,,,12,27,,10.1016/j.engappai.2018.10.001,http://dx.doi.org/10.1016/j.engappai.2018.10.001,,,,,,,,,,,,,WOS:000456757300002,View Full Record in Web of Science
C,"Shi, D; Dunlap, D; Collins, EG",,,IEEE,"Shi, Dongqing; Dunlap, Damion; Collins, Emmanuel G., Jr.",,,A comparison between a fuzzy behavioral algorithm and a vector polar histogram algorithm for mobile robot navigation,2007 INTERNATIONAL SYMPOSIUM ON COMPUTATIONAL INTELLIGENCE IN ROBOTICS AND AUTOMATION,,,,,International Symposium on Computational Intelligence in Robotics and Automation,"JUN 20-22, 2007","Jacksonville, FL",IEEE,,,,,,,,,"Collins, Frank/A-7444-2012; Shi, Dongqing/AAG-7560-2019","Dunlap, Damion/0000-0002-2339-0078",,,,,,,,,,,,,,,978-1-4244-0789-7,,,,2007,,,,,,,342,+,,,,,,,,,,,,,,,,WOS:000249266100058,View Full Record in Web of Science
C,"Huntsberger, T",,"Schenker, PS; McKee, GT",,"Huntsberger, T",,,Hybrid teleoperated/cooperative multirobot system for complex retrieval operations,SENSOR FUSION AND DISTRIBUTED ROBOTIC AGENTS,PROCEEDINGS OF THE SOCIETY OF PHOTO-OPTICAL INSTRUMENTATION ENGINEERS (SPIE),,,,Conference on Sensor Fusion and Distributed Robotic Agents,"NOV 21-22, 1996","BOSTON, MA",Soc Photo Opt Instrumentat Engineers,,,,,,,,,,,,,,,,,,,,,,,,,0-8194-2307-6,,,,1996,2905,,,,,,11,17,,10.1117/12.256330,http://dx.doi.org/10.1117/12.256330,,,,,,,,,,,,,WOS:A1996BG67J00002,View Full Record in Web of Science
J,"Molina, M; Camporredondo, A; Bavle, H; Rodriguez-Ramos, A; Campoy, P",,,,"Molina, Martin; Camporredondo, Alberto; Bavle, Hriday; Rodriguez-Ramos, Alejandro; Campoy, Pascual",,,An execution control method for the Aerostack aerial robotics framework,FRONTIERS OF INFORMATION TECHNOLOGY & ELECTRONIC ENGINEERING,,,,,,,,,,,,,,,,,"Molina, Martin/L-9517-2014; Campoy, Pascual/H-6268-2011","Molina, Martin/0000-0001-7145-1974; Bavle, Hriday/0000-0002-1732-0647; Campoy, Pascual/0000-0002-9894-2009",,,,,,,,,,,,,2095-9184,2095-9230,,,,JAN,2019,20,1,,,SI,,60,75,,10.1631/FITEE.1800552,http://dx.doi.org/10.1631/FITEE.1800552,,,,,,,,,,,,,WOS:000458244500006,View Full Record in Web of Science
J,"Yamagishi, K; Suzuki, T",,,,"Yamagishi, Kohei; Suzuki, Tsuyoshi",,,Cooperative Passing Based on Chaos Theory for Multiple Robot Swarms,JOURNAL OF ROBOTICS AND MECHATRONICS,,,,,,,,,,,,,,,,,,,,,,,,,,,,,,,0915-3942,1883-8049,,,,AUG,2023,35,4,,,SI,,969,976,,10.20965/jrm.2023.p0969,http://dx.doi.org/10.20965/jrm.2023.p0969,,,,,,,,,,,,,WOS:001053023200012,View Full Record in Web of Science
J,"De la Fuente, J; Sugar, TG; Redkar, S",,,,"De la Fuente, Juan; Sugar, Thomas G.; Redkar, Sangram",,,"Nonlinear, Phase-Based Oscillator to Generate and Assist Periodic Motions",JOURNAL OF MECHANISMS AND ROBOTICS-TRANSACTIONS OF THE ASME,,,,,ASME International Design Engineering Technical Conference / Computer and Information in Engineering Conference (IDETC/CIE),"AUG 21-24, 2016","Charlotte, NC","ASME, Design Engn Div,ASME, Computers & Informat Engn Div",,,,,,,,,,"Sugar, Thomas/0000-0003-0368-6311; De la Fuente, Juan/0000-0002-2830-2372",,,,,,,,,,,,,1942-4302,1942-4310,,,,APR,2017,9,2,,,,,,,24502,10.1115/1.4036023,http://dx.doi.org/10.1115/1.4036023,,,,,,,,,,,,,WOS:000398594900016,View Full Record in Web of Science
C,"Yamada, S; Murota, M",,,IEEE,"Yamada, S; Murota, M",,,Unsupervised learning to recognize environments from behavior sequences in a mobile robot,"1998 IEEE INTERNATIONAL CONFERENCE ON ROBOTICS AND AUTOMATION, VOLS 1-4",IEEE INTERNATIONAL CONFERENCE ON ROBOTICS AND AUTOMATION,,,,IEEE International Conference on Robotics and Automation,"MAY 16-20, 1998","KATHOLIEKE UNIV LEUVEN, LEUVEN, BELGIUM","IEEE, Robot & Automat Soc,Consiglio Nazl Ric,Fund Sci Res, Flanders, Belgium,Fraunhofer Inst Produktionstechnik & Automatisier,Commiss European Communities,INRIA,BULL,CNES,DAIMLER,KUKA,MATRA,SIEMENS,TECNOSPAZIO,THOMSON-CSF",KATHOLIEKE UNIV LEUVEN,,,,,,,,,,,,,,,,,,,,,,1050-4729,,0-7803-4300-X,,,,1998,,,,,,,1871,1876,,,,,,,,,,,,,,,,WOS:000074368900299,View Full Record in Web of Science
J,"Esmalipour, S; Ajri, M; Ekhtiari, M",,,,"Esmalipour, Sina; Ajri, Masoud; Ekhtiari, Mehrdad",,,"Design, simulation and experimental analysis of fiber-reinforced silicone actuators",STRUCTURAL ENGINEERING AND MECHANICS,,,,,,,,,,,,,,,,,"ajri, masoud/AFO-7406-2022",,,,,,,,,,,,,,1225-4568,1598-6217,,,,JUL 25,2024,91,2,,,,,211,225,,10.12989/sem.2024.91.2.211,http://dx.doi.org/10.12989/sem.2024.91.2.211,,,,,,,,,,,,,WOS:001275178400007,View Full Record in Web of Science
J,"Dong, DQ",,,,"Dong, Daqi",,,"Enabling an autonomous agent sharing its minds, describing its conscious contents",COGNITIVE SYSTEMS RESEARCH,,,,,,,,,,,,,,,,,,,,,,,,,,,,,,,2214-4366,1389-0417,,,,AUG,2023,80,,,,,,103,109,,10.1016/j.cogsys.2023.03.001,http://dx.doi.org/10.1016/j.cogsys.2023.03.001,,MAR 2023,,,,,,,,,,,WOS:001054864200001,View Full Record in Web of Science
C,"Liu, Z; Ang, MH; Seah, WKG",,,IEEE,"Liu, Z; Ang, MH; Seah, WKG",,,Multi-robot concurrent learning of fuzzy rules for cooperation,"2005 IEEE INTERNATIONAL SYMPOSIUM ON COMPUTATIONAL INTELLIGENCE IN ROBOTICS AND AUTOMATION, PROCEEDINGS",,,,,IEEE International Symposium on Computational Intelligence in Robotics and Automation,"JUN 09-30, 2005","Espoo, FINLAND",Int Soc Polit Psychol,,,,,,,,,"Ang, Marcelo/B-4469-2010","Ang, Marcelo/0000-0001-8277-6408; Seah, Winston/0000-0001-7147-5167",,,,,,,,,,,,,,,0-7803-9355-4,,,,2005,,,,,,,713,719,,,,,,,,,,,,,,,,WOS:000231588200118,View Full Record in Web of Science
C,"Miyoshi, T; Yamazoe, H; Lee, JH",,,IEEE,"Miyoshi, Tomoyuki; Yamazoe, Hirotake; Lee, Joo-Ho",,,Natural Behavior based Teleoperation for Dual Robot Manipulators Mounted on a Wheelchair,2015 IEEE/SICE INTERNATIONAL SYMPOSIUM ON SYSTEM INTEGRATION (SII),,,,,8th IEEE/SICE International Symposium on System Integration (SII),"DEC 11-13, 2015","Meijo Univ, Nagoya, JAPAN","SICE Syst Integrat Div,IEEE Robot & Automat Soc,IEEE Ind Elect Soc",Meijo Univ,,,,,,,,"Lee, Joo/AAS-2614-2021",,,,,,,,,,,,,,,,978-1-4673-7242-8,,,,2015,,,,,,,888,893,,,,,,,,,,,,,,,,WOS:000382556600151,View Full Record in Web of Science
J,"Juliá, M; Reinoso, O; Gil, A; Ballesta, M; Payá, L",,,,"Julia, Miguel; Reinoso, Oscar; Gil, Arturo; Ballesta, Monica; Paya, Luis",,,BEHAVIOUR BASED MULTI-ROBOT INTEGRATED EXPLORATION,INTERNATIONAL JOURNAL OF INNOVATIVE COMPUTING INFORMATION AND CONTROL,,,,,,,,,,,,,,,,,"BALLESTA, MÓNICA/C-8350-2012; Ortiz, Alejandro/M-1671-2014; Paya, Luis/I-5178-2015; Reinoso, Oscar/L-2236-2014","Reinoso, Oscar/0000-0002-1065-8944; Julia Cristobal, Miguel/0000-0001-6981-1926; Gil, Arturo/0000-0001-7811-8955",,,,,,,,,,,,,1349-4198,1349-418X,,,,SEP,2011,7,9,,,,,5225,5244,,,,,,,,,,,,,,,,WOS:000294797500009,View Full Record in Web of Science
C,"Estivill-Castro, V; Ferrer-Mestres, J",,,IEEE,"Estivill-Castro, Vladimir; Ferrer-Mestres, Jonathan",,,Path-finding in dynamic environments with PDDL-planners,2013 16TH INTERNATIONAL CONFERENCE ON ADVANCED ROBOTICS (ICAR),,,,,16th International Conference on Advanced Robotics (ICAR),"NOV 25-29, 2013","Univ Republica, Montevideo, URUGUAY","Univ Republica, Fac Ingn,IEEE",Univ Republica,,,,,,,,"Estivill-Castro, Vladimir/ABG-9312-2020; Estivill-Castro, Vladimir/H-5760-2015","Estivill-Castro, Vladimir/0000-0001-7775-0780",,,,,,,,,,,,,,,978-1-4799-2722-7,,,,2013,,,,,,,,,,,,,,,,,,,,,,,,WOS:000349898600007,View Full Record in Web of Science
C,"Thongchai, S; Kawamura, K",,,IEEE; IEEE; IEEE,"Thongchai, S; Kawamura, K",,,Application of fuzzy control to a sonar-based obstacle avoidance mobile robot,PROCEEDINGS OF THE 2000 IEEE INTERNATIONAL CONFERENCE ON CONTROL APPLICATIONS,,,,,Joint 2000 Conference on Control Applications and Computer-Aided Control Systems Design Symposium,"SEP 25-27, 2000","ANCHORAGE, AK","IEEE Control Syst Soc,Amer Soc Mech Engineers,European Union Control Assoc,Soc Instrument & Control Engineers",,,,,,,,,,,,,,,,,,,,,,,,,0-7803-6562-3; 0-7803-6563-1,,,,2000,,,,,,,425,430,,10.1109/CCA.2000.897461,http://dx.doi.org/10.1109/CCA.2000.897461,,,,,,,,,,,,,WOS:000166634800072,View Full Record in Web of Science
J,"Gomez, C; Hernandez, AC; Barber, R",,,,"Gomez, Clara; Hernandez, Alejandra C.; Barber, Ramon",,,Topological Frontier-Based Exploration and Map-Building Using Semantic Information,SENSORS,,,,,,,,,,,,,,,,,"Barber, Ramon/L-6669-2014; Hernandez Silva, Alejandra Carolina/M-4356-2017; Gomez, Clara/M-4353-2017","Barber, Ramon/0000-0003-2800-2457; Hernandez Silva, Alejandra Carolina/0000-0002-1398-1296; Gomez, Clara/0000-0002-4859-5053",,,,,,,,,,,,,,1424-8220,,,,OCT 2,2019,19,20,,,,,,,4595,10.3390/s19204595,http://dx.doi.org/10.3390/s19204595,,,,,,,,31652607,,,,,WOS:000497864700243,View Full Record in Web of Science
C,"Mahakalkar, N; Pethe, R; Kimmatkar, KM; Tiwari, HD",,,IEEE,"Mahakalkar, Namrata; Pethe, Rahul; Kimmatkar, Kiran M.; Tiwari, Honey Durga",,,Smart interface development for Sensor Data Analytics in Internet of Robotic things,PROCEEDINGS OF THE 2019 INTERNATIONAL CONFERENCE ON INTELLIGENT COMPUTING AND CONTROL SYSTEMS (ICCS),,,,,International Conference on Intelligent Computing and Control Systems (ICCS),"MAY 15-17, 2019","Anna Univ, Vaigai Coll Engn, Madurai, INDIA","IEEE,Electron Devices Soc","Anna Univ, Vaigai Coll Engn",,,,,,,,"HONEY, Dr./ABD-9037-2020; Mahakalkar, Namrata/KTI-0187-2024; Pethe, Dr.Rahul/AAZ-1947-2021","Pethe, Dr.Rahul/0000-0003-2359-1168; Mahakalkar, Namrata/0000-0001-5743-8124",,,,,,,,,,,,,,,978-1-5386-8113-8,,,,2019,,,,,,,957,962,,,,,,,,,,,,,,,,WOS:000609778300176,View Full Record in Web of Science
J,"Tunstel, E; de Oliveira, MAA; Berman, S",,,,"Tunstel, E; de Oliveira, MAA; Berman, S",,,Fuzzy behavior hierarchies for multi-robot control,INTERNATIONAL JOURNAL OF INTELLIGENT SYSTEMS,,,,,,,,,,,,,,,,,"Berman, Sigal/F-1467-2012","Berman, Sigal/0000-0001-7717-7259",,,,,,,,,,,,,0884-8173,,,,,MAY,2002,17,5,,,,,449,470,,10.1002/int.10032,http://dx.doi.org/10.1002/int.10032,,,,,,,,,,,,,WOS:000175073500002,View Full Record in Web of Science
C,"Sönmez, EB; Köse, H; Barkana, DE",,,IEEE,"Sonmez, Elena Battini; Kose, Hatice; Barkana, Duygun Erol",,,Towards a New Computational Affective System for Personal Assistive Robots,2020 28TH SIGNAL PROCESSING AND COMMUNICATIONS APPLICATIONS CONFERENCE (SIU),Signal Processing and Communications Applications Conference,,,,28th Signal Processing and Communications Applications Conference (SIU),"OCT 05-07, 2020",ELECTR NETWORK,Istanbul Medipol Univ,,,,,,,,,"Barkana, Duygun/N-2285-2018; Kose, Hatice/C-6322-2013; Battini Sonmez, Elena/AAZ-6358-2021","Kose, Hatice/0000-0003-4796-4766; Battini Sonmez, Elena/0000-0003-0090-984X; Erol Barkana, Duygun/0000-0002-8929-0459",,,,,,,,,,,,,2165-0608,,978-1-7281-7206-4,,,,2020,,,,,,,,,,10.1109/siu49456.2020.9302238,http://dx.doi.org/10.1109/siu49456.2020.9302238,,,,,,,,,,,,,WOS:000653136100212,View Full Record in Web of Science
C,"Kubota, N; Aizawa, N",,,IEEE,"Kubota, Naoyuki; Aizawa, Naohide",,,Intelligent Control of Multi-Agent System based on Multi-Objective Behavior Coordination,"2008 IEEE INTERNATIONAL CONFERENCE ON FUZZY SYSTEMS, VOLS 1-5",IEEE International Conference on Fuzzy Systems,,,,IEEE International Conference on Fuzzy Systems,"JUN 01-06, 2008","Hong Kong, PEOPLES R CHINA",IEEE,,,,,,,,,,,,,,,,,,,,,,,1098-7584,,978-1-4244-1818-3,,,,2008,,,,,,,1460,+,,,,,,,,,,,,,,,,WOS:000262974000231,View Full Record in Web of Science
C,"Huntsberger, T; Stoica, A",,"Braun, JJ",,"Huntsberger, Terry; Stoica, Adrian",,,Envisioning Cognitive Robots for Future Space Exploration,"MULTISENSOR, MULTISOURCE INFORMATION FUSION: ARCHITECTURES, ALGORITHMS, AND APPLICATIONS 2010",Proceedings of SPIE,,,,"Conference on Multisensor, Multisource Information Fusion - Architectures, Algorithms and Applications 2010","APR 07-08, 2010","Orlando, FL",SPIE,,,,,,,,,,"Stoica, Adrian/0000-0003-1836-573X",,,,,,,,,,,,,0277-786X,1996-756X,978-0-8194-8174-0,,,,2010,7710,,,,,,,,77100D,10.1117/12.853284,http://dx.doi.org/10.1117/12.853284,,,,,,,,,,,,,WOS:000285049500010,View Full Record in Web of Science
C,"Chae, YJ; Cho, SB",,,IEEE,"Chae, Yu-Jung; Cho, Sung-Bae",,,Planning-driven Behavior Selection Network for Controlling a Humanoid Robot,PROCEEDINGS OF THE 2014 INTERNATIONAL JOINT CONFERENCE ON NEURAL NETWORKS (IJCNN),IEEE International Joint Conference on Neural Networks (IJCNN),,,,International Joint Conference on Neural Networks (IJCNN),"JUL 06-11, 2014","Beijing, PEOPLES R CHINA",IEEE,,,,,,,,,,,,,,,,,,,,,,,2161-4393,,978-1-4799-1484-5,,,,2014,,,,,,,4244,4250,,,,,,,,,,,,,,,,WOS:000371465704048,View Full Record in Web of Science
C,"Akec, JA; Steiner, SJ",,"Casasent, DP",,"Akec, JA; Steiner, SJ",,,"Framework for the implementation of vision-based, fuzzy-logic navigational algorithms for a mobile robot.","INTELLIGENT ROBOTS AND COMPUTER VISION XV: ALGORITHMS, TECHNIQUES, ACTIVE VISION, AND MATERIALS HANDLING",PROCEEDINGS OF THE SOCIETY OF PHOTO-OPTICAL INSTRUMENTATION ENGINEERS (SPIE),,,,"Conference on Intelligent Robots and Computer Vision XV: Algorithms, Techniques, Active Vision, and Materials Handling","NOV 19-21, 1996","BOSTON, MA",Soc Photo Opt Instrumentat Engineers,,,,,,,,,,,,,,,,,,,,,,,,,0-8194-2306-8,,,,1996,2904,,,,,,310,319,,10.1117/12.256289,http://dx.doi.org/10.1117/12.256289,,,,,,,,,,,,,WOS:A1996BG67H00034,View Full Record in Web of Science
C,"Ntalampiras, S; Arsic, D; Störmer, A; Ganchev, T; Potamitis, I; Fakotakis, N",,,IEEE,"Ntalampiras, Stavros; Arsic, Dejan; Stoermer, Andre; Ganchev, Todor; Potamitis, Ilyas; Fakotakis, Nikos",,,PROMETHEUS DATABASE: A MULTIMODAL CORPUS FOR RESEARCH ON MODELING AND INTERPRETING HUMAN BEHAVIOR,"2009 16TH INTERNATIONAL CONFERENCE ON DIGITAL SIGNAL PROCESSING, VOLS 1 AND 2",,,,,16th International Conference on Digital Signal Processing,"JUL 05-07, 2009","Santorini, GREECE",,,,,,,,,,"Ntalampiras, Stavros/W-5636-2019; Ganchev, Todor/A-1915-2017","Potamitis, Ilyas/0000-0002-7111-3331; Ntalampiras, Stavros/0000-0003-3482-9215; Ganchev, Todor/0000-0003-0384-4033",,,,,,,,,,,,,,,978-1-4244-3297-4,,,,2009,,,,,,,854,+,,,,,,,,,,,,,,,,WOS:000276494500144,View Full Record in Web of Science
J,"Li, Z; Cao, ZW; Zhao, QL; Mei, SX; Zhang, YC; Zhao, W; Li, X; Zhang, XM; Cui, Z; Fu, P; Pang, XC; Liu, MY",,,,"Li, Zhen; Cao, Ziwei; Zhao, Qianlong; Mei, Shuxiang; Zhang, Yuancheng; Zhao, Wei; Li, Xin; Zhang, Xiaomeng; Cui, Zhe; Fu, Peng; Pang, Xinchang; Liu, Minying",,,Self-Healing and shape memory reconfigurable Poly(urethane-urea-amide) elastomers containing multiple dynamic bonds for improving performance of 4D printout,CHEMICAL ENGINEERING JOURNAL,,,,,,,,,,,,,,,,,"Peng, F/C-5400-2011; Gu, Chenghong/AAH-1540-2019","Cui, Zhe/0000-0001-7557-0129; Zhang, Yuancheng/0000-0002-8309-8140",,,,,,,,,,,,,1385-8947,1873-3212,,,,APR 1,2024,485,,,,,,,,149933,10.1016/j.cej.2024.149933,http://dx.doi.org/10.1016/j.cej.2024.149933,,FEB 2024,,,,,,,,,,,WOS:001195601800001,View Full Record in Web of Science
C,"Yokota, K; Ooi, S; Sano, M",,"Duffy, VG",,"Yokota, Kazuaki; Ooi, Sho; Sano, Mutsuo",,,A Method of Generating a Dialogue Pattern to Induce Awareness Based on a Reflection Support Agent,"DIGITAL HUMAN MODELING AND APPLICATIONS IN HEALTH, SAFETY, ERGONOMICS AND RISK MANAGEMENT. HEALTHCARE APPLICATIONS, DHM 2019, PT II","Information Systems and Applications, incl. Internet/Web, and HCI",,,,"10th International Conference on Digital Human Modeling and Applications in Health, Safety, Ergonomics and Risk Management (DHM) Held as Part of the 21st International Conference on Human-Computer Interaction (HCII)","JUL 26-31, 2019","Orlando, FL",,,,,,,,,,,,,,,,,,,,,,,,,,978-3-030-22218-5; 978-3-030-22219-2,,,,2019,11582,,,,,,421,438,,10.1007/978-3-030-22219-2_32,http://dx.doi.org/10.1007/978-3-030-22219-2_32,,,,,,,,,,,,,WOS:001289313500032,View Full Record in Web of Science
C,"Li, H; Yang, SX",,,TU; TU,"Li, H; Yang, SX",,,From modern philosophy to intelligent robot,"PROCEEDINGS OF THE 4TH WORLD CONGRESS ON INTELLIGENT CONTROL AND AUTOMATION, VOLS 1-4",,,,,4th World Congress on Intelligent Control and Automation,"JUN 10-14, 2002","SHANGHAI, PEOPLES R CHINA","Tongji Univ,Shanghai Jiaotong Univ,E China Univ Sci & Technol,IEEE Robot & Automat Soc,IEEE Control Syst Soc, Beijing Chapter,Chinese Assoc Automat,Shanghai Assoc Automat",,,,,,,,,"Yang, Simon X./A-4399-2008","Yang, Simon X./0000-0002-6888-7993",,,,,,,,,,,,,,,0-7803-7268-9,,,,2002,,,,,,,1280,1285,,,,,,,,,,,,,,,,WOS:000179017500273,View Full Record in Web of Science
J,"Dai, Y; Li, SK; Rui, XK; Xiang, CF; Nie, XL",,,,"Dai, Ye; Li, Shikun; Rui, Xukun; Xiang, Chaofang; Nie, Xinlei",,,Review of key technologies of climbing robots,FRONTIERS OF MECHANICAL ENGINEERING,,,,,,,,,,,,,,,,,"Li, shikun/JOP-7694-2023",,,,,,,,,,,,,,2095-0233,2095-0241,,,,DEC,2023,18,4,,,,,,,48,10.1007/s11465-023-0764-0,http://dx.doi.org/10.1007/s11465-023-0764-0,,,,,,,,,,,,,WOS:001099320200001,View Full Record in Web of Science
C,"Neal, MJ; Rowland, JJ; Lee, MH",,,IEEE,"Neal, MJ; Rowland, JJ; Lee, MH",,,A behaviour-based approach to robotic grasp formulation: experimental evaluation in a food product handling application.,"1997 IEEE INTERNATIONAL CONFERENCE ON ROBOTICS AND AUTOMATION - PROCEEDINGS, VOLS 1-4",IEEE INTERNATIONAL CONFERENCE ON ROBOTICS AND AUTOMATION,,,,1997 IEEE International Conference on Robotics and Automation (ICRA97) - Teaming to Make an Impact,"APR 20-25, 1997","ALBUQUERQUE, NM","IEEE, Robot & Automat Soc",,,,,,,,,,,,,,,,,,,,,,,1050-4729,,0-7803-3613-5,,,,1997,,,,,,,304,309,,,,,,,,,,,,,,,,WOS:A1997BJ42X00049,View Full Record in Web of Science
C,"Droge, G; Kingston, P; Egerstedt, M",,,IEEE; Robotics Society of Japan,"Droge, Greg; Kingston, Peter; Egerstedt, Magnus",,,Behavior-Based Switch-Time MPC for Mobile Robots,2012 IEEE/RSJ INTERNATIONAL CONFERENCE ON INTELLIGENT ROBOTS AND SYSTEMS (IROS),IEEE International Conference on Intelligent Robots and Systems,,,,25th IEEE\RSJ International Conference on Intelligent Robots and Systems (IROS),"OCT 07-12, 2012","Algarve, PORTUGAL","IEEE Robot & Automat Soc (RAS),IEEE Ind Elect Soc (IES),Robot Soc Japan (RSJ),Soc Instrument & Control Engineers (SICE),New technol Fdn (NTF),Inst Control Robot & Syst (ICROS),IEEE,Adept MobileRobots,Willow Garage,Aldebaran Robot,Natl Instruments,Reflexxes GmbH,Schunk Intec S L U",,,,,,,,,,,,,,,,,,,,,,,2153-0858,,978-1-4673-1736-8,,,,2012,,,,,,,408,413,,,,,,,,,,,,,,,,WOS:000317042700063,View Full Record in Web of Science
C,"Gao, QJ; Li, M; Hu, DD; Hao, W",,"Shao, J; Zhang, YQ",,Gao Qingji; Li Meng; Hu Dandan; Hao Wei,,,Design of Emotion Expressing Behavior Based on LMA for Aerial Robot,"CURRENT DEVELOPMENT OF MECHANICAL ENGINEERING AND ENERGY, PTS 1 AND 2",Applied Mechanics and Materials,,,,"International Symposium on Vehicle, Mechanical, and Electrical Engineering (ISVMEE 2013)","DEC 21-22, 2013","Chung Hua Univ, Taiwan, PEOPLES R CHINA","Chung Hua Univ,Harbin Univ Sci & Technol,NW Forestry Univ,Harbin Engn Univ",Chung Hua Univ,,,,,,,,,,,,,,,,,,,,,,1660-9336,,978-3-03835-003-3,,,,2014,494-495,,,,,,1170,1174,,10.4028/www.scientific.net/AMM.494-495.1170,http://dx.doi.org/10.4028/www.scientific.net/AMM.494-495.1170,,,,,,,,,,,,,WOS:000338690800260,View Full Record in Web of Science
S,"Gu, DB; Liu, JD; Hu, HS",,"Liu, D; Wang, L; Tan, KC",,"Gu, Dongbing; Liu, Jindong; Hu, Huosheng",,,A Behavior Based Control and Learning Approach to Real Robots,DESIGN AND CONTROL OF INTELLIGENT ROBOTIC SYSTEMS,Studies in Computational Intelligence,,,,,,,,,,,,,,,,"; Hu, Huosheng/G-1758-2010","Gu, Dongbing/0000-0002-0986-2921; Hu, Huosheng/0000-0001-5797-1412",,,,,,,,,,,,,1860-949X,1860-9503,978-3-540-89932-7,,,,2009,177,,,,,,171,186,,,,10.1007/978-3-540-89933-4,,,,,,,,,,,,WOS:000266816500009,View Full Record in Web of Science
S,"Fan, J; Wu, GF",,"Wang, J; Liao, X; Yi, Z",,"Fan, J; Wu, GF",,,A foremost-policy reinforcement learning based ART2 neural network and its learning algorithm,"ADVANCES IN NEURAL NETWORKS - ISNN 2005, PT 1, PROCEEDINGS",Lecture Notes in Computer Science,,,,2nd International Symposium on Neural Networks,"MAY 30-JUN 01, 2005","Chongqing, PEOPLES R CHINA","Chongqing Univ,SW Normal Univ,Chongqing Univ, Posts & Telecommun,SW Agr Univ,Chongqing Educ Coll,Chinese Univ Hong Kong,Asia Pacific Neural Network Assembly,European Neural Network Soc,IEEE Circuits & Syst Soc,IEEE Computat Intelligence Soc,Natl Nat Sci Fdn China,K C Wong Educ Fdn Hong Kong",,,,,,,,,"jian, fan/HLP-3408-2023",,,,,,,,,,,,,,0302-9743,1611-3349,3-540-25912-0,,,,2005,3496,,,,,,634,639,,,,,,,,,,,,,,,,WOS:000230166900101,View Full Record in Web of Science
C,"Kojima, H; Kitano, M; Yokota, K; Ooi, S; Sano, M",,,IEEE,"Kojima, Hiroki; Kitano, Minori; Yokota, Kazuaki; Ooi, Sho; Sano, Mutsuo",,,Cleaning Behavior Estimation for Self-Supported Cognitive Rehabilitation System,2018 IEEE INTERNATIONAL CONFERENCE ON ARTIFICIAL INTELLIGENCE IN ENGINEERING AND TECHNOLOGY (IICAIET),,,,,IEEE International Conference on Artificial Intelligence in Engineering and Technology (IICAIET),"NOV 08, 2018","Kota Kinabalu, MALAYSIA","IEEE,IEEE Sabah Subsect,Artificial Intelligence Res Unit,Univ Malaysia Sabah,Osaka Inst Technol, Fac Robot & Design,Univ Malaysia Sabah, Fac Engn,Osaka Inst Technol",,,,,,,,,,,,,,,,,,,,,,,,,978-1-5386-7813-8,,,,2018,,,,,,,21,26,,,,,,,,,,,,,,,,WOS:000465762700005,View Full Record in Web of Science
J,"Cooney, M; Kanda, T; Alissandrakis, A; Ishiguro, H",,,,"Cooney, Martin; Kanda, Takayuki; Alissandrakis, Aris; Ishiguro, Hiroshi",,,Designing Enjoyable Motion-Based Play Interactions with a Small Humanoid Robot,INTERNATIONAL JOURNAL OF SOCIAL ROBOTICS,,,,,,,,,,,,,,,,,"Alissandrakis, Aris/F-2265-2015; Kanda, Takayuki/I-5843-2016","Kanda, Takayuki/0000-0002-9546-5825",,,,,,,,,,,,,1875-4791,1875-4805,,,,APR,2014,6,2,,,,,173,193,,10.1007/s12369-013-0212-0,http://dx.doi.org/10.1007/s12369-013-0212-0,,,,,,,,,,,,,WOS:000333760900002,View Full Record in Web of Science
J,"Gu, Y; Yue, M; Shangguan, JY; Su, LF",,,,"Gu, Yao; Yue, Ming; Shangguan, Jinyong; Su, Longfei",,,Adaptive obstacle avoidance control strategy for a formation under a narrow alleyway environment,PROCEEDINGS OF THE INSTITUTION OF MECHANICAL ENGINEERS PART I-JOURNAL OF SYSTEMS AND CONTROL ENGINEERING,,,,,,,,,,,,,,,,,"Yue, Ming/AAI-1944-2020","Shangguan, Jinyong/0000-0002-2392-8915; Yue, Ming/0000-0002-2984-4659",,,,,,,,,,,,,0959-6518,2041-3041,,,,FEB,2024,238,2,,,,,344,358,,10.1177/09596518231188488,http://dx.doi.org/10.1177/09596518231188488,,JUL 2023,,,,,,,,,,,WOS:001034264900001,View Full Record in Web of Science
C,"Tamura, Y; Fukuzawa, T; Asama, H",,,IEEE,"Tamura, Yusuke; Fukuzawa, Tomohiro; Asama, Hajime",,,Smooth collision avoidance in human-robot coexisting environment,IEEE/RSJ 2010 INTERNATIONAL CONFERENCE ON INTELLIGENT ROBOTS AND SYSTEMS (IROS 2010),IEEE International Conference on Intelligent Robots and Systems,,,,IEEE/RSJ International Conference on Intelligent Robots and Systems,"OCT 18-22, 2010","Taipei, TAIWAN",,,,,,,,,,"Tamura, Yusuke/N-4679-2019; Tamura, Yusuke/KPA-3226-2024","Asama, Hajime/0000-0002-9482-497X; Tamura, Yusuke/0000-0003-2981-7578",,,,,,,,,,,,,2153-0858,,978-1-4244-6675-7,,,,2010,,,,,,,3887,3892,,10.1109/IROS.2010.5649673,http://dx.doi.org/10.1109/IROS.2010.5649673,,,,,,,,,,,,,WOS:000287672006017,View Full Record in Web of Science
C,"Abdullah, MT; Sourov, MJA; Rahman, S; Sarker, S",,,IEEE,"Abdullah, Md Tahmeed; Sourov, Md Jubair Ahmed; Rahman, Sejuti; Sarker, Sujan",,,Simulation of Pattern Formation of Swarm withMinimum Shape Parameters,"2020 JOINT 9TH INTERNATIONAL CONFERENCE ON INFORMATICS, ELECTRONICS & VISION (ICIEV) AND 2020 4TH INTERNATIONAL CONFERENCE ON IMAGING, VISION & PATTERN RECOGNITION (ICIVPR)",,,,,"Joint 9th International Conference on Informatics, Electronics and Vision (ICIEV) / 4th International Conference on Imaging, Vision and Pattern Recognition (ICIVPR)","AUG 26-29, 2020","Kitakyushu, JAPAN","IEEE,IEEE Comp Soc,IEEE Tech Comm Pattern Anal & Machine Intelligence,IEEE Fukuoka Sect,IEEE Comp Soc Bangladesh Chapter,Ctr Nat Sci & Engn Res,Mamezou Co Ltd,Innovat Plus Co Ltd,Fusic Co Ltd,Smart Co Ltd,Liful Co Ltd,CARECOM Co Ltd,Kitakyushu Convent & Visitors Assoc",,,,,,,,,"Sarker, Sujan/JWP-4582-2024",,,,,,,,,,,,,,,,978-1-7281-9331-1,,,,2020,,,,,,,,,,10.1109/icievicivpr48672.2020.9306556,http://dx.doi.org/10.1109/icievicivpr48672.2020.9306556,,,,,,,,,,,,,WOS:000682899000011,View Full Record in Web of Science
C,"Sagrebin, M; Pauli, J; Herwig, J",,"Sommer, G; Klette, R",,"Sagrebin, Maria; Pauli, Josef; Herwig, Johannes",,,Behavior based robot localisation using stereo vision,"ROBOT VISION, PROCEEDINGS",Lecture Notes in Computer Science,,,,2nd International Workshop on Robot Vision,"FEB 18-20, 2008","Auckland, NEW ZEALAND","Univ Auckland,Daimler AG,GAGM",,,,,,,,,"Pauli, Josef/A-4562-2017","Pauli, Josef/0000-0003-0363-6410",,,,,,,,,,,,,0302-9743,1611-3349,978-3-540-78156-1,,,,2008,4931,,,,,,427,439,,,,,,,,,,,,,,,,WOS:000253839000033,View Full Record in Web of Science
C,"Schultz, UP; Bordignon, M; Christensen, D; Stoy, K",,"Serugendo, GD",,"Schultz, U. P.; Bordignon, M.; Christensen, D.; Stoy, K.",,,Spatial Computing with Labels,"SASOW 2008: SECOND IEEE INTERNATIONAL CONFERENCE ON SELF-ADAPTIVE AND SELF-ORGANIZING SYSTEMS WORKSHOPS, PROCEEDINGS",,,,,2nd IEEE International Conference on Self-Adaptive and Self-Organizing Systems,"OCT 20-24, 2008","Venice, ITALY","IEEE,SASO,IEEE Comp Soc",,,,,,,,,"Schultz, Ulrik/O-7985-2018; Stoy, Kasper/A-3876-2008; Christensen, David/A-4281-2013",,,,,,,,,,,,,,,,978-1-4244-3468-8,,,,2008,,,,,,,326,331,,10.1109/SASOW.2008.42,http://dx.doi.org/10.1109/SASOW.2008.42,,,,,,,,,,,,,WOS:000273016800055,View Full Record in Web of Science
C,"Harada, T; Kawano, Y; Otani, S; Mori, T; Sato, T",,,IEEE,"Harada, T; Kawano, Y; Otani, S; Mori, T; Sato, T",,,Construction of wireless ad hoc network for lifelog based physical & informational support system,"2005 IEEE/RSJ INTERNATIONAL CONFERENCE ON INTELLIGENT ROBOTS AND SYSTEMS, VOLS 1-4",,,,,IEEE/RSJ International Conference on Intelligent Robots and Systems,"AUG 02-06, 2005","Edmonton, CANADA","IEEE,Robot Soc Japan",,,,,,,,,"Mori, Taketoshi/E-3849-2016","Mori, Taketoshi/0000-0002-7208-6435",,,,,,,,,,,,,,,0-7803-8912-3,,,,2005,,,,,,,89,95,,10.1109/IROS.2005.1544964,http://dx.doi.org/10.1109/IROS.2005.1544964,,,,,,,,,,,,,WOS:000235632100015,View Full Record in Web of Science
C,"Choi, YS; Chen, T; Jain, A; Anderson, C; Glass, JD; Kemp, CC",,,IEEE,"Choi, Young Sang; Chen, Tiffany; Jain, Advait; Anderson, Cressel; Glass, Jonathan D.; Kemp, Charles C.",,,Hand It Over or Set It Down: A User Study of Object Delivery with an Assistive Mobile Manipulator,"RO-MAN 2009: THE 18TH IEEE INTERNATIONAL SYMPOSIUM ON ROBOT AND HUMAN INTERACTIVE COMMUNICATION, VOLS 1 AND 2",,,,,18th IEEE International Symposium on Robot and Human Interactive Communication,"SEP 27-OCT 02, 2009","Toyama, JAPAN",IEEE,,,,,,,,,,,,,,,,,,,,,,,,,978-1-4244-5080-0,,,,2009,,,,,,,602,609,,,,,,,,,,,,,,,,WOS:000279893100100,View Full Record in Web of Science
C,"Dupre, M; Yang, SX",,,IEEE,"Dupre, Mike; Yang, Simon X.",,,Two-stage fuzzy logic-based controller for mobile robot navigation,"IEEE ICMA 2006: PROCEEDING OF THE 2006 IEEE INTERNATIONAL CONFERENCE ON MECHATRONICS AND AUTOMATION, VOLS 1-3, PROCEEDINGS",,,,,IEEE International Conference on Mechatronics and Automation,"JUN 25-28, 2006","Henan Univ Sci & Technol, Luoyang, PEOPLES R CHINA","IEEE Robot & Automat Soc,Shandong Univ,Harbin Engn Univ,Univ Elect Sci & Technol China,IEEE Hong Kong Sect Joint RACS Chapter,Robot Soc Japan,Japan Soc Mech Engineers,Japan Soc Precis Engn,Chinese Univ Hong Kong,Chiba Inst Technol,Kagawa Univ",Henan Univ Sci & Technol,,,,,,,,"Yang, Simon X./A-4399-2008","Yang, Simon X./0000-0002-6888-7993",,,,,,,,,,,,,,,1-4244-0465-7,,,,2006,,,,,,,745,+,,10.1109/ICMA.2006.257683,http://dx.doi.org/10.1109/ICMA.2006.257683,,,,,,,,,,,,,WOS:000241434600132,View Full Record in Web of Science
C,"Reyaz, A; Baasandorj, B; Park, SH; Lee, DJ; Chong, KT",,,,"Reyaz, Aamir; Baasandorj, Bayanjargal; Park, Sung Ho; Lee, Deok Jin; Chong, Kil To",,,Mobile Robot Obstacle Avoidance Techniques,ADVANCED SCIENCE LETTERS,,,,,2nd International Conference on Internet Services Technology and Information Engineering (ISTIE),"MAY 31-JUN 01, 2014","Bali, INDONESIA",,,,,,,,,,,,,,,,,,,,,,,,1936-6612,1936-7317,,,,OCT-DEC,2014,20,10-12,,,,,1927,1931,,10.1166/asl.2014.5683,http://dx.doi.org/10.1166/asl.2014.5683,,,,,,,,,,,,,WOS:000349496300041,View Full Record in Web of Science
J,"Hirth, J; Schmitz, N; Berns, K",,,,"Hirth, Jochen; Schmitz, Norbert; Berns, Karsten",,,Towards Social Robots: Designing an Emotion-Based Architecture,INTERNATIONAL JOURNAL OF SOCIAL ROBOTICS,,,,,,,,,,,,,,,,,,,,,,,,,,,,,,,1875-4791,1875-4805,,,,AUG,2011,3,3,,,,,273,290,,10.1007/s12369-010-0087-2,http://dx.doi.org/10.1007/s12369-010-0087-2,,,,,,,,,,,,,WOS:000208894000008,View Full Record in Web of Science
C,"HUNTSBERGER, T; HILTON, M",,"Schenker, PS; McKee, GT",,"HUNTSBERGER, T; HILTON, M",,,Distributed multisensor integration in a cooperative multirobot system,SENSOR FUSION AND NETWORKED ROBOTICS VIII,PROCEEDINGS OF THE SOCIETY OF PHOTO-OPTICAL INSTRUMENTATION ENGINEERS (SPIE),,,,Sensor Fusion and Networked Robotics VIII Conference,"OCT 23-24, 1995","PHILADELPHIA, PA",Soc Photo Opt Instrumentat Engineers,,,,,,,,,,,,,,,,,,,,,,,,,0-8194-1953-2,,,,1995,2589,,,,,,134,141,,10.1117/12.220952,http://dx.doi.org/10.1117/12.220952,,,,,,,,,,,,,WOS:A1995BE21M00013,View Full Record in Web of Science
C,"Zhao, J; Su, YF; Zhu, B; Wang, PF",,"Kim, YH",,"Zhao, Jian; Su, Yunfu; Zhu, Bing; Wang, Pengfei",,,The Active Front Steering Control Strategy Based on Driver Behavior,"MECHATRONICS, ROBOTICS AND AUTOMATION, PTS 1-3",Applied Mechanics and Materials,,,,"International Conference on Mechatronics, Robotics and Automation (ICMRA 2013)","JUN 13-14, 2013","Guangzhou, PEOPLES R CHINA","Korea Maritime Univ,Inha Univ,Hong Kong Ind Technol Res Ctr",,,,,,,,,"zhu, binglong/HNR-6105-2023",,,,,,,,,,,,,,1660-9336,,978-3-03785-806-6,,,,2013,373-375,,,,,,1277,+,,10.4028/www.scientific.net/AMM.373-375.1277,http://dx.doi.org/10.4028/www.scientific.net/AMM.373-375.1277,,,,,,,,,,,,,WOS:000339362300247,View Full Record in Web of Science
C,"Chetty, RMK; Singaperumal, M; Nagarajan, T",,,IEEE,"Chetty, Kuppan R. M.; Singaperumal, M.; Nagarajan, T.",,,Layered Framework For Formation Control of Multiple Mobile Robots - A State Based Approach,"2008 IEEE INTERNATIONAL CONFERENCE ON ROBOTICS AND BIOMIMETICS, VOLS 1-4",,,,,IEEE International Conference on Robotics and Biomimetics (ROBIO),"FEB 22-25, 2009","Bangkok, THAILAND",IEEE Robot & Automat Soc,,,,,,,,,"RAMANATHAN, KUPPAN CHETTY/D-1017-2011; Singaperumal, Makaram/B-1225-2008","RAMANATHAN, KUPPAN CHETTY/0000-0002-2419-938X; Singaperumal, Makaram/0000-0002-6728-4939",,,,,,,,,,,,,,,978-1-4244-2678-2,,,,2009,,,,,,,2067,2072,,,,,,,,,,,,,,,,WOS:000271966900351,View Full Record in Web of Science
C,"Gan, ZX; Zhang, H; Wang, JJ",,"Tarn, TJ; Chen, SB; Zhou, C",,"Gan, Z. X.; Zhang, H.; Wang, J. J.",,,Behavior-Based intelligent robotic technologies in industrial applications,"ROBOTIC WELDING, INTELLIGENCE AND AUTOMATION",Lecture Notes in Control and Information Sciences,,,,"International Conference on Robotic Welding, Intelligence and Automation","DEC 08-11, 2006","Shanghai, PEOPLES R CHINA","Natl Nat Sci Fdn China,Shanghai Jiao Tong Univ",,,,,,,,,,,,,,,,,,,,,,,0170-8643,,978-3-540-73373-7,,,,2007,362,,,,,,1,+,,,,,,,,,,,,,,,,WOS:000250379000001,View Full Record in Web of Science
C,"Tosér, Z; Rill, RA; Faragó, K; Jeni, LA; Lorincz, A",,"Friedrich, G; Helmert, M; Wotawa, F",,"Toser, Zoltan; Rill, Robert A.; Farago, Kinga; Jeni, Laszlo A.; Lorincz, Andras",,,Personalization of Gaze Direction Estimation with Deep Learning,KI 2016: ADVANCES IN ARTIFICIAL INTELLIGENCE,Lecture Notes in Artificial Intelligence,,,,39th Annual German Conference on Artificial Intelligence (KI),"SEP 26-30, 2016","Klagenfurt, AUSTRIA",,,,,,,,,,"Rill, Róbert/I-4603-2017; Lorincz, Andras/H-4125-2012","Rill, Robert Adrian/0000-0002-3004-7294; Lorincz, Andras/0000-0002-1280-3447",,,,,,,,,,,,,0302-9743,1611-3349,978-3-319-46073-4; 978-3-319-46072-7,,,,2016,9904,,,,,,200,207,,10.1007/978-3-319-46073-4_20,http://dx.doi.org/10.1007/978-3-319-46073-4_20,,,,,,,,,,,,,WOS:000389499100020,View Full Record in Web of Science
C,"Khessal, NO; Amin, SMH",,"Rudas, IJ",,"Khessal, NO; Amin, SMH",,,Distributed behavior-based control architecture for a wall climbing robot,"INES'97 : 1997 IEEE INTERNATIONAL CONFERENCE ON INTELLIGENT ENGINEERING SYSTEMS, PROCEEDINGS",,,,,1997 IEEE International Conference on Intelligent Engineering Systems (INES 97),"SEP 15-17, 1997","BUDAPEST, HUNGARY","IEEE Ind Electr Soc,IEEE Hungary Sect,Banki Donat Polytech, Hungary,Natl Comm Technol Dev, Hungary,IEEE Robot & Automat Soc",,,,,,,,,,,,,,,,,,,,,,,,,0-7803-3627-5,,,,1997,,,,,,,153,158,,,,,,,,,,,,,,,,WOS:A1997BJ96E00022,View Full Record in Web of Science
J,"Sayyaadi, H; Babaee, M",,,,"Sayyaadi, H.; Babaee, M.",,,Control of nonholonomic mobile manipulators for cooperative object transportation,SCIENTIA IRANICA,,,,,,,,,,,,,,,,,,,,,,,,,,,,,,,1026-3098,,,,,APR,2014,21,2,,,,,347,357,,,,,,,,,,,,,,,,WOS:000335632600002,View Full Record in Web of Science
J,"Sepulveda, G; Vázquez, M; Soto, A",,,,"Sepulveda, Gabriel; Vazquez, Marynel; Soto, Alvaro",,,APEX: affordance-based plan executor for indoor robotic navigation,ADVANCED ROBOTICS,,,,,,,,,,,,,,,,,"Soto, Alvaro/D-1406-2014",,,,,,,,,,,,,,0169-1864,1568-5535,,,,JUL 2,2024,38,13,,,,,849,862,,10.1080/01691864.2024.2353119,http://dx.doi.org/10.1080/01691864.2024.2353119,,MAY 2024,,,,,,,,,,,WOS:001230059100001,View Full Record in Web of Science
J,"Chen, CC; Su, WT; Hung, MH; Lin, ZH",,,,"Chen, Chao-Chun; Su, Wei-Tsung; Hung, Min-Hsiung; Lin, Zhong-Hui",,,Map-Reduce-Style Job Offloading Using Historical Manufacturing Behavior for Edge Devices in Smart Factory,IEEE ROBOTICS AND AUTOMATION LETTERS,,,,,,,,,,,,,,,,,"Chen, Chun-Yu/L-7084-2013; Hung, Min-Hsiung/J-6601-2012","Chen, Chao-Chun/0000-0002-7028-5609; Su, Wei-Tsung/0000-0003-0563-1728",,,,,,,,,,,,,2377-3766,,,,,OCT,2018,3,4,,,,,2918,2925,,10.1109/LRA.2018.2847746,http://dx.doi.org/10.1109/LRA.2018.2847746,,,,,,,,,,,,,WOS:000437396000003,View Full Record in Web of Science
J,"Ye, ZC; Huang, XT",,,,"Ye, Zicong; Huang, Xiantao",,,Adoption of a deep learning-based neural network model in the psychological behavior analysis of resident tourism consumption,FRONTIERS IN PUBLIC HEALTH,,,,,,,,,,,,,,,,,,,,,,,,,,,,,,,,2296-2565,,,,DEC 19,2022,10,,,,,,,,995828,10.3389/fpubh.2022.995828,http://dx.doi.org/10.3389/fpubh.2022.995828,,,,,,,,36600943,,,,,WOS:000905883300001,View Full Record in Web of Science
C,"Rusu, P; Petriu, EM; Whalen, TE; Cornell, A; Spoelder, HJW",,,IEEE; IEEE,"Rusu, P; Petriu, EM; Whalen, TE; Cornell, A; Spoelder, HJW",,,Behavior-based neuro-fuzzy controller for mobile robot navigation,"IMTC 2002: PROCEEDINGS OF THE 19TH IEEE INSTRUMENTATION AND MEASUREMENT TECHNOLOGY CONFERENCE, VOLS 1 & 2","IEEE INSTRUMENTATION & MEASUREMENT TECHNOLOGY CONFERENCE, PROCEEDINGS",,,,19th IEEE Instrumentation and Measurement Technology Conference (IMTC/2002),"MAY 21-23, 2002","ANCHORAGE, AK",IEEE Instrumentat & Measurement Soc,,,,,,,,,,,,,,,,,,,,,,,1091-5281,,0-7803-7218-2,,,,2002,,,,,,,1617,1622,,,,,,,,,,,,,,,,WOS:000178011900283,View Full Record in Web of Science
J,"Hong, CACP; Zhang, H",,,,"Hong, Chris A. C. Parker; Zhang, Hong",,,Collective unary decision-making by decentralized multiple-robot systems applied to the task-sequencing problem,SWARM INTELLIGENCE,,,,,,,,,,,,,,,,,,,,,,,,,,,,,,,1935-3812,1935-3820,,,,SEP,2010,4,3,,,,,199,220,,10.1007/s11721-010-0042-8,http://dx.doi.org/10.1007/s11721-010-0042-8,,,,,,,,,,,,,WOS:000286335900002,View Full Record in Web of Science
J,"Hwang, KS; Ju, MY; Hsu, SP",,,,"Hwang, KS; Ju, MY; Hsu, SP",,,Polymorphic autonomous architecture for mobile robot navigation,JOURNAL OF INFORMATION SCIENCE AND ENGINEERING,,,,,,,,,,,,,,,,,"Ju, Mingyi/KIC-3066-2024; Hwang, Kao-Shing/AAD-2644-2020","Hwang, Kao-Shing/0000-0001-9234-4836",,,,,,,,,,,,,1016-2364,,,,,SEP,1999,15,5,,,,,737,761,,,,,,,,,,,,,,,,WOS:000082869400009,View Full Record in Web of Science
J,"Hwang, KS; Chen, YJ; Wu, CJ",,,,"Hwang, Kao-Shing; Chen, Yu-Jen; Wu, Chun-Ju",,,Fusion of Multiple Behaviors Using Layered Reinforcement Learning,IEEE TRANSACTIONS ON SYSTEMS MAN AND CYBERNETICS PART A-SYSTEMS AND HUMANS,,,,,,,,,,,,,,,,,"Hwang, Kao-Shing/AAD-2644-2020","Hwang, Kao-Shing/0000-0001-9234-4836",,,,,,,,,,,,,1083-4427,1558-2426,,,,JUL,2012,42,4,,,,,999,1004,,10.1109/TSMCA.2012.2183349,http://dx.doi.org/10.1109/TSMCA.2012.2183349,,,,,,,,,,,,,WOS:000305584400018,View Full Record in Web of Science
C,"Lin, CH; Andrian, H; Wang, YQ; Song, KT",,,IEEE,"Lin, CH; Andrian, H; Wang, YQ; Song, KT",,,Personal assistant robot,2005 IEEE INTERNATIONAL CONFERENCE ON MECHATRONICS,,,,,IEEE International Conference on Mechatronics (ICM),"JUL 10-12, 2005","Taipei, TAIWAN","IEEE Ind Elect Soc,Chinese Inst Automat Engineers,Natl Sci Council,Minist Educ,Natl Chung Cheng Univ,Natl Taiwan Univ,Natl Cheng Kung Univ",,,,,,,,,,,,,,,,,,,,,,,,,0-7803-8998-0,,,,2005,,,,,,,434,438,,,,,,,,,,,,,,,,WOS:000234378800080,View Full Record in Web of Science
C,"Liu, ZJ; Li, GY; Yang, P; Liu, F; Chen, C",,"Li, W; Zhao, Q",,Liu Zuojun; Li Guangyao; Yang Peng; Liu Feng; Chen Chu,,,Behavior Based Rescue Robot Audio Navigation and Obstacle Avoidance,PROCEEDINGS OF THE 31ST CHINESE CONTROL CONFERENCE,Chinese Control Conference,,,,31st Chinese Control Conference,"JUL 25-27, 2012","Hefei, PEOPLES R CHINA","CAA, Tech Comm Control Theory,Syst Engn Soc China,Univ Sci & Technol China",,,,,,,,,,,,,,,,,,,,,,,2161-2927,,978-988-15638-1-1,,,,2012,,,,,,,4847,4851,,,,,,,,,,,,,,,,WOS:000393905904177,View Full Record in Web of Science
C,"Handmann, U; Leefken, I; Tzomakas, C; Von Seelen, W",,"Gage, DW; Choset, HM",,"Handmann, U; Leefken, I; Tzomakas, C; Von Seelen, W",,,A flexible architecture for driver assistance,MOBILE ROBOTS XIV,PROCEEDINGS OF THE SOCIETY OF PHOTO-OPTICAL INSTRUMENTATION ENGINEERS (SPIE),,,,Conference on Mobile Robots XIV,"SEP 20-22, 1999","BOSTON, MA",SPIE,,,,,,,,,"Handmann, Uwe/JBS-3607-2023","Handmann, Uwe/0000-0003-1230-9446",,,,,,,,,,,,,0277-786X,,0-8194-3431-0,,,,1999,3838,,,,,,2,11,,10.1117/12.369241,http://dx.doi.org/10.1117/12.369241,,,,,,,,,,,,,WOS:000084182400001,View Full Record in Web of Science
C,"Luria, M",,,ACM,"Luria, Michal",,,Designing Robot Behavior Based on Fictional Sidekick Characters,COMPANION OF THE 2018 ACM/IEEE INTERNATIONAL CONFERENCE ON HUMAN-ROBOT INTERACTION (HRI'18),ACM IEEE International Conference on Human-Robot Interaction,,,,13th Annual ACM/IEEE International Conference on Human-Robot Interaction (HRI),"MAR 05-08, 2018","Chicago, IL","Assoc Comp Machinery,IEEE,ACM SIGCHI,ACM SIGAI,IEEE Robot & Automat Soc,Kinova,Disney Res,LuxAI,Toyota Res Inst,Furhat Robot,Honda Res Inst,Google,Beam,Robotis,Savioke,Yujin Robot,Misty Robot,Hebi Robot,Haption,Otto Motors,AAAI",,,,,,,,,,"Luria, Michal/0000-0001-9779-5003",,,,,,,,,,,,,2167-2121,2167-2148,978-1-4503-5615-2,,,,2018,,,,,,,307,308,,10.1145/3173386.3176912,http://dx.doi.org/10.1145/3173386.3176912,,,,,,,,,,,,,WOS:000627112200145,View Full Record in Web of Science
C,"Brunete, A; Torres, JE; Hernando, M; Gambao, E",,,IEEE,"Brunete, Alberto; Torres, Jose Emilio; Hernando, Miguel; Gambao, Ernesto",,,Multi-drive control for in-pipe snakelike heterogeneous modular micro-robots,"2007 IEEE INTERNATIONAL CONFERENCE ON ROBOTICS AND BIOMIMETICS, VOLS 1-5",,,,,IEEE International Conference on Robotics and Biomimetics (ROBIO 2007),"DEC 15-18, 2007","Sanya, PEOPLES R CHINA","IEEE Robot & Automat Soc,Shandong Univ,Chinese Univ Hong Kong,Chiba Inst Technol,Robot Soc Japan,Soc Instrument & Control Engineers,Japan Soc Mech Engineers,ROBIO Fdn",,,,,,,,,"Brunete, Alberto/J-4182-2012; HERNANDO GUTIERREZ, MIGUEL/L-4604-2017; Gambao, Ernesto/P-8504-2014","Brunete, Alberto/0000-0001-9873-232X; HERNANDO GUTIERREZ, MIGUEL/0000-0001-9997-0266; Gambao, Ernesto/0000-0003-1705-1800",,,,,,,,,,,,,,,978-1-4244-1761-2,,,,2007,,,,,,,490,495,,10.1109/ROBIO.2007.4522211,http://dx.doi.org/10.1109/ROBIO.2007.4522211,,,,,,,,,,,,,WOS:000257065800087,View Full Record in Web of Science
C,"Yeon, ASA; Visvanathan, R; Mamduh, SM; Kamarudin, K; Kamarudin, LM; Zakaria, A",,"Yussof, H; Miskon, MF",,"Yeon, A. S. A.; Visvanathan, R.; Mamduh, S. M.; Kamarudin, K.; Kamarudin, L. M.; Zakaria, A.",,,Implementation of behaviour based robot with sense of smell and sight,2015 IEEE INTERNATIONAL SYMPOSIUM ON ROBOTICS AND INTELLIGENT SENSORS (IEEE IRIS2015),Procedia Computer Science,,,,IEEE International Symposium on Robotics and Intelligent Sensors (IEEE IRIS),"OCT 18-20, 2015","Langkawi, MALAYSIA","IEEE,IEEE Robot & Automat Soc, Malaysia Chapter,Ctr Excellence Humanoid Robots & Bio Sensing",,,,,,,,,"Zakaria, Ammar/D-2902-2015; Kamarudin, Latifah Munirah/G-8267-2016; Syed Zakaria, Syed Muhammad Mamduh/G-1057-2015","Zakaria, Ammar/0000-0002-7108-215X; Bin Ali Yeon, Ahmad Shakaff/0009-0003-2899-2726; Kamarudin, Latifah Munirah/0000-0002-2547-3934; KAMARUDIN, KAMARULZAMAN/0000-0001-7764-0821; Syed Zakaria, Syed Muhammad Mamduh/0000-0003-3557-2204",,,,,,,,,,,,,1877-0509,,,,,,2015,76,,,,,,119,125,,10.1016/j.procs.2015.12.300,http://dx.doi.org/10.1016/j.procs.2015.12.300,,,,,,,,,,,,,WOS:000373789200019,View Full Record in Web of Science
C,"Bruemmer, DJ; Nielsen, CW; Hartley, RS; Green, J",,"Harmon, RS; Holloway, KH; Broach, JT",,"Bruemmer, D. J.; Nielsen, C. W.; Hartley, R. S.; Green, J.",,,"Behavior Based Control of Robotic Payloads for Detection, Neutralization and Interrogation of Explosive Hazards","DETECTION AND SENSING OF MINES, EXPLOSIVE OBJECTS, AND OBSCURED TARGETS XV",Proceedings of SPIE-The International Society for Optical Engineering,,,,"Conference on Detection and Sensing of Mines, Explosive Objects, and Obscured Targets XV","APR 05-09, 2010","Orlando, FL",SPIE,,,,,,,,,,,,,,,,,,,,,,,0277-786X,,978-0-8194-8128-3,,,,2010,7664,,,,,,,,76641F,10.1117/12.855188,http://dx.doi.org/10.1117/12.855188,,,,,,,,,,,,,WOS:000285543100041,View Full Record in Web of Science
J,"Burattini, E; Rossi, S",,,,"Burattini, Ernesto; Rossi, Silvia",,,Periodic activations of behaviours and emotional adaptation in behaviour-based robotics,CONNECTION SCIENCE,,,,,,,,,,,,,,,,,"Rossi, Silvia/C-2615-2008","Rossi, Silvia/0000-0002-3379-1756",,,,,,,,,,,,,0954-0091,1360-0494,,,,,2010,22,3,,,,,197,213,PII 924796150,10.1080/09540091003749691,http://dx.doi.org/10.1080/09540091003749691,,,,,,,,,,,,,WOS:000280384600002,View Full Record in Web of Science
C,"Veelaert, P; Peremans, H",,"Wolfe, WJ; Kenyon, CH",,"Veelaert, P; Peremans, H",,,Situation recognition for behavior based mobile robots,MOBILE ROBOTS X,PROCEEDINGS OF THE SOCIETY OF PHOTO-OPTICAL INSTRUMENTATION ENGINEERS (SPIE),,,,Conference on Mobile Robots X,"OCT 23-24, 1995","PHILADELPHIA, PA",Soc Photo Opt Instrumentat Engineers,,,,,,,,,,,,,,,,,,,,,,,,,0-8194-1955-9,,,,1995,2591,,,,,,32,42,,10.1117/12.228985,http://dx.doi.org/10.1117/12.228985,,,,,,,,,,,,,WOS:A1995BE57N00004,View Full Record in Web of Science
C,"Shi, Ty; Wang, P; Cheng, XX; Chan, CY; Huang, D",,,IEEE,"Shi, Tianyu; Wang, Pin; Cheng, Xuxin; Chan, Ching-Yao; Huang, Ding",,,Driving Decision and Control for Automated Lane Change Behavior based on Deep Reinforcement Learning,2019 IEEE INTELLIGENT TRANSPORTATION SYSTEMS CONFERENCE (ITSC),IEEE International Conference on Intelligent Transportation Systems-ITSC,,,,IEEE Intelligent Transportation Systems Conference (IEEE-ITSC),"OCT 27-30, 2019","Auckland, NEW ZEALAND","IEEE,Intel,Griffith Univ,Auckland Tourism Events & Econ Dev",,,,,,,,,"Huang, Ding/GYA-3228-2022",,,,,,,,,,,,,,2153-0009,,978-1-5386-7024-8,,,,2019,,,,,,,2895,2900,,,,,,,,,,,,,,,,WOS:000521238102150,View Full Record in Web of Science
C,"Meckel, D; Wolf, P; Berns, K",,"Lee, SG; An, J; Chong, NY; Strand, M; Kim, JH",,"Meckel, Dennis; Wolf, Patrick; Berns, Karsten",,,Reverse-Engineering of Behavior-Based Robot Components,"INTELLIGENT AUTONOMOUS SYSTEMS 18, VOL 2, IAS18-2023",Lecture Notes in Networks and Systems,,,,18th International Conference on Intelligent Autonomous Systems (IAS),"JUL 04-07, 2023","Suwon, SOUTH KOREA",,,,,,,,,,,,,,,,,,,,,,,,2367-3370,2367-3389,978-3-031-44980-2; 978-3-031-44981-9,,,,2024,794,,,,,,319,331,,10.1007/978-3-031-44981-9_27,http://dx.doi.org/10.1007/978-3-031-44981-9_27,,,,,,,,,,,,,WOS:001260268300027,View Full Record in Web of Science
C,"MACKENZIE, DC; ARKIN, RC",,"Wolfe, WJ; Chun, WH",,"MACKENZIE, DC; ARKIN, RC",,,FORMAL SPECIFICATION FOR BEHAVIOR-BASED MOBILE ROBOTS,MOBILE ROBOTS VIII,PROCEEDINGS OF THE SOCIETY OF PHOTO-OPTICAL INSTRUMENTATION ENGINEERS (SPIE),,,,Mobile Robots VIII Conference,"SEP 09-10, 1993","BOSTON, MA","SOC PHOTO OPT INSTRUMENTAT ENGINEERS,AUTOMATED IMAGING ASSOC,CARNEGIE MELLON UNIV, CTR EXCELLENCE OPT DATA PROC,UNIV CONNECTICUT, ADV TECHNOL CTR PRECIS MFG,INT SOC PHOTOGRAMMETRY & REMOTE SENSING",,,,,,,,,,,,,,,,,,,,,,,,,0-8194-1323-2,,,,1994,2058,,,,,,94,104,,10.1117/12.167486,http://dx.doi.org/10.1117/12.167486,,,,,,,,,,,,,WOS:A1994BZ74G00008,View Full Record in Web of Science
J,"Masuda, Y; Ishikawa, M",,,,"Masuda, Yoichi; Ishikawa, Masato",,,Review of Electronics-Free Robotics: Toward a Highly Decentralized Control Architecture,JOURNAL OF ROBOTICS AND MECHATRONICS,,,,,,,,,,,,,,,,,,,,,,,,,,,,,,,0915-3942,1883-8049,,,,APR,2022,34,2,,,SI,,202,211,,10.20965/jrm.2022.p0202,http://dx.doi.org/10.20965/jrm.2022.p0202,,,,,,,,,,,,,WOS:000795878000003,View Full Record in Web of Science
C,"Wei, SM; Zefran, M",,,IEEE,"Wei, Shangming; Zefran, Milos",,,Towards a formal design of behaviors for autonomous robots,"PROCEEDINGS OF THE 2006 IEEE INTERNATIONAL CONFERENCE ON NETWORKING, SENSING AND CONTROL",IEEE International Conference on Networking Sensing and Control,,,,"IEEE International Conference on Networking, Sensing and Control","APR 23-25, 2006","Ft Lauderdale, FL","IEEE Syst, Man & Cybernet Soc",,,,,,,,,"Wei, Shangming/HNQ-0578-2023","Zefran, Milos/0000-0001-9558-3656",,,,,,,,,,,,,1810-7869,,1-4244-0065-1,,,,2006,,,,,,,66,71,,,,,,,,,,,,,,,,WOS:000239057000012,View Full Record in Web of Science
C,"Jayasiri, A; Mann, GKI; Gosine, RG",,,IEEE,"Jayasiri, Awantha; Mann, George K. I.; Gosine, Raymond G.",,,SUPERVISORY CONTROL OF FUZZY DISCRETE EVENT SYSTEMS AND ITS APPLICATION TO MOBILE ROBOT NAVIGATION,"2009 IEEE 22ND CANADIAN CONFERENCE ON ELECTRICAL AND COMPUTER ENGINEERING, VOLS 1 AND 2",,,,,22nd IEEE Canadian Conference on Electrical and Computer Engineering,"MAY 03-06, 2009","St Johns, CANADA",IEEE,,,,,,,,,"Mann, George K. I./AAW-9312-2021","Mann, George K. I./0000-0002-1211-3374",,,,,,,,,,,,,,,978-1-4244-3509-8,,,,2009,,,,,,,149,153,,,,,,,,,,,,,,,,WOS:000271823600031,View Full Record in Web of Science
C,"Nguyen, MC",,"Casasent, DP",,"Nguyen, MC",,,Situation-oriented behavior-based stereo vision to gain robustness and adaptation in manipulator control,"INTELLIGENT ROBOTS AND COMPUTER VISION XVIII: ALGORITHMS, TECHNIQUES, AND ACTIVE VISION",Proceedings of SPIE,,,,"Conference on Intelligent Robots and Computer Vision XVIII - Algorithms, Techniques, and Active Vision","SEP 20-21, 1999","BOSTON, MA",SPIE,,,,,,,,,,,,,,,,,,,,,,,0277-786X,1996-756X,0-8194-3430-2,,,,1999,3837,,,,,,90,97,,10.1117/12.360287,http://dx.doi.org/10.1117/12.360287,,,,,,,,,,,,,WOS:000083488700010,View Full Record in Web of Science
C,"Antonelli, G; Arrichiello, F; Chiaverini, S",,,IEEE,"Antonelli, G; Arrichiello, F; Chiaverini, S",,,The null-space-based behavioral control for soccer-playing mobile robots,"2005 IEEE/ASME INTERNATIONAL CONFERENCE ON ADVANCED INTELLIGENT MECHATRONICS, VOLS 1 AND 2",IEEE ASME International Conference on Advanced Intelligent Mechatronics,,,,IEEE/ASME International Conference on Advanced Intelligent Mechatronics,"JUL 24-28, 2005","Monterey, CA","IEEE,Amer Soc Mech Engineers",,,,,,,,,"ARRICHIELLO, Filippo/F-8970-2012; Antonelli, Gianluca/P-3287-2015","CHIAVERINI, Stefano/0000-0002-7891-0122; Arrichiello, Filippo/0000-0001-9750-8289; Antonelli, Gianluca/0000-0002-5511-0165",,,,,,,,,,,,,2159-6255,,0-7803-9046-6,,,,2005,,,,,,,1257,1262,,,,,,,,,,,,,,,,WOS:000232003500211,View Full Record in Web of Science
C,"Stemmler, S; Abel, D; Adams, O; Klocke, F",,,,"Stemmler, S.; Abel, D.; Adams, O.; Klocke, F.",,,Model Predictive Feed Rate Control for a Milling Machine,IFAC PAPERSONLINE,,,,,"8th IFAC Conference on Manufacturing Modelling, Management and Control (MIM)","JUN 28-30, 2016","Troyes, FRANCE","Int Federat Automat Control, Tech Comm 5 2 Mfg Modelling Management & Control,Int Federat Automat Control Tech Comm 1 3 Discrete Event & Hybrid Syst,Int Federat Automat Control Tech Comm 3 2 Computat Intelligence Control,Int Federat Automat Control Tech Comm 4 3 Robot,Int Federat Automat Control Tech Comm 5 1 Mfg Plant Control,Int Federat Automat Control Tech Comm 5 3 Enterprise Integrat & Networking,Int Federat Automat Control Tech Comm 5 4 Large Scale Complex Syst,Int Federat Automat Control Tech Comm 7 4 Transporat Syst,Int Federat Automat Control Tech Comm 9 1 Econ, Business, & Financial Syst,Inst Elect & Elect Engineers, France Sect,Int Federat Operat Res Soc,Int Ind Engineers,Int Federat Informat Proc,Inst Operat Res & Management Sci,Soc Modeling & Simulat Int,French Operat Res & Decis Aid Soc,Soc Electricite Electronique TIC,CNRS GdR MACS,CNRS GdR RO",,,,,,,,,,"Stemmler, Sebastian/0009-0003-2079-3431",,,,,,,,,,,,,2405-8963,,,,,,2016,49,12,,,,,11,16,,10.1016/j.ifacol.2016.07.542,http://dx.doi.org/10.1016/j.ifacol.2016.07.542,,,,,,,,,,,,,WOS:000383468400004,View Full Record in Web of Science
C,"Wang, F; Yang, SX; Jusoh, S",,,,"Wang, Fangju; Yang, Simon X.; Jusoh, Shaidah",,,Incorporating user feedback for handling ambiguity in robot natural language interfaces,DYNAMICS OF CONTINUOUS DISCRETE AND IMPULSIVE SYSTEMS-SERIES B-APPLICATIONS & ALGORITHMS,,,,,"International Conference on Sensing, Computing and Automation","MAY 08-11, 2006","Chongqing, PEOPLES R CHINA",,,,,,,,,,"Yang, Simon X./A-4399-2008; JUSOH, SHAIDAH/C-1657-2012","JUSOH, SHAIDAH/0000-0002-2779-2701",,,,,,,,,,,,,1492-8760,,,,,DEC,2006,13E,,8,S,,,3966,3971,,,,,,,,,,,,,,,,WOS:000248842900080,View Full Record in Web of Science
C,"Neranon, P; Bicker, R",,,IEEE,"Neranon, Paramin; Bicker, Robert",,,A Behavioural Control Strategy of Human-Human Interaction in an Object Transfer Task,2014 UKACC INTERNATIONAL CONFERENCE ON CONTROL (CONTROL),,,,,United-Kingdom-Automatic-Control-Council (UKACC) 10th International Conference on Control (CONTROL),"JUL 09-11, 2014","Loughborough, UNITED KINGDOM","Inst Engn Technol,MathWorks,Inst Mech Engineers,Inst Measurement & Control,IEEE,IEEE UK & RI Control Syst Chapter,United Kingdom Automatic Control Council",,,,,,,,,,,,,,,,,,,,,,,,,978-1-4799-5011-9,,,,2014,,,,,,,285,289,,,,,,,,,,,,,,,,WOS:000352626000049,View Full Record in Web of Science
C,"Axelsson, H; Egerstedt, M; Wardi, Y",,,IEEE,"Axelsson, Henrik; Egerstedt, Magnus; Wardi, Yorai",,,Optimal switching surfaces in behavior-based robotics,"PROCEEDINGS OF THE 45TH IEEE CONFERENCE ON DECISION AND CONTROL, VOLS 1-14",IEEE Conference on Decision and Control,,,,45th IEEE Conference on Decision and Control,"DEC 13-15, 2006","San Diego, CA",IEEE,,,,,,,,,,,,,,,,,,,,,,,0743-1546,,978-1-4244-0170-3,,,,2006,,,,,,,1954,1959,,10.1109/CDC.2006.376888,http://dx.doi.org/10.1109/CDC.2006.376888,,,,,,,,,,,,,WOS:000252251601151,View Full Record in Web of Science
J,"MATARIC, MJ",,,,"MATARIC, MJ",,,INTEGRATION OF REPRESENTATION INTO GOAL-DRIVEN BEHAVIOR-BASED ROBOTS,IEEE TRANSACTIONS ON ROBOTICS AND AUTOMATION,,,,,,,,,,,,,,,,,,,,,,,,,,,,,,,1042-296X,,,,,JUN,1992,8,3,,,,,304,312,,10.1109/70.143349,http://dx.doi.org/10.1109/70.143349,,,,,,,,,,,,,WOS:A1992JA55100002,View Full Record in Web of Science
C,"Song, SH; Ahn, M; Kim, K; Park, JB",,"Deaconescu, T; Deaconescu, A",,"Song, Shin Hoi; Ahn, Myonghwan; Kim, Kwanghoon; Park, Jin Bae",,,Performance Analysis of EKF and UKF for Estimating Tire Longitudinal and Side Angle Slip,2016 3RD INTERNATIONAL CONFERENCE ON MANUFACTURING AND INDUSTRIAL TECHNOLOGIES,MATEC Web of Conferences,,,,3rd International Conference on Manufacturing and Industrial Technologies,"MAY 25-27, 2016","Istanbul, TURKEY",,,,,,,,,,"Park, Jihye/AAC-1333-2022",,,,,,,,,,,,,,2261-236X,,,,,,2016,70,,,,,,,,4002,10.1051/matecconf/20167004002,http://dx.doi.org/10.1051/matecconf/20167004002,,,,,,,,,,,,,WOS:000387729900020,View Full Record in Web of Science
J,"Oliff, H; Liu, Y; Kumar, M; Williams, M; Ryan, M",,,,"Oliff, Harley; Liu, Ying; Kumar, Maneesh; Williams, Michael; Ryan, Michael",,,Reinforcement learning for facilitating human-robot-interaction in manufacturing,JOURNAL OF MANUFACTURING SYSTEMS,,,,,,,,,,,,,,,,,"Kumar, Maneesh/ITU-6699-2023; ying, liu/KEI-0478-2024","Ryan, Michael/0000-0002-8104-0121; LIU, YING/0000-0001-9319-5940",,,,,,,,,,,,,0278-6125,1878-6642,,,,JUL,2020,56,,,,,,326,340,,10.1016/j.jmsy.2020.06.018,http://dx.doi.org/10.1016/j.jmsy.2020.06.018,,,,,,,,,,,,,WOS:000572349100002,View Full Record in Web of Science
J,"Pires, G; Nunes, U",,,,"Pires, G; Nunes, U",,,A wheelchair steered through voice commands and assisted by a reactive fuzzy-logic controller,JOURNAL OF INTELLIGENT & ROBOTIC SYSTEMS,,,,,,,,,,,,,,,,,"Pires, Gabriel/W-2972-2018; Nunes, Urbano J./G-1187-2011","Pires, Gabriel/0000-0001-9967-845X; Nunes, Urbano J./0000-0002-7750-5221",,,,,,,,,,,,,0921-0296,1573-0409,,,,JUL,2002,34,3,,,,,301,314,,10.1023/A:1016363605613,http://dx.doi.org/10.1023/A:1016363605613,,,,,,,,,,,,,WOS:000176814400006,View Full Record in Web of Science
C,"Aly, A; Tapus, A",,"Kuzuoka, H; Evers, V; Imai, M; Forlizzi, J",,"Aly, Amir; Tapus, Adriana",,,A Model for Synthesizing a Combined Verbal and NonVerbal Behavior Based on Personality Traits in Human-Robot Interaction,PROCEEDINGS OF THE 8TH ACM/IEEE INTERNATIONAL CONFERENCE ON HUMAN-ROBOT INTERACTION (HRI 2013),ACM IEEE International Conference on Human-Robot Interaction,,,,8th Annual ACM/IEEE International Conference on Human-Robot Interaction (HRI),"MAR 03-06, 2013","Tokyo, JAPAN","ACM,IEEE,IEEE Robot & Automat (RA),AAAI,Human Factors & Ergonom Soc (HFES),ACM SIGCHI,ACM SIGART",,,,,,,,,,"Aly, Amir/0000-0001-5169-0679",,,,,,,,,,,,,2167-2121,2167-2148,978-1-4673-3055-8; 978-1-4673-3099-2,,,,2013,,,,,,,325,332,,,,,,,,,,,,,,,,WOS:000320655500112,View Full Record in Web of Science
C,"Thongchai, S",,,ACC; ACC,"Thongchai, S",,,Behavior-based learning fuzzy rules for mobile robots,"PROCEEDINGS OF THE 2002 AMERICAN CONTROL CONFERENCE, VOLS 1-6",Proceedings of the American Control Conference,,,,20th Annual American Control Conference (ACC),"MAY 08-10, 2002","ANCHORAGE, AK","Amer Automat Control Council,IFAC,SICE",,,,,,,,,,,,,,,,,,,,,,,0743-1619,2378-5861,0-7803-7298-0,,,,2002,1-6,,,,,,995,1000,,,,,,,,,,,,,,,,WOS:000178974700173,View Full Record in Web of Science
S,"Manolova, A; Poulkov, V; Tonchev, K",,"Ligthart, LP; Prasad, R",,"Manolova, Agata; Poulkov, Vladimir; Tonchev, Krasimir",,,Challenges in the Design of Smart Vehicular Cyber Physical Systems with Human in the Loop,BREAKTHROUGHS IN SMART CITY IMPLEMENTATION,River Publishers Series in Communications,,,,,,,,,,,,,,,,"Tonchev, Krasimir/IYJ-7947-2023; Manolova, Agata/Q-6842-2016; Poulkov, Vladimir/P-1879-2016","Manolova, Agata/0000-0002-8120-363X; Poulkov, Vladimir/0000-0003-3226-5639; Tonchev, Krasimir/0000-0002-3332-666X",,,,,,,,,,,,,2445-4842,,978-87-99923-71-7; 978-87-99923-72-4,,,,2017,,,,,,,165,187,,,,,,,,,,,,,,,,WOS:000416707300008,View Full Record in Web of Science
J,"Hasegawa, Y; Ito, Y; Fukuda, T",,,,"Hasegawa, Y; Ito, Y; Fukuda, T",,,Behavior coordination and its modification on a brachiation-type mobile robot,ADVANCED ROBOTICS,,,,,,,,,,,,,,,,,"Hasegawa, Yasuhisa/AAE-6062-2019","Hasegawa, Yasuhisa/0000-0001-9917-098X",,,,,,,,,,,,,0169-1864,,,,,,2000,14,5,,,,,397,398,,10.1163/156855300741717,http://dx.doi.org/10.1163/156855300741717,,,,,,,,,,,,,WOS:000165635100019,View Full Record in Web of Science
C,"Handayani, AS; Husni, NL; Nurmaini, S; Yani, I",,,IEEE,"Handayani, Ade Silvia; Husni, Nyayu Latifah; Nurmaini, Siti; Yani, Irsyadi",,,Formation Control Design for Real Swarm Robot Using Fuzzy Logic,2017 INTERNATIONAL CONFERENCE ON ELECTRICAL ENGINEERING AND COMPUTER SCIENCE (ICECOS),,,,,International Conference on Electrical Engineering and Computer Science (ICECOS),"AUG 22-23, 2017","PALEMBANG, INDONESIA","JAIST,IEEE",,,,,,,,,"Handayani, Ade/AEM-7126-2022; Husni, Nyayu/AAB-6215-2021; Nurmaini, Siti/L-6311-2013; Yani, Irsyadi/O-3587-2018","Nurmaini, Siti/0000-0002-8024-2952; Yani, Irsyadi/0000-0002-4383-2283; handayani, ade silvia/0000-0002-4476-426X; Husni, Nyayu Latifah/0000-0003-0072-6664",,,,,,,,,,,,,,,978-1-4799-7675-1,,,,2017,,,,,,,77,82,,,,,,,,,,,,,,,,WOS:000426923800015,View Full Record in Web of Science
J,"Gu, DB; Hu, HS",,,,"Gu, Dongbing; Hu, Huosheng",,,Integration of coordination architecture and behavior fuzzy learning in quadruped walking robots,IEEE TRANSACTIONS ON SYSTEMS MAN AND CYBERNETICS PART C-APPLICATIONS AND REVIEWS,,,,,,,,,,,,,,,,,"Hu, Huosheng/G-1758-2010","Hu, Huosheng/0000-0001-5797-1412; Gu, Dongbing/0000-0002-0986-2921",,,,,,,,,,,,,1094-6977,1558-2442,,,,JUL,2007,37,4,,,,,670,681,,10.1109/TSMCC.2007.897491,http://dx.doi.org/10.1109/TSMCC.2007.897491,,,,,,,,,,,,,WOS:000247644800023,View Full Record in Web of Science
C,"Gaskett, C; Fletcher, L; Zelinsky, A",,,IEEE; IEEE,"Gaskett, C; Fletcher, L; Zelinsky, A",,,Reinforcement learning for a vision based mobile robot,"2000 IEEE/RSJ INTERNATIONAL CONFERENCE ON INTELLIGENT ROBOTS AND SYSTEMS (IROS 2000), VOLS 1-3, PROCEEDINGS",,,,,IEEE/Robotics-Society-of-Japan International Conference on Intelligent Robots and Systems (IROS 2000),"OCT 31-NOV 05, 2000","KAGAWA UNIV, TAKAMATSU, JAPAN","IEEE, Ind Electr Soc,IEEE, Robot & Automat Soc,Robot Soc Japan,Soc Instrument & Control Engineers,New Technol Fdn,Kagawa Univ",KAGAWA UNIV,,,,,,,,,,,,,,,,,,,,,,,,0-7803-6349-3,,,,2000,,,,,,,403,409,,,,,,,,,,,,,,,,WOS:000166948600065,View Full Record in Web of Science
C,"Anderson, G; Cheng, G",,"Jamshidi, MO; Feddema, J; Proctor, F; Shafai, B; Jamshidi, JS",,"Anderson, G; Cheng, G",,,A self-adjusting oscillator controller for robots exploring dynamic or unknown environments,"ROBOTICS, AUTOMATION AND CONTROL AND MANUFACTURING: TRENDS, PRINCIPLES AND APPLICATIONS",TSI PRESS SERIES,,,,5th Biannual World Automation Congress,"JUN 09-13, 2002","ORLANDO, FL","Univ Cent Florida,Florida Atlantic Univ",,,,,,,,,,,,,,,,,,,,,,,,,1-889335-19-3,,,,2002,14,,,,,,83,88,,,,,,,,,,,,,,,,WOS:000180265200014,View Full Record in Web of Science
C,"O'Brien, M; Arkin, RC; Harrington, D; Lyons, D; Jiang, S",,"Brugali, D; Broenink, JF; Kroeger, T; MacDonald, BA",,"O'Brien, Matthew; Arkin, Ronald C.; Harrington, Dagan; Lyons, Damian; Jiang, Shu",,,Automatic Verification of Autonomous Robot Missions,"SIMULATION, MODELING, AND PROGRAMMING FOR AUTONOMOUS ROBOTS (SIMPAR 2014)",Lecture Notes in Computer Science,,,,"4th International Conference on Simulation, Modeling, and Programming for Autonomous Robots (SIMPAR)","OCT 20-23, 2014","Bergamo, ITALY",,,,,,,,,,"Lyons, Damian/AGG-3248-2022",,,,,,,,,,,,,,0302-9743,1611-3349,978-3-319-11900-7; 978-3-319-11899-4,,,,2014,8810,,,,,,462,473,,,,,,,,,,,,,,,,WOS:000476862800039,View Full Record in Web of Science
C,"Loh, J; Heng, J; Seet, G; Sim, SK",,"Jain, LC; Jain, RK",,"Loh, J; Heng, J; Seet, G; Sim, SK",,,Behavior-based search using small autonomous mobile robot vehicles,"1998 SECOND INTERNATIONAL CONFERENCE ON KNOWLEDGE-BASED INTELLIGENT ELECTRONIC SYSTEMS, KES '98, PROCEEDINGS, VOL, 3",,,,,2nd International Conference on Knowledge-Based Intelligent Electronic Systems (KES 98),"APR 21-23, 1998","ADELAIDE, AUSTRALIA",IEEE,,,,,,,,,"Heng Kok Hui, John/JAZ-0724-2023; Gim Lee, Gerald/F-8918-2010; Heng Kok Hui,, John/A-3812-2011","Heng Kok Hui,, John/0000-0002-5889-8840",,,,,,,,,,,,,,,0-7803-4316-6,,,,1998,,,,,,,294,301,,,,,,,,,,,,,,,,WOS:000076655900043,View Full Record in Web of Science
C,"Ono, T; Munekata, N",,,ACM,"Ono, Tetsuo; Munekata, Nagisa",,,Design Principle for Social Robot Behavior Based on Communication Activity,COMPANION OF THE 2017 ACM/IEEE INTERNATIONAL CONFERENCE ON HUMAN-ROBOT INTERACTION (HRI'17),ACM IEEE International Conference on Human-Robot Interaction,,,,12th Annual ACM/IEEE International Conference on Human-Robot Interaction (HRI),"MAR 06-09, 2017","Vienna, AUSTRIA","Assoc Comp Machinery,IEEE,ACM SIGCHI,ACM SIGAI,IEEE Robot & Automat Soc,AAAI,HFES",,,,,,,,,,,,,,,,,,,,,,,2167-2121,2167-2148,978-1-4503-4885-0,,,,2017,,,,,,,239,240,,10.1145/3029798.3038306,http://dx.doi.org/10.1145/3029798.3038306,,,,,,,,,,,,,WOS:000626241800109,View Full Record in Web of Science
J,"Watts, JM",,,,"Watts, JM",,,Animats: Computer-simulated animals in behavioral research,JOURNAL OF ANIMAL SCIENCE,,,,,ASAS 89th Annual Meeting,"JUL, 1997","NASHVILLE, TENNESSEE",ASAS,,,,,,,,,"Watts, Jon/B-4576-2012",,,,,,,,,,,,,,0021-8812,,,,,OCT,1998,76,10,,,,,2596,2604,,,,,,,,,,,9814899,,,,,WOS:000076639300013,View Full Record in Web of Science
S,"Arena, P; Lombardo, D; Patané, L",,"Arena, P; Patane, L",,"Arena, P.; Lombardo, D.; Patane, L.",,,Complex Systems and Perception,SPATIAL TEMPORAL PATTERNS FOR ACTION-ORIENTED PERCEPTION IN ROVING ROBOTS,Cognitive Systems Monographs,,,,,,,,,,,,,,,,"Patanè, Luca/AAK-5366-2020","Patane, Luca/0000-0002-5488-9365",,,,,,,,,,,,,1867-4925,,978-3-540-88463-7,,,,2009,1,,,,,,309,347,,,,10.1007/978-3-540-88464-4,,,,,,,,,,,,WOS:000267474700007,View Full Record in Web of Science
C,"Lund, HH; Marti, P; Tittarelli, M",,,IEEE,"Lund, Henrik Hautop; Marti, Patrizia; Tittarelli, Michele",,,Remixing Playware,2014 23RD IEEE INTERNATIONAL SYMPOSIUM ON ROBOT AND HUMAN INTERACTIVE COMMUNICATION (IEEE RO-MAN),IEEE RO-MAN,,,,23rd IEEE International Symposium on Robot and Human Interactive Communication (IEEE RO-MAN),"AUG 25-29, 2014","Heriot Watt Univ, Edinburgh, SCOTLAND","IEEE,IEEE Robot & Automat Soc,Robot Soc Japan,Korea Robot Soc,IEEE Syst, Man & Cybernet Soc",Heriot Watt Univ,,,,,,,,"Marti, Patrizia/J-4102-2012; Marti, Patrizia/D-1038-2013","Marti, Patrizia/0000-0002-2448-8747; Lund, Henrik Hautop/0000-0002-0122-5258",,,,,,,,,,,,,1944-9445,,978-1-4799-6765-0,,,,2014,,,,,,,49,55,,,,,,,,,,,,,,,,WOS:000366603200009,View Full Record in Web of Science
J,"KWEON, IS; KUNO, Y; WATANABE, M; ONOGUCHI, K",,,,"KWEON, IS; KUNO, Y; WATANABE, M; ONOGUCHI, K",,,SONAR-BASED BEHAVIORS FOR A BEHAVIOR-BASED MOBILE ROBOT,IEICE TRANSACTIONS ON INFORMATION AND SYSTEMS,,,,,1ST JAPAN / KOREA JOINT CONF ON COMPUTER VISION ( CV 91 ),"OCT 10-11, 1991","SEOUL, SOUTH KOREA","INFORMAT PROC SOC JAPAN, SPECIAL INTEREST GRP COMP VIS,IEICE, TECH GRP PATTERN RECOGNIT & UNDERSTANDING,KOREAN INFORMAT SCI SOC, TECH GRP ARTIFICIAL INTELLIGENCE,KOREAN INST TELEMAT & ELECTR, TECH GRP IMAGE PROC & TV",,,,,,,,,"Kuno, Yoshinori/B-3014-2012","Kuno, Yoshinori/0000-0001-9719-9367",,,,,,,,,,,,,0916-8532,,,,,APR,1993,E76D,4,,,,,479,485,,,,,,,,,,,,,,,,WOS:A1993KZ52400010,View Full Record in Web of Science
C,"Hayashi, R; Kato, S",,,IEEE,"Hayashi, Rina; Kato, Shohei",,,Proposal of Design Policy of Therapy Robots System Based on Relaxation State,2017 IEEE 6TH GLOBAL CONFERENCE ON CONSUMER ELECTRONICS (GCCE),IEEE Global Conference on Consumer Electronics,,,,IEEE 6th Global Conference on Consumer Electronics (GCCE),"OCT 24-27, 2017","Nagoya, JAPAN",IEEE,,,,,,,,,"Hayashi, Rina/F-4367-2018","Hayashi, Rina/0000-0002-0291-9622",,,,,,,,,,,,,2378-8143,,978-1-5090-4045-2,,,,2017,,,,,,,,,,,,,,,,,,,,,,,,WOS:000426994600065,View Full Record in Web of Science
C,"Rusthollkarhu, S; Aarikka-Stenroos, L",,"Smolander, K; Grunbacher, P; Hyrynsalmi, S; Jansen, S",,"Rusthollkarhu, Sami; Aarikka-Stenroos, Leena",,,The Effects of AI-Human-Interaction to Value Creation in Multi-actor Systems: How AI Shapes Digital B2B Sales,"PROCEEDINGS OF THE 2ND ACM SIGSOFT INTERNATIONAL WORKSHOP ON SOFTWARE-INTENSIVE BUSINESS: START-UPS, PLATFORMS, AND ECOSYSTEMS (IWSIB '19)",,,,,"2nd ACM SIGSOFT International Workshop on Software-Intensive Business - Start-ups, Platforms, and Ecosystems (IWSiB)","AUG 26, 2019","Tallinn, ESTONIA","Assoc Comp Machinery,ACM SIGSOFT",,,,,,,,,"Aarikka-Stenroos, Leena/O-7732-2016; Aarikka-Stenroos, Leena/A-6609-2015","Aarikka-Stenroos, Leena/0000-0001-9051-6059; Rusthollkarhu, Sami/0000-0001-8989-9902",,,,,,,,,,,,,,,978-1-4503-6854-4,,,,2019,,,,,,,37,41,,10.1145/3340481.3342736,http://dx.doi.org/10.1145/3340481.3342736,,,,,,,,,,,,,WOS:000525443600007,View Full Record in Web of Science
J,"Nattharith, P; Güzel, MS",,,,"Nattharith, Panus; Guzel, Mehmet Serdar",,,Machine vision and fuzzy logic-based navigation control of a goal-oriented mobile robot,ADAPTIVE BEHAVIOR,,,,,,,,,,,,,,,,,"Güzel, Mehmet/AAI-7466-2020",,,,,,,,,,,,,,1059-7123,1741-2633,,,,JUN,2016,24,3,,,,,168,180,,10.1177/1059712316645845,http://dx.doi.org/10.1177/1059712316645845,,,,,,,,,,,,,WOS:000377295200003,View Full Record in Web of Science
C,"Torta, E; Cuijpers, RH; Juola, JF",,,IEEE,"Torta, Elena; Cuijpers, Raymond H.; Juola, James F.",,,Dynamic Neural Field as Framework for Behaviour Coordination in Mobile Robots,2012 WORLD AUTOMATION CONGRESS (WAC),,,,,World Automation Congress (WAC),"JUN 24-28, 2012","Puerto Vallarta, MEXICO",TSI Enterprises Inc,,,,,,,,,,"Torta, Elena/0000-0001-9198-1374",,,,,,,,,,,,,,,978-1-4673-4497-5,,,,2012,,,,,,,,,,,,,,,,,,,,,,,,WOS:000310335800097,View Full Record in Web of Science
C,"Hebert, M; Stentz, A; Thorpe, C",,,IEEE,"Hebert, M; Stentz, A; Thorpe, C",,,Mobility planning for autonomous navigation multiple robots in unstructured environments,JOINT CONFERENCE ON THE SCIENCE AND TECHNOLOGY OF INTELLIGENT SYSTEMS,,,,,Joint Conference on the Science and Technology of Intelligent Systems ISIC/CIRA/ISAS,"SEP 14-17, 1998","NATL INST STAND & TECHNOL, GAITHERSBURG, MD","IEEE, Control Syst Soc,Natl Sci Fdn,USA, Army Res Off",NATL INST STAND & TECHNOL,,,,,,,,,,,,,,,,,,,,,,,,0-7803-4423-5,,,,1998,,,,,,,652,657,,,,,,,,,,,,,,,,WOS:000075973800116,View Full Record in Web of Science
C,"Rodriguez, S; Amato, NM",,,IEEE,"Rodriguez, Samuel; Amato, Nancy M.",,,Behavior-Based Evacuation Planning,2010 IEEE INTERNATIONAL CONFERENCE ON ROBOTICS AND AUTOMATION (ICRA),IEEE International Conference on Robotics and Automation ICRA,,,,IEEE International Conference on Robotics and Automation (ICRA),"MAY 03-08, 2010","Anchorage, AK",IEEE,,,,,,,,,,,,,,,,,,,,,,,1050-4729,2577-087X,978-1-4244-5040-4,,,,2010,,,,,,,350,355,,10.1109/ROBOT.2010.5509502,http://dx.doi.org/10.1109/ROBOT.2010.5509502,,,,,,,,,,,,,WOS:000284150002085,View Full Record in Web of Science
C,"Oya, H; Suzuki, K",,"Gupta, GS; Mukhopadhyay, SC",,"Oya, Hitoe; Suzuki, Keiji",,,Behavior Based Water Depth Estimation for Diver Type Small Humanoid Robot,PROCEEDINGS OF THE FOURTH INTERNATIONAL CONFERENCE ON AUTONOMOUS ROBOTS AND AGENTS,,,,,4th International Conference on Autonomous Robots and Agents,"FEB 10-12, 2009","Wellington, NEW ZEALAND","Massey Univ, Palmerston N, Sch Engn & Adv Technol,IEEE NZ Cent Sect,Natl Univ Singapore, Ctr Intelligent Control,Singapore Polytechn,IEEE Instrumentat & Measurement Soc,Tribotix Pty Ltd,Knowledge Solut Grp Inc",,,,,,,,,"Suzuki, Keiji/F-9443-2012",,,,,,,,,,,,,,,,978-1-4244-2712-3,,,,2009,,,,,,,381,+,,,,,,,,,,,,,,,,WOS:000269688000069,View Full Record in Web of Science
J,"O'Brien, MJ; Arkin, RC",,,,"O'Brien, Matthew J.; Arkin, Ronald C.",,,Adapting to environmental dynamics with an artificial circadian system,ADAPTIVE BEHAVIOR,,,,,15th International Conference on the Simulation of Adaptive Behavior (SAB),"AUG 14-17, 2018","Frankfurt Inst Adv Studies, Frankfurt, GERMANY","Int Soc Adapt Behav,Univ So Denmark,Webots",Frankfurt Inst Adv Studies,,,,,,,,,"O'Brien, Matthew/0000-0002-5933-0069",,,,,,,,,,,,,1059-7123,1741-2633,,,,JUN,2020,28,3,,,SI,,165,179,,10.1177/1059712319846854,http://dx.doi.org/10.1177/1059712319846854,,,,,,,,,,,,,WOS:000532407900004,View Full Record in Web of Science
S,"Li, W; Wahl, FM; Zhou, JZZ; Wang, H; He, KZZ",,"Christensen, HI; Bunke, H; Noltemeier, H",,"Li, W; Wahl, FM; Zhou, JZZ; Wang, H; He, KZZ",,,Vision-based behavior control of autonomous systems by fuzzy reasoning,SENSOR BASED INTELLIGENT ROBOTS,LECTURE NOTES IN ARTIFICIAL INTELLIGENCE,,,,3rd International Workshop on Sensor Based Intelligent Robots,"SEP 28-OCT 02, 1998","DAGSTUHL CASTLE, GERMANY",Dagstuhl Fdn,,,,,,,,,"Wahl, Friedrich/Q-4009-2017",,,,,,,,,,,,,,0302-9743,,3-540-66933-7,,,,1999,1724,,,,,,311,325,,,,,,,,,,,,,,,,WOS:000165487700017,View Full Record in Web of Science
J,"Atienza, RO; Ang , MH",,,,"Atienza, RO; Ang , MH",,,A flexible control architecture for mobile robots: An application for a walking robot,JOURNAL OF INTELLIGENT & ROBOTIC SYSTEMS,,,,,,,,,,,,,,,,,"Ang, Marcelo/B-4469-2010","Ang, Marcelo/0000-0001-8277-6408",,,,,,,,,,,,,0921-0296,1573-0409,,,,JAN,2001,30,1,,,,,29,48,,10.1023/A:1008169919184,http://dx.doi.org/10.1023/A:1008169919184,,,,,,,,,,,,,WOS:000166545900002,View Full Record in Web of Science
C,"Saad, EM; Awadalla, MH; Hamdy, AM; Ali, HI",,"Zaharim, A; Mastorakis, N; Gonos, I",,"Saad, E. M.; Awadalla, M. H.; Hamdy, A. M.; Ali, H. I.",,,Distributed Controller for Roaming Robot Formations using Local Sensing and Limited Range Communications,"PROCEEDINGS OF THE 7TH WSEAS INTERNATIONAL CONFERENCE ON COMPUTATIONAL INTELLIGENCE, MAN-MACHINE SYSTEMS AND CYBERNETICS (CIMMACS '08): RECENT ADVANCES IN COMPUTATIONAL INTELLIGENCE, MAN-MACHINE SYSTEMS AND CYBERNETICS",Electrical and Computer Engineering Series,,,,7th WSEAS International Conference on Computational Intelligence Man-Machine Systems and Cybernetics,"DEC 29-31, 2008","Cairo, EGYPT",WSEAS,,,,,,,,,,,,,,,,,,,,,,,,,978-960-474-049-9,,,,2008,,,,,,,137,142,,,,,,,,,,,,,,,,WOS:000264086100021,View Full Record in Web of Science
C,"Arredondo, TV; Freund, W; Munoz, C; Quirós, F",,"Gelbukh, A; Morales, AFK",,"Arredondo, Tomas V.; Freund, Wolfgang; Munoz, Cesar; Quiros, Fernando",,,Learning performance in evolutionary behavior based mobile robot navigation,MICAI 2007: ADVANCES IN ARTIFICIAL INTELLIGENCE,Lecture Notes in Artificial Intelligence,,,,6th Mexican International Conference on Artificial Intelligence (MICAI 2007),"NOV 04-10, 2007","Aguascalientes, MEXICO",Mexican Soc Artificial Intelligence,,,,,,,,,,,,,,,,,,,,,,,2945-9133,1611-3349,978-3-540-76630-8,,,,2007,4827,,,,,,811,+,,,,,,,,,,,,,,,,WOS:000251037900077,View Full Record in Web of Science
J,"Narvydas, G; Maskeliunas, R; Raudonis, V",,,,"Narvydas, G.; Maskeliunas, R.; Raudonis, V.",,,"Goal Directed, State and Behavior based Navigation Algorithm for Smart Robosofa Furniture",ELEKTRONIKA IR ELEKTROTECHNIKA,,,,,,,,,,,,,,,,,"Maskeliunas, Rytis/J-7173-2017","Maskeliunas, Rytis/0000-0002-2809-2213",,,,,,,,,,,,,1392-1215,,,,,,2011,,10,,,,,67,70,,10.5755/j01.eee.116.10.885,http://dx.doi.org/10.5755/j01.eee.116.10.885,,,,,,,,,,,,,WOS:000298713500015,View Full Record in Web of Science
C,"Yasuda, T; Ohkura, K",,,IEEE,"Yasuda, Toshiyuki; Ohkura, Kazuhiro",,,Collective Behavior Acquisition of Real Robotic Swarms using Deep Reinforcement Learning,2018 SECOND IEEE INTERNATIONAL CONFERENCE ON ROBOTIC COMPUTING (IRC),,,,,2nd IEEE International Conference on Robotic Computing (IRC),"JAN 31-FEB 02, 2018","Laguna Hills, CA","IEEE,IEEE Comp Soc",,,,,,,,,"Yasuda, Toshiyuki/N-1469-2019",,,,,,,,,,,,,,,,978-1-5386-4651-9,,,,2018,,,,,,,179,180,,10.1109/IRC.2018.00038,http://dx.doi.org/10.1109/IRC.2018.00038,,,,,,,,,,,,,WOS:000450646400029,View Full Record in Web of Science
S,"Bugmann, G",,"Wermter, S; Austin, J; Willshaw, D",,"Bugmann, G",,,Role of the cerebellum in time-critical goal-oriented behaviour: Anatomical basis and control principle,EMERGENT NEURAL COMPUTATIONAL ARCHITECTURES BASED ON NEUROSCIENCE: TOWARDS NEUROSCIENCE-INSPIRED COMPUTING,Lecture Notes in Artificial Intelligence,,,,,,,,,,,,,,,,,,,,,,,,,,,,,,0302-9743,1611-3349,3-540-42363-X,,,,2001,2036,,,,,,255,269,,,,,,,,,,,,,,,,WOS:000174764100019,View Full Record in Web of Science
J,"Yamamoto, M",,,,"Yamamoto, M",,,Development of indoor mobile guiding robot with fluorescent light detecting vision sensor,INTERNATIONAL JOURNAL OF THE JAPAN SOCIETY FOR PRECISION ENGINEERING,,,,,,,,,,,,,,,,,,,,,,,,,,,,,,,0916-782X,,,,,MAR,1997,31,1,,,,,68,70,,,,,,,,,,,,,,,,WOS:A1997XC57100014,View Full Record in Web of Science
C,"Volna, E; Kotyrba, M; Bradac, V",,"Nguyen, NT; Jearanaitanakij, K; Selamat, A; Trawinski, B; Chittayasothorn, S",,"Volna, Eva; Kotyrba, Martin; Bradac, Vladimir",,,Soft Computing-Based Control System of Intelligent Robot Navigation,"INTELLIGENT INFORMATION AND DATABASE SYSTEMS (ACIIDS 2020), PT II",Lecture Notes in Artificial Intelligence,,,,12th Asian Conference on Intelligent Information and Database Systems (ACIIDS),"MAR 23-26, 2020","Phuket, ELECTR NETWORK","King Mongkuts Inst Technol Ladkrabang,Wroclaw Univ Sci & Technol,IEEE SMC Tech Comm Computat Collect Intelligence,European Res Ctr Informat Syst,Univ Newcastle,Yeungnam Univ,Leiden Univ,Univ Teknologi Malaysia,BINUS Univ,Quang Binh Univ,Nguyen Tat Thanh Univ",,,,,,,,,"Volna, Eva/J-8650-2015; Kotyrba, Martin/JAN-9618-2023; Bradáč, Vladimír/E-5937-2014",,,,,,,,,,,,,,0302-9743,1611-3349,978-3-030-42058-1; 978-3-030-42057-4,,,,2020,12034,,,,,,379,390,,10.1007/978-3-030-42058-1_32,http://dx.doi.org/10.1007/978-3-030-42058-1_32,,,,,,,,,,,,,WOS:000611579700032,View Full Record in Web of Science
C,"Saffiotti, A; Wasik, Z",,"Zhou, C; Maravall, D; Ruan, D",,"Saffiotti, A; Wasik, Z",,,Using hierarchical fuzzy behaviors in the RoboCup domain,AUTONOMOUS ROBOTIC SYSTEMS: SOFT COMPUTING AND HARD COMPUTING METHODOLOGIES AND APPLICATIONS,Studies in Fuzziness and Soft Computing,,,,"International Conference on Computational Intelligence, Robotics and Autonomous Systems","NOV 28-30, 2001","SINGAPORE, SINGAPORE",,,,,,,,,,"Saffiotti, Alessandro/B-4213-2013","Saffiotti, Alessandro/0000-0001-8229-1363",,,,,,,,,,,,,1434-9922,,3-7908-1546-2,,,,2003,116,,,,,,235,262,,,,,,,,,,,,,,,,WOS:000181782400009,View Full Record in Web of Science
J,"Okui, T; Shinoda, Y",,,,"Okui, T; Shinoda, Y",,,An outdoor robots system for autonomous mobile all-purpose platform,ROBOTICS AND AUTONOMOUS SYSTEMS,,,,,IEEE/RSJ/GI International Conference on Intelligent Robots and Systems - Advanced Robotic Systems and the Real World,"SEP 12-16, 1994","FED ARMED FORCES UNIV MUNICH, MUNICH, GERMANY","Gesell Informat,IEEE, Ind Electr Soc,New Technol Fdn,IEEE, Robot & Automat Soc,Robot Soc Japan,Soc Instrumentat & Control Engineers,Univ Bundeswehr Munchen,Inst Tech Intelligenter Syst,VDE VDI Gesell Mikroelektr,VDI BDE Gesell Messtechnik & Automatisierungstechnik",FED ARMED FORCES UNIV MUNICH,,,,,,,,,,,,,,,,,,,,,,0921-8890,,,,,APR,1996,17,1-2,,,,,99,106,,10.1016/0921-8890(95)00065-8,http://dx.doi.org/10.1016/0921-8890(95)00065-8,,,,,,,,,,,,,WOS:A1996UN89900010,View Full Record in Web of Science
C,"Jeon, YH; Park, JM; Song, IS; Cho, YJ; Oh, SR",,,"IEEE, ROBOT & AUTOMAT SOC","Jeon, YH; Park, JM; Song, IS; Cho, YJ; Oh, SR",,,An object-oriented implementation of behavior-based control architecture,"1996 IEEE INTERNATIONAL CONFERENCE ON ROBOTICS AND AUTOMATION, PROCEEDINGS, VOLS 1-4",IEEE INTERNATIONAL CONFERENCE ON ROBOTICS AND AUTOMATION,,,,1996 IEEE International Conference on Robotics and Automation,"APR 22-28, 1996","MINNEAPOLIS, MN","IEEE, Robot & Automat Soc",,,,,,,,,,,,,,,,,,,,,,,1050-4729,,0-7803-2989-9,,,,1996,,,,,,,706,711,,,,,,,,,,,,,,,,WOS:A1996BF68P00111,View Full Record in Web of Science
J,"Motlagh, ORE; Hong, TS; Ismail, N",,,,"Motlagh, Omid Reza Esmaeili; Hong, Tang Sai; Ismail, Napsiah",,,Development of a new minimum avoidance system for a behavior-based mobile robot,FUZZY SETS AND SYSTEMS,,,,,,,,,,,,,,,,,,"Ismail, Napsiah/0000-0003-0701-5742",,,,,,,,,,,,,0165-0114,1872-6801,,,,JUL 1,2009,160,13,,,,,1929,1946,,10.1016/j.fss.2008.09.015,http://dx.doi.org/10.1016/j.fss.2008.09.015,,,,,,,,,,,,,WOS:000266853000007,View Full Record in Web of Science
C,"Balch, T; Hybinette, M",,,IEEE; IEEE,"Balch, T; Hybinette, M",,,Behavior-based coordination of large-scale robot formations,"FOURTH INTERNATIONAL CONFERENCE ON MULTIAGENT SYSTEMS, PROCEEDINGS",,,,,4th International Conference on MultiAgent Systems,"JUL 10-12, 2000","BOSTON, MA","IFMAS,Charles River Analyt,Nokia,DARPA,NSF,AAAI",,,,,,,,,,,,,,,,,,,,,,,,,0-7695-0625-9,,,,2000,,,,,,,363,364,,10.1109/ICMAS.2000.858476,http://dx.doi.org/10.1109/ICMAS.2000.858476,,,,,,,,,,,,,WOS:000166609100048,View Full Record in Web of Science
C,"Dahl, TS; Mataric, MJ; Sukhatme, GS",,,IEEE; IEEE,"Dahl, TS; Mataric, MJ; Sukhatme, GS",,,Multi-robot task-allocation through vacancy chains,"2003 IEEE INTERNATIONAL CONFERENCE ON ROBOTICS AND AUTOMATION, VOLS 1-3, PROCEEDINGS",IEEE International Conference on Robotics and Automation ICRA,,,,20th IEEE International Conference on Robotics and Automation (ICRA),"SEP 14-19, 2003","TAIPEI, TAIWAN","IEEE Robot & Automat Soc,Natl Sci Council,Minist Educ,Chinese Inst Automat Engineers,Ind Technol Res Inst,TECO Elect & Machinery Co Ltd,Met Ind Res & Dev Ctr",,,,,,,,,,"Dahl, Torbjorn/0000-0001-5317-2373",,,,,,,,,,,,,1050-4729,2577-087X,0-7803-7736-2,,,,2003,,,,,,,2293,2298,,10.1109/ROBOT.2003.1241935,http://dx.doi.org/10.1109/ROBOT.2003.1241935,,,,,,,,,,,,,WOS:000187419900368,View Full Record in Web of Science
J,"Zeng, KL; Zhang, QY; Chen, B; Liang, B; Yang, J",,,,"Zeng, Kailin; Zhang, QiYuan; Chen, Bin; Liang, Bin; Yang, Jun",,,APD: Learning Diverse Behaviors for Reinforcement Learning Through Unsupervised Active Pre-Training,IEEE ROBOTICS AND AUTOMATION LETTERS,,,,,,,,,,,,,,,,,"Liang, Bin/JHU-0581-2023; Zhang, Qiyuan/AAS-9074-2021","Zeng, Kailin/0000-0001-5868-8758; Zhang, Qiyuan/0000-0002-8519-4259",,,,,,,,,,,,,2377-3766,,,,,OCT,2022,7,4,,,,,12251,12258,,10.1109/LRA.2022.3214057,http://dx.doi.org/10.1109/LRA.2022.3214057,,,,,,,,,,,,,WOS:000875881800003,View Full Record in Web of Science
C,"Wang, ZD; Piñeros, CV; Takahashi, T; Kimura, Y; Nakano, E",,"Pagello, E; Groen, F; Arai, T; Dillmann, R; Stentz, A",,"Wang, ZD; Piñeros, CV; Takahashi, T; Kimura, Y; Nakano, E",,,Arrangement and control of a cooperative multi-robot system for object transportation,INTELLIGENT AUTONOMOUS SYSTEMS 6,,,,,6th International Conference on Intelligent Autonomous Systems (IAS-6),"JUL 25-27, 2000","VENICE, ITALY","Intelligent Autonomous Syst Soc,Italian Assoc Artificial Intelligence,Italian Assoc Robot",,,,,,,,,"Velasquez, Carlos/JFS-7481-2023",,,,,,,,,,,,,,,,1-58603-078-7,,,,2000,,,,,,,196,203,,,,,,,,,,,,,,,,WOS:000089885200025,View Full Record in Web of Science
J,"Young, R",,,,"Young, Rupert",,,A General Architecture for Robotics Systems: A Perception-Based Approach to Artificial Life,ARTIFICIAL LIFE,,,,,,,,,,,,,,,,,,,,,,,,,,,,,,,1064-5462,1530-9185,,,,SPR,2017,23,2,,,SI,,236,286,,10.1162/ARTL_a_00229,http://dx.doi.org/10.1162/ARTL_a_00229,,,,,,,,28513206,,,,,WOS:000402704800007,View Full Record in Web of Science
C,"Kuhnert, KD",,,IEEE,"Kuhnert, Klaus-Dieter",,,Concept and Implementation of a Software System on the Autonomous Mobile Outdoor Robot AMOR,"2008 IEEE INTERNATIONAL CONFERENCE ON INDUSTRIAL TECHNOLOGY, VOLS 1-5",,,,,IEEE International Conference on Industrial Technology,"APR 21-24, 2008","Chengdu, PEOPLES R CHINA",IEEE,,,,,,,,,,,,,,,,,,,,,,,,,978-1-4244-1705-6,,,,2008,,,,,,,1370,1375,,,,,,,,,,,,,,,,WOS:000262125901014,View Full Record in Web of Science
J,"Rojas-Castro, DM; Revel, A; Menard, M",,,,"Rojas-Castro, Dalia Marcela; Revel, Arnaud; Menard, Michel",,,RHIZOME ARCHITECTURE: An Adaptive Neurobehavioral Control Architecture for Cognitive Mobile Robots-Application in a Vision-Based Indoor Robot Navigation Context,INTERNATIONAL JOURNAL OF SOCIAL ROBOTICS,,,,,,,,,,,,,,,,,,,,,,,,,,,,,,,1875-4791,1875-4805,,,,JUL,2020,12,3,,,,,659,688,,10.1007/s12369-019-00602-2,http://dx.doi.org/10.1007/s12369-019-00602-2,,MAR 2020,,,,,,,,,,,WOS:000522006800002,View Full Record in Web of Science
C,"Flückiger, M; Grosshauser, T; Tröster, G",,"Kuchenbecker, KJ; Gerling, GJ; Visell, Y",,"Flueckiger, Matthias; Grosshauser, Tobias; Troester, Gerhard",,,Evaluation of a Digital Grand Piano for Vibrotactile Feedback Experiments and Impact of Finger Touch on Piano Key Vibrations,2018 IEEE HAPTICS SYMPOSIUM (HAPTICS),IEEE Haptics Symposium,,,,IEEE Haptics Symposium (HAPTICS),"MAR 25-28, 2018","San Francisco, CA","IEEE,IEEE Robot & Automat Soc,Hapt Tech Comm,Oculus,Intuitive,Force Dimens,Boreas Technologies,SynTouch",,,,,,,,,,,,,,,,,,,,,,,2324-7347,,978-1-5386-5424-8,,,,2018,,,,,,,119,124,,,,,,,,,,,,,,,,WOS:000434958700020,View Full Record in Web of Science
C,"HOLENSTEIN, AA; BADREDDIN, E",,,IEEE,"HOLENSTEIN, AA; BADREDDIN, E",,,COLLISION AVOIDANCE IN A BEHAVIOR-BASED MOBILE ROBOT DESIGN,"1991 IEEE INTERNATIONAL CONFERENCE ON ROBOTICS AND AUTOMATION, VOLS 1-3",,,,,1991 INTERNATIONAL CONF ON ROBOTICS AND AUTOMATION,"APR 09-11, 1991","SACRAMENTO, CA","IEEE, ROBOT & AUTOMAT SOC",,,,,,,,,,,,,,,,,,,,,,,,,0-8186-2163-X,,,,1991,,,,,,,898,903,,10.1109/ROBOT.1991.131702,http://dx.doi.org/10.1109/ROBOT.1991.131702,,,,,,,,,,,,,WOS:A1991BT14J00133,View Full Record in Web of Science
C,"Horter, T",,,Assoc Computing Machinery,"Horter, Tifany",,,Building Each Other Up: Using Variation Theory to Build and Correct Human Mental Models of Robots,"COMPANION OF THE 2024 ACM/IEEE INTERNATIONAL CONFERENCE ON HUMAN-ROBOT INTERACTION, HRI 2024 COMPANION",,,,,19th Annual ACM/IEEE International Conference on Human-Robot Interaction (HRI),"MAR 11-15, 2024","Boulder, CO","IEEE,Assoc Comp Machinery,ACM SIGCHI,ACM SIGAI,IEEE RAS,AAAI,Human Factors & Ergon Soc",,,,,,,,,,,,,,,,,,,,,,,,,979-8-4007-0323-2,,,,2024,,,,,,,103,105,,10.1145/3610978.3638358,http://dx.doi.org/10.1145/3610978.3638358,,,,,,,,,,,,,WOS:001255070800018,View Full Record in Web of Science
C,"Hassel, T; Hofmann, O",,"DeMarsico, M; DiBaja, GS; Fred, A",,"Hassel, Tobias; Hofmann, Oliver",,,Reinforcement Learning of Robot Behavior based on a Digital Twin,ICPRAM: PROCEEDINGS OF THE 9TH INTERNATIONAL CONFERENCE ON PATTERN RECOGNITION APPLICATIONS AND METHODS,,,,,9th International Conference on Pattern Recognition Applications and Methods (ICPRAM),"FEB 22-24, 2020","Valletta, MALTA",,,,,,,,,,"Hofmann, Oliver/F-1800-2013",,,,,,,,,,,,,,,,978-989-758-397-1,,,,2020,,,,,,,381,386,,10.5220/0008880903810386,http://dx.doi.org/10.5220/0008880903810386,,,,,,,,,,,,,WOS:000615717400042,View Full Record in Web of Science
C,"Saudi, A; Hallam, B",,,IEEE,"Saudi, A; Hallam, B",,,A tale of two behaviour-based robots: Mindstorms vs technic,"TENCON 2004 - 2004 IEEE REGION 10 CONFERENCE, VOLS A-D, PROCEEDINGS: ANALOG AND DIGITAL TECHNIQUES IN ELECTRICAL ENGINEERING",TENCON IEEE Region 10 Conference Proceedings,,,,IEEE Region 10 Conference on Analog and Digital Techniques in Electrical Engineering,"NOV 21-24, 2004","Chiang Mai, THAILAND","IEEE Thialand Sect,IEEE Reg 10",,,,,,,,,"Saudi, Azali/Q-1006-2018","Saudi, Azali/0000-0002-5025-4688",,,,,,,,,,,,,2159-3442,,0-7803-8560-8,,,,2004,,,,,,,D479,D482,,,,,,,,,,,,,,,,WOS:000230528903121,View Full Record in Web of Science
C,"WETTERGREEN, D; PANGELS, H; BARES, J",,"Ikeuchi, K; Khosla, P",,"WETTERGREEN, D; PANGELS, H; BARES, J",,,Behavior-based gait execution for the Dante II walking robot,"IROS '95 - 1995 IEEE/RSJ INTERNATIONAL CONFERENCE ON INTELLIGENT ROBOTS AND SYSTEMS: HUMAN ROBOT INTERACTION AND COOPERATIVE ROBOTS, PROCEEDINGS, VOL 3",,,,,1995 IEEE/RSJ International Conference on Intelligent Robots and Systems - Human Robot Interaction and Cooperative Robots,"AUG 05-09, 1995","PITTSBURGH, PA","IEEE, Ind Electr Soc,IEEE, Robot & Automat Soc,Robot Soc Japan,Soc Instrument & Control Engineers,New Technol Fdn",,,,,,,,,,"Wettergreen, David/0000-0002-4262-7018",,,,,,,,,,,,,,,0-7803-3006-4,,,,1995,,,,,,,274,279,,,,,,,,,,,,,,,,WOS:A1995BE13L00044,View Full Record in Web of Science
C,"Ogata, T; Sugano, S",,,IEEE; IEEE; IEEE; IEEE,"Ogata, T; Sugano, S",,,Communication between behavior-based robots with emotion model and humans,"1998 IEEE INTERNATIONAL CONFERENCE ON SYSTEMS, MAN, AND CYBERNETICS, VOLS 1-5","IEEE INTERNATIONAL CONFERENCE ON SYSTEMS, MAN, AND CYBERNETICS, CONFERENCE PROCEEDINGS",,,,"IEEE International Conference on Systems, Man, and Cybernetics - Intelligent Systems for Humans in a Cyberworld (SMC 98)","OCT 11-14, 1998","SAN DIEGO, CA","IEEE, Syst Man & Cybernet Soc",,,,,,,,,,"Ogata, Tetsuya/0000-0001-7015-0379",,,,,,,,,,,,,1062-922X,,0-7803-4778-1,,,,1998,,,,,,,1095,1100,,,,,,,,,,,,,,,,WOS:000077033700191,View Full Record in Web of Science
C,"TIECHE, F; FACCHINETTI, C; HUGLI, H",,"Rembold, U; Dillmann, R; Hertzberger, LO; Kanade, T",,"TIECHE, F; FACCHINETTI, C; HUGLI, H",,,A behaviour-based architecture to control an autonomous mobile robot,INTELLIGENT AUTONOMOUS SYSTEMS - IAS-4,,,,,International Conference on Intelligent Autonomous Systems (IAS-4),"MAR 27-30, 1995","KARLSRUHE, GERMANY","German Res Fdn,State Baden Wurttemberg",,,,,,,,,,,,,,,,,,,,,,,,,90-5199-213-0,,,,1995,,,,,,,652,658,,,,,,,,,,,,,,,,WOS:A1995BD52P00085,View Full Record in Web of Science
C,"Lin, GQ; Miao, Y; Liu, SY",,,IEEE,"Lin, Gongqi; Miao, Yuan; Liu, Siyuan",,,Decision-Behavior based Online Shopping,"2018 15TH INTERNATIONAL CONFERENCE ON CONTROL, AUTOMATION, ROBOTICS AND VISION (ICARCV)",International Conference on Control Automation Robotics and Vision,,,,"15th International Conference on Control, Automation, Robotics and Vision (ICARCV)","NOV 18-21, 2018","Singapore, SINGAPORE",,,,,,,,,,"Liu, Siyuan/HNI-7470-2023","Miao, Yuan/0000-0002-6712-3465",,,,,,,,,,,,,2474-2953,,978-1-5386-9582-1,,,,2018,,,,,,,1321,1326,,,,,,,,,,,,,,,,WOS:000459847700222,View Full Record in Web of Science
S,"Lane, T; Röfer, T",,"Nardi, D; Riedmiller, M; Sammut, C; SantosVictor, J",,"Lane, T; Röfer, T",,,A behavior architecture for autonomous mobile robots based on potential fields,ROBOCUP 2004: ROBOT SOCCER WORLD CUP VIII,Lecture Notes in Computer Science,,,,8th International RoboCup Symposium,"JUN 27-JUL 05, 2004","Inst Superior Tecnico, Lisbon, PORTUGAL",,Inst Superior Tecnico,,,,,,,,,"Laue, Tim/0000-0002-2845-1300",,,,,,,,,,,,,0302-9743,1611-3349,3-540-25046-8,,,,2005,3276,,,,,,122,133,,,,,,,,,,,,,,,,WOS:000228790000010,View Full Record in Web of Science
C,"Zhao, J; Luksch, T; Berns, K",,"Bidaud, P; Tokhi, MO; Grand, C; Virk, GS",,"Zhao, J.; Luksch, T.; Berns, K.",,,CONTROLLING HUMAN-LIKE LOCOMOTION OF A BIPED BY A BIOLOGICALLY MOTIVATED APPROACH,FIELD ROBOTICS,,,,,14th International Conference on Climbing and Walking Robots and the Support Technologies for Mobile Machines (CLAWAR 2011),"SEP 06-08, 2011","Univ Pierre Marie Curie, Paris, FRANCE","Univ Pierre Marie Curie,CLAWAR Assoc",Univ Pierre Marie Curie,,,,,,,,,,,,,,,,,,,,,,,,978-981-4374-27-9,,,,2012,,,,,,,149,156,,,,,,,,,,,,,,,,WOS:000398883300017,View Full Record in Web of Science
C,"Beraldo, G; Tonin, L; Menegatti, E",,"Baldoni, M; Bandini, S",,"Beraldo, Gloria; Tonin, Luca; Menegatti, Emanuele",,,Shared Intelligence for User-Supervised Robots: From User's Commands to Robot's Actions,AIXIA 2020 - ADVANCES IN ARTIFICIAL INTELLIGENCE,Lecture Notes in Computer Science,,,,19th International Conference of the Italian-Association-for-Artificial-Intelligence (AIxIA),"NOV 25-27, 2020",ELECTR NETWORK,"Italian Assoc Artificial Intelligence,Artificial Intelligence Journal,Univ Studi Torino,Univ Studi Torino, Dipartimento Informatica",,,,,,,,,"Tonin, Luca/IRZ-4375-2023; Beraldo, Gloria/ABG-8811-2020","Beraldo, Gloria/0000-0001-8937-9739; Tonin, Luca/0000-0002-9751-7190; Menegatti, Emanuele/0000-0001-5794-9979",,,,,,,,,,,,,0302-9743,1611-3349,978-3-030-77091-4; 978-3-030-77090-7,,,,2021,12414,,,,,,457,465,,10.1007/978-3-030-77091-4_27,http://dx.doi.org/10.1007/978-3-030-77091-4_27,,,,,,,,,,,,,WOS:000886994000027,View Full Record in Web of Science
C,"Göller, M; Kerscher, T; Zöllner, JM; Dillmann, R; Devy, M; Germa, T; Lerasle, F",,,IEEE,"Goeller, Michael; Kerscher, Thilo; Zoellner, J. Marius; Dillmann, Ruediger; Devy, Michel; Germa, Thierry; Lerasle, Frederic",,,Setup and Control Architecture for an Interactive Shopping Cart in Human All Day Environments,"ICAR: 2009 14TH INTERNATIONAL CONFERENCE ON ADVANCED ROBOTICS, VOLS 1 AND 2",,,,,14th International Conference on Advanced Robotics,"JUN 22-26, 2009","Munich, GERMANY",,,,,,,,,,,,,,,,,,,,,,,,,,978-1-4244-4855-5,,,,2009,,,,,,,881,+,,,,,,,,,,,,,,,,WOS:000270815500141,View Full Record in Web of Science
J,"Bares, JE; Wettergreen, DS",,,,"Bares, JE; Wettergreen, DS",,,"Dante II: Technical description, results, and lessons learned",INTERNATIONAL JOURNAL OF ROBOTICS RESEARCH,,,,,,,,,,,,,,,,,,"Wettergreen, David/0000-0002-4262-7018",,,,,,,,,,,,,0278-3649,,,,,JUL,1999,18,7,,,,,621,649,,10.1177/02783649922066475,http://dx.doi.org/10.1177/02783649922066475,,,,,,,,,,,,,WOS:000081048600002,View Full Record in Web of Science
J,"Chang, CF; Fu, LC",,,,"Chang, CF; Fu, LC",,,A behavior based nonlinear multi-agent framework using a hybrid approach,JOURNAL OF THE CHINESE INSTITUTE OF ENGINEERS,,,,,,,,,,,,,,,,,,"Fu, Li-Chen/0000-0002-6947-7646",,,,,,,,,,,,,0253-3839,2158-7299,,,,MAR,2006,29,2,,,,,347,360,,10.1080/02533839.2006.9671130,http://dx.doi.org/10.1080/02533839.2006.9671130,,,,,,,,,,,,,WOS:000236306100018,View Full Record in Web of Science
C,"Wang, ZD; Ahmadabadi, MN; Nakano, E; Takahashi, T",,,IEEE; IEEE,"Wang, ZD; Ahmadabadi, MN; Nakano, E; Takahashi, T",,,A multiple robot system for cooperative object transportation with various requirements on task performing,"ICRA '99: IEEE INTERNATIONAL CONFERENCE ON ROBOTICS AND AUTOMATION, VOLS 1-4, PROCEEDINGS",,,,,International Conference on Robotics and Automation (ICRA '99),"MAY 10-15, 1999","DETROIT, MI","IEEE, Robot & Automat Soc",,,,,,,,,,,,,,,,,,,,,,,,,0-7803-5180-0; 0-7803-5181-9,,,,1999,,,,,,,1226,1233,,,,,,,,,,,,,,,,WOS:000081625700194,View Full Record in Web of Science
J,"MAHADEVAN, S; CONNELL, J",,,,"MAHADEVAN, S; CONNELL, J",,,AUTOMATIC PROGRAMMING OF BEHAVIOR-BASED ROBOTS USING REINFORCEMENT LEARNING,ARTIFICIAL INTELLIGENCE,,,,,,,,,,,,,,,,,,,,,,,,,,,,,,,0004-3702,,,,,JUN,1992,55,2-3,,,,,311,365,,10.1016/0004-3702(92)90058-6,http://dx.doi.org/10.1016/0004-3702(92)90058-6,,,,,,,,,,,,,WOS:A1992JA78000004,View Full Record in Web of Science
C,"Nakauchi, Y; Mori, Y",,,IEEE,"Nakauchi, Y; Mori, Y",,,Emergent behavior based sensor fusion for robot navigation system,MF '96 - 1996 IEEE/SICE/RSJ INTERNATIONAL CONFERENCE ON MULTISENSOR FUSION AND INTEGRATION FOR INTELLIGENT SYSTEMS,,,,,1996 IEEE/SICE/RSJ International Conference on Multisensor Fusion and Integration for Intelligent Systems,"DEC 08-11, 1996","WASHINGTON, DC","IEEE Ind Electr Soc,IEEE Robot & Automat Soc,Soc Instrument & Control Engineers,Robot Soc Japan",,,,,,,,,"Nakauchi, Yasushi/HLX-1957-2023",,,,,,,,,,,,,,,,0-7803-3700-X,,,,1996,,,,,,,525,532,,10.1109/MFI.1996.572226,http://dx.doi.org/10.1109/MFI.1996.572226,,,,,,,,,,,,,WOS:A1996BG88Y00070,View Full Record in Web of Science
J,"Islam, M; Murase, K",,,,"Islam, M; Murase, K",,,Chaotic dynamics of a behavior-based miniature mobile robot: effects of environment and control structure,NEURAL NETWORKS,,,,,,,,,,,,,,,,,"Murase, Kazuyuki/O-4881-2014","Murase, Kazuyuki/0000-0002-2358-995X",,,,,,,,,,,,,0893-6080,1879-2782,,,,MAR,2005,18,2,,,,,123,144,,10.1016/j.neunet.2004.09.002,http://dx.doi.org/10.1016/j.neunet.2004.09.002,,,,,,,,15795111,,,,,WOS:000228440100003,View Full Record in Web of Science
C,"Duan, Y; Xu, XH",,,IEEE,"Duan, Y; Xu, XH",,,Fuzzy reinforcement learning and its application in robot navigation,"Proceedings of 2005 International Conference on Machine Learning and Cybernetics, Vols 1-9",,,,,4th International Conference on Machine Learning and Cybernetics,"AUG 18-21, 2005","Canton, PEOPLES R CHINA","IEEE Systems, Man & Cybernet TCC,Hong Kong Polytechn Univ,Hebei Univ,S China Univ Technol,Chongqing Univ,Sun Yatsen Univ,Harbin Inst Technol,Int Univ Germany",,,,,,,,,,,,,,,,,,,,,,,,,0-7803-9091-1,,,,2005,,,,,,,899,904,,,,,,,,,,,,,,,,WOS:000235325601044,View Full Record in Web of Science
J,"Kuang, XT; Gibson, M; Shi, BE; Rucci, M",,,,"Kuang, Xutao; Gibson, Mark; Shi, Bertram E.; Rucci, Michele",,,Active Vision During Coordinated Head/Eye Movements in a Humanoid Robot,IEEE TRANSACTIONS ON ROBOTICS,,,,,,,,,,,,,,,,,"Gibson, Mark/KUF-4274-2024; Shi, Bertram/LIC-5933-2024","Rucci, Michele/0000-0002-3066-1964; Shi, Bertram/0000-0001-9167-7495",,,,,,,,,,,,,1552-3098,1941-0468,,,,DEC,2012,28,6,,,,,1423,1430,,10.1109/TRO.2012.2204513,http://dx.doi.org/10.1109/TRO.2012.2204513,,,,,,,,,,,,,WOS:000312104400018,View Full Record in Web of Science
C,"Xia, H; Hirai, T",,"Guo, S; Fukuda, T; Yo, Y; Yu, H",,"Xia, Hong; Hirai, Toshihiro",,,Space Charge Distribution and Mechanical Properties in Plasticized PVC Actuators,"2009 IEEE INTERNATIONAL CONFERENCE ON MECHATRONICS AND AUTOMATION, VOLS 1-7, CONFERENCE PROCEEDINGS",,,,,IEEE International Conference on Mechatronics and Automation,"AUG 09-12, 2009","Changchum, PEOPLES R CHINA","IEEE,IEEE Robot & Automat Soc,Changsha Univ Sci & Technol,Kagawa Univ,Natl Nat Sci Fdn China,Chinese Assoc Automat,Robot Soc Japan,Japan Soc Mech Engn,Japan Soc Precis Engn,Soc Instrument & Control Engineers,Harbin Engn Univ,Univ Elect Commun,Univ Elect Sci & Technol China,Beijing Univ Technol,Jilin Univ,Kagoshima Univ,Harbin Inst Technol,Assoc Young Sci &Technol",,,,,,,,,,,,,,,,,,,,,,,,,978-1-4244-2692-8,,,,2009,,,,,,,164,169,,,,,,,,,,,,,,,,WOS:000280158100030,View Full Record in Web of Science
C,"Yasuda, G",,,IEEE,"Yasuda, Gen'ichi",,,Behavior-based Autonomous Cooperative Control of Intelligent Mobile Robot Systems with Embedded Petri Nets,2014 JOINT 7TH INTERNATIONAL CONFERENCE ON SOFT COMPUTING AND INTELLIGENT SYSTEMS (SCIS) AND 15TH INTERNATIONAL SYMPOSIUM ON ADVANCED INTELLIGENT SYSTEMS (ISIS),Joint International Conference on Soft Computing and Intelligent Systems SCIS and International Symposium on Advanced Intelligent Systems ISIS,,,,Joint 7th International Conference on Soft Computing and Intelligent Systems (SCIS) and 15th International Symposium on Advanced Intelligent Systems (ISIS),"DEC 03-06, 2014","Kitakyushu, JAPAN","Japan Soc Fuzzy Theory & Intelligent informat,Korean Inst Intelligent Syst,Int Fuzzy Syst Assoc,N Amer Fuzzy Informat Proc Soc,IEEE Syst, Man, & Cybernet Soc,IEEE Computat Intelligence Soc,World Federat Soft Comp,IEEE SMC Japan Chapter",,,,,,,,,,,,,,,,,,,,,,,2377-6870,,978-1-4799-5955-6,,,,2014,,,,,,,1085,1090,,,,,,,,,,,,,,,,WOS:000380798000201,View Full Record in Web of Science
C,"Horváth, L; Rudas, IJ",,,IEEE,"Horváth, L; Rudas, IJ",,,"Associativity, adaptivity and behavior aspects in modeling for manufacturing related robot systems","2005 IEEE INTERNATIONAL CONFERENCE ON ROBOTICS AND AUTOMATION (ICRA), VOLS 1-4",IEEE International Conference on Robotics and Automation ICRA,,,,IEEE International Conference on Robotics and Automation (ICRA),"APR 18-22, 2005","Barcelona, SPAIN",IEEE,,,,,,,,,,,,,,,,,,,,,,,1050-4729,2577-087X,0-7803-8914-X,,,,2005,,,,,,,3006,3011,,,,,,,,,,,,,,,,WOS:000235460102101,View Full Record in Web of Science
J,"Lone, MA; Kovács, S; Khanday, OM",,,,"Lone, Mohd Aaqib; Kovacs, Szilveszter; Khanday, Owais Mujtaba",,,Implementation Guidelines for Ethologically Inspired Fuzzy Behaviour-Based S y stems,INFOCOMMUNICATIONS JOURNAL,,,,,,,,,,,,,,,,,,,,,,,,,,,,,,,2061-2079,2061-2125,,,,SEP,2024,16,3,,,,,43,56,,10.36244/ICJ.2024.3.4,http://dx.doi.org/10.36244/ICJ.2024.3.4,,,,,,,,,,,,,WOS:001361422700005,View Full Record in Web of Science
J,"DORIGO, M; SCHNEPF, U",,,,"DORIGO, M; SCHNEPF, U",,,GENETICS-BASED MACHINE LEARNING AND BEHAVIOR-BASED ROBOTICS - A NEW SYNTHESIS,IEEE TRANSACTIONS ON SYSTEMS MAN AND CYBERNETICS,,,,,,,,,,,,,,,,,"Dorigo, Marco/B-5664-2013","Dorigo, Marco/0000-0002-3971-0507",,,,,,,,,,,,,0018-9472,,,,,JAN-FEB,1993,23,1,,,,,141,154,,10.1109/21.214773,http://dx.doi.org/10.1109/21.214773,,,,,,,,,,,,,WOS:A1993LC00900011,View Full Record in Web of Science
C,"Piperidis, S; Tsourveloudis, NC",,,IEEE,"Piperidis, Savas; Tsourveloudis, Nikos C.",,,Biomimetic Behaviour Based Underwater Control,2014 22ND MEDITERRANEAN CONFERENCE ON CONTROL AND AUTOMATION (MED),Mediterranean Conference on Control and Automation,,,,22nd Mediterranean Conference on Control and Automation (MED),"JUN 16-19, 2014","Univ Palermo, Palermo, ITALY",,Univ Palermo,,,,,,,,"Piperidis, Savvas/AAZ-6326-2021","Piperidis, Savvas/0000-0002-3938-9338",,,,,,,,,,,,,2325-369X,,978-1-4799-5901-3,,,,2014,,,,,,,764,772,,,,,,,,,,,,,,,,WOS:000400962700128,View Full Record in Web of Science
J,"Absi, C; Alsinani, N; Lebel, LL",,,,"Absi, Christophe; Alsinani, Nawaf; Lebel, Louis Laberge",,,Carbon fiber reinforced poly(ether ether ketone) rivets for fastening composite structures,COMPOSITE STRUCTURES,,,,,,,,,,,,,,,,,"Lebel, Louis/I-8260-2014",,,,,,,,,,,,,,0263-8223,1879-1085,,,,JAN 15,2022,280,,,,,,,,114877,10.1016/j.compstruct.2021.114877,http://dx.doi.org/10.1016/j.compstruct.2021.114877,,NOV 2021,,,,,,,,,,,WOS:000718807600001,View Full Record in Web of Science
C,"Myagmarbayar, N; Yuki, Y; Imamoglu, N; Gonzalez, J; Otake, M; Yu, WW",,,IEEE,"Myagmarbayar, Nergui; Yuki, Yoshida; Imamoglu, Nevrez; Gonzalez, Jose; Otake, Mihoko; Yu, Wenwei",,,Human Body Contour Data Based Activity Recognition,2013 35TH ANNUAL INTERNATIONAL CONFERENCE OF THE IEEE ENGINEERING IN MEDICINE AND BIOLOGY SOCIETY (EMBC),IEEE Engineering in Medicine and Biology Society Conference Proceedings,,,,35th Annual International Conference of the IEEE-Engineering-in-Medicine-and-Biology-Society (EMBC),"JUL 03-07, 2013","Osaka, JAPAN","IEEE Engn Med Biol Soc,Japanese Soc Med & Biol Engn",,,,,,,,,"İmamoğlu, Nevrez/AAC-4082-2019; Yu, Wenwei/AAI-1296-2019; Gonzalez, Jose/M-2629-2014; Imamoglu, Nevrez/B-1746-2017; Otake-Matsuura, Mihoko/N-4686-2017","Gonzalez, Jose/0000-0002-3448-7393; Imamoglu, Nevrez/0000-0002-2661-599X; Otake-Matsuura, Mihoko/0000-0003-3644-276X",,,,,,,,,,,,,1557-170X,,978-1-4577-0216-7,,,,2013,,,,,,,5634,5637,,,,,,,,,,,24111015,,,,,WOS:000341702106011,View Full Record in Web of Science
J,"Ordaz-Rivas, E; Rodriguez-Liñan, A; Torres-Treviño, L",,,,"Ordaz-Rivas, Erick; Rodriguez-Linan, Angel; Torres-Trevino, Luis",,,Flock of Robots with Self-Cooperation for Prey-Predator Task,JOURNAL OF INTELLIGENT & ROBOTIC SYSTEMS,,,,,,,,,,,,,,,,,"Rodriguez-Liñan, Angel/AAE-7880-2019","Ordaz-Rivas, Erick/0000-0002-4728-7833; Rodriguez-Linan, Angel/0000-0002-0204-4424",,,,,,,,,,,,,0921-0296,1573-0409,,,,FEB 2,2021,101,2,,,,,,,39,10.1007/s10846-020-01283-0,http://dx.doi.org/10.1007/s10846-020-01283-0,,,,,,,,,,,,,WOS:000616623800003,View Full Record in Web of Science
B,"Li, H; Yang, SX",,"DeSilva, CW",,"Li, H.; Yang, S. X.",,,Robotic Application of Mechatronics,"MECHATRONIC SYSTEMS: DEVICES, DESIGN, CONTROL, OPERATION AND MONITORING",Mechanical Engineering Series of Textbook and Reference Books,,,,,,,,,,,,,,,,"Yang, Simon X./A-4399-2008","Yang, Simon X./0000-0002-6888-7993",,,,,,,,,,,,,,,978-0-8493-0775-1,,,,2008,,,,,,,,,,,,,,,,,,,,,,,,WOS:000267376200002,View Full Record in Web of Science
J,"Sequeira, J; Ribeiro, MI",,,,"Sequeira, J; Ribeiro, MI",,,Behaviour-based cooperation between two mobile manipulators,INTEGRATED COMPUTER-AIDED ENGINEERING,,,,,,,,,,,,,,,,,"Sequeira, Joao/F-9728-2010; Ribeiro, Isabel/A-8066-2009","Sequeira, Joao/0000-0002-6706-5365; Ribeiro, Isabel/0000-0001-6083-0290",,,,,,,,,,,,,1069-2509,1875-8835,,,,,2000,7,3,,,,,193,215,,,,,,,,,,,,,,,,WOS:000089743800002,View Full Record in Web of Science
C,"Li, ML; Cai, ZX; Yi, XD; Wang, ZY; Wang, YZ; Zhang, YJ; Yang, XJ",,"Booth, R; Zhang, ML",,"Li, Minglong; Cai, Zhongxuan; Yi, Xiaodong; Wang, Zhiyuan; Wang, Yanzhen; Zhang, Yongjun; Yang, Xuejun",,,ALLIANCE-ROS: A Software Architecture on ROS for Fault-Tolerant Cooperative Multi-robot Systems,PRICAI 2016: TRENDS IN ARTIFICIAL INTELLIGENCE,Lecture Notes in Computer Science,,,,14th Pacific Rim International Conference on Artificial Intelligence (PRICAI),"AUG 22-26, 2016","Phuket, THAILAND","Artificial Intelligence Journal,AF Off Sci Res,Asian Off Aerosp Res & Dev,Thammasat Univ,Thailand Convent & Exhibit Bur,SERTIS Co Ltd,Def Technol Inst,Prov Elect Author Thailand,Elect Govt Agcy,Franz In,MIMOS Berhad,Springer Publishing",,,,,,,,,"Zhang, Yongjun/M-1094-2013",,,,,,,,,,,,,,0302-9743,1611-3349,978-3-319-42911-3; 978-3-319-42910-6,,,,2016,9810,,,,,,233,242,,10.1007/978-3-319-42911-3_19,http://dx.doi.org/10.1007/978-3-319-42911-3_19,,,,,,,,,,,,,WOS:000389086000019,View Full Record in Web of Science
C,"TAIPALE, T; HIRAI, S",,,IEEE,"TAIPALE, T; HIRAI, S",,,A BEHAVIOR-BASED CONTROL-SYSTEM APPLIED OVER MULTIROBOT SYSTEM,"IROS 93 : PROCEEDINGS OF THE 1993 IEEE/RSJ INTERNATIONAL CONFERENCE ON INTELLIGENT ROBOTS AND SYSTEMS, VOL 1-3",,,,,1993 INTERNATIONAL CONF ON INTELLIGENT ROBOTS AND SYSTEMS : INTELLIGENT ROBOTS FOR FLEXIBILITY ( IROS 93 ),"JUL 26-30, 1993","YOKOHAMA, JAPAN","IEEE, IND ELECTR SOC,IEE, ROBOT & AUTOMAT SOC,ROBOT SOC JAPAN,SOC INSTRUMENT & CONTROL ENGINEERS,NEW TECHNOL FOUNDAT",,,,,,,,,,,,,,,,,,,,,,,,,0-7803-0823-9,,,,1993,,,,,,,1941,1943,,,,,,,,,,,,,,,,WOS:A1993BZ32X00263,View Full Record in Web of Science
C,"Pack, DJ; York, GWP",,,IEEE,"Pack, DJ; York, GWP",,,Developing a control architecture for multiple unmanned aerial vehicles to search and localize RF time-varying mobile targets: Part I,"2005 IEEE INTERNATIONAL CONFERENCE ON ROBOTICS AND AUTOMATION (ICRA), VOLS 1-4",IEEE International Conference on Robotics and Automation ICRA,,,,IEEE International Conference on Robotics and Automation (ICRA),"APR 18-22, 2005","Barcelona, SPAIN",IEEE,,,,,,,,,,,,,,,,,,,,,,,1050-4729,2577-087X,0-7803-8914-X,,,,2005,,,,,,,3954,3959,,,,,,,,,,,,,,,,WOS:000235460103065,View Full Record in Web of Science
C,"Huntsberger, T",,"Schenker, PS; McKee, GT",,"Huntsberger, T",,,Autonomous multirover system for complex planetary surface retrieval operations,SENSOR FUSION AND DECENTRALIZED CONTROL IN AUTONOMOUS ROBOTIC SYSTEMS,PROCEEDINGS OF THE SOCIETY OF PHOTO-OPTICAL INSTRUMENTATION ENGINEERS (SPIE),,,,Conference on Sensor Fusion and Decentralized Control in Autonomous Robotic Systems,"OCT 14-15, 1997","PITTSBURGH, PA","Soc Photo Opt Instrumentat Engineers,NIST,Coalit Intelligent Mfg Syst,Acad Coalit Intelligent Mfg Syst",,,,,,,,,,,,,,,,,,,,,,,,,0-8194-2641-5,,,,1997,3209,,,,,,220,229,,10.1117/12.287641,http://dx.doi.org/10.1117/12.287641,,,,,,,,,,,,,WOS:A1997BJ64V00021,View Full Record in Web of Science
C,"Kim, KJ; Cho, SB; Oh, SR",,,IEEE; IEEE,"Kim, KJ; Cho, SB; Oh, SR",,,Behavior selection architecture for tangible agent,"2003 IEEE INTERNATIONAL SYMPOSIUM ON COMPUTATIONAL INTELLIGENCE IN ROBOTICS AND AUTOMATION, VOLS I-III, PROCEEDINGS",,,,,IEEE International Symposium on Computational Intelligence in Robotics and Automation,"JUL 16-20, 2003","KOBE, JAPAN",IEEE Robot & Automat Soc,,,,,,,,,,"OH, SANG ROK/0000-0002-1102-031X; Kim, Kyung Joong/0000-0002-7732-0817",,,,,,,,,,,,,,,0-7803-7866-0,,,,2003,,,,,,,175,180,,,,,,,,,,,,,,,,WOS:000185096600032,View Full Record in Web of Science
C,"SOWMYA, A",,"Fleming, PJ; Jones, DI",,"SOWMYA, A",,,A REAL-TIME REACTIVE MODEL OF CONTROL OF AN AUTONOMOUS MOBILE ROBOT,ALGORITHMS AND ARCHITECTURES FOR REAL-TIME CONTROL,IFAC WORKSHOP SERIES,,,,WORKSHOP ON ALGORITHMS AND ARCHITECTURE FOR REAL-TIME CONTROL,"SEP 11-13, 1991","BANGOR, WALES","INT FEDERAT AUTOMAT CONTROL,INST ELECT ENGINEERS,INST MEASUREMENT & CONTROL,IEEE, UK & RI SECT,UK SCI & ENGN RES COUNCIL, DEPT TRADE & IND TRANSPUTER INITIATIVE",,,,,,,,,,,,,,,,,,,,,,,,,0-08-041699-3,,,,1992,1992,,,,,,63,68,,,,,,,,,,,,,,,,WOS:A1992BX16G00010,View Full Record in Web of Science
C,"Marey, M; Chaumette, F",,"Arioui, H; Merzouki, R; Abbassi, HA",,"Marey, Mohammed; Chaumette, Francois",,,A behavior-based visual servoing control law,INTELLIGENT SYSTEMS AND AUTOMATION,AIP Conference Proceedings,,,,1st Mediterranean Conference on Intelligent Systems and Automation (CISA 2008),"JUN 30-JUL 02, 2008","Annaba, ALGERIA","Univ Evry,Natl Agcy Res Univ,Univ Annaba,CNRS,Foreign France Minist",,,,,,,,,"Francois, Chaumette/AAH-1481-2021","Chaumette, Francois/0000-0002-1238-4385",,,,,,,,,,,,,0094-243X,,978-0-7354-0540-0,,,,2008,1019,,,,,,427,432,,,,,,,,,,,,,,,,WOS:000257193900069,View Full Record in Web of Science
J,"Wang, M; Liu, JNK",,,,"Wang, Meng; Liu, James N. K.",,,Fuzzy logic-based real-time robot navigation in unknown environment,ROBOTICS AND AUTONOMOUS SYSTEMS,,,,,,,,,,,,,,,,,,,,,,,,,,,,,,,0921-8890,1872-793X,,,,JUL 31,2008,56,7,,,,,625,643,,10.1016/j.robot.2007.10.002,http://dx.doi.org/10.1016/j.robot.2007.10.002,,,,,,,,,,,,,WOS:000258082800007,View Full Record in Web of Science
J,"Yi, L; Le, AV; Ramalingam, B; Hayat, AA; Elara, MR; Minh, THQ; Gómez, BF; Wen, LK",,,,"Yi, Lim; Le, Anh Vu; Ramalingam, Balakrishnan; Hayat, Abdullah Aamir; Elara, Mohan Rajesh; Minh, Tran Hoang Quang; Gomez, Braulio Felix; Wen, Lum Kai",,,Locomotion with Pedestrian Aware from Perception Sensor by Pavement Sweeping Reconfigurable Robot,SENSORS,,,,,,,,,,,,,,,,,"Le, Anh/G-2886-2019; Hayat, Abdullah/AAS-6261-2020; Ramalingam, Balakrishnan/L-1383-2019; Lim, Yi/IUO-8610-2023; Tran, Minh/F-4275-2019; MOHAN, RAJESH ELARA/K-9199-2018","Hayat, Abdullah Aamir/0000-0001-6141-4600; Yi, Lim/0000-0003-2997-6667; Tran, Minh/0000-0002-2956-6206; MOHAN, RAJESH ELARA/0000-0001-6504-1530; Anh Vu, Le/0000-0002-4804-7540",,,,,,,,,,,,,,1424-8220,,,,MAR,2021,21,5,,,,,,,1745,10.3390/s21051745,http://dx.doi.org/10.3390/s21051745,,,,,,,,33802434,,,,,WOS:000628547500001,View Full Record in Web of Science
C,"MAHADEVAN, S; CONNELL, J",,,AAAI PRESS,"MAHADEVAN, S; CONNELL, J",,,AUTOMATIC PROGRAMMING OF BEHAVIOR-BASED ROBOTS USING REINFORCEMENT LEARNING,"PROCEEDINGS : NINTH NATIONAL CONFERENCE ON ARTIFICIAL INTELLIGENCE, VOLS 1 AND 2",,,,,9TH NATIONAL CONF ON ARTIFICIAL INTELLIGENCE ( AAAI-91 ),"JUL 14-19, 1991","ANAHEIM, CA",AMER ASSOC ARTIFICIAL INTELLIGENCE,,,,,,,,,,,,,,,,,,,,,,,,,0-262-51059-6,,,,1991,,,,,,,768,773,,,,,,,,,,,,,,,,WOS:A1991BU53G00118,View Full Record in Web of Science
C,"Gu, J; Meng, M; Cook, A; Liu, PX",,,TU; TU,"Gu, J; Meng, M; Cook, A; Liu, PX",,,Sensor fusion in mobile robot: Some perspectives,"PROCEEDINGS OF THE 4TH WORLD CONGRESS ON INTELLIGENT CONTROL AND AUTOMATION, VOLS 1-4",,,,,4th World Congress on Intelligent Control and Automation,"JUN 10-14, 2002","SHANGHAI, PEOPLES R CHINA","Tongji Univ,Shanghai Jiaotong Univ,E China Univ Sci & Technol,IEEE Robot & Automat Soc,IEEE Control Syst Soc, Beijing Chapter,Chinese Assoc Automat,Shanghai Assoc Automat",,,,,,,,,"Meng, Max/C-8078-2009; Liu, Peter Xiaoping/E-5684-2014","Gu, Jason Jianjun/0000-0002-7626-1077; Liu, Peter Xiaoping/0000-0002-8703-6967",,,,,,,,,,,,,,,0-7803-7268-9,,,,2002,,,,,,,1194,1199,,,,,,,,,,,,,,,,WOS:000179017500255,View Full Record in Web of Science
C,"Kiryazov, K; Petkov, G; Grinberg, M; Kokinov, B; Balkenius, C",,"Butz, MV; Sigaud, O; Pezzulo, G; Baldassarre, G",,"Kiryazov, Kiril; Petkov, Georgi; Grinberg, Maurice; Kokinov, Boicho; Balkenius, Christian",,,The interplay of analogy-making with active vision and motor control in anticipatory robots,ANTICIPATORY BEHAVIOR IN ADAPTIVE LEARNING SYSTEMS: FROM BRAINS TO INDIVIDUAL AND SOCIAL BEHAVIOR,Lecture Notes in Artificial Intelligence,,,,3rd Workshop on Anticipatory Behavior in Adaptive Learning Systems held at the 9th International Conference on Simulation of Adaptive Behavior,"SEP 30, 2006","Rome, ITALY","EU Funded Projects,ICEA",,,,,,,,,"Grinberg, Maurice/AAI-6230-2020; Petkov, Georgi/Y-4036-2018; Balkenius, Christian/V-6456-2019","Grinberg, Maurice/0000-0002-9208-519X; Balkenius, Christian/0000-0002-1478-6329; Petkov, Georgi/0000-0003-4359-6994",,,,,,,,,,,,,0302-9743,1611-3349,978-3-540-74261-6,,,,2007,4520,,,,,,233,+,,,,,,,,,,,,,,,,WOS:000251314600013,View Full Record in Web of Science
J,"Li, ZY; Yuan, F; Zhao, ZZ",,,,"Li, Zhiyong; Yuan, Feng; Zhao, Zhenzhong",,,Robot restaurant experience and recommendation behaviour: based on text-mining and sentiment analysis from online reviews,CURRENT ISSUES IN TOURISM,,,,,,,,,,,,,,,,,"Zhao, Zhenzhong/LXW-6387-2024","Zhao, Zhenzhong/0000-0002-4713-6357",,,,,,,,,,,,,1368-3500,1747-7603,,,,FEB 1,2025,28,3,,,,,461,475,,10.1080/13683500.2024.2309140,http://dx.doi.org/10.1080/13683500.2024.2309140,,JAN 2024,,,,,,,,,,,WOS:001153318200001,View Full Record in Web of Science
C,"Yeon, ASA; Kamarudin, K; Visvanathan, R; Zakaria, SMMS; Zakaria, A; Kamarudin, LM",,,IOP,"Yeon, Ahmad Shakaff Ali; Kamarudin, Kamarulzaman; Visvanathan, Retnam; Zakaria, Syed Muhammad Mamduh Syed; Zakaria, Ammar; Kamarudin, Latifah Munirah",,,Gas Source Localization via Behaviour Based Mobile Robot and Weighted Arithmetic Mean,MALAYSIAN TECHNICAL UNIVERSITIES CONFERENCE ON ENGINEERING AND TECHNOLOGY 2017 (MUCET 2017),IOP Conference Series-Materials Science and Engineering,,,,Malaysian Technical Universities Conference on Engineering and Technology (MUCET),"DEC 06-07, 2017","Penang, MALAYSIA",,,,,,,,,,"Zakaria, Syed/AAY-1214-2020; Kamarudin, Latifah Munirah/G-8267-2016; Syed Zakaria, Syed Muhammad Mamduh/G-1057-2015; Zakaria, Ammar/D-2902-2015","Kamarudin, Latifah Munirah/0000-0002-2547-3934; Bin Ali Yeon, Ahmad Shakaff/0009-0003-2899-2726; Syed Zakaria, Syed Muhammad Mamduh/0000-0003-3557-2204; Zakaria, Ammar/0000-0002-7108-215X; KAMARUDIN, KAMARULZAMAN/0000-0001-7764-0821",,,,,,,,,,,,,1757-8981,,,,,,2018,318,,,,,,,,12049,10.1088/1757-899X/318/1/012049,http://dx.doi.org/10.1088/1757-899X/318/1/012049,,,,,,,,,,,,,WOS:000451973000049,View Full Record in Web of Science
C,"Simonin, É; Diard, J",,,IEEE,"Simonin, Eva; Diard, Julien",,,BBPRM: A Behavior-Based Probabilistic Roadmap Method,"2008 IEEE INTERNATIONAL CONFERENCE ON SYSTEMS, MAN AND CYBERNETICS (SMC), VOLS 1-6",IEEE International Conference on Systems Man and Cybernetics Conference Proceedings,,,,"IEEE International Conference on System, Man, and Cybernetic","OCT 12-15, 2008","Singapore, SINGAPORE",IEEE,,,,,,,,,,"Diard, Julien/0000-0003-0673-477X",,,,,,,,,,,,,1062-922X,,978-1-4244-2383-5,,,,2008,,,,,,,1718,+,,,,,,,,,,,,,,,,WOS:000269197300296,View Full Record in Web of Science
C,"Han, ZF; Zhao, J",,"Tran, D; Zhou, SM",,"Han, Zhenfeng; Zhao, Jie",,,Development of a Low-cost High-fidelity Simulator for Search and Rescue Robot,"2009 WRI WORLD CONGRESS ON SOFTWARE ENGINEERING, VOL 3, PROCEEDINGS",,,,,World Congress on Software Engineering,"MAY 19-21, 2009","Xiamen, PEOPLES R CHINA",World Res Inst,,,,,,,,,,,,,,,,,,,,,,,,,978-0-7695-3570-8,,,,2009,,,,,,,217,221,,10.1109/WCSE.2009.71,http://dx.doi.org/10.1109/WCSE.2009.71,,,,,,,,,,,,,WOS:000278560800043,View Full Record in Web of Science
C,"Martínez, Y; Naredo, E; Trujillo, L; Galván-López, E",,,IEEE,"Martinez, Yuliana; Naredo, Enrique; Trujillo, Leonardo; Galvan-Lopez, Edgar",,,Searching for Novel Regression Functions,2013 IEEE CONGRESS ON EVOLUTIONARY COMPUTATION (CEC),,,,,IEEE Congress on Evolutionary Computation,"JUN 20-23, 2013","Cancun, MEXICO","IEEE,IEEE Computat Intelligence Soc",,,,,,,,,"Galvan, Edgar/AAW-7159-2020; Naredo, Enrique/GWU-7665-2022; Trujillo, Leonardo/L-2939-2017","Naredo, Enrique/0000-0001-9818-911X; Galvan, Edgar/0000-0001-8474-5234; Trujillo, Leonardo/0000-0003-1812-5736",,,,,,,,,,,,,,,978-1-4799-0454-9; 978-1-4799-0453-2,,,,2013,,,,,,,16,23,,,,,,,,,,,,,,,,WOS:000326235300003,View Full Record in Web of Science
C,"Jayasiri, A; Mann, GKI; Gosine, RG",,,IEEE,"Jayasiri, Awantha; Mann, George K. I.; Gosine, Raymond G.",,,Tightly-coupled Multi Robot Coordination using Decentralized Supervisory Control of Fuzzy Discrete Event Systems,2011 IEEE INTERNATIONAL CONFERENCE ON ROBOTICS AND AUTOMATION (ICRA),IEEE International Conference on Robotics and Automation ICRA,,,,IEEE International Conference on Robotics and Automation (ICRA),"MAY 09-13, 2011","Shanghai, PEOPLES R CHINA","IEEE,Robot & Automat Soc,Minist Educ China,Minist Sci & Technol China,Natl Nat Sci Fdn China,Sci & Technol Commiss Shanghai Municipal,Shanghai Jiao Tong Univ, State Key Lab Mech Syst & Vibrat,Huazhong Univ Sci & Technol, State Key Lab Digital Mfg Equipment & Technol,Harbin Inst Technol, State Key Lab Robot & Syst,Zhejiang Univ, Inst Cyber-Syst & Control,Chinese Acad Sci, Shenyang Inst Automat,Beihang Univ, Robotics Inst,Beijing Res Inst Automat Machinery Ind,Tianjin Univ, Sch Mech Engn,ABB,YASKAWA Elect,KUKA,Willow Garage,Googol Tech.,Adept Mobile Robots,Harbin Boshi Automat,Natl Instruments,Beijing Universal Pioneering Technol,Real-Time Control & Instrumentat Lab, GE Global Res,ALDEBARAN Robot,Int Federat Robot (IFR),Shanghai Jiao Tong Univ",,,,,,,,,"Mann, George/AAW-9312-2021",,,,,,,,,,,,,,1050-4729,2577-087X,978-1-61284-385-8,,,,2011,,,,,,,,,,,,,,,,,,,,,,,,WOS:000324383402096,View Full Record in Web of Science
C,"Elinas, P; Little, JJ",,,IEEE,"Elinas, Pantelis; Little, James J.",,,Decision theoretic task coordination for a visually-guided interactive mobile robot,"2007 IEEE/RSJ INTERNATIONAL CONFERENCE ON INTELLIGENT ROBOTS AND SYSTEMS, VOLS 1-9",,,,,IEEE/RSJ International Conference on Intelligent Robots and Systems,"OCT 29-NOV 02, 2007","San Diego, CA","IEEE,RSJ",,,,,,,,,"Elinas, Pantelis/GPK-7403-2022","Elinas, Pantelis/0000-0003-2175-8518",,,,,,,,,,,,,,,978-1-4244-0912-9,,,,2007,,,,,,,4114,4120,,,,,,,,,,,,,,,,WOS:000254073202196,View Full Record in Web of Science
C,"Hwang, KS; Chen, YJ; Wu, CJ; Wu, CS",,,IEEE,"Hwang, Kao-Shing; Chen, Yu-Jen; Wu, Chun-Ju; Wu, Cheng-Shong",,,Behavioral-Fusion Control Based on Reinforcement Learning,"2009 IEEE INTERNATIONAL CONFERENCE ON SYSTEMS, MAN AND CYBERNETICS (SMC 2009), VOLS 1-9",IEEE International Conference on Systems Man and Cybernetics Conference Proceedings,,,,"IEEE International Conference on Systems, Man and Cybernetics","OCT 11-14, 2009","San Antonio, TX",IEEE,,,,,,,,,"Hwang, Kao-Shing/AAD-2644-2020","Hwang, Kao-Shing/0000-0001-9234-4836",,,,,,,,,,,,,1062-922X,,978-1-4244-2793-2,,,,2009,,,,,,,401,406,,10.1109/ICSMC.2009.5346179,http://dx.doi.org/10.1109/ICSMC.2009.5346179,,,,,,,,,,,,,WOS:000279574600069,View Full Record in Web of Science
J,"Selekwa, MF; Dunlap, DD; Shi, D; Collins, EG",,,,"Selekwa, Majura F.; Dunlap, Darnion D.; Shi, Dongqing; Collins, Emmanuel G., Jr.",,,Robot navigation in very cluttered environments by preference-based fuzzy behaviors,ROBOTICS AND AUTONOMOUS SYSTEMS,,,,,,,,,,,,,,,,,"Shi, Dongqing/AAG-7560-2019; Collins, Frank/A-7444-2012","Dunlap, Damion/0000-0002-2339-0078",,,,,,,,,,,,,0921-8890,1872-793X,,,,MAR 31,2008,56,3,,,,,231,246,,10.1016/j.robot.2007.07.006,http://dx.doi.org/10.1016/j.robot.2007.07.006,,,,,,,,,,,,,WOS:000254444100003,View Full Record in Web of Science
C,"Yannier, S; Sabanovic, A; Onat, A; Bastan, M",,"Ardil, C",,"Yannier, Selim; Sabanovic, Asif; Onat, Ahmet; Bastan, Muhammet",,,Sliding Mode Based Behavior Control,"PROCEEDINGS OF WORLD ACADEMY OF SCIENCE, ENGINEERING AND TECHNOLOGY, VOL 3",Proceedings of World Academy of Science Engineering and Technology,,,,Conference of the World-Academy-of-Science-Engineering-and-Technology,"JAN 26-28, 2005","Paris, FRANCE",,,,,,,,,,"Asif, Sabanovic/N-7789-2013",,,,,,,,,,,,,,1307-6884,,,,,,2005,3,,,,,,118,121,,,,,,,,,,,,,,,,WOS:000259989100029,View Full Record in Web of Science
J,"Maroto-Gómez, M; Alonso-Martín, F; Malfaz, M; Castro-González, A; Castillo, JC; Salichs, MA",,,,"Maroto-Gomez, Marcos; Alonso-Martin, Fernando; Malfaz, Maria; Castro-Gonzalez, Alvaro; Castillo, Jose Carlos; Salichs, Miguel Angel",,,A Systematic Literature Review of Decision-Making and Control Systems for Autonomous and Social Robots,INTERNATIONAL JOURNAL OF SOCIAL ROBOTICS,,,,,,,,,,,,,,,,,"Castillo, José Carlos/ABC-2793-2021; Maroto-Gómez, Marcos/GYA-2223-2022; Martín, Fernando/B-7185-2013","CASTRO GONZALEZ, Alvaro/0000-0002-5189-0002; CASTILLO MONTOYA, JOSE CARLOS/0000-0003-0454-9466; Maroto Gomez, Marcos/0000-0001-9576-1731; MALFAZ, MARIA/0000-0003-2317-3329",,,,,,,,,,,,,1875-4791,1875-4805,,,,MAY,2023,15,5,,,,,745,789,,10.1007/s12369-023-00977-3,http://dx.doi.org/10.1007/s12369-023-00977-3,,MAR 2023,,,,,,,,,,,WOS:000956797300001,View Full Record in Web of Science
C,"Chen, SK; Arkin, RC",,,IEEE,"Chen, Shengkang; Arkin, Ronald C.",,,Counter-Misdirection in Behavior-based Multi-robot Teams,2021 IEEE INTERNATIONAL CONFERENCE ON INTELLIGENCE AND SAFETY FOR ROBOTICS (ISR),,,,,2nd IEEE International Conference on Intelligence and Safety for Robotics (IEEE-ISR),"MAR 04-06, 2021",ELECTR NETWORK,"IEEE,IEEE Robot & Automat Soc,Nagoya Univ",,,,,,,,,,,,,,,,,,,,,,,,,978-1-6654-3862-9,,,,2021,,,,,,,268,275,,10.1109/ISR50024.2021.9419536,http://dx.doi.org/10.1109/ISR50024.2021.9419536,,,,,,,,,,,,,WOS:000678996900059,View Full Record in Web of Science
C,"Mo, ZB; Liu, WQ; Wu, YY; Sun, HJ",,,IEEE,"Mo, Zhibin; Liu, Wanquan; Wu, Yu-Yao; Sun, Hui-Jie",,,Fully Actuated Behavioral Control for Multiple Omnidirectional Mobile Robots System with Uncertain Dynamics,"2024 3RD CONFERENCE ON FULLY ACTUATED SYSTEM THEORY AND APPLICATIONS, FASTA 2024",,,,,3rd Conference on Fully Actuated System Theory and Applications (FASTA),"MAY 10-12, 2024","So Univ Sci & Technol, Sch Syst Design & Intelligent Mfg, Shenzhen, PEOPLES R CHINA","Shenzhen Key Lab Control Theory & Intelligent Syst,Guangdong Prov Key Lab Fully Actuated Syst Control Theory & Technol,Natl Key Lab Complex Syst Control & Intelligent Agent Cooperat,Chinese Assoc Automat, Tech Comm Fully Actuated Theory & Applicat,IEEE Ind Elect Soc,IEEE Guangzhou Sect,Harbin Inst Technol,Tsinghua Shenzhen Int Grad Sch,Shenzhen Univ,Sun Yat Sen Univ","So Univ Sci & Technol, Sch Syst Design & Intelligent Mfg",,,,,,,,"Sun, Hui-Jie/AGX-9512-2022; Wu, Yu-Yao/KQT-8726-2024",,,,,,,,,,,,,,,,979-8-3503-7370-7; 979-8-3503-7369-1,,,,2024,,,,,,,189,194,,10.1109/FASTA61401.2024.10595242,http://dx.doi.org/10.1109/FASTA61401.2024.10595242,,,,,,,,,,,,,WOS:001295191500032,View Full Record in Web of Science
C,"Li, H; Fu, YL; Xu, H; Ma, YL",,,IEEE,"Li, Han; Fu, Yili; Xu, He; Ma, Yulin",,,Avoiding static and dynamic objects in navigation,"2006 IEEE/RSJ INTERNATIONAL CONFERENCE ON INTELLIGENT ROBOTS AND SYSTEMS, VOLS 1-12",,,,,IEEE/RSJ International Conference on Intelligent Robots and Systems,"OCT 09-13, 2006","Beijing, PEOPLES R CHINA","IEEE,RSJ",,,,,,,,,"Ma, Yulin/GRO-5114-2022; Fu, Yili/HKO-8139-2023",,,,,,,,,,,,,,,,978-1-4244-0258-8,,,,2006,,,,,,,639,+,,10.1109/IROS.2006.282547,http://dx.doi.org/10.1109/IROS.2006.282547,,,,,,,,,,,,,WOS:000245452400105,View Full Record in Web of Science
J,"Li, J; Tan, Y",,,,"Li, Jie; Tan, Ying",,,A probabilistic finite state machine based strategy for multi-target search using swarm robotics,APPLIED SOFT COMPUTING,,,,,,,,,,,,,,,,,"TAN, YING/AAT-4671-2020; Li, jie/GXG-4583-2022","Tan, Ying/0000-0001-8243-4731",,,,,,,,,,,,,1568-4946,1872-9681,,,,APR,2019,77,,,,,,467,483,,10.1016/j.asoc.2019.01.023,http://dx.doi.org/10.1016/j.asoc.2019.01.023,,,,,,,,,,,,,WOS:000462042200035,View Full Record in Web of Science
C,"Yang, GY",,,,Yang Guangying,,,Study of Robot Soccer Decision-Making System with Two-layer,"PROCEEDINGS OF THE SECOND INTERNATIONAL SYMPOSIUM ON TEST AUTOMATION & INSTRUMENTATION, VOLS 1-2",,,,,2nd International Symposium on Test Automation and Instrumentation,"NOV 17-21, 2008","Beijing, PEOPLES R CHINA","China Instrumentat & Control Soc,Natl Nat Sci Fdn China,Silicon Valley Sci & Technol Assoc,CIS Measurement & Instrument Comm,Beijing Informat Sci & Technol Univ,Journal Elect Measurement & Instrument",,,,,,,,,,,,,,,,,,,,,,,,,978-7-5062-9220-7,,,,2008,,,,,,,172,176,,,,,,,,,,,,,,,,WOS:000262356100046,View Full Record in Web of Science
C,"Selekwa, MF; Dunlap, DD; Collins, EG",,,IEEE,"Selekwa, MF; Dunlap, DD; Collins, EG",,,Implementation of multi-valued fuzzy behavior control for robot navigation in cluttered environments,"2005 IEEE INTERNATIONAL CONFERENCE ON ROBOTICS AND AUTOMATION (ICRA), VOLS 1-4",IEEE International Conference on Robotics and Automation ICRA,,,,IEEE International Conference on Robotics and Automation (ICRA),"APR 18-22, 2005","Barcelona, SPAIN",IEEE,,,,,,,,,"Collins, Frank/A-7444-2012","Dunlap, Damion/0000-0002-2339-0078",,,,,,,,,,,,,1050-4729,2577-087X,0-7803-8914-X,,,,2005,,,,,,,3688,3695,,,,,,,,,,,,,,,,WOS:000235460103022,View Full Record in Web of Science
C,"INAGAKI, Y; SUGIE, H; AISU, H; ONO, S; UNEMI, T",,,IEEE,"INAGAKI, Y; SUGIE, H; AISU, H; ONO, S; UNEMI, T",,,BEHAVIOR-BASED INTENTION INFERENCE FOR INTELLIGENT ROBOTS COOPERATING WITH HUMAN,"PROCEEDINGS OF 1995 IEEE INTERNATIONAL CONFERENCE ON FUZZY SYSTEMS, VOLS I-IV",,,,,4th IEEE International Conference on Fuzzy Systems/2nd International Fuzzy Engineering Symposium (FUZZY-IEEE/IFES 95),"MAR 20-24, 1995","YOKOHAMA, JAPAN","IEEE, Neural Networks Council, Lab Int Fuzzy Engn Res,Japan Soc Fuzzy Theory & Syst,Japan Informat Proc Dev Ctr",,,,,,,,,,,,,,,,,,,,,,,,,0-7803-2462-5,,,,1995,,,,,,,1695,1700,,,,,,,,,,,,,,,,WOS:A1995BD22M00238,View Full Record in Web of Science
J,"Noori, FM; Uddin, MZ; Torresen, J",,,,"Noori, Farzan M.; Uddin, Md Zia; Torresen, Jim",,,Ultra-Wideband Radar-Based Activity Recognition Using Deep Learning,IEEE ACCESS,,,,,,,,,,,,,,,,,"Uddin, Zia/AAC-1309-2020; Noori, Farzan/CAE-6023-2022; Noori, Farzan Majeed/M-9609-2017","Noori, Farzan Majeed/0000-0003-2256-3835; Uddin, Md Zia/0000-0002-5215-1834",,,,,,,,,,,,,2169-3536,,,,,,2021,9,,,,,,138132,138143,,10.1109/ACCESS.2021.3117667,http://dx.doi.org/10.1109/ACCESS.2021.3117667,,,,,,,,,,,,,WOS:000706819600001,View Full Record in Web of Science
C,"Huntsberger, T",,"Schenker, PS; McKee, GT",,"Huntsberger, T",,,Fault tolerant action selection for planetary rover control,SENSOR FUSION AND DECENTRALIZED CONTROL IN ROBOTIC SYSTEMS,PROCEEDINGS OF THE SOCIETY OF PHOTO-OPTICAL INSTRUMENTATION ENGINEERS (SPIE),,,,Conference on Sensor Fusion amd Decentralized Control in Robotic Systems,"NOV 02-03, 1998","BOSTON, MA",SPIE Int Soc Opt Engn,,,,,,,,,,,,,,,,,,,,,,,0277-786X,,0-8194-2984-8,,,,1998,3523,,,,,,150,156,,10.1117/12.326996,http://dx.doi.org/10.1117/12.326996,,,,,,,,,,,,,WOS:000077158300016,View Full Record in Web of Science
S,"Zhu, AM; Yang, SX; Wang, FJ; Mittal, GS",,"Wang, J; Liao, X; Yi, Z",,"Zhu, AM; Yang, SX; Wang, FJ; Mittal, GS",,,A neuro-fuzzy controller for reactive navigation of a behaviour-based mobile robot,"ADVANCES IN NEURAL NETWORKS - ISNN 2005, PT 3, PROCEEDINGS",Lecture Notes in Computer Science,,,,2nd International Symposium on Neural Networks,"MAY 30-JUN 01, 2005","Chongqing, PEOPLES R CHINA","Chongqing Univ,SW Normal Univ,Chongqing Univ, Posts & Telecommun,SW Agr Univ,Chongqing Educ Coll,Chinese Univ Hong Kong,Asia Pacific Neural Network Assembly,European Neural Network Soc,IEEE Circuits & Syst Soc,IEEE Computat Intelligence Soc,Natl Nat Sci Fdn China,K C Wong Educ Fdn Hong Kong",,,,,,,,,"Yang, Simon X./A-4399-2008","Yang, Simon X./0000-0002-6888-7993",,,,,,,,,,,,,0302-9743,1611-3349,3-540-25914-7,,,,2005,3498,,,,,,259,264,,,,,,,,,,,,,,,,WOS:000230167700041,View Full Record in Web of Science
J,"Ollero, A; Arrue, BC; Ferruz, J; Heredia, G; Cuesta, F; López-Pichaco, F; Nogales, C",,,,"Ollero, A; Arrue, BC; Ferruz, J; Heredia, G; Cuesta, F; López-Pichaco, F; Nogales, C",,,Control and perception components for autonomous vehicle guidance.: Application to the ROMEO vehicles,CONTROL ENGINEERING PRACTICE,,,,,,,,,,,,,,,,,"Cuesta, Federico/AAA-2179-2019; Ollero, Anibal/J-6573-2015; Arrue Ulles, Begona Chiquinquira/O-9525-2015; Ferruz Melero, Joaquin/L-2712-2015; Heredia Benot, Jose Guillermo/U-3360-2018","Arrue Ulles, Begona Chiquinquira/0000-0003-1777-2675; Cuesta Rojo, Federico/0000-0003-0231-3396; Ferruz Melero, Joaquin/0000-0003-2563-9604; Heredia Benot, Jose Guillermo/0000-0003-1571-173X",,,,,,,,,,,,,0967-0661,,,,,OCT,1999,7,10,,,,,1291,1299,,10.1016/S0967-0661(99)00091-X,http://dx.doi.org/10.1016/S0967-0661(99)00091-X,,,,,,,,,,,,,WOS:000083604400010,View Full Record in Web of Science
J,"Sosic, A; Zoubir, AM; Rueckert, E; Peters, J; Koeppl, H",,,,"Sosic, Adrian; Zoubir, Abdelhak M.; Rueckert, Elmar; Peters, Jan; Koeppl, Heinz",,,Inverse Reinforcement Learning via Nonparametric Spatio-Temporal Subgoal Modeling,JOURNAL OF MACHINE LEARNING RESEARCH,,,,,,,,,,,,,,,,,"Zoubir, Abdelhak/IZP-9259-2023; Peters, Jan/D-5068-2009","Rueckert, Elmar/0000-0003-1221-8253; Sosic, Adrian/0000-0003-2845-6635",,,,,,,,,,,,,1532-4435,,,,,,2018,19,,,,,,,,69,,,,,,,,,,,,,,,WOS:000452055300001,View Full Record in Web of Science
C,"Zhang, JX; Pan, HZ",,"Mao, E; Li, XB",,"Zhang, Jin Xue; Pan, Hai Zhu",,,A Task of Miniature Mobile Robot Learning for Obstacle Avoidance through Neural Networks,NEW TRENDS IN MECHATRONICS AND MATERIALS ENGINEERING,Applied Mechanics and Materials,,,,International Conference on Mechatronics and Materials Engineering (ICMME 2011),"DEC 10-12, 2011","Qiqihar, PEOPLES R CHINA","Qiqihar Univ, Sch Mechatron,Inst Elect & Informat Technol",,,,,,,,,"zhang, jinxue/KGM-4608-2024",,,,,,,,,,,,,,1660-9336,,978-3-03785-350-4,,,,2012,151,,,,,,498,+,,10.4028/www.scientific.net/AMM.151.498,http://dx.doi.org/10.4028/www.scientific.net/AMM.151.498,,,,,,,,,,,,,WOS:000306815200102,View Full Record in Web of Science
C,"Wang, DS; Zhang, YS; Si, WJ",,,IEEE,Wang Dongshu; Zhang Yusheng; Si Wenjie,,,Behavior-Based Hierarchical Fuzzy Control for Mobile Robot Navigation in Dynamic Environment,"2011 CHINESE CONTROL AND DECISION CONFERENCE, VOLS 1-6",Chinese Control and Decision Conference,,,,23rd Chinese Control and Decision Conference,"MAY 23-25, 2011","Mianyang, PEOPLES R CHINA","NE Univ,IEEE Ind Elect Chapter,IEEE Harbin Sect Control Syst Soc Chapter,SW Univ Sci & Technol,IEEE Control Syst Soc,Syst Engn Soc China,Chinese Assoc Artificial Intelligence,Chinese Assoc Automat, Tech Comm Control Theory",,,,,,,,,,,,,,,,,,,,,,,1948-9439,,978-1-4244-8736-3,,,,2011,,,,,,,2419,2424,,,,,,,,,,,,,,,,WOS:000323234701188,View Full Record in Web of Science
C,"Wolf, P; Deoli, P; Thangellapally, SK; Berns, K",,"Petrovic, I; Menegatti, E; Markovic, I",,"Wolf, Patrick; Deoli, Pankaj; Thangellapally, Satish Kumar; Berns, Karsten",,,Traction Optimization for Robust Navigation in Unstructured Environments Using Deep Neural Networks on the Example of the Off-Road Truck Unimog,"INTELLIGENT AUTONOMOUS SYSTEMS 17, IAS-17",Lecture Notes in Networks and Systems,,,,17th International Conference on Intelligent Autonomous Systems (IAS),"JUN 13-16, 2022","Zagreb, CROATIA",,,,,,,,,,,"Wolf, Patrick/0000-0003-2740-7655",,,,,,,,,,,,,2367-3370,2367-3389,978-3-031-22215-3; 978-3-031-22216-0,,,,2023,577,,,,,,561,579,,10.1007/978-3-031-22216-0_38,http://dx.doi.org/10.1007/978-3-031-22216-0_38,,,,,,,,,,,,,WOS:000992458200038,View Full Record in Web of Science
C,"Arrichiello, F; Das, J; Heidarsson, H; Pereira, A; Chiaverini, S; Sukhatme, GS",,"Howard, A; Iagnemma, K; Kelly, A",,"Arrichiello, Filippo; Das, Jnaneshwar; Heidarsson, Hordur; Pereira, Arvind; Chiaverini, Stefano; Sukhatme, Gaurav S.",,,Multi-Robot Collaboration with Range-Limited Communication: Experiments with Two Underactuated ASVs,FIELD AND SERVICE ROBOTICS,Springer Tracts in Advanced Robotics,,,,7th International Conference on Field and Service Robotics,"JUL 14-16, 2009","MIT, Cambridge, MA","US Army Res Off,iRobot Corp,US Army TARDEC,US Army ERDC",MIT,,,,,,,,"ARRICHIELLO, Filippo/F-8970-2012","Arrichiello, Filippo/0000-0001-9750-8289; CHIAVERINI, Stefano/0000-0002-7891-0122",,,,,,,,,,,,,1610-7438,,978-3-642-13407-4,,,,2010,62,,,,,,443,+,,,,,,,,,,,,,,,,WOS:000290175900040,View Full Record in Web of Science
C,"Min, HJ",,"Gu, J; Liu, PX",,"Min, Hyeun Jeong",,,Navigation of a mobile robot using behavior network with Bayesian inference,"2005 IEEE INTERNATIONAL CONFERENCE ON MECHATRONICS AND AUTOMATIONS, VOLS 1-4, CONFERENCE PROCEEDINGS",,,,,IEEE International Conference on Mechatronics Automation,"JUL 29-AUG 01, 2005","Niagara Falls, CANADA","IEEE Robot & Automat Soc,Harbin Engn Univ,Kagawa Univ,Univ Elect Sci & Technol China,Robot Soc Japan,Japan Soc Mech Engineers,Japan Soc Precis Engn",,,,,,,,,,,,,,,,,,,,,,,,,0-7803-9044-X,,,,2005,,,,,,,1479,1484,,,,,,,,,,,,,,,,WOS:000238860802064,View Full Record in Web of Science
C,"Zhang, ZG; Gondo, M; Yamashita, N; Yamamoto, A; Higuchi, T",,,IEEE,"Zhang, Zu Guang; Gondo, Masahiko; Yamashita, Norio; Yamamoto, Akio; Higuchi, Toshiro",,,Design and control of a fish-like robot using an electrostatic motor,"PROCEEDINGS OF THE 2007 IEEE INTERNATIONAL CONFERENCE ON ROBOTICS AND AUTOMATION, VOLS 1-10",IEEE International Conference on Robotics and Automation ICRA,,,,IEEE International Conference on Robotics and Automation,"APR 10-14, 2007","Rome, ITALY",IEEE,,,,,,,,,"Yamashita, Norio/G-6416-2011","Yamashita, Norio/0000-0001-8044-9016",,,,,,,,,,,,,1050-4729,2577-087X,978-1-4244-0601-2,,,,2007,,,,,,,974,979,,10.1109/ROBOT.2007.363111,http://dx.doi.org/10.1109/ROBOT.2007.363111,,,,,,,,,,,,,WOS:000250915300155,View Full Record in Web of Science
J,"Li, LY; Xu, QL; Wang, GS; Yu, XG; Tan, YK; Li, HZ",,,,"Li, Liyuan; Xu, Qianli; Wang, Gang S.; Yu, Xinguo; Tan, Yeow Kee; Li, Haizhou",,,Visual Perception Based Engagement Awareness for Multiparty Human-Robot Interaction,INTERNATIONAL JOURNAL OF HUMANOID ROBOTICS,,,,,,,,,,,,,,,,,"Li, Haizhou/Q-6438-2019","Li, Haizhou/0000-0001-9158-9401",,,,,,,,,,,,,0219-8436,1793-6942,,,,DEC,2015,12,4,,,,,,,1550019,10.1142/S021984361550019X,http://dx.doi.org/10.1142/S021984361550019X,,,,,,,,,,,,,WOS:000365700100005,View Full Record in Web of Science
C,"Cañamero, L; Avila-García, O; Hafner, E",,,IEEE; IEEE,"Cañamero, L; Avila-García, O; Hafner, E",,,First experiments relating behavior selection architectures to environmental complexity,"2002 IEEE/RSJ INTERNATIONAL CONFERENCE ON INTELLIGENT ROBOTS AND SYSTEMS, VOLS 1-3, PROCEEDINGS",,,,,IEEE/RSJ International Conference on Intelligent Robots and Systems (IROS 2002),"SEP 30-OCT 04, 2002","LAUSANNE, SWITZERLAND","IEEE Robot & Automat Soc,IEEE Ind Electr Soc,Robot Soc Japan,Soc Instruments & Control Engineers,INRIA Rhone Alpes Grenoble,EPFL Lausanne",,,,,,,,,,"Canamero, Lola/0000-0001-6903-1348",,,,,,,,,,,,,,,0-7803-7398-7,,,,2002,,,,,,,3024,3029,,,,,,,,,,,,,,,,WOS:000179289100492,View Full Record in Web of Science
C,"Shim, BK; Yang, JS; Kim, EG; Jeong, YK; Won, JB; Han, SH",,,IEEE,"Shim, Byoung-Kyun; Yang, Jun-Seok; Kim, Eok-Gon; Jeong, Yang-Keun; Won, Jong Bum; Han, Sung-Hyun",,,A Travelling Control of Mobile Robot Based on Sonar Sensors,"2015 15TH INTERNATIONAL CONFERENCE ON CONTROL, AUTOMATION AND SYSTEMS (ICCAS)",International Conference on Control Automation and Systems,,,,"15th International Conference on Control, Automation and Systems (ICCAS)","OCT 13-16, 2015","Busan, SOUTH KOREA","Busan Tourism Org,Korea Tourism Org,Koh Young Technol Inc,Chonnam Natl Univ, Robot Res Initiat,SNU, Bio Mimet Robot Res Ctr,Samsung Heavy Ind Co Ltd,LS Ind Syst Co Ltd,RS Automat,Dongil SHIMADZI Corp",,,,,,,,,,,,,,,,,,,,,,,2093-7121,,978-8-9932-1509-0,,,,2015,,,,,,,1241,1243,,,,,,,,,,,,,,,,WOS:000382295200255,View Full Record in Web of Science
J,"Lei, XK; Zhang, S; Xiang, YL; Duan, MY",,,,"Lei, Xiaokang; Zhang, Shuai; Xiang, Yalun; Duan, Mengyuan",,,Self-organized multi-target trapping of swarm robots with density-based interaction,COMPLEX & INTELLIGENT SYSTEMS,,,,,,,,,,,,,,,,,"xiang, yalun/ITV-9470-2023; Lei, Xiaokang/CAH-1051-2022; ZHANG, SHUAI/GPG-0341-2022","xiang, ya lun/0000-0002-4361-6847; ZHANG, SHUAI/0000-0003-2750-114X; Lei, Xiaokang/0000-0003-0517-6606; Duan, Mengyuan/0009-0007-4392-2661",,,,,,,,,,,,,2199-4536,2198-6053,,,,OCT,2023,9,5,,,,,5135,5155,,10.1007/s40747-023-01014-6,http://dx.doi.org/10.1007/s40747-023-01014-6,,MAR 2023,,,,,,,,,,,WOS:000945258800001,View Full Record in Web of Science
C,"Ahn, HS; Kim, PJ; Choi, JH; Bin Mansoor, S; Kang, WS; Yoon, SM; Na, JH; Baek, YM; Chang, HJ; Song, DS; Choi, JY; Ko, HS",,,IEEE,"Ahn, Ho Seok; Kim, Pyo Jae; Choi, Jeong Hwan; Bin Mansoor, Shamyl; Kang, Woo-Sung; Yoon, Seok Min; Na, Jin Hee; Baek, Young Min; Chang, Hyung Jin; Song, Dong Sung; Choi, Jin Young; Ko, Hyeong-Seok",,,Emotional head robot with behavior decision model and face recognition,"2007 INTERNATIONAL CONFERENCE ON CONTROL, AUTOMATION AND SYSTEMS, VOLS 1-6",,,,,"International Conference on Control, Automation and Systems","OCT 17-20, 2007","Seoul, SOUTH KOREA","BK21 KAIST Valufacture Inst Mech Engn,KAIST, Dept Aerosp Engn,GS Engn & Construct,Hyundai Dev Co,Hyundai Heavy Industries Co,Korea Natl Tourism Org,Korea Res Fdn,Korean Federat Sci & Technol Soc,LS Ind Syst Co,POSCO,POSCON,Samsung Heavy Industries Co,Seoul Convent & Visitors Bur",,,,,,,,,"Min, Baek/B-3388-2012; Choi, Jin-Young/AAF-5465-2019",,,,,,,,,,,,,,,,978-89-950038-7-9,,,,2007,,,,,,,1558,+,,,,,,,,,,,,,,,,WOS:000256464301123,View Full Record in Web of Science
J,"Yang, J; Wang, X; Bauer, P",,,,"Yang, Jian; Wang, Xin; Bauer, Peter",,,V-Shaped Formation Control for Robotic Swarms Constrained by Field of View,APPLIED SCIENCES-BASEL,,,,,,,,,,,,,,,,,"wang, xin/ABG-6474-2021; Yang, Jian/S-7950-2019","Yang, Jian/0000-0003-0488-1514",,,,,,,,,,,,,,2076-3417,,,,NOV,2018,8,11,,,,,,,2120,10.3390/app8112120,http://dx.doi.org/10.3390/app8112120,,,,,,,,,,,,,WOS:000451302800110,View Full Record in Web of Science
C,"Eskridge, BE; Hougen, DF",,,IEEE,"Eskridge, Brent E.; Hougen, Dean F.",,,Prioritizing fuzzy behaviors in multi-robot pursuit teams,"2006 IEEE INTERNATIONAL CONFERENCE ON FUZZY SYSTEMS, VOLS 1-5",IEEE International Conference on Fuzzy Systems,,,,IEEE International Conference on Fuzzy Systems,"JUL 16-21, 2006","Vancouver, CANADA",IEEE,,,,,,,,,"Hougen, Dean/B-8815-2008","Hougen, Dean/0000-0001-5393-1480",,,,,,,,,,,,,1098-7584,,978-0-7803-9488-9,,,,2006,,,,,,,1119,+,,10.1109/FUZZY.2006.1681850,http://dx.doi.org/10.1109/FUZZY.2006.1681850,,,,,,,,,,,,,WOS:000244063602022,View Full Record in Web of Science
C,"Beccari, G; Stramigioli, S",,,IEEE,"Beccari, G; Stramigioli, S",,,Impedance control as merging mechanism for a behaviour-based architecture,"1998 IEEE INTERNATIONAL CONFERENCE ON ROBOTICS AND AUTOMATION, VOLS 1-4",IEEE INTERNATIONAL CONFERENCE ON ROBOTICS AND AUTOMATION,,,,IEEE International Conference on Robotics and Automation,"MAY 16-20, 1998","KATHOLIEKE UNIV LEUVEN, LEUVEN, BELGIUM","IEEE, Robot & Automat Soc,Consiglio Nazl Ric,Fund Sci Res, Flanders, Belgium,Fraunhofer Inst Produktionstechnik & Automatisier,Commiss European Communities,INRIA,BULL,CNES,DAIMLER,KUKA,MATRA,SIEMENS,TECNOSPAZIO,THOMSON-CSF",KATHOLIEKE UNIV LEUVEN,,,,,,,,,"Stramigioli, Stefano/0000-0001-8212-7387",,,,,,,,,,,,,1050-4729,,0-7803-4300-X,,,,1998,,,,,,,1429,1434,,,,,,,,,,,,,,,,WOS:000074368900226,View Full Record in Web of Science
B,"Effertz, J; Wille, JM",,"Rouff, C; Hinchey, M",,"Effertz, Jan; Wille, Joern Marten",,,Vehicle Architecture and Robotic Perception for Autonomous Driving in Urban Environments,EXPERIENCE FROM THE DARPA URBAN CHALLENGE,,,,,,,,,,,,,,,,,,,,,,,,,,,,,,,,,978-0-85729-771-6,,,,2012,,,,,,,209,239,,10.1007/978-0-85729-772-3_9,http://dx.doi.org/10.1007/978-0-85729-772-3_9,10.1007/978-0-85729-772-3,,,,,,,,,,,,WOS:000303704400009,View Full Record in Web of Science
S,"Wang, FJ",,"Huang, DS; Li, K; Irwin, GW",,"Wang, Fangju",,,Knowledge representation in a behavior-based natural language interface for human-robot communication,"COMPUTATIONAL INTELLIGENCE, PT 2, PROCEEDINGS",Lecture Notes in Artificial Intelligence,,,,International Conference on Intelligent Computing (ICIC),"AUG 16-19, 2006","Kunming, PEOPLES R CHINA","IEEE Computat Intelligence Soc,Int Neural Network Soc,Natl Sci Fdn China",,,,,,,,,,,,,,,,,,,,,,,0302-9743,,3-540-37274-1,,,,2006,4114,,,,,,730,735,,,,,,,,,,,,,,,,WOS:000240083300091,View Full Record in Web of Science
C,"PARKER, LE",,"Schenker, PS; McKee, GT",,"PARKER, LE",,,Distributed multi-robot sensing and tracking: A behavior-based approach,SENSOR FUSION AND NETWORKED ROBOTICS VIII,PROCEEDINGS OF THE SOCIETY OF PHOTO-OPTICAL INSTRUMENTATION ENGINEERS (SPIE),,,,Sensor Fusion and Networked Robotics VIII Conference,"OCT 23-24, 1995","PHILADELPHIA, PA",Soc Photo Opt Instrumentat Engineers,,,,,,,,,,"Parker, Lynne/0000-0002-6744-5675",,,,,,,,,,,,,,,0-8194-1953-2,,,,1995,2589,,,,,,110,121,,10.1117/12.220950,http://dx.doi.org/10.1117/12.220950,,,,,,,,,,,,,WOS:A1995BE21M00011,View Full Record in Web of Science
C,"Xu, WL; Tso, SK; Lu, ZK",,,IEEE; IEEE,"Xu, WL; Tso, SK; Lu, ZK",,,A virtual target approach for resolving the limit cycle problem in navigation of a fuzzy behaviour-based mobile robot,"1998 IEEE/RSJ INTERNATIONAL CONFERENCE ON INTELLIGENT ROBOTS AND SYSTEMS - PROCEEDINGS, VOLS 1-3: INNOVATIONS IN THEORY, PRACTICE AND APPLICATIONS",,,,,IEEE/RSJ International Conference on Intelligent Robots and Systems,"OCT 13-17, 1998","VICTORIA, CANADA","IEEE, Ind Electr soc,IEEE, Robot & Automat Soc,Robot Soc Japan,Soc Instrumentat & Control Engineers,New Technol Fdn",,,,,,,,,"Xu, Weiliang/L-3953-2019",,,,,,,,,,,,,,,,0-7803-4465-0,,,,1998,,,,,,,44,49,,,,,,,,,,,,,,,,WOS:000077035300008,View Full Record in Web of Science
J,"Chen, G; Chen, SB; Lang, R; Li, X; Zhang, WG",,,,"Chen, Gang; Chen, Shoubao; Lang, Reza; Li, Xu; Zhang, Weigong",,,Driver-Behavior-Based Adaptive Steering Robust Nonlinear Control of Unmanned Driving Robotic Vehicle With Modeling Uncertainties and Disturbance Observer,IEEE TRANSACTIONS ON VEHICULAR TECHNOLOGY,,,,,,,,,,,,,,,,,"; Langari, Reza/M-8420-2018","Chen, Shoubao/0000-0003-2445-3859; Langari, Reza/0000-0001-7900-5186",,,,,,,,,,,,,0018-9545,1939-9359,,,,AUG,2019,68,8,,,,,8183,8190,,10.1109/TVT.2019.2922452,http://dx.doi.org/10.1109/TVT.2019.2922452,,,,,,,,,,,,,WOS:000481944300077,View Full Record in Web of Science
J,"Lauzon, SC; Ma, AKL; Mills, JK; Benhabib, B",,,,"Lauzon, SC; Ma, AKL; Mills, JK; Benhabib, B",,,Application of discrete event system theory to flexible manufacturing,IEEE CONTROL SYSTEMS MAGAZINE,,,,,1995 IEEE International Conference on Robotics and Automation,"MAY 21-27, 1995","NAGOYA, JAPAN","IEEE, Robot & Automat Soc,Sci Council Japan,Robot Soc Japan,Soc Instrument & Control Engineers,Japan Soc Mech Engineers",,,,,,,,,,,,,,,,,,,,,,,0272-1708,,,,,FEB,1996,16,1,,,,,41,48,,10.1109/37.482149,http://dx.doi.org/10.1109/37.482149,,,,,,,,,,,,,WOS:A1996TU42300009,View Full Record in Web of Science
C,"Pozna, C; Alexandru, C",,"Katalinic, B",,"Pozna, Claudiu; Alexandru, Catalin",,,Mobile robot control by lerned behaviour,"ANNALS OF DAAAM FOR 2007 & PROCEEDINGS OF THE 18TH INTERNATIONAL DAAAM SYMPOSIUM: INTELLIGENT MANUFACTURING & AUTOMATION: FOCUS ON CREATIVITY, RESPONSIBILITY, AND ETHICS OF ENGINEERS",,,,,18th International Symposium of the Danube-Adria-Association-for-Automation-and-Manufacturing,"OCT 24-27, 2007","Zadar, CROATIA","Danube Adria Assoc Automat & Mfg Int Vienna,Univ Zadar,Vienna Univ Technol,Univ Appl Sci Technikum,Austrian Sco Engineers & Architects",,,,,,,,,"Alexandru, Catalin/A-9895-2012","Alexandru, Catalin/0000-0003-1823-4537",,,,,,,,,,,,,,,978-3-90150-958-2,,,,2007,,,,,,,605,606,,,,,,,,,,,,,,,,WOS:000252067400303,View Full Record in Web of Science
C,"Wang, YP; Li, S; Chen, QW; Hu, WL",,"Li, K; Fei, M; Irwin, GW; Ma, SW",,"Wang, Yiping; Li, Sheng; Chen, Qingwei; Hu, Weili",,,Biology inspired robot behavior selection mechanism: Using genetic algorithm,BIO-INSPIRED COMPUTATIONAL INTELLIGENCE AND APPLICATIONS,Lecture Notes in Computer Science,,,,International Conference on Life System Modeling and Simulation (LSMS),"SEP 14-17, 2007","Shanghai, PEOPLES R CHINA","Chinese Assoc Syst Simulat,IEEE UK,IEEE Ireland Sect,IEEE CASS Life Sci Syst & Applicat TC,IEEE CIS Singapore Chapter,IEEE Shanghai Sect,Springer, Syst & Synthet Biol",,,,,,,,,,,,,,,,,,,,,,,0302-9743,1611-3349,978-3-540-74768-0,,,,2007,4688,,,,,,777,786,,,,,,,,,,,,,,,,WOS:000250830800082,View Full Record in Web of Science
C,"Poncela, A; Urdiales, C; Fernández-Espejo, B; Sandoval, F",,,IEEE,"Poncela, Alberto; Urdiales, Cristina; Fernandez-Espejo, Blanca; Sandoval, Francisco",,,Place Characterization for Navigation via Behaviour Merging for an Autonomous Mobile Robot,"2008 IEEE MEDITERRANEAN ELECTROTECHNICAL CONFERENCE, VOLS 1 AND 2",IEEE Mediterranean Electrotechnical Conference-MELECON,,,,IEEE Mediterranean Electrotechnical Conference,"MAY 05-07, 2008","Ajaccio, FRANCE",IEEE,,,,,,,,,"Urdiales, Cristina/H-4664-2019",,,,,,,,,,,,,,2158-8481,,978-1-4244-1632-5,,,,2008,,,,,,,337,342,,,,,,,,,,,,,,,,WOS:000261729400057,View Full Record in Web of Science
C,"Ishiguro, A; Shirai, Y; Watanabe, Y; Uchikawa, Y",,"Husbands, P; Harvey, I",,"Ishiguro, A; Shirai, Y; Watanabe, Y; Uchikawa, Y",,,Emergent construction of immune networks for autonomous mobile robots through the metadynamics function,FOURTH EUROPEAN CONFERENCE ON ARTIFICIAL LIFE,FROM ANIMALS TO ANIMATS SERIES,,,,4th European Conference on Artificial Life (ECAL97),"JUL 28-31, 1997","BRIGHTON, ENGLAND","BT,Cyberlife Technol,Brighton & Hove Council,Times Higher Educ Supplement",,,,,,,,,,,,,,,,,,,,,,,1089-4365,,0-262-58157-4,,,,1997,,,,,,,318,326,,,,,,,,,,,,,,,,WOS:000071005100036,View Full Record in Web of Science
C,"Sarcinelli, M; Bastos, TF; Freitas, RAC",,"Nunes, U; deAalmeida, AT; Bejczy, AK; Kosuge, K; Macgado, JAT",,"Sarcinelli, M; Bastos, TF; Freitas, RAC",,,Mobile robot navigation via reference recognition based on ultrasonic sensing and monocular vision,"PROCEEDINGS OF THE 11TH INTERNATIONAL CONFERENCE ON ADVANCED ROBOTICS 2003, VOL 1-3",,,,,11th International Conference on Advanced Robotics (ICAR 2003),"JUN 30-JUL 03, 2003","COIMBRA, PORTUGAL","Inst Syst & Robot,Univ Coimbra,IEEE Portuguese Sect,IEEE Robot & Automat Soc,IEEE Ind Elect Soc,Robot Soc Japan,Japan Robot Assoc",,,,,,,,,"BASTOS, TEODIANO/P-7535-2014; Sarcinelli-Filho, Mario/C-4424-2015",,,,,,,,,,,,,,,,972-96889-8-2,,,,2003,,,,,,,204,209,,,,,,,,,,,,,,,,WOS:000184782300038,View Full Record in Web of Science
C,"Groth, C; Henrich, D",,,IEEE,"Groth, Christian; Henrich, Dominik",,,One-shot Robot Programming by Demonstration by Adapting Motion Segments,2014 IEEE INTERNATIONAL CONFERENCE ON ROBOTICS AND BIOMIMETICS IEEE-ROBIO 2014,,,,,2014 IEEE International Conference on Robotics and Biomimetics (ROBIO),"DEC 05-10, 2014","Bali, INDONESIA","IEEE Robot & Automat Soc,State Key Lab Robot & Syst,Harbin Inst Technol,Natl Univ Def Technol,Shenzhen Inst Adv Technol",,,,,,,,,,,,,,,,,,,,,,,,,978-1-4799-7397-2,,,,2014,,,,,,,1068,1075,,,,,,,,,,,,,,,,WOS:000380399500177,View Full Record in Web of Science
C,"Maier, W; Steinbach, E",,,IEEE,"Maier, Werner; Steinbach, Eckehard",,,Surprise-driven Acquisition of Visual Object Representations for Cognitive Mobile Robots,2011 IEEE INTERNATIONAL CONFERENCE ON ROBOTICS AND AUTOMATION (ICRA),IEEE International Conference on Robotics and Automation ICRA,,,,IEEE International Conference on Robotics and Automation (ICRA),"MAY 09-13, 2011","Shanghai, PEOPLES R CHINA","IEEE,Robot & Automat Soc,Minist Educ China,Minist Sci & Technol China,Natl Nat Sci Fdn China,Sci & Technol Commiss Shanghai Municipal,Shanghai Jiao Tong Univ, State Key Lab Mech Syst & Vibrat,Huazhong Univ Sci & Technol, State Key Lab Digital Mfg Equipment & Technol,Harbin Inst Technol, State Key Lab Robot & Syst,Zhejiang Univ, Inst Cyber-Syst & Control,Chinese Acad Sci, Shenyang Inst Automat,Beihang Univ, Robotics Inst,Beijing Res Inst Automat Machinery Ind,Tianjin Univ, Sch Mech Engn,ABB,YASKAWA Elect,KUKA,Willow Garage,Googol Tech.,Adept Mobile Robots,Harbin Boshi Automat,Natl Instruments,Beijing Universal Pioneering Technol,Real-Time Control & Instrumentat Lab, GE Global Res,ALDEBARAN Robot,Int Federat Robot (IFR),Shanghai Jiao Tong Univ",,,,,,,,,,"Steinbach, Eckehard/0000-0001-8853-2703",,,,,,,,,,,,,1050-4729,2577-087X,978-1-61284-385-8,,,,2011,,,,,,,1621,1626,,,,,,,,,,,,,,,,WOS:000324383400122,View Full Record in Web of Science
J,"Fukuda, T; Hasegawa, Y",,,,"Fukuda, T; Hasegawa, Y",,,Learning method for multi-controller of robot behavior,JSME INTERNATIONAL JOURNAL SERIES C-MECHANICAL SYSTEMS MACHINE ELEMENTS AND MANUFACTURING,,,,,,,,,,,,,,,,,"Hasegawa, Yasuhisa/AAE-6062-2019","Hasegawa, Yasuhisa/0000-0001-9917-098X",,,,,,,,,,,,,1344-7653,,,,,JUN,1998,41,2,,,,,260,268,,10.1299/jsmec.41.260,http://dx.doi.org/10.1299/jsmec.41.260,,,,,,,,,,,,,WOS:000075083500021,View Full Record in Web of Science
J,"GhaneaHercock, R; Barnes, DP",,,,"GhaneaHercock, R; Barnes, DP",,,Coupled behaviors in the reactive control of cooperating mobile robots,ADVANCED ROBOTICS,,,,,,,,,,,,,,,,,,,,,,,,,,,,,,,0169-1864,,,,,,1996,10,2,,,,,161,177,,,,,,,,,,,,,,,,WOS:A1996UQ87600003,View Full Record in Web of Science
B,"Johnston, J","Johnston, J",,,"Johnston, John","Johnston, J",,"The New AI: Behavior-Based Robotics, Autonomous Agents, and Artificial Evolution","ALLURE OF MACHINIC LIFE: CYBERNETICS, ARTIFICIAL LIFE, AND THE NEW AI",Bradford Books,,,,,,,,,,,,,,,,,,,,,,,,,,,,,,,,978-0-262-10126-4,,,,2008,,,,,,,337,384,,,,,,,,,,,,,,,,WOS:000284529700009,View Full Record in Web of Science
C,"Birgersson, E; Howard, A; Sukhatme, GS",,,IEEE; IEEE,"Birgersson, E; Howard, A; Sukhatme, GS",,,Towards stealthy behaviors,"IROS 2003: PROCEEDINGS OF THE 2003 IEEE/RSJ INTERNATIONAL CONFERENCE ON INTELLIGENT ROBOTS AND SYSTEMS, VOLS 1-4",,,,,IEEE/RSJ International Conference on Intelligent Robots and Systems,"OCT 27-31, 2003","LAS VEGAS, NV","IEEE Robot & Automat Soc,IEEE Ind Elect Soc,Robot Soc Japan,Soc Instruments & Control Engineers,New Technol Fdn",,,,,,,,,,,,,,,,,,,,,,,,,0-7803-7860-1,,,,2003,,,,,,,1703,1708,,,,,,,,,,,,,,,,WOS:000187883300275,View Full Record in Web of Science
J,"Wang, XQ; Hou, ZG; Lv, F; Tan, M; Wang, YJ",,,,"Wang, Xiuqing; Hou, Zeng-Guang; Lv, Feng; Tan, Min; Wang, Yongji",,,Mobile robots' modular navigation controller using spiking neural networks,NEUROCOMPUTING,,,,,,,,,,,,,,,,,"Tan, Min/GQQ-2702-2022",,,,,,,,,,,,,,0925-2312,1872-8286,,,,JUN 25,2014,134,,,,SI,,230,238,,10.1016/j.neucom.2013.07.055,http://dx.doi.org/10.1016/j.neucom.2013.07.055,,,,,,,,,,,,,WOS:000335486000030,View Full Record in Web of Science
J,"Eickstedt, DP; Sideleau, SR",,,,"Eickstedt, Donald P.; Sideleau, Scott R.",,,The Backseat Control Architecture for Autonomous Robotic Vehicles: A Case Study with the Iver2 AUV,MARINE TECHNOLOGY SOCIETY JOURNAL,,,,,,,,,,,,,,,,,"Eickstedt, Donald/B-5018-2010",,,,,,,,,,,,,,0025-3324,1948-1209,,,,JUL-AUG,2010,44,4,,,,,42,54,,10.4031/MTSJ.44.4.1,http://dx.doi.org/10.4031/MTSJ.44.4.1,,,,,,,,,,,,,WOS:000281537600005,View Full Record in Web of Science
C,"Heintzman, L; Hashimoto, A; Abaid, N; Williams, RK",,,IEEE,"Heintzman, Larkin; Hashimoto, Amanda; Abaid, Nicole; Williams, Ryan K.",,,Anticipatory Planning and Dynamic Lost Person Models for Human-Robot Search and Rescue,2021 IEEE INTERNATIONAL CONFERENCE ON ROBOTICS AND AUTOMATION (ICRA 2021),IEEE International Conference on Robotics and Automation ICRA,,,,IEEE International Conference on Robotics and Automation (ICRA),"MAY 30-JUN 05, 2021","Xian, PEOPLES R CHINA","IEEE,IEEE Robot & Automat Soc,So Univ Sci & Technol,Harbin Inst Technol,Xian Jiaotong Univ,Univ Toronto,Nat Sci & Engn Res Council Canada,Chinese Univ Hong Kong,DJI,Biomimet Intelligence & Robot,Toyota Res Inst,Baidu,Mech Mind Robot Technologies,Facebook AI,Nokov,Manycore,Franka Emika,Zhejiang Univ, Huzhou Inst,Jing Tian,ATI Ind Automat,Amber,Direct Drive Tech,Inceptio,Flexiv,Deeproute AI,Unitree,Waymo,Kuka,Pudu Robot,Deep Robot,Nvidia,MathWorks",,,,,,,,,"Williams, Ryan/I-2249-2012; Abaid, Nicole/H-9098-2012","Hashimoto, Amanda/0000-0003-1833-6517; Abaid, Nicole/0000-0002-0053-4710",,,,,,,,,,,,,1050-4729,2577-087X,978-1-7281-9077-8,,,,2021,,,,,,,8252,8258,,10.1109/ICRA48506.2021.9562070,http://dx.doi.org/10.1109/ICRA48506.2021.9562070,,,,,,,,,,,,,WOS:000771405401107,View Full Record in Web of Science
C,"Jacobson, R; Droge, G",,,IEEE,"Jacobson, Ryan; Droge, Greg",,,Approximate Filippov-based Switching for Behavior-based Trajectory Tracking,2021 AMERICAN CONTROL CONFERENCE (ACC),Proceedings of the American Control Conference,,,,American Control Conference (ACC),"MAY 25-28, 2021",ELECTR NETWORK,"Amer Automat Control Council,Mitsubishi Elect Res Lab,Halliburton,MathWorks,Wiley,GE Global Res,Soc Ind Appl Math,dSPACE,Tangibles That Teach,Elsevier,GM",,,,,,,,,,,,,,,,,,,,,,,0743-1619,2378-5861,978-1-6654-4197-1,,,,2021,,,,,,,834,839,,,,,,,,,,,,,,,,WOS:000702263300132,View Full Record in Web of Science
J,"Bastien, R; Romanczuk, P",,,,"Bastien, Renaud; Romanczuk, Pawel",,,A model of collective behavior based purely on vision,SCIENCE ADVANCES,,,,,,,,,,,,,,,,,,"Romanczuk, Pawel/0000-0002-4733-998X",,,,,,,,,,,,,2375-2548,,,,,FEB,2020,6,6,,,,,,,eaay0792,10.1126/sciadv.aay0792,http://dx.doi.org/10.1126/sciadv.aay0792,,,,,,,,32076645,,,,,WOS:000512902300018,View Full Record in Web of Science
C,"Antonelli, G; Arrichiello, F; Chiaverini, S",,,IEEE,"Antonelli, Gianluca; Arrichiello, Filippo; Chiaverini, Stefano",,,Swarm of Robots Flocking via the Null-Space-based Behavioral Control,"2009 IEEE INTERNATIONAL CONFERENCE ON AUTOMATION AND LOGISTICS ( ICAL 2009), VOLS 1-3",,,,,IEEE International Conference on Automation and Logistics,"AUG 05-07, 2009","Shenyang, PEOPLES R CHINA",,,,,,,,,,"Antonelli, Gianluca/P-3287-2015; ARRICHIELLO, Filippo/F-8970-2012",,,,,,,,,,,,,,,,978-1-4244-4794-7,,,,2009,,,,,,,1939,1944,,,,,,,,,,,,,,,,WOS:000291503401108,View Full Record in Web of Science
J,"Smith, JF; Nguyen, TH",,,,"Smith, James F., III; Nguyen, ThanhVu H.",,,Autonomous and cooperative robotic behavior based on fuzzy logic and genetic programming,INTEGRATED COMPUTER-AIDED ENGINEERING,,,,,,,,,,,,,,,,,,,,,,,,,,,,,,,1069-2509,1875-8835,,,,,2007,14,2,,,,,141,159,,,,,,,,,,,,,,,,WOS:000246043800003,View Full Record in Web of Science
C,"Li, X; Zhao, XJ; Tan, TN",,,IEEE; IEEE,"Li, X; Zhao, XJ; Tan, TN",,,A behavior-based architecture for the control of an intelligent powered wheelchair,"IEEE RO-MAN 2000: 9TH IEEE INTERNATIONAL WORKSHOP ON ROBOT AND HUMAN INTERACTIVE COMMUNICATION, PROCEEDINGS",,,,,9th IEEE International Workshop on Robot and Human Interactive Communication (RO-MAN 2000),"SEP 27-29, 2000","OSAKA INST TECHNOL, OSAKA, JAPAN","IEEE, Ind Electr Soc,Robot Soc Japan,Soc Instrument & Control Engineers,Japan Soc Mech Engineers,Virtual Real Soc Japan,New Technol Fdn,Japanese Soc Precis Engineers,Inst Syst Control & Informat Engineers,Informat Proc Soc Japan,Intelligent Mfg Syst Promot Ctr,Mfg Sci & Technol Ctr,99 Asian Student Scholarship Fdn,Sunahara Mem Fdn,Osaka Inst Technol",OSAKA INST TECHNOL,,,,,,,,"Huang, Yan/HCH-6526-2022","Wang, Yunlong/0000-0002-3535-308X",,,,,,,,,,,,,,,0-7803-6273-X,,,,2000,,,,,,,80,83,,10.1109/ROMAN.2000.892474,http://dx.doi.org/10.1109/ROMAN.2000.892474,,,,,,,,,,,,,WOS:000166835900015,View Full Record in Web of Science
C,"Nolan, S; Molnar, L; Toal, D; Flanagan, C",,"Roberts, G; Sutton, R; Allen, R",,"Nolan, S; Molnar, L; Toal, D; Flanagan, C",,,Implementing a layered control architecture on an open framed AUV,GUIDANCE AND CONTROL OF UNDERWATER VEHICLES 2003,IFAC Workshop Series,,,,1st IFAC Workshop on Guidance and Control of Underwater Vehicles,"APR 09-11, 2003","Univ Wales Coll, Caerleon Campus, Newport, WALES","Int Federat Automat Control, TC Marine Syst,TC Intelligent Autonomous Vehicles,Soc Underwater Technol,Seaeye Marine Ltd,Welsh Dev Agcy,Inst Marine Engn, Sci & Tehcnol, S Wales Branch,USN Off Naval Res, Int Field Off,Mechatron Res Ctr","Univ Wales Coll, Caerleon Campus",,,,,,,,"Toal, Daniel/B-4149-2015","Toal, Daniel/0000-0003-3601-9216; Nolan, Sean Patrick/0009-0002-4343-2762",,,,,,,,,,,,,1369-4960,,0-08-044202-1,,,,2003,,,,,,,61,66,,,,,,,,,,,,,,,,WOS:000189480300010,View Full Record in Web of Science
J,"Tsotsos, JK; Verghese, G; Dickinson, S; Jenkin, M; Jepson, A; Milios, E; Nuflo, F; Stevenson, S; Black, M; Metaxas, D; Culhane, S; Ye, Y; Mann, R",,,,"Tsotsos, JK; Verghese, G; Dickinson, S; Jenkin, M; Jepson, A; Milios, E; Nuflo, F; Stevenson, S; Black, M; Metaxas, D; Culhane, S; Ye, Y; Mann, R",,,PLAYBOT - A visually-guided robot for physically disabled children,IMAGE AND VISION COMPUTING,,,,,,,,,,,,,,,,,"Tsotsos, John/HTO-0616-2023; Milios, Evangelos/A-3008-2008","Milios, Evangelos/0000-0001-5549-4675; Jenkin, Michael/0000-0002-2969-0012; Tsotsos, John/0000-0002-8621-9147",,,,,,,,,,,,,0262-8856,,,,,APR 3,1998,16,4,,,,,275,292,,10.1016/S0262-8856(97)00088-7,http://dx.doi.org/10.1016/S0262-8856(97)00088-7,,,,,,,,,,,,,WOS:000072943000006,View Full Record in Web of Science
J,"Petró, E; Abdai, J; Gergely, A; Topál, J; Miklósi, A",,,,"Petro, Eszter; Abdai, Judit; Gergely, Anna; Topal, Jozsef; Miklosi, Adam",,,Dogs (Canis familiaris) adjust their social behaviour to the differential role of inanimate interactive agents,ANIMAL COGNITION,,,,,,,,,,,,,,,,,"Abdai, Judit/S-6287-2019; Miklosi, Adam/N-5147-2017","Abdai, Judit/0000-0003-1219-2858; Miklosi, Adam/0000-0003-4831-8985",,,,,,,,,,,,,1435-9448,1435-9456,,,,MAR,2016,19,2,,,,,367,374,,10.1007/s10071-015-0939-0,http://dx.doi.org/10.1007/s10071-015-0939-0,,,,,,,,26581378,,,,,WOS:000370170300009,View Full Record in Web of Science
J,"Campo, A; Nicolis, SC; Deneubourg, JL",,,,"Campo, Alexandre; Nicolis, Stamatios C.; Deneubourg, Jean-Louis",,,Collective Memory: Transposing Pavlov's Experiment to Robot Swarms,APPLIED SCIENCES-BASEL,,,,,,,,,,,,,,,,,"Campo, Alexandre/ABI-1629-2020","Campo, Alexandre/0000-0003-4817-4790; Nicolis, Stamatios C./0000-0002-7118-5298; jean-Louis, Deneubourg/0000-0003-1531-1293",,,,,,,,,,,,,,2076-3417,,,,MAR,2021,11,6,,,,,,,2632,10.3390/app11062632,http://dx.doi.org/10.3390/app11062632,,,,,,,,,,,,,WOS:000645783200001,View Full Record in Web of Science
C,"Iio, T; Tanev, I; Shimohara, K",,,IEEE,"Iio, Takamasa; Tanev, Ivan; Shimohara, Katsunori",,,Emergent behavior based on disparity of individual capability,"PROCEEDINGS OF SICE ANNUAL CONFERENCE, VOLS 1-8",,,,,Annual Conference on the Society-of-Instrument-and-Control-Engineers,"SEP 17-20, 2007","Kagawa Univ, Takamatsu, JAPAN","IEEE Ind Electron Soc,IEEE Robot & Automat Soc,IEEE Control Syst Soc,IEEE Syst, Man & Cybernet Soc,Instrumentat, Syst & Automat Soc,Inst Control, Robot, & Syst,China Instrument & Control Soc,Chinese Assoc Automat,Chinese Automat Control Soc,Int Measurement Confederat,IEEE Japan Council,IFAC NMO,Inst Elect Engn Japan",Kagawa Univ,,,,,,,,,,,,,,,,,,,,,,,,978-4-907764-28-9,,,,2007,,,,,,,1583,1587,,,,,,,,,,,,,,,,WOS:000255608502008,View Full Record in Web of Science
C,"Deng, X; Jiang, DL; Wang, J; Li, MX; Chen, QS",,,IEEE,"Deng, Xin; Jiang, Dingli; Wang, Jin; Li, Mingxu; Chen, Qiaosong",,,Study on the 3D Printed Robotic Fish with Autonomous Obstacle Avoidance Behavior Based on the Adaptive Neuro-fuzzy Control,IECON 2015 - 41ST ANNUAL CONFERENCE OF THE IEEE INDUSTRIAL ELECTRONICS SOCIETY,IEEE Industrial Electronics Society,,,,41st Annual Conference of the IEEE-Industrial-Electronics-Society (IECON),"NOV 09-12, 2015","Yokohama, JAPAN","IEEE Ind Elect Soc,SICE,Robot Soc Japan,IEEJ,IEEJ Cias,JSPE,JSME,EiC,SAE Japan",,,,,,,,,,,,,,,,,,,,,,,1553-572X,,978-1-4799-1762-4,,,,2015,,,,,,,,,,,,,,,,,,,,,,,,WOS:000382950700006,View Full Record in Web of Science
C,"Maroto-Gómez, M; Carrasco-Martínez, S; Marqués-Villarroya, S; Malfaz, M; Castro-González, A; Salichs, MA",,,IEEE,"Maroto-Gomez, Marcos; Carrasco-Martinez, Sara; Marques-Villarroya, Sara; Malfaz, Maria; Castro-Gonzalez, Alvaro; Angel Salichs, Miguel",,,Bio-inspired Cognitive Decision-making to Personalize the Interaction and the Selection of Exercises of Social Assistive Robots in Elderly Care,"2023 32ND IEEE INTERNATIONAL CONFERENCE ON ROBOT AND HUMAN INTERACTIVE COMMUNICATION, RO-MAN",IEEE RO-MAN,,,,32nd IEEE International Conference on Robot and Human Interactive Communication (RO-MAN),"AUG 28-31, 2023","Busan, SOUTH KOREA",IEEE,,,,,,,,,"Maroto-Gómez, Marcos/GYA-2223-2022",,,,,,,,,,,,,,1944-9445,,979-8-3503-3670-2,,,,2023,,,,,,,2380,2386,,10.1109/RO-MAN57019.2023.10309525,http://dx.doi.org/10.1109/RO-MAN57019.2023.10309525,,,,,,,,,,,,,WOS:001108678600312,View Full Record in Web of Science
J,"García-Córdova, F; Guerrero-González, A",,,,"Garcia-Cordova, Francisco; Guerrero-Gonzalez, Antonio",,,Intelligent Navigation for a Solar Powered Unmanned Underwater Vehicle,INTERNATIONAL JOURNAL OF ADVANCED ROBOTIC SYSTEMS,,,,,,,,,,,,,,,,,"González, Antonio/AAD-2688-2019","Garcia-Cordova, Francisco/0009-0006-2247-5877",,,,,,,,,,,,,1729-8814,,,,,APR 2,2013,10,,,,,,,,185,10.5772/56029,http://dx.doi.org/10.5772/56029,,,,,,,,,,,,,WOS:000316944600001,View Full Record in Web of Science
C,"Kato, J; Hosokawa, S; Nakano, K",,"Sugisaka, M; Tanaka, H",,"Kato, Joji; Hosokawa, Shu; Nakano, Kazushi",,,Acquisition of Stationary Behavior Based on Multiagent Enforced SubPopulations,PROCEEDINGS OF THE SEVENTEENTH INTERNATIONAL SYMPOSIUM ON ARTIFICIAL LIFE AND ROBOTICS (AROB 17TH '12),,,,,17th International Symposium on Artificial Life and Robotics (AROB),"JAN 19-21, 2012","Beppu, JAPAN","Int Symposium Artificial Life & Robot, Int Organizing Comm,ALife Robot Corp Ltd,Nippon Bunri Univ,Mitsubishi Elect Corp Adv Technol R&D Ctr,SANWA SHURUI Co Ltd",,,,,,,,,,,,,,,,,,,,,,,,,978-4-9902880-6-8,,,,2012,,,,,,,586,591,,,,,,,,,,,,,,,,WOS:000387807100136,View Full Record in Web of Science
C,"Jung, S; Moon, G; Kim, Y; Oh, K",,"Gupta, GS; Mukhopadhyay, SC",,"Jung, Sungmin; Moon, Gyubok; Kim, Yongjun; Oh, Kyungwhan",,,Planning based on Dynamic Bayesian Network algorithm Using Dynamic Programming and Variable Elimination,PROCEEDINGS OF THE FOURTH INTERNATIONAL CONFERENCE ON AUTONOMOUS ROBOTS AND AGENTS,,,,,4th International Conference on Autonomous Robots and Agents,"FEB 10-12, 2009","Wellington, NEW ZEALAND","Massey Univ, Palmerston N, Sch Engn & Adv Technol,IEEE NZ Cent Sect,Natl Univ Singapore, Ctr Intelligent Control,Singapore Polytechn,IEEE Instrumentat & Measurement Soc,Tribotix Pty Ltd,Knowledge Solut Grp Inc",,,,,,,,,"Oh, Kyunghwan/ABB-2840-2021",,,,,,,,,,,,,,,,978-1-4244-2712-3,,,,2009,,,,,,,87,92,,,,,,,,,,,,,,,,WOS:000269688000017,View Full Record in Web of Science
C,"Friedlander, D; Phoha, S; Brooks, R",,"Luk, FT",,"Friedlander, D; Phoha, S; Brooks, R",,,Determination of vehicle behavior based on distributed sensor network data,"ADVANCED SIGNAL PROCESSING ALGORITHMS, ARCHITECTURES, AND IMPLEMENTATIONS XIII",PROCEEDINGS OF THE SOCIETY OF PHOTO-OPTICAL INSTRUMENTATION ENGINEERS (SPIE),,,,Conference on Advanced Signal Processing Algorithms Architectures and Implementations XIII,"AUG 06-08, 2003","SAN DIEGO, CA",SPIE,,,,,,,,,,"Friedlander, David/0000-0002-9003-5666; Brooks, Richard/0000-0002-4240-4762",,,,,,,,,,,,,0277-786X,,0-8194-5078-2,,,,2003,5205,,,,,,155,163,,10.1117/12.508370,http://dx.doi.org/10.1117/12.508370,,,,,,,,,,,,,WOS:000188420600015,View Full Record in Web of Science
C,"Li, W; Sutton, JE",,,IEEE,"Li, Wei; Sutton, Joseph E.",,,Optimization of source identification algorithm derived from moth-inspired plume tracing strategies,2007 INTERNATIONAL SYMPOSIUM ON COMPUTATIONAL INTELLIGENCE IN ROBOTICS AND AUTOMATION,,,,,International Symposium on Computational Intelligence in Robotics and Automation,"JUN 20-22, 2007","Jacksonville, FL",IEEE,,,,,,,,,"Li, Wei/R-7928-2019",,,,,,,,,,,,,,,,978-1-4244-0789-7,,,,2007,,,,,,,29,+,,,,,,,,,,,,,,,,WOS:000249266100006,View Full Record in Web of Science
C,"Sekiyama, K; Fukuda, T",,,"IEEE, ROBOT & AUTOMAT SOC","Sekiyama, K; Fukuda, T",,,Modeling and controlling of group behavior based on self-organizing principle,"1996 IEEE INTERNATIONAL CONFERENCE ON ROBOTICS AND AUTOMATION, PROCEEDINGS, VOLS 1-4",IEEE INTERNATIONAL CONFERENCE ON ROBOTICS AND AUTOMATION,,,,1996 IEEE International Conference on Robotics and Automation,"APR 22-28, 1996","MINNEAPOLIS, MN","IEEE, Robot & Automat Soc",,,,,,,,,,,,,,,,,,,,,,,1050-4729,,0-7803-2989-9,,,,1996,,,,,,,1407,1412,,,,,,,,,,,,,,,,WOS:A1996BF68P00221,View Full Record in Web of Science
C,"Sofge, DA; Potter, MA; Schultz, AC",,"Chu, HW; Ferrer, J; Pineda, JM",,"Sofge, DA; Potter, MA; Schultz, AC",,,Evolutionary robotics: From behaviorism to embodied cognition,"CCCT 2003, VOL 3, PROCEEDINGS",,,,,"International Conference on Computer, Communication and Control Technologies (CCCT 03)/9th International Conference on Information Systems Analysis and Synthesis (ISAS03)","JUL 31-AUG 02, 2003","ORLANDO, FL","Int Inst Informat & System,IEEE Comp Soc, Venezuela Chapter,Inter Amer Org Higher Educ,IEEE, Venezuela Chapter",,,,,,,,,,,,,,,,,,,,,,,,,980-6560-05-1,,,,2003,,,,,,,496,502,,,,,,,,,,,,,,,,WOS:000189125800093,View Full Record in Web of Science
C,"LEWIS, MA; FAGG, AH; BEKEY, GA",,,IEEE,"LEWIS, MA; FAGG, AH; BEKEY, GA",,,THE USC AUTONOMOUS FLYING VEHICLE - AN EXPERIMENT IN REAL-TIME BEHAVIOR-BASED CONTROL,"PROCEEDINGS : IEEE INTERNATIONAL CONFERENCE ON ROBOTICS AND AUTOMATION, VOLS 1-3",,,,,1993 IEEE INTERNATIONAL CONF ON ROBOTICS AND AUTOMATION,"MAY 02-06, 1993","ATLANTA, GA","IEEE, ROBOT & AUTOMAT SOC",,,,,,,,,,,,,,,,,,,,,,,,,0-8186-3450-2,,,,1993,,,,,,,B422,B429,,,,,,,,,,,,,,,,WOS:A1993BY79J00226,View Full Record in Web of Science
C,"Enokida, S; Kouno, S; Kimura, N; Ejima, T",,,IEEE; IEEE,"Enokida, S; Kouno, S; Kimura, N; Ejima, T",,,KITARO: Kyutech intelligent and tender autonomous robot,"RO-MAN 2003: 12TH IEEE INTERNATIONAL WORKSHOP ON ROBOT AND HUMAN INTERACTIVE COMMUNICATION, PROCEEDINGS",,,,,12th IEEE International Workshop on Robot and Human Interactive Communication,"OCT 31-NOV 02, 2003","MILLBRAE, CA","IEEE Ind Elect Soc,Robot Soc Japan,Hosei Univ,Hosei Univ Res Inst,New Technol Fdn,IEEE Robot & Automat Soc,Virtual Real Soc Japan",,,,,,,,,,,,,,,,,,,,,,,,,0-7803-8136-X,,,,2003,,,,,,,341,346,,,,,,,,,,,,,,,,WOS:000186827500058,View Full Record in Web of Science
C,"Suh, YH; Lee, KW; Cho, ES",,"Chen, J; Cuzzocrea, A; Yang, LT",,"Suh, Young-Ho; Lee, Kang-Woo; Cho, Eun-Sun",,,A Device Abstraction Framework for the Robotic Mediator collaborating with Smart Environments,2013 IEEE 16TH INTERNATIONAL CONFERENCE ON COMPUTATIONAL SCIENCE AND ENGINEERING (CSE 2013),IEEE International Conference on Computational Science and Engineering,,,,IEEE 16th International Conference on Computational Science and Engineering (CSE),"DEC 03-05, 2013","Sydney, AUSTRALIA","IEEE,Univ Technol Sydney,CSIRO,IEEE Tech Comm Scalable Comp,IEEE Comp Soc",,,,,,,,,,"Cho, Eun-Sun/0000-0002-9406-3314",,,,,,,,,,,,,1949-0828,,,,,,2013,,,,,,,460,467,,10.1109/CSE.2013.75,http://dx.doi.org/10.1109/CSE.2013.75,,,,,,,,,,,,,WOS:000351950300067,View Full Record in Web of Science
C,"FAGG, AH; LEWIS, MA; MONTGOMERY, JF; BEKEY, GA",,,IEEE,"FAGG, AH; LEWIS, MA; MONTGOMERY, JF; BEKEY, GA",,,THE USC AUTONOMOUS FLYING VEHICLE - AN EXPERIMENT IN REAL-TIME BEHAVIOR-BASED CONTROL,"IROS 93 : PROCEEDINGS OF THE 1993 IEEE/RSJ INTERNATIONAL CONFERENCE ON INTELLIGENT ROBOTS AND SYSTEMS, VOL 1-3",,,,,1993 INTERNATIONAL CONF ON INTELLIGENT ROBOTS AND SYSTEMS : INTELLIGENT ROBOTS FOR FLEXIBILITY ( IROS 93 ),"JUL 26-30, 1993","YOKOHAMA, JAPAN","IEEE, IND ELECTR SOC,IEE, ROBOT & AUTOMAT SOC,ROBOT SOC JAPAN,SOC INSTRUMENT & CONTROL ENGINEERS,NEW TECHNOL FOUNDAT",,,,,,,,,,,,,,,,,,,,,,,,,0-7803-0823-9,,,,1993,,,,,,,1173,1180,,,,,,,,,,,,,,,,WOS:A1993BZ32X00160,View Full Record in Web of Science
C,"Mori, A; Naya, F; Osato, N; Kawaoka, T",,,IEEE; IEEE; IEEE,"Mori, A; Naya, F; Osato, N; Kawaoka, T",,,Multiagent-based distributed manipulator control,MF '96 - 1996 IEEE/SICE/RSJ INTERNATIONAL CONFERENCE ON MULTISENSOR FUSION AND INTEGRATION FOR INTELLIGENT SYSTEMS,,,,,1996 IEEE/SICE/RSJ International Conference on Multisensor Fusion and Integration for Intelligent Systems,"DEC 08-11, 1996","WASHINGTON, D.C.","IEEE Ind Electr Soc,IEEE Robot & Automat Soc,Soc Instrument & Control Engineers,Robot Soc Japan",,,,,,,,,,,,,,,,,,,,,,,,,0-7803-3700-X,,,,1996,,,,,,,289,296,,10.1109/MFI.1996.572190,http://dx.doi.org/10.1109/MFI.1996.572190,,,,,,,,,,,,,WOS:A1996BG88Y00039,View Full Record in Web of Science
J,"Vani, GD; Karumuri, SR; Chinnaiah, MC; Siew-Kei, L; Dubey, S",,,,"Vani, G. Divya; Karumuri, Srinivasa Rao; Chinnaiah, M. C.; Siew-Kei, Lam; Dubey, Sanjay",,,A co-operative type of multi-robot parking system with versatile mode and implementation using FPGA,MICROSYSTEM TECHNOLOGIES-MICRO-AND NANOSYSTEMS-INFORMATION STORAGE AND PROCESSING SYSTEMS,,,,,,,,,,,,,,,,,"Karumuri, Srinivasa Rao/R-9060-2018; G, DIVYAVANI/AEP-1016-2022; Dubey, Sanjay/AAB-6405-2021; m c, chinnaiah/AAA-2837-2021","G, DIVYAVANI/0000-0002-5339-9233; Dubey, Sanjay/0000-0003-3845-7738; m c, chinnaiah/0000-0002-1489-7686",,,,,,,,,,,,,0946-7076,1432-1858,,,,OCT,2023,29,10,,,SI,,1515,1528,,10.1007/s00542-023-05525-7,http://dx.doi.org/10.1007/s00542-023-05525-7,,SEP 2023,,,,,,,,,,,WOS:001058977000002,View Full Record in Web of Science
J,"González-Parada, E; Cano-García, J; Aguilera, F; Sandoval, F; Urdiales, C",,,,"Gonzalez-Parada, Eva; Cano-Garcia, Jose; Aguilera, Francisco; Sandoval, Francisco; Urdiales, Cristina",,,A Social Potential Fields Approach for Self-Deployment and Self-Healing in Hierarchical Mobile Wireless Sensor Networks,SENSORS,,,,,,,,,,,,,,,,,"Sandoval, Francisco/J-2915-2019; Urdiales, Cristina/H-4664-2019; Gonzalez Parada, Eva/F-6899-2016; Cano Garcia, Jose Manuel/F-3960-2016","Urdiales, Cristina/0000-0002-9251-6447; Gonzalez Parada, Eva/0000-0001-6072-9424; Cano Garcia, Jose Manuel/0000-0002-8211-7602",,,,,,,,,,,,,,1424-8220,,,,JAN,2017,17,1,,,,,,,120,10.3390/s17010120,http://dx.doi.org/10.3390/s17010120,,,,,,,,28075364,,,,,WOS:000393021000120,View Full Record in Web of Science
C,"Remmels, M; Navarro-Guerrero, N; Wermter, S",,,ACM,"Remmels, Melanie; Navarro-Guerrero, Nicolas; Wermter, Stefan",,,Comparison of Behaviour-Based Architectures for a Collaborative Package Delivery Task,PROCEEDINGS OF THE 5TH INTERNATIONAL CONFERENCE ON HUMAN AGENT INTERACTION (HAI'17),,,,,5th International Conference on Human Agent Interaction (HAI),"OCT 17-20, 2017","Excellence Ctr Cognit Interact Technol, Bielefeld, GERMANY",Assoc Comp Machinery,Excellence Ctr Cognit Interact Technol,,,,,,,,"Navarro-Guerrero, Nicolás/B-2029-2017; Wermter, Stefan/IYJ-4916-2023",,,,,,,,,,,,,,,,978-1-4503-5113-3,,,,2017,,,,,,,121,129,,10.1145/3125739.3125764,http://dx.doi.org/10.1145/3125739.3125764,,,,,,,,,,,,,WOS:000463009800017,View Full Record in Web of Science
J,"MILLAN, JD",,,,"MILLAN, JD",,,REINFORCEMENT LEARNING OF GOAL-DIRECTED OBSTACLE-AVOIDING REACTION STRATEGIES IN AN AUTONOMOUS MOBILE ROBOT,ROBOTICS AND AUTONOMOUS SYSTEMS,,,,,,,,,,,,,,,,,"Millan, Jose del R./F-1696-2011","Millan, Jose del R./0000-0001-5819-1522",,,,,,,,,,,,,0921-8890,1872-793X,,,,OCT,1995,15,4,,,,,275,299,,,,,,,,,,,,,,,,WOS:A1995TG03500004,View Full Record in Web of Science
J,"Schilling, M",,,,"Schilling, Malte",,,Universally manipulable body models-dual quaternion representations in layered and dynamic MMCs,AUTONOMOUS ROBOTS,,,,,,,,,,,,,,,,,"Schilling, Malte/L-7894-2013","Schilling, Malte/0000-0002-0849-483X",,,,,,,,,,,,,0929-5593,1573-7527,,,,MAY,2011,30,4,,,,,399,425,,10.1007/s10514-011-9226-3,http://dx.doi.org/10.1007/s10514-011-9226-3,,,,,,,,,,,,,WOS:000289105400004,View Full Record in Web of Science
J,"Sinapov, J; Sukhoy, V; Sahai, R; Stoytchev, A",,,,"Sinapov, Jivko; Sukhoy, Vladimir; Sahai, Ritika; Stoytchev, Alexander",,,Vibrotactile Recognition and Categorization of Surfaces by a Humanoid Robot,IEEE TRANSACTIONS ON ROBOTICS,,,,,,,,,,,,,,,,,,,,,,,,,,,,,,,1552-3098,1941-0468,,,,JUN,2011,27,3,,,SI,,488,497,,10.1109/TRO.2011.2127130,http://dx.doi.org/10.1109/TRO.2011.2127130,,,,,,,,,,,,,WOS:000291404600010,View Full Record in Web of Science
J,"MARAPANE, SB; TRIVEDI, MM",,,,"MARAPANE, SB; TRIVEDI, MM",,,EXPERIMENTS IN ACTIVE VISION WITH REAL AND VIRTUAL ROBOT HEADS,APPLIED INTELLIGENCE,,,,,,,,,,,,,,,,,,,,,,,,,,,,,,,0924-669X,,,,,JUL,1995,5,3,,,,,237,250,,10.1007/BF00872224,http://dx.doi.org/10.1007/BF00872224,,,,,,,,,,,,,WOS:A1995RD52400003,View Full Record in Web of Science
C,"Azar, MG; Ahmadabadi, MN; Farahmand, AM; Araabi, BN",,,IEEE,"Azar, Mohammad G.; Ahmadabadi, Majid Nili; Farahmand, Amir Massoud; Araabi, Babak Nadjar",,,Learning to coordinate behaviors in soft behavior-based systems using reinforcement learning,"2006 IEEE INTERNATIONAL JOINT CONFERENCE ON NEURAL NETWORK PROCEEDINGS, VOLS 1-10",IEEE International Joint Conference on Neural Networks (IJCNN),,,,IEEE International Joint Conference on Neural Network,"JUL 16-21, 2006","Vancouver, CANADA",IEEE,,,,,,,,,"Nadjar Araabi, Babak/C-5069-2017","Nadjar Araabi, Babak/0000-0002-5283-263X",,,,,,,,,,,,,2161-4393,,978-0-7803-9490-2,,,,2006,,,,,,,241,+,,,,,,,,,,,,,,,,WOS:000245125900037,View Full Record in Web of Science
C,"Tunstel, E; Danny, H; Lippincott, T; Jamshidi, M",,,IEEE,"Tunstel, E; Danny, H; Lippincott, T; Jamshidi, M",,,Adaptive fuzzy-behavior hierarchy for autonomous navigation,"1997 IEEE INTERNATIONAL CONFERENCE ON ROBOTICS AND AUTOMATION - PROCEEDINGS, VOLS 1-4",IEEE INTERNATIONAL CONFERENCE ON ROBOTICS AND AUTOMATION,,,,1997 IEEE International Conference on Robotics and Automation (ICRA97) - Teaming to Make an Impact,"APR 20-25, 1997","ALBUQUERQUE, NM","IEEE, Robot & Automat Soc",,,,,,,,,,,,,,,,,,,,,,,1050-4729,,0-7803-3613-5,,,,1997,,,,,,,829,834,,,,,,,,,,,,,,,,WOS:A1997BJ42X00131,View Full Record in Web of Science
C,"Flemisch, T; Viergutz, A; Dachselt, R",,,ACM/IEEE,"Flemisch, Tamara; Viergutz, Andre; Dachselt, Raimund",,,Easy Authoring of Variable Gestural Expressions for a Humanoid Robot,HRI'14: PROCEEDINGS OF THE 2014 ACM/IEEE INTERNATIONAL CONFERENCE ON HUMAN-ROBOT INTERACTION,ACM IEEE International Conference on Human-Robot Interaction,,,,9th ACM/IEEE International Conference on Human-Robot Interaction (HRI),"MAR 03-06, 2014","Bielefeld, GERMANY","ACM SIGCHI,ACM SIGAI,IEEE Robotics & Automation,HFES,AAAI,ACM,IEEE",,,,,,,,,"Dachselt, Raimund/B-2860-2017","Dachselt, Raimund/0000-0002-2176-876X",,,,,,,,,,,,,2167-2121,2167-2148,978-1-4503-2658-2,,,,2014,,,,,,,328,328,,10.1145/2559636.2559786,http://dx.doi.org/10.1145/2559636.2559786,,,,,,,,,,,,,WOS:000455229400137,View Full Record in Web of Science
J,"Jayasiri, A; Mann, GKI; Gosine, RG",,,,"Jayasiri, Awantha; Mann, George K. I.; Gosine, Raymond G.",,,Modular Supervisory Control and Hierarchical Supervisory Control of Fuzzy Discrete-Event Systems,IEEE TRANSACTIONS ON AUTOMATION SCIENCE AND ENGINEERING,,,,,,,,,,,,,,,,,"Mann, George K. I./AAW-9312-2021","Mann, George K. I./0000-0002-1211-3374",,,,,,,,,,,,,1545-5955,1558-3783,,,,APR,2012,9,2,,,,,353,364,,10.1109/TASE.2011.2181364,http://dx.doi.org/10.1109/TASE.2011.2181364,,,,,,,,,,,,,WOS:000304755100014,View Full Record in Web of Science
J,"Ampatzis, C; Tuci, E; Trianni, V; Christensen, AL; Dorigo, M",,,,"Ampatzis, Christos; Tuci, Elio; Trianni, Vito; Christensen, Anders Lyhne; Dorigo, Marco",,,Evolving Self-Assembly in Autonomous Homogeneous Robots: Experiments with Two Physical Robots,ARTIFICIAL LIFE,,,,,,,,,,,,,,,,,"Christensen, Anders/B-2931-2012; Trianni, Vito/B-8332-2015; Christensen, Anders Lyhne/E-3384-2010; Dorigo, Marco/B-5664-2013","Trianni, Vito/0000-0002-9114-8486; Christensen, Anders Lyhne/0000-0002-9994-2908; Dorigo, Marco/0000-0002-3971-0507",,,,,,,,,,,,,1064-5462,1530-9185,,,,FAL,2009,15,4,,,,,465,484,,10.1162/artl.2009.Ampatzis.013,http://dx.doi.org/10.1162/artl.2009.Ampatzis.013,,,,,,,,19463056,,,,,WOS:000268877000004,View Full Record in Web of Science
C,"Zhao, J; Liu, Q; Schuetz, S; Berns, K",,"Su, H; Wang, T; Tokhi, MO; Virk, GS",,"Zhao, Jie; Liu, Qi; Schuetz, Steffen; Berns, Karsten",,,A BIO-INSPIRED BEHAVIOR BASED BIPEDAL LOCOMOTION CONTROL-B4LC METHOD FOR BIPEDAL UPSLOPE WALKING,ASSISTIVE ROBOTICS,,,,,18th Climbing and Walking Robots Conference (CLAWAR),"SEP 06-09, 2015","Hangzhou, PEOPLES R CHINA","State Key Lab Indl Control Technol,Zhejiang Assoc Automat,GUOZI Robot Co,Zhejiang Univ,HangZhou Assoc Sci & Technol,HangZhou Automat Soc,CLAWAR Assoc",,,,,,,,,"Liu, Qi/B-5325-2008",,,,,,,,,,,,,,,,978-981-4725-23-1,,,,2016,,,,,,,149,156,,,,,,,,,,,,,,,,WOS:000391656500021,View Full Record in Web of Science
J,"Noguchi, W; Iizuka, H; Yamamoto, M",,,,"Noguchi, Wataru; Iizuka, Hiroyuki; Yamamoto, Masahito",,,Navigation behavior based on self-organized spatial representation in hierarchical recurrent neural network,ADVANCED ROBOTICS,,,,,IEEE/RSJ International Conference on Intelligent Robots and Systems (IROS) / Workshop on Machine Learning Methods for High-Level Cognitive Capabilities in Robotics,"SEP 24-28, 2017","Vancouver, CANADA","IEEE,RSJ,IEEE Robot & Automat Soc,IEEE IES,SICE,New Technol Fdn",,,,,,,,,,,,,,,,,,,,,,,0169-1864,1568-5535,,,,JUN 3,2019,33,11,,,SI,,539,549,,10.1080/01691864.2019.1566088,http://dx.doi.org/10.1080/01691864.2019.1566088,,,,,,,,,,,,,WOS:000473486200002,View Full Record in Web of Science
J,"Lin, JL; Hwang, KS; Wang, YL",,,,"Lin, Jin-Ling; Hwang, Kao-Shing; Wang, Ya-Ling",,,A Simple Scheme for Formation Control Based on Weighted Behavior Learning,IEEE TRANSACTIONS ON NEURAL NETWORKS AND LEARNING SYSTEMS,,,,,,,,,,,,,,,,,"Hwang, Kao-Shing/AAD-2644-2020","Hwang, Kao-Shing/0000-0001-9234-4836",,,,,,,,,,,,,2162-237X,2162-2388,,,,JUN,2014,25,6,,,,,1033,1044,,10.1109/TNNLS.2013.2285123,http://dx.doi.org/10.1109/TNNLS.2013.2285123,,,,,,,,,,,,,WOS:000336917000002,View Full Record in Web of Science
J,"Kim, AT; Li, SD; Kim, Y; You, YJ; Park, Y",,,,"Kim, Aaron Taehwan; Li, Sida; Kim, Yoo; You, Young-Jai; Park, Yeonhwa",,,Food preference-based screening method for identification of effectors of substance use disorders using Caenorhabditis elegans,LIFE SCIENCES,,,,,,,,,,,,,,,,,,"Kim, Aaron/0000-0002-5879-4355",,,,,,,,,,,,,0024-3205,1879-0631,,,,MAY 15,2024,345,,,,,,,,122580,10.1016/j.lfs.2024.122580,http://dx.doi.org/10.1016/j.lfs.2024.122580,,MAR 2024,,,,,,38514005,,,,,WOS:001214371900001,View Full Record in Web of Science
C,"Angulo, C; Téllez, RA; Pardo, DE",,"Angulo, C; Godo, L",,"Angulo, Cecilio; Tellez, Ricardo A.; Pardo, Diego E.",,,Tactical Modularity in Cognitive Systems,ARTIFICIAL INTELLIGENCE RESEARCH AND DEVELOPMENT,Frontiers in Artificial Intelligence and Applications,,,,10th International Conference of the Catalan-Association-for-Artificial-Intelligence,"OCT 25-26, 2007","St Julia de Loria, ANDORRA",Catalan Assoc Artificial Intelligence,,,,,,,,,"Angulo, Cecilio/A-7953-2010","Angulo, Cecilio/0000-0001-9589-8199",,,,,,,,,,,,,0922-6389,1879-8314,978-1-58603-798-7,,,,2007,163,,,,,,323,+,,,,,,,,,,,,,,,,WOS:000273289100036,View Full Record in Web of Science
J,"Reichard, KM",,,,"Reichard, KM",,,Integrating self-health awareness in autonomous systems,ROBOTICS AND AUTONOMOUS SYSTEMS,,,,,Spring Symposium of the American-Association-for-Artificial-Intelligence,"MAR 22-24, 2004","Palo Alto, CA",Amer Assoc Artificial Intelligence,,,,,,,,,,,,,,,,,,,,,,,0921-8890,,,,,NOV 30,2004,49,1-2,,,,,105,112,,10.1016/j.robot.2004.07.021,http://dx.doi.org/10.1016/j.robot.2004.07.021,,,,,,,,,,,,,WOS:000225179500010,View Full Record in Web of Science
C,"Petriu, EM; Patry, GG; Whalen, TE; Al-Dhaher, A; Groza, VZ",,,IEEE; IEEE,"Petriu, EM; Patry, GG; Whalen, TE; Al-Dhaher, A; Groza, VZ",,,Intelligent Robotic Sensor Agents for environment monitoring,VIMS 2002: IEEE INTERNATIONAL SYMPOSIUM ON VIRTUAL AND INTELLIGENT MEASUREMENT SYSTEMS: DISTRIBUTED INTELLIGENT SENSING FOR ADVANCED INTEGRATED VIRTUAL ENVIRONMENTS,,,,,IEEE International Symposium on Virtual and Intelligent Measurement Systems,"MAY 19-20, 2002","GIRDWOOD, AK","IEEE Instrumentat & Measurement Soc,IEEE Neural Networks Soc",,,,,,,,,,,,,,,,,,,,,,,,,0-7803-7344-8,,,,2002,,,,,,,14,19,,10.1109/VIMS.2002.1009350,http://dx.doi.org/10.1109/VIMS.2002.1009350,,,,,,,,,,,,,WOS:000176642300003,View Full Record in Web of Science
C,"Bartók, R; Toronya, B",,"Kot, A",,"Bartok, Roland; Toronya, Bertalan",,,An Agent Based Simulator on ROS for Fuzzy Behavior Description Language (FBDL),"2024 25TH INTERNATIONAL CARPATHIAN CONTROL CONFERENCE, ICCC 2024",,,,,25th International Carpathian Control Conference (ICCC),"MAY 22-24, 2024","Krynica-Zdroj, POLAND",IEEE,,,,,,,,,"Bartók, Roland/AAX-3618-2021",,,,,,,,,,,,,,,,979-8-3503-5070-8; 979-8-3503-5071-5,,,,2024,,,,,,,,,,10.1109/ICCC62069.2024.10569497,http://dx.doi.org/10.1109/ICCC62069.2024.10569497,,,,,,,,,,,,,WOS:001268679000040,View Full Record in Web of Science
J,"Ulam, PD; Arkin, RC",,,,"Ulam, Patrick D.; Arkin, Ronald C.",,,Biasing behavioral activation with intent for an entertainment robot,INTELLIGENT SERVICE ROBOTICS,,,,,,,,,,,,,,,,,,,,,,,,,,,,,,,1861-2776,1861-2784,,,,JUL,2008,1,3,,,,,195,209,,10.1007/s11370-008-0021-8,http://dx.doi.org/10.1007/s11370-008-0021-8,,,,,,,,,,,,,WOS:000510884500002,View Full Record in Web of Science
C,"Jan, QH; Klein, S; Berns, K",,"Berns, K; Gorges, D",,"Jan, Qazi Hamza; Klein, Sascha; Berns, Karsten",,,Safe and Efficient Navigation of an Autonomous Shuttle in a Pedestrian Zone,ADVANCES IN SERVICE AND INDUSTRIAL ROBOTICS,Advances in Intelligent Systems and Computing,,,,28th International Conference on Robotics in Alpe-Adria-Danube Region (RAAD),"JUN 19-21, 2019","Tech Univ Kaiserslautern, Kaiserslautern, GERMANY","Fraunhofer Zentrum Kaiserslautern,Deutsche Forschungsgemeinschaft",Tech Univ Kaiserslautern,,,,,,,,,,,,,,,,,,,,,,2194-5357,2194-5365,978-3-030-19648-6; 978-3-030-19647-9,,,,2020,980,,,,,,267,274,,10.1007/978-3-030-19648-6_31,http://dx.doi.org/10.1007/978-3-030-19648-6_31,,,,,,,,,,,,,WOS:000489761000031,View Full Record in Web of Science
C,"Spyrakos-Papastavridis, E; Childs, PRN; Tsagarakis, NG",,,IEEE,"Spyrakos-Papastavridis, Emmanouil; Childs, Peter R. N.; Tsagarakis, Nikos G.",,,Variable Impedance Walking using Time-Varying Lyapunov Stability Margins,2017 IEEE-RAS 17TH INTERNATIONAL CONFERENCE ON HUMANOID ROBOTICS (HUMANOIDS),,,,,IEEE-RAS 17th International Conference on Humanoid Robotics (Humanoids),"NOV 15-17, 2017","Birmingham, ENGLAND","IEEE, RAS",,,,,,,,,,"Tsagarakis, Nikos/0000-0002-9877-8237",,,,,,,,,,,,,,,978-1-5386-4678-6,,,,2017,,,,,,,318,323,,,,,,,,,,,,,,,,WOS:000427350100045,View Full Record in Web of Science
C,"Xu, L; Zhang, LG; Chen, YZ",,"Gervasi, O; Gavrilova, ML",,"Xu, Lu; Zhang, Liguo; Chen, Yangzhou",,,Real-time navigation for a mobile robot based on the autonomous behavior agent,"COMPUTATIONAL SCIENCE AND ITS APPLICATIONS - ICCSA 2007, PT 3, PROCEEDINGS",Lecture Notes in Computer Science,,,,International Conference on Computational Science and Its Applications (ICCSA 2007),"AUG 26-29, 2007","Kuala Lumpur, MALAYSIA","Univ Perugia,Univ Calgary,Optima Numerics,Spark Planner Pte Ltd,Univ Calgary, SPARCS Lab,MASTER UP",,,,,,,,,"Zhang, Xingcheng/AAC-6392-2019; LIGUO, ZHANG/AAC-8765-2021",,,,,,,,,,,,,,0302-9743,1611-3349,978-3-540-74482-5,,,,2007,4707,,,,,,69,+,,,,,,,,,,,,,,,,WOS:000250429700007,View Full Record in Web of Science
C,"Sagar, M",,,ACM,"Sagar, Mark",,,Making Simulated Faces Come Alive,ELEVENTH ACM/IEEE INTERNATIONAL CONFERENCE ON HUMAN ROBOT INTERACTION (HRI'16),ACM IEEE International Conference on Human-Robot Interaction,,,,11th ACM/IEEE International Conference on Human-Robot Interaction (HRI),"MAR 07-10, 2016","Christchurch, NEW ZEALAND","ACM,IEEE,ACM SIGCHI,ACM SIGAI,IEEE Robot & Automat Soc,HFES,AAAI,ACM SIGART",,,,,,,,,,,,,,,,,,,,,,,2167-2121,2167-2148,978-1-4673-8369-1,,,,2016,,,,,,,1,1,,,,,,,,,,,,,,,,WOS:000389809100001,View Full Record in Web of Science
J,"Zhang, H; Yang, GL; Zheng, TJ; Shen, WJ; Wang, Y; Zhang, GL; Fang, ZJ; Zhang, C",,,,"Zhang, Hao; Yang, Guilin; Zheng, Tianjiang; Shen, Wenjun; Wang, Yi; Zhang, Guolong; Fang, Zaojun; Zhang, Chi",,,Design and Modeling of a Compound Twisted and Coiled Actuator Based on Spandex Fibers and an SMA Skeleton,IEEE ROBOTICS AND AUTOMATION LETTERS,,,,,,,,,,,,,,,,,"Yang, Guilin/JMB-5558-2023; Zhang, Guolong/HCI-5587-2022; Shen, Wen/E-1584-2015","Wang, Yi/0000-0001-9681-2334; Yang, Guilin/0000-0001-6144-3401; Zhang, Chi/0000-0002-1097-7101",,,,,,,,,,,,,2377-3766,,,,,APR,2022,7,2,,,,,1439,1446,,10.1109/LRA.2021.3137567,http://dx.doi.org/10.1109/LRA.2021.3137567,,,,,,,,,,,,,WOS:000742180000021,View Full Record in Web of Science
C,"Hawthorne, RC; Stipes, JA; Chalmers, RW; Scheidt, DH",,,IEEE,"Hawthorne, Robert C.; Stipes, Jason A.; Chalmers, Robert W.; Scheidt, David H.",,,Demonstration of effects-based operations using fully autonomous heterogeneous vehicle swarms,"PROCEEDINGS OF THE 2007 IEEE INTERNATIONAL CONFERENCE ON ROBOTICS AND AUTOMATION, VOLS 1-10",IEEE International Conference on Robotics and Automation ICRA,,,,IEEE International Conference on Robotics and Automation,"APR 10-14, 2007","Rome, ITALY",IEEE,,,,,,,,,,,,,,,,,,,,,,,1050-4729,,978-1-4244-0601-2,,,,2007,,,,,,,3124,+,,10.1109/ROBOT.2007.363948,http://dx.doi.org/10.1109/ROBOT.2007.363948,,,,,,,,,,,,,WOS:000250915303020,View Full Record in Web of Science
J,"Guzel, MS; Bicker, R",,,,"Guzel, Mehmet Serdar; Bicker, Robert",,,A Behaviour-Based Architecture for Mapless Navigation Using Vision Regular Paper,INTERNATIONAL JOURNAL OF ADVANCED ROBOTIC SYSTEMS,,,,,,,,,,,,,,,,,"Güzel, Mehmet/AAI-7466-2020",,,,,,,,,,,,,,1729-8814,,,,,APR 25,2012,9,,,,,,,,18,10.5772/46200,http://dx.doi.org/10.5772/46200,,,,,,,,,,,,,WOS:000306514600001,View Full Record in Web of Science
C,"Fonfara, J; Hellbach, S; Böhme, HJ",,"Horain, P; Chellali, A; Mallem, M",,"Fonfara, Johannes; Hellbach, Sven; Boehme, Hans-Joachim",,,Imitating dialog strategies under uncertainty,"6TH INTERNATIONAL CONFERENCE ON INTELLIGENT HUMAN COMPUTER INTERACTION, IHCI 2014",Procedia Computer Science,,,,6th International Conference on Intelligent Human Computer Interaction (IHCI),"DEC 08-10, 2014","Evry, FRANCE",,,,,,,,,,,"Hellbach, Sven/0000-0002-7595-8913",,,,,,,,,,,,,1877-0509,,,,,,2014,39,,,,,,131,138,,10.1016/j.procs.2014.11.019,http://dx.doi.org/10.1016/j.procs.2014.11.019,,,,,,,,,,,,,WOS:000360015500018,View Full Record in Web of Science
C,"López-Sánchez, M",,,INSTICC,"Lopez-Sanchez, Maite",,,Robot behavior adaptation for formation maintenance,"ICINCO 2006: PROCEEDINGS OF THE THIRD INTERNATIONAL CONFERENCE ON INFORMATICS IN CONTROL, AUTOMATION AND ROBOTICS: ROBOTICS AND AUTOMATION",,,,,"3rd International Conference on Informatics in Control, Automation and Robotics","AUG 01-05, 2006","Setubal Coll Business Adm, Setubal, PORTUGAL","Inst Syst & Technol Informat Control & Commun,Polytech Inst Setubal,IEEE Robot & Automat Soc,Int Federat Automat Control,Amer Assoc Artificial Intelligence,AgentLink,ACM SIGAI,Portuguese Assoc Automat Control",Setubal Coll Business Adm,,,,,,,,"Lopez-Sanchez, Maite/I-2113-2015","Lopez-Sanchez, Maite/0000-0002-1838-5928",,,,,,,,,,,,,,,972-8865-60-0,,,,2006,,,,,,,283,288,,,,,,,,,,,,,,,,WOS:000241941800046,View Full Record in Web of Science
C,"Shahri, SH; Rastegar, F; Fouladi, K",,"DelPobil, AP",,"Shahri, SH; Rastegar, F; Fouladi, K",,,Behavioristic vision based control of robot manipulators,Proceedings of the Ninth IASTED International Conference on Artificial Intelligence and Soft Computing,,,,,9th IASTED International Conference on Artificial Intelligence and Soft Computing,"SEP 12-14, 2005","Benidorm, SPAIN","Int Assoc Sci & Technol Dev, TC Artificial Intelligence & Expert Syst,IASTED, TC Soft Comp",,,,,,,,,,,,,,,,,,,,,,,,,0-88986-536-1,,,,2005,,,,,,,364,369,,,,,,,,,,,,,,,,WOS:000233165700065,View Full Record in Web of Science
C,"Lin, Q; Zhang, DQ; Huang, XD; Ni, HB; Zhou, XS",,,IEEE,"Lin, Qiang; Zhang, Daqing; Huang, Xiaodi; Ni, Hongbo; Zhou, Xingshe",,,Detecting Wandering Behavior Based on GPS Traces for Elders with Dementia,"2012 12TH INTERNATIONAL CONFERENCE ON CONTROL, AUTOMATION, ROBOTICS & VISION (ICARCV)",International Conference on Control Automation Robotics and Vision,,,,"12th International Conference on Control, Automation, Robotics and Vision (ICARCV)","DEC 05-07, 2012","Guangzhou, PEOPLES R CHINA",,,,,,,,,,"Huang, Xiaodi/E-9204-2012","Huang, Xiaodi/0000-0002-6084-1851",,,,,,,,,,,,,2474-2953,,978-1-4673-1872-3; 978-1-4673-1871-6,,,,2012,,,,,,,672,677,,,,,,,,,,,,,,,,WOS:000317972500116,View Full Record in Web of Science
C,"Hayati, P; Chai, K; Potdar, V; Talevski, A",,"Taniar, D; Gervasi, O; Murgante, B; Pardede, E; Apduhan, BO",,"Hayati, Pedram; Chai, Kevin; Potdar, Vidyasagar; Talevski, Alex",,,Behaviour-Based Web Spambot Detection by Utilising Action Time and Action Frequency,"COMPUTATIONAL SCIENCE AND ITS APPLICATIONS - ICCSA 2010, PT 2, PROCEEDINGS",Lecture Notes in Computer Science,,,,International Conference on Computational Science and Its Applications,"MAR 20-28, 2010","Fukuoka, JAPAN","Univ Perugia,Monash Univ,La Trobe Univ,Univ Basilicata,Kyushu Sangyo Univ",,,,,,,,,"Potdar, Vidyasagar/I-1094-2014; Chai, Kevin/F-1015-2013","Potdar, Vidyasagar/0000-0002-7292-5462; Chai, Kevin/0000-0003-1645-0922",,,,,,,,,,,,,0302-9743,1611-3349,978-3-642-12164-7,,,,2010,6017,,,,,,351,360,,,,,,,,,,,,,,,,WOS:000279383700028,View Full Record in Web of Science
C,"Guo, S; Liu, YW",,,IEEE,"Guo, Shan; Liu, Yaowei",,,A way for regulating branch tip fusion behavior based on Turing mechanism,2021 IEEE INTERNATIONAL CONFERENCE ON ROBOTICS AND BIOMIMETICS (IEEE-ROBIO 2021),,,,,IEEE International Conference on Robotics and Biomimetics (IEEE ROBIO),"DEC 27-31, 2021","Sanya, PEOPLES R CHINA","IEEE,IEEE Robot & Automat Soc,Chiba Inst Technol,Nankai Univ,Texas State Univ,Nokov,NE Univ",,,,,,,,,,,,,,,,,,,,,,,,,978-1-6654-0535-5,,,,2021,,,,,,,204,208,,10.1109/ROBIO54168.2021.9739590,http://dx.doi.org/10.1109/ROBIO54168.2021.9739590,,,,,,,,,,,,,WOS:000812286900034,View Full Record in Web of Science
J,"Sarmiento, TA; Murphy, RR",,,,"Sarmiento, Traci A.; Murphy, Robin R.",,,Insights on obstacle avoidance for small unmanned aerial systems from a study of flying animal behavior,ROBOTICS AND AUTONOMOUS SYSTEMS,,,,,,,,,,,,,,,,,,,,,,,,,,,,,,,0921-8890,1872-793X,,,,JAN,2018,99,,,,,,17,29,,10.1016/j.robot.2017.09.002,http://dx.doi.org/10.1016/j.robot.2017.09.002,,,,,,,,,,,,,WOS:000419417200002,View Full Record in Web of Science
C,"Edsinger, A; Kemp, CC",,"Lee, S; Suh, IH; Kim, MS",,"Edsinger, Aaron; Kemp, Charles C.",,,Two arms are better than one: A Behavior based control system for assistive bimanual manipulation,RECENT PROGRESS IN ROBOTICS: VIABLE ROBOTIC SERVICE TO HUMAN,Lecture Notes in Control and Information Sciences,,,,13th International Conference on Advanced Robotics,"AUG 22-25, 2007","Jeju Isl, SOUTH KOREA",,,,,,,,,,,,,,,,,,,,,,,,0170-8643,,978-3-540-76728-2,,,,2008,370,,,,,,345,+,,,,,,,,,,,,,,,,WOS:000252925100024,View Full Record in Web of Science
C,"Pirjanian, P",,"Schenker, PS; McKee, GT",,"Pirjanian, P",,,Satisfying action selection,SENSOR FUSION AND DECENTRALIZED CONTROL IN ROBOTIC SYSTEMS,PROCEEDINGS OF THE SOCIETY OF PHOTO-OPTICAL INSTRUMENTATION ENGINEERS (SPIE),,,,Conference on Sensor Fusion amd Decentralized Control in Robotic Systems,"NOV 02-03, 1998","BOSTON, MA",SPIE Int Soc Opt Engn,,,,,,,,,,,,,,,,,,,,,,,0277-786X,,0-8194-2984-8,,,,1998,3523,,,,,,157,168,,10.1117/12.326997,http://dx.doi.org/10.1117/12.326997,,,,,,,,,,,,,WOS:000077158300017,View Full Record in Web of Science
J,"Tlale, NS",,,,"Tlale, NS",,,Fuzzy logic controller with slip detection behaviour for Mecanum-wheeled AGV,ROBOTICA,,,,,,,,,,,,,,,,,,,,,,,,,,,,,,,0263-5747,,,,,JUL-AUG,2005,23,,4,,,,455,456,,10.1017/S0263574705001888,http://dx.doi.org/10.1017/S0263574705001888,,,,,,,,,,,,,WOS:000230500900014,View Full Record in Web of Science
J,"Domínguez, DC; Iannotta, M; Stork, JA; Schaffernicht, E; Stoyanov, T",,,,"Dominguez, David Caceres; Iannotta, Marco; Stork, Johannes A.; Schaffernicht, Erik; Stoyanov, Todor",,,A Stack-of-Tasks Approach Combined With Behavior Trees: A New Framework for Robot Control,IEEE ROBOTICS AND AUTOMATION LETTERS,,,,,,,,,,,,,,,,,"Stoyanov, Todor/K-8999-2013; Iannotta, Marco/MAI-1484-2025","Iannotta, Marco/0000-0002-2142-6516; Stoyanov, Todor/0000-0002-6013-4874; Caceres Dominguez, David/0000-0003-2279-9418",,,,,,,,,,,,,2377-3766,,,,,OCT,2022,7,4,,,,,12110,12117,,10.1109/LRA.2022.3211481,http://dx.doi.org/10.1109/LRA.2022.3211481,,,,,,,,,,,,,WOS:000868319800006,View Full Record in Web of Science
J,"Halachmi, I",,,,"Halachmi, I",,,"Designing the optimal robotic milking barn, Part 2: Behaviour-based simulation",JOURNAL OF AGRICULTURAL ENGINEERING RESEARCH,,,,,,,,,,,,,,,,,,"Halachmi, Ilan/0000-0002-2303-1016",,,,,,,,,,,,,0021-8634,,,,,SEP,2000,77,1,,,,,67,79,,10.1006/jaer.2000.0563,http://dx.doi.org/10.1006/jaer.2000.0563,,,,,,,,,,,,,WOS:000089603300005,View Full Record in Web of Science
C,"Guerrero-González, A; Pedreno-Molina, JL; Pinzolas-Prado, M; López-Coronado, J; García-Córdova, F",,"Bidaud, P; BenAmar, F",,"Guerrero-González, A; Pedreno-Molina, JL; Pinzolas-Prado, M; López-Coronado, J; García-Córdova, F",,,A remote distributed neural controller biologically inspired for control of robotics systems,CLIMBING AND WALKING ROBOTS,,,,,5th International Conference on Climbing and Walking Robots (CLAWAR 2002),"SEP 25-27, 2002","PARIS, FRANCE",European Commiss,,,,,,,,,"González, Antonio/AAD-2688-2019",,,,,,,,,,,,,,,,1-86058-380-6,,,,2002,,,,,,,63,70,,,,,,,,,,,,,,,,WOS:000179249900009,View Full Record in Web of Science
C,"Mitsunaga, N; Izumi, T; Asada, M",,,IEEE; IEEE,"Mitsunaga, N; Izumi, T; Asada, M",,,Cooperative behavior based on a subjective map with shared information in a dynamic environment,"IROS 2003: PROCEEDINGS OF THE 2003 IEEE/RSJ INTERNATIONAL CONFERENCE ON INTELLIGENT ROBOTS AND SYSTEMS, VOLS 1-4",,,,,IEEE/RSJ International Conference on Intelligent Robots and Systems,"OCT 27-31, 2003","LAS VEGAS, NV","IEEE Robot & Automat Soc,IEEE Ind Elect Soc,Robot Soc Japan,Soc Instruments & Control Engineers,New Technol Fdn",,,,,,,,,,,,,,,,,,,,,,,,,0-7803-7860-1,,,,2003,,,,,,,291,296,,,,,,,,,,,,,,,,WOS:000187883300048,View Full Record in Web of Science
C,"Herrera, D; Monllor, M; Santiago, D; Roberti, F; Carelli, R",,,IEEE,"Herrera, Daniel; Monllor, Matias; Santiago, Diego; Roberti, Flavio; Carelli, Ricardo",,,Null-space based control for human following and social field avoidance,2017 XVII WORKSHOP ON INFORMATION PROCESSING AND CONTROL (RPIC),,,,,17th Workshop on Information Processing and Control (RPIC),"OCT 20-22, 2017","Mar del Plata, ARGENTINA",IEEE,,,,,,,,,"Santiago, Diego/I-8810-2018; Carelli, Ricardo/AAC-3596-2019","Monllor, Matias/0000-0002-2269-6382",,,,,,,,,,,,,,,978-987-544-754-7,,,,2017,,,,,,,,,,,,,,,,,,,,,,,,WOS:000427184900098,View Full Record in Web of Science
C,"de Carvalho, RN; Vidal, HA; Vieira, P; Ribeiro, MI",,,IEEE,"de Carvalho, RN; Vidal, HA; Vieira, P; Ribeiro, MI",,,Complete coverage path planning and guidance for cleaning robots,"ISIE '97 - PROCEEDINGS OF THE IEEE INTERNATIONAL SYMPOSIUM ON INDUSTRIAL ELECTRONICS, VOLS 1-3",,,,,IEEE International Symposium on Industrial Electronics,"JUL 07-11, 1997","UNIV MINHO, GUIMARAES, PORTUGAL","IEEE Ind Electr Soc,Univ Minho,Soc Ind & Control Engn, Japan,IEEE Portugal Sect,IEEE Ind Electr Portugal Chapter,IEEE Neural Network Council,Portuguese Assoc Automat Control,IEEE Reg 8",UNIV MINHO,,,,,,,,"Ribeiro, Isabel/A-8066-2009","Ribeiro, Isabel/0000-0001-6083-0290",,,,,,,,,,,,,,,0-7803-3936-3,,,,1997,,,,,,,677,682,,,,,,,,,,,,,,,,WOS:000072310300184,View Full Record in Web of Science
J,"Michaud, F; Mataric, MJ",,,,"Michaud, F; Mataric, MJ",,,Representation of behavioral history for learning in nonstationary conditions,ROBOTICS AND AUTONOMOUS SYSTEMS,,,,,,,,,,,,,,,,,,,,,,,,,,,,,,,0921-8890,1872-793X,,,,NOV 30,1999,29,2-3,,,,,187,200,,10.1016/S0921-8890(99)00051-2,http://dx.doi.org/10.1016/S0921-8890(99)00051-2,,,,,,,,,,,,,WOS:000084971900007,View Full Record in Web of Science
J,"Tzafestas, ES",,,,"Tzafestas, ES",,,Reactive robots in the service of production management,JOURNAL OF INTELLIGENT & ROBOTIC SYSTEMS,,,,,,,,,,,,,,,,,,"Tzafestas, Elpida/0000-0001-5754-4146",,,,,,,,,,,,,0921-0296,1573-0409,,,,FEB,1998,21,2,,,,,179,191,,10.1023/A:1007915102641,http://dx.doi.org/10.1023/A:1007915102641,,,,,,,,,,,,,WOS:000072346100008,View Full Record in Web of Science
C,"Shao, JY; Yu, JZ; Fang, YM; Xie, GM; Wang, L",,,IEEE,"Shao, JY; Yu, JZ; Fang, YM; Xie, GM; Wang, L",,,A hierarchical framework for cooperative control of multiple bio-mimetic robotic fish,"2005 IEEE/RSJ INTERNATIONAL CONFERENCE ON INTELLIGENT ROBOTS AND SYSTEMS, VOLS 1-4",,,,,IEEE/RSJ International Conference on Intelligent Robots and Systems,"AUG 02-06, 2005","Edmonton, CANADA","IEEE,Robot Soc Japan",,,,,,,,,"Yu, Junzhi/A-7876-2010; Xie, Guangming/A-5230-2011; Wang, Long/A-7798-2010","Wang, Long/0000-0001-5600-8157",,,,,,,,,,,,,,,0-7803-8912-3,,,,2005,,,,,,,3289,3294,,,,,,,,,,,,,,,,WOS:000235632103034,View Full Record in Web of Science
C,"Langosz, M; Quack, L; Dettmann, A; Bartsch, S; Kirchner, F",,"Waldron, KJ; Tokhi, MO; Virk, GS",,"Langosz, Malte; Quack, Lorenz; Dettmann, Alexander; Bartsch, Sebastian; Kirchner, Frank",,,A BEHAVIOR-BASED LIBRARY FOR LOCOMOTION CONTROL OF KINEMATICALLY COMPLEX ROBOTS,NATURE INSPIRED MOBILE ROBOTICS,,,,,Conference on Climbing and Walking Robots (CLAWAR),"JUL 14-17, 2013","Sydney, AUSTRALIA","Int Federat Promot Mech & Machine Sci,Univ Technol Sydney,CLAWAR Assoc",,,,,,,,,"Bartsch, Sebastian/P-3015-2016; Kirchner, Frank/P-6503-2016","Langosz, Malte/0000-0002-2262-926X; Kirchner, Frank/0000-0002-1713-9784; Bartsch, Sebastian/0000-0001-6580-7292",,,,,,,,,,,,,,,978-981-4525-52-7,,,,2013,,,,,,,495,502,,,,,,,,,,,,,,,,WOS:000337122900063,View Full Record in Web of Science
J,"Wei, W; Sun, J; Miao, W; Chen, T; Sun, HC; Lin, SY; Gu, C",,,,"Wei, Wei; Sun, Jie; Miao, Wei; Chen, Tong; Sun, Hanchu; Lin, Shuyuan; Gu, Chao",,,Using the Extended Unified Theory of Acceptance and Use of Technology to explore how to increase users' intention to take a robotaxi,HUMANITIES & SOCIAL SCIENCES COMMUNICATIONS,,,,,,,,,,,,,,,,,"Gu, Chao/AFW-9911-2022; Sun, Jie/GQY-7243-2022; WEI (wei wei), WEI/AFO-6298-2022","Sun, Jie/0000-0002-5923-9126; Gu, Chao/0000-0002-9810-3168; Miao, Wei/0000-0002-1351-6298; WEI (wei wei), WEI/0000-0003-1852-2811",,,,,,,,,,,,,,2662-9992,,,,JUN 10,2024,11,1,,,,,,,746,10.1057/s41599-024-03271-3,http://dx.doi.org/10.1057/s41599-024-03271-3,,,,,,,,,,,,,WOS:001243782900003,View Full Record in Web of Science
C,"Lee, KH; Jung, MJ; Kim, JH",,"DAuriol, BJ; Abonamah, A; AlAyyoub, AE",,"Lee, KH; Jung, MJ; Kim, JH",,,Control architecture design of mobile printer system based on multi-robot cooperation,CIC'2001: PROCEEDINGS OF THE INTERNATIONAL CONFERENCE ON COMMUNICATIONS IN COMPUTING,,,,,2nd International Conference on Communications in Computing (CIC 2001),"JUN 25-28, 2001","LAS VEGAS, NV","Univ Texas El Paso, Dept Comp Sci,Comp Sci Res, Educ & Applicat Press,Monte Carlo Resort,Int Technol Inst,Korea Informat Processing Soc,World Acad Sci Informat Technol,PACT Corp",,,,,,,,,,,,,,,,,,,,,,,,,1-892512-75-0,,,,2001,,,,,,,10,16,,,,,,,,,,,,,,,,WOS:000174875800003,View Full Record in Web of Science
C,"Liang, HG; Jiang, CY; Huang, JN",,,IEEE,"Liang, HG; Jiang, CY; Huang, JN",,,A knowledge-based approach for object classification for robotic assembly,"1997 IEEE INTERNATIONAL CONFERENCE ON INTELLIGENT PROCESSING SYSTEMS, VOLS 1 & 2",,,,,IEEE International Conference on Intelligent Processing Systems,"OCT 28-31, 1997","BEIJING, PEOPLES R CHINA","State Sci & Technol Commiss China,Chinese Electr Min,Beijing Govt,IEEE, Ind Electr Soc,Tsinghua Univ, China,NW Polytechn Univ, China,State Council China, Int Technol & Econ Inst,Chinese Assoc Automat,Natl Nat Sci Fdn China,Japanese Soc Instruments & Control Engn,Japan Soc Fuzzy Theory & Syst,Beijing Assoc Sci & Technol Exchange Foreign Countries,IEEE, Control Soc, Beijing Chapter",,,,,,,,,,,,,,,,,,,,,,,,,0-7803-4253-4,,,,1997,,,,,,,1260,1262,,,,,,,,,,,,,,,,WOS:000073594000274,View Full Record in Web of Science
J,"Abujabal, N; Baziyad, M; Fareh, R; Brahmi, B; Rabie, T; Bettayeb, M",,,,"Abujabal, Nour; Baziyad, Mohammed; Fareh, Raouf; Brahmi, Brahim; Rabie, Tamer; Bettayeb, Maamar",,,A Comprehensive Study of Recent Path-Planning Techniques in Dynamic Environments for Autonomous Robots,SENSORS,,,,,,,,,,,,,,,,,"Brahmi, Brahim/ISB-3107-2023","brahim, Brahmi/0000-0002-4486-0710; Fareh, Raouf/0000-0002-6289-3049",,,,,,,,,,,,,,1424-8220,,,,DEC,2024,24,24,,,,,,,8089,10.3390/s24248089,http://dx.doi.org/10.3390/s24248089,,,,,,,,39771824,,,,,WOS:001387109600001,View Full Record in Web of Science
C,"Abdel-latif, S; Abdel-geliel, M; Zakzouk, EE",,"Antsaklis, P; Valavanis, K; Tsourveloudis, N; Zingaretti, P; Moreno, L",,"Abdel-latif, S.; Abdel-geliel, M.; Zakzouk, E. Eldin",,,Simulation of Ship Maneuvering Behavior Based on The Modular Mathematical Model,2013 21ST MEDITERRANEAN CONFERENCE ON CONTROL AND AUTOMATION (MED),Mediterranean Conference on Control and Automation,,,,21st Mediterranean Conference on Control and Automation (MED),"JUN 25-28, 2013","Platanias, GREECE","Mediterranean Control Assoc,IEEE Control Syst Soc,IEEE Robot & Automat Soc,Tech Univ Crete,Univ Denver,IEEE",,,,,,,,,,"Abdel-Geliel, Mostafa/0000-0001-8014-4896",,,,,,,,,,,,,2325-369X,,978-1-4799-0995-7; 978-1-4799-0997-1,,,,2013,,,,,,,94,99,,,,,,,,,,,,,,,,WOS:000333245100015,View Full Record in Web of Science
J,"Seeliger, O; Hendler, J",,,,"Seeliger, O; Hendler, J",,,Supervenient hierarchies of behaviours - From robot vacuuming to space telerobotics,JOURNAL OF EXPERIMENTAL & THEORETICAL ARTIFICIAL INTELLIGENCE,,,,,,,,,,,,,,,,,,,,,,,,,,,,,,,0952-813X,,,,,APR-SEP,1997,9,2-3,,,,,375,391,,10.1080/095281397147185,http://dx.doi.org/10.1080/095281397147185,,,,,,,,,,,,,WOS:A1997XA32800016,View Full Record in Web of Science
C,"Li, W; Carter, D",,,IEEE,"Li, Wei; Carter, Donald",,,Subsumption architecture for fluid-advected chemical plume tracing with soft obstacle avoidance,"OCEANS 2006, VOLS 1-4",OCEANS-IEEE,,,,Oceans 2006 Conference,"SEP 18-22, 2006","Boston, MA",,,,,,,,,,"Li, Wei/R-7928-2019",,,,,,,,,,,,,,0197-7385,,978-1-4244-0114-7,,,,2006,,,,,,,153,+,,,,,,,,,,,,,,,,WOS:000246002100027,View Full Record in Web of Science
C,"Pang, S; Farrell, JA; Arrieta, RM; Li, W",,,IEEE; IEEE,"Pang, S; Farrell, JA; Arrieta, RM; Li, W",,,AUV reactive planning: Deepest point,OCEANS 2003 MTS/IEEE: CELEBRATING THE PAST...TEAMING TOWARD THE FUTURE,,,,,MTS/IEEE Conference on Celebrating the Past - Teaming Toward the Future,"SEP 22-26, 2003","San Diego, CA","Marine Technol Soc,IEEE,OES,Scripps Inst Oceanog",,,,,,,,,"Li, Wei/R-7928-2019; Farrell, Jay A./A-6887-2017","Farrell, Jay A./0000-0002-2077-8691",,,,,,,,,,,,,,,0-933957-30-0,,,,2003,,,,,,,2222,2226,,10.1109/OCEANS.2003.178246,http://dx.doi.org/10.1109/OCEANS.2003.178246,,,,,,,,,,,,,WOS:000221420300502,View Full Record in Web of Science
J,"Sinapov, J; Schenck, C; Staley, K; Sukhoy, V; Stoytchev, A",,,,"Sinapov, Jivko; Schenck, Connor; Staley, Kerrick; Sukhoy, Vladimir; Stoytchev, Alexander",,,Grounding semantic categories in behavioral interactions: Experiments with 100 objects,ROBOTICS AND AUTONOMOUS SYSTEMS,,,,,,,,,,,,,,,,,,,,,,,,,,,,,,,0921-8890,1872-793X,,,,MAY,2014,62,5,,,SI,,632,645,,10.1016/j.robot.2012.10.007,http://dx.doi.org/10.1016/j.robot.2012.10.007,,,,,,,,,,,,,WOS:000335111400003,View Full Record in Web of Science
C,"Skrzypczyk, K",,"Zaytoon, J; Ferrier, JL; Cetto, JA; Filipe, J",,"Skrzypczyk, Krzysztof",,,Behavior activity trace method - Application to dead locks detection in a mobile robot navigation,"ICINCO 2007: PROCEEDINGS OF THE FOURTH INTERNATIONAL CONFERENCE ON INFORMATICS IN CONTROL, AUTOMATION AND ROBOTICS, VOL RA-2: ROBOTICS AND AUTOMATION, VOL 2",,,,,"4th International Conference on Informatics in Control, Automation and Robotics","MAY 09-12, 2007","Angers, FRANCE","Inst Syst & Technol Informat, Control & Commun,Univ Angers,Int Federat Automat Control,GDR MACS,CNRS,EEA,Assoc Advancement Artificial Intelligence",,,,,,,,,,"Skrzypczyk, Krzysztof/0000-0001-9324-3383",,,,,,,,,,,,,,,978-972-8865-83-2,,,,2007,,,,,,,265,269,,,,,,,,,,,,,,,,WOS:000252643500040,View Full Record in Web of Science
C,"Muthumanickam, K; Ilavarasan, E",,"Nagaraj, B; Francis, GA",,"Muthumanickam, K.; Ilavarasan, E.",,,Behavior based Authentication Mechanism to Prevent Malicious Code Attacks in Windows,"2015 INTERNATIONAL CONFERENCE ON INNOVATIONS IN INFORMATION, EMBEDDED AND COMMUNICATION SYSTEMS (ICIIECS)",,,,,"2015 International Conference on Innovations in Information, Embedded and Communication Systems (ICIIECS)","MAR 19-20, 2015","Karpagam Coll Engn, Coimbatore, INDIA","IEEE Madras Sect,Minist Def,Def R&D Org,IEEE Robot & Automat Soc Madras Chapter,Dept Elect & Commun Engn",Karpagam Coll Engn,,,,,,,,,"K, Muthumanickam/0000-0003-2491-3253",,,,,,,,,,,,,,,978-1-4799-6818-3,,,,2015,,,,,,,,,,,,,,,,,,,,,,,,WOS:000380462000228,View Full Record in Web of Science
C,"Wagner, A; Arkin, R",,,IEEE,"Wagner, A; Arkin, R",,,Multi-robot communication-sensitive reconnaissance,"2004 IEEE INTERNATIONAL CONFERENCE ON ROBOTICS AND AUTOMATION, VOLS 1- 5, PROCEEDINGS",IEEE International Conference on Robotics and Automation ICRA,,,,IEEE International Conference on Robotics and Automation,"APR 26-MAY 01, 2004","New Orleans, LA","IEEE Robot & Automat Soc,IEEE",,,,,,,,,,,,,,,,,,,,,,,1050-4729,2577-087X,0-7803-8232-3,,,,2004,,,,,,,4674,4681,,10.1109/ROBOT.2004.1302455,http://dx.doi.org/10.1109/ROBOT.2004.1302455,,,,,,,,,,,,,WOS:000221794800752,View Full Record in Web of Science
C,"Kocon, S; Piskorowski, J",,,IEEE,"Kocon, Slawomir; Piskorowski, Jacek",,,A Concept of Time-varying FIR Notch Filter Based on IIR Filter Prototype,2012 17TH INTERNATIONAL CONFERENCE ON METHODS AND MODELS IN AUTOMATION AND ROBOTICS (MMAR),,,,,17th International Conference on Methods and Models in Automation and Robotics (MMAR),"AUG 27-30, 2012","Miedzyzdroje, POLAND","IEEE Robot & Automat Soc,IEEE Control Syst Soc,IFAC 2.3 Non Linear Control Syst Tech Comm,IFAC 4.2 Mechatron Syst Tech Comm,Polish Acad Sci, Comm Automat & Robot,Polish Soc Measurement, Automat Control & Robot,Zachodniopomorskie Voivodeship Authorities",,,,,,,,,"Piskorowski, Jacek/AAC-6192-2022; Kocon, Slawomir/G-6369-2016","Piskorowski, Jacek/0000-0002-6670-4057; Kocon, Slawomir/0000-0001-8722-2316",,,,,,,,,,,,,,,978-1-4673-2124-2,,,,2012,,,,,,,91,95,,,,,,,,,,,,,,,,WOS:000312660400018,View Full Record in Web of Science
C,"Trujillo, L; Olague, G; Lutton, E; de Vega, FF",,"Giacobini, M",,"Trujillo, Leonardo; Olague, Gustavo; Lutton, Evelyne; Fernandez de Vega, Francisco",,,Discovering several robot behaviors through speciation,"APPLICATIONS OF EVOLUTIONARY COMPUTING, PROCEEDINGS",Lecture Notes in Computer Science,,,,EvoWorkshops 2008,"MAR 26-28, 2008","Naples, ITALY","Res Ctr Pure & Appl Math,Inst High Performance Comp & Networking, Natl Res Council,Univ Naples Federico II,Napier Univ Edinburgh, Ctr Emergent Comp",,,,,,,,,"de Vega, Francisco/M-1385-2014; Olague, Gustavo/L-7795-2014; Trujillo, Leonardo/L-2939-2017; Lutton, Evelyne/K-7931-2015","Olague, Gustavo/0000-0001-5773-9517; Trujillo, Leonardo/0000-0003-1812-5736; Lutton, Evelyne/0000-0003-0889-4427",,,,,,,,,,,,,0302-9743,1611-3349,978-3-540-78760-0,,,,2008,4974,,,,,,164,+,,,,,,,,,,,,,,,,WOS:000254509400017,View Full Record in Web of Science
C,"Akita, H; Islam, M; Matumoto, T; Murase, K",,"Amari, SI; Giles, CL; Gori, M; Piuri, V",,"Akita, H; Islam, M; Matumoto, T; Murase, K",,,Back-propagation learning in real autonomous mobile robot using proximal and disrtal evaluation of behaviour,"IJCNN 2000: PROCEEDINGS OF THE IEEE-INNS-ENNS INTERNATIONAL JOINT CONFERENCE ON NEURAL NETWORKS, VOL VI",IEEE International Joint Conference on Neural Networks (IJCNN),,,,IEEE/INNS/ENNS International Joint Conference on Neural Networks (IJCNN 2000),"JUL 24-27, 2000","COMO, ITALY","IEEE Neural Network Council,Int Neural Network Soc,European Neural Network Soc",,,,,,,,,"Murase, Kazuyuki/O-4881-2014",,,,,,,,,,,,,,2161-4393,,,,,,2000,,,,,,,329,333,,,,,,,,,,,,,,,,WOS:000089240600054,View Full Record in Web of Science
S,"Dikaiakos, M; Stassopoulou, A; Papageorgiou, L",,"Bauknecht, K; Tjoa, AM; Quirchmayr, G",,"Dikaiakos, M; Stassopoulou, A; Papageorgiou, L",,,Characterizing crawler behavior from Web server access logs,"E-COMMERCE AND WEB TECHNOLOGIES, PROCEEDINGS",Lecture Notes in Computer Science,,,,4th International Conference on E-Commerce and Web Technologies (EC-Web 2003),"SEP 02-05, 2003","PRAGUE, CZECH REPUBLIC",,,,,,,,,,,,,,,,,,,,,,,,0302-9743,1611-3349,3-540-40808-8,,,,2003,2738,,,,,,369,378,,,,,,,,,,,,,,,,WOS:000185936600036,View Full Record in Web of Science
J,"Edan, Y; Berman, S; Boteach, E; Mendelson, E",,,,"Edan, Y; Berman, S; Boteach, E; Mendelson, E",,,Distributed multi-robot assembly/packaging algorithms,INTELLIGENT AUTOMATION AND SOFT COMPUTING,,,,,,,,,,,,,,,,,"EDAN, YAEL/F-2112-2012; Berman, Sigal/F-1467-2012","Berman, Sigal/0000-0001-7717-7259; EDAN, YAEL/0000-0002-7430-8468",,,,,,,,,,,,,1079-8587,2326-005X,,,,,2004,10,4,,,,,349,357,,10.1080/10798587.2004.10642888,http://dx.doi.org/10.1080/10798587.2004.10642888,,,,,,,,,,,,,WOS:000224104200008,View Full Record in Web of Science
C,"Iizuka, H; Ando, H; Maeda, T",,"Jacko, JA",,"Iizuka, Hiroyuki; Ando, Hideyuki; Maeda, Taro",,,The Anticipation of Human Behavior Using Parasitic Humanoid,"HUMAN-COMPUTER INTERACTION, PT III: AMBIENT, UBIQUITOUS AND INTELLIGENT INTERACTION",Lecture Notes in Computer Science,,,,13th International Conference on Human-Computer Interaction,"JUL 19-24, 2009","San Diego, CA",,,,,,,,,,,"ANDO, HIDEYUKI/0000-0002-8405-3120",,,,,,,,,,,,,0302-9743,1611-3349,978-3-642-02579-2,,,,2009,5612,,,,,,284,293,,,,,,,,,,,,,,,,WOS:000269034000031,View Full Record in Web of Science
C,"Han, M; Xi, JH; Xu, SG",,,TU; TU,"Han, M; Xi, JH; Xu, SG",,,Application of Kalman filter to chaotic prediction of sunspots,"PROCEEDINGS OF THE 4TH WORLD CONGRESS ON INTELLIGENT CONTROL AND AUTOMATION, VOLS 1-4",,,,,4th World Congress on Intelligent Control and Automation,"JUN 10-14, 2002","SHANGHAI, PEOPLES R CHINA","Tongji Univ,Shanghai Jiaotong Univ,E China Univ Sci & Technol,IEEE Robot & Automat Soc,IEEE Control Syst Soc, Beijing Chapter,Chinese Assoc Automat,Shanghai Assoc Automat",,,,,,,,,,,,,,,,,,,,,,,,,0-7803-7268-9,,,,2002,,,,,,,406,409,,,,,,,,,,,,,,,,WOS:000179017500084,View Full Record in Web of Science
J,"Jauregi, E; Irigoien, I; Sierra, B; Lazkano, E; Arenas, C",,,,"Jauregi, E.; Irigoien, I.; Sierra, B.; Lazkano, E.; Arenas, C.",,,Loop-closing: A typicality approach,ROBOTICS AND AUTONOMOUS SYSTEMS,,,,,,,,,,,,,,,,,"Sierra, Basilio/AAX-9544-2020; Irigoien, Itziar/AAA-4851-2019; Iztueta, Ekaitz/K-9742-2015; Lazkano, Elena/AAX-9542-2020; Arenas, Concepcion/H-5579-2015; Sierra, Basilio/L-3160-2014","Arenas, Concepcion/0000-0002-6489-4934; Irigoien, Itziar/0000-0001-5728-4399; Sierra, Basilio/0000-0001-8062-9332",,,,,,,,,,,,,0921-8890,1872-793X,,,,MAR-APR,2011,59,3-4,,,,,218,227,,10.1016/j.robot.2010.12.004,http://dx.doi.org/10.1016/j.robot.2010.12.004,,,,,,,,,,,,,WOS:000288844200006,View Full Record in Web of Science
C,"Dulf, E; Both, R; Dumitrache, DC",,"Miclea, L; Stoian, I",,"Dulf, E.; Both, R.; Dumitrache, D. C.",,,Fractional Order Models for a Cryogenic Separation Column,"PROCEEDINGS OF 2010 IEEE INTERNATIONAL CONFERENCE ON AUTOMATION, QUALITY AND TESTING, ROBOTICS (AQTR 2010), VOLS. 1-3",IEEE International Conference on Automation Quality and Testing Robotics,,,,"IEEE International Conference on Automation, Quality and Testing, Robotics (AQTR)","MAY 28-30, 2010","Cluj Napoca, ROMANIA",IEEE,,,,,,,,,"Dulf, Eva-Henrietta/G-1922-2011; Rusu-Both, Roxana/U-9162-2017","Dulf, Eva-Henrietta/0000-0002-6540-6525; Rusu-Both, Roxana/0000-0002-8998-8136",,,,,,,,,,,,,1844-7872,,978-1-4244-6725-9,,,,2010,,,,,,,,,,10.1109/AQTR.2010.5520895,http://dx.doi.org/10.1109/AQTR.2010.5520895,,,,,,,,,,,,,WOS:000419281500038,View Full Record in Web of Science
C,"Beraldo, G; Tonin, L; Cesta, A; Menegatti, E; Millán, JD",,"Petrovic, I; Menegatti, E; Markovic, I",,"Beraldo, Gloria; Tonin, Luca; Cesta, Amedeo; Menegatti, Emanuele; Millan, Jose del R.",,,Validation of Shared Intelligence Approach for Teleoperating Telepresence Robots Through Inaccurate Interfaces,"INTELLIGENT AUTONOMOUS SYSTEMS 17, IAS-17",Lecture Notes in Networks and Systems,,,,17th International Conference on Intelligent Autonomous Systems (IAS),"JUN 13-16, 2022","Zagreb, CROATIA",,,,,,,,,,"Tonin, Luca/IRZ-4375-2023; Millan, Jose del R./F-1696-2011; Beraldo, Gloria/ABG-8811-2020; Cesta, Amedeo/AAX-5441-2021","Tonin, Luca/0000-0002-9751-7190; Menegatti, Emanuele/0000-0001-5794-9979",,,,,,,,,,,,,2367-3370,2367-3389,978-3-031-22215-3; 978-3-031-22216-0,,,,2023,577,,,,,,73,84,,10.1007/978-3-031-22216-0_6,http://dx.doi.org/10.1007/978-3-031-22216-0_6,,,,,,,,,,,,,WOS:000992458200006,View Full Record in Web of Science
J,"Arkin, RC; Ali, K; Weitzenfeld, A; Cervantes-Pérez, F",,,,"Arkin, RC; Ali, K; Weitzenfeld, A; Cervantes-Pérez, F",,,Behavioral models of the praying mantis as a basis for robotic behavior,ROBOTICS AND AUTONOMOUS SYSTEMS,,,,,,,,,,,,,,,,,,,,,,,,,,,,,,,0921-8890,,,,,JUL 31,2000,32,1,,,,,39,60,,10.1016/S0921-8890(99)00121-9,http://dx.doi.org/10.1016/S0921-8890(99)00121-9,,,,,,,,,,,,,WOS:000087800700003,View Full Record in Web of Science
J,"Anderson, J; Baltes, J",,,,"Anderson, J.; Baltes, J.",,,An agent-based approach to introductory robotics using robotic soccer,INTERNATIONAL JOURNAL OF ROBOTICS & AUTOMATION,,,,,Workshop of Agents Meet Robots held in Conjunction with 17th Canadian Conference on Artificial Intelligence,"MAY 17-19, 2004","London, CANADA",,,,,,,,,,,,,,,,,,,,,,,,0826-8185,1925-7090,,,,,2006,21,2,,,SI,,141,152,,,,,,,,,,,,,,,,WOS:000237788300009,View Full Record in Web of Science
S,"Lausen, H; Nielsen, J; Nielsen, M; Lima, P",,"Polani, D; Browning, B; Bonarini, A; Yoshida, K",,"Lausen, H; Nielsen, J; Nielsen, M; Lima, P",,,Model and behavior-based robotic goalkeeper,ROBOCUP 2003: ROBOT SOCCER WORLD CUP VII,Lecture Notes in Computer Science,,,,7th Robot World Cup Soccer and Rescue Competitions and Conference (ROBO CUP 2003),"JUL 02-11, 2003","PadivaFiere, Padua, ITALY",,PadivaFiere,,,,,,,,"Lima, Pedro/HLQ-5415-2023; Lima, Pedro/G-1300-2010","Lima, Pedro/0000-0002-8962-8050",,,,,,,,,,,,,0302-9743,1611-3349,3-540-22443-2,,,,2004,3020,,,,,,169,180,,,,,,,,,,,,,,,,WOS:000224027000015,View Full Record in Web of Science
J,"Fuentes, A; Han, SJ; Nasir, MF; Park, J; Yoon, S; Park, DS",,,,"Fuentes, Alvaro; Han, Shujie; Nasir, Muhammad Fahad; Park, Jongbin; Yoon, Sook; Park, Dong Sun",,,Multiview Monitoring of Individual Cattle Behavior Based on Action Recognition in Closed Barns Using Deep Learning,ANIMALS,,,,,,,,,,,,,,,,,"Han, Shujie/GRO-4617-2022; Fuentes, Alvaro/L-2232-2019","Nasir, Muhammad Fahad/0009-0007-6103-086X; FUENTES, ALVARO/0000-0001-8847-1541",,,,,,,,,,,,,2076-2615,,,,,JUN,2023,13,12,,,,,,,2020,10.3390/ani13122020,http://dx.doi.org/10.3390/ani13122020,,,,,,,,37370530,,,,,WOS:001016871100001,View Full Record in Web of Science
J,"Manecy, A; Marchand, N; Viollet, S",,,,"Manecy, Augustin; Marchand, Nicolas; Viollet, Stephane",,,Hovering by Gazing: A Novel Strategy for Implementing Saccadic Flight-based Navigation in GPS-denied Environments,INTERNATIONAL JOURNAL OF ADVANCED ROBOTIC SYSTEMS,,,,,,,,,,,,,,,,,"Marchand, Nicolas/H-3669-2015; viollet, stéphane/C-5513-2014","Viollet, Stephane/0000-0003-1585-9822; Marchand, Nicolas/0000-0002-5825-9758",,,,,,,,,,,,,1729-8814,,,,,APR 23,2014,11,,,,,,,,66,10.5772/58429,http://dx.doi.org/10.5772/58429,,,,,,,,,,,,,WOS:000334847200001,View Full Record in Web of Science
S,"Kim, KJ; Cho, SB",,"Gedeon, TD; Fung, LCC",,"Kim, KJ; Cho, SB",,,BN+BN: Behavior network with Bayesian network for intelligent agent,AI 2003: ADVANCES IN ARTIFICIAL INTELLIGENCE,Lecture Notes in Artificial Intelligence,,,,16th Australian Conference on Artificial Intelligence,"DEC 03-05, 2003","UNIV WESTERN AUSTRALIA, PERTH, AUSTRALIA",Natl Comm Artificial Intellignece & Expert Syst,UNIV WESTERN AUSTRALIA,,,,,,,,,"Kim, Kyung Joong/0000-0002-7732-0817",,,,,,,,,,,,,0302-9743,1611-3349,3-540-20646-9,,,,2003,2903,,,,,,979,991,,,,,,,,,,,,,,,,WOS:000187551700084,View Full Record in Web of Science
J,"Distante, C; Anglani, A; Taurisano, F",,,,"Distante, C; Anglani, A; Taurisano, F",,,Target reaching by using visual information and Q-learning controllers,AUTONOMOUS ROBOTS,,,,,1999 IEEE International Symposium on Computational Intelligence in Robotics and Automation (CIRA 99),"NOV 08-09, 1999","MONTEREY, CALIFORNIA","IEEE, Robot & Automat Soc",,,,,,,,,"Anglani, Alfredo/F-6139-2011; Distante, Cosimo/M-7996-2013","anglani, alfredo/0000-0001-6101-6901; Distante, Cosimo/0000-0002-1073-2390",,,,,,,,,,,,,0929-5593,,,,,AUG,2000,9,1,,,,,41,50,,10.1023/A:1008972101435,http://dx.doi.org/10.1023/A:1008972101435,,,,,,,,,,,,,WOS:000087705800005,View Full Record in Web of Science
C,"Dedeoglu, G; Sukhatme, GS",,"McKEE, GT; Schenker, PS",,"Dedeoglu, G; Sukhatme, GS",,,Modular behaviors in heterogeneous groups of mobile robots,SENSOR FUSION AND DECENTRALIZED CONTROL IN ROBOTIC SYSTEMS III,Proceedings of SPIE,,,,Conference on Sensor Fusion and Decentralized Control in Robotic Systems III,"NOV 06-08, 2000","BOSTON, MA",SPIE,,,,,,,,,,,,,,,,,,,,,,,0277-786X,1996-756X,0-8194-3861-8,,,,2000,4196,,,,,,477,484,,10.1117/12.403746,http://dx.doi.org/10.1117/12.403746,,,,,,,,,,,,,WOS:000167105100045,View Full Record in Web of Science
C,"Grolinger, K; Jerbic, B; Vranjes, B",,"Rogers, SK",,"Grolinger, K; Jerbic, B; Vranjes, B",,,Autonomous robot behavior based on neural networks,APPLICATIONS AND SCIENCE OF ARTIFICIAL NEURAL NETWORKS III,PROCEEDINGS OF THE SOCIETY OF PHOTO-OPTICAL INSTRUMENTATION ENGINEERS (SPIE),,,,International Conference on Applications and Science of Artificial Neural Networks III,"APR 21-24, 1997","ORLANDO, FL",Soc Photo Opt Instrumentat Engineers,,,,,,,,,"Grolinger, Katarina/ABB-3261-2021; Jerbić, Bojan/ACJ-5813-2022","Jerbic, Bojan/0000-0003-1811-5669",,,,,,,,,,,,,,,0-8194-2492-7,,,,1997,3077,,,,,,459,470,,10.1117/12.271509,http://dx.doi.org/10.1117/12.271509,,,,,,,,,,,,,WOS:A1997BH60Z00049,View Full Record in Web of Science
J,"Yamauchi, B; Beer, R",,,,"Yamauchi, B; Beer, R",,,Spatial learning for navigation in dynamic environments,IEEE TRANSACTIONS ON SYSTEMS MAN AND CYBERNETICS PART B-CYBERNETICS,,,,,,,,,,,,,,,,,,,,,,,,,,,,,,,1083-4419,,,,,JUN,1996,26,3,,,,,496,505,,10.1109/3477.499799,http://dx.doi.org/10.1109/3477.499799,,,,,,,,18263050,,,,,WOS:A1996UL27600012,View Full Record in Web of Science
C,"Hao, B; Zhao, HJ",,,"Northeastern Univ, China",Hao Bo; Zhao Hui-jing,,,The Research of Layered Behavior Fusion Architecture for Mobile Robot,"2010 CHINESE CONTROL AND DECISION CONFERENCE, VOLS 1-5",Chinese Control and Decision Conference,,,,22nd Chinese Control and Decision Conference,"MAY 26-AUG 28, 2010","Xuzhou, PEOPLES R CHINA","NE Univ,IEEE Ind Elect Chapter,China Univ Mining & Technol,IEEE Control Syst Soc,IEEE Ind Elect Soc,Chinese Assoc Aeronautics, Automatic Control Soc,Chinese Assoc Automat, Appl Soc,Chinese Assoc Syst Simulat, Simulat Methods & Model Soc,Chinese Assoc Artificial Intelligence, Intelligent Control & Management Soc",,,,,,,,,"Hao, Bo/HHC-9172-2022",,,,,,,,,,,,,,1948-9439,,978-1-4244-5182-1,,,,2010,,,,,,,1757,+,,10.1109/CCDC.2010.5498508,http://dx.doi.org/10.1109/CCDC.2010.5498508,,,,,,,,,,,,,WOS:000290460300356,View Full Record in Web of Science
J,"Pham, DT; Awadalla, MH; Eldukhri, EE",,,,"Pham, D. T.; Awadalla, M. H.; Eldukhri, E. E.",,,Adaptive and cooperative mobile robots,PROCEEDINGS OF THE INSTITUTION OF MECHANICAL ENGINEERS PART I-JOURNAL OF SYSTEMS AND CONTROL ENGINEERING,,,,,,,,,,,,,,,,,"Eldukhri, Eldaw/ABE-4736-2020; Pham, Duc/H-1516-2011","Eldukhri, Eldaw E/0000-0003-2199-2742; Pham, Duc/0000-0003-3148-2404",,,,,,,,,,,,,0959-6518,,,,,MAY,2007,221,I3,,,,,279,293,,10.1243/09596518JSCE299,http://dx.doi.org/10.1243/09596518JSCE299,,,,,,,,,,,,,WOS:000247418300001,View Full Record in Web of Science
C,"Saripalli, S; Sukhatme, GS; Montgomery, JF",,"Siciliano, B; Dario, P",,"Saripalli, S; Sukhatme, GS; Montgomery, JF",,,An experimental study of the autonomous helicopter landing problem,EXPERIMENTAL ROBOTICS VIII,Springer Tracts in Advanced Robotics,,,,8th International Symposium on Experimental Robotics (ISER 02),"JUL 08-11, 2002","SANT ANGELO, ITALY","Univ Cassino,Univ Salerno",,,,,,,,,"Saripalli, Srikanth/I-6295-2012",,,,,,,,,,,,,,1610-7438,1610-742X,3-540-00305-3,,,,2003,5,,,,,,466,475,,,,,,,,,,,,,,,,WOS:000181801300042,View Full Record in Web of Science
J,"Wahde, M",,,,"Wahde, M",,,A method for behavioural organization for autonomous robots based on evolutionary optimization of utility functions,PROCEEDINGS OF THE INSTITUTION OF MECHANICAL ENGINEERS PART I-JOURNAL OF SYSTEMS AND CONTROL ENGINEERING,,,,,,,,,,,,,,,,,,,,,,,,,,,,,,,0959-6518,2041-3041,,,,,2003,217,I4,,,,,249,258,,10.1243/095965103322260377,http://dx.doi.org/10.1243/095965103322260377,,,,,,,,,,,,,WOS:000185420000001,View Full Record in Web of Science
J,"Zhi, Y; Jiang, Y",,,,"Zhi, Y.; Jiang, Y.",,,"RETRACTION: Design of basketball robot based on behavior-based fuzzy control (vol 17, 2020) (Retraction of Vol 17, 10.1177/1729881420909965, 2020)",INTERNATIONAL JOURNAL OF ADVANCED ROBOTIC SYSTEMS,,,,,,,,,,,,,,,,,,,,,,,,,,,,,,,1729-8814,,,,,JUL,2021,18,4,,,,,,,,,,,,,,,,,,,,,,WOS:000697861800003,View Full Record in Web of Science
C,"Narayanan, KK; Posada, LF; Hoffmann, F; Bertram, T",,"Jeschke, S; Liu, H; Schilberg, D",,"Narayanan, Krishna Kumar; Posada, Luis-Felipe; Hoffmann, Frank; Bertram, Torsten",,,Situated Learning of Visual Robot Behaviors,"INTELLIGENT ROBOTICS AND APPLICATIONS, PT I: ICIRA 2011",Lecture Notes in Artificial Intelligence,,,,4th International Conference on Intelligent Robotics and Applications (ICIRA 2011),"DEC 06-08, 2011","Aachen, GERMANY",,,,,,,,,,"Bertram, Torsten/AAA-1554-2019","Narayanan, Krishna Kumar/0009-0008-6437-7145",,,,,,,,,,,,,0302-9743,1611-3349,978-3-642-25485-7,,,,2011,7101,,I,,,,172,182,,,,,,,,,,,,,,,,WOS:000307042500018,View Full Record in Web of Science
J,"Liu, A; Wang, S; Barbosa, LS; Sun, M",,,,"Liu, Ai; Wang, Shun; Barbosa, Luis Soares; Sun, Meng",,,Fuzzy Automata as Coalgebras,MATHEMATICS,,,,,,,,,,,,,,,,,"SUN, MENG/KQA-2135-2024; Liu, Ai/HNR-6916-2023; Soares Barbosa, Luis/N-7086-2013","Sun, Meng/0000-0001-6550-7396; Soares Barbosa, Luis/0000-0002-5037-2588; Liu, Ai/0000-0001-8222-2157",,,,,,,,,,,,,,2227-7390,,,,FEB,2021,9,3,,,,,,,272,10.3390/math9030272,http://dx.doi.org/10.3390/math9030272,,,,,,,,,,,,,WOS:000615390700001,View Full Record in Web of Science
C,"Rüdiger, J; Wagner, A; Badreddin, E",,"Filipe, J; Cetto, JA; Ferrier, JL",,"Ruediger, Jan; Wagner, Achim; Badreddin, Essam",,,Behavior based dependability estimation -: Estimating the dependability of autonomous mobile systems using predictive filter,"ICINCO 2008: PROCEEDINGS OF THE FIFTH INTERNATIONAL CONFERENCE ON INFORMATICS IN CONTROL, AUTOMATION AND ROBOTICS, VOL RA-2: ROBOTICS AND AUTOMATION, VOL 2",,,,,"5th International Conference on Informatics in Control, Automation and Robotics","MAY 11-15, 2008","Funchal, PORTUGAL","Inst Syst & Technologies Informat, Control & Commun,Univ Madeira,IEEE Syst, Man & Cybernet Soc,Int Federat Automat Control,Assoc Advancement Artificial Intelligence",,,,,,,,,,"Wagner, Achim/0000-0002-0966-2559",,,,,,,,,,,,,,,978-989-8111-31-9,,,,2008,,,,,,,137,142,,,,,,,,,,,,,,,,WOS:000258901100024,View Full Record in Web of Science
C,"Yoshida, Y; Yasuda, M; Nakagami, J; Kurano, M; Kumamoto, S",,,IEEE,"Yoshida, Y; Yasuda, M; Nakagami, J; Kurano, M; Kumamoto, S",,,Dynamic decision making with an objective function based on fuzzy preferences,"2004 IEEE INTERNATIONAL CONFERENCE ON FUZZY SYSTEMS, VOLS 1-3, PROCEEDINGS",IEEE International Conference on Fuzzy Systems,,,,Annual IEEE International Conference on Fuzzy Systems,"JUL 25-29, 2004","Budapest, HUNGARY",IEEE,,,,,,,,,,,,,,,,,,,,,,,1098-7584,,0-7803-8353-2,,,,2004,,,,,,,777,782,,,,,,,,,,,,,,,,WOS:000224959100136,View Full Record in Web of Science
J,"Fu, Y; Yao, JJ; Zhao, HH; Zhao, G; Wan, ZS",,,,"Fu, Yu; Yao, Jianjun; Zhao, Honghao; Zhao, Gang; Wan, Zhenshuai",,,Forecast for Artificial Muscle Tremor Behavior Based on Dynamic Additional Grey Catastrophe Prediction,APPLIED SCIENCES-BASEL,,,,,,,,,,,,,,,,,,"Zhao, Honghao/0000-0001-6572-3515; Fu, Yu/0000-0002-6478-9149",,,,,,,,,,,,,2076-3417,,,,,FEB,2018,8,2,,,,,,,315,10.3390/app8020315,http://dx.doi.org/10.3390/app8020315,,,,,,,,,,,,,WOS:000427510300167,View Full Record in Web of Science
C,"Cianci, CM; Raemy, X; Pugh, J; Martinoli, A",,"Sahin, E; Spears, WM; Winfield, AFT",,"Cianci, Christopher M.; Raemy, Xavier; Pugh, Jim; Martinoli, Alcherio",,,Communication in a swarm of miniature robots: The e-Puck as an educational tool for swarm robotics,SWARM ROBOTICS,Lecture Notes in Computer Science,,,,2nd SAB International Workshop 2006,"SEP 30-OCT 01, 2006","Rome, ITALY",SAB,,,,,,,,,,"Martinoli, Alcherio/0000-0002-5201-7862",,,,,,,,,,,,,0302-9743,1611-3349,978-3-540-71540-5,,,,2007,4433,,,,,,103,+,,,,,,,,,,,,,,,,WOS:000246235400007,View Full Record in Web of Science
J,"Steinhage, A; Schoner, G",,,,"Steinhage, A; Schoner, G",,,Self-calibration based on invariant view recognition: Dynamic approach to navigation,ROBOTICS AND AUTONOMOUS SYSTEMS,,,,,NATO Advanced Study Institute on Practice and Future of Autonomous Agents,"SEP, 1995","MONTE VERITA, SWITZERLAND","Swiss Inst Technol,MIT, Artif Intelligence Lab,Univ Zurich, Comp Sci Dept,Appl Artif Intelligence Syst,Nippon Signal,Uchidate,Ebara,Swiss Grp Artif Intelligence & Cognitive Sci",,,,,,,,,"Schöner, Gregor/AAU-1050-2020","Schoner, Gregor/0000-0002-4776-9998",,,,,,,,,,,,,0921-8890,,,,,JUN,1997,20,2-4,,,,,133,156,,10.1016/S0921-8890(96)00072-3,http://dx.doi.org/10.1016/S0921-8890(96)00072-3,,,,,,,,,,,,,WOS:A1997YC31000003,View Full Record in Web of Science
J,"Pettersson, O; Karlsson, L; Saffiotti, A",,,,"Pettersson, Ola; Karlsson, Lars; Saffiotti, Alessandro",,,Model-free execution monitoring in behavior-based robotics,IEEE TRANSACTIONS ON SYSTEMS MAN AND CYBERNETICS PART B-CYBERNETICS,,,,,,,,,,,,,,,,,"Saffiotti, Alessandro/B-4213-2013","Saffiotti, Alessandro/0000-0001-8229-1363",,,,,,,,,,,,,1083-4419,1941-0492,,,,AUG,2007,37,4,,,,,890,901,,10.1109/TSMCB.2007.895359,http://dx.doi.org/10.1109/TSMCB.2007.895359,,,,,,,,17702287,,,,,WOS:000247833000011,View Full Record in Web of Science
J,"Lee, YB; Na, YM",,,,"Lee, YB; Na, YM",,,Autonomous guided vehicle control using a self-organizing fuzzy controller,INTERNATIONAL JOURNAL OF COMPUTER INTEGRATED MANUFACTURING,,,,,,,,,,,,,,,,,,,,,,,,,,,,,,,0951-192X,1362-3052,,,,JAN-FEB,2002,15,1,,,,,62,68,,10.1080/09511920110040520,http://dx.doi.org/10.1080/09511920110040520,,,,,,,,,,,,,WOS:000173228100006,View Full Record in Web of Science
C,"Sun, DL; Kleiner, A; Nebel, B",,,IEEE,"Sun, Dali; Kleiner, Alexander; Nebel, Bernhard",,,Behavior-based Multi-Robot Collision Avoidance,2014 IEEE INTERNATIONAL CONFERENCE ON ROBOTICS AND AUTOMATION (ICRA),IEEE International Conference on Robotics and Automation ICRA,,,,IEEE International Conference on Robotics and Automation (ICRA),"MAY 31-JUN 07, 2014","Hong Kong, PEOPLES R CHINA",IEEE,,,,,,,,,"Sun, Dali/GRS-6773-2022; Kleiner, Alexander/J-6357-2012","Nebel, Bernhard/0000-0002-6833-6323",,,,,,,,,,,,,1050-4729,2577-087X,978-1-4799-3685-4,,,,2014,,,,,,,1668,1673,,,,,,,,,,,,,,,,WOS:000377221101101,View Full Record in Web of Science
C,"Delgado, R; Campusano, M; Bergel, A",,,IEEE,"Delgado, Rodrigo; Campusano, Miguel; Bergel, Alexandre",,,Fuzz Testing in Behavior-Based Robotics,2021 IEEE INTERNATIONAL CONFERENCE ON ROBOTICS AND AUTOMATION (ICRA 2021),IEEE International Conference on Robotics and Automation ICRA,,,,IEEE International Conference on Robotics and Automation (ICRA),"MAY 30-JUN 05, 2021","Xian, PEOPLES R CHINA","IEEE,IEEE Robot & Automat Soc,So Univ Sci & Technol,Harbin Inst Technol,Xian Jiaotong Univ,Univ Toronto,Nat Sci & Engn Res Council Canada,Chinese Univ Hong Kong,DJI,Biomimet Intelligence & Robot,Toyota Res Inst,Baidu,Mech Mind Robot Technologies,Facebook AI,Nokov,Manycore,Franka Emika,Zhejiang Univ, Huzhou Inst,Jing Tian,ATI Ind Automat,Amber,Direct Drive Tech,Inceptio,Flexiv,Deeproute AI,Unitree,Waymo,Kuka,Pudu Robot,Deep Robot,Nvidia,MathWorks",,,,,,,,,"Campusano, Miguel/AAX-1343-2020","Campusano, Miguel/0000-0002-7894-6635",,,,,,,,,,,,,1050-4729,2577-087X,978-1-7281-9077-8,,,,2021,,,,,,,9375,9381,,10.1109/ICRA48506.2021.9561259,http://dx.doi.org/10.1109/ICRA48506.2021.9561259,,,,,,,,,,,,,WOS:000771405402077,View Full Record in Web of Science
J,"Carreras, M; Yuh, J; Baffle, J; Ridao, P",,,,"Carreras, Marc; Yuh, Junku; Baffle, Joan; Ridao, Pere",,,Application of SONQL for real-time learning of robot behaviors,ROBOTICS AND AUTONOMOUS SYSTEMS,,,,,,,,,,,,,,,,,"Ridao, Pere/ABG-6939-2020; Carreras, Marc/L-1501-2014","Carreras, Marc/0000-0003-3117-9691; Ridao Rodriguez, Pere/0000-0002-1724-3012",,,,,,,,,,,,,0921-8890,1872-793X,,,,AUG 31,2007,55,8,,,,,628,642,,10.1016/j.robot.2007.03.003,http://dx.doi.org/10.1016/j.robot.2007.03.003,,,,,,,,,,,,,WOS:000249024800003,View Full Record in Web of Science
C,"Sarkar, A; Czarnecki, K",,,IEEE,"Sarkar, Atrisha; Czarnecki, Krzysztof",,,A behavior driven approach for sampling rare event situations for autonomous vehicles,2019 IEEE/RSJ INTERNATIONAL CONFERENCE ON INTELLIGENT ROBOTS AND SYSTEMS (IROS),IEEE International Conference on Intelligent Robots and Systems,,,,IEEE/RSJ International Conference on Intelligent Robots and Systems (IROS),"NOV 04-08, 2019","Macau, PEOPLES R CHINA","IEEE,RSJ",,,,,,,,,,,,,,,,,,,,,,,2153-0858,,978-1-7281-4004-9,,,,2019,,,,,,,6407,6414,,10.1109/iros40897.2019.8967715,http://dx.doi.org/10.1109/iros40897.2019.8967715,,,,,,,,,,,,,WOS:000544658405011,View Full Record in Web of Science
C,"Arrichiello, F; Das, J; Heidarsson, H; Chiaverini, S; Sukhatme, GS",,,IEEE,"Arrichiello, F.; Das, J.; Heidarsson, H.; Chiaverini, S.; Sukhatme, G. S.",,,Experiments in autonomous navigation with an under-actuated surface vessel via the Null-Space based Behavioral control,"2009 IEEE/ASME INTERNATIONAL CONFERENCE ON ADVANCED INTELLIGENT MECHATRONICS, VOLS 1-3",IEEE ASME International Conference on Advanced Intelligent Mechatronics,,,,IEEE/ASME International Conference on Advanced Intelligent Mechatronics,"JUL 14-17, 2009","Singapore, SINGAPORE","IEEE,ASME",,,,,,,,,"ARRICHIELLO, Filippo/F-8970-2012","CHIAVERINI, Stefano/0000-0002-7891-0122; Arrichiello, Filippo/0000-0001-9750-8289",,,,,,,,,,,,,2159-6255,,978-1-4244-2852-6,,,,2009,,,,,,,362,+,,10.1109/AIM.2009.5229988,http://dx.doi.org/10.1109/AIM.2009.5229988,,,,,,,,,,,,,WOS:000277062800062,View Full Record in Web of Science
C,"Zhou, HL; Guo, G; Liu, MQ",,,IEEE,"Zhou, Hongli; Guo, Ge; Liu, Manqiang",,,GA-aided Elman Neural Network controller for behavior-based robot,"WCICA 2006: SIXTH WORLD CONGRESS ON INTELLIGENT CONTROL AND AUTOMATION, VOLS 1-12, CONFERENCE PROCEEDINGS",,,,,6th World Congress on Intelligent Control and Automation,"JUN 21-23, 2006","Dalian, PEOPLES R CHINA","Dalian Univ Technol,Northeastern Univ,Dalian Maritime Univ,Shanghai Baosight Software Co Ltd,IEEE Robot & Automat Soc,Natl Nat Sci Fdn China,Chinese Assoc Automat,IEEE Control Syst Soc, Beijing Chapter,Minist Educ China,Grandar Robot Co Ltd,Yokogawa Elect Corp,KC Wong Educ Fdn,Siemens Ltd",,,,,,,,,"Guo, Ge/G-7647-2011","Guo, Ge/0000-0003-4752-4920",,,,,,,,,,,,,,,1-4244-0331-6,,,,2006,,,,,,,138,138,,,,,,,,,,,,,,,,WOS:000241773209250,View Full Record in Web of Science
C,"Javed, H; Park, CH",,,Assoc Comp Machinery,"Javed, Hifza; Park, Chung Hyuk",,,Behavior-based Risk Detection of Autism Spectrum Disorder Through Child-Robot Interaction,HRI'20: COMPANION OF THE 2020 ACM/IEEE INTERNATIONAL CONFERENCE ON HUMAN-ROBOT INTERACTION,ACM IEEE International Conference on Human-Robot Interaction,,,,15th Annual ACM/IEEE International Conference on Human-Robot Interaction (HRI),"MAR 23-26, 2020","Cambridge, ENGLAND","Assoc Comp Machinery,Inst Elect & Elect Engineers,ACM SIGCHI,ACM SIGAI,IEEE Robot & Automat Soc,FN Robot,ARM,Cambridge Consultants,Furhat Robot,Halodi,Toyota Res Inst,Cambridge Univ Press,EXG Wear,Frontiers Robot & AI,Honda Res Inst,IDLab,MDPI Robot,MIT Press Europe,Promobot,Semio",,,,,,,,,"Javed, Hifza/KWT-6945-2024","Park, Chung Hyuk/0000-0003-0742-6541",,,,,,,,,,,,,2167-2121,2167-2148,978-1-4503-7057-8,,,,2020,,,,,,,275,277,,10.1145/3371382.3378382,http://dx.doi.org/10.1145/3371382.3378382,,,,,,,,,,,,,WOS:000643728500087,View Full Record in Web of Science
C,"Ghallabi, F; Kawamura, A; Pyo, Y; Tsuji, T; Kurazume, R",,,IEEE,"Ghallabi, Farouk; Kawamura, Akihiro; Pyo, Yoonseok; Tsuji, Tokuo; Kurazume, Ryo",,,Control Architecture for Service Drone in Informationally Structured Environment,2015 IEEE/SICE INTERNATIONAL SYMPOSIUM ON SYSTEM INTEGRATION (SII),,,,,8th IEEE/SICE International Symposium on System Integration (SII),"DEC 11-13, 2015","Meijo Univ, Nagoya, JAPAN","SICE Syst Integrat Div,IEEE Robot & Automat Soc,IEEE Ind Elect Soc",Meijo Univ,,,,,,,,"GHALLABI, Farouk/AAG-1740-2020; Tsuji, Tokuo/I-5112-2017; Kurazume, Ryo/S-8271-2019",,,,,,,,,,,,,,,,978-1-4673-7242-8,,,,2015,,,,,,,611,618,,,,,,,,,,,,,,,,WOS:000382556600102,View Full Record in Web of Science
J,"Wu, X; Yang, CJ; Li, J; Zhao, QC; Wu, WT; Zhu, YC; Zhang, F",,,,"Wu, Xin; Yang, Canjun; Li, Jia; Zhao, Qichao; Wu, Weitao; Zhu, Yuanchao; Zhang, Feng",,,Rigid-Foldable Mechanism Inspired by Origami Twisted Tower,JOURNAL OF MECHANISMS AND ROBOTICS-TRANSACTIONS OF THE ASME,,,,,,,,,,,,,,,,,"Wu, Xin/ABG-4186-2021; Wu, Kinwave/GRY-4305-2022","Wu, Xin/0000-0002-8293-5517",,,,,,,,,,,,,1942-4302,1942-4310,,,,OCT 1,2022,14,5,,,,,,,54503,10.1115/1.4053736,http://dx.doi.org/10.1115/1.4053736,,,,,,,,,,,,,WOS:000848759500004,View Full Record in Web of Science
C,"Schütz, S; Mianowski, K; Kötting, C; Nejadfard, A; Reichardt, M; Berns, K",,,IEEE,"Schuetz, Steffen; Mianowski, Krzysztof; Koetting, Christian; Nejadfard, Atahak; Reichardt, Max; Berns, Karsten",,,RRLAB SEA- A Highly Integrated Compliant Actuator with Minimised Reflected Inertia,2016 IEEE INTERNATIONAL CONFERENCE ON ADVANCED INTELLIGENT MECHATRONICS (AIM),IEEE ASME International Conference on Advanced Intelligent Mechatronics,,,,IEEE International Conference on Advanced Intelligent Mechatronics (AIM),"JUL 12-15, 2016","Banff, CANADA",IEEE,,,,,,,,,"Mianowski, Krzysztof/F-7468-2014","Mianowski, Krzysztof/0000-0002-0721-1172",,,,,,,,,,,,,2159-6255,,978-1-5090-2065-2,,,,2016,,,,,,,252,257,,,,,,,,,,,,,,,,WOS:000387100300041,View Full Record in Web of Science
C,"Poncela, A; Urdiales, C; Sandoval, F",,,IEEE,"Poncela, Alberto; Urdiales, Cristina; Sandoval, Francisco",,,A CBR approach to behaviour-based navigation for an autonomous mobile robot,"PROCEEDINGS OF THE 2007 IEEE INTERNATIONAL CONFERENCE ON ROBOTICS AND AUTOMATION, VOLS 1-10",IEEE International Conference on Robotics and Automation ICRA,,,,IEEE International Conference on Robotics and Automation,"APR 10-14, 2007","Rome, ITALY",IEEE,,,,,,,,,"Urdiales, Cristina/H-4664-2019; Sandoval, Francisco/B-4487-2016","Poncela Gonzalez, Alberto/0000-0002-6466-4987; Urdiales, Cristina/0000-0002-9251-6447; Sandoval, Francisco/0000-0001-9235-7856",,,,,,,,,,,,,1050-4729,2577-087X,978-1-4244-0601-2,,,,2007,,,,,,,3681,+,,10.1109/ROBOT.2007.364042,http://dx.doi.org/10.1109/ROBOT.2007.364042,,,,,,,,,,,,,WOS:000250915303114,View Full Record in Web of Science
S,"Yoshida, Y",,"Torra, V; Narukawa, Y",,"Yoshida, Y",,,Decision making in a dynamic system based on aggregated fuzzy preferences,"MODELING DECISIONS FOR ARTIFICIAL INTELLIGENCE, PROCEEDINGS",Lecture Notes in Artificial Intelligence,,,,1st International Conference on Modeling Decisions for Artificial Intelligence,"AUG 02-04, 2004","Barcelona, SPAIN","Catalan Assoc Artificial Intelligence,European Soc Fuzzy Log & Technol,Japan Soc Fuzzy Theory & Intelligent Informat,IEEE Spanish Chapter,Spanish Council Sci Res,Catalan Agcy Res",,,,,,,,,,,,,,,,,,,,,,,0302-9743,1611-3349,3-540-22555-2,,,,2004,3131,,,,,,239,251,,,,,,,,,,,,,,,,WOS:000223248700023,View Full Record in Web of Science
C,"Beck, C; Olcese, U; Montagner, A; Ringbauer, S; Neumann, H; Frisoli, A; Almeida, R; Bergamasco, M; Deco, G",,,IEEE,"Beck, Cornelia; Olcese, Umberto; Montagner, Alberto; Ringbauer, Stefan; Neumann, Heiko; Frisoli, Antonio; Almeida, Rita; Bergamasco, Massimo; Deco, Gustavo",,,A neuroinspired cognitive behavioral control architecture for visually driven mobile robotics,"2008 IEEE INTERNATIONAL CONFERENCE ON ROBOTICS AND BIOMIMETICS, VOLS 1-4",,,,,IEEE International Conference on Robotics and Biomimetics (ROBIO),"FEB 22-25, 2009","Bangkok, THAILAND",IEEE Robot & Automat Soc,,,,,,,,,"Almeida, Rita/H-6676-2015; DECO, GUSTAVO/A-6341-2008",,,,,,,,,,,,,,,,978-1-4244-2678-2,,,,2009,,,,,,,2190,+,,10.1109/ROBIO.2009.4913342,http://dx.doi.org/10.1109/ROBIO.2009.4913342,,,,,,,,,,,,,WOS:000271966900373,View Full Record in Web of Science
J,"Ordonez, C; Collins, EG; Selekwa, MF; Dunlap, DD",,,,"Ordonez, Camilo; Collins, Emmanuel G., Jr.; Selekwa, Majura F.; Dunlap, Damion D.",,,The virtual wall approach to limit cycle avoidance for unmanned ground vehicles,ROBOTICS AND AUTONOMOUS SYSTEMS,,,,,,,,,,,,,,,,,"Ordonez, Camilo/B-1110-2009; Collins, Frank/A-7444-2012","Dunlap, Damion/0000-0002-2339-0078; Ordonez, Camilo/0000-0001-5338-4392",,,,,,,,,,,,,0921-8890,1872-793X,,,,AUG 31,2008,56,8,,,,,645,657,,10.1016/j.robot.2007.11.010,http://dx.doi.org/10.1016/j.robot.2007.11.010,,,,,,,,,,,,,WOS:000258562600001,View Full Record in Web of Science
J,"Aydogan, R; Keskin, O; Çakan, U",,,,"Aydogan, Reyhan; Keskin, Onur; Cakan, Umut",,,"Would You Imagine Yourself Negotiating With a Robot, Jennifer? Why Not?",IEEE TRANSACTIONS ON HUMAN-MACHINE SYSTEMS,,,,,,,,,,,,,,,,,"Aydoğan, Reyhan/P-2442-2018","Cakan, Umut/0000-0003-1288-394X; Keskin, Mehmet Onur/0000-0002-8025-4304; Aydogan, Reyhan/0000-0002-5260-9999",,,,,,,,,,,,,2168-2291,2168-2305,,,,FEB,2022,52,1,,,,,41,51,,10.1109/THMS.2021.3121664,http://dx.doi.org/10.1109/THMS.2021.3121664,,NOV 2021,,,,,,,,,,,WOS:000732879900001,View Full Record in Web of Science
J,"Lu, H; Zhao, M; Zhou, P; Mao, KF",,,,"Lu, Hui; Zhao, Meng; Zhou, Ping; Mao, Kefei",,,Behavior Scheduling for Multi-Robot Path Planning in Unknown Environment With Communication Constraints,IEEE TRANSACTIONS ON AUTOMATION SCIENCE AND ENGINEERING,,,,,,,,,,,,,,,,,"Lu, Hui/HJA-8770-2022","Lu, Hui/0000-0001-9455-4597; Zhao, Meng/0000-0002-9725-6525",,,,,,,,,,,,,1545-5955,1558-3783,,,,2025 JAN 16,2025,,,,,,,,,,10.1109/TASE.2024.3523875,http://dx.doi.org/10.1109/TASE.2024.3523875,,JAN 2025,,,,,,,,,,,WOS:001400118700001,View Full Record in Web of Science
C,"Andrian, H; Song, KT",,,IEEE,"Andrian, H; Song, KT",,,Embedded CMOS imaging system for real-time robotic vision,"2005 IEEE/RSJ INTERNATIONAL CONFERENCE ON INTELLIGENT ROBOTS AND SYSTEMS, VOLS 1-4",,,,,IEEE/RSJ International Conference on Intelligent Robots and Systems,"AUG 02-06, 2005","Edmonton, CANADA","IEEE,Robot Soc Japan",,,,,,,,,,,,,,,,,,,,,,,,,0-7803-8912-3,,,,2005,,,,,,,3694,3699,,,,,,,,,,,,,,,,WOS:000235632103100,View Full Record in Web of Science
C,"Volna, E; Kotyrba, M; Jaluvka, M",,,IEEE,"Volna, Eva; Kotyrba, Martin; Jaluvka, Michal",,,Intelligent Robot's Behavior Based on Fuzzy Control System,"2016 INTERNATIONAL CONFERENCE ON INDUSTRIAL ENGINEERING, MANAGEMENT SCIENCE AND APPLICATIONS (ICIMSA)",,,,,"International Conference on Industrial Engineering, Management Science and Applications (ICIMSA)","MAY 23-26, 2016-2106","Jeju Island, SOUTH KOREA","IEEE,IEEE Changwon Sect",,,,,,,,,"Kotyrba, Martin/JAN-9618-2023; Volna, Eva/J-8650-2015","Volna, Eva/0000-0002-8453-3757",,,,,,,,,,,,,,,978-1-5090-1671-6,,,,2016,,,,,,,,,,10.1109/ICIMSA.2016.7504013,http://dx.doi.org/10.1109/ICIMSA.2016.7504013,,,,,,,,,,,,,WOS:000386803200034,View Full Record in Web of Science
J,"Rusu, P; Petriu, EM; Whalen, TE; Cornell, A; Spoelder, HJW",,,,"Rusu, P; Petriu, EM; Whalen, TE; Cornell, A; Spoelder, HJW",,,Behavior-based neuro-fuzzy controller for mobile robot navigation,IEEE TRANSACTIONS ON INSTRUMENTATION AND MEASUREMENT,,,,,19th IEEE Instrumentation and Measurement Technology Conference (IMTC/2002),"MAY 21-23, 2002","ANCHORAGE, ALASKA",IEEE Instrumentat & Measurement Soc,,,,,,,,,,,,,,,,,,,,,,,0018-9456,,,,,AUG,2003,52,4,,,,,1335,1340,,10.1109/TIM.2003.816846,http://dx.doi.org/10.1109/TIM.2003.816846,,,,,,,,,,,,,WOS:000185419800056,View Full Record in Web of Science
C,"Gyawali, P; Agarwal, PK",,,IEEE,"Gyawali, Pratik; Agarwal, Praveen Kumar",,,Fuzzy Behaviour Based Mobile Robot Navigation in Static Environment,2018 IEEE RECENT ADVANCES IN INTELLIGENT COMPUTATIONAL SYSTEMS (RAICS),,,,,IEEE Conference on Recent Advances in Intelligent Computational Systems (RAICS),"DEC 06-08, 2018","Trivandrum, INDIA","IEEE,IEEE Kerala Sect",,,,,,,,,"Agarwal, Praveen/AAD-6009-2021","Agarwal, Praveen/0000-0003-3078-3475",,,,,,,,,,,,,,,978-1-5386-7336-2,,,,2018,,,,,,,190,194,,,,,,,,,,,,,,,,WOS:000462370200039,View Full Record in Web of Science
C,"Chen, HX; He, GT",,"Deng, W",,"Chen, Hongxu; He, Guotian",,,Multi-Behavior-Based Path Planning for Indoor Mobile Robot,"PROCEEDINGS OF THE 2ND INTERNATIONAL CONFERENCE ON MODELLING, IDENTIFICATION AND CONTROL",Advances in Intelligent Systems Research,,,,"2nd International Conference on Modelling, Identification and Control (MIC)","AUG 09-10, 2015","Paris, FRANCE","American Appl Sci Res Inst,Chinese Univ Hong Kong,Huazhong Normal Univ",,,,,,,,,,,,,,,,,,,,,,,1951-6851,,978-94-62520-99-8,,,,2015,119,,,,,,44,51,,,,,,,,,,,,,,,,WOS:000364715300010,View Full Record in Web of Science
J,"Ordaz-Rivas, E; Rodriguez-Liñan, A; Aguilera-Ruíz, M; Torres-Treviño, L",,,,"Ordaz-Rivas, Erick; Rodriguez-Linan, Angel; Aguilera-Ruiz, Mario; Torres-Trevino, Luis",,,Collective Tasks for a Flock of Robots Using Influence Factor,JOURNAL OF INTELLIGENT & ROBOTIC SYSTEMS,,,,,,,,,,,,,,,,,"Rodriguez-Liñan, Angel/AAE-7880-2019","Rodriguez-Linan, Angel/0000-0002-0204-4424; Aguilera-Ruiz, Mario/0000-0002-6921-1805; Ordaz-Rivas, Erick/0000-0002-4728-7833",,,,,,,,,,,,,0921-0296,1573-0409,,,,MAY,2019,94,2,,,,,439,453,,10.1007/s10846-018-0941-2,http://dx.doi.org/10.1007/s10846-018-0941-2,,,,,,,,,,,,,WOS:000463648500010,View Full Record in Web of Science
C,"Genter, K; Stone, P",,,Assoc Comp Machinery,"Genter, Katie; Stone, Peter",,,Agent Behaviors for Joining and Leaving a Flock,AAMAS'17: PROCEEDINGS OF THE 16TH INTERNATIONAL CONFERENCE ON AUTONOMOUS AGENTS AND MULTIAGENT SYSTEMS,,,,,16th International Conference on Autonomous Agents and Multiagent Systems (AAMAS),"MAY 08-12, 2017","Sao Paulo, BRAZIL","IFAAMAS,FAPESP,Coordenacao Aperfeicoamento Pessoal Nivel Super,IBM Res,Microsoft,Univ OTAGO,Univ Waterloo, Fac Math, David R Cheriton Sch Comp Sci,DeepMind,Univ Sao Paulo,Scopus,Assoc Comp Machinery,Univ Sao Paulo, Escola Politecnica,Univ Waterloo",,,,,,,,,,,,,,,,,,,,,,,,,,,,,2017,,,,,,,1553,1555,,,,,,,,,,,,,,,,WOS:000461168100201,View Full Record in Web of Science
J,"Sfakiotakis, M; Tsakiris, DP",,,,"Sfakiotakis, Michael; Tsakiris, Dimitris P.",,,Biomimetic centering for undulatory robots,INTERNATIONAL JOURNAL OF ROBOTICS RESEARCH,,,,,1st IEEE RAS-EMBS International Conference on Biomedical Robotics and Biomechatronics (BioRob 2006),"FEB 20-22, 2006","Pisa, ITALY","IEEE,RAS,EMBS,Scuola Superiore Sant Anna,Int Soc Gerontechnol,SIRI,AURION,ONDI,ERA Endoscopy,KTeam,ROBOTECH srl,Carismi",,,,,,,,,"Sfakiotakis, Michael/O-9763-2016","Sfakiotakis, Michael/0000-0001-7723-193X",,,,,,,,,,,,,0278-3649,1741-3176,,,,NOV,2007,26,11--12,,,,,1267,1282,,10.1177/0278364907083394,http://dx.doi.org/10.1177/0278364907083394,,,,,,,,,,,,,WOS:000251085000009,View Full Record in Web of Science
C,"Orendt, EM; Riedl, M; Henrich, D",,"Ferraresi, C; Quaglia, G",,"Orendt, Eric M.; Riedl, Michael; Henrich, Dominik",,,Robust One-Shot Robot Programming by Demonstration Using Entity-Based Resources,ADVANCES IN SERVICE AND INDUSTRIAL ROBOTICS,Mechanisms and Machine Science,,,,26th International Conference on Robotics in Alpe-Adria-Danube Region (RAAD),"JUN 21-23, 2017","Tech Univ Politecnico Torino, Turin, ITALY",,Tech Univ Politecnico Torino,,,,,,,,,,,,,,,,,,,,,,2211-0984,2211-0992,978-3-319-61276-8; 978-3-319-61275-1,,,,2018,49,,,,,,573,582,,10.1007/978-3-319-61276-8_60,http://dx.doi.org/10.1007/978-3-319-61276-8_60,,,,,,,,,,,,,WOS:000434201700060,View Full Record in Web of Science
J,"Ordaz-Rivas, E; Rodriguez-Liñan, A; Torres-Treviño, L",,,,"Ordaz-Rivas, Erick; Rodriguez-Linan, Angel; Torres-Trevino, Luis",,,"Autonomous foraging with a pack of robots based on repulsion, attraction and influence",AUTONOMOUS ROBOTS,,,,,,,,,,,,,,,,,"Rodriguez-Liñan, Angel/AAE-7880-2019","Rodriguez-Linan, Angel/0000-0002-0204-4424; Ordaz-Rivas, Erick/0000-0002-4728-7833",,,,,,,,,,,,,0929-5593,1573-7527,,,,SEP,2021,45,6,,,,,919,935,,10.1007/s10514-021-09994-5,http://dx.doi.org/10.1007/s10514-021-09994-5,,JUL 2021,,,,,,,,,,,WOS:000670151100001,View Full Record in Web of Science
J,"Stoytchev, A",,,,"Stoytchev, Alexander",,,Self-detection in robots: a method based on detecting temporal contingencies,ROBOTICA,,,,,,,,,,,,,,,,,,,,,,,,,,,,,,,0263-5747,1469-8668,,,,JAN,2011,29,,1,,SI,,1,21,,10.1017/S0263574710000755,http://dx.doi.org/10.1017/S0263574710000755,,,,,,,,,,,,,WOS:000287056200002,View Full Record in Web of Science
J,"Parker, LE",,,,"Parker, LE",,,ALLIANCE: An architecture for fault tolerant multirobot cooperation,IEEE TRANSACTIONS ON ROBOTICS AND AUTOMATION,,,,,,,,,,,,,,,,,,"Parker, Lynne/0000-0002-6744-5675",,,,,,,,,,,,,1042-296X,,,,,APR,1998,14,2,,,,,220,240,,10.1109/70.681242,http://dx.doi.org/10.1109/70.681242,,,,,,,,,,,,,WOS:000072855600003,View Full Record in Web of Science
J,"Matsuda, E; Hubert, J; Ikegami, T",,,,"Matsuda, Eiko; Hubert, Julien; Ikegami, Takashi",,,A Robotic Approach to Understanding the Role and the Mechanism of Vicarious Trial-And-Error in a T-Maze Task,PLOS ONE,,,,,,,,,,,,,,,,,"Matsuda, Eiko/GRO-5471-2022",,,,,,,,,,,,,,1932-6203,,,,,JUL 22,2014,9,7,,,,,,,e102708,10.1371/journal.pone.0102708,http://dx.doi.org/10.1371/journal.pone.0102708,,,,,,,,25050548,,,,,WOS:000339551100054,View Full Record in Web of Science
C,"de Andrade, EM; Sales, JS Jr; Fernandes, AC",,"Mascarenhas, APFM; Homem, TPD",,"de Andrade, Emerson Martins; Sales Junior, Joel Sena; Fernandes, Antonio Carlos",,,A review of straightforward distributed behaviors in swarm robotics,"2023 LATIN AMERICAN ROBOTICS SYMPOSIUM, LARS, 2023 BRAZILIAN SYMPOSIUM ON ROBOTICS, SBR, AND 2023 WORKSHOP ON ROBOTICS IN EDUCATION, WRE",IEEE Latin American Robotics Symposium,,,,20th Latin American Robotics Symposium (LARS) / 15th Brazilian Symposium on Robotics (SBR) / 14th Workshop on Robotics in Education (WRE),"OCT 09-11, 2023","Salvador, BRAZIL","IEEE,Soc Brasileira Computacao,State Univ Bahia",,,,,,,,,"de Andrade, Emerson/ABA-6468-2021; Fernandes, Antonio/AAI-2803-2020; Sales, Joel/K-7191-2013","Andrade, Emerson/0000-0002-5023-8733",,,,,,,,,,,,,2639-1775,,979-8-3503-1538-7,,,,2023,,,,,,,113,118,,10.1109/LARS/SBR/WRE59448.2023.10332954,http://dx.doi.org/10.1109/LARS/SBR/WRE59448.2023.10332954,,,,,,,,,,,,,WOS:001117711800020,View Full Record in Web of Science
J,"Aguirre, E; González, A",,,,"Aguirre, E; González, A",,,"Fuzzy behaviors for mobile robot navigation:: design, coordination and fusion",INTERNATIONAL JOURNAL OF APPROXIMATE REASONING,,,,,,,,,,,,,,,,,"Aguirre, Eugenio/C-6860-2012; Gonzalez Munoz, Antonio/C-2427-2012","Aguirre, Eugenio/0000-0002-6706-8232; Gonzalez Munoz, Antonio/0000-0001-8889-7593",,,,,,,,,,,,,0888-613X,1873-4731,,,,NOV,2000,25,3,,,,,255,289,,10.1016/S0888-613X(00)00056-6,http://dx.doi.org/10.1016/S0888-613X(00)00056-6,,,,,,,,,,,,,WOS:000090126900004,View Full Record in Web of Science
J,"Parker, LE",,,,"Parker, LE",,,Cooperative robotics for multi-target observation,INTELLIGENT AUTOMATION AND SOFT COMPUTING,,,,,,,,,,,,,,,,,,"Parker, Lynne/0000-0002-6744-5675",,,,,,,,,,,,,1079-8587,2326-005X,,,,,1999,5,1,,,,,5,19,,,,,,,,,,,,,,,,WOS:000079004500002,View Full Record in Web of Science
C,"Carreras, M; Batlle, J; Ridao, P",,,IEEE; IEEE,"Carreras, M; Batlle, J; Ridao, P",,,Hybrid coordination of reinforcement learning-based Behaviors for AUV control,"IROS 2001: PROCEEDINGS OF THE 2001 IEEE/RJS INTERNATIONAL CONFERENCE ON INTELLIGENT ROBOTS AND SYSTEMS, VOLS 1-4: EXPANDING THE SOCIETAL ROLE OF ROBOTICS IN THE NEXT MILLENNIUM",,,,,IEEE Conference on Intelligent Robots and Systems (IROS 2001),"OCT 29-NOV 03, 2001","MAUI, HI","IEEE Ind Electr Soc,IEEE Robot & Automat Soc,Robot Soc Japan,Soc Instrument & Control Engineers",,,,,,,,,"Ridao, Pere/ABG-6939-2020; Carreras, Marc/L-1501-2014","Ridao Rodriguez, Pere/0000-0002-1724-3012; Carreras, Marc/0000-0003-3117-9691",,,,,,,,,,,,,,,0-7803-6612-3,,,,2001,,,,,,,1410,1415,,,,,,,,,,,,,,,,WOS:000176593900224,View Full Record in Web of Science
C,"Graefe, V",,"Kakazu, Y; Wada, M; Sato, T",,"Graefe, V",,,Perception and situation assessment for behavior-based robot control,INTELLIGENT AUTONOMOUS SYSTEMS: IAS-5,,,,,5th Conference on Intelligent Autonomous Systems,1998,"SAPPORO, JAPAN",,,,,,,,,,,,,,,,,,,,,,,,,,90-5199-398-6,,,,1998,,,,,,,376,383,,,,,,,,,,,,,,,,WOS:000075894500049,View Full Record in Web of Science
C,"Valentín-Coronado, LM; Martínez-Manuel, R; Esquivel-Hernández, J; LaRochelle, S",,"Rodriguez-Gonzalez, AY; Perez-Espinosa, H; Martinez-Trinidad, JF; Carrasco-Ochoa, JA; Olvera-Lopez, JA",,"Valentin-Coronado, Luis M.; Martinez-Manuel, Rodolfo; Esquivel-Hernandez, Jonathan; LaRochelle, Sophie",,,Machine-Learning Based Estimation of the Bending Magnitude Sensed by a Fiber Optic Device,"PATTERN RECOGNITION, MCPR 2023",Lecture Notes in Computer Science,,,,15th Mexican Conference on Pattern Recognition (MCPR),"JUN 21-24, 2023","Tepic, MEXICO","Unidad Transferencia Tecnologica Tep Centro Investigac Cientifica & Educac Super Ensenada,Centro Nayarita Innovac & Transferencia Tecnologia,Inst Nacl Astrofisica, Optica & Electronica,Mexican Assoc Comp Vis, Neurocomputing & Robot,Natl Council Sci & Technol Mexico",,,,,,,,,"Valentin Coronado, Luis Manuel/AAY-2889-2020; Esquivel Hernandez, Jonathan/JRW-8413-2023","Valentin Coronado, Luis Manuel/0000-0002-9874-4088; MARTINEZ-MANUEL, RODOLFO/0000-0002-7299-3924; LaRochelle, Sophie/0000-0002-8296-6209; Esquivel-Hernandez, Jonathan/0000-0002-9835-5533",,,,,,,,,,,,,0302-9743,1611-3349,978-3-031-33782-6; 978-3-031-33783-3,,,,2023,13902,,,,,,308,316,,10.1007/978-3-031-33783-3_29,http://dx.doi.org/10.1007/978-3-031-33783-3_29,,,,,,,,,,,,,WOS:001286493100029,View Full Record in Web of Science
C,"Huang, L; Meng, Z; Deng, ZY; Wang, C; Li, LY; Zhao, GD",,,IEEE,"Huang, Long; Meng, Zhen; Deng, Zeyu; Wang, Chen; Li, Liying; Zhao, Guodong",,,Robot Behavior-Based User Authentication for Motion-Controlled Robotic Systems,IEEE CONFERENCE ON COMPUTER COMMUNICATIONS WORKSHOPS (IEEE INFOCOM WKSHPS 2021),IEEE Conference on Computer Communications Workshops,,,,IEEE Conference on Computer Communications Workshops (IEEE INFOCOM),"MAY 09-12, 2021",ELECTR NETWORK,IEEE,,,,,,,,,"Wang, Chen/X-3389-2018","Wang, Chen/0000-0001-9737-1673; Li, Liying/0000-0003-4200-0669",,,,,,,,,,,,,2159-4228,,978-1-6654-0443-3,,,,2021,,,,,,,,,,10.1109/INFOCOMWKSHPS51825.2021.9484589,http://dx.doi.org/10.1109/INFOCOMWKSHPS51825.2021.9484589,,,,,,,,,,,,,WOS:000844130800144,View Full Record in Web of Science
C,"Casagranda, S; Ropers, D; Gouzé, JL",,"Martinez, JL; Munoz, V; Quevedo, J; Morales, J",,"Casagranda, Stefano; Ropers, Delphine; Gouze, Jean-Luc",,,Model reduction and process analysis of biological models,2015 23RD MEDITERRANEAN CONFERENCE ON CONTROL AND AUTOMATION (MED),Mediterranean Conference on Control and Automation,,,,23rd Mediterranean Conference on Control and Automation (MED),"JUN 16-19, 2015","Torremolinos, SPAIN","Mediterranean Control Assoc,Univ Malaga,Inst Elect & Elect Engineers,IEEE Control Syst Soc,IEEE Robot & Automat Soc,IFAC, Comite Espanol Automatica,Departmento Ingn Sistemas & Automatica",,,,,,,,,,"Gouze, Jean-Luc/0000-0001-7156-7934; Ropers, Delphine/0000-0003-2659-3003",,,,,,,,,,,,,2325-369X,,978-1-4799-9936-1,,,,2015,,,,,,,1132,1139,,,,,,,,,,,,,,,,WOS:000375056800175,View Full Record in Web of Science
J,"Bonnin-Pascual, F; Garcia-Fidalgo, E; Company-Corcoles, JP; Ortiz, A",,,,"Bonnin-Pascual, Francisco; Garcia-Fidalgo, Emilio; Company-Corcoles, Joan P.; Ortiz, Alberto",,,MUSSOL: A Micro-Uas to Survey Ship Cargo hOLds,REMOTE SENSING,,,,,,,,,,,,,,,,,"Bonnin-Pascual, Francisco/X-5956-2018; Ortiz, Alberto/K-5624-2014; Garcia-Fidalgo, Emilio/K-5844-2014","Bonnin-Pascual, Francisco/0000-0002-4215-3764; Ortiz, Alberto/0000-0002-8253-7455; Garcia-Fidalgo, Emilio/0000-0001-8057-5792",,,,,,,,,,,,,,2072-4292,,,,SEP,2021,13,17,,,,,,,3419,10.3390/rs13173419,http://dx.doi.org/10.3390/rs13173419,,,,,,,,,,,,,WOS:000694520200001,View Full Record in Web of Science
C,"Farahmand, AM; Ahmadabadi, MN; Lucas, C; Araabi, BN",,,IEEE,"Farahmand, Amir massoud; Ahmadabadi, Majid Nili; Lucas, Caro; Araabi, Babak N.",,,Hybrid behavior co-evolution and structure learning in behavior-based systems,"2006 IEEE CONGRESS ON EVOLUTIONARY COMPUTATION, VOLS 1-6",IEEE Congress on Evolutionary Computation,,,,IEEE Congress on Evolutionary Computation,"JUL 16-21, 2006","Vancouver, CANADA",IEEE,,,,,,,,,"Nadjar Araabi, Babak/C-5069-2017","Nadjar Araabi, Babak/0000-0002-5283-263X",,,,,,,,,,,,,,,978-0-7803-9487-2,,,,2006,,,,,,,275,+,,10.1109/CEC.2006.1688319,http://dx.doi.org/10.1109/CEC.2006.1688319,,,,,,,,,,,,,WOS:000245414200037,View Full Record in Web of Science
C,"Li, JN; Yi, JQ; Zhao, DB",,,ieee,"Li, JN; Yi, JQ; Zhao, DB",,,On-line rule generation for robotic behavior controller based on a neural-fuzzy inference network,"PROCEEDINGS OF THE 2004 INTERNATIONAL CONFERENCE ON MACHINE LEARNING AND CYBERNETICS, VOLS 1-7",,,,,International Conference on Machine Learning and Cybernetics,"AUG 26-29, 2004","Shanghai, PEOPLES R CHINA",,,,,,,,,,"Yi, Jianqiang/AAD-4898-2020",,,,,,,,,,,,,,,,0-7803-8403-2,,,,2004,,,,,,,558,563,,,,,,,,,,,,,,,,WOS:000225293600112,View Full Record in Web of Science
J,"Hong, KS; Tamba, TA; Song, JB",,,,"Hong, Keum-Shik; Tamba, Tua Agustinus; Song, Jae-Bok",,,Mobile Robot Control Architecture for Reflexive Avoidance of Moving Obstacles,ADVANCED ROBOTICS,,,,,,,,,,,,,,,,,"Song, Jae-Bok/AAQ-5591-2021; Tamba, Tua A./AET-0458-2022","Tamba, Tua A./0000-0003-4702-1100; Hong, Keum-Shik/0000-0002-8528-4457",,,,,,,,,,,,,0169-1864,1568-5535,,,,,2008,22,13-14,,,,,1397,1420,,10.1163/156855308X360488,http://dx.doi.org/10.1163/156855308X360488,,,,,,,,,,,,,WOS:000262712900001,View Full Record in Web of Science
J,"Bonarini, A; Invernizzi, G; Labella, TH; Matteucci, M",,,,"Bonarini, A; Invernizzi, G; Labella, TH; Matteucci, M",,,An architecture to coordinate fuzzy behaviors to control an autonomous robot,FUZZY SETS AND SYSTEMS,,,,,4th International FLINS Conference on Intelligent Techniques and Soft Computing in Nuclear Science and Engineering,"AUG 28-30, 2000","BRUGGE, BELGIUM",,,,,,,,,,"Matteucci, Mariagiulia/H-2478-2013; BONARINI, ANDREA/I-2984-2017","BONARINI, ANDREA/0000-0002-4880-4521",,,,,,,,,,,,,0165-0114,1872-6801,,,,FEB 16,2003,134,1,,,,,101,115,PII S0165-0114(02)00232-4,10.1016/S0165-0114(02)00232-4,http://dx.doi.org/10.1016/S0165-0114(02)00232-4,,,,,,,,,,,,,WOS:000180682900007,View Full Record in Web of Science
J,"Kidokoro, H; Kanda, T; Brscic, D; Shiomi, M",,,,"Kidokoro, Hiroyuki; Kanda, Takayuki; Brscic, Drazen; Shiomi, Masahiro",,,Simulation-Based Behavior Planning to Prevent Congestion of Pedestrians Around a Robot,IEEE TRANSACTIONS ON ROBOTICS,,,,,,,,,,,,,,,,,"Kidokoro, Hiroyuki/AGN-1205-2022; Shiomi, Masahiro/IQW-5108-2023; Brscic, Drazen/Q-7952-2018; Kanda, Takayuki/I-5843-2016","Brscic, Drazen/0000-0001-8477-6460; Kanda, Takayuki/0000-0002-9546-5825; SHIOMI, Masahiro/0000-0003-4338-801X",,,,,,,,,,,,,1552-3098,1941-0468,,,,DEC,2015,31,6,,,,,1419,1431,,10.1109/TRO.2015.2492862,http://dx.doi.org/10.1109/TRO.2015.2492862,,,,,,,,,,,,,WOS:000366663300012,View Full Record in Web of Science
J,"Dierichs, K; Menges, A",,,,"Dierichs, Karola; Menges, Achim",,,Towards an aggregate architecture: designed granular systems as programmable matter in architecture,GRANULAR MATTER,,,,,,,,,,,,,,,,,"Menges, Achim/KPB-4529-2024; Dierichs, Karola/AAC-1871-2021","Dierichs, Karola/0000-0002-5271-9039",,,,,,,,,,,,,1434-5021,1434-7636,,,,MAY,2016,18,2,,,,,,,25,10.1007/s10035-016-0631-3,http://dx.doi.org/10.1007/s10035-016-0631-3,,,,,,,,,,,,,WOS:000375611000012,View Full Record in Web of Science
J,"Fu, XW; Sun, YM",,,,"Fu, Xiaowei; Sun, Yiming",,,A Combined Intrusion Strategy Based on Apollonius Circle for Multiple Mobile Robots in Attack-Defense Scenario,IEEE ROBOTICS AND AUTOMATION LETTERS,,,,,,,,,,,,,,,,,,,,,,,,,,,,,,,2377-3766,,,,,JAN,2025,10,1,,,,,676,683,,10.1109/LRA.2024.3512361,http://dx.doi.org/10.1109/LRA.2024.3512361,,,,,,,,,,,,,WOS:001377263500003,View Full Record in Web of Science
J,"Schleyer, M; Saumweber, T; Nahrendorf, W; Fischer, B; von Alpen, D; Pauls, D; Thum, A; Gerber, B",,,,"Schleyer, Michael; Saumweber, Timo; Nahrendorf, Wiebke; Fischer, Benjamin; von Alpen, Desiree; Pauls, Dennis; Thum, Andreas; Gerber, Bertram",,,A behavior-based circuit model of how outcome expectations organize learned behavior in larval Drosophila,LEARNING & MEMORY,,,,,,,,,,,,,,,,,"Thum, Andreas/B-1083-2013","Schleyer, Michael/0000-0001-8020-1483; Nahrendorf, Wiebke/0000-0002-4503-8761; Pauls, Dennis/0000-0001-8330-8120; Thum, Andreas/0000-0002-3830-6596; Gerber, Bertram/0000-0003-3003-0051",,,,,,,,,,,,,1072-0502,,,,,OCT,2011,18,10,,,,,639,653,,10.1101/lm.2163411,http://dx.doi.org/10.1101/lm.2163411,,,,,,,,21946956,,,,,WOS:000296590000005,View Full Record in Web of Science
C,"Van Brussel, H",,"Pagello, E; Groen, F; Arai, T; Dillmann, R; Stentz, A",,"Van Brussel, H",,,"Model-based, behaviour-based, multi-agent and holonic control of autonomous systems: contradictory or complementary?",INTELLIGENT AUTONOMOUS SYSTEMS 6,,,,,6th International Conference on Intelligent Autonomous Systems (IAS-6),"JUL 25-27, 2000","VENICE, ITALY","Intelligent Autonomous Syst Soc,Italian Assoc Artificial Intelligence,Italian Assoc Robot",,,,,,,,,,,,,,,,,,,,,,,,,1-58603-078-7,,,,2000,,,,,,,1089,1090,,,,,,,,,,,,,,,,WOS:000089885200140,View Full Record in Web of Science
J,"Nia, DN; Tang, HS; Karasfi, B; Motlagh, ORE; Kit, AC",,,,"Nia, D. Nakhaei; Tang, H. S.; Karasfi, B.; Motlagh, O. R. E.; Kit, A. C.",,,Virtual force field algorithm for a behaviour-based autonomous robot in unknown environments,PROCEEDINGS OF THE INSTITUTION OF MECHANICAL ENGINEERS PART I-JOURNAL OF SYSTEMS AND CONTROL ENGINEERING,,,,,,,,,,,,,,,,,"ang, chun/AAD-4057-2019; Karasfi, Babak/AAD-9046-2022","Karasfi, Babak/0000-0001-8192-7796",,,,,,,,,,,,,0959-6518,2041-3041,,,,,2011,225,I1,,,,,51,62,,10.1243/09596518JSCE958,http://dx.doi.org/10.1243/09596518JSCE958,,,,,,,,,,,,,WOS:000287357400005,View Full Record in Web of Science
C,"Sun, W; Dou, LH; Fang, H; Zhang, HQ",,"Cheng, D",,Sun Wei; Dou LiHua; Fang Hao; Zhang HaiQiang,,,Task Allocation for Multi-Robot Cooperative Hunting Behavior Based on Improved Auction Algorithm,"PROCEEDINGS OF THE 27TH CHINESE CONTROL CONFERENCE, VOL 5",,,,,27th Chinese Control Conference,"JUL 16-18, 2008","Kunming, PEOPLES R CHINA","Chinese Assoc Automat, Tech Comm Control Theory,Kunming Univ Sci & Technol,Yunnan Div, Chinese Assoc Automat,IEEE Control Syst Soc,Soc Instrument & Control Engineers,Inst Control Robot & Syst Korea,IEEE Control Syst Soc, Singapore Chapter,CAS, Inst Syst Sci, Acad Math & Syst Sci,Yunnan Normal Univ,CAI Div, Hong Kong Inst Engineers",,,,,,,,,"Zhang, Haiqiang/H-8186-2018; Sun, Weifu/H-6044-2013",,,,,,,,,,,,,,,,,,,,2008,,,,,,,435,440,,10.1109/CHICC.2008.4605654,http://dx.doi.org/10.1109/CHICC.2008.4605654,,,,,,,,,,,,,WOS:000259745800090,View Full Record in Web of Science
C,"Liau, YS; Zhang, Q; Li, YN; Ge, SS",,,IEEE; Robotics Society of Japan,"Liau, Yung Siang; Zhang, Qun; Li, Yanan; Ge, Shuzhi Sam",,,Non-Metric Navigation for Mobile Robot Using Optical Flow,2012 IEEE/RSJ INTERNATIONAL CONFERENCE ON INTELLIGENT ROBOTS AND SYSTEMS (IROS),IEEE International Conference on Intelligent Robots and Systems,,,,25th IEEE\RSJ International Conference on Intelligent Robots and Systems (IROS),"OCT 07-12, 2012","Algarve, PORTUGAL","IEEE Robot & Automat Soc (RAS),IEEE Ind Elect Soc (IES),Robot Soc Japan (RSJ),Soc Instrument & Control Engineers (SICE),New technol Fdn (NTF),Inst Control, Robot & Syst,IEEE,Adept MobileRobots,Willow Garage,Aldebaran Robot,Natl Instruments,Reflexxes GmbH,Schunk Intec S L U",,,,,,,,,"Li, Yanan/ABE-1354-2021; Ge, Shuzhi/ABJ-5567-2022","Ge, Shuzhi Sam/0000-0001-5549-312X",,,,,,,,,,,,,2153-0858,,978-1-4673-1736-8,,,,2012,,,,,,,4953,4958,,,,,,,,,,,,,,,,WOS:000317042705084,View Full Record in Web of Science
C,"Bartók, R; Vásárhelyi, J",,"Popescu, D; Sendrescu, D; Roman, M; Popescu, E; Barbulescu, L",,"Bartok, Roland; Vasarhelyi, Jozsef",,,Two Methods for Autonomous Robot Obstacle Sensing and Application Programming Interface for Fuzzy Rule Interpolation,2017 18TH INTERNATIONAL CARPATHIAN CONTROL CONFERENCE (ICCC),,,,,18th International Carpathian Control Conference (ICCC),"MAY 28-31, 2017","Sinaia, ROMANIA",IEEE,,,,,,,,,"Vasarhelyi, Jozsef/G-5258-2014; Bartok, Roland/AAX-3618-2021","Vasarhelyi, Jozsef/0000-0002-7328-6877; Bartok, Roland/0000-0002-8112-0009",,,,,,,,,,,,,,,978-1-5090-4862-5,,,,2017,,,,,,,87,92,,,,,,,,,,,,,,,,WOS:000426954400017,View Full Record in Web of Science
C,"Cardinaux, F; Brownsell, S; Hawley, M; Bradley, D",,"RuizShulcloper, J; Kropatsch, WG",,"Cardinaux, Fabien; Brownsell, Simon; Hawley, Mark; Bradley, David",,,Modelling of Behavioural Patterns for Abnormality Detection in the Context of Lifestyle Reassurance,"PROGRESS IN PATTERN RECOGNITION, IMAGE ANALYSIS AND APPLICATIONS, PROCEEDINGS",Lecture Notes in Computer Science,,,,"13th Iberoamerican Congress on Progress in Pattern Recognition, Image Analysis and Applications","SEP 09-12, 2008","Havana, CUBA","Adv Technol Applicat Ctr,Int Assoc Pattern Recognit,Cuban Assoc Pattern Recognit,Cuban Soc Math & Comp Sci,Mexican Assoc Comp Vis, Neural Comp & Robotics,SIGPR-SBC,Spanish Assoc Pattern Recognit & Image Anal,Portuguese Assoc Pattern Recognit",,,,,,,,,,"Hawley, Mark/0000-0002-2349-4491; BROWNSELL, SIMON,JAMES/0000-0002-5127-7128",,,,,,,,,,,,,0302-9743,1611-3349,978-3-540-85919-2,,,,2008,5197,,,,,,243,+,,,,,,,,,,,,,,,,WOS:000259899200030,View Full Record in Web of Science
C,"Lyons, DM; Arkin, RC; Jiang, S; Harrington, D; Tang, F; Tang, P",,,IEEE,"Lyons, Damian M.; Arkin, Ronald C.; Jiang, Shu; Harrington, Dagan; Tang, Feng; Tang, Peng",,,Probabilistic Verification of Multi-Robot Missions in Uncertain Environments,2015 IEEE 27TH INTERNATIONAL CONFERENCE ON TOOLS WITH ARTIFICIAL INTELLIGENCE (ICTAI 2015),Proceedings-International Conference on Tools With Artificial Intelligence,,,,27th IEEE International Conference on Tools with Artificial Intelligence (ICTAI),"NOV 09-11, 2015","Vietri sul Mare, ITALY","IEEE,IEEE Comp Soc,Biol & Artificial Intelligence Fdn,ICTAI,Seconda Univ Studi Napoli,Italian Assoc Artificial Intelligence,Soc Italiana Reti Neuroniche,Int Inst Adv Sci Studies,Univ Patras",,,,,,,,,"Lyons, Damian/AGG-3248-2022",,,,,,,,,,,,,,1082-3409,,978-1-5090-0163-7,,,,2015,,,,,,,56,63,,10.1109/ICTAI.2015.22,http://dx.doi.org/10.1109/ICTAI.2015.22,,,,,,,,,,,,,WOS:000374592500008,View Full Record in Web of Science
C,"Roseline, SA; Geetha, S",,,IEEE,"Roseline, S. Abijah; Geetha, S.",,,Intelligent Malware Detection using Oblique Random Forest Paradigm,"2018 INTERNATIONAL CONFERENCE ON ADVANCES IN COMPUTING, COMMUNICATIONS AND INFORMATICS (ICACCI)",,,,,"7th International Conference on Computing, Communications and Informatics (ICACCI)","SEP 19-22, 2018","Bangalore, INDIA","PES Inst Technol, Bangalore South Campus,IEEE,IEEE Communicat Soc,IEEE Photon Soc,IEEE Robot & Automat Soc",,,,,,,,,", Dr.S.Geetha/ABI-7036-2020","Nagappan, Kamaraj/0000-0002-0424-5529; S, Geetha/0000-0002-6850-9423",,,,,,,,,,,,,,,978-1-5386-5314-2,,,,2018,,,,,,,330,336,,,,,,,,,,,,,,,,WOS:000455682100054,View Full Record in Web of Science
C,"Yuan, XY; Cai, QY; Deng, S",,"Lu, H; Mu, S; Nakashima, S",,"Yuan, Xinya; Cai, Qinyuan; Deng, Song",,,Power consumption behavior analysis based on cluster analysis,INTERNATIONAL SYMPOSIUM ON ARTIFICIAL INTELLIGENCE AND ROBOTICS 2021,Proceedings of SPIE,,,,International Symposium on Artificial Intelligence and Robotics,"AUG 21-27, 2021","Fukuoka, JAPAN","Int Soc Artificial Intelligence & Robot,IEEE Comp Soc Big Data Tech Comm,Kyushu Inst Technol,SPIE",,,,,,,,,,,,,,,,,,,,,,,0277-786X,1996-756X,978-1-5106-4613-1; 978-1-5106-4612-4,,,,2021,11884,,,,,,,,118841F,10.1117/12.2605823,http://dx.doi.org/10.1117/12.2605823,,,,,,,,,,,,,WOS:000792664600049,View Full Record in Web of Science
J,"Zhou, C; Miao, MC; Chen, XR; Hu, YF; Chang, Q; Yan, MY; Kuai, SG",,,,"Zhou, Chen; Miao, Ming-Cheng; Chen, Xin-Ran; Hu, Yi-Fei; Chang, Qi; Yan, Ming-Yuan; Kuai, Shu-Guang",,,Human-behaviour-based social locomotion model improves the humanization of social robots,NATURE MACHINE INTELLIGENCE,,,,,,,,,,,,,,,,,"Miao, MingCheng/KCK-6965-2024; Zhou, Chen/LKJ-9690-2024","Hu, Yi-Fei/0000-0001-8495-5856; Kuai, Shu-Guang/0000-0001-8566-7338; Chang, Qi/0000-0001-9032-5404; Zhou, Chen/0000-0001-5684-4462; Miao, Ming-Cheng/0000-0003-0426-2940",,,,,,,,,,,,,,2522-5839,,,,NOV,2022,4,11,,,,,1040,+,,10.1038/s42256-022-00542-z,http://dx.doi.org/10.1038/s42256-022-00542-z,,NOV 2022,,,,,,,,,,,WOS:000879680600002,View Full Record in Web of Science
C,"Shiell, N; Vardy, A",,"Dorigo, M; Birattari, M; Li, X; LopezIbanez, M; Ohkura, K; Pinciroli, C; Stutzle, T",,"Shiell, Nicholi; Vardy, Andrew",,,A Bearing-Only Pattern Formation Algorithm for Swarm Robotics,SWARM INTELLIGENCE,Lecture Notes in Computer Science,,,,10th International Conference on Swarm Intelligence (ANTS),"SEP 07-09, 2016","Univ Libre Bruxelles, IRIDIA, Brussels, BELGIUM",,"Univ Libre Bruxelles, IRIDIA",,,,,,,,"Vardy, Andrew/AAT-8989-2020","Vardy, Andrew/0000-0001-7278-5378",,,,,,,,,,,,,0302-9743,1611-3349,978-3-319-44427-7; 978-3-319-44426-0,,,,2016,9882,,,,,,3,14,,10.1007/978-3-319-44427-7_1,http://dx.doi.org/10.1007/978-3-319-44427-7_1,,,,,,,,,,,,,WOS:000449780300001,View Full Record in Web of Science
J,"Duchon, AP; Warren, WH; Kaelbling, LP",,,,"Duchon, AP; Warren, WH; Kaelbling, LP",,,Ecological robotics,ADAPTIVE BEHAVIOR,,,,,,,,,,,,,,,,,"Warren, William/AAX-7781-2021",,,,,,,,,,,,,,1059-7123,,,,,WIN-SPR,1998,6,3-4,,,,,473,507,,10.1177/105971239800600306,http://dx.doi.org/10.1177/105971239800600306,,,,,,,,,,,,,WOS:000073736300006,View Full Record in Web of Science
J,"Krebs, A; Pradalier, C; Siegwart, R",,,,"Krebs, Ambroise; Pradalier, Cedric; Siegwart, Roland",,,Adaptive Rover Behavior Based on Online Empirical Evaluation: Rover-Terrain Interaction and Near-to-Far Learning,JOURNAL OF FIELD ROBOTICS,,,,,,,,,,,,,,,,,"Siegwart, Roland/A-4495-2008","Siegwart, Roland/0000-0002-2760-7983",,,,,,,,,,,,,1556-4959,,,,,MAR-APR,2010,27,2,,,SI,,158,180,,10.1002/rob.20332,http://dx.doi.org/10.1002/rob.20332,,,,,,,,,,,,,WOS:000274545400005,View Full Record in Web of Science
J,"Adams, J; Cintas, B; Sung, N; Abrahao, A; Lagos, L; Mcdaniel, D",,,,"Adams, Joel; Cintas, Brendon; Sung, Nakwon; Abrahao, Anthony; Lagos, Leonel; Mcdaniel, Dwayne",,,A Behavioral Robotics Approach to Radiation Mapping Using Adaptive Sampling,APPLIED SCIENCES-BASEL,,,,,,,,,,,,,,,,,,,,,,,,,,,,,,,,2076-3417,,,,FEB,2025,15,4,,,,,,,2050,10.3390/app15042050,http://dx.doi.org/10.3390/app15042050,,,,,,,,,,,,,WOS:001429962700001,View Full Record in Web of Science
J,"Lazkano, E; Sierra, B; Astigarraga, A; Martínez-Otzeta, JM",,,,"Lazkano, E.; Sierra, B.; Astigarraga, A.; Martinez-Otzeta, J. M.",,,On the use of Bayesian Networks to develop behaviours for mobile robots,ROBOTICS AND AUTONOMOUS SYSTEMS,,,,,,,,,,,,,,,,,"Lazkano, Elena/AAX-9542-2020; Sierra, Basilio/AAX-9544-2020; Sierra, Basilio/L-3160-2014; Martinez-Otzeta, Jose Maria/K-6464-2014","Astigarraga, Aitzol/0000-0001-5014-6532; Sierra, Basilio/0000-0001-8062-9332; Martinez-Otzeta, Jose Maria/0000-0001-5015-1315",,,,,,,,,,,,,0921-8890,1872-793X,,,,MAR 31,2007,55,3,,,,,253,265,,10.1016/j.robot.2006.08.003,http://dx.doi.org/10.1016/j.robot.2006.08.003,,,,,,,,,,,,,WOS:000245345900007,View Full Record in Web of Science
C,"Al-Jumaily, A; Kozak, S",,,IEEE,"Al-Jumaily, A; Kozak, S",,,Behavior based multi robot cooperation by TARGET/TASK negotiation,"2004 IEEE CONFERENCE ON ROBOTICS, AUTOMATION AND MECHATRONICS, VOLS 1 AND 2",,,,,"IEEE Conference on Robotics, Automation and Mechatronics","DEC 01-03, 2004","Singapore, SINGAPORE",,,,,,,,,,"AL-JUMAILY, Adel/GWV-7638-2022; Al-Jumaily, Adel/A-5301-2014","Al-Jumaily, Adel/0000-0003-0297-2463",,,,,,,,,,,,,,,0-7803-8645-0,,,,2004,,,,,,,661,666,,,,,,,,,,,,,,,,WOS:000227005400117,View Full Record in Web of Science
C,"Marti, J; Casals, A",,,IEEE,"Marti, J; Casals, A",,,Model-based objects recognition in man-made environments,"RO-MAN '96 - 5TH IEEE INTERNATIONAL WORKSHOP ON ROBOT AND HUMAN COMMUNICATION, PROCEEDINGS",,,,,5th IEEE International Workshop on Robot and Human Communication (RO-MAN 96),"NOV 11-14, 1996","AIST TSUKUBA RES CTR, TSUKUBA, JAPAN","IEEE Ind Electr Soc,Soc Instrument & Control Engineers,Robot Soc Japan,Japan Soc Mech Engineers,New Technol Fdn,Mech Engn Lab,IEEE Robot & Automat Soc,IEEE Neural Networks Council,IEEE R&A Soc Tech Comm Virtual Real Robot,Inst Electr Informat & Commun Engineers,Inst Elect Engineers Japan,Informat Proc Soc Japan,Inst Image Electr Engineers Japan,Japan Soc Med Electr & Biol Engn,Japanese Psychol Assoc,Inst Televis Engineers Japan,Japanese Neural Network Soc,Japan Soc Fuzzy Theory & Syst,Japanese Soc Artificial Intelligence,Japan Ergon Res Soc,Soc Biomechanisms,Tsukuba EXPO 85 Mem Fdn,Res Fdn Electrotechnol Chubu",AIST TSUKUBA RES CTR,,,,,,,,"Casals, Ariadna/C-7006-2009","Casals, Alicia/0000-0003-4706-5533",,,,,,,,,,,,,,,0-7803-3253-9,,,,1996,,,,,,,358,363,,10.1109/ROMAN.1996.568863,http://dx.doi.org/10.1109/ROMAN.1996.568863,,,,,,,,,,,,,WOS:A1996BH08C00061,View Full Record in Web of Science
C,"Ruiz-Beltrán, E; Orozco, JL",,,IEEE,"Ruiz-Beltran, E.; Orozco M, J. L.",,,A structural characterization of Diagnosability and On-line fault detection and location methodology,CERMA: 2009 ELECTRONICS ROBOTICS AND AUTOMOTIVE MECHANICS CONFERENCE,,,,,Electronics Robotics and Automotive Mechanics Conference,"SEP 22-25, 2009","Cuernavaca, MEXICO","CPS,IEEE Comp Soc",,,,,,,,,"Ruiz Beltran, Elvia/I-6940-2018","Ruiz Beltran, Elvia/0000-0002-8216-6914",,,,,,,,,,,,,,,978-0-7695-3799-3,,,,2009,,,,,,,384,+,,10.1109/CERMA.2009.24,http://dx.doi.org/10.1109/CERMA.2009.24,,,,,,,,,,,,,WOS:000274228000064,View Full Record in Web of Science
C,"Fratini, L; Lucci, N; Malavenda, A; Zanchettin, AM; Rocco, P",,,IEEE,"Fratini, Lorenzo; Lucci, Niccolo; Malavenda, Attilio; Zanchettin, Andrea Maria; Rocco, Paolo",,,Semantic Behaviour Tree Learning through Kinesthetic Demonstrations for Position-Force Controlled Robotic Applications,"2024 IEEE 20TH INTERNATIONAL CONFERENCE ON AUTOMATION SCIENCE AND ENGINEERING, CASE 2024",IEEE International Conference on Automation Science and Engineering,,,,IEEE 20th International Conference on Automation Science and Engineering (CASE),"AUG 28-SEP 01, 2024","Bari, ITALY",IEEE,,,,,,,,,,,,,,,,,,,,,,,2161-8070,,979-8-3503-5851-3; 979-8-3503-5852-0,,,,2024,,,,,,,1999,2005,,10.1109/CASE59546.2024.10711794,http://dx.doi.org/10.1109/CASE59546.2024.10711794,,,,,,,,,,,,,WOS:001361783101104,View Full Record in Web of Science
C,"Tehrani, AM; Kamel, MS",,"Jamshidi, M; Reuter, M; Andina, D; Jamshidi, JS",,"Tehrani, AM; Kamel, MS",,,A methodology for specifying and designing behaviors for mobile robots,"Soft Computing with Industrial Applications, Vol 17",TSI PRESS SERIES,,,,5th International Symposium on Soft Computing for Industry held at the 6th Biannual World Automation Congress,"JUN 28-JUL 01, 2004","Seville, SPAIN","World Automat Congress,ISSCI,Minist Cienc Tecnol,Univ Sevilla,Univ Politecn Madrid,Plan Andaluz Invest",,,,,,,,,"Kamel, Mohamed/D-9323-2011","Kamel, Mohamed/0000-0001-6173-8082",,,,,,,,,,,,,,,1-889335-23-1,,,,2004,17,,,,,,55,61,,,,,,,,,,,,,,,,WOS:000230424800010,View Full Record in Web of Science
J,"Peterson, J; Wahde, M",,,,"Peterson, Jimmy; Wahde, Mattias",,,Uflibrary: A simulation library implementing the utility function in autonomous robots,INTERNATIONAL JOURNAL ON ARTIFICIAL INTELLIGENCE TOOLS,,,,,,,,,,,,,,,,,,,,,,,,,,,,,,,0218-2130,1793-6349,,,,JUN,2007,16,3,,,,,507,536,,,,,,,,,,,,,,,,WOS:000251008500006,View Full Record in Web of Science
J,"Nguyen, H; Kemp, CC",,,,"Hai Nguyen; Kemp, Charles C.",,,Autonomously learning to visually detect where manipulation will succeed,AUTONOMOUS ROBOTS,,,,,,,,,,,,,,,,,,,,,,,,,,,,,,,0929-5593,1573-7527,,,,JAN,2014,36,1-2,,,SI,,137,152,,10.1007/s10514-013-9363-y,http://dx.doi.org/10.1007/s10514-013-9363-y,,,,,,,,,,,,,WOS:000329294800011,View Full Record in Web of Science
J,"Reiser, MB; Dickinson, MH",,,,"Reiser, MB; Dickinson, MH",,,A test bed for insect-inspired robotic control,PHILOSOPHICAL TRANSACTIONS OF THE ROYAL SOCIETY A-MATHEMATICAL PHYSICAL AND ENGINEERING SCIENCES,,,,,International Workshop on Biologically Inspired Robotics,"AUG, 2002","HEWLETT PACKARD LABS, BRISTOL, ENGLAND",,HEWLETT PACKARD LABS,,,,,,,,,,,,,,,,,,,,,,1364-503X,1471-2962,,,,OCT 15,2003,361,1811,,,,,2267,2285,,10.1098/rsta.2003.1259,http://dx.doi.org/10.1098/rsta.2003.1259,,,,,,,,14599319,,,,,WOS:000186035500010,View Full Record in Web of Science
J,"Jones, JL",,,,"Jones, JL",,,Robots at the tipping point - The road to the iRobot roomba,IEEE ROBOTICS & AUTOMATION MAGAZINE,,,,,,,,,,,,,,,,,,,,,,,,,,,,,,,1070-9932,,,,,MAR,2006,13,1,,,,,76,78,,10.1109/MRA.2006.1598056,http://dx.doi.org/10.1109/MRA.2006.1598056,,,,,,,,,,,,,WOS:000235634500012,View Full Record in Web of Science
J,"Gugliermo, S; Domínguez, DC; Iannotta, M; Stoyanov, T; Schaffernicht, E",,,,"Gugliermo, Simona; Dominguez, David Caceres; Iannotta, Marco; Stoyanov, Todor; Schaffernicht, Erik",,,Evaluating behavior trees,ROBOTICS AND AUTONOMOUS SYSTEMS,,,,,,,,,,,,,,,,,"Stoyanov, Todor/AAY-6281-2020; Iannotta, Marco/MAI-1484-2025","Iannotta, Marco/0000-0002-2142-6516; Stoyanov, Todor/0000-0002-6013-4874",,,,,,,,,,,,,0921-8890,1872-793X,,,,AUG,2024,178,,,,,,,,104714,10.1016/j.robot.2024.104714,http://dx.doi.org/10.1016/j.robot.2024.104714,,MAY 2024,,,,,,,,,,,WOS:001246926800001,View Full Record in Web of Science
B,"Murphy, RR",,"Murphy, RR",,"Murphy, Robin R.",,,Behavior-Based Robotics: Runaround,ROBOTICS THROUGH SCIENCE FICTION: ARTIFICIAL INTELLIGENCE EXPLAINED THROUGH SIX CLASSIC ROBOT SHORT STORIES,,,,,,,,,,,,,,,,,,,,,,,,,,,,,,,,,978-0-262-53626-4; 978-0-262-35025-9,,,,2018,,,,,,,39,+,,,,,,,,,,,,,,,,WOS:000548059700003,View Full Record in Web of Science
J,"Colledanchise, M; Natale, L",,,,"Colledanchise, Michele; Natale, Lorenzo",,,On the Implementation of Behavior Trees in Robotics,IEEE ROBOTICS AND AUTOMATION LETTERS,,,,,,,,,,,,,,,,,"Colledanchise, Michele/HJA-5138-2022; Natale, Lorenzo/IAR-2619-2023","Natale, Lorenzo/0000-0002-8777-5233; Colledanchise, Michele/0000-0003-0289-7424",,,,,,,,,,,,,2377-3766,,,,,JUL,2021,6,3,,,,,5929,5936,,10.1109/LRA.2021.3087442,http://dx.doi.org/10.1109/LRA.2021.3087442,,,,,,,,,,,,,WOS:000664985100005,View Full Record in Web of Science
C,"Stoytchev, A; Arkin, RC",,"Zhang, H",,"Stoytchev, A; Arkin, RC",,,"Combining deliberation, reactivity, and motivation in the context of a behavior-based robot architecture",2001 IEEE INTERNATIONAL SYMPOSIUM ON COMPUTATIONAL INTELLIGENCE IN ROBOTICS AND AUTOMATION: INTEGRATING INTELLIGENT MACHINES WITH HUMANS FOR A BETTER TOMORROW,,,,,IEEE International Symposium on Computational Intelligence in Robotics and Automation,"JUL 29-AUG 01, 2001","BANFF, CANADA",IEEE Robot & Automat Soc,,,,,,,,,,,,,,,,,,,,,,,,,0-7803-7203-4,,,,2001,,,,,,,290,295,,10.1109/CIRA.2001.1013214,http://dx.doi.org/10.1109/CIRA.2001.1013214,,,,,,,,,,,,,WOS:000177016000051,View Full Record in Web of Science
J,"Zhao, JJ; Li, SS; Tang, GD",,,,"Zhao, Jiajian; Li, Shanshan; Tang, Guangdi",,,Mobile Robot Motion Behavior Based on Hopfield Neural Network Dynamics Under Electromagnetic Radiation,INTERNATIONAL JOURNAL OF BIFURCATION AND CHAOS,,,,,,,,,,,,,,,,,,,,,,,,,,,,,,,0218-1274,1793-6551,,,,OCT,2024,34,13,,,,,,,,10.1142/S0218127424501633,http://dx.doi.org/10.1142/S0218127424501633,,SEP 2024,,,,,,,,,,,WOS:001314978700005,View Full Record in Web of Science
C,"TZAFESTAS, ES",,"Rembold, U; Dillmann, R; Hertzberger, LO; Kanade, T",,"TZAFESTAS, ES",,,Reactive robots in the service of production management,INTELLIGENT AUTONOMOUS SYSTEMS - IAS-4,,,,,International Conference on Intelligent Autonomous Systems (IAS-4),"MAR 27-30, 1995","KARLSRUHE, GERMANY","German Res Fdn,State Baden Wurttemberg",,,,,,,,,,,,,,,,,,,,,,,,,90-5199-213-0,,,,1995,,,,,,,449,456,,,,,,,,,,,,,,,,WOS:A1995BD52P00058,View Full Record in Web of Science
J,"Yoshida, N; Daikoku, T; Nagai, Y; Kuniyoshi, Y",,,,"Yoshida, Naoto; Daikoku, Tatsuya; Nagai, Yukie; Kuniyoshi, Yasuo",,,Emergence of integrated behaviors through direct optimization for homeostasis,NEURAL NETWORKS,,,,,,,,,,,,,,,,,,"Yoshida, Naoto/0000-0002-9813-0668; Nagai, Yukie/0000-0003-4794-0940",,,,,,,,,,,,,0893-6080,1879-2782,,,,SEP,2024,177,,,,,,,,106379,10.1016/j.neunet.2024.106379,http://dx.doi.org/10.1016/j.neunet.2024.106379,,MAY 2024,,,,,,38762941,,,,,WOS:001244023700001,View Full Record in Web of Science
C,"Benjamen, LHY; Ang, MH",,"Lee, S; Cho, HS; Yoon, KJ; Lee, JM",,"Benjamen, Lim Han Yang; Ang, Marcelo H., Jr.",,,Design of a Sensing Limited Autonomous Robotic System,"INTELLIGENT AUTONOMOUS SYSTEMS 12, VOL 1",Advances in Intelligent Systems and Computing,,,,12th International Conference of Intelligent Autonomous Systems,"JUN 26-29, 2012","Jeju, SOUTH KOREA",,,,,,,,,,"Ang, Marcelo/B-4469-2010","Ang, Marcelo/0000-0001-8277-6408",,,,,,,,,,,,,2194-5357,,978-3-642-33925-7; 978-3-642-33926-4,,,,2013,193,,,,,,641,+,,,,,,,,,,,,,,,,WOS:000313842700061,View Full Record in Web of Science
J,"Yin, P; Abuduweili, A; Zhao, SQ; Xu, LY; Liu, CL; Scherer, S",,,,"Yin, Peng; Abuduweili, Abulikemu; Zhao, Shiqi; Xu, Lingyun; Liu, Changliu; Scherer, Sebastian",,,BioSLAM: A Bioinspired Lifelong Memory System for General Place Recognition,IEEE TRANSACTIONS ON ROBOTICS,,,,,,,,,,,,,,,,,"Yin, Peng/AEY-2004-2022; Liu, Changliu/T-2360-2019; Abuduweili, Abulikemu/JOL-0213-2023","Yin, Peng/0000-0001-8398-0988; Abuduweili, Abulikemu/0000-0002-3186-1976; Liu, Changliu/0000-0002-3767-5517; Zhao, Shiqi/0000-0001-5989-0771; Scherer, Sebastian/0000-0002-8373-4688",,,,,,,,,,,,,1552-3098,1941-0468,,,,DEC,2023,39,6,,,,,4855,4874,,10.1109/TRO.2023.3306615,http://dx.doi.org/10.1109/TRO.2023.3306615,,SEP 2023,,,,,,,,,,,WOS:001064618900001,View Full Record in Web of Science
C,"Parekh, S; Habibian, S; Losey, DP",,,IEEE,"Parekh, Sagar; Habibian, Soheil; Losey, Dylan P.",,,RILI: Robustly Influencing Latent Intent,2022 IEEE/RSJ INTERNATIONAL CONFERENCE ON INTELLIGENT ROBOTS AND SYSTEMS (IROS),IEEE International Conference on Intelligent Robots and Systems,,,,IEEE/RSJ International Conference on Intelligent Robots and Systems (IROS),"OCT 23-27, 2022","Kyoto, JAPAN","IEEE,Royal Soc Japan,IEEE Robot & Automat Soc,IES,SICE,New Technol Fdn",,,,,,,,,"Habibian, Soheil/AAY-1727-2021; Parekh, Sagar/IQS-0922-2023",,,,,,,,,,,,,,2153-0858,,978-1-6654-7927-1,,,,2022,,,,,,,2135,2142,,10.1109/IROS47612.2022.9981601,http://dx.doi.org/10.1109/IROS47612.2022.9981601,,,,,,,,,,,,,WOS:000908368201115,View Full Record in Web of Science
J,"Sanchez-Fibla, M; Forestier, S; Moulin-Frier, C; Puigbo, JY; Verschure, PFMJ",,,,"Sanchez-Fibla, Marti; Forestier, Sebastien; Moulin-Frier, Clement; Puigbo, Jordi-Ysard; Verschure, Paul F. M. J.",,,From motor to visually guided bimanual affordance learning,ADAPTIVE BEHAVIOR,,,,,,,,,,,,,,,,,"Verschure, Paul/AAR-2340-2021; Sanchez Fibla, Marti/I-6604-2016","Puigbo Llobet, Jordi-Ysard/0000-0003-0107-1559; Sanchez Fibla, Marti/0000-0001-5725-1984",,,,,,,,,,,,,1059-7123,1741-2633,,,,APR,2020,28,2,,,,,63,78,,10.1177/1059712319855836,http://dx.doi.org/10.1177/1059712319855836,,,,,,,,,,,,,WOS:000517839000001,View Full Record in Web of Science
J,"Keijzer, FA; Bem, S",,,,"Keijzer, FA; Bem, S",,,Behavioral systems interpreted as autonomous agents and as coupled dynamical systems: A criticism,PHILOSOPHICAL PSYCHOLOGY,,,,,,,,,,,,,,,,,,,,,,,,,,,,,,,0951-5089,,,,,SEP,1996,9,3,,,,,323,346,,10.1080/09515089608573187,http://dx.doi.org/10.1080/09515089608573187,,,,,,,,,,,,,WOS:A1996VK00900002,View Full Record in Web of Science
C,"Schäfer, H; Proetzsch, M; Berns, K",,"Zaytoon, J; Ferrier, JL; Cetto, JA; Filipe, J",,"Schaefer, H.; Proetzsch, M.; Berns, K.",,,Obstacle detection in mobile outdoor robots -: A short-term memory for the mobile outdoor platform RAVON,"ICINCO 2007: PROCEEDINGS OF THE FOURTH INTERNATIONAL CONFERENCE ON INFORMATICS IN CONTROL, AUTOMATION AND ROBOTICS, VOL RA-1: ROBOTICS AND AUTOMATION, VOL 1",,,,,"4th International Conference on Informatics in Control, Automation and Robotics","MAY 09-12, 2007","Angers, FRANCE","Inst Syst & Technol Informat, Control & Commun,Univ Angers,Int Federat Automat Control,GDR MACS,CNRS,EEA,Assoc Advancement Artificial Intelligence",,,,,,,,,,,,,,,,,,,,,,,,,978-972-8865-83-2,,,,2007,,,,,,,141,148,,,,,,,,,,,,,,,,WOS:000252640800018,View Full Record in Web of Science
C,"Horváth, L; Rudas, IJ; Bitó, JF; Szakál, A",,,IEEE,"Horváth, L; Rudas, IJ; Bitó, JF; Szakál, A",,,Adaptive model objects for robot related applications of product models,"2004 IEEE INTERNATIONAL CONFERENCE ON ROBOTICS AND AUTOMATION, VOLS 1- 5, PROCEEDINGS",IEEE International Conference on Robotics and Automation ICRA,,,,IEEE International Conference on Robotics and Automation,"APR 26-MAY 01, 2004","New Orleans, LA","IEEE Robot & Automat Soc,IEEE",,,,,,,,,,,,,,,,,,,,,,,1050-4729,2577-087X,0-7803-8232-3,,,,2004,,,,,,,3137,3142,,10.1109/ROBOT.2004.1307545,http://dx.doi.org/10.1109/ROBOT.2004.1307545,,,,,,,,,,,,,WOS:000221794800505,View Full Record in Web of Science
C,"Parasuraman, S; Ganapathy, V; Shirinzadeh, B",,,IEEE,"Parasuraman, S; Ganapathy, V; Shirinzadeh, B",,,Behaviour based mobile robot navigation technique for real world environments using fuzzy logic system,"2004 IEEE INTERNATIONAL CONFERENCE ON SYSTEMS, MAN & CYBERNETICS, VOLS 1-7",IEEE International Conference on Systems Man and Cybernetics Conference Proceedings,,,,"IEEE International Conference on Systems, Man and Cybernetics","OCT 10-13, 2004","The Hague, NETHERLANDS",IEEE,,,,,,,,,", S.Parasuraman/A-5438-2013; Velappa, Ganapathy/H-3191-2014",,,,,,,,,,,,,,1062-922X,,0-7803-8566-7,,,,2004,,,,,,,3359,3364,,10.1109/ICSMC.2004.1400861,http://dx.doi.org/10.1109/ICSMC.2004.1400861,,,,,,,,,,,,,WOS:000226863300566,View Full Record in Web of Science
S,"Prokopenko, M; Wang, P",,"Kaminka, GA; Lima, PU; Rojas, R",,"Prokopenko, M; Wang, P",,,Relating the entropy of joint beliefs to multi-agent coordination,ROBOCUP 2002: ROBOT SOCCER WORLD CUP VI,LECTURE NOTES IN ARTIFICIAL INTELLIGENCE,,,,6th Robot World Cup Soccer and Rescue Competitions and Conference (RoboCup 2002),"JUN 19-25, 2002","FUKUOKA, JAPAN",RoboCup Federat,,,,,,,,,"wang, peter/AAD-5851-2020; Prokopenko, Mikhail/A-3995-2008","Prokopenko, Mikhail/0000-0002-4215-0344",,,,,,,,,,,,,0302-9743,,3-540-40666-2,,,,2003,2752,,,,,,367,374,,,,,,,,,,,,,,,,WOS:000185884000032,View Full Record in Web of Science
J,"Parker, LE",,,,"Parker, LE",,,On the design of behavior-based multi-robot teams,ADVANCED ROBOTICS,,,,,,,,,,,,,,,,,,"Parker, Lynne/0000-0002-6744-5675",,,,,,,,,,,,,0169-1864,,,,,,1996,10,6,,,,,547,578,,10.1163/156855396X00228,http://dx.doi.org/10.1163/156855396X00228,,,,,,,,,,,,,WOS:A1996WG99800003,View Full Record in Web of Science
C,"Chang, CF; Fu, LC",,,IEEE,"Chang, Chih-Fu; Fu, Li-Chen",,,Analysis of a behavior based nonholonomic wheeled mobile robot control with hybrid system approach,"2006 SICE-ICASE INTERNATIONAL JOINT CONFERENCE, VOLS 1-13",,,,,SICE-ICASE International Joint Conference,"OCT 18-21, 2006","Busan, SOUTH KOREA","SICE,ICASE",,,,,,,,,,"Fu, Li-Chen/0000-0002-6947-7646",,,,,,,,,,,,,,,978-89-950038-4-8,,,,2006,,,,,,,4384,+,,,,,,,,,,,,,,,,WOS:000246237604112,View Full Record in Web of Science
C,"Beraldo, G; Tonin, L; Cesta, A; Menegatti, E",,"Baldoni, M; Bandini, S",,"Beraldo, Gloria; Tonin, Luca; Cesta, Amedeo; Menegatti, Emanuele",,,Brain-Driven Telepresence Robots: A Fusion of User's Commands with Robot's Intelligence,AIXIA 2020 - ADVANCES IN ARTIFICIAL INTELLIGENCE,Lecture Notes in Computer Science,,,,19th International Conference of the Italian-Association-for-Artificial-Intelligence (AIxIA),"NOV 25-27, 2020",ELECTR NETWORK,"Italian Assoc Artificial Intelligence,Artificial Intelligence Journal,Univ Studi Torino,Univ Studi Torino, Dipartimento Informatica",,,,,,,,,"Tonin, Luca/IRZ-4375-2023; Cesta, Amedeo/ABD-3638-2020; Beraldo, Gloria/ABG-8811-2020; Cesta, Amedeo/B-7430-2015","Beraldo, Gloria/0000-0001-8937-9739; Cesta, Amedeo/0000-0002-0703-9122; Tonin, Luca/0000-0002-9751-7190; Menegatti, Emanuele/0000-0001-5794-9979",,,,,,,,,,,,,0302-9743,1611-3349,978-3-030-77091-4; 978-3-030-77090-7,,,,2021,12414,,,,,,235,248,,10.1007/978-3-030-77091-4_15,http://dx.doi.org/10.1007/978-3-030-77091-4_15,,,,,,,,,,,,,WOS:000886994000015,View Full Record in Web of Science
J,"Guo, HL; Meng, Y",,,,"Guo, Hongliang; Meng, Yan",,,Distributed Reinforcement Learning for Coordinate Multi-Robot Foraging,JOURNAL OF INTELLIGENT & ROBOTIC SYSTEMS,,,,,,,,,,,,,,,,,"GUO, Hongliang/JHU-9676-2023; meng, yan/GSE-2653-2022",,,,,,,,,,,,,,0921-0296,1573-0409,,,,DEC,2010,60,3-4,,,,,531,551,,10.1007/s10846-010-9429-4,http://dx.doi.org/10.1007/s10846-010-9429-4,,,,,,,,,,,,,WOS:000284160500009,View Full Record in Web of Science
C,"Graf, B; Schraft, RD",,,IEEE,"Graf, Birgit; Schraft, Rolf D.",,,Behavior-based path modification for shared control of robotic walking aids,"2007 IEEE 10TH INTERNATIONAL CONFERENCE ON REHABILITATION ROBOTICS, VOLS 1 AND 2",International Conference on Rehabilitation Robotics ICORR,,,,10th IEEE International Conference on Rehabilitation Robotics,"JUN 13-15, 2007","Noordwijk, NETHERLANDS",IEEE,,,,,,,,,,"Graf, Birgit/0009-0000-7085-0156",,,,,,,,,,,,,1945-7898,,978-1-4244-1319-5,,,,2007,,,,,,,317,322,,10.1109/ICORR.2007.4428444,http://dx.doi.org/10.1109/ICORR.2007.4428444,,,,,,,,,,,,,WOS:000255389600047,View Full Record in Web of Science
J,"Guo, ZC; Xu, J; Wang, XZ; Shi, CW; Mubashir, M; Zhang, XG; Mei, XS",,,,"Guo, Zhechen; Xu, Jun; Wang, Xingzao; Shi, Chenwei; Mubashir, Muhammad; Zhang, Xianggong; Mei, Xuesong",,,Redundant Thermal Fault Diagnosis and Localization for Lithium-Ion Battery Strings,IEEE TRANSACTIONS ON TRANSPORTATION ELECTRIFICATION,,,,,,,,,,,,,,,,,"Mubashir, Muhammad/JYP-0831-2024; Guo, Zhechen/IVH-0862-2023; Xu, Jun/J-5945-2013","Xu, Jun/0000-0001-7255-9952",,,,,,,,,,,,,2332-7782,,,,,FEB,2025,11,1,,,,,1234,1244,,10.1109/TTE.2024.3402709,http://dx.doi.org/10.1109/TTE.2024.3402709,,,,,,,,,,,,,WOS:001416187000023,View Full Record in Web of Science
C,"Cioarga, RD; Micea, MV; Cretu, V; Groza, V",,,IEEE,"Cioarga, Razvan-Dorel; Micea, Mihai V.; Cretu, Vladimir; Groza, Voicu",,,Evaluation of Fish Shoal Inspired Movement in Collaborative Robotic Environments,"2010 IEEE INTERNATIONAL INSTRUMENTATION AND MEASUREMENT TECHNOLOGY CONFERENCE I2MTC 2010, PROCEEDINGS",IEEE Instrumentation and Measurement Technology Conference,,,,International Instrumentation and Measurement Technology Conference (I2MTC),"MAY 03-06, 2010","Austin, TX",IEEE,,,,,,,,,"Micea, Mihai/B-5581-2011","Micea, Mihai/0000-0002-8224-2032",,,,,,,,,,,,,1091-5281,,978-1-4244-2833-5,,,,2010,,,,,,,,,,,,,,,,,,,,,,,,WOS:000287997200294,View Full Record in Web of Science
J,"Hagras, HA",,,,"Hagras, HA",,,A hierarchical type-2 fuzzy logic control architecture for autonomous mobile robots,IEEE TRANSACTIONS ON FUZZY SYSTEMS,,,,,,,,,,,,,,,,,,"Hagras, Hani/0000-0002-2818-5292",,,,,,,,,,,,,1063-6706,1941-0034,,,,AUG,2004,12,4,,,,,524,539,,10.1109/TFUZZ.2004.832538,http://dx.doi.org/10.1109/TFUZZ.2004.832538,,,,,,,,,,,,,WOS:000223243500010,View Full Record in Web of Science
C,"dos Reis, WPN; Bastos, GS",,"Macharet, DG; Osorio, FS; Carvalho, JCM; Campos, MFM; Goncalves, RS",,"Neves dos Reis, Wallace Pereira; Bastos, Guilherme Sousa",,,Multi-robot Task Allocation approach using ROS,2015 12TH LATIN AMERICAN ROBOTICS SYMPOSIUM AND 2015 3RD BRAZILIAN SYMPOSIUM ON ROBOTICS (LARS-SBR),,,,,12th Latin American Robotics Symposium / 3rd Brazilian Symposium on Robotics (LARS-SBR),"OCT 29-31, 2015","Uberlandia, BRAZIL","IEEE Comp Soc,IEEE Robot & Automat Soc Chapter Brazil,IEEE Latin Amer Robot Council,Brazilian Comp Soc,SBC Robot Special Commiss,Univ Fed Uberlandia, Fac Engn Mecanica,Univ Fed Triangulo Mineiro,Natl Council Sci & Technol Dev,Coordenacao Aperfeicoamento Pessoal Nivel Super,Minas Gerais Res Fdn",,,,,,,,,"dos Reis, Wallace/AFC-8899-2022; Bastos, Guilherme/J-3689-2014","dos Reis, Wallace Pereira Neves/0000-0002-5184-7848; Bastos, Guilherme/0000-0001-8280-2813",,,,,,,,,,,,,,,978-1-4673-7129-2,,,,2015,,,,,,,163,168,,10.1109/LARS-SBR.2015.20,http://dx.doi.org/10.1109/LARS-SBR.2015.20,,,,,,,,,,,,,WOS:000388456800028,View Full Record in Web of Science
C,"WANG, ZD; NAKANO, E; MATSUKAWA, T",,,IEEE,"WANG, ZD; NAKANO, E; MATSUKAWA, T",,,COOPERATING MULTIPLE BEHAVIOR-BASED ROBOTS FOR OBJECT MANIPULATION,"IROS '94 - INTELLIGENT ROBOTS AND SYSTEMS: ADVANCED ROBOTIC SYSTEMS AND THE REAL WORLD, VOLS 1-3",,,,,IEEE/RSJ/GI International Conference on Intelligent Robots and Systems - Advanced Robotic Systems and the Real World,"SEP 12-16, 1994","FED ARMED FORCES UNIV MUNICH, MUNICH, GERMANY","Gesell Informat,IEEE, Ind Electr Soc,New Technol Fdn,IEEE, Robot & Automat Soc,Robot Soc Japan,Soc Instrumentat & Control Engineers,Univ Bundeswehr Munchen,Inst Tech Intelligenter Syst,VDE VDI Gesell Mikroelektr,VDI BDE Gesell Messtechnik & Automatisierungstechnik",FED ARMED FORCES UNIV MUNICH,,,,,,,,,,,,,,,,,,,,,,,,0-7803-1933-8,,,,1994,,,,,,,1524,1531,,,,,,,,,,,,,,,,WOS:A1994BC39W00198,View Full Record in Web of Science
C,"Goecks, VG; Gremillion, GM; Lehman, HC; Nothwang, WD",,,IEEE,"Goecks, Vinicius G.; Gremillion, Gregory M.; Lehman, Hannah C.; Nothwang, William D.",,,Cyber-Human Approach for Learning Human Intention and Shape Robotic Behavior based on Task Demonstration,2018 INTERNATIONAL JOINT CONFERENCE ON NEURAL NETWORKS (IJCNN),IEEE International Joint Conference on Neural Networks (IJCNN),,,,International Joint Conference on Neural Networks (IJCNN),"JUL 08-13, 2018","Rio de Janeiro, BRAZIL",,,,,,,,,,,,,,,,,,,,,,,,2161-4393,,978-1-5090-6014-6,,,,2018,,,,,,,,,,,,,,,,,,,,,,,,WOS:000585967405052,View Full Record in Web of Science
J,"Millan, JD",,,,"Millan, JD",,,"Rapid, safe, and incremental learning of navigation strategies",IEEE TRANSACTIONS ON SYSTEMS MAN AND CYBERNETICS PART B-CYBERNETICS,,,,,,,,,,,,,,,,,"Millan, Jose del R./F-1696-2011","Millan, Jose del R./0000-0001-5819-1522",,,,,,,,,,,,,1083-4419,1941-0492,,,,JUN,1996,26,3,,,,,408,420,,10.1109/3477.499792,http://dx.doi.org/10.1109/3477.499792,,,,,,,,18263043,,,,,WOS:A1996UL27600005,View Full Record in Web of Science
C,"Bonarini, A; Matteucci, M",,"Pagello, E; Groen, F; Arai, T; Dillmann, R; Stentz, A",,"Bonarini, A; Matteucci, M",,,Learning context motivation in coordinated behaviors,INTELLIGENT AUTONOMOUS SYSTEMS 6,,,,,6th International Conference on Intelligent Autonomous Systems (IAS-6),"JUL 25-27, 2000","VENICE, ITALY","Intelligent Autonomous Syst Soc,Italian Assoc Artificial Intelligence,Italian Assoc Robot",,,,,,,,,"Bonarini, Andrea/I-2984-2017; Matteucci, Marco/IXN-8546-2023",,,,,,,,,,,,,,,,1-58603-078-7,,,,2000,,,,,,,519,526,,,,,,,,,,,,,,,,WOS:000089885200067,View Full Record in Web of Science
C,"Nguyen, MC",,"Liu, YS; Huang, TS",,"Nguyen, MC",,,Vision-based intelligent robots,INPUT/OUTPUT AND IMAGING TECHNOLOGIES II,PROCEEDINGS OF THE SOCIETY OF PHOTO-OPTICAL INSTRUMENTATION ENGINEERS (SPIE),,,,2nd Conference on Input/Output and Imaging Technologies,"JUL 26-27, 2000","TAIPEI, TAIWAN","SPIE,Natl Sci Council Taiwan,Photon Ind Dev Assoc",,,,,,,,,,,,,,,,,,,,,,,0277-786X,,0-8194-3719-0,,,,2000,4080,,,,,,41,47,,10.1117/12.389455,http://dx.doi.org/10.1117/12.389455,,,,,,,,,,,,,WOS:000089915500006,View Full Record in Web of Science
J,"Parker, CAC; Zhang, H",,,,"Parker, Chris A. C.; Zhang, Hong",,,Biologically inspired collective comparisons by robotic swarms,INTERNATIONAL JOURNAL OF ROBOTICS RESEARCH,,,,,,,,,,,,,,,,,,,,,,,,,,,,,,,0278-3649,1741-3176,,,,APR,2011,30,5,,,,,524,535,,10.1177/0278364910397621,http://dx.doi.org/10.1177/0278364910397621,,,,,,,,,,,,,WOS:000289461900003,View Full Record in Web of Science
C,"Zheng, W; Wang, YC; Xi, N",,,IEEE,"Zheng, Wei; Wang, Yuechao; Xi, Ning",,,Development of an Internet-based multi-robot teleoperation system,"IEEE ICMA 2006: PROCEEDING OF THE 2006 IEEE INTERNATIONAL CONFERENCE ON MECHATRONICS AND AUTOMATION, VOLS 1-3, PROCEEDINGS",,,,,IEEE International Conference on Mechatronics and Automation,"JUN 25-28, 2006","Henan Univ Sci & Technol, Luoyang, PEOPLES R CHINA","IEEE Robot & Automat Soc,Shandong Univ,Harbin Engn Univ,Univ Elect Sci & Technol China,IEEE Hong Kong Sect Joint RACS Chapter,Robot Soc Japan,Japan Soc Mech Engineers,Japan Soc Precis Engn,Chinese Univ Hong Kong,Chiba Inst Technol,Kagawa Univ",Henan Univ Sci & Technol,,,,,,,,,,,,,,,,,,,,,,,,1-4244-0465-7,,,,2006,,,,,,,329,+,,,,,,,,,,,,,,,,WOS:000241434600058,View Full Record in Web of Science
S,"Wang, M; Liu, JNK",,"Khosla, R; Howlett, RJ; Jain, LC",,"Wang, M; Liu, JNK",,,Behavior-based blind goal-oriented robot navigation by fuzzy logic,"KNOWLEDGE-BASED INTELLIGENT INFORMATION AND ENGINEERING SYSTEMS, PT 1, PROCEEDINGS",LECTURE NOTES IN ARTIFICIAL INTELLIGENCE,,,,9th International Conference on Knowledge-Based Intelligent Information and Engineering Systems,"SEP 14-16, 2005","La Trobe Univ, Melbourne, AUSTRALIA",,La Trobe Univ,,,,,,,,,,,,,,,,,,,,,,0302-9743,,3-540-28894-5,,,,2005,3681,,,,,,686,692,,,,,,,,,,,,,,,,WOS:000232719900098,View Full Record in Web of Science
J,"Seenu, N; Chetty, RMK; Ramya, MM; Janardhanan, MN",,,,"Seenu, N.; Chetty, Kuppan R. M.; Ramya, M. M.; Janardhanan, Mukund Nilakantan",,,Review on state-of-the-art dynamic task allocation strategies for multiple-robot systems,INDUSTRIAL ROBOT-THE INTERNATIONAL JOURNAL OF ROBOTICS RESEARCH AND APPLICATION,,,,,,,,,,,,,,,,,"Janardhanan, Mukund Nilakantan/LZF-9539-2025; Saravanan, Seenu/AAG-3669-2021; Mathanagopal, Ramya/ABC-6669-2020; RAMANATHAN, KUPPAN CHETTY/D-1017-2011","N, Seenu/0000-0003-0373-2357; HITS, Hindustan Institute of Technology and Science/0009-0004-3570-2675; RAMANATHAN, KUPPAN CHETTY/0000-0002-2419-938X; MM, Ramya/0000-0003-2076-3390",,,,,,,,,,,,,0143-991X,1758-5791,,,,,2020,47,6,,,,,929,942,,10.1108/IR-04-2020-0073,http://dx.doi.org/10.1108/IR-04-2020-0073,,SEP 2020,,,,,,,,,,,WOS:000574562100001,View Full Record in Web of Science
J,"Jain, S; Park, JS; Marais, K",,,,"Jain, Sanidhya; Park, Jin-Suh; Marais, Karen",,,Digital Twins for Early Resolution of Human Factors Issues: A Review of the State of the Art,NAVAL ENGINEERS JOURNAL,,,,,,,,,,,,,,,,,,,,,,,,,,,,,,,0028-1425,1559-3584,,,,MAR 1,2024,136,1-2,,,,,271,279,,,,,,,,,,,,,,,,WOS:001311209900004,View Full Record in Web of Science
J,"Korayem, MH; Kim, BI; Korayem, AH",,,,"Korayem, M. H.; Kim, Byung, I; Korayem, A. H.",,,Experimental and theoretical analysis of the DMASP cantilever vibration behavior based on the MCS theory in moist environment,SMART MATERIALS AND STRUCTURES,,,,,,,,,,,,,,,,,"Kim, Byung/AGG-3547-2022; korayem, Moharam/S-8949-2018","Kim, Byung/0000-0003-4484-1728",,,,,,,,,,,,,0964-1726,1361-665X,,,,JUL,2018,27,7,,,,,,,75059,10.1088/1361-665X/aaacb4,http://dx.doi.org/10.1088/1361-665X/aaacb4,,,,,,,,,,,,,WOS:000436101200014,View Full Record in Web of Science
J,"Chumkamon, S; Hayashi, E; Masato, K",,,,"Chumkamon, Sakmongkon; Hayashi, Eiji; Masato, Koike",,,Intelligent emotion and behavior based on topological consciousness and adaptive resonance theory in a companion robot,BIOLOGICALLY INSPIRED COGNITIVE ARCHITECTURES,,,,,,,,,,,,,,,,,,,,,,,,,,,,,,,2212-683X,2212-6848,,,,OCT,2016,18,,,,,,51,67,,10.1016/j.bica.2016.09.004,http://dx.doi.org/10.1016/j.bica.2016.09.004,,,,,,,,,,,,,WOS:000390513600006,View Full Record in Web of Science
C,"Hanna, D; Ferworn, A",,,IEEE,"Hanna, Dalia; Ferworn, Alexander",,,A UAV-based Algorithm to Assist Ground SAR Teams in Finding Lost Persons Living with Dementia,"2020 IEEE/ION POSITION, LOCATION AND NAVIGATION SYMPOSIUM (PLANS)",IEEE-ION Position Location and Navigation Symposium,,,,"IEEE/ION Position, Location and Navigation Symposium (PLANS)","APR 20-23, 2020","Portland, OR","IEEE,ION",,,,,,,,,,,,,,,,,,,,,,,2153-358X,,978-1-7281-0244-3,,,,2020,,,,,,,27,35,,10.1109/plans46316.2020.9109867,http://dx.doi.org/10.1109/plans46316.2020.9109867,,,,,,,,,,,,,WOS:000839298400005,View Full Record in Web of Science
J,"Müller, JP; Faihe, Y",,,,"Müller, JP; Faihe, Y",,,Toward learning to control robot behaviors,INTELLIGENT AUTOMATION AND SOFT COMPUTING,,,,,,,,,,,,,,,,,,"Muller, Jean-Pierre/0000-0003-4614-0108",,,,,,,,,,,,,1079-8587,,,,,,2000,6,3,,,,,205,213,,,,,,,,,,,,,,,,WOS:000088665200005,View Full Record in Web of Science
C,"Papudesi, V; Huber, M",,"Kamel, M",,"Papudesi, V; Huber, M",,,Interactive refinement of control policies for autonomous robots,Proceedings of the Tenth IASTED International Conference on Robotics and Applications,,,,,10th IASTED International Conference on Robotics and Applications,"AUG 23-25, 2004","Honolulu, HI",IASTED,,,,,,,,,,,,,,,,,,,,,,,,,0-88986-438-1,,,,2004,,,,,,,166,171,,,,,,,,,,,,,,,,WOS:000228468900029,View Full Record in Web of Science
S,"Schönherr, F; Hertzberg, J",,"Beetz, M; Hertzberg, J; Ghallab, M; Pollack, ME",,"Schönherr, F; Hertzberg, J",,,The DD&P robot control architecture -: A preliminary report,ADVANCES IN PLAN-BASED CONTROL OF ROBOTIC AGENTS,Lecture Notes in Artificial Intelligence,,,,Seminar on Plan-Based Control of Robotic Agents,"OCT 21-26, 2001","SCHLOSS DAGSTUHL, GERMANY",,,,,,,,,,,,,,,,,,,,,,,,0302-9743,1611-3349,3-540-00168-9,,,,2002,2466,,,,,,249,269,,,,,,,,,,,,,,,,WOS:000182706200015,View Full Record in Web of Science
C,"Hertzberg, J; Jaeger, H; Schönherr, F",,"VanHarmelen, F",,"Hertzberg, J; Jaeger, H; Schönherr, F",,,Learning to ground fact symbols in behavior-based robots,"ECAI 2002: 15TH EUROPEAN CONFERENCE ON ARTIFICIAL INTELLIGENCE, PROCEEDINGS",Frontiers in Artificial Intelligence and Applications,,,,15th European Conference on Artificial Intelligence,"JUL 21-26, 2002","CLAUDE BERNARD UNIV, LYON, FRANCE","European Coordinating Comm Artificial Intelligence,Assoc Francaise Intelligence Artificielle,INSA",CLAUDE BERNARD UNIV,,,,,,,,,,,,,,,,,,,,,,0922-6389,,1-58603-257-7,,,,2002,77,,,,,,708,712,,,,,,,,,,,,,,,,WOS:000178870500134,View Full Record in Web of Science
J,"Poncela, A",,,,"Poncela, Alberto",,,Cooperative behaviour-based complete exploration for an autonomous robot,AI COMMUNICATIONS,,,,,,,,,,,,,,,,,,"Poncela Gonzalez, Alberto/0000-0002-6466-4987",,,,,,,,,,,,,0921-7126,1875-8452,,,,,2009,22,3,,,,,187,189,,10.3233/AIC-2009-0449,http://dx.doi.org/10.3233/AIC-2009-0449,,,,,,,,,,,,,WOS:000270333300004,View Full Record in Web of Science
C,"Rastgoftar, H; Jayasuriya, S",,,ASME,"Rastgoftar, Hossein; Jayasuriya, Suhada",,,ALIGNMENT AS BIOLOGICAL INSPIRATION FOR CONTROL OF MULTI AGENT SYSTEMS,"7TH ANNUAL DYNAMIC SYSTEMS AND CONTROL CONFERENCE, 2014, VOL 1",,,,,ASME 7th Annual Dynamic Systems and Control Conference,"OCT 22-24, 2014","San Antonio, TX","ASME, Dynam Syst & Control Div",,,,,,,,,,,,,,,,,,,,,,,,,978-0-7918-4618-6,,,,2014,,,,,,,,,,,,,,,,,,,,,,,,WOS:000361166500024,View Full Record in Web of Science
J,"Tanwani, AK; Anand, R; Gonzalez, JE; Goldberg, K",,,,"Tanwani, Ajay Kumar; Anand, Raghav; Gonzalez, Joseph E.; Goldberg, Ken",,,RILaaS: Robot Inference and Learning as a Service,IEEE ROBOTICS AND AUTOMATION LETTERS,,,,,,,,,,,,,,,,,,"Goldberg, Ken/0000-0002-2661-4524; Tanwani, Ajay Kumar/0000-0002-6365-8315; Gonzalez, Joseph/0000-0003-2921-956X",,,,,,,,,,,,,2377-3766,,,,,JUL,2020,5,3,,,,,4423,4430,,10.1109/LRA.2020.2998414,http://dx.doi.org/10.1109/LRA.2020.2998414,,,,,,,,,,,,,WOS:000542859600001,View Full Record in Web of Science
J,"Denham, S; Bendixen, A; Mill, R; Tóth, D; Wennekers, T; Coath, M; Bohm, T; Szalardy, O; Winkler, I",,,,"Denham, Susan; Bendixen, Alexandra; Mill, Robert; Toth, Denes; Wennekers, Thomas; Coath, Martin; Bohm, Tamas; Szalardy, Orsolya; Winkler, Istvan",,,Characterising switching behaviour in perceptual multi-stability,JOURNAL OF NEUROSCIENCE METHODS,,,,,International Workshop on COLAMN - From Cortical Microcircuits to Brain-Inspired Computing Hardware,"SEP 01-02, 2010","Plymouth, ENGLAND",,,,,,,,,,"Bendixen, Alexandra/B-3922-2010; Szalardy, Orsolya/A-2290-2011; Winkler, István/A-7659-2008; Bőhm, Tamás/A-4753-2011","Winkler, Istvan/0000-0002-3344-6151; Bendixen, Alexandra/0000-0001-8211-9619; Coath, Martin/0000-0001-5035-6097",,,,,,,,,,,,,0165-0270,1872-678X,,,,SEP 15,2012,210,1,,,SI,,79,92,,10.1016/j.jneumeth.2012.04.004,http://dx.doi.org/10.1016/j.jneumeth.2012.04.004,,,,,,,,22525854,,,,,WOS:000308846700008,View Full Record in Web of Science
C,"Sigaud, O; Butz, MV; Kozlova, O; Meyer, C",,"Pezzulo, G; Butz, MV; Sigaud, O; Baldassarre, G",,"Sigaud, Olivier; Butz, Martin V.; Kozlova, Olga; Meyer, Christophe",,,Anticipatory Learning Classifier Systems and Factored Reinforcement Learning,ANTICIPATORY BEHAVIOR IN ADAPTIVE LEARNING SYSTEMS: FROM PSYCHOLOGICAL THEORIES TO ARTIFICIAL COGNITIVE SYSTEMS,Lecture Notes in Computer Science,,,,4th Workshop on Anticipatory Behavior in Adaptive Learning Systems,"JUN 26-27, 2008","Munich, GERMANY",EU Funded Projects,,,,,,,,,"Butz, Martin/HOC-0708-2023","Butz, Martin V./0000-0002-8120-8537",,,,,,,,,,,,,0302-9743,1611-3349,978-3-642-02564-8,,,,2009,5499,,,,,,321,+,,,,,,,,,,,,,,,,WOS:000269259700018,View Full Record in Web of Science
C,"Benjamin, DP; Lonsdale, D; Lyons, D; Patel, S",,"Stoica, A; Tunstel, E; Huntsberger, T; Arslan, T; Vijayakumar, S; ElRayis, AO",,"Benjamin, D. Paul; Lonsdale, Deryle; Lyons, Damian; Patel, Siddtharth",,,Using cognitive semantics to integrate perception and motion in a behavior-based robot,"2008 ECSIS SYMPOSIUM ON LEARNING AND ADAPTIVE BEHAVIORS FOR ROBOTIC SYSTEMS - LAB-RS 2008, PROCEEDINGS",,,,,ECSIS Symposium on Learning and Adaptive Behaviors for Robotic Systems,"AUG 06-08, 2008","Univ Edinburgh, Edinburgh, SCOTLAND",European Ctr Secure Informat & Syst,Univ Edinburgh,,,,,,,,"Lyons, Damian/AGG-3248-2022",,,,,,,,,,,,,,,,978-0-7695-3272-1,,,,2008,,,,,,,77,+,,10.1109/LAB-RS.2008.14,http://dx.doi.org/10.1109/LAB-RS.2008.14,,,,,,,,,,,,,WOS:000258995800014,View Full Record in Web of Science
C,"Nakamura, T; Takamura, S; Asada, M",,,IEEE,"Nakamura, T; Takamura, S; Asada, M",,,Behavior-based map representation for a sonar-based mobile robot by statistical methods,"IROS 96 - PROCEEDINGS OF THE 1996 IEEE/RSJ INTERNATIONAL CONFERENCE ON INTELLIGENT ROBOTS AND SYSTEMS - ROBOTIC INTELLIGENCE INTERACTING WITH DYNAMIC WORLDS, VOLS 1-3",,,,,1996 IEEE/RSJ International Conference on Intelligent Robots and Systems - Robotic Intelligence Interacting with Dynamic Worlds (IROS 96),"NOV 04-08, 1996","SENRI LIFE SCI CTR, OSAKA, JAPAN","IEEE Ind Electr Soc,IEEE Robot & Automat Soc,Robot Soc Japan,Soc Instrument & Control Engineers,New Technol Fdn",SENRI LIFE SCI CTR,,,,,,,,,,,,,,,,,,,,,,,,0-7803-3214-8,,,,1996,,,,,,,276,283,,,,,,,,,,,,,,,,WOS:A1996BH13L00038,View Full Record in Web of Science
J,"Takamura, S; Nakamura, T; Asada, M",,,,"Takamura, S; Nakamura, T; Asada, M",,,Behavior-based map representation for a sonar-based mobile robot by statistical methods,ADVANCED ROBOTICS,,,,,,,,,,,,,,,,,,,,,,,,,,,,,,,0169-1864,,,,,,1997,11,5,,,,,445,462,,,,,,,,,,,,,,,,WOS:000071680900002,View Full Record in Web of Science
C,"Wang, JM; Li, H; Karray, F; Basir, O",,,IEEE; IEEE,"Wang, JM; Li, H; Karray, F; Basir, O",,,Real world implementation of fuzzy anti-swing control for a behavior-based intelligent crane system,"IROS 2003: PROCEEDINGS OF THE 2003 IEEE/RSJ INTERNATIONAL CONFERENCE ON INTELLIGENT ROBOTS AND SYSTEMS, VOLS 1-4",,,,,IEEE/RSJ International Conference on Intelligent Robots and Systems,"OCT 27-31, 2003","LAS VEGAS, NV","IEEE Robot & Automat Soc,IEEE Ind Elect Soc,Robot Soc Japan,Soc Instruments & Control Engineers,New Technol Fdn",,,,,,,,,"Karray, Fakhri/A-2824-2010; Basir, Otman/ISU-4477-2023","Basir, Otman/0000-0002-6454-0538",,,,,,,,,,,,,,,0-7803-7860-1,,,,2003,,,,,,,1192,1197,,,,,,,,,,,,,,,,WOS:000187883300193,View Full Record in Web of Science
J,"Chen, G; Su, SH",,,,"Chen, Gang; Su, ShuHua",,,Driver-behavior-based robust steering control of unmanned driving robotic vehicle with modeling uncertainties and external disturbance,PROCEEDINGS OF THE INSTITUTION OF MECHANICAL ENGINEERS PART D-JOURNAL OF AUTOMOBILE ENGINEERING,,,,,,,,,,,,,,,,,,"Chen, Shoubao/0000-0003-2445-3859",,,,,,,,,,,,,0954-4070,2041-2991,,,,MAY,2020,234,6,,,,,1585,1596,954407019895158,10.1177/0954407019895158,http://dx.doi.org/10.1177/0954407019895158,,JAN 2020,,,,,,,,,,,WOS:000510627100001,View Full Record in Web of Science
C,"KWEON, I; KUNO, Y; WATANABE, M; ONOGUCHI, K",,,IEEE,"KWEON, I; KUNO, Y; WATANABE, M; ONOGUCHI, K",,,BEHAVIOR-BASED MOBILE ROBOT USING ACTIVE SENSOR FUSION,"1992 IEEE INTERNATIONAL CONF ON ROBOTICS AND AUTOMATION : PROCEEDINGS, VOLS 1-3",,,,,1992 IEEE INTERNATIONAL CONF ON ROBOTICS AND AUTOMATION,"MAY 12-14, 1992","NICE, FRANCE","IEEE, ROBOT & AUTOMAT SOC,CHAMBER COMMERCE NICE,CHAMBER COMMERCE TURIN,EUROPEAN COMMUNITY, ESPRIT PROGRAM,ASEA BROWN BOVERY ROBOTICS,AUTOMATED FACTORY SHOW ITALY,DIGITAL ELECTR AUTOMAT,ELECT FRANCE,MATRA,PRIMA IND",,,,,,,,,"Kuno, Yoshinori/B-3014-2012","Kuno, Yoshinori/0000-0001-9719-9367",,,,,,,,,,,,,,,0-8186-2720-4,,,,1992,,,,,,,1675,1682,,10.1109/ROBOT.1992.220137,http://dx.doi.org/10.1109/ROBOT.1992.220137,,,,,,,,,,,,,WOS:A1992BW47G00256,View Full Record in Web of Science
J,"Robertson, BD; Vadakkeveedu, S; Sawicki, GS",,,,"Robertson, Benjamin D.; Vadakkeveedu, Siddarth; Sawicki, Gregory S.",,,A benchtop biorobotic platform for in vitro observation of muscle-tendon dynamics with parallel mechanical assistance from an elastic exoskeleton,JOURNAL OF BIOMECHANICS,,,,,,,,,,,,,,,,,,,,,,,,,,,,,,,0021-9290,1873-2380,,,,MAY,2017,57,,,,,,8,17,,10.1016/j.jbiomech.2017.03.009,http://dx.doi.org/10.1016/j.jbiomech.2017.03.009,,,,,,,,28431748,,,,,WOS:000402350200002,View Full Record in Web of Science
J,"Ehrlich, SK; Cheng, G",,,,"Ehrlich, Stefan K.; Cheng, Gordon",,,Human-agent co-adaptation using error-related potentials,JOURNAL OF NEURAL ENGINEERING,,,,,,,,,,,,,,,,,"Cheng, Gordon/AAH-3554-2020","Cheng, Gordon/0000-0003-0770-8717; Ehrlich, Stefan K./0000-0002-3634-6973",,,,,,,,,,,,,1741-2560,1741-2552,,,,DEC,2018,15,6,,,,,,,66014,10.1088/1741-2552/aae069,http://dx.doi.org/10.1088/1741-2552/aae069,,,,,,,,30204127,,,,,WOS:000445927800003,View Full Record in Web of Science
C,"Robinson, C",,,IEEE,"Robinson, Chris",,,Modified Reinforcement Learning for Sequential Action Behaviors and its Application to Robotics,IEEE SOUTHEASTCON 2014,IEEE SoutheastCon-Proceedings,,,,IEEE SOUTHEASTCON,"MAR 13-16, 2014","Lexington, KY",IEEE,,,,,,,,,,,,,,,,,,,,,,,1558-058X,,978-1-4799-6585-4,,,,2014,,,,,,,,,,,,,,,,,,,,,,,,WOS:000399128200098,View Full Record in Web of Science
J,"Urzelai, J; Floreano, D; Dorigo, M; Colombetti, M",,,,"Urzelai, J; Floreano, D; Dorigo, M; Colombetti, M",,,Incremental robot shaping,CONNECTION SCIENCE,,,,,Genetic Programming Conference,1998,"MADISON, WISCONSIN",,,,,,,,,,"Dorigo, Marco/B-5664-2013","Dorigo, Marco/0000-0002-3971-0507",,,,,,,,,,,,,0954-0091,,,,,DEC,1998,10,3-4,,,,,341,360,,10.1080/095400998116486,http://dx.doi.org/10.1080/095400998116486,,,,,,,,,,,,,WOS:000082286800011,View Full Record in Web of Science
J,"Beccari, G; Caselli, S; Zanichelli, F",,,,"Beccari, G; Caselli, S; Zanichelli, F",,,Qualitative spatial representations from task-oriented perception and exploratory behaviors,ROBOTICS AND AUTONOMOUS SYSTEMS,,,,,,,,,,,,,,,,,"Caselli, Stefano/HLX-0917-2023; Zanichelli, Francesco/AAZ-7493-2020","Zanichelli, Francesco/0000-0002-5802-8343; Caselli, Stefano/0000-0003-0774-7871",,,,,,,,,,,,,0921-8890,,,,,NOV 30,1998,25,3-4,,,,,147,157,,10.1016/S0921-8890(98)00044-X,http://dx.doi.org/10.1016/S0921-8890(98)00044-X,,,,,,,,,,,,,WOS:000077981600003,View Full Record in Web of Science
C,"Tang, H; Song, AG; Zhang, XB",,,IEEE,"Tang, Hongru; Song, Aiguo; Zhang, Xiaobing",,,Hybrid behavior coordination mechanism for navigation of reconnaissance robot,"2006 IEEE/RSJ INTERNATIONAL CONFERENCE ON INTELLIGENT ROBOTS AND SYSTEMS, VOLS 1-12",,,,,IEEE/RSJ International Conference on Intelligent Robots and Systems,"OCT 09-13, 2006","Beijing, PEOPLES R CHINA","IEEE,RSJ",,,,,,,,,,,,,,,,,,,,,,,,,978-1-4244-0258-8,,,,2006,,,,,,,1773,+,,10.1109/IROS.2006.282217,http://dx.doi.org/10.1109/IROS.2006.282217,,,,,,,,,,,,,WOS:000245452401129,View Full Record in Web of Science
C,"Fukuda, T; Hasegawa, Y",,"MeloPinto, P; Teodorescu, HN; Fukuda, T",,"Fukuda, T; Hasegawa, Y",,,Behavior learning of hierarchical behavior-based controller for brachiation robot,SYSTEMATIC ORGANISATION OF INFORMATION IN FUZZY SYSTEMS,"NATO SCIENCE SERIES, SUB-SERIES III: COMPUTER AND SYSTEMS SCIENCES",,,,NATO Advanced Research Workshop on Systematic Organisation of Information in Fuzzy Systems,"OCT 24-26, 2001","Vila Real, PORTUGAL","NATO Sci Affairs Div,Univ Trasosmotes Alto Douro/CETAV,Vila Real Comm,Minist Sci,Tech Univ Iasi,Fac Elect & Telecommun",,,,,,,,,,,,,,,,,,,,,,,1387-6694,,1-58603-295-X,,,,2003,184,,,,,,359,371,,,,,,,,,,,,,,,,WOS:000189470700023,View Full Record in Web of Science
C,"Macenski, S; Martín, F; White, R; Clavero, JG",,,IEEE,"Macenski, Steve; Martin, Francisco; White, Ruffin; Gines Clavero, Jonatan",,,The Marathon 2: A Navigation System,2020 IEEE/RSJ INTERNATIONAL CONFERENCE ON INTELLIGENT ROBOTS AND SYSTEMS (IROS),IEEE International Conference on Intelligent Robots and Systems,,,,IEEE/RSJ International Conference on Intelligent Robots and Systems (IROS),"OCT 24-JAN 24, 2020-2021",ELECTR NETWORK,"IEEE,RSJ",,,,,,,,,"White, Ruffin/ISS-3808-2023; Martin Rico, Francisco/G-2516-2016","Martin Rico, Francisco/0000-0003-3121-5744",,,,,,,,,,,,,2153-0858,,978-1-7281-6212-6,,,,2020,,,,,,,2718,2725,,10.1109/IROS45743.2020.9341207,http://dx.doi.org/10.1109/IROS45743.2020.9341207,,,,,,,,,,,,,WOS:000714033801025,View Full Record in Web of Science
C,"Lee, JB; Likhachev, M; Arkin, RC",,,IEEE; IEEE; IEEE,"Lee, JB; Likhachev, M; Arkin, RC",,,Selection of behavioral parameters: Integration of discontinuous switching via case-based reasoning with continuous adaptation via learning momentum,"2002 IEEE INTERNATIONAL CONFERENCE ON ROBOTICS AND AUTOMATION, VOLS I-IV, PROCEEDINGS",,,,,19th IEEE International Conference on Robotics and Automation (ICRA),"MAY 11-15, 2002","WASHINGTON, DC",IEEE Robot & Automat Soc,,,,,,,,,,,,,,,,,,,,,,,,,0-7803-7272-7,,,,2002,,,,,,,1275,1281,,,,,,,,,,,,,,,,WOS:000178573200201,View Full Record in Web of Science
C,"TIECHE, F; FACCHINETTI, C; HUGLI, H",,"Rembold, U; Dillmann, R; Hertzberger, LO; Kanade, T",,"TIECHE, F; FACCHINETTI, C; HUGLI, H",,,Three vision-based behaviors for self-positioning a mobile robot,INTELLIGENT AUTONOMOUS SYSTEMS - IAS-4,,,,,International Conference on Intelligent Autonomous Systems (IAS-4),"MAR 27-30, 1995","KARLSRUHE, GERMANY","German Res Fdn,State Baden Wurttemberg",,,,,,,,,,,,,,,,,,,,,,,,,90-5199-213-0,,,,1995,,,,,,,64,71,,,,,,,,,,,,,,,,WOS:A1995BD52P00006,View Full Record in Web of Science
C,"Bouloubasis, AK; McKee, GT",,,IEEE,"Bouloubasis, AK; McKee, GT",,,Cooperative transport of extended payloads,2005 12TH INTERNATIONAL CONFERENCE ON ADVANCED ROBOTICS,,,,,12th International Conference on Advanced Robotics,"JUL 17-20, 2005","Seattle, WA",IEEE,,,,,,,,,,,,,,,,,,,,,,,,,0-7803-9177-2,,,,2005,,,,,,,882,887,,,,,,,,,,,,,,,,WOS:000234272400129,View Full Record in Web of Science
J,"Milani, A; Biondi, G; Franzoni, V",,,,"Milani, Alfredo; Biondi, Giulio; Franzoni, Valentina",,,User to Vector: Encoding User Behavior From Co-Occurrence of Observations,IEEE ACCESS,,,,,,,,,,,,,,,,,"Biondi, Giulio/GWZ-8298-2022; Franzoni, Valentina/AAC-7783-2021","Biondi, Giulio/0000-0002-1854-2196",,,,,,,,,,,,,2169-3536,,,,,,2024,12,,,,,,156020,156037,,10.1109/ACCESS.2024.3485553,http://dx.doi.org/10.1109/ACCESS.2024.3485553,,,,,,,,,,,,,WOS:001346092700001,View Full Record in Web of Science
C,"Bonnin-Pascual, F; Ortiz, A; Garcia-Fidalgo, E; Company, JP",,,IEEE,"Bonnin-Pascual, Francisco; Ortiz, Alberto; Garcia-Fidalgo, Emilio; Company, Joan P.",,,A Micro-Aerial Platform for Vessel Visual Inspection based on Supervised Autonomy,2015 IEEE/RSJ INTERNATIONAL CONFERENCE ON INTELLIGENT ROBOTS AND SYSTEMS (IROS),IEEE International Conference on Intelligent Robots and Systems,,,,IEEE/RSJ International Conference on Intelligent Robots and Systems (IROS),"SEP 28-OCT 02, 2015","Hamburg, GERMANY","IEEE,RSJ,Univ Hamburg,DFG,RA,New Technol Fdn,SICE,KUKA,DJI,Rethink Robot,BOSCH,Chinese Acad Sci, SIAT,Boozhong,Adept,Automatica,HIT,Ascending Technol,OPTOFORCE,DST Robot,BA Syst,Rainbow Robot,SIA,CLEARPATH Robot,Swiss Natl Ctr Competence Res Robot,SINEVA,Dyson,SICK,Robocept,Force Dimension,Open Unit Robot,Luoyang Natl Univ Sci Park,Fuzhou Univ,Synapticon,Google,Technishce Univ Munchen,iRobot,Echord++,Khalifa Univ,Pan Robot,FESTO,Kinova Robot,SCHUNK,ies",,,,,,,,,"Garcia-Fidalgo, Emilio/K-5844-2014; Ortiz, Alberto/K-5624-2014; Bonnin-Pascual, Francisco/X-5956-2018","Garcia-Fidalgo, Emilio/0000-0001-8057-5792; Ortiz, Alberto/0000-0002-8253-7455; Bonnin-Pascual, Francisco/0000-0002-4215-3764",,,,,,,,,,,,,2153-0858,,978-1-4799-9994-1,,,,2015,,,,,,,46,52,,,,,,,,,,,,,,,,WOS:000371885400008,View Full Record in Web of Science
J,"Grasse, R; Morère, Y; Pruski, A",,,,"Grasse, Regis; Morere, Yann; Pruski, Alain",,,Assisted Navigation for Persons with Reduced Mobility: Path Recognition Through Particle Filtering (Condensation Algorithm),JOURNAL OF INTELLIGENT & ROBOTIC SYSTEMS,,,,,,,,,,,,,,,,,"; MORERE, Yann/U-3186-2018","Pruski, Alain/0000-0003-0297-3992; MORERE, Yann/0000-0002-2499-7576",,,,,,,,,,,,,0921-0296,1573-0409,,,,OCT,2010,60,1,,,,,19,57,,10.1007/s10846-010-9406-y,http://dx.doi.org/10.1007/s10846-010-9406-y,,,,,,,,,,,,,WOS:000281669500002,View Full Record in Web of Science
J,"Abujabal, N; Fareh, R; Sinan, S; Baziyad, M; Bettayeb, M",,,,"Abujabal, Nour; Fareh, Raouf; Sinan, Saif; Baziyad, Mohammed; Bettayeb, Maamar",,,A comprehensive review of the latest path planning developments for multi-robot formation systems,ROBOTICA,,,,,,,,,,,,,,,,,,"Sinan, Saif/0000-0001-8509-1826; Baziyad, Mohammed/0000-0003-0272-2659",,,,,,,,,,,,,0263-5747,1469-8668,,,,JUL,2023,41,7,,,,,2079,2104,PII S0263574723000322,10.1017/S0263574723000322,http://dx.doi.org/10.1017/S0263574723000322,,MAR 2023,,,,,,,,,,,WOS:000961124300001,View Full Record in Web of Science
J,"Friston, K; Rigoli, F; Ognibene, D; Mathys, C; Fitzgerald, T; Pezzulo, G",,,,"Friston, Karl; Rigoli, Francesco; Ognibene, Dimitri; Mathys, Christoph; Fitzgerald, Thomas; Pezzulo, Giovanni",,,Active inference and epistemic value,COGNITIVE NEUROSCIENCE,,,,,,,,,,,,,,,,,"ognibene, dimitri/B-3792-2017; Pezzulo, Giovanni/AAY-3586-2020; Mathys, Christoph/D-5661-2014; Pezzulo, Giovanni/F-6854-2014; Friston, Karl/D-9230-2011","Mathys, Christoph/0000-0003-4079-5453; Pezzulo, Giovanni/0000-0001-6813-8282; Friston, Karl/0000-0001-7984-8909; ognibene, dimitri/0000-0002-9454-680X; FitzGerald, Thomas/0000-0002-3855-1591",,,,,,,,,,,,,1758-8928,1758-8936,,,,OCT 2,2015,6,4,,,,,187,214,,10.1080/17588928.2015.1020053,http://dx.doi.org/10.1080/17588928.2015.1020053,,,,,,,,25689102,,,,,WOS:000362125200005,View Full Record in Web of Science
J,"Zapata, O; Acosta, GA; Jiménez, JA",,,,"Zapata, O.; Acosta, G. A.; Jimenez, J. A.",,,Coordination Scheme and Behavior Fusion Based on Fuzzy Weighting Factors for a Mobile Robotic Navigation,IEEE LATIN AMERICA TRANSACTIONS,,,,,,,,,,,,,,,,,"Jiménez Builes, Jovani/A-6413-2010; Zapata Cortes, Orlando/GWC-0293-2022","Jimenez Builes, Jovani Alberto/0000-0001-7598-7696; Acosta Amaya, Gustavo Alonso/0000-0002-7270-9604; Zapata Cortes, Orlando/0000-0002-3720-466X",,,,,,,,,,,,,1548-0992,,,,,JAN,2015,13,1,,,,,18,26,,10.1109/TLA.2015.7040623,http://dx.doi.org/10.1109/TLA.2015.7040623,,,,,,,,,,,,,WOS:000349781600003,View Full Record in Web of Science
J,"Costa, LFS; do Nascimento, TP; Gonçalves, LMG",,,,"Costa, Luis Feliphe S.; do Nascimento, Tiago P.; Goncalves, Luiz Marcos G.",,,Online Learning and Teaching of Emergent Behaviors in Multi-Robot Teams,IEEE ACCESS,,,,,,,,,,,,,,,,,"Costa, Luis/J-8289-2016; Nascimento, Tiago/G-4409-2015; Goncalves, Luiz Marcos Garcia/C-3786-2009","Nascimento, Tiago/0000-0002-9319-2114; Goncalves, Luiz Marcos Garcia/0000-0002-7735-5630",,,,,,,,,,,,,2169-3536,,,,,,2019,7,,,,,,158989,159001,,10.1109/ACCESS.2019.2951013,http://dx.doi.org/10.1109/ACCESS.2019.2951013,,,,,,,,,,,,,WOS:000497167600015,View Full Record in Web of Science
J,"Jung, B; Sukhatme, GS",,,,"Jung, B; Sukhatme, GS",,,Tracking targets using multiple robots: The effect of environment occlusion,AUTONOMOUS ROBOTS,,,,,,,,,,,,,,,,,,,,,,,,,,,,,,,0929-5593,1573-7527,,,,NOV,2002,13,3,,,,,191,205,,10.1023/A:1020598107671,http://dx.doi.org/10.1023/A:1020598107671,,,,,,,,,,,,,WOS:000178468400001,View Full Record in Web of Science
J,"Berrueta, TA; Pervan, A; Fitzsimons, K; Murphey, TD",,,,"Berrueta, Thomas A.; Pervan, Ana; Fitzsimons, Kathleen; Murphey, Todd D.",,,Dynamical System Segmentation for Information Measures in Motion,IEEE ROBOTICS AND AUTOMATION LETTERS,,,,,,,,,,,,,,,,,"Murphey, Todd/C-9815-2009; Berrueta, Thomas/V-9809-2019","Pervan, Ana/0000-0003-1555-5845; Murphey, Todd/0000-0003-2262-8176; Berrueta, Thomas/0000-0002-3781-0934; Fitzsimons, Kathleen/0000-0002-9752-9925",,,,,,,,,,,,,2377-3766,,,,,JAN,2019,4,1,,,,,169,176,,10.1109/LRA.2018.2884091,http://dx.doi.org/10.1109/LRA.2018.2884091,,,,,,,,,,,,,WOS:000453576000002,View Full Record in Web of Science
C,"WATANABE, M; ONOGUCHI, K; KWEON, I; KUNO, Y",,,IEEE,"WATANABE, M; ONOGUCHI, K; KWEON, I; KUNO, Y",,,ARCHITECTURE OF BEHAVIOR-BASED MOBILE ROBOT IN DYNAMIC ENVIRONMENT,"1992 IEEE INTERNATIONAL CONF ON ROBOTICS AND AUTOMATION : PROCEEDINGS, VOLS 1-3",,,,,1992 IEEE INTERNATIONAL CONF ON ROBOTICS AND AUTOMATION,"MAY 12-14, 1992","NICE, FRANCE","IEEE, ROBOT & AUTOMAT SOC,CHAMBER COMMERCE NICE,CHAMBER COMMERCE TURIN,EUROPEAN COMMUNITY, ESPRIT PROGRAM,ASEA BROWN BOVERY ROBOTICS,AUTOMATED FACTORY SHOW ITALY,DIGITAL ELECTR AUTOMAT,ELECT FRANCE,MATRA,PRIMA IND",,,,,,,,,"Kuno, Yoshinori/B-3014-2012","Kuno, Yoshinori/0000-0001-9719-9367",,,,,,,,,,,,,,,0-8186-2720-4,,,,1992,,,,,,,2711,2718,,10.1109/ROBOT.1992.219996,http://dx.doi.org/10.1109/ROBOT.1992.219996,,,,,,,,,,,,,WOS:A1992BW47G00408,View Full Record in Web of Science
J,"Garofalo, J; Walczyk, D",,,,"Garofalo, James; Walczyk, Daniel",,,An Analytical Friction Model for Handling and Spreading of Carbon Fiber Tows for Composite Prepregging Applications,JOURNAL OF MANUFACTURING SCIENCE AND ENGINEERING-TRANSACTIONS OF THE ASME,,,,,,,,,,,,,,,,,,,,,,,,,,,,,,,1087-1357,1528-8935,,,,SEP 1,2024,146,9,,,,,,,94501,10.1115/1.4065410,http://dx.doi.org/10.1115/1.4065410,,,,,,,,,,,,,WOS:001285055600007,View Full Record in Web of Science
J,"Gugliermo, S; Schaffernicht, E; Koniaris, C; Pecora, F",,,,"Gugliermo, Simona; Schaffernicht, Erik; Koniaris, Christos; Pecora, Federico",,,Learning Behavior Trees From Planning Experts Using Decision Tree and Logic Factorization,IEEE ROBOTICS AND AUTOMATION LETTERS,,,,,,,,,,,,,,,,,"Koniaris, Christos/A-8045-2011","Koniaris, Christos/0000-0002-1883-2978; Gugliermo, Simona/0000-0002-6897-0244; Pecora, Federico/0000-0002-9652-7864",,,,,,,,,,,,,2377-3766,,,,,JUN,2023,8,6,,,,,3534,3541,,10.1109/LRA.2023.3268598,http://dx.doi.org/10.1109/LRA.2023.3268598,,,,,,,,,,,,,WOS:000981889200003,View Full Record in Web of Science
J,"Chen, EK; Wu, DD; Yu, JZ",,,,"Chen, EK; Wu, DD; Yu, JZ",,,The behavioral design and strategy for coordination of multiple biomimetic robot fishes,DYNAMICS OF CONTINUOUS DISCRETE AND IMPULSIVE SYSTEMS-SERIES A-MATHEMATICAL ANALYSIS,,,,,2nd International Conference on Impulsive Dynamical Systems and Applications,"OCT 28-30, 2005","Wuxi, PEOPLES R CHINA",,,,,,,,,,"Yu, Junzhi/A-7876-2010",,,,,,,,,,,,,,1201-3390,,,,,FEB,2006,13,,4,S,,,1720,1728,,,,,,,,,,,,,,,,WOS:000236990600017,View Full Record in Web of Science
J,"Long, JH; Lammert, AC; Pell, CA; Kemp, M; Strother, JA; Crenshaw, HC; McHenry, MJ",,,,"Long, JH; Lammert, AC; Pell, CA; Kemp, M; Strother, JA; Crenshaw, HC; McHenry, MJ",,,A navigational primitive: Biorobotic implementation of cycloptic helical klinotaxis in planar motion,IEEE JOURNAL OF OCEANIC ENGINEERING,,,,,13th International Symposium on Unmanned Untethered Submersible Technology,"AUG 24-27, 2003","Durham, NH",,,,,,,,,,,"Crenshaw, Hugh C./0009-0009-6135-0307; Strother, James/0000-0001-6871-5561; Long, John/0000-0002-9095-9770",,,,,,,,,,,,,0364-9059,1558-1691,,,,JUL,2004,29,3,,,,,795,806,,10.1109/JOE.2004.833233,http://dx.doi.org/10.1109/JOE.2004.833233,,,,,,,,,,,,,WOS:000224900800026,View Full Record in Web of Science
J,"Kolling, A; Carpin, S",,,,"Kolling, Andreas; Carpin, Stefano",,,Cooperative observation of multiple moving targets: an algorithm and its formalization,INTERNATIONAL JOURNAL OF ROBOTICS RESEARCH,,,,,,,,,,,,,,,,,,,,,,,,,,,,,,,0278-3649,1741-3176,,,,SEP,2007,26,9,,,,,935,953,,10.1177/0278364907080424,http://dx.doi.org/10.1177/0278364907080424,,,,,,,,,,,,,WOS:000249697400003,View Full Record in Web of Science
C,"Whitbrook, AM; Aickelin, U; Garibaldi, JM","Filipe, J","Cetto, JA; Ferrier, JL",,"Whitbrook, Amanda M.; Aickelin, Uwe; Garibaldi, Jonathan M.","Filipe, J",,Genetic-algorithm seeding of idiotypic networks for mobile-robot navigation,"ICINCO 2008: PROCEEDINGS OF THE FIFTH INTERNATIONAL CONFERENCE ON INFORMATICS IN CONTROL, AUTOMATION AND ROBOTICS, VOL RA-1: ROBOTICS AND AUTOMATION, VOL 1",,,,,"5th International Conference on Informatics in Control, Automation and Robotics","MAY 11-15, 2008","Funchal, PORTUGAL","Inst Syst & Technologies Informat, Control & Commun,Univ Madeira,IEEE Syst, Man & Cybernet Soc,Int Federat Automat Control,Assoc Advancement Artificial Intelligence",,,,,,,,,"; Aickelin, Uwe/JDV-8570-2023","Garibaldi, Jonathan/0000-0002-9690-7074; Aickelin, Uwe/0000-0002-2679-2275",,,,,,,,,,,,,,,978-989-8111-31-9,,,,2008,,,,,,,5,14,,,,,,,,,,,,,,,,WOS:000258900100003,View Full Record in Web of Science
C,"Rani, P; Sarkar, N",,,IEEE,"Rani, P; Sarkar, N",,,Operator engagement detection and robot behavior adaptation in human-robot interaction,"2005 IEEE INTERNATIONAL CONFERENCE ON ROBOTICS AND AUTOMATION (ICRA), VOLS 1-4",IEEE International Conference on Robotics and Automation ICRA,,,,IEEE International Conference on Robotics and Automation (ICRA),"APR 18-22, 2005","Barcelona, SPAIN",IEEE,,,,,,,,,,,,,,,,,,,,,,,1050-4729,2577-087X,0-7803-8914-X,,,,2005,,,,,,,2051,2056,,,,,,,,,,,,,,,,WOS:000235460101137,View Full Record in Web of Science
J,"Chakraa, H; Guérin, F; Leclercq, E; Lefebvre, D",,,,"Chakraa, Hamza; Guerin, Francois; Leclercq, Edouard; Lefebvre, Dimitri",,,Optimization techniques for Multi-Robot Task Allocation problems: Review on the state-of-the-art,ROBOTICS AND AUTONOMOUS SYSTEMS,,,,,,,,,,,,,,,,,"Lefebvre, Dimitri/AGF-8580-2022","Chakraa, Hamza/0000-0002-8776-4235",,,,,,,,,,,,,0921-8890,1872-793X,,,,OCT,2023,168,,,,,,,,104492,10.1016/j.robot.2023.104492,http://dx.doi.org/10.1016/j.robot.2023.104492,,AUG 2023,,,,,,,,,,,WOS:001052508100001,View Full Record in Web of Science
C,"Woithe, HC; Kremer, U",,,IEEE,"Woithe, Hans Christian; Kremer, Ulrich",,,A Programming Architecture for Smart Autonomous Underwater Vehicles,2009 IEEE-RSJ INTERNATIONAL CONFERENCE ON INTELLIGENT ROBOTS AND SYSTEMS,,,,,IEEE RSJ International Conference on Intelligent Robots and Systems,"OCT 10-15, 2009","St Louis, MO","IEEE Robot & Automat Soc (RA),Robot Soc Japan (RSJ),Soc Instruments & Control Engn,IEEE Ind Elect Soc,Inst Control, Robot & Syst Korea,ABB,Barrett Technol, Inc,Willow Garage,ROBOTIS,Aldebaran Robot",,,,,,,,,,,,,,,,,,,,,,,,,978-1-4244-3803-7,,,,2009,,,,,,,4433,4438,,10.1109/IROS.2009.5354098,http://dx.doi.org/10.1109/IROS.2009.5354098,,,,,,,,,,,,,WOS:000285372902099,View Full Record in Web of Science
C,"NIELSEN, J; SANDINI, G",,,IEEE,"NIELSEN, J; SANDINI, G",,,LEARNING MOBILE ROBOT NAVIGATION - A BEHAVIOR-BASED APPROACH,"1994 IEEE INTERNATIONAL CONFERENCE ON SYSTEMS, MAN, AND CYBERNETICS - HUMANS, INFORMATION AND TECHNOLOGY, VOLS 1-3",,,,,"1994 IEEE International Conference on Systems, Man, and Cybernetics - Humans, Information and Technology (SMC 94)","OCT 02-05, 1994","SAN ANTONIO, TX",IEEE,,,,,,,,,,,,,,,,,,,,,,,,,0-7803-2129-4,,,,1994,,,,,,,2809,2814,,,,,,,,,,,,,,,,WOS:A1994BC41S00487,View Full Record in Web of Science
J,"Kang, DO; Kim, SH; Lee, H; Bien, Z",,,,"Kang, DO; Kim, SH; Lee, H; Bien, Z",,,Multiobjective navigation of a guide mobile robot for the visually impaired based on intention inference of obstacles,AUTONOMOUS ROBOTS,,,,,,,,,,,,,,,,,"Bien, Zeungnam/F-3874-2010",,,,,,,,,,,,,,0929-5593,1573-7527,,,,MAR,2001,10,2,,,,,213,230,,10.1023/A:1008990105090,http://dx.doi.org/10.1023/A:1008990105090,,,,,,,,,,,,,WOS:000166772900008,View Full Record in Web of Science
C,"YAMAUCHI, B; NELSON, R",,,IEEE,"YAMAUCHI, B; NELSON, R",,,A BEHAVIOR-BASED ARCHITECTURE FOR ROBOTS USING REAL-TIME VISION,"1991 IEEE INTERNATIONAL CONFERENCE ON ROBOTICS AND AUTOMATION, VOLS 1-3",,,,,1991 INTERNATIONAL CONF ON ROBOTICS AND AUTOMATION,"APR 09-11, 1991","SACRAMENTO, CA","IEEE, ROBOT & AUTOMAT SOC",,,,,,,,,,,,,,,,,,,,,,,,,0-8186-2163-X,,,,1991,,,,,,,1822,1827,,10.1109/ROBOT.1991.131889,http://dx.doi.org/10.1109/ROBOT.1991.131889,,,,,,,,,,,,,WOS:A1991BT14J00267,View Full Record in Web of Science
C,"Ahmad, O; Iqbal, J; Khan, MA",,,IEEE,"Ahmad, Omar; Iqbal, Javed; Khan, Mahmood A.",,,Coordination without communication: Finite state automation in behavior based multi-robot systems,ICIET 2007: PROCEEDINGS OF THE INTERNATIONAL CONFERENCE ON INFORMATION AND EMERGING TECHNOLOGIES,,,,,International Conference on Information and Emerging Technologies,"JUL 06-07, 2007","Natl Univ, Comp & Emerging Sci, San Diego, CA",IEEE,"Natl Univ, Comp & Emerging Sci",,,,,,,,"Iqbal, Javed/ABB-3887-2020",,,,,,,,,,,,,,,,978-1-4244-1246-4,,,,2007,,,,,,,212,+,,,,,,,,,,,,,,,,WOS:000251393300038,View Full Record in Web of Science
C,"Bezemskij, A; Loukas, G; Anthony, RJ; Gan, D",,"GarciaBlas, J; Carretero, J; Ray, I; Jin, Q; Georgalas, N",,"Bezemskij, Anatolij; Loukas, George; Anthony, Richard J.; Gan, Diane",,,Behaviour-based anomaly detection of cyber-physical attacks on a robotic vehicle,2016 15TH INTERNATIONAL CONFERENCE ON UBIQUITOUS COMPUTING AND COMMUNICATIONS AND 2016 INTERNATIONAL SYMPOSIUM ON CYBERSPACE AND SECURITY (IUCC-CSS),,,,,15th International Conference on Ubiquitous Computing and Communications (IUCC) / 8th International Symposium on Cyberspace and Security (CSS),"DEC 14-16, 2016","Granada, SPAIN","Univ Carlos III Madrid,Univ Granada",,,,,,,,,"Gan, Diane/AAD-7337-2020; Loukas, George/AAC-4291-2021","Loukas, George/0000-0003-3559-5182",,,,,,,,,,,,,,,978-1-5090-5566-1,,,,2016,,,,,,,61,68,,10.1109/IUCC-CSS.2016.16,http://dx.doi.org/10.1109/IUCC-CSS.2016.16,,,,,,,,,,,,,WOS:000408893100009,View Full Record in Web of Science
C,"Antich, J; Ortiz, A",,,IEEE,"Antich, J; Ortiz, A",,,Extending the potential fields approach to avoid trapping situations,"2005 IEEE/RSJ INTERNATIONAL CONFERENCE ON INTELLIGENT ROBOTS AND SYSTEMS, VOLS 1-4",,,,,IEEE/RSJ International Conference on Intelligent Robots and Systems,"AUG 02-06, 2005","Edmonton, CANADA","IEEE,Robot Soc Japan",,,,,,,,,"Tobaruela, Javier/L-5747-2014; Ortiz, Alberto/K-5624-2014","Ortiz, Alberto/0000-0002-8253-7455",,,,,,,,,,,,,,,0-7803-8912-3,,,,2005,,,,,,,1379,1384,,10.1109/IROS.2005.1545172,http://dx.doi.org/10.1109/IROS.2005.1545172,,,,,,,,,,,,,WOS:000235632101058,View Full Record in Web of Science
C,"Bettosini, I; Clavelli, A; Barnech, GT; Visca, J; Benavides, F",,,IEEE,"Bettosini, Ignacio; Clavelli, Agustin; Barnech, Guillermo Trinidad; Visca, Jorge; Benavides, Facundo",,,Toroco: A Subsumption Architecture Implementation,"2022 8TH INTERNATIONAL CONFERENCE ON AUTOMATION, ROBOTICS AND APPLICATIONS (ICARA 2022)",International Conference on Automation Robotics and Applications,,,,"8th International Conference on Automation, Robotics and Applications (ICARA)","FEB 18-20, 2022",ELECTR NETWORK,"IEEE,IEEE Robot & Automat Soc,Czech Univ Life Sci Prague",,,,,,,,,"benavides, facundo/ABC-2976-2020","benavides, facundo/0000-0002-0651-5246",,,,,,,,,,,,,2767-7737,2767-7745,978-1-6654-8383-4,,,,2022,,,,,,,27,32,,10.1109/ICARA55094.2022.9738521,http://dx.doi.org/10.1109/ICARA55094.2022.9738521,,,,,,,,,,,,,WOS:000806725800005,View Full Record in Web of Science
C,"Hagras, H; Callaghan, V; Colley, M; Carr-West, M",,"Mohammadian, M",,"Hagras, H; Callaghan, V; Colley, M; Carr-West, M",,,A behaviour based hierarchical fuzzy control architecture for agricultural autonomous mobile robots,"COMPUTATIONAL INTELLIGENCE FOR MODELLING, CONTROL & AUTOMATION - EVOLUTIONARY COMPUTATION & FUZZY LOGIC FOR INTELLIGENT CONTROL, KNOWLEDGE ACQUISITION & INFORMATION RETRIEVAL",Concurrent Systems Engineering Series,,,,"International Conference on Computational Intelligence for Modelling, Control and Automation (CIMCA 99)","FEB 17-19, 1999","VIENNA, AUSTRIA",,,,,,,,,,"Callaghan, Victor/X-9302-2018",,,,,,,,,,,,,,1383-7575,,90-5199-474-5,,,,1999,55,,,,,,172,177,,,,,,,,,,,,,,,,WOS:000079619700028,View Full Record in Web of Science
C,"Bozinovski, A; Bozinovska, L",,,IEEE,"Bozinovski, Adrijan; Bozinovska, Liljana",,,Anticipatory Brain Potentials in a Brain-Robot Interface Paradigm,2009 4TH INTERNATIONAL IEEE/EMBS CONFERENCE ON NEURAL ENGINEERING,International IEEE EMBS Conference on Neural Engineering,,,,4th International IEEE/EMBS Conference on Neural Engineering,"APR 29-MAY 02, 2009","Antalya, TURKEY","IEEE,EMBS",,,,,,,,,"Bozinovski, Adrijan/L-7966-2016","Bozinovski, Adrijan/0000-0003-2820-4016",,,,,,,,,,,,,1948-3546,,978-1-4244-2072-8,,,,2009,,,,,,,444,+,,,,,,,,,,,,,,,,WOS:000274650800111,View Full Record in Web of Science
J,"Chen, YC; Mishra, D; Schmitt, L; Schmuker, M; Gerber, B",,,,"Chen, Yi-chun; Mishra, Dushyant; Schmitt, Linda; Schmuker, Michael; Gerber, Bertram",,,A Behavioral Odor Similarity Space in Larval Drosophila,CHEMICAL SENSES,,,,,,,,,,,,,,,,,"Schmuker, Michael/A-7713-2010; Mishra, Dushyant/P-4835-2018","Schmuker, Michael/0000-0001-6753-4929; Gerber, Bertram/0000-0003-3003-0051; Mishra, Dushyant/0000-0003-3274-4349",,,,,,,,,,,,,0379-864X,1464-3553,,,,MAR,2011,36,3,,,,,237,249,,10.1093/chemse/bjq123,http://dx.doi.org/10.1093/chemse/bjq123,,,,,,,,21227903,,,,,WOS:000287488600002,View Full Record in Web of Science
J,"Horswill, I",,,,"Horswill, I",,,A laboratory course in behavior-based robotics,IEEE INTELLIGENT SYSTEMS & THEIR APPLICATIONS,,,,,,,,,,,,,,,,,"Horswill, Ian/B-7175-2009",,,,,,,,,,,,,,1094-7167,,,,,NOV-DEC,2000,15,6,,,,,16,21,,10.1109/5254.895852,http://dx.doi.org/10.1109/5254.895852,,,,,,,,,,,,,WOS:000166358400009,View Full Record in Web of Science
C,"Vo, C; Harrison, JF; Lien, JM",,,IEEE,"Vo, Christopher; Harrison, Joseph F.; Lien, Jyh-Ming",,,Behavior-Based Motion Planning for Group Control,2009 IEEE-RSJ INTERNATIONAL CONFERENCE ON INTELLIGENT ROBOTS AND SYSTEMS,,,,,IEEE RSJ International Conference on Intelligent Robots and Systems,"OCT 10-15, 2009","St Louis, MO","IEEE Robot & Automat Soc (RA),Robot Soc Japan (RSJ),Soc Instruments & Control Engn,IEEE Ind Elect Soc,Inst Control, Robot & Syst Korea,ABB,Barrett Technol, Inc,Willow Garage,ROBOTIS,Aldebaran Robot",,,,,,,,,,,,,,,,,,,,,,,,,978-1-4244-3803-7,,,,2009,,,,,,,3768,3773,,10.1109/IROS.2009.5354032,http://dx.doi.org/10.1109/IROS.2009.5354032,,,,,,,,,,,,,WOS:000285372901297,View Full Record in Web of Science
C,"Manikonda, V; Hendler, J; Krishnaprasad, PS",,"Mellish, CS",,"Manikonda, V; Hendler, J; Krishnaprasad, PS",,,Formalizing behavior-based planning for nonholonomic robots,"IJCAI-95 - PROCEEDINGS OF THE FOURTEENTH INTERNATIONAL JOINT CONFERENCE ON ARTIFICIAL INTELLIGENCE, VOLS 1 AND 2",INTERNATIONAL JOINT CONFERENCE ON ARTIFICIAL INTELLIGENCE,,,,14th International Joint Conference on Artificial Intelligence (IJCAI-95),"AUG 20-25, 1995","MONTREAL, CANADA","Int Joint Conf Artificial Intelligence Inc,Amer Assoc Artificial Intelligence,Canadian Soc Comp Studies Intelligence,Soc Canadienne Etude Intelligence Ordinateur",,,,,,,,,,,,,,,,,,,,,,,1045-0823,,1-55860-363-8,,,,1995,,,,,,,142,149,,,,,,,,,,,,,,,,WOS:A1995BE63Q00019,View Full Record in Web of Science
J,"Mavrogiannis, A; Chandra, R; Manocha, D",,,,"Mavrogiannis, Angelos; Chandra, Rohan; Manocha, Dinesh",,,B-GAP: Behavior-Rich Simulation and Navigation for Autonomous Driving,IEEE ROBOTICS AND AUTOMATION LETTERS,,,,,,,,,,,,,,,,,,"Chandra, Rohan/0000-0003-4843-6375; Manocha, Dinesh/0000-0001-7047-9801",,,,,,,,,,,,,2377-3766,,,,,APR,2022,7,2,,,,,4718,4725,,10.1109/LRA.2022.3152594,http://dx.doi.org/10.1109/LRA.2022.3152594,,,,,,,,,,,,,WOS:000766269000030,View Full Record in Web of Science
C,"ROSENBLATT, JK; THORPE, CE",,"Ikeuchi, K; Khosla, P",,"ROSENBLATT, JK; THORPE, CE",,,Combining multiple goals in a behavior-based architecture,"IROS '95 - 1995 IEEE/RSJ INTERNATIONAL CONFERENCE ON INTELLIGENT ROBOTS AND SYSTEMS: HUMAN ROBOT INTERACTION AND COOPERATIVE ROBOTS, PROCEEDINGS, VOL 1",,,,,1995 IEEE/RSJ International Conference on Intelligent Robots and Systems - Human Robot Interaction and Cooperative Robots,"AUG 05-09, 1995","PITTSBURGH, PA","IEEE, Ind Electr Soc,IEEE, Robot & Automat Soc,Robot Soc Japan,Soc Instrument & Control Engineers,New Technol Fdn",,,,,,,,,,,,,,,,,,,,,,,,,0-7803-3006-4,,,,1995,,,,,,,136,141,,,,,,,,,,,,,,,,WOS:A1995BE13J00021,View Full Record in Web of Science
C,"Zweigle, O; Lafrenz, R; Buchheim, T; Käppeler, UP; Rajaie, H; Schreiber, F; Levi, P",,"Arai, T; Pfeifer, R; Balch, T; Yokoi, H",,"Zweigle, Oliver; Lafrenz, Reinhard; Buchheim, Thorsten; Kaeppeler, Uwe-Philipp; Rajaie, Hamid; Schreiber, Frank; Levi, Paul",,,Cooperative Agent Behavior Based on Special Interaction Nets,INTELLIGENT AUTONOMOUS SYSTEMS 9,,,,,9th International Conference on Intelligent Autonomous Systems (IAS-9),"MAR 07-09, 2006","Univ Tokyo, Tokyo, JAPAN",,Univ Tokyo,,,,,,,,,,,,,,,,,,,,,,,,978-1-58603-595-2,,,,2006,,,,,,,651,+,,,,,,,,,,,,,,,,WOS:000273615700073,View Full Record in Web of Science
J,"Perumal, DG; Srinivasan, S; Subathra, B; Saravanakumar, G; Ayyagari, R",,,,"Perumal, D. Ganesha; Srinivasan, Seshadhri; Subathra, B.; Saravanakumar, G.; Ayyagari, Ramakalyan",,,MILP based autonomous vehicle path-planning controller for unknown environments with dynamic obstacles,INTERNATIONAL JOURNAL OF HEAVY VEHICLE SYSTEMS,,,,,,,,,,,,,,,,,"DHARMARAJ, Dr.GANESHAPERUMAL/AAE-1103-2022; Srinivasan, Seshadhri/C-7402-2011; G, SARAVANAKUMAR/H-8399-2013","G, SARAVANAKUMAR/0000-0002-7721-2613; Srinivasan, Seshadhri/0000-0003-0014-3928",,,,,,,,,,,,,1744-232X,1741-5152,,,,,2016,23,4,,,,,350,369,,10.1504/IJHVS.2016.079272,http://dx.doi.org/10.1504/IJHVS.2016.079272,,,,,,,,,,,,,WOS:000387251300004,View Full Record in Web of Science
C,"Kaptein, F; Broekens, J; Hindriks, K; Neerincx, M",,,IEEE,"Kaptein, Frank; Broekens, Joost; Hindriks, Koen; Neerincx, Mark",,,Evaluating Cognitive and Affective Intelligent Agent Explanations in a Long-Term Health-Support Application for Children with Type 1 Diabetes,2019 8TH INTERNATIONAL CONFERENCE ON AFFECTIVE COMPUTING AND INTELLIGENT INTERACTION (ACII),International Conference on Affective Computing and Intelligent Interaction,,,,8th International Conference on Affective Computing and Intelligent Interaction (ACII),"SEP 03-06, 2019","Cambridge, ENGLAND",,,,,,,,,,"Neerincx, Mark/J-9086-2012","Hindriks, Koen/0000-0002-5707-5236",,,,,,,,,,,,,2156-8103,,978-1-7281-3888-6,,,,2019,,,,,,,,,,10.1109/acii.2019.8925526,http://dx.doi.org/10.1109/acii.2019.8925526,,,,,,,,,,,,,WOS:000522220800060,View Full Record in Web of Science
J,"Benjamin, MR; Leonard, JJ; Curcio, JA; Newman, PM",,,,"Benjamin, Michael R.; Leonard, John J.; Curcio, Joseph A.; Newman, Paul M.",,,A method for protocol-based collision avoidance between autonomous marine surface craft,JOURNAL OF FIELD ROBOTICS,,,,,,,,,,,,,,,,,,"/0000-0002-8863-6550; Benjamin, Michael/0000-0002-2520-6465",,,,,,,,,,,,,1556-4959,1556-4967,,,,MAY,2006,23,5,,,,,333,346,,10.1002/rob.20121,http://dx.doi.org/10.1002/rob.20121,,,,,,,,,,,,,WOS:000246146300003,View Full Record in Web of Science
S,"Aznar, F; Sempere, M; Pujol, M; Rizo, R",,"Bandini, S; Manzoni, S",,"Aznar, F; Sempere, M; Pujol, M; Rizo, R",,,Bayesian emotions: Developing an interface for robot/human communication,"AI*IA2005: ADVANCES IN ARTIFICIAL INTELLIGENCE, PROCEEDINGS",Lecture Notes in Artificial Intelligence,,,,9th Congress of the Italian-Association-for-Artificial-Intelligence,"SEP 21-23, 2005","Milan, ITALY","Univ Milano-Bicocca, Dept Comp Sci, Syst & Commun Artificial Intelligence Lab,Italian Assoc Artificial Intelligence,AISoftware S p A,Akhela s r l,Aletheia,Gruppo Fabbro S p A,Illycaffe",,,,,,,,,"Gregori, Fidel/K-5668-2017; Rizo, Ramon/D-3774-2018","Rizo, Ramon/0000-0001-7250-2067",,,,,,,,,,,,,0302-9743,1611-3349,3-540-29041-9,,,,2005,3673,,,,,,507,517,,,,,,,,,,,,,,,,WOS:000233291300051,View Full Record in Web of Science
J,"Angulo, C; Téllez, RA; Pardo, DE",,,,"Angulo, C.; Tellez, R. A.; Pardo, D. E.",,,INTERNAL REPRESENTATION OF THE ENVIRONMENT IN COGNITIVE ROBOTICS,INTERNATIONAL JOURNAL OF ROBOTICS & AUTOMATION,,,,,,,,,,,,,,,,,"Angulo, Cecilio/A-7953-2010","Angulo, Cecilio/0000-0001-9589-8199",,,,,,,,,,,,,0826-8185,1925-7090,,,,,2009,24,3,,,,,214,221,,,,,,,,,,,,,,,,WOS:000268644300007,View Full Record in Web of Science
C,"Li, ST; Li, YC",,,IEEE,"Li, Shoutao; Li, Yuanchun",,,Compound zeno behavior-based autonomous mobile robot obstacle avoidance algorithm in unknown environment,"ISSCAA 2006: 1ST INTERNATIONAL SYMPOSIUM ON SYSTEMS AND CONTROL IN AEROSPACE AND ASTRONAUTICS, VOLS 1AND 2",,,,,1st International Symposium on Systems and Control in Aerospace and Astronautics,"JAN 19-21, 2006","Harbin, PEOPLES R CHINA","IEEE Aerpsp & Elect Syst Soc,IEEE Ind Elect Soc,Amer Inst Aeronaut & Astronaut,China Space Agcy,China Aerosp Sci & Technol Corp,China Aerosp Sci & Ind Corp,Chinese Soc Aerosp,Asia Pacific Space Cooperat Org Secretariat,Harbin Inst Technol, Space Control & Inertial Technol Res Ctr",,,,,,,,,,,,,,,,,,,,,,,,,0-7803-9395-3,,,,2006,,,,,,,806,+,,,,,,,,,,,,,,,,WOS:000237415000167,View Full Record in Web of Science
C,"MURPHY, TG; LYONS, DM; HENDRIKS, AJ",,,IEEE,"MURPHY, TG; LYONS, DM; HENDRIKS, AJ",,,STABLE GRASPING WITH A MULTIFINGERED ROBOT HAND - A BEHAVIOR-BASED APPROACH,"IROS 93 : PROCEEDINGS OF THE 1993 IEEE/RSJ INTERNATIONAL CONFERENCE ON INTELLIGENT ROBOTS AND SYSTEMS, VOL 1-3",,,,,1993 INTERNATIONAL CONF ON INTELLIGENT ROBOTS AND SYSTEMS : INTELLIGENT ROBOTS FOR FLEXIBILITY ( IROS 93 ),"JUL 26-30, 1993","YOKOHAMA, JAPAN","IEEE, IND ELECTR SOC,IEE, ROBOT & AUTOMAT SOC,ROBOT SOC JAPAN,SOC INSTRUMENT & CONTROL ENGINEERS,NEW TECHNOL FOUNDAT",,,,,,,,,"Stoltzfus, Dani/G-6993-2014; Hendriks, Aalbert/C-6767-2013",,,,,,,,,,,,,,,,0-7803-0823-9,,,,1993,,,,,,,867,874,,,,,,,,,,,,,,,,WOS:A1993BZ32X00119,View Full Record in Web of Science
C,"Tsay, TIJ; Lai, YF; Hsiao, YL",,,IEEE,"Tsay, T. I. James; Lai, Y. F.; Hsiao, Y. L.",,,Material Handling of a Mobile Manipulator Using an Eye-in-Hand Vision System,IEEE/RSJ 2010 INTERNATIONAL CONFERENCE ON INTELLIGENT ROBOTS AND SYSTEMS (IROS 2010),IEEE International Conference on Intelligent Robots and Systems,,,,IEEE/RSJ International Conference on Intelligent Robots and Systems,"OCT 18-22, 2010","Taipei, TAIWAN",,,,,,,,,,,,,,,,,,,,,,,,2153-0858,,978-1-4244-6675-7,,,,2010,,,,,,,4743,4748,,10.1109/IROS.2010.5649578,http://dx.doi.org/10.1109/IROS.2010.5649578,,,,,,,,,,,,,WOS:000287672006043,View Full Record in Web of Science
J,"Ali, ZA; Alkhammash, EH; Hasan, R",,,,"Ali, Zain Anwar; Alkhammash, Eman H.; Hasan, Raza",,,State-of-the-Art Flocking Strategies for the Collective Motion of Multi-Robots,MACHINES,,,,,,,,,,,,,,,,,"Zain, Ali/AAK-1165-2020; Alkhammash, Eman/V-7020-2018; Hasan, Raza/N-5999-2019","Hasan, Raza/0000-0002-8089-837X; ALI, ZAIN ANWAR/0000-0002-2143-2879",,,,,,,,,,,,,,2075-1702,,,,OCT,2024,12,10,,,,,,,739,10.3390/machines12100739,http://dx.doi.org/10.3390/machines12100739,,,,,,,,,,,,,WOS:001342003000001,View Full Record in Web of Science
C,"Perumal, DG; Subathra, B; Saravanakumar, G; Srinivasan, S",,,,"Perumal, Ganesha D.; Subathra, B.; Saravanakumar, G.; Srinivasan, Seshadhri",,,Extended Kalman Filter Based Path-Planning Algorithm for Autonomous Vehicles with I2V Communication,IFAC PAPERSONLINE,,,,,4th IFAC Conference on Advances in Control and Optimization of Dynamical Systems (ACODS 2016),"FEB 01-05, 2016","Tiruchirappalli, INDIA",,,,,,,,,,"DHARMARAJ, Dr.GANESHAPERUMAL/AAE-1103-2022; Srinivasan, Seshadhri/C-7402-2011; G, SARAVANAKUMAR/H-8399-2013","Srinivasan, Seshadhri/0000-0003-0014-3928; G, SARAVANAKUMAR/0000-0002-7721-2613",,,,,,,,,,,,,2405-8963,,,,,,2016,49,1,,,,,652,657,,10.1016/j.ifacol.2016.03.130,http://dx.doi.org/10.1016/j.ifacol.2016.03.130,,,,,,,,,,,,,WOS:000375856400113,View Full Record in Web of Science
C,"Antich, J; Ortiz, A",,"Lopez, B; Melendez, J; Radeva, P; Vitria, J",,"Antich, Javier; Ortiz, Alberto",,,Bug-based T2: A New Globally Convergent Approach to Reactive Navigation,ARTIFICIAL INTELLIGENCE RESEARCH AND DEVELOPMENT,Frontiers in Artificial Intelligence and Applications,,,,8th Catalan Conference on Artificial Intelligence,"OCT 26-28, 2005","Alghero, ITALY","Escola Politecnica Superior,Univ Girona, Patronat Escola Politecn Superior,Caixa Girona,Ciutat Alguer, Assessorat Cultura,SISLtech,Xarxa Tematica Intelligencia Artificial,Agents Inspired Customer Intelligence",,,,,,,,,"Tobaruela, Javier/L-5747-2014; Ortiz, Alberto/K-5624-2014","Ortiz, Alberto/0000-0002-8253-7455",,,,,,,,,,,,,0922-6389,,978-1-58603-560-0,,,,2005,131,,,,,,331,338,,,,,,,,,,,,,,,,WOS:000284916800041,View Full Record in Web of Science
C,"Utsumi, A; Tada, M; Yamamoto, N; Matsuo, N; Torii, T; Shidoji, K",,,IEEE,"Utsumi, Akira; Tada, Masahiro; Yamamoto, Naoki; Matsuo, Noriyoshi; Torii, Takeshi; Shidoji, Kazunori",,,Active Safety with Enhanced Communication among Traffic Participants,2013 16TH INTERNATIONAL IEEE CONFERENCE ON INTELLIGENT TRANSPORTATION SYSTEMS - (ITSC),IEEE International Conference on Intelligent Transportation Systems-ITSC,,,,16th International IEEE Conference on Intelligent Transportation Systems (ITSC),"OCT 06-09, 2013","The Hague, NETHERLANDS",IEEE,,,,,,,,,,,,,,,,,,,,,,,2153-0009,,978-1-4799-2914-6,,,,2013,,,,,,,1167,1172,,,,,,,,,,,,,,,,WOS:000346481000188,View Full Record in Web of Science
J,"Dodampegama, H; Sridharan, M",,,,"Dodampegama, Hasra; Sridharan, Mohan",,,Knowledge-based Reasoning and Learning under Partial Observability in Ad Hoc Teamwork,THEORY AND PRACTICE OF LOGIC PROGRAMMING,,,,,,,,,,,,,,,,,"Sridharan, Mohan/AAY-7586-2021","Sridharan, Mohan/0000-0001-9922-8969; Dodampegama, Hasra/0000-0003-2302-1501",,,,,,,,,,,,,1471-0684,1475-3081,,,,JUL,2023,23,4,,,SI,,696,714,PII S1471068423000091,10.1017/S1471068423000091,http://dx.doi.org/10.1017/S1471068423000091,,JUN 2023,,,,,,,,,,,WOS:001015888000001,View Full Record in Web of Science
C,"De Carolis, B; Gena, C; Lieto, A; Rossi, S; Sciutti, A",,,ACM,"De Carolis, Berardina; Gena, Cristina; Lieto, Antonio; Rossi, Silvia; Sciutti, Alessandra",,,5th Workshop on Adapted intEraction with SociAl Robots,"ADJUNCT PROCEEDINGS OF THE 32ND ACM CONFERENCE ON USER MODELING, ADAPTATION AND PERSONALIZATION, UMAP 2024",,,,,"32nd ACM Conference on User Modeling, Adaptation and Personalization (ACM UMAP)","JUL 01-04, 2024","Cagliari, ITALY","Assoc Comp Machinery,ACM SIGCHI,SIGWEB,User Modeling Inc,4MI,Dipartimento Informatica,Ad Acent,NSF,Springer,Univ Cagliari,Univ Torino",,,,,,,,,"Lieto, Antonio/AAO-8167-2021; DE CAROLIS, BERARDINA/ABD-4045-2021; Sciutti, Alessandra/E-4291-2017",,,,,,,,,,,,,,,,979-8-4007-0466-6,,,,2024,,,,,,,201,204,,10.1145/3631700.3658525,http://dx.doi.org/10.1145/3631700.3658525,,,,,,,,,,,,,WOS:001263797000039,View Full Record in Web of Science
J,"Lay, FS; Dömel, A; Lii, NY; Stulp, F",,,,"Lay, Florian S.; Doemel, Andreas; Lii, Neal Y.; Stulp, Freek",,,Orchestrating Method Ensembles to Adapt to Resource Requirements and Constraints During Robotic Task Execution,IEEE ROBOTICS AND AUTOMATION LETTERS,,,,,,,,,,,,,,,,,,"Domel, Andreas/0000-0003-3694-5201; Stulp, Freek/0000-0001-9555-9517; Lay, Florian/0000-0002-5706-3278",,,,,,,,,,,,,2377-3766,,,,,FEB,2025,10,2,,,,,1186,1193,,10.1109/LRA.2024.3518077,http://dx.doi.org/10.1109/LRA.2024.3518077,,,,,,,,,,,,,WOS:001383062500019,View Full Record in Web of Science
J,"Kubitz, O; Berger, MO; Stenzel, R",,,,"Kubitz, O; Berger, MO; Stenzel, R",,,Client-server-based mobile robot control,IEEE-ASME TRANSACTIONS ON MECHATRONICS,,,,,1997 IEEE/ASME International Conference on Advanced Intelligent Mechatronics (AIM 97),"JUN 16-20, 1997","WASEDA UNIV, TOKYO, JAPAN","IEEE,ASME",WASEDA UNIV,,,,,,,,,,,,,,,,,,,,,,1083-4435,,,,,JUN,1998,3,2,,,,,82,90,,10.1109/3516.686675,http://dx.doi.org/10.1109/3516.686675,,,,,,,,,,,,,WOS:000074244500002,View Full Record in Web of Science
J,"Caccavale, R; Arpenti, P; Paduano, G; Fontanelli, GA; Lippiello, V; Luigi, V; Siciliano, B",,,,"Caccavale, Riccardo; Arpenti, Pierluigi; Paduano, Gianmarco; Fontanelli, Giuseppe Andrea; Lippiello, Vincenzo; Luigi, Villani; Siciliano, Bruno",,,A Flexible Robotic Depalletizing System for Supermarket Logistics,IEEE ROBOTICS AND AUTOMATION LETTERS,,,,,,,,,,,,,,,,,"Lippiello, Vincenzo/AGI-1078-2022; Villani, Luigi/E-9621-2012","Arpenti, Pierluigi/0000-0002-0327-3069; Paduano, Gianmarco/0000-0002-5270-534X; Lippiello, Vincenzo/0000-0002-6089-2333; Villani, Luigi/0000-0002-4431-6846; Siciliano, Bruno/0000-0002-1037-0588; Caccavale, Riccardo/0000-0001-8636-7628",,,,,,,,,,,,,2377-3766,,,,,JUL,2020,5,3,,,,,4471,4476,,10.1109/LRA.2020.3000427,http://dx.doi.org/10.1109/LRA.2020.3000427,,,,,,,,,,,,,WOS:000542879400003,View Full Record in Web of Science
C,"Jeon, SY; Kim, HJ; Hong, KS; Kim, BK",,"Wei, Y; Chong, KT; Takahashi, T; Liu, S; Li, Z; Jiang, Z; Chol, C",,"Jeon, SY; Kim, HJ; Hong, KS; Kim, BK",,,Reactive layer control architecture for autonomous mobile robots,"ICMIT 2005: CONTROL SYSTEMS AND ROBOTICS, PTS 1 AND 2",Proceedings of SPIE,,,,3rd International Conference on Mechatronics and Information Technology (ICMIT 05),"SEP 20-23, 2005","Chongqing, PEOPLES R CHINA","Chongqing Inst Technol,Korea/Japan Joint Adv Mech Res Assoc,Mech Engn Soc Chongqing,Chongqing Inst Technol,Mechatron Res Ctr,Biomed & Welfare Div,CRC Press,Inst B W E,Yamaguchi Univ,Fac Symbiot Syst Sci,Fukushima Univ,Natl Nat Sci Fdn,China Assoc Artificial Intelligence,China Assoc Automatizat, Special Comm Intelligent Automatizat,Inst Control Automat & Syst Engineers,Soc Instrument & Control Engineers (SICE),Korea Soc Precis Engn,Japan Soc Mech Engineers (JSME),Robot Soc Japan (RSJ),Korea Inst Informat & Telecommun Fac Engn,Chongqing Sci & Technol Comm,Mech Engn Soc Chongqing,Chongqing Educ Comm,Biomed Engn Soc Chongqing",,,,,,,,,,"Hong, Keum-Shik/0000-0002-8528-4457",,,,,,,,,,,,,0277-786X,1996-756X,0-8194-6074-5,,,,2005,6042,,1&2,,,,,,60423T,10.1117/12.664778,http://dx.doi.org/10.1117/12.664778,,,,,,,,,,,,,WOS:000235304400139,View Full Record in Web of Science
C,"Adachi, Y; Goto, K; Matsumoto, Y; Ogasawara, T",,,IEEE; IEEE,"Adachi, Y; Goto, K; Matsumoto, Y; Ogasawara, T",,,Development of control assistant system for robotic wheelchair - Estimation of user's behavior based on measurements of gaze and environment,"2003 IEEE INTERNATIONAL SYMPOSIUM ON COMPUTATIONAL INTELLIGENCE IN ROBOTICS AND AUTOMATION, VOLS I-III, PROCEEDINGS",,,,,IEEE International Symposium on Computational Intelligence in Robotics and Automation,"JUL 16-20, 2003","KOBE, JAPAN",IEEE Robot & Automat Soc,,,,,,,,,,"Ogasawara, Tsukasa/0000-0001-9767-6039",,,,,,,,,,,,,,,0-7803-7866-0,,,,2003,,,,,,,538,543,,,,,,,,,,,,,,,,WOS:000185096600094,View Full Record in Web of Science
J,"Ögren, P",,,,"Ogren, Petter",,,Convergence Analysis of Hybrid Control Systems in the Form of Backward Chained Behavior Trees,IEEE ROBOTICS AND AUTOMATION LETTERS,,,,,,,,,,,,,,,,,,"Ogren, Petter/0000-0002-7714-928X",,,,,,,,,,,,,2377-3766,,,,,OCT,2020,5,4,,,,,6073,6080,,10.1109/LRA.2020.3010747,http://dx.doi.org/10.1109/LRA.2020.3010747,,,,,,,,,,,,,WOS:000557351600005,View Full Record in Web of Science
J,"Zhao, YH; Qu, ZS; Liu, HC; Zhu, RW",,,,"Zhao, Yuhang; Qu, Zhenshen; Liu, Haichao; Zhu, Runwen",,,Bio-inspired robot swarm path formation with local sensor scope,APPLIED INTELLIGENCE,,,,,,,,,,,,,,,,,,,,,,,,,,,,,,,0924-669X,1573-7497,,,,JUL,2023,53,14,,,,,17310,17326,,10.1007/s10489-022-04356-9,http://dx.doi.org/10.1007/s10489-022-04356-9,,DEC 2022,,,,,,,,,,,WOS:000905828900001,View Full Record in Web of Science
J,"Beraldo, G; Tonin, L; Millán, JD; Menegatti, E",,,,"Beraldo, Gloria; Tonin, Luca; Millan, Jose del R.; Menegatti, Emanuele",,,Shared Intelligence for Robot Teleoperation via BMI,IEEE TRANSACTIONS ON HUMAN-MACHINE SYSTEMS,,,,,,,,,,,,,,,,,"Beraldo, Gloria/ABG-8811-2020; Tonin, Luca/IRZ-4375-2023; Millan, Jose del R./F-1696-2011","Tonin, Luca/0000-0002-9751-7190; Millan, Jose del R./0000-0001-5819-1522; Menegatti, Emanuele/0000-0001-5794-9979; Beraldo, Gloria/0000-0001-8937-9739",,,,,,,,,,,,,2168-2291,2168-2305,,,,JUN,2022,52,3,,,,,400,409,,10.1109/THMS.2021.3137035,http://dx.doi.org/10.1109/THMS.2021.3137035,,JAN 2022,,,,,,,,,,,WOS:000745432300001,View Full Record in Web of Science
J,"Cox, BR; Krichmar, JL",,,,"Cox, Brian R.; Krichmar, Jeffrey L.",,,Neuromodulation as a Robot Controller A Brain-Inspired Strategy for Controlling Autonomous Robots,IEEE ROBOTICS & AUTOMATION MAGAZINE,,,,,,,,,,,,,,,,,,"Krichmar, Jeffrey/0000-0003-0739-2468",,,,,,,,,,,,,1070-9932,,,,,SEP,2009,16,3,,,,,72,80,,10.1109/MRA.2009.933628,http://dx.doi.org/10.1109/MRA.2009.933628,,,,,,,,,,,,,WOS:000269716200011,View Full Record in Web of Science
C,"MURPHY, TG; LYONS, DM; HENDRIKS, AJ",,"Casasent, DP",,"MURPHY, TG; LYONS, DM; HENDRIKS, AJ",,,VISUALLY GUIDED STABLE GRASPING WITH A MULTIFINGERED ROBOT HAND - A BEHAVIOR-BASED APPROACH,INTELLIGENT ROBOTS AND COMPUTER VISION XII : ACTIVE VISION AND 3D METHODS,PROCEEDINGS OF THE SOCIETY OF PHOTO-OPTICAL INSTRUMENTATION ENGINEERS (SPIE),,,,12TH CONF ON INTELLIGENT ROBOTS AND COMPUTER VISION : ACTIVE VISION AND 3D METHODS,"SEP 08-09, 1993","BOSTON, MA",SOC PHOTO OPT INSTRUMENTAT ENGINEERS,,,,,,,,,,,,,,,,,,,,,,,,,0-8194-1321-6,,,,1993,2056,,,,,,252,263,,10.1117/12.150204,http://dx.doi.org/10.1117/12.150204,,,,,,,,,,,,,WOS:A1993BY85W00025,View Full Record in Web of Science
C,"Ishibashi, M; Okuwa, M; Doi, S; Akarnatsu, M",,,IEEE,"Ishibashi, Motonori; Okuwa, Masayuki; Doi, Shunichi; Akarnatsu, Motoyuki",,,Indices for characterizing driving style and their relevance to car following behavior,"PROCEEDINGS OF SICE ANNUAL CONFERENCE, VOLS 1-8",,,,,Annual Conference on the Society-of-Instrument-and-Control-Engineers,"SEP 17-20, 2007","Kagawa Univ, Takamatsu, JAPAN","IEEE Ind Electron Soc,IEEE Robot & Automat Soc,IEEE Control Syst Soc,IEEE Syst, Man & Cybernet Soc,Instrumentat, Syst & Automat Soc,Inst Control, Robot, & Syst,China Instrument & Control Soc,Chinese Assoc Automat,Chinese Automat Control Soc,Int Measurement Confederat,IEEE Japan Council,IFAC NMO,Inst Elect Engn Japan",Kagawa Univ,,,,,,,,,,,,,,,,,,,,,,,,978-4-907764-28-9,,,,2007,,,,,,,1128,+,,,,,,,,,,,,,,,,WOS:000255608501069,View Full Record in Web of Science
J,"Tehrani, AM; Kamel, MS; Khamis, AM",,,,"Tehrani, A. M.; Kamel, M. S.; Khamis, A. M.",,,Fuzzy reinforcement learning for embedded soccer agents in a multi-agent context,INTERNATIONAL JOURNAL OF ROBOTICS & AUTOMATION,,,,,Workshop of Agents Meet Robots held in Conjunction with 17th Canadian Conference on Artificial Intelligence,"MAY 17-19, 2004","London, CANADA",,,,,,,,,,"Kamel, Mohamed/D-9323-2011","Kamel, Mohamed/0000-0001-6173-8082; Khamis, Alaa/0000-0003-3008-835X",,,,,,,,,,,,,0826-8185,1925-7090,,,,,2006,21,2,,,SI,,110,119,,,,,,,,,,,,,,,,WOS:000237788300006,View Full Record in Web of Science
J,"Sinapov, J; Bergquist, T; Schenck, C; Ohiri, U; Griffith, S; Stoytchev, A",,,,"Sinapov, Jivko; Bergquist, Taylor; Schenck, Connor; Ohiri, Ugonna; Griffith, Shane; Stoytchev, Alexander",,,Interactive object recognition using proprioceptive and auditory feedback,INTERNATIONAL JOURNAL OF ROBOTICS RESEARCH,,,,,,,,,,,,,,,,,,"Ohiri, Ugonna/0000-0001-9772-538X",,,,,,,,,,,,,0278-3649,1741-3176,,,,SEP,2011,30,10,,,SI,,1250,1262,,10.1177/0278364911408368,http://dx.doi.org/10.1177/0278364911408368,,,,,,,,,,,,,WOS:000294491200004,View Full Record in Web of Science
J,"Schneider-Fontán, M",,,,"Schneider-Fontán, M",,,Plan execution based on active perception:: Adding hints to plans,AUTONOMOUS ROBOTS,,,,,,,,,,,,,,,,,,,,,,,,,,,,,,,0929-5593,1573-7527,,,,JAN,1999,6,1,,,,,53,68,,10.1023/A:1008872509483,http://dx.doi.org/10.1023/A:1008872509483,,,,,,,,,,,,,WOS:000078994400004,View Full Record in Web of Science
C,"Woolley, BG; Peterson, GL",,,ACM,"Woolley, Brian G.; Peterson, Gilbert L.",,,Genetic Evolution of Hierarchical Behavior Structures,"GECCO 2007: GENETIC AND EVOLUTIONARY COMPUTATION CONFERENCE, VOL 1 AND 2",,,,,Annual Conference of Genetic and Evolutionary Computation Conference,"JUL 07-11, 2007","London, ENGLAND",ACM,,,,,,,,,,"Peterson, Gilbert/0000-0002-6241-3084",,,,,,,,,,,,,,,978-1-59593-697-4,,,,2007,,,,,,,1731,1738,,,,,,,,,,,,,,,,WOS:000268226900315,View Full Record in Web of Science
J,"Orozco-Rosas, U; Picos, K; Montiel, O",,,,"Orozco-Rosas, Ulises; Picos, Kenia; Montiel, Oscar",,,Hybrid Path Planning Algorithm Based on Membrane Pseudo-Bacterial Potential Field for Autonomous Mobile Robots,IEEE ACCESS,,,,,,,,,,,,,,,,,"Montiel Ross, Oscar/J-6961-2017; Picos, Kenia/I-3742-2019; Orozco-Rosas, Ulises/X-8063-2018; Montiel, Oscar/F-1391-2010","Orozco-Rosas, Ulises/0000-0002-9627-0093; Montiel, Oscar/0000-0002-7060-9204; Picos, Kenia/0000-0001-6203-5389",,,,,,,,,,,,,2169-3536,,,,,,2019,7,,,,,,156787,156803,,10.1109/ACCESS.2019.2949835,http://dx.doi.org/10.1109/ACCESS.2019.2949835,,,,,,,,,,,,,WOS:000510435600001,View Full Record in Web of Science
B,"Wallgrün, JO","Wallgrun, JO",,,"Wallgruen, Jan Oliver","Wallgrun, JO",,Hierarchical Voronoi Graphs Spatial Representation and Reasoning for Mobile Robots Introduction,HIERARCHICAL VORONOI GRAPHS: SPATIAL REPRESENTATION AND REASONING FOR MOBILE ROBOTS,,,,,,,,,,,,,,,,,"Wallgrün, Jan/H-5241-2012",,,,,,,,,,,,,,,,978-3-642-10302-5,,,,2010,,,,,,,1,+,,10.1007/978-3-642-10345-2_1,http://dx.doi.org/10.1007/978-3-642-10345-2_1,10.1007/978-3-642-10345-2,,,,,,,,,,,,WOS:000274340000001,View Full Record in Web of Science
J,"Bicho, E; Schoner, G",,,,"Bicho, E; Schoner, G",,,The dynamic approach to autonomous robotics demonstrated on a low-level vehicle platform,ROBOTICS AND AUTONOMOUS SYSTEMS,,,,,4th International Symposium on Intelligent Robotic Systems (SIRS96),"JUL 22-26, 1996","LISBON, PORTUGAL",,,,,,,,,,"Schöner, Gregor/AAU-1050-2020; Bicho, Estela/M-5241-2013","Schoner, Gregor/0000-0002-4776-9998; Bicho, Estela/0000-0003-2715-4037",,,,,,,,,,,,,0921-8890,1872-793X,,,,JUL,1997,21,1,,,,,23,35,,10.1016/S0921-8890(97)00004-3,http://dx.doi.org/10.1016/S0921-8890(97)00004-3,,,,,,,,,,,,,WOS:A1997YD34300003,View Full Record in Web of Science
C,"Correll, N; Martinoli, A",,"Ang, MH; Khatib, O",,"Correll, N; Martinoli, A",,,Collective inspection of regular structures using a swarm of miniature robots,EXPERIMENTAL ROBOTICS IX,Springer Tracts in Advanced Robotics,,,,9th International Symposium on Experimental Robotics (ISER),"JUN 18-21, 2004","Singapore, SINGAPORE",,,,,,,,,,,"Martinoli, Alcherio/0000-0002-5201-7862",,,,,,,,,,,,,1610-7438,,3-540-28816-3,,,,2006,21,,,,,,375,+,,,,,,,,,,,,,,,,WOS:000236887500036,View Full Record in Web of Science
J,"Colledanchise, M; Natale, L",,,,"Colledanchise, Michele; Natale, Lorenzo",,,Handling Concurrency in Behavior Trees,IEEE TRANSACTIONS ON ROBOTICS,,,,,,,,,,,,,,,,,"Colledanchise, Michele/HJA-5138-2022; Natale, Lorenzo/IAR-2619-2023","Natale, Lorenzo/0000-0002-8777-5233; Colledanchise, Michele/0000-0003-0289-7424",,,,,,,,,,,,,1552-3098,1941-0468,,,,AUG,2022,38,4,,,,,2557,2576,,10.1109/TRO.2021.3125863,http://dx.doi.org/10.1109/TRO.2021.3125863,,,,,,,,,,,,,WOS:000836666300038,View Full Record in Web of Science
C,"Pires, G; Araújo, R; Nunes, U; de Almeida, AT",,,"IEEE, IND ELECTR SOC; IEEE, IND ELECTR SOC; IEEE, IND ELECTR SOC","Pires, G; Araújo, R; Nunes, U; de Almeida, AT",,,RobChair -: A powered wheelchair using a behaviour-based navigation,1998 5TH INTERNATIONAL WORKSHOP ON ADVANCED MOTION CONTROL - PROCEEDINGS: AMC '98 - COIMBRA,,,,,5th International Workshop on Advanced Motion Control,"JUN 29-JUL 01, 1998","COIMBRA UNIV, COIMBRA, PORTUGAL","IEEE, Ind Electr Soc,IEEE, Robot & Automat Soc,Inst Elect Engineers Japan,Inst Syst & Robot",COIMBRA UNIV,,,,,,,,"De Almeida, Anibal/AAI-6507-2020; Nunes, Urbano J./G-1187-2011; Pires, Gabriel/W-2972-2018; Araujo, Rui/C-3026-2008","Nunes, Urbano J./0000-0002-7750-5221; de Almeida, Anibal/0000-0002-3641-5174; Pires, Gabriel/0000-0001-9967-845X; Araujo, Rui/0000-0002-1007-8675",,,,,,,,,,,,,,,0-7803-4484-7,,,,1998,,,,,,,536,541,,10.1109/AMC.1998.743593,http://dx.doi.org/10.1109/AMC.1998.743593,,,,,,,,,,,,,WOS:000077727300091,View Full Record in Web of Science
C,"Monteiro, S; Bicho, E",,,IEEE; IEEE; IEEE,"Monteiro, S; Bicho, E",,,A dynamical systems approach to behavior-based formation control,"2002 IEEE INTERNATIONAL CONFERENCE ON ROBOTICS AND AUTOMATION, VOLS I-IV, PROCEEDINGS",,,,,19th IEEE International Conference on Robotics and Automation (ICRA),"MAY 11-15, 2002","WASHINGTON, DC",IEEE Robot & Automat Soc,,,,,,,,,"Monteiro, Sergio/I-5846-2015; Bicho, Estela/M-5241-2013","Monteiro, Sergio/0000-0002-5028-0974; Bicho, Estela/0000-0003-2715-4037",,,,,,,,,,,,,,,0-7803-7272-7,,,,2002,,,,,,,2606,2611,,,,,,,,,,,,,,,,WOS:000178573200411,View Full Record in Web of Science
J,"Stojanovic, MN",,,,"Stojanovic, Milan N.",,,PHYS 258-Behavior-based molecular robotics: Is there such a thing?,ABSTRACTS OF PAPERS OF THE AMERICAN CHEMICAL SOCIETY,,,,,236th National Meeting of the American-Chemical-Society,"AUG 17-21, 2008","Philadelphia, PA",Amer Chem Soc,,,,,,,,,,,,,,,,,,,,,,,0065-7727,,,,,AUG 17,2008,236,,,,,258-PHYS,,,,,,,,,,,,,,,,,,WOS:000270256307167,View Full Record in Web of Science
J,"Rosenblatt, JK",,,,"Rosenblatt, JK",,,Optimal selection of uncertain actions by maximizing expected utility,AUTONOMOUS ROBOTS,,,,,1999 IEEE International Symposium on Computational Intelligence in Robotics and Automation (CIRA 99),"NOV 08-09, 1999","MONTEREY, CA","IEEE, Robot & Automat Soc",,,,,,,,,,,,,,,,,,,,,,,0929-5593,1573-7527,,,,AUG,2000,9,1,,,,,17,25,,10.1023/A:1008916000526,http://dx.doi.org/10.1023/A:1008916000526,,,,,,,,,,,,,WOS:000087705800003,View Full Record in Web of Science
J,"Santos, JM; Touzet, C",,,,"Santos, JM; Touzet, C",,,Dynamic update of the reinforcement function during learning,CONNECTION SCIENCE,,,,,,,,,,,,,,,,,,,,,,,,,,,,,,,0954-0091,1360-0494,,,,DEC,1999,11,3-4,,,,,267,289,,10.1080/095400999116250,http://dx.doi.org/10.1080/095400999116250,,,,,,,,,,,,,WOS:000084643800004,View Full Record in Web of Science
J,"Santos, JM; Touzet, C",,,,"Santos, JM; Touzet, C",,,Exploration tuned reinforcement function,NEUROCOMPUTING,,,,,,,,,,,,,,,,,,,,,,,,,,,,,,,0925-2312,,,,,OCT,1999,28,,,,,,93,105,,10.1016/S0925-2312(98)00117-9,http://dx.doi.org/10.1016/S0925-2312(98)00117-9,,,,,,,,,,,,,WOS:000082665400008,View Full Record in Web of Science
J,"Stolle, M; Atkeson, C",,,,"Stolle, Martin; Atkeson, Christopher",,,Finding and transferring policies using stored behaviors,AUTONOMOUS ROBOTS,,,,,,,,,,,,,,,,,,,,,,,,,,,,,,,0929-5593,1573-7527,,,,AUG,2010,29,2,,,,,169,200,,10.1007/s10514-010-9191-2,http://dx.doi.org/10.1007/s10514-010-9191-2,,,,,,,,,,,,,WOS:000278810500003,View Full Record in Web of Science
J,"Ayers, J; Rulkov, N; Knudsen, D; Kim, YB; Volkovskii, A; Selverston, A",,,,"Ayers, Joseph; Rulkov, Nikolai; Knudsen, Dan; Kim, Yong-Bin; Volkovskii, Alexander; Selverston, Allen",,,Controlling underwater robots with electronic nervous systems,APPLIED BIONICS AND BIOMECHANICS,,,,,,,,,,,,,,,,,"Rulkov, Nikolai/S-3447-2016","Ayers, Joseph/0000-0002-3606-8539",,,,,,,,,,,,,1176-2322,1754-2103,,,,,2010,7,1,,,,,57,67,,10.1080/11762320903244843,http://dx.doi.org/10.1080/11762320903244843,,,,,,,,,,,,,WOS:000208348200006,View Full Record in Web of Science
C,"Lyons, DM; Arkin, RC; Jiang, S; O'Brien, M; Tang, F; Tang, P",,"Bourbakis, N; Esposito, A; Mali, A; Alamaniotis, M",,"Lyons, D. M.; Arkin, R. C.; Jiang, S.; O'Brien, M.; Tang, F.; Tang, P.",,,Formal Performance Guarantees for Behavior-based Localization Missions,2016 IEEE 28TH INTERNATIONAL CONFERENCE ON TOOLS WITH ARTIFICIAL INTELLIGENCE (ICTAI 2016),Proceedings-International Conference on Tools With Artificial Intelligence,,,,28th Annual IEEE International Conference on Tools with Artificial Intelligence (ICTAI),"NOV 06-08, 2016","San Jose, CA","IEEE,Biol & Artificial Intelligence Fdn,IEEE Comp Soc",,,,,,,,,"Lyons, Damian/AGG-3248-2022",,,,,,,,,,,,,,1082-3409,,978-1-5090-4459-7,,,,2016,,,,,,,98,105,,10.1109/ICTAI.2016.22,http://dx.doi.org/10.1109/ICTAI.2016.22,,,,,,,,,,,,,WOS:000404437500014,View Full Record in Web of Science
C,"Bushuev, AB; Grigoriev, VV; Petrov, VA",,,IEEE,"Bushuev, Alexandr B.; Grigoriev, Valery V.; Petrov, Vadim A.",,,Biological Algorithms of Control of a Flying Robot,"PROCEEDINGS OF THE 2017 INTERNATIONAL CONFERENCE QUALITY MANAGEMENT,TRANSPORT AND INFORMATION SECURITY, INFORMATION TECHNOLOGIES (IT&QM&IS)",,,,,"International Conference on Quality Management,Transport and Information Security, Information Technologies (IT and QM and IS)","SEP 23-30, 2017","St Petersburg, RUSSIA",,,,,,,,,,,,,,,,,,,,,,,,,,978-1-5386-0703-9,,,,2017,,,,,,,363,368,,,,,,,,,,,,,,,,WOS:000425868400083,View Full Record in Web of Science
J,"Tehrani, AM; Kamel, MS",,,,"Tehrani, AM; Kamel, MS",,,Behavior arbitration using a fuzzy reinforcement learning approach,INTELLIGENT AUTOMATION AND SOFT COMPUTING,,,,,,,,,,,,,,,,,"Kamel, Mohamed/D-9323-2011","Kamel, Mohamed/0000-0001-6173-8082",,,,,,,,,,,,,1079-8587,2326-005X,,,,,2005,11,3,,,,,179,193,,10.1080/10798587.2005.10642903,http://dx.doi.org/10.1080/10798587.2005.10642903,,,,,,,,,,,,,WOS:000233098400004,View Full Record in Web of Science
J,"Dax, VM; Li, JC; Sachdeva, E; Agarwal, N; Kochenderfer, MJ",,,,"Dax, Victoria M.; Li, Jiachen; Sachdeva, Enna; Agarwal, Nakul; Kochenderfer, Mykel J.",,,Disentangled Neural Relational Inference for Interpretable Motion Prediction,IEEE ROBOTICS AND AUTOMATION LETTERS,,,,,,,,,,,,,,,,,"Li, Jiachen/AAA-2829-2020; Kochenderfer, Mykel/E-7069-2010","Li, Jiachen/0000-0002-4883-697X; Kochenderfer, Mykel/0000-0002-7238-9663; Dax, Victoria Magdalena/0009-0006-6464-662X",,,,,,,,,,,,,2377-3766,,,,,FEB,2024,9,2,,,,,1452,1459,,10.1109/LRA.2023.3342554,http://dx.doi.org/10.1109/LRA.2023.3342554,,,,,,,,,,,,,WOS:001138708600011,View Full Record in Web of Science
S,"Lund, HH; Pagliarini, L",,"Asada, M; Kitano, H",,"Lund, HH; Pagliarini, L",,,Robot soccer with LEGO mindstorms,ROBOCUP-98: ROBOT SOCCER WORLD CUP II,LECTURE NOTES IN ARTIFICIAL INTELLIGENCE,,,,"2nd Robot World Cup Conference (RoboCup-98), at the FIFA World Cup","JUL 02-09, 1998","CITE SCI & IND, PARIS, FRANCE","Sony Corp,NAMCO Ltd,SUNX Ltd",CITE SCI & IND,,,,,,,,,,,,,,,,,,,,,,0302-9743,,3-540-66320-7,,,,1999,1604,,,,,,141,151,,,,,,,,,,,,,,,,WOS:000087616500011,View Full Record in Web of Science
C,"Nicolescu, MN; Mataric, MJ",,,IEEE; IEEE,"Nicolescu, MN; Mataric, MJ",,,Experience-based representation construction: learning from human and robot teachers,"IROS 2001: PROCEEDINGS OF THE 2001 IEEE/RJS INTERNATIONAL CONFERENCE ON INTELLIGENT ROBOTS AND SYSTEMS, VOLS 1-4: EXPANDING THE SOCIETAL ROLE OF ROBOTICS IN THE NEXT MILLENNIUM",,,,,IEEE Conference on Intelligent Robots and Systems (IROS 2001),"OCT 29-NOV 03, 2001","MAUI, HI","IEEE Ind Electr Soc,IEEE Robot & Automat Soc,Robot Soc Japan,Soc Instrument & Control Engineers",,,,,,,,,,,,,,,,,,,,,,,,,0-7803-6612-3,,,,2001,,,,,,,740,745,,,,,,,,,,,,,,,,WOS:000176593900117,View Full Record in Web of Science
C,"Peddi, R; Bezzo, N",,,IEEE,"Peddi, Rahul; Bezzo, Nicola",,,Interpretable Run-Time Prediction and Planning in Co-Robotic Environments,2021 IEEE/RSJ INTERNATIONAL CONFERENCE ON INTELLIGENT ROBOTS AND SYSTEMS (IROS),IEEE International Conference on Intelligent Robots and Systems,,,,IEEE/RSJ International Conference on Intelligent Robots and Systems (IROS),"SEP 27-OCT 01, 2021",ELECTR NETWORK,"IEEE,RSJ",,,,,,,,,,,,,,,,,,,,,,,2153-0858,,978-1-6654-1714-3,,,,2021,,,,,,,2504,2510,,10.1109/IROS51168.2021.9636282,http://dx.doi.org/10.1109/IROS51168.2021.9636282,,,,,,,,,,,,,WOS:000755125502011,View Full Record in Web of Science
J,"Luan, PG; Thinh, NT",,,,"Gia Luan, Phan; Truong Thinh, Nguyen",,,Self-Organized Aggregation Behavior Based on Virtual Expectation of Individuals with Wave-Based Communication,ELECTRONICS,,,,,,,,,,,,,,,,,"Truong Thinh, Nguyen/ISB-3725-2023; Phan, Gia Luân/JZT-6571-2024","TRUONG THINH, NGUYEN/0000-0003-0526-0736",,,,,,,,,,,,,2079-9292,,,,,MAY 13,2023,12,10,,,,,,,2220,10.3390/electronics12102220,http://dx.doi.org/10.3390/electronics12102220,,,,,,,,,,,,,WOS:000998136000001,View Full Record in Web of Science
C,"Golovan, AV; Shevtsova, NA; Klepatch, A",,"Casasent, DP",,"Golovan, AV; Shevtsova, NA; Klepatch, A",,,Neural network system for purposeful behavior based on foveal visual preprocessor,"INTELLIGENT ROBOTS AND COMPUTER VISION XV: ALGORITHMS, TECHNIQUES, ACTIVE VISION, AND MATERIALS HANDLING",PROCEEDINGS OF THE SOCIETY OF PHOTO-OPTICAL INSTRUMENTATION ENGINEERS (SPIE),,,,"Conference on Intelligent Robots and Computer Vision XV: Algorithms, Techniques, Active Vision, and Materials Handling","NOV 19-21, 1996","BOSTON, MA",Soc Photo Opt Instrumentat Engineers,,,,,,,,,,,,,,,,,,,,,,,,,0-8194-2306-8,,,,1996,2904,,,,,,256,262,,10.1117/12.256283,http://dx.doi.org/10.1117/12.256283,,,,,,,,,,,,,WOS:A1996BG67H00028,View Full Record in Web of Science
J,"Fernandez-Leon, JA; Acosta, GG; Mayosky, MA",,,,"Fernandez-Leon, Jose A.; Acosta, Gerardo G.; Mayosky, Miguel A.",,,From network-to-antibody robustness in a bio-inspired immune system,BIOSYSTEMS,,,,,,,,,,,,,,,,,"Fernandez-Leon, Jose/K-5116-2012; Acosta Lazo, Gerardo Gabriel/D-9614-2019","Acosta Lazo, Gerardo Gabriel/0000-0003-3295-1604; Mayosky, Miguel/0000-0002-3551-105X; Fernandez-Leon, Jose A./0000-0001-7166-9738",,,,,,,,,,,,,0303-2647,1872-8324,,,,MAY-JUN,2011,104,2-3,,,,,109,117,,10.1016/j.biosystems.2011.01.007,http://dx.doi.org/10.1016/j.biosystems.2011.01.007,,,,,,,,21315135,,,,,WOS:000290194500005,View Full Record in Web of Science
C,"Papageorgiou, XS; Chalvatzaki, G; Tzafestas, CS; Maragos, P",,,IEEE,"Papageorgiou, Xanthi S.; Chalvatzaki, Georgia; Tzafestas, Costas S.; Maragos, Petros",,,Hidden Markov Modeling of Human Normal Gait using Laser Range Finder for a Mobility Assistance Robot,2014 IEEE INTERNATIONAL CONFERENCE ON ROBOTICS AND AUTOMATION (ICRA),IEEE International Conference on Robotics and Automation ICRA,,,,IEEE International Conference on Robotics and Automation (ICRA),"MAY 31-JUN 07, 2014","Hong Kong, PEOPLES R CHINA",IEEE,,,,,,,,,"Chalvatzaki, Georgia/HTT-4855-2023; Tzafestas, Costas/Q-8230-2019; Papageorgiou, Xanthi/ABV-6459-2022","Tzafestas, Costas/0000-0003-1545-9191; Papageorgiou, Xanthi/0000-0003-2579-8648",,,,,,,,,,,,,1050-4729,2577-087X,978-1-4799-3685-4,,,,2014,,,,,,,482,487,,,,,,,,,,,,,,,,WOS:000377221100071,View Full Record in Web of Science
J,"Laureano-Cruces, AL; De Arriaga-Gómez, F; Sánchez, MGA",,,,"Laureano-Cruces, AL; De Arriaga-Gómez, F; Sánchez, MGA",,,Cognitive task analysis:: a proposal to model reactive behaviours,JOURNAL OF EXPERIMENTAL & THEORETICAL ARTIFICIAL INTELLIGENCE,,,,,,,,,,,,,,,,,"Sánchez, María/AAL-9932-2020; Laureano-Cruces, Ana/AAA-7873-2021","Garcia-Alegre, Maria C./0000-0003-2505-7444",,,,,,,,,,,,,0952-813X,,,,,JUL,2001,13,3,,,,,227,239,,10.1080/09528130110063092,http://dx.doi.org/10.1080/09528130110063092,,,,,,,,,,,,,WOS:000171161300005,View Full Record in Web of Science
J,"Pettersson, J; Wahde, M",,,,"Pettersson, J; Wahde, M",,,Application of the utility function method for behavioral organization in a locomotion task,IEEE TRANSACTIONS ON EVOLUTIONARY COMPUTATION,,,,,,,,,,,,,,,,,,,,,,,,,,,,,,,1089-778X,1941-0026,,,,OCT,2005,9,5,,,,,506,521,,10.1109/TEVC.2005.850262,http://dx.doi.org/10.1109/TEVC.2005.850262,,,,,,,,,,,,,WOS:000232412900005,View Full Record in Web of Science
C,"Abielmona, R; Petriu, EM; Whalen, T",,,IEEE,"Abielmona, R; Petriu, EM; Whalen, T",,,Heterogeneous multi-agent framework for environment monitoring applications,"PROCEEDINGS OF THE 2005 IEEE INTERNATIONAL CONFERENCE ON VIRTUAL ENVIRONMENTS, HUMAN-COMPUTER INTERFACES AND MEASUREMENT SYSTEMS",,,,,"IEEE International Symposium on Virtual Environments, Human-Computer Interfaces and Measurement Systems (VECIMS 2005)","JUL 18-20, 2005","Giardini Naxos, ITALY",IEEE Instrumentat & Measurement Soc,,,,,,,,,,,,,,,,,,,,,,,,,0-7803-9041-5,,,,2005,,,,,,,151,156,,,,,,,,,,,,,,,,WOS:000236373300027,View Full Record in Web of Science
C,"Dong, J; Chen, HT; Liu, S",,"Jiang, Z; Li, Y; Zhang, X; Wang, J; Sun, W",,"Dong, Jie; Chen, Haitao; Liu, Sen",,,A Behavior-based Policy for Multirobot Formation Control,"ADVANCES IN MANUFACTURING TECHNOLOGY, PTS 1-4",Applied Mechanics and Materials,,,,2nd International Conference on Advanced Design and Manufacturing Engineering (ADME 2012),"AUG 16-18, 2012","Taiyuan, PEOPLES R CHINA","Taiyuan Univ Sci & Technol,Hong Kong Polytechn Univ,Chinese Univ Hong Kong,Natl Formosa Univ",,,,,,,,,"Dong, Jie/AFM-0048-2022",,,,,,,,,,,,,,1660-9336,,978-3-03785-503-4,,,,2012,220-223,,1-4,,,,1181,1185,,10.4028/www.scientific.net/AMM.220-223.1181,http://dx.doi.org/10.4028/www.scientific.net/AMM.220-223.1181,,,,,,,,,,,,,WOS:000316033600239,View Full Record in Web of Science
C,"Cardona, GA; Yanguas-Rojas, D; Arevalo-Castiblanco, MF; Mojica-Nava, E",,,IEEE,"Cardona, Gustavo A.; Yanguas-Rojas, David; Arevalo-Castiblanco, Miguel F.; Mojica-Nava, Eduardo",,,Ant-Based Multi-Robot Exploration in Non-Convex Space without Global-Connectivity Constraints,2019 18TH EUROPEAN CONTROL CONFERENCE (ECC),,,,,18th European Control Conference (ECC),"JUN 25-28, 2019","Naples, ITALY","Unvi Naples Federico II,Univ Sannio Benevento",,,,,,,,,"; Cardona, Gustavo A./IQS-5594-2023","Mojica-Nava, Eduardo/0000-0002-3259-4013; Arevalo Castiblanco, Miguel Felipe/0000-0002-3926-5159; Cardona, Gustavo A./0000-0002-4257-9415; Yanguas Rojas, David/0000-0001-5874-721X",,,,,,,,,,,,,,,978-3-907144-00-8,,,,2019,,,,,,,2065,2070,,10.23919/ecc.2019.8796034,http://dx.doi.org/10.23919/ecc.2019.8796034,,,,,,,,,,,,,WOS:000490488302015,View Full Record in Web of Science
J,"Tahboub, KA",,,,"Tahboub, KA",,,A semi-autonomous reactive control architecture,JOURNAL OF INTELLIGENT & ROBOTIC SYSTEMS,,,,,,,,,,,,,,,,,,,,,,,,,,,,,,,0921-0296,1573-0409,,,,DEC,2001,32,4,,,,,445,459,,10.1023/A:1014295529170,http://dx.doi.org/10.1023/A:1014295529170,,,,,,,,,,,,,WOS:000173989900005,View Full Record in Web of Science
J,"Dupuis, B; Dawson, MRW",,,,"Dupuis, Brian; Dawson, Michael R. W.",,,"Modules, maps, and the robots who shun them: A behaviour-based model of navigation",CANADIAN JOURNAL OF EXPERIMENTAL PSYCHOLOGY-REVUE CANADIENNE DE PSYCHOLOGIE EXPERIMENTALE,,,,,,,,,,,,,,,,,"Dawson, Michael/R-2573-2018",,,,,,,,,,,,,,1196-1961,,,,,DEC,2011,65,4,,,,,305,305,,,,,,,,,,,,,,,,WOS:000297667400085,View Full Record in Web of Science
C,"Semwal, VB; Katiyar, SA; Chakraborty, P; Nandi, GC",,,IEEE,"Semwal, V. B.; Katiyar, S. A.; Chakraborty, P.; Nandi, G. C.",,,Biped Model Based on Human Gait Pattern Parameters for Sagittal Plane Movement,"2013 INTERNATIONAL CONFERENCE ON CONTROL, AUTOMATION, ROBOTICS AND EMBEDDED SYSTEMS (CARE-2013)",,,,,"IEEE International Conference on Control, Automation, Robotics and Embedded Systems (CARE)","DEC 16-18, 2013","Jabalpur, INDIA","IEEE,PDPM Indian Inst Informat Technol, Design & Mfg Jabalpur",,,,,,,,,"Nandi, G/V-8664-2019; Semwal, Vijay/B-5628-2017; Chakraborty, Pavan/Y-5495-2019",,,,,,,,,,,,,,,,978-1-4673-6153-8,,,,2013,,,,,,,,,,,,,,,,,,,,,,,,WOS:000347643800060,View Full Record in Web of Science
J,"Xiao, P; Vadakkepat, P; Lee, TH",,,,"Xiao, Peng; Vadakkepat, Prahlad; Lee, Tong Heng",,,Context-dependent DNA coding with redundancy and introns,IEEE TRANSACTIONS ON SYSTEMS MAN AND CYBERNETICS PART B-CYBERNETICS,,,,,,,,,,,,,,,,,"Xiao, Peng/KBA-6524-2024","Vadakkepat, Prahlad/0000-0003-2649-9893",,,,,,,,,,,,,1083-4419,1941-0492,,,,APR,2008,38,2,,,,,331,341,,10.1109/TSMCB.2007.912741,http://dx.doi.org/10.1109/TSMCB.2007.912741,,,,,,,,18348918,,,,,WOS:000254029400006,View Full Record in Web of Science
J,"Naredo, E; Trujillo, L; Legrand, P; Silva, S; Muñoz, L",,,,"Naredo, Enrique; Trujillo, Leonardo; Legrand, Pierrick; Silva, Sara; Munoz, Luis",,,Evolving genetic programming classifiers with novelty search,INFORMATION SCIENCES,,,,,,,,,,,,,,,,,"MunozDelgado, Luis/KFQ-4043-2024; Naredo, Enrique/GWU-7665-2022; Trujillo, Leonardo/L-2939-2017; Silva, Sara/A-7680-2010","Trujillo, Leonardo/0000-0003-1812-5736; Silva, Sara/0000-0001-8223-4799; Naredo, Enrique/0000-0001-9818-911X; Munoz, Luis/0000-0002-2738-939X",,,,,,,,,,,,,0020-0255,1872-6291,,,,NOV 10,2016,369,,,,,,347,367,,10.1016/j.ins.2016.06.044,http://dx.doi.org/10.1016/j.ins.2016.06.044,,,,,,,,,,,,,WOS:000383292500024,View Full Record in Web of Science
J,"Arena, P; Fortuna, L; Frasca, M; Lombardo, D; Patané, L; Crucitti, P",,,,"Arena, Paolo; Fortuna, Luigi; Frasca, Mattia; Lombardo, Davide; Patane, Luca; Crucitti, Paolo",,,Turing patterns in RD-CNNS for the emergence of perceptual states in roving robots,INTERNATIONAL JOURNAL OF BIFURCATION AND CHAOS,,,,,,,,,,,,,,,,,"Patanè, Luca/AAK-5366-2020","Frasca, Mattia/0000-0002-4361-0576; Patane, Luca/0000-0002-5488-9365",,,,,,,,,,,,,0218-1274,1793-6551,,,,JAN,2007,17,1,,,,,107,127,,10.1142/S0218127407017203,http://dx.doi.org/10.1142/S0218127407017203,,,,,,,,,,,,,WOS:000250844800005,View Full Record in Web of Science
J,"Shaikh, D; Manoonpong, P",,,,"Shaikh, Danish; Manoonpong, Poramate",,,A neuroplasticity-inspired neural circuit for acoustic navigation with obstacle avoidance that learns smooth motion paths,NEURAL COMPUTING & APPLICATIONS,,,,,18th International Conference on Engineering Applications of Neural Networks (EANN),"AUG 25-27, 2017","Athens, GREECE",,,,,,,,,,"Manoonpong, Poramate/Y-8479-2018; Shaikh, Danish/Y-1413-2018","Manoonpong, Poramate/0000-0002-4806-7576; Shaikh, Danish/0000-0003-3394-3040",,,,,,,,,,,,,0941-0643,1433-3058,,,,JUN,2019,31,6,,,SI,,1765,1781,,10.1007/s00521-018-3845-y,http://dx.doi.org/10.1007/s00521-018-3845-y,,,,,,,,,,,,,WOS:000470746700007,View Full Record in Web of Science
C,"Nagata, F; Otsuka, A; Watanabe, K",,,IEEE,"Nagata, Fusaomi; Otsuka, Akimasa; Watanabe, Keigo",,,Network-Based Subsumption Architecture for Multiple Mobile Robots System,"6TH INTERNATIONAL CONFERENCE ON SOFT COMPUTING AND INTELLIGENT SYSTEMS, AND THE 13TH INTERNATIONAL SYMPOSIUM ON ADVANCED INTELLIGENT SYSTEMS",Joint International Conference on Soft Computing and Intelligent Systems SCIS and International Symposium on Advanced Intelligent Systems ISIS,,,,6th International Conference on Soft Computing and Intelligent Systems (SCIS) / 13th International Symposium on Advanced Intelligence Systems (ISIS),"NOV 20-24, 2012","Kobe, JAPAN",,,,,,,,,,,,,,,,,,,,,,,,2377-6870,,978-1-4673-2743-5; 978-1-4673-2742-8,,,,2012,,,,,,,187,192,,,,,,,,,,,,,,,,WOS:000392950200036,View Full Record in Web of Science
J,"Eguchi, Y; Kadone, H; Suzuki, K",,,,"Eguchi, Yosuke; Kadone, Hideki; Suzuki, Kenji",,,Standing Mobility Device With Passive Lower Limb Exoskeleton for Upright Locomotion,IEEE-ASME TRANSACTIONS ON MECHATRONICS,,,,,,,,,,,,,,,,,,"Suzuki, Kenji/0000-0003-1736-5404; Eguchi, Yosuke/0000-0003-3725-9852",,,,,,,,,,,,,1083-4435,1941-014X,,,,AUG,2018,23,4,,,,,1608,1618,,10.1109/TMECH.2018.2799865,http://dx.doi.org/10.1109/TMECH.2018.2799865,,,,,,,,,,,,,WOS:000442347800012,View Full Record in Web of Science
C,"McCall, JC; Trivedi, MM",,,IEEE,"McCall, Joel C.; Trivedi, Mohan M.",,,Human behavior based predictive brake assistance,2006 IEEE INTELLIGENT VEHICLES SYMPOSIUM,,,,,IEEE Intelligent Vehicles Symposium,"JUN 13-15, 2006","Meguroku, JAPAN",IEEE,,,,,,,,,,,,,,,,,,,,,,,,,4-9011-2286-X,,,,2006,,,,,,,8,+,,10.1109/IVS.2006.1689597,http://dx.doi.org/10.1109/IVS.2006.1689597,,,,,,,,,,,,,WOS:000242043800037,View Full Record in Web of Science
J,"Amarie, D; Oprisan, SA; Ignat, M",,,,"Amarie, D; Oprisan, SA; Ignat, M",,,Random walk system's behavior based on record function,PHYSICS LETTERS A,,,,,,,,,,,,,,,,,"Oprisan, Sorinel Adrian/P-1352-2014","Oprisan, Sorinel Adrian/0000-0001-6585-3985",,,,,,,,,,,,,0375-9601,,,,,APR 5,1999,254,1-2,,,,,112,118,,10.1016/S0375-9601(99)00053-5,http://dx.doi.org/10.1016/S0375-9601(99)00053-5,,,,,,,,,,,,,WOS:000079555300017,View Full Record in Web of Science
J,"Cicirelli, G; D'Orazio, T; Distante, A",,,,"Cicirelli, G; D'Orazio, T; Distante, A",,,Different learning methodologies for vision-based navigation behaviors,INTERNATIONAL JOURNAL OF PATTERN RECOGNITION AND ARTIFICIAL INTELLIGENCE,,,,,,,,,,,,,,,,,"D'Orazio, Tiziana/H-5032-2019; Cicirelli, Grazia/B-7699-2015","Cicirelli, Grazia/0000-0003-1562-0467; DORAZIO, TIZIANARITA/0000-0003-1473-7110",,,,,,,,,,,,,0218-0014,1793-6381,,,,DEC,2005,19,8,,,,,949,975,,10.1142/S021800140500440X,http://dx.doi.org/10.1142/S021800140500440X,,,,,,,,,,,,,WOS:000234753600001,View Full Record in Web of Science
C,"Takenaka, K; Bando, T; Nagasaka, S; Taniguchi, T; Hitomi, K",,,IEEE; Robotics Society of Japan,"Takenaka, Kazuhito; Bando, Takashi; Nagasaka, Shogo; Taniguchi, Tadahiro; Hitomi, Kentarou",,,Contextual Scene Segmentation of Driving Behavior based on Double Articulation Analyzer,2012 IEEE/RSJ INTERNATIONAL CONFERENCE ON INTELLIGENT ROBOTS AND SYSTEMS (IROS),IEEE International Conference on Intelligent Robots and Systems,,,,25th IEEE\RSJ International Conference on Intelligent Robots and Systems (IROS),"OCT 07-12, 2012","Algarve, PORTUGAL","IEEE Robot & Automat Soc (RAS),IEEE Ind Elect Soc (IES),Robot Soc Japan (RSJ),Soc Instrument & Control Engineers (SICE),New technol Fdn (NTF),Inst Control, Robot & Syst,IEEE,Adept MobileRobots,Willow Garage,Aldebaran Robot,Natl Instruments,Reflexxes GmbH,Schunk Intec S L U",,,,,,,,,,,,,,,,,,,,,,,2153-0858,,978-1-4673-1736-8,,,,2012,,,,,,,4847,4852,,,,,,,,,,,,,,,,WOS:000317042705068,View Full Record in Web of Science
C,"Moshkina, L",,"Syrmos, VL; Hamza, MH",,"Moshkina, Lilia",,,An integrative framework for time-varying affective agent behavior,Proceedings of the Ninth IASTED International Conference on Intelligent Systems and Control,,,,,9th IASTED International Conference on Intelligent Systems and Control,"AUG 14-16, 2006","Honolulu, HI","Int Assoc Sci & Technol Dev,Int Assoc Sci & Technol Dev, Tech Comm Control,Int Assoc Sci & Technol Dev, Tech Comm Intelligents Syst & Control",,,,,,,,,"Moshkina, Lilia/AAE-4449-2021",,,,,,,,,,,,,,,,978-0-88986-591-4,,,,2006,,,,,,,30,35,,,,,,,,,,,,,,,,WOS:000246298100006,View Full Record in Web of Science
J,"Wang, LT; Sun, LT; Tomizuka, M; Zhan, W",,,,"Wang, Letian; Sun, Liting; Tomizuka, Masayoshi; Zhan, Wei",,,Socially-Compatible Behavior Design of Autonomous Vehicles With Verification on Real Human Data,IEEE ROBOTICS AND AUTOMATION LETTERS,,,,,,,,,,,,,,,,,,"Wang, Letian/0000-0002-0231-6960; Tomizuka, Masayoshi/0000-0003-0206-6639",,,,,,,,,,,,,2377-3766,,,,,APR,2021,6,2,,,,,3421,3428,,10.1109/LRA.2021.3061350,http://dx.doi.org/10.1109/LRA.2021.3061350,,,,,,,,,,,,,WOS:000633394300034,View Full Record in Web of Science
J,"LANGER, D; ROSENBLATT, JK; HEBERT, M",,,,"LANGER, D; ROSENBLATT, JK; HEBERT, M",,,A BEHAVIOR-BASED SYSTEM FOR OFF-ROAD NAVIGATION,IEEE TRANSACTIONS ON ROBOTICS AND AUTOMATION,,,,,,,,,,,,,,,,,,,,,,,,,,,,,,,1042-296X,,,,,DEC,1994,10,6,,,,,776,783,,10.1109/70.338532,http://dx.doi.org/10.1109/70.338532,,,,,,,,,,,,,WOS:A1994PY30300006,View Full Record in Web of Science
C,"Recchia, T; Chung, J; Pochiraju, K",,,ASME,"Recchia, Thomas; Chung, Jae; Pochiraju, Kishore",,,COMBAT ROBOT STRATEGY ADAPTATION USING MULTIPLE LEARNING AGENTS,"INTERNATIONAL MECHANICAL ENGINEERING CONGRESS AND EXPOSITION - 2012, VOL 4, PTS A AND B",,,,,ASME International Mechanical Engineering Congress and Exposition,"NOV 09-15, 2012","Houston, TX",ASME,,,,,,,,,,,,,,,,,,,,,,,,,978-0-7918-4520-2,,,,2013,,,,,,,305,313,,,,,,,,,,,,,,,,WOS:000350070300037,View Full Record in Web of Science
J,"Mitsunaga, N; Izumi, T; Asada, M",,,,"Mitsunaga, N; Izumi, T; Asada, M",,,Cooperative behavior based on a subjective map with shared information in a dynamic environment,ADVANCED ROBOTICS,,,,,,,,,,,,,,,,,,,,,,,,,,,,,,,0169-1864,1568-5535,,,,,2005,19,2,,,,,207,218,,10.1163/1568553053148637,http://dx.doi.org/10.1163/1568553053148637,,,,,,,,,,,,,WOS:000227724700005,View Full Record in Web of Science
J,"Röfer, T; Lankenau, A",,,,"Röfer, T; Lankenau, A",,,Architecture and applications of the Bremen Autonomous Wheelchair,INFORMATION SCIENCES,,,,,,,,,,,,,,,,,,,,,,,,,,,,,,,0020-0255,1872-6291,,,,JUL,2000,126,1-4,,,,,1,20,,10.1016/S0020-0255(00)00020-7,http://dx.doi.org/10.1016/S0020-0255(00)00020-7,,,,,,,,,,,,,WOS:000088056100001,View Full Record in Web of Science
C,"Meng, Q; Lee, MH",,,IEEE,"Meng, Q; Lee, MH",,,Learning and control in assistive robotics for the elderly,"2004 IEEE CONFERENCE ON ROBOTICS, AUTOMATION AND MECHATRONICS, VOLS 1 AND 2",,,,,"IEEE Conference on Robotics, Automation and Mechatronics","DEC 01-03, 2004","Singapore, SINGAPORE",,,,,,,,,,,,,,,,,,,,,,,,,,0-7803-8645-0,,,,2004,,,,,,,71,76,,,,,,,,,,,,,,,,WOS:000227005400013,View Full Record in Web of Science
C,"MALCOLM, C",,"Hallam, J",,"MALCOLM, C",,,The SOMASS system: A hybrid symbolic and behaviour-based system to plan and execute assemblies by robot,"HYBRID PROBLEMS, HYBRID SOLUTIONS",FRONTIERS IN ARTIFICIAL INTELLIGENCE AND APPLICATIONS,,,,10th Biennial Conference on Artificial Intelligence and the Simulation of Behaviour (AISB95),"APR, 1995","SHEFFIELD, ENGLAND",,,,,,,,,,,,,,,,,,,,,,,,0922-6389,,90-5199-216-5,,,,1995,27,,,,,,157,168,,,,,,,,,,,,,,,,WOS:A1995BD65P00014,View Full Record in Web of Science
S,"Xie, GM; Wang, L; Hu, YH",,"Du, R; Li, Z; YoucefToumi, K; Alvarado, PV",,"Xie, Guangming; Wang, Long; Hu, Yonghui",,,Multiple Autonomous Robotic Fish Collaboration,ROBOT FISH: BIO-INSPIRED FISHLIKE UNDERWATER ROBOTS,Springer Tracts in Mechanical Engineering,,,,,,,,,,,,,,,,"Wang, Long/A-7798-2010",,,,,,,,,,,,,,2195-9870,,978-3-662-46870-8; 978-3-662-46869-2,,,,2015,,,,,,,315,357,,10.1007/978-3-662-46870-8_11,http://dx.doi.org/10.1007/978-3-662-46870-8_11,,,,,,,,,,,,,WOS:000385217000012,View Full Record in Web of Science
J,"Akanyeti, O; Kyriacou, T; Nehmow, U; Iglesias, R; Billings, SA",,,,"Akanyeti, O.; Kyriacou, T.; Nehmow, U.; Iglesias, R.; Billings, S. A.",,,Visual task identification and characterization using polynomial models,ROBOTICS AND AUTONOMOUS SYSTEMS,,,,,9th British Conference on Mobile Robotics - Towards Autonomous Robotic Systems (TAROS 2006),2006,"Univ Surrey, Guildford, ENGLAND",,Univ Surrey,,,,,,,,"Iglesias Rodriguez, Roberto/B-6171-2012","Iglesias Rodriguez, Roberto/0000-0002-6279-5190",,,,,,,,,,,,,0921-8890,1872-793X,,,,SEP 30,2007,55,9,,,SI,,711,719,,10.1016/j.robot.2007.05.016,http://dx.doi.org/10.1016/j.robot.2007.05.016,,,,,,,,,,,,,WOS:000249771900008,View Full Record in Web of Science
C,"Takagi, K; Sakamoto, T; Ichikawa, J; Takeuchi, Y",,,ACM,"Takagi, Karebu; Sakamoto, Takafumi; Ichikawa, Jun; Takeuchi, Yugo",,,Analysis of Behaviors that Promote New Participation Based on Body Torque of Others in Robot-Human Interactions,"PROCEEDINGS OF THE 11TH CONFERENCE ON HUMAN-AGENT INTERACTION, HAI 2023",,,,,11th International Conference on Human-Agent Interaction (HAI),"DEC 04-07, 2023","Chalmers Univ Technol, Gothenburg, SWEDEN","Assoc Comp Machinery,ACM SIGCHI",Chalmers Univ Technol,,,,,,,,,"Sakamoto, Takafumi/0009-0002-2367-5337; Ichikawa, Jun/0000-0002-3477-0594",,,,,,,,,,,,,,,979-8-4007-0824-4,,,,2023,,,,,,,335,342,,10.1145/3623809.3623845,http://dx.doi.org/10.1145/3623809.3623845,,,,,,,,,,,,,WOS:001148034200040,View Full Record in Web of Science
C,"Magyar, B; Förhécz, Z; Korondi, P",,,IEEE; IEEE,"Magyar, B; Förhécz, Z; Korondi, P",,,Developing an efficient mobile robot control algorithm in the webots simulation environment,"2003 IEEE INTERNATIONAL CONFERENCE ON INDUSTRIAL TECHNOLOGY, VOLS 1 AND 2, PROCEEDINGS",,,,,IEEE International Conference on Industrial Technology,"DEC 10-12, 2003","Maribor, SLOVENIA","IEEE Ind Elect Soc,Univ Maribor",,,,,,,,,"Korondi, Peter/LLL-1312-2024","Korondi, Peter/0000-0002-0016-0384",,,,,,,,,,,,,,,0-7803-7852-0,,,,2003,,,,,,,179,184,,,,,,,,,,,,,,,,WOS:000221383100035,View Full Record in Web of Science
C,"Lai, C",,"Sugisaka, M; Tanaka, H",,"Lai, ChinLun",,,An intelligent human behavior based automatic accessing control system,PROCEEDINGS OF THE SEVENTEENTH INTERNATIONAL SYMPOSIUM ON ARTIFICIAL LIFE AND ROBOTICS (AROB 17TH '12),,,,,17th International Symposium on Artificial Life and Robotics (AROB),"JAN 19-21, 2012","Beppu, JAPAN","Int Symposium Artificial Life & Robot, Int Organizing Comm,ALife Robot Corp Ltd,Nippon Bunri Univ,Mitsubishi Elect Corp Adv Technol R&D Ctr,SANWA SHURUI Co Ltd",,,,,,,,,,,,,,,,,,,,,,,,,978-4-9902880-6-8,,,,2012,,,,,,,1147,1150,,,,,,,,,,,,,,,,WOS:000387807100269,View Full Record in Web of Science
J,"Dürr, V; Schmitz, J; Cruse, H",,,,"Dürr, V; Schmitz, J; Cruse, H",,,Behaviour-based modelling of hexapod locomotion:: linking biology and technical application,ARTHROPOD STRUCTURE & DEVELOPMENT,,,,,,,,,,,,,,,,,"Dürr, Volker/Y-5036-2019","Durr, Volker/0000-0001-9239-4964",,,,,,,,,,,,,1467-8039,1873-5495,,,,JUL,2004,33,3,,,,,237,250,,10.1016/j.asd.2004.05.004,http://dx.doi.org/10.1016/j.asd.2004.05.004,,,,,,,,18089037,,,,,WOS:000224261700005,View Full Record in Web of Science
J,"Mogilny, A; Basan, E; Nekrasov, A",,,,"Mogilny, Anton; Basan, Elena; Nekrasov, Alexey",,,Evaluation of the Cyber-Physical System State Under Destructive Impact Conditions Based on a Comprehensive Analysis of Parameters,ROBOTICS,,,,,,,,,,,,,,,,,"Nekrasov, Alexey/J-9638-2012; Basan, Elena/P-9820-2017",,,,,,,,,,,,,,,2218-6581,,,,JAN,2025,14,1,,,,,,,6,10.3390/robotics14010006,http://dx.doi.org/10.3390/robotics14010006,,,,,,,,,,,,,WOS:001404684300001,View Full Record in Web of Science
C,"Sohn, WJ; Tamba, TA; Hong, KS; Kim, RK",,,IEEE,"Sohn, Won-Jong; Tamba, Tua Agustinus; Hong, Keum-Shik; Kim, Rae-Kwan",,,Control architecture and obstacle avoidance for acquiring the realtimeness,"2007 INTERNATIONAL CONFERENCE ON CONTROL, AUTOMATION AND SYSTEMS, VOLS 1-6",,,,,"International Conference on Control, Automation and Systems","OCT 17-20, 2007","Seoul, SOUTH KOREA","BK21 KAIST Valufacture Inst Mech Engn,KAIST, Dept Aerosp Engn,GS Engn & Construct,Hyundai Dev Co,Hyundai Heavy Industries Co,Korea Natl Tourism Org,Korea Res Fdn,Korean Federat Sci & Technol Soc,LS Ind Syst Co,POSCO,POSCON,Samsung Heavy Industries Co,Seoul Convent & Visitors Bur",,,,,,,,,"Tamba, Tua A./AET-0458-2022","Tamba, Tua A./0000-0003-4702-1100; Hong, Keum-Shik/0000-0002-8528-4457",,,,,,,,,,,,,,,978-89-950038-7-9,,,,2007,,,,,,,1965,1970,,,,,,,,,,,,,,,,WOS:000256464302005,View Full Record in Web of Science
C,"Liu, H; Zhang, Y; Tu, LP; Wang, Y",,"Chen, X; Zhao, QC",,"Liu, Hao; Zhang, Yue; Tu, Liangping; Wang, Yue",,,Human Behavior-Based Particle Swarm Optimization: Stability Analysis,2018 37TH CHINESE CONTROL CONFERENCE (CCC),Chinese Control Conference,,,,37th Chinese Control Conference (CCC),"JUL 25-27, 2018","Wuhan, PEOPLES R CHINA","Chinese Assoc Automat, Tech Comm Control Theory,Syst Engn Soc China,China Univ Geosciences,Chinese Acad Sci, Acad Math & Syst Sci,China Soc Ind & Appl Math,Huazhong Univ Sci & Technol,Wuhan Univ Sci & Technol,Hubei Assoc Automat,Asian Control Assoc,IEEE Control Syst Soc,Inst Control Robot & Syst,Soc Instrument & Control Engineers",,,,,,,,,,"Tu, Liangping/0000-0002-2439-0766",,,,,,,,,,,,,2161-2927,,978-9-8815-6395-8,,,,2018,,,,,,,3139,3144,,,,,,,,,,,,,,,,WOS:000468622103028,View Full Record in Web of Science
J,"Kam, M; Zhu, XX; Kalata, P",,,,"Kam, M; Zhu, XX; Kalata, P",,,Sensor fusion for mobile robot navigation,PROCEEDINGS OF THE IEEE,,,,,,,,,,,,,,,,,,,,,,,,,,,,,,,0018-9219,1558-2256,,,,JAN,1997,85,1,,,,,108,119,,10.1109/JPROC.1997.554212,http://dx.doi.org/10.1109/JPROC.1997.554212,,,,,,,,,,,,,WOS:A1997WB96600009,View Full Record in Web of Science
J,"Tani, J",,,,"Tani, J",,,Model-based learning for mobile robot navigation from the dynamical systems perspective,IEEE TRANSACTIONS ON SYSTEMS MAN AND CYBERNETICS PART B-CYBERNETICS,,,,,,,,,,,,,,,,,"Tani, Jun/AAI-8287-2020",,,,,,,,,,,,,,1083-4419,,,,,JUN,1996,26,3,,,,,421,436,,10.1109/3477.499793,http://dx.doi.org/10.1109/3477.499793,,,,,,,,18263044,,,,,WOS:A1996UL27600006,View Full Record in Web of Science
J,"Hegde, C; Mysa, RC; Chooi, A; Dontu, S; Tan, JMR; Wong, LH; Alvarado, PVY; Magdassi, S",,,,"Hegde, Chidanand; Mysa, Ravi Chaithanya; Chooi, Aaron; Dontu, Saikrishna; Tan, Joel Ming Rui; Wong, Lydia Helena; Alvarado, Pablo Valdivia y; Magdassi, Shlomo",,,3D-Printed Mechano-Optic Force Sensor for Soft Robotic Gripper Enabled by Programmable Structural Metamaterials,ADVANCED INTELLIGENT SYSTEMS,,,,,,,,,,,,,,,,,"Magdassi, Shlomo/AAI-4728-2020; Dontu, Saikrishna/LJK-1233-2024; MYSA, RAVI/B-9847-2018; Valdivia Y Alvarado Gutierrez, Pablo/E-5819-2019","Valdivia Y Alvarado Gutierrez, Pablo/0000-0003-0289-0628; Magdassi, Shlomo/0000-0002-6794-0553",,,,,,,,,,,,,,2640-4567,,,,SEP,2024,6,9,,,,,,,,10.1002/aisy.202400057,http://dx.doi.org/10.1002/aisy.202400057,,JUN 2024,,,,,,,,,,,WOS:001237410900001,View Full Record in Web of Science
J,"Pierpaoli, P; Li, AQ; Srinivasan, M; Cai, XY; Coogan, S; Egerstedt, M",,,,"Pierpaoli, Pietro; Li, Anqi; Srinivasan, Mohit; Cai, Xiaoyi; Coogan, Samuel; Egerstedt, Magnus",,,A Sequential Composition Framework for Coordinating Multirobot Behaviors,IEEE TRANSACTIONS ON ROBOTICS,,,,,,,,,,,,,,,,,"Srinivasan, Mohit/AFS-5295-2022","Coogan, Samuel/0000-0003-0495-1535; Srinivasan, Mohit/0000-0002-1561-8183; Egerstedt, Magnus/0000-0003-4213-5299; Cai, Xiaoyi/0000-0001-9747-7013; Li, Anqi/0000-0001-8580-4750",,,,,,,,,,,,,1552-3098,1941-0468,,,,JUN,2021,37,3,,,,,864,876,,10.1109/TRO.2020.3036628,http://dx.doi.org/10.1109/TRO.2020.3036628,,,,,,,,,,,,,WOS:000658341900011,View Full Record in Web of Science
C,"Jose, J; Singh, D; Patel, A; Hayatnagarkar, HG",,,IEEE,"Jose, Justin; Singh, Divye; Patel, Amit; Hayatnagarkar, Harshal G.",,,SIMULATING RE-CONFIGURABLE MULTI-ROVERS FOR PLANETARY EXPLORATION USING BEHAVIOR-BASED ONTOLOGY,2020 WINTER SIMULATION CONFERENCE (WSC),Winter Simulation Conference Proceedings,,,,Winter Simulation Conference,"DEC 14-18, 2020",ELECTR NETWORK,,,,,,,,,,,"Jose, Justin/0000-0002-7352-840X",,,,,,,,,,,,,0891-7736,,978-1-7281-9499-8,,,,2020,,,,,,,254,265,,10.1109/WSC48552.2020.9383998,http://dx.doi.org/10.1109/WSC48552.2020.9383998,,,,,,,,,,,,,WOS:000679196300021,View Full Record in Web of Science
C,"Wen, CH; Du, W; Zhu, J; Zhang, GN; Shen, SL",,,IEEE,Wen Chuanhua; Du Wei; Zhu Jiang; Zhang Guoning; Shen Shoulin,,,Analysis of CGF Entity's Behavior Based on Personality Characteristics,"2017 2ND INTERNATIONAL CONFERENCE ON CYBERNETICS, ROBOTICS AND CONTROL (CRC 2017)",,,,,"2nd International Conference on Cybernetics, Robotics and Control (CRC)","JUL 21-23, 2017","Chengdu, PEOPLES R CHINA",,,,,,,,,,"Du, Wei/AAI-1530-2019",,,,,,,,,,,,,,,,978-1-5386-0677-3,,,,2017,,,,,,,134,138,,10.1109/CRC.2017.26,http://dx.doi.org/10.1109/CRC.2017.26,,,,,,,,,,,,,WOS:000463729400027,View Full Record in Web of Science
J,"Glogan, E; Gatzounis, R; Bennett, MP; Holthausen, K; Meulders, A",,,,"Glogan, Eveliina; Gatzounis, Rena; Bennett, Marc Patrick; Holthausen, Katharina; Meulders, Ann",,,Generalization of pain-related avoidance behavior based on de novo categorical knowledge,PAIN,,,,,,,,,,,,,,,,,"Bennett, Marc/ITU-1747-2023; Glogan, Eveliina/GQP-6338-2022","Glogan, Eveliina/0000-0002-2608-4121; Meulders, Ann/0000-0003-4250-3928",,,,,,,,,,,,,0304-3959,1872-6623,,,,APR,2023,164,4,,,,,895,904,,10.1097/j.pain.0000000000002786,http://dx.doi.org/10.1097/j.pain.0000000000002786,,,,,,,,36149790,,,,,WOS:000953320300032,View Full Record in Web of Science
J,"Suresh, A; Martínez, S",,,,"Suresh, Aamodh; Martinez, Sonia",,,Planning Under Non-Rational Perception of Uncertain Spatial Costs,IEEE ROBOTICS AND AUTOMATION LETTERS,,,,,,,,,,,,,,,,,"Martinez, Sonia/B-6401-2013","Suresh, Aamodh/0000-0002-7634-450X; Martinez, Sonia/0000-0001-6756-1484",,,,,,,,,,,,,2377-3766,,,,,APR,2021,6,2,,,,,4133,4140,,10.1109/LRA.2021.3067272,http://dx.doi.org/10.1109/LRA.2021.3067272,,,,,,,,,,,,,WOS:000639767600002,View Full Record in Web of Science
S,"Steels, L",,"Lungarella, M; Iida, F; Bongard, J; Pfeifer, R",,"Steels, Luc",,,Fifty Years of AI: From Symbols to Embodiment - and Back,50 YEARS OF ARTIFICIAL INTELLIGENCE: ESSAYS DEDICATED TO THE 50TH ANNIVERSARY OF ARTIFICIAL INTELLIGENCE,Lecture Notes in Artificial Intelligence,,,,,,,,,,,,,,,,"Steels, Luc/H-6983-2015","Steels, Luc/0000-0001-9134-3663",,,,,,,,,,,,,2945-9133,1611-3349,978-3-540-77295-8,,,,2007,4850,,,,,,18,28,,,,10.1007/978-3-540-77296-5,,,,,,,,,,,,WOS:000268398100003,View Full Record in Web of Science
J,"Mali, AD",,,,"Mali, AD",,,On the evaluation of agent behaviors,ARTIFICIAL INTELLIGENCE,,,,,,,,,,,,,,,,,,"Mali, Amol/0009-0003-5208-9801",,,,,,,,,,,,,0004-3702,1872-7921,,,,JAN,2003,143,1,,,,,1,17,PII S0004-3702(02)00358-2,10.1016/S0004-3702(02)00358-2,http://dx.doi.org/10.1016/S0004-3702(02)00358-2,,,,,,,,,,,,,WOS:000180369800001,View Full Record in Web of Science
C,"Seong, YA; Narumi, T",,"Yamamoto, S; Mori, H",,"Seong, Young Ah; Narumi, Takuji",,,Effect of Attractive Appearance of Intelligent Agents on Acceptance of Uncertain Information,"HUMAN INTERFACE AND THE MANAGEMENT OF INFORMATION: APPLICATIONS IN COMPLEX TECHNOLOGICAL ENVIRONMENTS, THEMATIC AREA HIMI 2022 HELD AS PART OF HCII 2022, PT II",Lecture Notes in Computer Science,,,,"24th International Conference on Human-Computer Interaction, HCI International 2022 (HCII)","JUN 26-JUL 01, 2022","Goteborg, SWEDEN",,,,,,,,,,"; Narumi, Takuji/K-3925-2014","Seong, Young ah/0000-0003-1967-8084; Narumi, Takuji/0000-0002-9010-1491",,,,,,,,,,,,,0302-9743,1611-3349,978-3-031-06509-5; 978-3-031-06508-8,,,,2022,13306,,,,,,146,161,,10.1007/978-3-031-06509-5_11,http://dx.doi.org/10.1007/978-3-031-06509-5_11,,,,,,,,,,,,,WOS:000931950100010,View Full Record in Web of Science
S,"Kim, S; Jin, T; Hashimoto, H",,"King, I; Wang, J; Chan, L; Wang, DL",,"Kim, SangJoo; Jin, TaeSeok; Hashimoto, Hideki",,,Human hierarchical behavior based mobile agent control in ISpace with distributed network sensors,"NEURAL INFORMATION PROCESSING, PT 3, PROCEEDINGS",Lecture Notes in Computer Science,,,,13th International Conference on Neural Informational Processing,"OCT 03-06, 2006","Hong Kong, PEOPLES R CHINA","Chinese Univ Hong Kong,Asia Pacific Neural Network Assembly,K C Wong Educ Fdn",,,,,,,,,,,,,,,,,,,,,,,0302-9743,1611-3349,3-540-46484-0,,,,2006,4234,,,,,,856,865,,,,,,,,,,,,,,,,WOS:000241759000094,View Full Record in Web of Science
C,"Tian, Y; Li, W; Zhang, FM",,,IEEE,"Tian, Yu; Li, Wei; Zhang, Fumin",,,Moth-Inspired Plume Tracing via Autonomous Underwaer Vehcle with only a pair of Separated Chemical Sensors,OCEANS 2015 - MTS/IEEE WASHINGTON,OCEANS-IEEE,,,,OCEANS MTS/IEEE Conference,"OCT 19-22, 2015","Washington, DC","MTS,IEEE",,,,,,,,,"Zhang, Fumin/AGA-6851-2022; Tian, Yu/ADV-8877-2022; Li, Wei/R-7928-2019",,,,,,,,,,,,,,0197-7385,,978-0-933957-43-5,,,,2015,,,,,,,,,,,,,,,,,,,,,,,,WOS:000380550000095,View Full Record in Web of Science
J,"Schouten, G; Steckel, J",,,,"Schouten, Girmi; Steckel, Jan",,,A Biomimetic Radar System for Autonomous Navigation,IEEE TRANSACTIONS ON ROBOTICS,,,,,,,,,,,,,,,,,"Schouten, Girmi/AAL-7996-2021","Steckel, Jan/0000-0003-4489-466X",,,,,,,,,,,,,1552-3098,1941-0468,,,,JUN,2019,35,3,,,,,539,548,,10.1109/TRO.2018.2889577,http://dx.doi.org/10.1109/TRO.2018.2889577,,,,,,,,,,,,,WOS:000517266900001,View Full Record in Web of Science
C,"Tian, Y; Li, W; Zhang, AQ; Yu, JC; Zhang, QF; Li, Y",,,IEEE,"Tian, Yu; Li, Wei; Zhang, Aiqun; Yu, Jiancheng; Zhang, Qifeng; Li, Yan",,,From Simulation to Validation: Moth-Inspired Chemical Plume Tracing with an Autonomous Underwater Vehicle,2014 OCEANS - ST. JOHN'S,OCEANS-IEEE,,,,Oceans Conference,"SEP 14-19, 2014","St Johns, CANADA",,,,,,,,,,"Zhang, Qifeng/ABH-3054-2021; Zhao, Shujun/AGY-4148-2022; Tian, Yu/ADV-8877-2022",,,,,,,,,,,,,,0197-7385,,978-1-4799-4918-2,,,,2014,,,,,,,,,,,,,,,,,,,,,,,,WOS:000369848800023,View Full Record in Web of Science
C,"STEIN, MR; PAUL, RP",,,IEEE,"STEIN, MR; PAUL, RP",,,"OPERATOR INTERACTION, FOR TIME-DELAYED TELEOPERATION, WITH A BEHAVIOR-BASED CONTROLLER","1994 IEEE INTERNATIONAL CONFERENCE ON ROBOTICS AND AUTOMATION: PROCEEDINGS, VOLS 1-4",IEEE INTERNATIONAL CONFERENCE ON ROBOTICS AND AUTOMATION,,,,1994 IEEE International Conference on Robotics and Automation,"MAY 08-13, 1994","SAN DIEGO, CA","IEEE, ROBOT & AUTOMAT SOC",,,,,,,,,,,,,,,,,,,,,,,1050-4729,,0-8186-5330-2,,,,1994,,,,,,,231,236,,10.1109/ROBOT.1994.350983,http://dx.doi.org/10.1109/ROBOT.1994.350983,,,,,,,,,,,,,WOS:A1994BA72M00036,View Full Record in Web of Science
J,"Mathai, NJ; Zourntos, T",,,,"Mathai, Nebu John; Zourntos, Takis",,,Emergent fluctuations in the trajectories of agent collectives,FLUCTUATION AND NOISE LETTERS,,,,,,,,,,,,,,,,,,,,,,,,,,,,,,,0219-4775,,,,,DEC,2007,7,4,,,,,L429,L437,,10.1142/S0219477507004057,http://dx.doi.org/10.1142/S0219477507004057,,,,,,,,,,,,,WOS:000252035300009,View Full Record in Web of Science
J,"Stassi, S; Sacco, A; Canavese, G",,,,"Stassi, Stefano; Sacco, Adriano; Canavese, Giancarlo",,,Impedance spectroscopy analysis of the tunnelling conduction mechanism in piezoresistive composites,JOURNAL OF PHYSICS D-APPLIED PHYSICS,,,,,,,,,,,,,,,,,"Stassi, Stefano/A-3957-2012; Sacco, Adriano/A-3953-2012","Sacco, Adriano/0000-0002-9229-2113; canavese, giancarlo/0000-0003-2105-7391; Stassi, Stefano/0000-0002-1134-7224",,,,,,,,,,,,,0022-3727,1361-6463,,,,AUG 30,2014,47,34,,,,,,,345306,10.1088/0022-3727/47/34/345306,http://dx.doi.org/10.1088/0022-3727/47/34/345306,,,,,,,,,,,,,WOS:000340236700020,View Full Record in Web of Science
J,"Wang, Y",,,,"Wang, Yan",,,User online behavior based on big data distributed clustering algorithm,INTERNATIONAL JOURNAL OF ADVANCED ROBOTIC SYSTEMS,,,,,,,,,,,,,,,,,,,,,,,,,,,,,,,1729-8814,,,,,MAR,2020,17,2,,,,,,,,10.1177/1729881420917293,http://dx.doi.org/10.1177/1729881420917293,,,,,,,,,,,,,WOS:000535907000001,View Full Record in Web of Science
C,"Nakano, A; Okuda, H; Suzuki, T; Inagaki, S; Hayakawa, S",,,IEEE,"Nakano, Ato; Okuda, Hiroyuki; Suzuki, Tatsuya; Inagaki, Shinkichi; Hayakawa, Soichiro",,,Symbolic Modeling of Driving Behavior based on Hierarchical Segmentation and Formal Grammar,2009 IEEE-RSJ INTERNATIONAL CONFERENCE ON INTELLIGENT ROBOTS AND SYSTEMS,,,,,IEEE RSJ International Conference on Intelligent Robots and Systems,"OCT 10-15, 2009","St Louis, MO","IEEE Robot & Automat Soc (RA),Robot Soc Japan (RSJ),Soc Instruments & Control Engn,IEEE Ind Elect Soc,Inst Control, Robot & Syst Korea,ABB,Barrett Technol, Inc,Willow Garage,ROBOTIS,Aldebaran Robot",,,,,,,,,,"Inagaki, Shinkichi/0000-0003-0850-0854",,,,,,,,,,,,,,,978-1-4244-3803-7,,,,2009,,,,,,,5516,+,,10.1109/IROS.2009.5354579,http://dx.doi.org/10.1109/IROS.2009.5354579,,,,,,,,,,,,,WOS:000285372903065,View Full Record in Web of Science
J,"Lang, M; Hirche, S",,,,"Lang, Muriel; Hirche, Sandra",,,Computationally Efficient Rigid-Body Gaussian Process for Motion Dynamics,IEEE ROBOTICS AND AUTOMATION LETTERS,,,,,,,,,,,,,,,,,,,,,,,,,,,,,,,2377-3766,,,,,JUL,2017,2,3,,,,,1601,1608,,10.1109/LRA.2017.2677469,http://dx.doi.org/10.1109/LRA.2017.2677469,,,,,,,,,,,,,WOS:000413739500049,View Full Record in Web of Science
J,"Chae, H; Ahn, MS; Noh, D; Nam, H; Hong, DN",,,,"Chae, Hosik; Ahn, Min Sung; Noh, Donghun; Nam, Hyunwoo; Hong, Dennis",,,BALLU2: A Safe and Affordable Buoyancy Assisted Biped,FRONTIERS IN ROBOTICS AND AI,,,,,,,,,,,,,,,,,"Chae, Hosik/IST-0972-2023","Chae, Hosik/0009-0008-5884-6670",,,,,,,,,,,,,2296-9144,,,,,DEC 8,2021,8,,,,,,,,730323,10.3389/frobt.2021.730323,http://dx.doi.org/10.3389/frobt.2021.730323,,,,,,,,34957224,,,,,WOS:000732725100001,View Full Record in Web of Science
C,"Song, KT; Tang, CC",,"Zhang, H",,"Song, KT; Tang, CC",,,Learning for cooperation in multirobot team competitions,2001 IEEE INTERNATIONAL SYMPOSIUM ON COMPUTATIONAL INTELLIGENCE IN ROBOTICS AND AUTOMATION: INTEGRATING INTELLIGENT MACHINES WITH HUMANS FOR A BETTER TOMORROW,,,,,IEEE International Symposium on Computational Intelligence in Robotics and Automation,"JUL 29-AUG 01, 2001","BANFF, CANADA",IEEE Robot & Automat Soc,,,,,,,,,,,,,,,,,,,,,,,,,0-7803-7203-4,,,,2001,,,,,,,302,307,,10.1109/CIRA.2001.1013216,http://dx.doi.org/10.1109/CIRA.2001.1013216,,,,,,,,,,,,,WOS:000177016000053,View Full Record in Web of Science
C,"Agrigoroaie, R; Ciocirlan, SD; Tapus, A",,"Kheddar, A; Yoshida, E; Ge, SS; Suzuki, K; Cabibihan, JJ; Eyssel, F; He, H",,"Agrigoroaie, Roxana; Ciocirlan, Stefan Dan; Tapus, Adriana",,,News Application Adaptation Based on User Sensory Profile,"SOCIAL ROBOTICS, ICSR 2017",Lecture Notes in Artificial Intelligence,,,,9th International Conference on Social Robotics (ICSR),"NOV 22-24, 2017","Tsukuba, JAPAN",,,,,,,,,,"Ciocîrlan, Ștefan-Dan/AAQ-3438-2021","Agrigoroaie, Roxana/0000-0002-0431-9540",,,,,,,,,,,,,0302-9743,1611-3349,978-3-319-70022-9; 978-3-319-70021-2,,,,2017,10652,,,,,,708,717,,10.1007/978-3-319-70022-9_70,http://dx.doi.org/10.1007/978-3-319-70022-9_70,,,,,,,,,,,,,WOS:000449941100070,View Full Record in Web of Science
J,"Kemna, S; Hamilton, MJ; Hughes, DT; LePage, KD",,,,"Kemna, Stephanie; Hamilton, Michael J.; Hughes, David T.; LePage, Kevin D.",,,Adaptive autonomous underwater vehicles for littoral surveillance The GLINT10 field trial results,INTELLIGENT SERVICE ROBOTICS,,,,,,,,,,,,,,,,,,"Kemna, Stephanie/0000-0001-8679-542X",,,,,,,,,,,,,1861-2776,1861-2784,,,,OCT,2011,4,4,,,SI,,245,258,,10.1007/s11370-011-0097-4,http://dx.doi.org/10.1007/s11370-011-0097-4,,,,,,,,,,,,,WOS:000510892400004,View Full Record in Web of Science
C,"Srinivasan, V; Murphy, RR",,,IEEE,"Srinivasan, Vasant; Murphy, Robin R.",,,A Survey of Social Gaze,PROCEEDINGS OF THE 6TH ACM/IEEE INTERNATIONAL CONFERENCE ON HUMAN-ROBOT INTERACTIONS (HRI 2011),ACM IEEE International Conference on Human-Robot Interaction,,,,6th ACM/IEEE International Conference on Human-Robot Interaction (HRI),"MAR 06-09, 2011","Lausanne, SWITZERLAND","ACM,IEEE,IEEE Robot & Automat,ACM SIGCHI,ACM SIGART,AAAI,Human Factors & Ergon Soc,IEEE Syst Man & Cybernet Soc",,,,,,,,,,,,,,,,,,,,,,,2167-2121,2167-2148,978-1-4503-0561-7,,,,2011,,,,,,,253,254,,10.1145/1957656.1957757,http://dx.doi.org/10.1145/1957656.1957757,,,,,,,,,,,,,WOS:000393313200094,View Full Record in Web of Science
C,"Zhang, HT; Ma, Y; Wang, XB; Mao, R; Wang, ML",,,IEEE,"Zhang, Haotian; Ma, Yuan; Wang, Xiaobo; Mao, Rui; Wang, Meili",,,Lightweight real-time detection model for multi-sheep abnormal behaviour based on yolov7-tiny,"2023 IEEE/RSJ INTERNATIONAL CONFERENCE ON INTELLIGENT ROBOTS AND SYSTEMS, IROS",IEEE International Conference on Intelligent Robots and Systems,,,,IEEE/RSJ International Conference on Intelligent Robots and Systems (IROS),"OCT 01-05, 2023","Detroit, MI","IEEE,RSJ",,,,,,,,,,,,,,,,,,,,,,,2153-0858,,978-1-6654-9190-7,,,,2023,,,,,,,4191,4196,,10.1109/IROS55552.2023.10342186,http://dx.doi.org/10.1109/IROS55552.2023.10342186,,,,,,,,,,,,,WOS:001133658803026,View Full Record in Web of Science
J,"Qiu, Y; Wang, CJ; Lu, XY; Wu, HP; Ma, XL; Hu, JH; Qi, HC; Tian, Y; Zhang, Z; Bao, GJ; Chai, H; Song, JZ; Liu, AP",,,,"Qiu, Ye; Wang, Chengjun; Lu, Xiaoyan; Wu, Huaping; Ma, Xiaolong; Hu, Jiahui; Qi, Hangcheng; Tian, Ye; Zhang, Zheng; Bao, Guanjun; Chai, Hao; Song, Jizhou; Liu, Aiping",,,A Biomimetic Drosera Capensis with Adaptive Decision-Predation Behavior Based on Multifunctional Sensing and Fast Actuating Capability,ADVANCED FUNCTIONAL MATERIALS,,,,,,,,,,,,,,,,,"Zhang, Zengqiang/J-3167-2014; Ma, Xiaolong/ABC-9088-2021; Liu, Aiping/IWM-1128-2023; Song, Jizhou/B-1935-2008","Song, Jizhou/0000-0003-2821-9429",,,,,,,,,,,,,1616-301X,1616-3028,,,,MAR,2022,32,13,,,,,,,2110296,10.1002/adfm.202110296,http://dx.doi.org/10.1002/adfm.202110296,,DEC 2021,,,,,,,,,,,WOS:000726305700001,View Full Record in Web of Science
J,"Capiola, A; Hamdan, IA; Lyons, JB; Lewis, M; Alarcon, GM; Sycara, K",,,,"Capiola, August; Hamdan, Izz Aldin; Lyons, Joseph B. B.; Lewis, Michael; Alarcon, Gene M. M.; Sycara, Katia",,,The Effect of Asset Degradation on Trust in Swarms: A Reexamination of System-Wide Trust in Human-Swarm Interaction,HUMAN FACTORS,,,,,,,,,,,,,,,,,,"Capiola, August/0000-0002-9901-8803; Alarcon, Gene/0000-0003-4093-8792",,,,,,,,,,,,,0018-7208,1547-8181,,,,MAY,2024,66,5,,,,,1475,1489,,10.1177/00187208221145261,http://dx.doi.org/10.1177/00187208221145261,,DEC 2022,,,,,,36511147,,,,,WOS:000897914100001,View Full Record in Web of Science
C,"Liu, Q; Zhao, J; Schütz, S; Berns, K",,,IEEE,"Liu, Qi; Zhao, Jie; Schuetz, Steffen; Berns, Karsten",,,Adaptive Motor Patterns and Reflexes for Bipedal Locomotion on Rough Terrain,2015 IEEE/RSJ INTERNATIONAL CONFERENCE ON INTELLIGENT ROBOTS AND SYSTEMS (IROS),IEEE International Conference on Intelligent Robots and Systems,,,,IEEE/RSJ International Conference on Intelligent Robots and Systems (IROS),"SEP 28-OCT 02, 2015","Hamburg, GERMANY","IEEE,RSJ,Univ Hamburg,DFG,RA,New Technol Fdn,SICE,KUKA,DJI,Rethink Robot,BOSCH,Chinese Acad Sci, SIAT,Boozhong,Adept,Automatica,HIT,Ascending Technol,OPTOFORCE,DST Robot,BA Syst,Rainbow Robot,SIA,CLEARPATH Robot,Swiss Natl Ctr Competence Res Robot,SINEVA,Dyson,SICK,Robocept,Force Dimension,Open Unit Robot,Luoyang Natl Univ Sci Park,Fuzhou Univ,Synapticon,Google,Technishce Univ Munchen,iRobot,Echord++,Khalifa Univ,Pan Robot,FESTO,Kinova Robot,SCHUNK,ies",,,,,,,,,"Liu, Qi/B-5325-2008",,,,,,,,,,,,,,2153-0858,,978-1-4799-9994-1,,,,2015,,,,,,,3856,3861,,,,,,,,,,,,,,,,WOS:000371885404005,View Full Record in Web of Science
C,"Petriu, EM; Cretu, AM",,,IEEE,"Petriu, Emil M.; Cretu, Ana-Maria",,,Biology-Inspired Artificial Neural Network Solutions for Android Control,2013 IEEE INTERNATIONAL SYMPOSIUM ON MEDICAL MEASUREMENTS AND APPLICATIONS PROCEEDINGS (MEMEA),IEEE International Symposium on Medical Measurements and Applications Proceedings-MeMeA,,,,8th IEEE International Symposium on Medical Measurements and Applications (MeMeA),"MAY 04-05, 2013","Univ Quebec Outaouais, Gatineau, CANADA","IEEE,IEEE Instrumentat & Measurement Soc,IEEE Ottawa Sect,Carleton Univ,U Ottawa,Nordocs",Univ Quebec Outaouais,,,,,,,,,,,,,,,,,,,,,,,,978-1-4673-5197-3; 978-1-4673-5195-9,,,,2013,,,,,,,145,150,,,,,,,,,,,,,,,,WOS:000326748000031,View Full Record in Web of Science
C,"Najafabadi, AM; Khanmirza, E; Markazi, AD",,,IEEE,"Najafabadi, Alireza Maleki; Khanmirza, Esmaeel; Markazi, Amirhossein Davaie",,,Experimental Study and Modeling of Soft Body Behavior Based on the Mass-Spring-Damper Method,2021 9TH RSI INTERNATIONAL CONFERENCE ON ROBOTICS AND MECHATRONICS (ICROM),RSI International Conference on Robotics and Mechatronics ICRoM,,,,9th RSI International Conference on Robotics and Mechatronics (ICRoM),"NOV 17-19, 2021","Amirkabir Univ Technol, New Technologies Ctr, Tehran, IRAN",Robot Soc Iran,"Amirkabir Univ Technol, New Technologies Ctr",,,,,,,,"Khanmirza, Esmaeel/S-9013-2018; Markazi, Amir/S-9315-2018","Khanmirza, Esmaeel/0000-0001-8047-5580",,,,,,,,,,,,,2377-679X,2572-6889,978-1-6654-2094-5,,,,2021,,,,,,,346,351,,10.1109/ICRoM54204.2021.9663490,http://dx.doi.org/10.1109/ICRoM54204.2021.9663490,,,,,,,,,,,,,WOS:000787158800052,View Full Record in Web of Science
B,"Ram, G; Kar, R; Mandal, D; Ghoshal, SP","Patnaik, S",,,"Ram, Gopi; Kar, Rajib; Mandal, Durbadal; Ghoshal, Sakti Prasad","Patnaik, S",,Collective-Animal-Behaviour-Based Optimized Null Placement in Time-Modulated Linear Antenna Arrays,RECENT DEVELOPMENTS IN INTELLIGENT NATURE-INSPIRED COMPUTING,Advances in Computational Intelligence and Robotics (ACIR) Book Series,,,,,,,,,,,,,,,,"Ram, Gopi/GJG-0985-2022",,,,,,,,,,,,,,,,978-1-5225-2323-9; 978-1-5225-2322-2,,,,2017,,,,,,,115,132,,10.4018/978-1-5225-2322-2.ch005,http://dx.doi.org/10.4018/978-1-5225-2322-2.ch005,10.4018/978-1-5225-2322-2,,,,,,,,,,,,WOS:000411592400007,View Full Record in Web of Science
J,"Zhou, M; Dong, HR; Wang, FY; Wang, QL; Yang, XX",,,,"Zhou, Min; Dong, Hairong; Wang, Fei-Yue; Wang, Qianling; Yang, Xiaoxia",,,Modeling and simulation of pedestrian dynamical behavior based on a fuzzy logic approach,INFORMATION SCIENCES,,,,,,,,,,,,,,,,,"Zihua, Wang/W-6938-2018; Yang, Xiaoxia/G-2416-2014","Dong, Hairong/0000-0002-7255-2950",,,,,,,,,,,,,0020-0255,1872-6291,,,,SEP 10,2016,360,,,,,,112,130,,10.1016/j.ins.2016.04.018,http://dx.doi.org/10.1016/j.ins.2016.04.018,,,,,,,,,,,,,WOS:000377835100007,View Full Record in Web of Science
C,"Shan, YH; Zhu, XY",,,IEEE,"Shan, Yuhong; Zhu, Xinyan",,,Simulation of automatic addressing behavior based on urban residential land dynamics multi-agents model,"2007 IEEE INTERNATIONAL CONFERENCE ON AUTOMATION AND LOGISTICS, VOLS 1-6",,,,,IEEE International Conference on Automation and Logistics,"AUG 18-21, 2007","Jinan, PEOPLES R CHINA","IEEE,IEEE Robot & Automat Soc,Shandong Univ,Chinese Univ Hong Kong,Chinese Mech Engn Soc,Logist Engn Inst China,China Federat Logist & Purchasing,IEEE Hong Kong, Sect RACS Chapter",,,,,,,,,,,,,,,,,,,,,,,,,978-1-4244-1530-4,,,,2007,,,,,,,1358,1363,,10.1109/ICAL.2007.4338781,http://dx.doi.org/10.1109/ICAL.2007.4338781,,,,,,,,,,,,,WOS:000252380300263,View Full Record in Web of Science
C,"Rüdiger, J; Wagner, A; Badreddin, E",,"Zaytoon, J; Ferrier, JL; Cetto, JA; Filipe, J",,"Ruediger, Jan; Wagner, Achim; Badreddin, Essam",,,Behavior based description of dependability -: Defining a minium set of attributes for a behavioral description of dependability,"ICINCO 2007: PROCEEDINGS OF THE FOURTH INTERNATIONAL CONFERENCE ON INFORMATICS IN CONTROL, AUTOMATION AND ROBOTICS, VOL RA-2: ROBOTICS AND AUTOMATION, VOL 2",,,,,"4th International Conference on Informatics in Control, Automation and Robotics","MAY 09-12, 2007","Angers, FRANCE","Inst Syst & Technol Informat, Control & Commun,Univ Angers,Int Federat Automat Control,GDR MACS,CNRS,EEA,Assoc Advancement Artificial Intelligence",,,,,,,,,,"Wagner, Achim/0000-0002-0966-2559",,,,,,,,,,,,,,,978-972-8865-83-2,,,,2007,,,,,,,341,346,,,,,,,,,,,,,,,,WOS:000252643500052,View Full Record in Web of Science
C,"Peco, RL; Ruiz, RM; Soto-Sánchez, C; Fernández, E",,"Vicente, JMF; Alvarez-Sanchez, JR; Lopez, FD; Adeli, H",,"Lopez Peco, Rocio; Morollon Ruiz, Roberto; Soto-Sanchez, Cristina; Fernandez, Eduardo",,,Development and Validation of a Novel Technology for Postural Analysis and Human Kinematics,"BIO-INSPIRED SYSTEMS AND APPLICATIONS: FROM ROBOTICS TO AMBIENT INTELLIGENCE, PT II",Lecture Notes in Computer Science,,,,9th International Work-Conference on the Interplay Between Natural and Artificial Computation (IWINAC),"MAY 31-JUN 03, 2022","Puerto de la Cruz, SPAIN",,,,,,,,,,"Ferrandez, Jose/C-9378-2009; Sánchez, Cristina/Y-8008-2018; Soto-Sanchez, Cristina/JXN-0236-2024","Morollon Ruiz, Roberto/0000-0002-9903-3296; Lopez-Peco, Rocio/0000-0003-1711-9561; Soto-Sanchez, Cristina/0000-0003-4447-5967; Fernandez, Eduardo/0000-0002-7052-6011",,,,,,,,,,,,,0302-9743,1611-3349,978-3-031-06527-9; 978-3-031-06526-2,,,,2022,13259,,,,,,492,504,,10.1007/978-3-031-06527-9_49,http://dx.doi.org/10.1007/978-3-031-06527-9_49,,,,,,,,,,,,,WOS:000874447200049,View Full Record in Web of Science
C,"Pépin, N; Simonin, O; Charpillet, F","Filipe, J","Fred, A",,"Pepin, Nicolas; Simonin, Olivier; Charpillet, Francois","Filipe, J",,INTELLIGENT TILES Putting Situated Multi-Agents Models in Real World,ICAART 2009: PROCEEDINGS OF THE INTERNATIONAL CONFERENCE ON AGENTS AND ARTIFICIAL INTELLIGENCE,,,,,1st International Conference on Agents and Artificial Intelligence,"JAN 19-21, 2009","Inst Syst & Technol Informat, Control & Commun, Porto, PORTUGAL","Workflow Management Coalit,Assoc Adv Artificial Intelligence,Special Interest Grp Artificial Intelligence","Inst Syst & Technol Informat, Control & Commun",,,,,,,,"Charpillet, Francois/S-3367-2018","Charpillet, Francois/0000-0001-8260-1536; Pepin, Nicolas Yannick/0000-0002-0773-1805",,,,,,,,,,,,,,,978-989-8111-66-1,,,,2009,,,,,,,513,+,,,,,,,,,,,,,,,,WOS:000267058000078,View Full Record in Web of Science
J,"Fu, JL; Chen, L; Zhang, DX; Shao, XW",,,,"Fu, Jiangliang; Chen, Li; Zhang, Dexin; Shao, Xiaowei",,,On-Orbit Proximity Operations About Controlled Uncooperative Targets Using Meta-Predictor,JOURNAL OF GUIDANCE CONTROL AND DYNAMICS,,,,,,,,,,,,,,,,,"Fu, Jiangliang/GON-6420-2022","Fu, Jiangliang/0000-0002-0168-1464",,,,,,,,,,,,,0731-5090,1533-3884,,,,AUG,2024,47,8,,,,,1726,1736,,10.2514/1.G007718,http://dx.doi.org/10.2514/1.G007718,,JUN 2024,,,,,,,,,,,WOS:001256181300001,View Full Record in Web of Science
C,"Naumann, M; Sun, LT; Zhan, W; Tomizuka, M",,,IEEE,"Naumann, Maximilian; Sun, Liting; Zhan, Wei; Tomizuka, Masayoshi",,,Analyzing the Suitability of Cost Functions for Explaining and Imitating Human Driving Behavior based on Inverse Reinforcement Learning,2020 IEEE INTERNATIONAL CONFERENCE ON ROBOTICS AND AUTOMATION (ICRA),IEEE International Conference on Robotics and Automation ICRA,,,,IEEE International Conference on Robotics and Automation (ICRA),"MAY 31-JUN 15, 2020",ELECTR NETWORK,IEEE,,,,,,,,,,,,,,,,,,,,,,,1050-4729,2577-087X,978-1-7281-7395-5,,,,2020,,,,,,,5481,5487,,10.1109/icra40945.2020.9196795,http://dx.doi.org/10.1109/icra40945.2020.9196795,,,,,,,,,,,,,WOS:000712319503115,View Full Record in Web of Science
J,"Farrell, JA; Pang, S; Li, W",,,,"Farrell, JA; Pang, S; Li, W",,,Chemical plume tracing via an autonomous underwater vehicle,IEEE JOURNAL OF OCEANIC ENGINEERING,,,,,,,,,,,,,,,,,"Li, Wei/R-7928-2019; Farrell, Jay A./A-6887-2017","Farrell, Jay A./0000-0002-2077-8691",,,,,,,,,,,,,0364-9059,1558-1691,,,,APR,2005,30,2,,,,,428,442,,10.1109/JOE.2004.838066,http://dx.doi.org/10.1109/JOE.2004.838066,,,,,,,,,,,,,WOS:000232942300022,View Full Record in Web of Science
J,"Wang, X",,,,"Wang, X",,,A behavior-based inverse kinematics algorithm to predict arm prehension postures for computer-aided ergonomic evaluation,JOURNAL OF BIOMECHANICS,,,,,,,,,,,,,,,,,"Wang, Xuguang/K-8848-2019","Wang, Xuguang/0000-0001-9181-6045",,,,,,,,,,,,,0021-9290,1873-2380,,,,MAY,1999,32,5,,,,,453,460,,10.1016/S0021-9290(99)00023-8,http://dx.doi.org/10.1016/S0021-9290(99)00023-8,,,,,,,,10326998,,,,,WOS:000079982200001,View Full Record in Web of Science
C,"Lund, HH",,"Wolf, LJ; Strock, JL",,"Lund, HH",,,Neural building blocks,"1ST INTERNATIONAL IEEE EMBS CONFERENCE ON NEURAL ENGINEERING 2003, CONFERENCE PROCEEDINGS",International IEEE EMBS Conference on Neural Engineering,,,,1st International IEEE/EMBS Conference on Neural Engineering,"MAR 20-22, 2003","CAPRI, ITALY","IEEE,EMBS,Natl Sci Fdn,Medtronic",,,,,,,,,,"Lund, Henrik Hautop/0000-0002-0122-5258",,,,,,,,,,,,,1948-3546,,0-7803-7579-3,,,,2003,,,,,,,446,449,,10.1109/CNE.2003.1196857,http://dx.doi.org/10.1109/CNE.2003.1196857,,,,,,,,,,,,,WOS:000182404500120,View Full Record in Web of Science
C,"Wang, XF",,,TU; TU,"Wang, XF",,,Controlling bifurcation and chaos in Internet congestion control system,"PROCEEDINGS OF THE 4TH WORLD CONGRESS ON INTELLIGENT CONTROL AND AUTOMATION, VOLS 1-4",,,,,4th World Congress on Intelligent Control and Automation,"JUN 10-14, 2002","SHANGHAI, PEOPLES R CHINA","Tongji Univ,Shanghai Jiaotong Univ,E China Univ Sci & Technol,IEEE Robot & Automat Soc,IEEE Control Syst Soc, Beijing Chapter,Chinese Assoc Automat,Shanghai Assoc Automat",,,,,,,,,,,,,,,,,,,,,,,,,0-7803-7268-9,,,,2002,,,,,,,573,576,,,,,,,,,,,,,,,,WOS:000179017500120,View Full Record in Web of Science
J,"Dai, SY; Zhong, Y; Xu, C; Liu, HZ; Yuan, JZ; Wang, PF",,,,"Dai, Songyin; Zhong, Yuan; Xu, Cheng; Liu, Hongzhe; Yuan, Jiazheng; Wang, Pengfei",,,RETRACTED: An Intelligent Security Classification Model of Driver's Driving Behavior Based on V2X in IoT Networks (Retracted Article),SECURITY AND COMMUNICATION NETWORKS,,,,,,,,,,,,,,,,,"Xu, Cheng/HZL-1279-2023","Xu, Cheng/0000-0003-4913-5371",,,,,,,,,,,,,1939-0114,1939-0122,,,,MAY 11,2022,2022,,,,,,,,6793365,10.1155/2022/6793365,http://dx.doi.org/10.1155/2022/6793365,,,,,,,,,,,,,WOS:000800315000008,View Full Record in Web of Science
J,"Di Nocera, D; Finzi, A; Rossi, S; Staffa, M",,,,"Di Nocera, Dario; Finzi, Alberto; Rossi, Silvia; Staffa, Mariacarla",,,The role of intrinsic motivations in attention allocation and shifting,FRONTIERS IN PSYCHOLOGY,,,,,,,,,,,,,,,,,"Finzi, Alberto/P-4895-2019; Rossi, Silvia/C-2615-2008; Staffa, Mariacarla/P-5173-2014","Rossi, Silvia/0000-0002-3379-1756; Staffa, Mariacarla/0000-0001-7656-8370; FINZI, Alberto/0000-0001-6255-6221",,,,,,,,,,,,,1664-1078,,,,,APR 1,2014,5,,,,,,,,273,10.3389/fpsyg.2014.00273,http://dx.doi.org/10.3389/fpsyg.2014.00273,,,,,,,,24744746,,,,,WOS:000333566600001,View Full Record in Web of Science
J,"Doerstelmann, M; Knippers, J; Koslowski, V; Menges, A; Prado, M; Schieber, G; Vasey, L",,,,"Doerstelmann, Moritz; Knippers, Jan; Koslowski, Valentin; Menges, Achim; Prado, Marshall; Schieber, Gundula; Vasey, Lauren",,,ICD/ITKE Research Pavilion 2014-15: Fibre Placement on a Pneumatic Body Based on a Water Spider Web,ARCHITECTURAL DESIGN,,,,,,,,,,,,,,,,,"Menges, Achim/KPB-4529-2024","Knippers, Jan/0000-0002-6683-8004; Dorstelmann, Moritz/0000-0001-9470-6407",,,,,,,,,,,,,0003-8504,1554-2769,,,,SEP-OCT,2015,85,5,,,SI,,60,65,,10.1002/ad.1955,http://dx.doi.org/10.1002/ad.1955,,,,,,,,,,,,,WOS:000361061600011,View Full Record in Web of Science
J,"Xiang, HK; Zhu, JF; Liang, GY; Shen, YJ",,,,"Xiang, Huaikun; Zhu, Jiafeng; Liang, Guoyuan; Shen, Yingjun",,,Prediction of Dangerous Driving Behavior Based on Vehicle Motion State and Passenger Feeling Using Cloud Model and Elman Neural Network,FRONTIERS IN NEUROROBOTICS,,,,,,,,,,,,,,,,,"Yang, Ming/G-4705-2012","Shen, Yingjun/0000-0002-9267-4314",,,,,,,,,,,,,1662-5218,,,,,APR 29,2021,15,,,,,,,,641007,10.3389/fnbot.2021.641007,http://dx.doi.org/10.3389/fnbot.2021.641007,,,,,,,,33994985,,,,,WOS:000649835200001,View Full Record in Web of Science
J,"Monninger, T; Schmidt, J; Rupprecht, J; Raba, D; Jordan, J; Frank, D; Staab, S; Dietmayer, K",,,,"Monninger, Thomas; Schmidt, Julian; Rupprecht, Jan; Raba, David; Jordan, Julian; Frank, Daniel; Staab, Steffen; Dietmayer, Klaus",,,SCENE: Reasoning About Traffic Scenes Using Heterogeneous Graph Neural Networks,IEEE ROBOTICS AND AUTOMATION LETTERS,,,,,,,,,,,,,,,,,,"Monninger, Thomas/0000-0002-8318-5594; Staab, Steffen/0000-0002-0780-4154",,,,,,,,,,,,,2377-3766,,,,,MAR,2023,8,3,,,,,1531,1538,,10.1109/LRA.2023.3234771,http://dx.doi.org/10.1109/LRA.2023.3234771,,,,,,,,,,,,,WOS:000936534100004,View Full Record in Web of Science
B,"Hosseinzadeh, A; Edalatpanah, SA","Adak, AK; Manna, D; Bhowmik, M",,,"Hosseinzadeh, Ali; Edalatpanah, S. A.","Adak, AK; Manna, D; Bhowmik, M",,Classification Techniques in Data Mining: Classical and Fuzzy Classifiers,EMERGING RESEARCH ON APPLIED FUZZY SETS AND INTUITIONISTIC FUZZY MATRICES,Advances in Computational Intelligence and Robotics (ACIR) Book Series,,,,,,,,,,,,,,,,"Edalatpanah, S. A./M-1336-2014","Edalatpanah, S. A./0000-0001-9349-5695",,,,,,,,,,,,,,,978-1-5225-0915-8; 978-1-5225-0914-1,,,,2017,,,,,,,153,188,,10.4018/978-1-5225-0914-1.ch007,http://dx.doi.org/10.4018/978-1-5225-0914-1.ch007,,,,,,,,,,,,,WOS:000468638200008,View Full Record in Web of Science
C,"Kober, C; Boerner, BI; Mori, S; Tellez, CB; Klarhöfer, M; Scheffler, K; Sader, R; Zeilhofer, HF","Weber, S","Buzug, TM; Holz, D; Bongartz, J; KohlBareis, M; Hartmann, U",,"Kober, Cornelia; Boerner, Britt-Isabelle; Mori, Shinichiro; Tellez, Carlos Buitrago; Klarhöfer, Markus; Scheffler, Klaus; Sader, Robert; Zeilhofer, Hans-Florian","Weber, S",,Stereoscopic 4D-Visualization of craniofacial soft tissue based on dynamic MRI and 256 row 4D-CT,ADVANCES IN MEDICAL ENGINEERING,Springer Proceedings in Physics,,,,"3rd Physics Days Remagen/2nd Workshop on Medical Robotics, Navigation and Visualization (RPT/MRNV 2007)",2007,"Remagen, GERMANY",,,,,,,,,,,,,,,,,,,,,,,,0930-8989,1867-4941,978-3-540-68763-4,,,,2007,114,,,,,,175,+,,,,,,,,,,,,,,,,WOS:000245829000029,View Full Record in Web of Science
C,"Thakar, B; Parekh, C",,"Satapathy, SC; Joshi, A",,"Thakar, Bhavik; Parekh, Chandresh",,,Reverse Engineering of Botnet (APT),INFORMATION AND COMMUNICATION TECHNOLOGY FOR INTELLIGENT SYSTEMS (ICTIS 2017) - VOL 2,Smart Innovation Systems and Technologies,,,,2nd International Conference on Information and Communication Technology for Intelligent Systems (ICTIS),"MAR 25-26, 2017","Ahmedabad, INDIA","ASSOCHAM Gujarat Chapter,G R Fdn,Assoc Comp Machinery, Ahmedabad Chapter",,,,,,,,,,,,,,,,,,,,,,,2190-3018,,978-3-319-63645-0; 978-3-319-63644-3,,,,2018,84,,,,,,252,262,,10.1007/978-3-319-63645-0_28,http://dx.doi.org/10.1007/978-3-319-63645-0_28,,,,,,,,,,,,,WOS:000433139900028,View Full Record in Web of Science
J,"Loukas, G; Karapistoli, E; Panaousis, E; Sarigiannidis, P; Bezemskij, A; Vuong, T",,,,"Loukas, George; Karapistoli, Eirini; Panaousis, Emmanouil; Sarigiannidis, Panagiotis; Bezemskij, Anatolij; Tuan Vuong",,,A taxonomy and survey of cyber-physical intrusion detection approaches for vehicles,AD HOC NETWORKS,,,,,,,,,,,,,,,,,"Loukas, George/AAC-4291-2021; Panaousis, Emmanouil/A-1444-2016; Sarigiannidis, Panagiotis/O-5246-2017","Karapistoli, Eirini/0000-0002-6639-9929; Loukas, George/0000-0003-3559-5182; Panaousis, Manos/0000-0001-7306-4062; Sarigiannidis, Panagiotis/0000-0001-6042-0355",,,,,,,,,,,,,1570-8705,1570-8713,,,,MAR 1,2019,84,,,,,,124,147,,10.1016/j.adhoc.2018.10.002,http://dx.doi.org/10.1016/j.adhoc.2018.10.002,,,,,,,,,,,,,WOS:000456751400012,View Full Record in Web of Science
C,"Genter, K; Stone, P",,,Assoc Comp Machinery,"Genter, Katie; Stone, Peter",,,7 Adding Influencing Agents to a Flock,AAMAS'16: PROCEEDINGS OF THE 2016 INTERNATIONAL CONFERENCE ON AUTONOMOUS AGENTS & MULTIAGENT SYSTEMS,,,,,15th International Conference on Autonomous Agents and Multiagent Systems (AAMAS),"MAY 09-10, 2016","Singapore, SINGAPORE","Int Fdn Autonomous Agents & Multiagent Syst,Natl Sci Fdn,Artificial Intelligence Journal,Springer,Unicen,Sumitomo Elect,Living Analyt Res Ctr,Panasonic R & D Ctr Singapore,Assoc Comp Machinery Special Interest Grp Artificial Intelligence,Assoc Comp Machinery",,,,,,,,,,,,,,,,,,,,,,,,,978-1-4503-4239-1,,,,2016,,,,,,,615,623,,,,,,,,,,,,,,,,WOS:000465199800071,View Full Record in Web of Science
J,"Zhang, CZ; Li, T; Zhang, GB; Gou, XJ; Zhou, Q; Ma, Q; Zhang, XJ; Hou, J",,,,"Zhang, Chunze; Li, Tao; Zhang, Guibin; Gou, Xiangjie; Zhou, Qin; Ma, Qian; Zhang, Xujin; Hou, Ji",,,A numerical simulation research on fish adaption behavior based on deep reinforcement learning and fluid-structure coupling: Implementation of the perceive-feedback-memory control system,PHYSICS OF FLUIDS,,,,,,,,,,,,,,,,,"Li, Tao/JLM-4107-2023","Li, Tao/0009-0008-7066-9558",,,,,,,,,,,,,1070-6631,1089-7666,,,,JAN,2024,36,1,,,,,,,11904,10.1063/5.0184690,http://dx.doi.org/10.1063/5.0184690,,,,,,,,,,,,,WOS:001261448800016,View Full Record in Web of Science
C,"Torre, I; Goslin, J; White, L; Zanatto, D",,,ACM,"Torre, Ilaria; Goslin, Jeremy; White, Laurence; Zanatto, Debora",,,Trust in artificial voices: A congruency effect of first impressions and behavioural experience,"PROCEEDINGS OF THE TECHNOLOGY, MIND, AND SOCIETY CONFERENCE (TECHMINDSOCIETY'18)",,,,,"Technology, Mind, and Society Conference (TechMindSociety)","APR 05-07, 2018","Washington, DC",Amer Psychol Assoc,,,,,,,,,"Zanatto, Debora/AAE-1360-2019; White, Laurence/O-7157-2018","White, Laurence/0000-0002-8299-2167; Torre, Ilaria/0000-0002-8601-1370; Zanatto, Debora/0000-0002-7903-3491",,,,,,,,,,,,,,,978-1-4503-5420-2,,,,2018,,,,,,,,,,10.1145/3183654.3183691,http://dx.doi.org/10.1145/3183654.3183691,,,,,,,,,,,,,WOS:000492879300040,View Full Record in Web of Science
J,"Shigaki, S; Yamada, M; Kurabayashi, D; Hosoda, K",,,,"Shigaki, Shunsuke; Yamada, Mayu; Kurabayashi, Daisuke; Hosoda, Koh",,,Robust Moth-Inspired Algorithm for Odor Source Localization Using Multimodal Information,SENSORS,,,,,,,,,,,,,,,,,"; Kurabayashi, Daisuke/C-6878-2015","Shigaki, Shunsuke/0000-0002-5689-1338; Kurabayashi, Daisuke/0000-0002-3186-6531; Hosoda, Koh/0000-0001-8392-1021",,,,,,,,,,,,,,1424-8220,,,,FEB,2023,23,3,,,,,,,1475,10.3390/s23031475,http://dx.doi.org/10.3390/s23031475,,,,,,,,36772519,,,,,WOS:000930219200001,View Full Record in Web of Science
J,"Triplett, BI; Klein, DJ; Morgansen, KA",,,,"Triplett, Benjamin I.; Klein, Daniel J.; Morgansen, Kristi A.",,,Cooperative Estimation for Coordinated Target Tracking in a Cluttered Environment,MOBILE NETWORKS & APPLICATIONS,,,,,1st International Conference on Robot Communication and Coordination (ROBOCOMM 2007),2007,"Athens, GREECE",,,,,,,,,,,"Hill, Kristi/0000-0001-9826-7886",,,,,,,,,,,,,1383-469X,1572-8153,,,,JUN,2009,14,3,,,,,336,349,,10.1007/s11036-008-0151-4,http://dx.doi.org/10.1007/s11036-008-0151-4,,,,,,,,,,,,,WOS:000265045000007,View Full Record in Web of Science
J,"Scheibner, D; Mehner, J; Reuter, D; Kotarsky, U; Gessner, T; Dötzel, W",,,,"Scheibner, D; Mehner, J; Reuter, D; Kotarsky, U; Gessner, T; Dötzel, W",,,Characterization and self-test of electrostatically tunable resonators for frequency selective vibration measurements,SENSORS AND ACTUATORS A-PHYSICAL,,,,,16th IEEE Annual International Conference on Micro Electro Mechanical Systems,"JAN 19-23, 2003","KYOTO, JAPAN","IEEE,Robot & Automat Soc",,,,,,,,,,"Reuter, Danny/0000-0003-4062-3192; Mehner, Jan/0000-0002-0296-0625",,,,,,,,,,,,,0924-4247,,,,,MAR 1,2004,111,1,,,,,93,99,,10.1016/j.sna.2003.10.010,http://dx.doi.org/10.1016/j.sna.2003.10.010,,,,,,,,,,,,,WOS:000189081800015,View Full Record in Web of Science
J,"Shi, X; Yang, Y; Liu, Q",,,,"Shi, Xiang; Yang, You; Liu, Qiong",,,I Understand You: Blind 3D Human Attention Inference From the Perspective of Third-Person,IEEE TRANSACTIONS ON IMAGE PROCESSING,,,,,,,,,,,,,,,,,,,,,,,,,,,,,,,1057-7149,1941-0042,,,,,2021,30,,,,,,6212,6225,,10.1109/TIP.2021.3092842,http://dx.doi.org/10.1109/TIP.2021.3092842,,,,,,,,34214041,,,,,WOS:000671507400007,View Full Record in Web of Science
J,"Janssen, R; Nolfi, S; Haselager, P; Sprinkhuizen-Kuyper, I",,,,"Janssen, Rick; Nolfi, Stefano; Haselager, Pim; Sprinkhuizen-Kuyper, Ida",,,Cyclic Incrementality in Competitive Coevolution: Evolvability through Pseudo-Baldwinian Switching-Genes,ARTIFICIAL LIFE,,,,,,,,,,,,,,,,,"Haselager, Pim/B-3910-2010","Haselager, Pim/0000-0002-4077-9560",,,,,,,,,,,,,1064-5462,1530-9185,,,,SUM,2016,22,3,,,,,319,352,,10.1162/ARTL_a_00208,http://dx.doi.org/10.1162/ARTL_a_00208,,,,,,,,27472415,,,,,WOS:000381685400003,View Full Record in Web of Science
J,"Yeom, K",,,,"Yeom, Kiwon",,,Bio-inspired self-organization for supporting dynamic reconfiguration of modular agents,MATHEMATICAL AND COMPUTER MODELLING,,,,,4th International Conference on Bio-Inspired Computing,"OCT 16-19, 2009","Peking Univ, Beijing, PEOPLES R CHINA","Dalian Univ,Zhengzhou Univ, Light Ind,IEEE Beijing Sect",Peking Univ,,,,,,,,,,,,,,,,,,,,,,0895-7177,,,,,DEC,2010,52,11-12,,,,,2097,2117,,10.1016/j.mcm.2010.06.018,http://dx.doi.org/10.1016/j.mcm.2010.06.018,,,,,,,,,,,,,WOS:000281614600022,View Full Record in Web of Science
J,"Thill, S; Caligiore, D; Borghi, AM; Ziemke, T; Baldassarre, G",,,,"Thill, Serge; Caligiore, Daniele; Borghi, Anna M.; Ziemke, Tom; Baldassarre, Gianluca",,,Theories and computational models of affordance and mirror systems: An integrative review,NEUROSCIENCE AND BIOBEHAVIORAL REVIEWS,,,,,,,,,,,,,,,,,"Ziemke, Tom/LTC-7501-2024; Caligiore, Daniele/AAX-1887-2020; Baldassarre, Gianluca/AAY-1081-2020; Thill, Serge/X-3697-2018","Borghi, Anna M./0000-0001-9455-8408; Ziemke, Tom/0000-0001-6883-2450; Baldassarre, Gianluca/0000-0002-1277-4447; Thill, Serge/0000-0003-1177-4119",,,,,,,,,,,,,0149-7634,1873-7528,,,,MAR,2013,37,3,,,,,491,521,,10.1016/j.neubiorev.2013.01.012,http://dx.doi.org/10.1016/j.neubiorev.2013.01.012,,,,,,,,23333761,,,,,WOS:000317548100020,View Full Record in Web of Science
C,"Efremov, AV; Tjaglik, MS; Tiumentzev, UV; Wenqian, T",,,,"Efremov, A. V.; Tjaglik, M. S.; Tiumentzev, U. V.; Wenqian, Tan",,,Pilot behavior modeling and its application to manual control tasks,IFAC PAPERSONLINE,,,,,1st IFAC Conference on Cyber-Physical and Human-Systems (CPHS),"DEC 07-09, 2016","Florianopolis, BRAZIL","Int Federat Automat Control, Tech Comm 9 2 Social Impact Automat,Int Federat Automat Control, Tech Comm 1 3 Discrete Event & Hybrid Syst,Int Federat Automat Control, Tech Comm 1 4 Stochast Syst,Int Federat Automat Control, Tech Comm 1 5 Networked Syst,Int Federat Automat Control, Tech Comm 3 1 Comp Control,Int Federat Automat Control, Tech Comm 3 3 Telemat Control Commun Networks,Int Federat Automat Control, Tech Comm 4 3 Robot,Int Federat Automat Control, Tech Comm 4 5 Human Machine Syst,Int Federat Automat Control, Tech Comm 7 3 Aerosp,Int Federat Automat Control, Tech Comm 7 4 Transportat Syst,Int Federat Automat Control, Tech Comm 8 2 Biol & Med Syst,Int Federat Automat Control, Tech Comm 9 5 Technol, Culture & Int Stabil,IEEE Control Syst Soc,Natl Sci Fdn,Inst Francais Sci & Technologies Transports, Amenagement & Reseaux,Ctr Natl Rech Sci,GDR MACS,European Embedded Control Inst,Univ Fed Santa Catarina,Inst Controle Decis Idex Paris Saclay",,,,,,,,,"Efremov, Aleksandr/T-4278-2018",,,,,,,,,,,,,,2405-8963,,,,,,2016,49,32,,,,,159,164,,10.1016/j.ifacol.2016.12.207,http://dx.doi.org/10.1016/j.ifacol.2016.12.207,,,,,,,,,,,,,WOS:000401261600028,View Full Record in Web of Science
C,"Bajikar, S; Gorjestani, A; Simpkins, P; Donath, M",,,IEEE; IEEE,"Bajikar, S; Gorjestani, A; Simpkins, P; Donath, M",,,Evaluation of in-vehicle GPS-based lane position sensing for preventing road departure,IEEE CONFERENCE ON INTELLIGENT TRANSPORTATION SYSTEMS,,,,,1997 IEEE Conference on Intelligent Transportation Systems (ITSC 997),"NOV 09-12, 1997","BOSTON, MA","IEEE,APS,CSS,EDS,ICS,PELS,IEEE, Signal Proc Soc,IEEE Commun Soc,IEEE Electromagnet Compatibil Soc,IEEE Instrumentat & Measurement Soc,IEEE Prof Commun Soc,IEEE Reliabil Soc,IEEE Robot & Automat Soc,IEEE Syst, Man & Cybernet Soc,IEEE Vehicular Technol Soc",,,,,,,,,,,,,,,,,,,,,,,,,0-7803-4269-0,,,,1997,,,,,,,397,402,,,,,,,,,,,,,,,,WOS:000073357200064,View Full Record in Web of Science
J,"De Santis, D",,,,"De Santis, Dalia",,,A Framework for Optimizing Co-adaptation in Body-Machine Interfaces,FRONTIERS IN NEUROROBOTICS,,,,,,,,,,,,,,,,,,,,,,,,,,,,,,,1662-5218,,,,,APR 21,2021,15,,,,,,,,662181,10.3389/fnbot.2021.662181,http://dx.doi.org/10.3389/fnbot.2021.662181,,,,,,,,33967733,,,,,WOS:000647004900001,View Full Record in Web of Science
J,"Blackwell, BF; DeVault, TL; Seamans, TW; Lima, SL; Baumhardt, P; Fernández-Juricic, E",,,,"Blackwell, Bradley F.; DeVault, Travis L.; Seamans, Thomas W.; Lima, Steven L.; Baumhardt, Patrice; Fernandez-Juricic, Esteban",,,Exploiting avian vision with aircraft lighting to reduce bird strikes,JOURNAL OF APPLIED ECOLOGY,,,,,,,,,,,,,,,,,,"DeVault, Travis/0000-0001-6413-1104",,,,,,,,,,,,,0021-8901,,,,,AUG,2012,49,4,,,,,758,766,,10.1111/j.1365-2664.2012.02165.x,http://dx.doi.org/10.1111/j.1365-2664.2012.02165.x,,,,,,,,,,,,,WOS:000306477000002,View Full Record in Web of Science
