table_caption,section,grouping,item,citation_key,title,author,year
Full list of identified primitives.,Manipulator Primitives,General Motions,direction motion primitive,Mitrevski2019LucyTT,"""Lucy, Take the Noodle Box!"": Domestic Object Manipulation Using Movement Primitives and Whole Body Motion","Alex Mitrevski and Abhishek Padalkar and Minh-Chinh Nguyen and Paul-Gerhard Pl{\""""o}ger",2019
Full list of identified primitives.,Manipulator Primitives,General Motions,direction motion primitive,Nguyen2012AutonomouslyLT,Autonomously learning to visually detect where manipulation will succeed,Hai Dai Nguyen and Charles C. Kemp,2012
Full list of identified primitives.,Manipulator Primitives,General Motions,direction motion primitive,Huang2013BehaviorB,Behavior-based Task Learning by Demonstration for Mobile Manipulators,"Shu Huang and Erwin Aertbeli{\""e}n and Herman Bruyninckx and Hendrik Van Brussel",2013
Full list of identified primitives.,Manipulator Primitives,General Motions,direction motion primitive,Cohen2011PlanningFM,Planning for Manipulation with Adaptive Motion Primitives,Benjamin J. Cohen and Gokul Subramania and Sachin Chitta and Maxim Likhachev,2011
Full list of identified primitives.,Manipulator Primitives,General Motions,direction motion primitive,Tsay2018BehavioristicIP,Behavioristic image-based pose control of mobile manipulators using an uncalibrated eye-in-hand vision system,T. I. James Tsay and Pei-Jiun Hung,2018
Full list of identified primitives.,Manipulator Primitives,General Motions,direction motion primitive,Singh2013CoordinatingMM,Coordinating mobile manipulator's motion to produce stable trajectories on uneven terrain based on feasible acceleration count,Arun Kumar Singh and K. Madhava Krishna,2013
Full list of identified primitives.,Manipulator Primitives,General Motions,direction motion primitive,Andersen2017IntegrationOA,Integration of a Skill-based Collaborative Mobile Robot in a Smart Cyber-physical Environment,Rasmus Eckholdt Andersen and Emil Blixt Hansen and David \v{C}ern{\'y} and Steffen Madsen and Biranavan Pulendralingam and Simon B{\o}gh and Dimitrios Chrysostomou,2017
Full list of identified primitives.,Manipulator Primitives,General Motions,direction motion primitive,Ding2022IntelligentAF,Intelligent assistance for older adults via an admittance-controlled wheeled mobile manipulator with task-dependent end-effectors,Liang Ding and Hongjun Xing and Ali Reza Torabi and Javad K. Mehr and Mojtaba Sharifi and Haibo Gao and Vivian K. Mushahwar and Mahdi Tavakoli,2022
Full list of identified primitives.,Manipulator Primitives,General Motions,direction motion primitive,Rodehutskors2015IntuitiveBT,Intuitive bimanual telemanipulation under communication restrictions by immersive 3D visualization and motion tracking,Tobias Rodehutskors and Max Schwarz and Sven Behnke,2015
Full list of identified primitives.,Manipulator Primitives,General Motions,direction motion primitive,Pedersen2014IntuitiveSP,Intuitive skill-level programming of industrial handling tasks on a mobile manipulator,"Mikkel Rath Pedersen and Dennis Herzog and Volker Kr{\""u}ger",2014
Full list of identified primitives.,Manipulator Primitives,General Motions,direction motion primitive,Orsula2022LearningTG,Learning to Grasp on the Moon from 3D Octree Observations with Deep Reinforcement Learning,Andrej Orsula and Simon Boegh and Miguel Angel Olivares-Mendez and Carol Mart{\'i}nez,2022
Full list of identified primitives.,Manipulator Primitives,General Motions,direction motion primitive,Li2019ManipulationSA,Manipulation Skill Acquisition for Robotic Assembly using Deep Reinforcement Learning,Fengming Li and Qi Jiang and Wei Quan and Rui Song and Yibin Li,2019
Full list of identified primitives.,Manipulator Primitives,General Motions,direction motion primitive,Shi2012MobileRA,Mobile Robotic Assembly on a Moving Vehicle,Jane Shi and Bradley Hamner and Reid G. Simmons and Sanjiv Singh,2012
Full list of identified primitives.,Manipulator Primitives,General Motions,direction motion primitive,Groth2013MultitaskingOC,Multi-tasking of competing behaviors on a robot manipulator,Christian Groth and Dominik Henrich,2013
Full list of identified primitives.,Manipulator Primitives,General Motions,direction motion primitive,Bouachari2018ObjectPC,Object Pre-Grasp Configuration of a Robot Articulated Hand in a Virtual Environment,A. Bouachari and Jean-François Breth{\'e} and Angela Haddad,2018
Full list of identified primitives.,Manipulator Primitives,General Motions,direction motion primitive,Partovi2017ReactiveIM,Reactive Integrated Mission and Motion Planning for Mobile Robotic Manipulators,Alireza Partovi and Rafael Rodrigues da Silva and Hai Lin,2017
Full list of identified primitives.,Manipulator Primitives,General Motions,direction motion primitive,Pedersen2016RobotSF,Robot skills for manufacturing: From concept to industrial deployment,"Mikkel Rath Pedersen and Lazaros Nalpantidis and Rasmus S. Andersen and Casper Schou and Simon B{\o}gh and Volker Kr{\""u}ger and Ole Madsen",2016
Full list of identified primitives.,Manipulator Primitives,General Motions,direction motion primitive,Cohen2012SearchbasedPF,Search-based planning for dual-arm manipulation with upright orientation constraints,Benjamin J. Cohen and Sachin Chitta and Maxim Likhachev,2012
Full list of identified primitives.,Manipulator Primitives,General Motions,direction motion primitive,Cohen2010SearchbasedPF,Search-based planning for manipulation with motion primitives,Benjamin J. Cohen and Sachin Chitta and Maxim Likhachev,2010
Full list of identified primitives.,Manipulator Primitives,General Motions,direction motion primitive,Huang2023SkillTA,Skill Transformer: A Monolithic Policy for Mobile Manipulation,Xiaoyu Huang and Dhruv Batra and Akshara Rai and Andrew Szot,2023
Full list of identified primitives.,Manipulator Primitives,General Motions,direction motion primitive,Lim2019SkillbasedAA,"Skill-based anytime agent architecture for European Robotics Challenges in realistic environments: EuRoC Challenge 2, Stage II - realistic labs",Gi Hyun Lim and Eurico Farinha Pedrosa and Filipe Amaral and Artur Pereira and Nuno Lau and Jos{\'e} Lu{\'i}s Azevedo and Bernardo Cunha and Simone Badini,2019
Full list of identified primitives.,Manipulator Primitives,General Motions,direction motion primitive,Amaral2017SkillbasedAA,"Skill-based anytime agent architecture for logistics and manipulation tasks: EuRoC Challenge 2, Stage II - Realistic Labs: Benchmarking",Filipe Amaral and Eurico Farinha Pedrosa and Gi Hyun Lim and Nima Shafii and Artur Pereira and Jos{\'e} Lu{\'i}s Azevedo and Bernardo Cunha and Luis Paulo Reis and Simone Badini and Nuno Lau,2017
Full list of identified primitives.,Manipulator Primitives,General Motions,direction motion primitive,Diab2020SkillMaNA,SkillMaN - A skill-based robotic manipulation framework based on perception and reasoning,Mohammed Diab and Mihai Pomarlan and Daniel Be{\ss}ler and Akbari Aliakbar and Jan Rosell and John A. Bateman and Michael Beetz,2020
Full list of identified primitives.,Manipulator Primitives,General Motions,direction motion primitive,Schwarz2018TeamNA,Team NimbRo at MBZIRC 2017: Autonomous valve stem turning using a wrench,"Max Schwarz and David Droeschel and Christian Lenz and Arul Selvam Periyasamy and En Yen Puang and Jan Razlaw and Diego Rodriguez and Sebastian Sch{\""u}ller and Michael Schreiber and Sven Behnke",2018
Full list of identified primitives.,Manipulator Primitives,General Motions,direction motion primitive,Karumanchi2017TeamRS,Team RoboSimian: Semi‐autonomous Mobile Manipulation at the 2015 DARPA Robotics Challenge Finals,Sisir Karumanchi and Kyle Edelberg and Ian A. Baldwin and Jeremy Nash and Jason I. Reid and Charles F. Bergh and John Leichty and Kalind C. Carpenter and Matthew Shekels and Matthew Gildner and David Newill-Smith and Jason Carlton and John Koehler and Tatyana Dobreva and Matthew A. Frost and Paul Hebert and James Borders and Jeremy Ma and Bertrand Douillard and Paul G. Backes and Brett Kennedy and Brian W. Satzinger and Chelsea Lau and Katie Byl and Krishnan Shankar and Joel W. Burdick,2017
Full list of identified primitives.,Manipulator Primitives,General Motions,direction motion primitive,Thakar2018TowardsTT,Towards Time-Optimal Trajectory Planning for Pick-and-Transport Operation with a Mobile Manipulator,Shantanu Thakar and Liwei Fang and Brual C. Shah and Satyandra K. Gupta,2018
Full list of identified primitives.,Manipulator Primitives,General Motions,direction motion primitive,MacKenzie1996BehaviorbasedMM,Behavior-based mobile manipulation for drum sampling,Douglas C. MacKenzie and Ronald C. Arkin,1996
Full list of identified primitives.,Manipulator Primitives,General Motions,direction motion primitive,Hentout2007BehaviourbasedAF,Behaviour-based Architecture for Piloting Mobile Manipulator Robots,Abdelfetah Hentout and Brahim Bouzouia and Zakaria Toukal,2007
Full list of identified primitives.,Manipulator Primitives,General Motions,direction motion primitive,Sequeira2000BehaviourbasedCB,Behaviour-based cooperation between two mobile manipulators,Jo{\~a}o Silva Sequeira and M. Isabel Ribeiro,2000
Full list of identified primitives.,Manipulator Primitives,General Motions,direction motion primitive,Aarno2008MotionIR,Motion intention recognition in robot assisted applications,Daniel Aarno and Danica Kragic,2008
Full list of identified primitives.,Manipulator Primitives,General Motions,direction motion primitive,Confente2025SkinMachineIW,Skin-Machine Interface with Multimodal Contact Motion Classifier,Alberto Confente and Takanori Jin and Taisuke Kobayashi and Julio Rogelio Guadarrama-Olvera and Gordon Cheng,2025
Full list of identified primitives.,Manipulator Primitives,General Motions,direction motion primitive,Guo2025AdaptiveSC,Adaptive Stiffness Control for Series Elastic Actuators in Robotic Systems Using Dynamic Systems,Kunlin Guo and Zhenyu Lu and Zhiwei Tan,2025
Full list of identified primitives.,Manipulator Primitives,General Motions,direction motion primitive,engelbracht2024spotlightroboticsceneunderstanding,SpotLight: Robotic Scene Understanding through Interaction and Affordance Detection,Tim Engelbracht and René Zurbrügg and Marc Pollefeys and Hermann Blum and Zuria Bauer,2024
Full list of identified primitives.,Manipulator Primitives,General Motions,direction motion primitive,Lopes2026CARGOAM,CARGO: A Mobile Manipulator Solution for Container Unloading,Maria S. Lopes and Artur Cordeiro and Ricardo B. Sousa and Jos{\'e} Alberto Beça and Pedro Costa and Jo{\~a}o Pedro Carvalho de Souza and Manuel F. Silva,2026
Full list of identified primitives.,Manipulator Primitives,General Motions,direction motion primitive,Gupta2025PreciseMM,Precise Mobile Manipulation of Small Everyday Objects,Arjun Gupta and Rishik Sathua and Saurabh Gupta,2025
Full list of identified primitives.,Manipulator Primitives,General Motions,direction motion primitive,Wu2024InTW,In the Wild Ungraspable Object Picking with Bimanual Nonprehensile Manipulation,Albert Wu and Dan Kruse,2024
Full list of identified primitives.,Manipulator Primitives,General Motions,direction motion primitive,Caro2025PushSN,"Push Smarter, Not Harder: Hierarchical RL-Diffusion Policy for Efficient Nonprehensile Manipulation",Steven Caro and Stephen L. Smith,2025
Full list of identified primitives.,Manipulator Primitives,General Motions,direction motion primitive,Xiao2025AutonomousBC,Autonomous Behavior Control for Quadruped Robots with Arms Based on MultiModal Large Language Model,Shijun Xiao and Xinyuan Shi and Teng Chen and Yifan Zhang and Xuewen Rong and Jian Meng,2025
Full list of identified primitives.,Manipulator Primitives,General Motions,direction motion primitive,Williams2012ARA,"A reasoning architecture for human-robot joint tasks using physics-,social-, and capability-based logic",Kenton Williams and Cynthia Lynn Breazeal,2012
Full list of identified primitives.,Manipulator Primitives,General Motions,direction motion primitive,Shan2026DockAnywhereDV,DockAnywhere: Data-Efficient Visuomotor Policy Learning for Mobile Manipulation via Novel Demonstration Generation,Ziyu Shan and Yuheng Zhou and Gaoyuan Wu and Zihe Ji and Zhenyu Wu and Ziwei Wang,2026
Full list of identified primitives.,Manipulator Primitives,General Motions,direction motion primitive,Mounsif2020BAMBA,BAM! Base Abstracted Modeling with Universal Notice Network: Fast Skill Transfer Between Mobile Manipulators,Mehdi Mounsif and S{\'e}bastien Lengagne and Beno{\^i}t Thuilot and Lounis Adouane,2020
Full list of identified primitives.,Manipulator Primitives,General Motions,direction motion primitive,Watanabe2025IntegratingBP,Integrating Bilevel Planning and Offline Skill Learning for Enhancing Mobile Manipulation,Shin Watanabe and Geir Horn and Jim T{\o}rresen and Kai Olav Ellefsen,2025
Full list of identified primitives.,Manipulator Primitives,General Motions,move along plane,Groth2013MultitaskingOC,Multi-tasking of competing behaviors on a robot manipulator,Christian Groth and Dominik Henrich,2013
Full list of identified primitives.,Manipulator Primitives,General Motions,move along plane,Li2020PatternAA,Pattern Analysis and Parameters Optimization of Dynamic Movement Primitives for Learning Unknown Trajectories,Mantian Li and Zeguo Yang and Fusheng Zha and Xin Wang and Pengfei Wang and Wei Guo and Darwin Gordon Caldwell and Fei Chen,2020
Full list of identified primitives.,Manipulator Primitives,General Motions,move along plane,Waarsing2003BehaviorbasedMM,Behavior-based mobile manipulation inspired by the human example,B. J. W. Waarsing and Marnix Nuttin and Hendrik Van Brussel,2003
Full list of identified primitives.,Manipulator Primitives,General Motions,move along plane,Gller2024APB,A Programming by Demonstration Approach for Robotic Manipulation with Model Predictive Interaction Control,"Tim G{\""""o}ller and Andreas V{\""""o}lz and Knut Graichen",2024
Full list of identified primitives.,Manipulator Primitives,General Motions,move along plane,Fu2024MobileAL,Mobile ALOHA: Learning Bimanual Mobile Manipulation with Low-Cost Whole-Body Teleoperation,Zipeng Fu and Tony Zhao and Chelsea Finn,2024
Full list of identified primitives.,Manipulator Primitives,General Motions,reach,Lopera2012ComparingMG,Comparing motion generation and motion recall for everyday robotic tasks,Carmen Lopera and Hilario Tome and Freek Stulp,2012
Full list of identified primitives.,Manipulator Primitives,General Motions,reach,Youngquist2022EvaluatingSA,Evaluating Sensorimotor Abstraction on Curricula for Learning Mobile Manipulation Skills,Oscar Youngquist and Alenna Spiro and Khoshrav Doctor and Roderic A. Grupen,2022
Full list of identified primitives.,Manipulator Primitives,General Motions,reach,Orsula2022LearningTG,Learning to Grasp on the Moon from 3D Octree Observations with Deep Reinforcement Learning,Andrej Orsula and Simon Boegh and Miguel Angel Olivares-Mendez and Carol Mart{\'i}nez,2022
Full list of identified primitives.,Manipulator Primitives,General Motions,reach,Beetz2016OpenRR,Open robotics research using web-based knowledge services,Michael Beetz and Daniel Be{\ss}ler and Jan Oliver Winkler and Jan-Hendrik Worch and Ferenc B{\'a}lint-Bencz{\'e}di and Georg Bartels and Aude G Billard and Asil Kaan Bozcuoğlu and Zhou Fang and Nadia Figueroa and Andrei Haidu and Hagen Langer and Alexis Maldonado and Ana Lucia Pais and Moritz Tenorth and Thiemo Wiedemeyer,2016
Full list of identified primitives.,Manipulator Primitives,General Motions,reach,Zhao2025ReactiveWL,Reactive Whole-body Locomotion-integrated Manipulation Based on Combined Learning and Optimization,Jianzhuang Zhao and Tao Teng and Elena De Momi and Arash Ajoudani,2025
Full list of identified primitives.,Manipulator Primitives,General Motions,reach,Nagatani1996DesigningSA,Designing strategy and implementation of mobile manipulator control system for opening door,Keiji Nagatani and Shin'ichi Yuta,1996
Full list of identified primitives.,Manipulator Primitives,General Motions,reach,Nagatani1996DooropeningBO,Door-opening behavior of an autonomous mobile manipulator by sequence of action primitives,Keiji Nagatani and Shin'ichi Yuta,1996
Full list of identified primitives.,Manipulator Primitives,General Motions,reach,Jauhri2022RobotLO,Robot Learning of Mobile Manipulation With Reachability Behavior Priors,Snehal Jauhri and Jan Peters and Georgia Chalvatzaki,2022
Full list of identified primitives.,Manipulator Primitives,General Motions,reach,Akkaladevi2024TowardsAB,Towards a Behavior Tree Based Robotic Skill Execution Framework for Human Robot Collaboration in Industrial Assembly,Sharath Chandra Akkaladevi and Matthias Propst and Kapil Deshpande and Michael Hofmann and Andreas Pichler,2024
Full list of identified primitives.,Manipulator Primitives,General Motions,reach,Mounsif2020BAMBA,BAM! Base Abstracted Modeling with Universal Notice Network: Fast Skill Transfer Between Mobile Manipulators,Mehdi Mounsif and S{\'e}bastien Lengagne and Beno{\^i}t Thuilot and Lounis Adouane,2020
Full list of identified primitives.,Manipulator Primitives,General Motions,execute predefined trajectory,Rodehutskors2015IntuitiveBT,Intuitive bimanual telemanipulation under communication restrictions by immersive 3D visualization and motion tracking,Tobias Rodehutskors and Max Schwarz and Sven Behnke,2015
Full list of identified primitives.,Manipulator Primitives,General Motions,execute predefined trajectory,Andersen2015IntuitiveTP,Intuitive task programming of stud welding robots for ship construction,Rasmus S. Andersen and Simon Boegh and Thomas Baltzer Moeslund and Ole Madsen,2015
Full list of identified primitives.,Manipulator Primitives,General Motions,execute predefined trajectory,Settimi2016MotionPB,Motion primitive based random planning for loco-manipulation tasks,Alessandro Settimi and Danilo Caporale and Przemyslaw Kryczka and Mirko Ferrati and Lucia Pallottino,2016
Full list of identified primitives.,Manipulator Primitives,General Motions,execute predefined trajectory,Zhao2025ReactiveWL,Reactive Whole-body Locomotion-integrated Manipulation Based on Combined Learning and Optimization,Jianzhuang Zhao and Tao Teng and Elena De Momi and Arash Ajoudani,2025
Full list of identified primitives.,Manipulator Primitives,General Motions,execute predefined trajectory,Schwarz2018TeamNA,Team NimbRo at MBZIRC 2017: Autonomous valve stem turning using a wrench,"Max Schwarz and David Droeschel and Christian Lenz and Arul Selvam Periyasamy and En Yen Puang and Jan Razlaw and Diego Rodriguez and Sebastian Sch{\""u}ller and Michael Schreiber and Sven Behnke",2018
Full list of identified primitives.,Manipulator Primitives,General Motions,execute predefined trajectory,Waarsing2003BehaviorbasedMM,Behavior-based mobile manipulation inspired by the human example,B. J. W. Waarsing and Marnix Nuttin and Hendrik Van Brussel,2003
Full list of identified primitives.,Manipulator Primitives,General Motions,execute predefined trajectory,Nagatani1996DesigningSA,Designing strategy and implementation of mobile manipulator control system for opening door,Keiji Nagatani and Shin'ichi Yuta,1996
Full list of identified primitives.,Manipulator Primitives,General Motions,execute predefined trajectory,Nagatani1996DooropeningBO,Door-opening behavior of an autonomous mobile manipulator by sequence of action primitives,Keiji Nagatani and Shin'ichi Yuta,1996
Full list of identified primitives.,Manipulator Primitives,General Motions,execute predefined trajectory,Waarsing2005FromBI,From biological inspiration toward next-generation manipulators: manipulator control focused on human tasks,B. J. W. Waarsing and Marnix Nuttin and Hendrik Van Brussel and Brecht Corteville,2005
Full list of identified primitives.,Manipulator Primitives,Object Interaction,control gripper,Mitrevski2019LucyTT,"""Lucy, Take the Noodle Box!"": Domestic Object Manipulation Using Movement Primitives and Whole Body Motion","Alex Mitrevski and Abhishek Padalkar and Minh-Chinh Nguyen and Paul-Gerhard Pl{\""""o}ger",2019
Full list of identified primitives.,Manipulator Primitives,Object Interaction,control gripper,Zhao2025ACL,A combined learning and optimization framework to transfer human whole-body loco-manipulation skills to mobile manipulators,Jianzhuang Zhao and Francesco Tassi and Yanlong Huang and Elena De Momi and Arash Ajoudani,2025
Full list of identified primitives.,Manipulator Primitives,Object Interaction,control gripper,Nguyen2012AutonomouslyLT,Autonomously learning to visually detect where manipulation will succeed,Hai Dai Nguyen and Charles C. Kemp,2012
Full list of identified primitives.,Manipulator Primitives,Object Interaction,control gripper,Stckler2013IncreasingFO,Increasing Flexibility of Mobile Manipulation and Intuitive Human-Robot Interaction in RoboCup@Home,"J. St{\""u}ckler and David Droeschel and Kathrin Gr{\""a}ve and Dirk Holz and Michael Schreiber and Angeliki Topalidou-Kyniazopoulou and Max Schwarz and Sven Behnke",2013
Full list of identified primitives.,Manipulator Primitives,Object Interaction,control gripper,Andersen2017IntegrationOA,Integration of a Skill-based Collaborative Mobile Robot in a Smart Cyber-physical Environment,Rasmus Eckholdt Andersen and Emil Blixt Hansen and David \v{C}ern{\'y} and Steffen Madsen and Biranavan Pulendralingam and Simon B{\o}gh and Dimitrios Chrysostomou,2017
Full list of identified primitives.,Manipulator Primitives,Object Interaction,control gripper,Rodehutskors2015IntuitiveBT,Intuitive bimanual telemanipulation under communication restrictions by immersive 3D visualization and motion tracking,Tobias Rodehutskors and Max Schwarz and Sven Behnke,2015
Full list of identified primitives.,Manipulator Primitives,Object Interaction,control gripper,Pedersen2014IntuitiveSP,Intuitive skill-level programming of industrial handling tasks on a mobile manipulator,"Mikkel Rath Pedersen and Dennis Herzog and Volker Kr{\""u}ger",2014
Full list of identified primitives.,Manipulator Primitives,Object Interaction,control gripper,Orsula2022LearningTG,Learning to Grasp on the Moon from 3D Octree Observations with Deep Reinforcement Learning,Andrej Orsula and Simon Boegh and Miguel Angel Olivares-Mendez and Carol Mart{\'i}nez,2022
Full list of identified primitives.,Manipulator Primitives,Object Interaction,control gripper,Pohl2024MAkEableMA,MAkEable: Memory-centered and Affordance-based Task Execution Framework for Transferable Mobile Manipulation Skills,Christoph Pohl and Fabian Reister and Fabian Peller-Konrad and Tamim Asfour,2024
Full list of identified primitives.,Manipulator Primitives,Object Interaction,control gripper,Groth2013MultitaskingOC,Multi-tasking of competing behaviors on a robot manipulator,Christian Groth and Dominik Henrich,2013
Full list of identified primitives.,Manipulator Primitives,Object Interaction,control gripper,Toner2024PRFAP,PRF: A Program Reuse Framework for Automated Programming by Learning from Existing Robot Programs,Tyler Toner and Dawn M. Tilbury and Kira Barton,2024
Full list of identified primitives.,Manipulator Primitives,Object Interaction,control gripper,Zhao2025ReactiveWL,Reactive Whole-body Locomotion-integrated Manipulation Based on Combined Learning and Optimization,Jianzhuang Zhao and Tao Teng and Elena De Momi and Arash Ajoudani,2025
Full list of identified primitives.,Manipulator Primitives,Object Interaction,control gripper,Huang2023SkillTA,Skill Transformer: A Monolithic Policy for Mobile Manipulation,Xiaoyu Huang and Dhruv Batra and Akshara Rai and Andrew Szot,2023
Full list of identified primitives.,Manipulator Primitives,Object Interaction,control gripper,Diab2020SkillMaNA,SkillMaN - A skill-based robotic manipulation framework based on perception and reasoning,Mohammed Diab and Mihai Pomarlan and Daniel Be{\ss}ler and Akbari Aliakbar and Jan Rosell and John A. Bateman and Michael Beetz,2020
Full list of identified primitives.,Manipulator Primitives,Object Interaction,control gripper,Schwarz2018TeamNA,Team NimbRo at MBZIRC 2017: Autonomous valve stem turning using a wrench,"Max Schwarz and David Droeschel and Christian Lenz and Arul Selvam Periyasamy and En Yen Puang and Jan Razlaw and Diego Rodriguez and Sebastian Sch{\""u}ller and Michael Schreiber and Sven Behnke",2018
Full list of identified primitives.,Manipulator Primitives,Object Interaction,control gripper,Thakar2018TowardsTT,Towards Time-Optimal Trajectory Planning for Pick-and-Transport Operation with a Mobile Manipulator,Shantanu Thakar and Liwei Fang and Brual C. Shah and Satyandra K. Gupta,2018
Full list of identified primitives.,Manipulator Primitives,Object Interaction,control gripper,Nagatani1996DesigningSA,Designing strategy and implementation of mobile manipulator control system for opening door,Keiji Nagatani and Shin'ichi Yuta,1996
Full list of identified primitives.,Manipulator Primitives,Object Interaction,control gripper,Nagatani1996DooropeningBO,Door-opening behavior of an autonomous mobile manipulator by sequence of action primitives,Keiji Nagatani and Shin'ichi Yuta,1996
Full list of identified primitives.,Manipulator Primitives,Object Interaction,control gripper,Choi2009HandIO,Hand it over or set it down: A user study of object delivery with an assistive mobile manipulator,Young Sang Choi and Tiffany L. Chen and Advait Jain and Cressel D. Anderson and Jonathan D. Glass and Charles C. Kemp,2009
Full list of identified primitives.,Manipulator Primitives,Object Interaction,control gripper,Zsoldos2025TowardsRL,Towards robotic Laboratory Automation Plug \& Play: LAPP reference implementation with the TIAGo mobile manipulator.,Panna Zsoldos and {\'A}d{\'a}m Wolf and K{\'a}roly Sz{\'e}ll and P{\'e}ter Galambos,2025
Full list of identified primitives.,Manipulator Primitives,Object Interaction,control gripper,Knobbe2022CorePI,Core Processes in Intelligent Robotic Lab Assistants: Flexible Liquid Handling,Dennis Knobbe and Henning Zwirnmann and Moritz Eckhoff and Sami Haddadin,2022
Full list of identified primitives.,Manipulator Primitives,Object Interaction,control gripper,Akkaladevi2024TowardsAB,Towards a Behavior Tree Based Robotic Skill Execution Framework for Human Robot Collaboration in Industrial Assembly,Sharath Chandra Akkaladevi and Matthias Propst and Kapil Deshpande and Michael Hofmann and Andreas Pichler,2024
Full list of identified primitives.,Manipulator Primitives,Object Interaction,control gripper,Confente2025SkinMachineIW,Skin-Machine Interface with Multimodal Contact Motion Classifier,Alberto Confente and Takanori Jin and Taisuke Kobayashi and Julio Rogelio Guadarrama-Olvera and Gordon Cheng,2025
Full list of identified primitives.,Manipulator Primitives,Object Interaction,control gripper,Lopes2026CARGOAM,CARGO: A Mobile Manipulator Solution for Container Unloading,Maria S. Lopes and Artur Cordeiro and Ricardo B. Sousa and Jos{\'e} Alberto Beça and Pedro Costa and Jo{\~a}o Pedro Carvalho de Souza and Manuel F. Silva,2026
Full list of identified primitives.,Manipulator Primitives,Object Interaction,control gripper,Wu2024InTW,In the Wild Ungraspable Object Picking with Bimanual Nonprehensile Manipulation,Albert Wu and Dan Kruse,2024
Full list of identified primitives.,Manipulator Primitives,Object Interaction,control gripper,Williams2012ARA,"A reasoning architecture for human-robot joint tasks using physics-,social-, and capability-based logic",Kenton Williams and Cynthia Lynn Breazeal,2012
Full list of identified primitives.,Manipulator Primitives,Object Interaction,control gripper,Shan2026DockAnywhereDV,DockAnywhere: Data-Efficient Visuomotor Policy Learning for Mobile Manipulation via Novel Demonstration Generation,Ziyu Shan and Yuheng Zhou and Gaoyuan Wu and Zihe Ji and Zhenyu Wu and Ziwei Wang,2026
Full list of identified primitives.,Manipulator Primitives,Object Interaction,control gripper,Shi2021MaximizingTU,Maximizing the Use of Environmental Constraints: A Pushing-Based Hybrid Position/Force Assembly Skill for Contact-Rich Tasks,"Yunlei Shi and Zhaopeng Chen and Lin Cong and Yansong Wu and Martin Craiu-M{\""""u}ller and Chengjie Yuan and Chunyang Chang and Lei Zhang and Jianwei Zhang",2021
Full list of identified primitives.,Manipulator Primitives,Object Interaction,control gripper,Zhang2025AgentWorldAI,AgentWorld: An Interactive Simulation Platform for Scene Construction and Mobile Robotic Manipulation,Yizheng Zhang and Zhenjun Yu and Jiaxin Lai and Cewu Lu and Lei Han,2025
Full list of identified primitives.,Manipulator Primitives,Object Interaction,pull,Huang2013BehaviorB,Behavior-based Task Learning by Demonstration for Mobile Manipulators,"Shu Huang and Erwin Aertbeli{\""e}n and Herman Bruyninckx and Hendrik Van Brussel",2013
Full list of identified primitives.,Manipulator Primitives,Object Interaction,pull,Schmalstieg2023LearningHI,Learning Hierarchical Interactive Multi-Object Search for Mobile Manipulation,F Schmalstieg and Daniel Honerkamp and Tim Welschehold and Abhinav Valada,2023
Full list of identified primitives.,Manipulator Primitives,Object Interaction,pull,Shi2012MobileRA,Mobile Robotic Assembly on a Moving Vehicle,Jane Shi and Bradley Hamner and Reid G. Simmons and Sanjiv Singh,2012
Full list of identified primitives.,Manipulator Primitives,Object Interaction,pull,Lim2008MultipleHC,Multiple humanoid cooperative control system for heterogeneous humanoid team,Heonyoung Lim and Yeonsik Kang and Joong-Jae Lee and Jongwon Kim and Bum-Jae You,2008
Full list of identified primitives.,Manipulator Primitives,Object Interaction,pull,Diab2020SkillMaNA,SkillMaN - A skill-based robotic manipulation framework based on perception and reasoning,Mohammed Diab and Mihai Pomarlan and Daniel Be{\ss}ler and Akbari Aliakbar and Jan Rosell and John A. Bateman and Michael Beetz,2020
Full list of identified primitives.,Manipulator Primitives,Object Interaction,pull,Huang2008ACB,A Constraint-Based Behavior Fusion Mechanism on Mobile Manipulator,Shu Huang and E. Aertbelien and Hendrik Van Brussel,2008
Full list of identified primitives.,Manipulator Primitives,Object Interaction,pull,Petersson1999AHC,A hybrid control architecture for mobile manipulation,Lars Petersson and Magnus Egerstedt and Henrik I. Christensen,1999
Full list of identified primitives.,Manipulator Primitives,Object Interaction,pull,Knobbe2022CorePI,Core Processes in Intelligent Robotic Lab Assistants: Flexible Liquid Handling,Dennis Knobbe and Henning Zwirnmann and Moritz Eckhoff and Sami Haddadin,2022
Full list of identified primitives.,Manipulator Primitives,Object Interaction,pull,Zhang2025AgentWorldAI,AgentWorld: An Interactive Simulation Platform for Scene Construction and Mobile Robotic Manipulation,Yizheng Zhang and Zhenjun Yu and Jiaxin Lai and Cewu Lu and Lei Han,2025
Full list of identified primitives.,Manipulator Primitives,Object Interaction,push,Weser2009AutonomousPF,Autonomous planning for mobile manipulation services based on multi-level robot skills,Martin Weser and Jianwei Zhang,2009
Full list of identified primitives.,Manipulator Primitives,Object Interaction,push,Li2022BEHAVIOR1KAB,"BEHAVIOR-1K: A Benchmark for Embodied AI with 1, 000 Everyday Activities and Realistic Simulation",Chengshu Li and Ruohan Zhang and Josiah Wong and Cem Gokmen and Sanjana Srivastava and Roberto Mart{\'i}n-Mart{\'i}n and Chen Wang and Gabrael Levine and Michael Lingelbach and Jiankai Sun and Mona Anvari and Minjune Hwang and Manasi Sharma and Arman Aydin and Dhruva Bansal and Samuel Hunter and Kyu-Young Kim and Alan Lou and Caleb R. Matthews and Ivan Villa-Renteria and Jerry Huayang Tang and Claire Tang and Fei Xia and Silvio Savarese and Hyowon Gweon and C. Karen Liu and Jiajun Wu and Li Fei-Fei,2022
Full list of identified primitives.,Manipulator Primitives,Object Interaction,push,Schmalstieg2023LearningHI,Learning Hierarchical Interactive Multi-Object Search for Mobile Manipulation,F Schmalstieg and Daniel Honerkamp and Tim Welschehold and Abhinav Valada,2023
Full list of identified primitives.,Manipulator Primitives,Object Interaction,push,Shi2012MobileRA,Mobile Robotic Assembly on a Moving Vehicle,Jane Shi and Bradley Hamner and Reid G. Simmons and Sanjiv Singh,2012
Full list of identified primitives.,Manipulator Primitives,Object Interaction,push,Lim2008MultipleHC,Multiple humanoid cooperative control system for heterogeneous humanoid team,Heonyoung Lim and Yeonsik Kang and Joong-Jae Lee and Jongwon Kim and Bum-Jae You,2008
Full list of identified primitives.,Manipulator Primitives,Object Interaction,push,Huang2008ACB,A Constraint-Based Behavior Fusion Mechanism on Mobile Manipulator,Shu Huang and E. Aertbelien and Hendrik Van Brussel,2008
Full list of identified primitives.,Manipulator Primitives,Object Interaction,push,Kotecha2024AHM,"A Hierarchical Manipulation Planning Framework Combining Striking, Pushing, and Pick \& Place Motion Primitives",Prakrut Kotecha and Pritish Sinha and Nagamanikandan Govindan,2024
Full list of identified primitives.,Manipulator Primitives,Object Interaction,push,Watanabe2024ImprovingRS,Improving Robot Skills by Integrating Task and Motion Planning with Learning from Demonstration,Shin Watanabe and Geir Horn and Jim T{\o}rresen and Kai Olav Ellefsen,2024
Full list of identified primitives.,Manipulator Primitives,Object Interaction,push,Gupta2025PreciseMM,Precise Mobile Manipulation of Small Everyday Objects,Arjun Gupta and Rishik Sathua and Saurabh Gupta,2025
Full list of identified primitives.,Manipulator Primitives,Object Interaction,push,Wu2024InTW,In the Wild Ungraspable Object Picking with Bimanual Nonprehensile Manipulation,Albert Wu and Dan Kruse,2024
Full list of identified primitives.,Manipulator Primitives,Object Interaction,push,Caro2025PushSN,"Push Smarter, Not Harder: Hierarchical RL-Diffusion Policy for Efficient Nonprehensile Manipulation",Steven Caro and Stephen L. Smith,2025
Full list of identified primitives.,Manipulator Primitives,Object Interaction,push,Williams2012ARA,"A reasoning architecture for human-robot joint tasks using physics-,social-, and capability-based logic",Kenton Williams and Cynthia Lynn Breazeal,2012
Full list of identified primitives.,Manipulator Primitives,Object Interaction,push,Shi2021MaximizingTU,Maximizing the Use of Environmental Constraints: A Pushing-Based Hybrid Position/Force Assembly Skill for Contact-Rich Tasks,"Yunlei Shi and Zhaopeng Chen and Lin Cong and Yansong Wu and Martin Craiu-M{\""""u}ller and Chengjie Yuan and Chunyang Chang and Lei Zhang and Jianwei Zhang",2021
Full list of identified primitives.,Manipulator Primitives,Object Interaction,push,Watanabe2025IntegratingBP,Integrating Bilevel Planning and Offline Skill Learning for Enhancing Mobile Manipulation,Shin Watanabe and Geir Horn and Jim T{\o}rresen and Kai Olav Ellefsen,2025
Full list of identified primitives.,Manipulator Primitives,Object Interaction,push,Zhang2025AgentWorldAI,AgentWorld: An Interactive Simulation Platform for Scene Construction and Mobile Robotic Manipulation,Yizheng Zhang and Zhenjun Yu and Jiaxin Lai and Cewu Lu and Lei Han,2025
Full list of identified primitives.,Manipulator Primitives,Object Interaction,touch,Orsula2022LearningTG,Learning to Grasp on the Moon from 3D Octree Observations with Deep Reinforcement Learning,Andrej Orsula and Simon Boegh and Miguel Angel Olivares-Mendez and Carol Mart{\'i}nez,2022
Full list of identified primitives.,Manipulator Primitives,Object Interaction,touch,Gller2024APB,A Programming by Demonstration Approach for Robotic Manipulation with Model Predictive Interaction Control,"Tim G{\""""o}ller and Andreas V{\""""o}lz and Knut Graichen",2024
Full list of identified primitives.,Manipulator Primitives,Object Interaction,touch,Fu2024MobileAL,Mobile ALOHA: Learning Bimanual Mobile Manipulation with Low-Cost Whole-Body Teleoperation,Zipeng Fu and Tony Zhao and Chelsea Finn,2024
Full list of identified primitives.,Manipulator Primitives,Object Interaction,dip,Li2022BEHAVIOR1KAB,"BEHAVIOR-1K: A Benchmark for Embodied AI with 1, 000 Everyday Activities and Realistic Simulation",Chengshu Li and Ruohan Zhang and Josiah Wong and Cem Gokmen and Sanjana Srivastava and Roberto Mart{\'i}n-Mart{\'i}n and Chen Wang and Gabrael Levine and Michael Lingelbach and Jiankai Sun and Mona Anvari and Minjune Hwang and Manasi Sharma and Arman Aydin and Dhruva Bansal and Samuel Hunter and Kyu-Young Kim and Alan Lou and Caleb R. Matthews and Ivan Villa-Renteria and Jerry Huayang Tang and Claire Tang and Fei Xia and Silvio Savarese and Hyowon Gweon and C. Karen Liu and Jiajun Wu and Li Fei-Fei,2022
Full list of identified primitives.,Manipulator Primitives,Object Interaction,dip,Knobbe2022CorePI,Core Processes in Intelligent Robotic Lab Assistants: Flexible Liquid Handling,Dennis Knobbe and Henning Zwirnmann and Moritz Eckhoff and Sami Haddadin,2022
Full list of identified primitives.,Manipulator Primitives,Control Mode,sensor based motion,Tsay2018BehavioristicIP,Behavioristic image-based pose control of mobile manipulators using an uncalibrated eye-in-hand vision system,T. I. James Tsay and Pei-Jiun Hung,2018
Full list of identified primitives.,Manipulator Primitives,Control Mode,sensor based motion,Shi2012MobileRA,Mobile Robotic Assembly on a Moving Vehicle,Jane Shi and Bradley Hamner and Reid G. Simmons and Sanjiv Singh,2012
Full list of identified primitives.,Manipulator Primitives,Control Mode,sensor based motion,Deng2017ReinforcementLO,Reinforcement learning of dual-arm cooperation for a mobile manipulator with sequences of dynamical movement primitives,Mingdi Deng and Yingbai Hu and Zhijun Li,2017
Full list of identified primitives.,Manipulator Primitives,Control Mode,sensor based motion,Li2017ReinforcementLO,Reinforcement Learning of Manipulation and Grasping Using Dynamical Movement Primitives for a Humanoidlike Mobile Manipulator,Zhijun Li and Ting Zhao and Fei Chen and Yingbai Hu and Chun‐Yi Su and Toshio Fukuda,2017
Full list of identified primitives.,Manipulator Primitives,Control Mode,sensor based motion,Peng2024RevolutionizingBD,Revolutionizing Battery Disassembly: The Design and Implementation of a Battery Disassembly Autonomous Mobile Manipulator Robot(BEAM-1),Yanlong Peng and Zhigang Wang and Yisheng Zhang and Shengmin Zhang and Nan Cai and Fan Wu and Ming Chen,2024
Full list of identified primitives.,Manipulator Primitives,Control Mode,sensor based motion,Wasik2002AFB,A fuzzy behavior-based control system for manipulation,Zbigniew Wasik and Alessandro Saffiotti,2002
Full list of identified primitives.,Manipulator Primitives,Control Mode,sensor based motion,Petersson1999AHC,A hybrid control architecture for mobile manipulation,Lars Petersson and Magnus Egerstedt and Henrik I. Christensen,1999
Full list of identified primitives.,Manipulator Primitives,Control Mode,sensor based motion,MacKenzie1996BehaviorbasedMM,Behavior-based mobile manipulation for drum sampling,Douglas C. MacKenzie and Ronald C. Arkin,1996
Full list of identified primitives.,Manipulator Primitives,Control Mode,sensor based motion,Beetz2011GeneralityAL,Generality and Legibility in Mobile Manipulation Learning Skills for Routine Tasks,Michael Beetz and Freek Stulp and Piotr Esden-Tempski and Andreas Fedrizzi and Ulrich Klank and Ingo Kresse and Alexis Maldonado and Federico Ruiz,2011
Full list of identified primitives.,Manipulator Primitives,Control Mode,teleoperation blending,Maeda2022BlendingPP,Blending Primitive Policies in Shared Control for Assisted Teleoperation,Guilherme J. Maeda,2022
Full list of identified primitives.,Manipulator Primitives,Constraint & Compliance,move arm with force sensitivity,Forster2020AutomaticEO,Automatic extension of a symbolic mobile manipulation skill set,Julian Forster and Lionel Ott and Juan I. Nieto and Roland Y. Siegwart and Jen Jen Chung,2020
Full list of identified primitives.,Manipulator Primitives,Constraint & Compliance,move arm with force sensitivity,Huang2013BehaviorB,Behavior-based Task Learning by Demonstration for Mobile Manipulators,"Shu Huang and Erwin Aertbeli{\""e}n and Herman Bruyninckx and Hendrik Van Brussel",2013
Full list of identified primitives.,Manipulator Primitives,Constraint & Compliance,move arm with force sensitivity,Youngquist2022EvaluatingSA,Evaluating Sensorimotor Abstraction on Curricula for Learning Mobile Manipulation Skills,Oscar Youngquist and Alenna Spiro and Khoshrav Doctor and Roderic A. Grupen,2022
Full list of identified primitives.,Manipulator Primitives,Constraint & Compliance,move arm with force sensitivity,Pohl2024MAkEableMA,MAkEable: Memory-centered and Affordance-based Task Execution Framework for Transferable Mobile Manipulation Skills,Christoph Pohl and Fabian Reister and Fabian Peller-Konrad and Tamim Asfour,2024
Full list of identified primitives.,Manipulator Primitives,Constraint & Compliance,move arm with force sensitivity,Li2019ManipulationSA,Manipulation Skill Acquisition for Robotic Assembly using Deep Reinforcement Learning,Fengming Li and Qi Jiang and Wei Quan and Rui Song and Yibin Li,2019
Full list of identified primitives.,Manipulator Primitives,Constraint & Compliance,move arm with force sensitivity,Beetz2016OpenRR,Open robotics research using web-based knowledge services,Michael Beetz and Daniel Be{\ss}ler and Jan Oliver Winkler and Jan-Hendrik Worch and Ferenc B{\'a}lint-Bencz{\'e}di and Georg Bartels and Aude G Billard and Asil Kaan Bozcuoğlu and Zhou Fang and Nadia Figueroa and Andrei Haidu and Hagen Langer and Alexis Maldonado and Ana Lucia Pais and Moritz Tenorth and Thiemo Wiedemeyer,2016
Full list of identified primitives.,Manipulator Primitives,Constraint & Compliance,move arm with force sensitivity,Karumanchi2017TeamRS,Team RoboSimian: Semi‐autonomous Mobile Manipulation at the 2015 DARPA Robotics Challenge Finals,Sisir Karumanchi and Kyle Edelberg and Ian A. Baldwin and Jeremy Nash and Jason I. Reid and Charles F. Bergh and John Leichty and Kalind C. Carpenter and Matthew Shekels and Matthew Gildner and David Newill-Smith and Jason Carlton and John Koehler and Tatyana Dobreva and Matthew A. Frost and Paul Hebert and James Borders and Jeremy Ma and Bertrand Douillard and Paul G. Backes and Brett Kennedy and Brian W. Satzinger and Chelsea Lau and Katie Byl and Krishnan Shankar and Joel W. Burdick,2017
Full list of identified primitives.,Manipulator Primitives,Constraint & Compliance,move arm with force sensitivity,Huang2008ACB,A Constraint-Based Behavior Fusion Mechanism on Mobile Manipulator,Shu Huang and E. Aertbelien and Hendrik Van Brussel,2008
Full list of identified primitives.,Manipulator Primitives,Constraint & Compliance,move arm with force sensitivity,Waarsing2001IntroducingRI,Introducing robots into a human-centred environment: the behaviour-based approach,Ren{\'e} Waarsing and Marnix Nuttin and Hendrik Van Brussel,2001
Full list of identified primitives.,Manipulator Primitives,Constraint & Compliance,move arm with force sensitivity,Kotecha2024AHM,"A Hierarchical Manipulation Planning Framework Combining Striking, Pushing, and Pick \& Place Motion Primitives",Prakrut Kotecha and Pritish Sinha and Nagamanikandan Govindan,2024
Full list of identified primitives.,Manipulator Primitives,Constraint & Compliance,move arm with force sensitivity,Gller2024APB,A Programming by Demonstration Approach for Robotic Manipulation with Model Predictive Interaction Control,"Tim G{\""""o}ller and Andreas V{\""""o}lz and Knut Graichen",2024
Full list of identified primitives.,Manipulator Primitives,Constraint & Compliance,move arm with force sensitivity,Knobbe2022CorePI,Core Processes in Intelligent Robotic Lab Assistants: Flexible Liquid Handling,Dennis Knobbe and Henning Zwirnmann and Moritz Eckhoff and Sami Haddadin,2022
Full list of identified primitives.,Manipulator Primitives,Constraint & Compliance,move arm with force sensitivity,Guo2025AdaptiveSC,Adaptive Stiffness Control for Series Elastic Actuators in Robotic Systems Using Dynamic Systems,Kunlin Guo and Zhenyu Lu and Zhiwei Tan,2025
Full list of identified primitives.,Manipulator Primitives,Constraint & Compliance,rotate EE until constraint,Koch2017ASR,A Skill-based Robot Co-worker for Industrial Maintenance Tasks,Paul Koch and Marike K. van den Broek and Patrycja Dębska and Moritz Alexander Thormann and Adrian Johannes Tetzlaff and Simon B{\o}gh and Dimitrios Chrysostomou,2017
Full list of identified primitives.,Manipulator Primitives,Constraint & Compliance,rotate EE until constraint,Knobbe2022CorePI,Core Processes in Intelligent Robotic Lab Assistants: Flexible Liquid Handling,Dennis Knobbe and Henning Zwirnmann and Moritz Eckhoff and Sami Haddadin,2022
Full list of identified primitives.,Manipulator Primitives,Learned Motion,learned EE trajectory tracking,Zhao2025ACL,A combined learning and optimization framework to transfer human whole-body loco-manipulation skills to mobile manipulators,Jianzhuang Zhao and Francesco Tassi and Yanlong Huang and Elena De Momi and Arash Ajoudani,2025
Full list of identified primitives.,Manipulator Primitives,Learned Motion,learned EE trajectory tracking,Ning2023InverseKA,Inverse kinematics and planning/control co-design method of redundant manipulator for precision operation: Design and experiments,Yuming Ning and Tuanjie Li and Wenqian Du and Cong Yao and Yan Zhang and Ji Ming Shao,2023
Full list of identified primitives.,Manipulator Primitives,Learned Motion,learned EE trajectory tracking,Gmez2012KinestheticTV,Kinesthetic teaching via Fast Marching Square,Javier V. G{\'o}mez and David {\'A}lvarez and Santiago Garrido and Luis E. Moreno,2012
Full list of identified primitives.,Manipulator Primitives,Learned Motion,learned EE trajectory tracking,Niekum2012LearningAG,Learning and generalization of complex tasks from unstructured demonstrations,Scott Niekum and Sarah Osentoski and George Dimitri Konidaris and Andrew G. Barto,2012
Full list of identified primitives.,Manipulator Primitives,Learned Motion,learned EE trajectory tracking,Deng2017ReinforcementLO,Reinforcement learning of dual-arm cooperation for a mobile manipulator with sequences of dynamical movement primitives,Mingdi Deng and Yingbai Hu and Zhijun Li,2017
Full list of identified primitives.,Manipulator Primitives,Learned Motion,learned EE trajectory tracking,Li2017ReinforcementLO,Reinforcement Learning of Manipulation and Grasping Using Dynamical Movement Primitives for a Humanoidlike Mobile Manipulator,Zhijun Li and Ting Zhao and Fei Chen and Yingbai Hu and Chun‐Yi Su and Toshio Fukuda,2017
Full list of identified primitives.,Manipulator Primitives,Learned Motion,learned EE trajectory tracking,Short2019SAILSA,SAIL: Simulation-Informed Active In-the-Wild Learning,Elaine Schaertl Short and Adam Allevato and Andrea Lockerd Thomaz,2019
Full list of identified primitives.,Manipulator Primitives,Learned Motion,learned EE trajectory tracking,Kiyokawa2025SelfSupervisedLO,Self-Supervised Learning of Grasping Arbitrary Objects On-the-Move,Takuya Kiyokawa and Eiki Nagata and Yoshihisa Tsurumine and Yuhwan Kwon and Takamitsu Matsubara,2025
Full list of identified primitives.,Manipulator Primitives,Learned Motion,learned EE trajectory tracking,Yang2023LearnTC,Learn to Coordinate: a Whole-Body Learning from Demonstration Framework for Differential Drive Mobile Manipulators,Yuqiang Yang and Darong Huang and Chen Chen and Chao Zeng and Yanong He and Chenguang Yang,2023
Full list of identified primitives.,Manipulator Primitives,Learned Motion,learned EE trajectory tracking,Kim2022LearningAG,Learning and Generalizing Cooperative Manipulation Skills Using Parametric Dynamic Movement Primitives,Hyoin Kim and Changsuk Oh and Inkyu Jang and Sungyong Park and Hoseong Seo and H. Jin Kim,2022
Full list of identified primitives.,Manipulator Primitives,Learned Motion,learned EE trajectory tracking,Carvalho2025ParameterFreeSO,Parameter-Free Segmentation of Robot Movements With Cross-Correlation Using Different Similarity Metrics,Wendy Carvalho and Meriem Elkoudi and Brendan Hertel and Reza Azadeh,2025
Full list of identified primitives.,Manipulator Primitives,Learned Motion,learned EE trajectory tracking,Caro2025PushSN,"Push Smarter, Not Harder: Hierarchical RL-Diffusion Policy for Efficient Nonprehensile Manipulation",Steven Caro and Stephen L. Smith,2025
Full list of identified primitives.,Manipulator Primitives,Learned Motion,tool-specific motion primitive,Stckler2014AdaptiveTS,Adaptive tool-use strategies for anthropomorphic service robots,"J. St{\""u}ckler and Sven Behnke",2014
Full list of identified primitives.,Manipulator Primitives,Learned Motion,tool-specific motion primitive,Yamazaki2012HomeAssistantRF,Home-Assistant Robot for an Aging Society,Kimitoshi Yamazaki and Ryohei Ueda and Shunichi Nozawa and Mitsuharu Kojima and Kei Okada and Kiyoshi Matsumoto and Masaru Ishikawa and Isao Shimoyama and Masayuki Inaba,2012
Full list of identified primitives.,Mobile Base Primitives,General Motions,direction motion primitive,Gray2013ASP,"A single planner for a composite task of approaching, opening and navigating through non-spring and spring-loaded doors",Steven Gray and Sachin Chitta and Vijay R. Kumar and Maxim Likhachev,2013
Full list of identified primitives.,Mobile Base Primitives,General Motions,direction motion primitive,Donald2024AnAF,An Adaptive Framework for Manipulator Skill Reproduction in Dynamic Environments,Ryan Donald and Brendan Hertel and Stephen Misenti and Yan Gu and Reza Azadeh,2024
Full list of identified primitives.,Mobile Base Primitives,General Motions,direction motion primitive,Huang2013BehaviorB,Behavior-based Task Learning by Demonstration for Mobile Manipulators,"Shu Huang and Erwin Aertbeli{\""e}n and Herman Bruyninckx and Hendrik Van Brussel",2013
Full list of identified primitives.,Mobile Base Primitives,General Motions,direction motion primitive,Scholz2011CartPW,Cart pushing with a mobile manipulation system: Towards navigation with moveable objects,Jonathan Scholz and Sachin Chitta and Bhaskara Marthi and Maxim Likhachev,2011
Full list of identified primitives.,Mobile Base Primitives,General Motions,direction motion primitive,Singh2013CoordinatingMM,Coordinating mobile manipulator's motion to produce stable trajectories on uneven terrain based on feasible acceleration count,Arun Kumar Singh and K. Madhava Krishna,2013
Full list of identified primitives.,Mobile Base Primitives,General Motions,direction motion primitive,Laaksonen2010EmbodimentIM,Embodiment independent manipulation through action abstraction,Janne Laaksonen and Javier Felip and Antonio Morales and Ville Kyrki,2010
Full list of identified primitives.,Mobile Base Primitives,General Motions,direction motion primitive,Yamazaki2012HomeAssistantRF,Home-Assistant Robot for an Aging Society,Kimitoshi Yamazaki and Ryohei Ueda and Shunichi Nozawa and Mitsuharu Kojima and Kei Okada and Kiyoshi Matsumoto and Masaru Ishikawa and Isao Shimoyama and Masayuki Inaba,2012
Full list of identified primitives.,Mobile Base Primitives,General Motions,direction motion primitive,Ding2022IntelligentAF,Intelligent assistance for older adults via an admittance-controlled wheeled mobile manipulator with task-dependent end-effectors,Liang Ding and Hongjun Xing and Ali Reza Torabi and Javad K. Mehr and Mojtaba Sharifi and Haibo Gao and Vivian K. Mushahwar and Mahdi Tavakoli,2022
Full list of identified primitives.,Mobile Base Primitives,General Motions,direction motion primitive,Pedersen2014IntuitiveSP,Intuitive skill-level programming of industrial handling tasks on a mobile manipulator,"Mikkel Rath Pedersen and Dennis Herzog and Volker Kr{\""u}ger",2014
Full list of identified primitives.,Mobile Base Primitives,General Motions,direction motion primitive,Settimi2016MotionPB,Motion primitive based random planning for loco-manipulation tasks,Alessandro Settimi and Danilo Caporale and Przemyslaw Kryczka and Mirko Ferrati and Lucia Pallottino,2016
Full list of identified primitives.,Mobile Base Primitives,General Motions,direction motion primitive,Bouachari2018ObjectPC,Object Pre-Grasp Configuration of a Robot Articulated Hand in a Virtual Environment,A. Bouachari and Jean-François Breth{\'e} and Angela Haddad,2018
Full list of identified primitives.,Mobile Base Primitives,General Motions,direction motion primitive,Stuckler2012RoboCupHomeDE,RoboCup@Home: Demonstrating Everyday Manipulation Skills in RoboCup@Home,J. P. Stuckler and Dirk Holz and Sven Behnke,2012
Full list of identified primitives.,Mobile Base Primitives,General Motions,direction motion primitive,Huang2023SkillTA,Skill Transformer: A Monolithic Policy for Mobile Manipulation,Xiaoyu Huang and Dhruv Batra and Akshara Rai and Andrew Szot,2023
Full list of identified primitives.,Mobile Base Primitives,General Motions,direction motion primitive,Schwarz2018TeamNA,Team NimbRo at MBZIRC 2017: Autonomous valve stem turning using a wrench,"Max Schwarz and David Droeschel and Christian Lenz and Arul Selvam Periyasamy and En Yen Puang and Jan Razlaw and Diego Rodriguez and Sebastian Sch{\""u}ller and Michael Schreiber and Sven Behnke",2018
Full list of identified primitives.,Mobile Base Primitives,General Motions,direction motion primitive,Karumanchi2017TeamRS,Team RoboSimian: Semi‐autonomous Mobile Manipulation at the 2015 DARPA Robotics Challenge Finals,Sisir Karumanchi and Kyle Edelberg and Ian A. Baldwin and Jeremy Nash and Jason I. Reid and Charles F. Bergh and John Leichty and Kalind C. Carpenter and Matthew Shekels and Matthew Gildner and David Newill-Smith and Jason Carlton and John Koehler and Tatyana Dobreva and Matthew A. Frost and Paul Hebert and James Borders and Jeremy Ma and Bertrand Douillard and Paul G. Backes and Brett Kennedy and Brian W. Satzinger and Chelsea Lau and Katie Byl and Krishnan Shankar and Joel W. Burdick,2017
Full list of identified primitives.,Mobile Base Primitives,General Motions,direction motion primitive,Finean2021WhereSI,Where Should I Look? Optimised Gaze Control for Whole-Body Collision Avoidance in Dynamic Environments,Mark Nicholas Finean and Wolfgang Xaver Merkt and Ioannis Havoutis,2021
Full list of identified primitives.,Mobile Base Primitives,General Motions,direction motion primitive,Chang2006ABB,A behavior based nonlinear multi‐agent framework using a hybrid approach,Chih-Fu Chang and Li-Chen Fu,2006
Full list of identified primitives.,Mobile Base Primitives,General Motions,direction motion primitive,Huang2008ACB,A Constraint-Based Behavior Fusion Mechanism on Mobile Manipulator,Shu Huang and E. Aertbelien and Hendrik Van Brussel,2008
Full list of identified primitives.,Mobile Base Primitives,General Motions,direction motion primitive,Stroupe2005BehaviorbasedMC,Behavior-based multi-robot collaboration for autonomous construction tasks,Ashley W. Stroupe and Terrance L. Huntsberger and Avi Okon and Hrand Aghazarian and Matthew L. Robinson,2005
Full list of identified primitives.,Mobile Base Primitives,General Motions,direction motion primitive,Sequeira2000BehaviourbasedCB,Behaviour-based cooperation between two mobile manipulators,Jo{\~a}o Silva Sequeira and M. Isabel Ribeiro,2000
Full list of identified primitives.,Mobile Base Primitives,General Motions,direction motion primitive,Aarno2008MotionIR,Motion intention recognition in robot assisted applications,Daniel Aarno and Danica Kragic,2008
Full list of identified primitives.,Mobile Base Primitives,General Motions,direction motion primitive,Pimentel2002OnTD,On the development of cooperative behavior-based mobile manipulators,Bruno Santos Pimentel and Guilherme A. S. Pereira and Mario Fernando Montenegro Campos,2002
Full list of identified primitives.,Mobile Base Primitives,General Motions,direction motion primitive,Knobbe2022CorePI,Core Processes in Intelligent Robotic Lab Assistants: Flexible Liquid Handling,Dennis Knobbe and Henning Zwirnmann and Moritz Eckhoff and Sami Haddadin,2022
Full list of identified primitives.,Mobile Base Primitives,General Motions,direction motion primitive,Watanabe2024ImprovingRS,Improving Robot Skills by Integrating Task and Motion Planning with Learning from Demonstration,Shin Watanabe and Geir Horn and Jim T{\o}rresen and Kai Olav Ellefsen,2024
Full list of identified primitives.,Mobile Base Primitives,General Motions,direction motion primitive,Confente2025SkinMachineIW,Skin-Machine Interface with Multimodal Contact Motion Classifier,Alberto Confente and Takanori Jin and Taisuke Kobayashi and Julio Rogelio Guadarrama-Olvera and Gordon Cheng,2025
Full list of identified primitives.,Mobile Base Primitives,General Motions,direction motion primitive,engelbracht2024spotlightroboticsceneunderstanding,SpotLight: Robotic Scene Understanding through Interaction and Affordance Detection,Tim Engelbracht and René Zurbrügg and Marc Pollefeys and Hermann Blum and Zuria Bauer,2024
Full list of identified primitives.,Mobile Base Primitives,General Motions,direction motion primitive,Lopes2026CARGOAM,CARGO: A Mobile Manipulator Solution for Container Unloading,Maria S. Lopes and Artur Cordeiro and Ricardo B. Sousa and Jos{\'e} Alberto Beça and Pedro Costa and Jo{\~a}o Pedro Carvalho de Souza and Manuel F. Silva,2026
Full list of identified primitives.,Mobile Base Primitives,General Motions,direction motion primitive,Lee2025LearningCL,Learning Category-Level Last-Meter Navigation From RGB Demonstrations of a Single-Instance,Tzu-Hsien Lee and Fidan Mahmudova and Karthik Desingh,2025
Full list of identified primitives.,Mobile Base Primitives,General Motions,direction motion primitive,Gupta2025PreciseMM,Precise Mobile Manipulation of Small Everyday Objects,Arjun Gupta and Rishik Sathua and Saurabh Gupta,2025
Full list of identified primitives.,Mobile Base Primitives,General Motions,direction motion primitive,Bertoncelli2020LinearTM,Linear Time-Varying MPC for Nonprehensile Object Manipulation with a Nonholonomic Mobile Robot,Filippo Bertoncelli and Fabio Ruggiero and Lorenzo Sabattini,2020
Full list of identified primitives.,Mobile Base Primitives,General Motions,direction motion primitive,Xiao2025AutonomousBC,Autonomous Behavior Control for Quadruped Robots with Arms Based on MultiModal Large Language Model,Shijun Xiao and Xinyuan Shi and Teng Chen and Yifan Zhang and Xuewen Rong and Jian Meng,2025
Full list of identified primitives.,Mobile Base Primitives,General Motions,direction motion primitive,Williams2012ARA,"A reasoning architecture for human-robot joint tasks using physics-,social-, and capability-based logic",Kenton Williams and Cynthia Lynn Breazeal,2012
Full list of identified primitives.,Mobile Base Primitives,General Motions,direction motion primitive,Dadiotis2025DynamicOG,Dynamic Object Goal Pushing with Mobile Manipulators Through Model-Free Constrained Reinforcement Learning,Ioannis Dadiotis and Mayank Mittal and Nikolaos G. Tsagarakis and Marco Hutter,2025
Full list of identified primitives.,Mobile Base Primitives,General Motions,direction motion primitive,Shan2026DockAnywhereDV,DockAnywhere: Data-Efficient Visuomotor Policy Learning for Mobile Manipulation via Novel Demonstration Generation,Ziyu Shan and Yuheng Zhou and Gaoyuan Wu and Zihe Ji and Zhenyu Wu and Ziwei Wang,2026
Full list of identified primitives.,Mobile Base Primitives,General Motions,direction motion primitive,Mounsif2020BAMBA,BAM! Base Abstracted Modeling with Universal Notice Network: Fast Skill Transfer Between Mobile Manipulators,Mehdi Mounsif and S{\'e}bastien Lengagne and Beno{\^i}t Thuilot and Lounis Adouane,2020
Full list of identified primitives.,Mobile Base Primitives,General Motions,direction motion primitive,Watanabe2025IntegratingBP,Integrating Bilevel Planning and Offline Skill Learning for Enhancing Mobile Manipulation,Shin Watanabe and Geir Horn and Jim T{\o}rresen and Kai Olav Ellefsen,2025
Full list of identified primitives.,Mobile Base Primitives,General Motions,direction motion primitive,Zhang2025AgentWorldAI,AgentWorld: An Interactive Simulation Platform for Scene Construction and Mobile Robotic Manipulation,Yizheng Zhang and Zhenjun Yu and Jiaxin Lai and Cewu Lu and Lei Han,2025
Full list of identified primitives.,Mobile Base Primitives,General Motions,path following,Arrais2019ApplicationOT,Application of the Open Scalable Production System to Machine Tending of Additive Manufacturing Operations by a Mobile Manipulator,Rafael Arrais and Germano M. Veiga and Tiago Trindade Ribeiro and Daniel Oliveira and Ramon O. Fernandes and Andr{\'e} Gustavo Scolari Conceiç{\~a}o and Paulo C. M. A. Farias,2019
Full list of identified primitives.,Mobile Base Primitives,General Motions,path following,Forster2020AutomaticEO,Automatic extension of a symbolic mobile manipulation skill set,Julian Forster and Lionel Ott and Juan I. Nieto and Roland Y. Siegwart and Jen Jen Chung,2020
Full list of identified primitives.,Mobile Base Primitives,General Motions,path following,Youngquist2022EvaluatingSA,Evaluating Sensorimotor Abstraction on Curricula for Learning Mobile Manipulation Skills,Oscar Youngquist and Alenna Spiro and Khoshrav Doctor and Roderic A. Grupen,2022
Full list of identified primitives.,Mobile Base Primitives,General Motions,path following,Tsay2010MaterialHO,Material handling of a mobile manipulator using an eye-in-hand vision system,T. I. James Tsay and Ying-Feng Lai and Yi-Lin Hsiao,2010
Full list of identified primitives.,Mobile Base Primitives,General Motions,path following,Zsoldos2025TowardsRL,Towards robotic Laboratory Automation Plug \& Play: LAPP reference implementation with the TIAGo mobile manipulator.,Panna Zsoldos and {\'A}d{\'a}m Wolf and K{\'a}roly Sz{\'e}ll and P{\'e}ter Galambos,2025
Full list of identified primitives.,Mobile Base Primitives,Perception-conditioned Motion,perception conditioned path following,Arrais2019ApplicationOT,Application of the Open Scalable Production System to Machine Tending of Additive Manufacturing Operations by a Mobile Manipulator,Rafael Arrais and Germano M. Veiga and Tiago Trindade Ribeiro and Daniel Oliveira and Ramon O. Fernandes and Andr{\'e} Gustavo Scolari Conceiç{\~a}o and Paulo C. M. A. Farias,2019
Full list of identified primitives.,Mobile Base Primitives,Perception-conditioned Motion,perception conditioned path following,Andersen2017IntegrationOA,Integration of a Skill-based Collaborative Mobile Robot in a Smart Cyber-physical Environment,Rasmus Eckholdt Andersen and Emil Blixt Hansen and David \v{C}ern{\'y} and Steffen Madsen and Biranavan Pulendralingam and Simon B{\o}gh and Dimitrios Chrysostomou,2017
Full list of identified primitives.,Mobile Base Primitives,Perception-conditioned Motion,perception conditioned path following,Waarsing2001IntroducingRI,Introducing robots into a human-centred environment: the behaviour-based approach,Ren{\'e} Waarsing and Marnix Nuttin and Hendrik Van Brussel,2001
Full list of identified primitives.,Mobile Base Primitives,Perception-conditioned Motion,obstacle avoidance,Forster2020AutomaticEO,Automatic extension of a symbolic mobile manipulation skill set,Julian Forster and Lionel Ott and Juan I. Nieto and Roland Y. Siegwart and Jen Jen Chung,2020
Full list of identified primitives.,Mobile Base Primitives,Perception-conditioned Motion,obstacle avoidance,Bruemmer2010BehaviorBC,"Behavior based control of robotic payloads for detection, neutralization, and interrogation of explosive hazards",David J. Bruemmer and Curtis W. Nielsen and Ross Hartley and J. Green,2010
Full list of identified primitives.,Mobile Base Primitives,Perception-conditioned Motion,obstacle avoidance,Sayyaadi2014ControlON,Control of Nonholonomic mobile Manipulators for Cooperative Object Transportation,Hassan Sayyaadi and Mohammad Hossein Babaee,2014
Full list of identified primitives.,Mobile Base Primitives,Perception-conditioned Motion,obstacle avoidance,Stckler2013IncreasingFO,Increasing Flexibility of Mobile Manipulation and Intuitive Human-Robot Interaction in RoboCup@Home,"J. St{\""u}ckler and David Droeschel and Kathrin Gr{\""a}ve and Dirk Holz and Michael Schreiber and Angeliki Topalidou-Kyniazopoulou and Max Schwarz and Sven Behnke",2013
Full list of identified primitives.,Mobile Base Primitives,Perception-conditioned Motion,obstacle avoidance,Stckler2009IntegratingIM,"Integrating indoor mobility, object manipulation, and intuitive interaction for domestic service tasks","J. St{\""u}ckler and Sven Behnke",2009
Full list of identified primitives.,Mobile Base Primitives,Perception-conditioned Motion,obstacle avoidance,Tsay2010MaterialHO,Material handling of a mobile manipulator using an eye-in-hand vision system,T. I. James Tsay and Ying-Feng Lai and Yi-Lin Hsiao,2010
Full list of identified primitives.,Mobile Base Primitives,Perception-conditioned Motion,obstacle avoidance,Lee2018PlanningAC,Planning and Control for Collision-Free Cooperative Aerial Transportation,Hyeonbeom Lee and Hyoin Kim and H. Jin Kim,2018
Full list of identified primitives.,Mobile Base Primitives,Perception-conditioned Motion,obstacle avoidance,Lin2010ResearchOO,Research on ODMM Obstacle Avoidance Fuzzy Navigation Based on Ultrasonic-Absolute-Positioning,Jiang Lin and Li Baiyan and Chen Xinyuan and Zhao Hui and Zhao Jie and Yan Jihong,2010
Full list of identified primitives.,Mobile Base Primitives,Perception-conditioned Motion,obstacle avoidance,Hentout2008MultiagentAM,Multi-agent Architecture Model for Driving Mobile Manipulator Robots,Abdelfetah Hentout and Brahim Bouzouia and Zakaria Toukal,2008
Full list of identified primitives.,Mobile Base Primitives,Perception-conditioned Motion,obstacle avoidance,Chang2006ABB,A behavior based nonlinear multi‐agent framework using a hybrid approach,Chih-Fu Chang and Li-Chen Fu,2006
Full list of identified primitives.,Mobile Base Primitives,Perception-conditioned Motion,obstacle avoidance,Chang2006AnalysisOA,Analysis of a Behavior Based Nonholonomic Wheeled Mobile Robot Control With Hybrid System Approach,Chih-Fu Chang and Li-Chen Fu,2006
Full list of identified primitives.,Mobile Base Primitives,Perception-conditioned Motion,obstacle avoidance,MacKenzie1996BehaviorbasedMM,Behavior-based mobile manipulation for drum sampling,Douglas C. MacKenzie and Ronald C. Arkin,1996
Full list of identified primitives.,Mobile Base Primitives,Perception-conditioned Motion,obstacle avoidance,Hentout2007BehaviourbasedAF,Behaviour-based Architecture for Piloting Mobile Manipulator Robots,Abdelfetah Hentout and Brahim Bouzouia and Zakaria Toukal,2007
Full list of identified primitives.,Mobile Base Primitives,Perception-conditioned Motion,obstacle avoidance,Sequeira2000BehaviourbasedCB,Behaviour-based cooperation between two mobile manipulators,Jo{\~a}o Silva Sequeira and M. Isabel Ribeiro,2000
Full list of identified primitives.,Mobile Base Primitives,Perception-conditioned Motion,obstacle avoidance,Nagatani1996DesigningSA,Designing strategy and implementation of mobile manipulator control system for opening door,Keiji Nagatani and Shin'ichi Yuta,1996
Full list of identified primitives.,Mobile Base Primitives,Perception-conditioned Motion,obstacle avoidance,Nagatani1996DooropeningBO,Door-opening behavior of an autonomous mobile manipulator by sequence of action primitives,Keiji Nagatani and Shin'ichi Yuta,1996
Full list of identified primitives.,Mobile Base Primitives,Perception-conditioned Motion,obstacle avoidance,Andrian2005EmbeddedCI,Embedded CMOS imaging system for real-time robotic vision,Henry Andrian and Kai‐Tai Song,2005
Full list of identified primitives.,Mobile Base Primitives,Perception-conditioned Motion,obstacle avoidance,Waarsing2001IntroducingRI,Introducing robots into a human-centred environment: the behaviour-based approach,Ren{\'e} Waarsing and Marnix Nuttin and Hendrik Van Brussel,2001
Full list of identified primitives.,Mobile Base Primitives,Perception-conditioned Motion,obstacle avoidance,Pimentel2002OnTD,On the development of cooperative behavior-based mobile manipulators,Bruno Santos Pimentel and Guilherme A. S. Pereira and Mario Fernando Montenegro Campos,2002
Full list of identified primitives.,Mobile Base Primitives,Perception-conditioned Motion,obstacle avoidance,Qin2022LearningFH,Learning From Human Demonstrations for Wheel Mobile Manipulator: An Unscented Model Predictive Control Approach,Dongdong Qin and Andong Liu and Jianming Xu and Wen-an Zhang and Li Yu,2022
Full list of identified primitives.,Mobile Base Primitives,Adapting Motion,reactive stabilization motion,Mitrevski2019LucyTT,"""Lucy, Take the Noodle Box!"": Domestic Object Manipulation Using Movement Primitives and Whole Body Motion","Alex Mitrevski and Abhishek Padalkar and Minh-Chinh Nguyen and Paul-Gerhard Pl{\""""o}ger",2019
Full list of identified primitives.,Mobile Base Primitives,Adapting Motion,reactive stabilization motion,Huang2013BehaviorB,Behavior-based Task Learning by Demonstration for Mobile Manipulators,"Shu Huang and Erwin Aertbeli{\""e}n and Herman Bruyninckx and Hendrik Van Brussel",2013
Full list of identified primitives.,Mobile Base Primitives,Adapting Motion,reactive stabilization motion,Schwarz2016HybridDL,Hybrid driving-stepping locomotion with the wheeled-legged robot Momaro,Max Schwarz and Tobias Rodehutskors and Michael Schreiber and Sven Behnke,2016
Full list of identified primitives.,Mobile Base Primitives,Adapting Motion,reactive stabilization motion,Klamt2018SupervisedAL,Supervised Autonomous Locomotion and Manipulation for Disaster Response with a Centaur-Like Robot,Tobias Klamt and Diego Rodriguez and Max Schwarz and Christian Lenz and Dmytro Pavlichenko and David Droeschel and Sven Behnke,2018
Full list of identified primitives.,Mobile Base Primitives,Adapting Motion,reactive stabilization motion,Thakar2018TowardsTT,Towards Time-Optimal Trajectory Planning for Pick-and-Transport Operation with a Mobile Manipulator,Shantanu Thakar and Liwei Fang and Brual C. Shah and Satyandra K. Gupta,2018
Full list of identified primitives.,Mobile Base Primitives,Adapting Motion,maintain distance,Lee2018PlanningAC,Planning and Control for Collision-Free Cooperative Aerial Transportation,Hyeonbeom Lee and Hyoin Kim and H. Jin Kim,2018
Full list of identified primitives.,Mobile Base Primitives,Adapting Motion,maintain distance,Nagatani1996DesigningSA,Designing strategy and implementation of mobile manipulator control system for opening door,Keiji Nagatani and Shin'ichi Yuta,1996
Full list of identified primitives.,Mobile Base Primitives,Adapting Motion,maintain distance,Nagatani1996DooropeningBO,Door-opening behavior of an autonomous mobile manipulator by sequence of action primitives,Keiji Nagatani and Shin'ichi Yuta,1996
Full list of identified primitives.,Mobile Base Primitives,Adapting Motion,stepping,Schwarz2016HybridDL,Hybrid driving-stepping locomotion with the wheeled-legged robot Momaro,Max Schwarz and Tobias Rodehutskors and Michael Schreiber and Sven Behnke,2016
Full list of identified primitives.,Mobile Base Primitives,Adapting Motion,stepping,Klamt2018SupervisedAL,Supervised Autonomous Locomotion and Manipulation for Disaster Response with a Centaur-Like Robot,Tobias Klamt and Diego Rodriguez and Max Schwarz and Christian Lenz and Dmytro Pavlichenko and David Droeschel and Sven Behnke,2018
Full list of identified primitives.,Mobile Base Primitives,Control Mode,teleoperation blending,Maeda2022BlendingPP,Blending Primitive Policies in Shared Control for Assisted Teleoperation,Guilherme J. Maeda,2022
Full list of identified primitives.,Mobile Base Primitives,Control Mode,teleoperation blending,Klamt2018SupervisedAL,Supervised Autonomous Locomotion and Manipulation for Disaster Response with a Centaur-Like Robot,Tobias Klamt and Diego Rodriguez and Max Schwarz and Christian Lenz and Dmytro Pavlichenko and David Droeschel and Sven Behnke,2018
Full list of identified primitives.,Mobile Base Primitives,Learned Motion,learned trajectory tracking,Zhao2025ACL,A combined learning and optimization framework to transfer human whole-body loco-manipulation skills to mobile manipulators,Jianzhuang Zhao and Francesco Tassi and Yanlong Huang and Elena De Momi and Arash Ajoudani,2025
Full list of identified primitives.,Mobile Base Primitives,Learned Motion,learned trajectory tracking,Schmalstieg2023LearningHI,Learning Hierarchical Interactive Multi-Object Search for Mobile Manipulation,F Schmalstieg and Daniel Honerkamp and Tim Welschehold and Abhinav Valada,2023
Full list of identified primitives.,Mobile Base Primitives,Learned Motion,learned trajectory tracking,Zhao2025ReactiveWL,Reactive Whole-body Locomotion-integrated Manipulation Based on Combined Learning and Optimization,Jianzhuang Zhao and Tao Teng and Elena De Momi and Arash Ajoudani,2025
Full list of identified primitives.,Mobile Base Primitives,Learned Motion,learned trajectory tracking,Deng2017ReinforcementLO,Reinforcement learning of dual-arm cooperation for a mobile manipulator with sequences of dynamical movement primitives,Mingdi Deng and Yingbai Hu and Zhijun Li,2017
Full list of identified primitives.,Mobile Base Primitives,Learned Motion,learned trajectory tracking,Li2017ReinforcementLO,Reinforcement Learning of Manipulation and Grasping Using Dynamical Movement Primitives for a Humanoidlike Mobile Manipulator,Zhijun Li and Ting Zhao and Fei Chen and Yingbai Hu and Chun‐Yi Su and Toshio Fukuda,2017
Full list of identified primitives.,Mobile Base Primitives,Learned Motion,learned trajectory tracking,Kiyokawa2025SelfSupervisedLO,Self-Supervised Learning of Grasping Arbitrary Objects On-the-Move,Takuya Kiyokawa and Eiki Nagata and Yoshihisa Tsurumine and Yuhwan Kwon and Takamitsu Matsubara,2025
Full list of identified primitives.,Mobile Base Primitives,Learned Motion,learned trajectory tracking,Qin2022LearningFH,Learning From Human Demonstrations for Wheel Mobile Manipulator: An Unscented Model Predictive Control Approach,Dongdong Qin and Andong Liu and Jianming Xu and Wen-an Zhang and Li Yu,2022
Full list of identified primitives.,Perception Primitives,Scene and Object Perception,detect target,Weser2009AutonomousPF,Autonomous planning for mobile manipulation services based on multi-level robot skills,Martin Weser and Jianwei Zhang,2009
Full list of identified primitives.,Perception Primitives,Scene and Object Perception,detect target,Frasca2020GoingCA,Going Cognitive: A Demonstration of the Utility of Task-General Cognitive Architectures for Adaptive Robotic Task Performance,Tyler M. Frasca and Zhao Han and Holly A. Yanco and matthias. scheutz,2020
Full list of identified primitives.,Perception Primitives,Scene and Object Perception,detect target,Stckler2013IncreasingFO,Increasing Flexibility of Mobile Manipulation and Intuitive Human-Robot Interaction in RoboCup@Home,"J. St{\""u}ckler and David Droeschel and Kathrin Gr{\""a}ve and Dirk Holz and Michael Schreiber and Angeliki Topalidou-Kyniazopoulou and Max Schwarz and Sven Behnke",2013
Full list of identified primitives.,Perception Primitives,Scene and Object Perception,detect target,Stckler2009IntegratingIM,"Integrating indoor mobility, object manipulation, and intuitive interaction for domestic service tasks","J. St{\""u}ckler and Sven Behnke",2009
Full list of identified primitives.,Perception Primitives,Scene and Object Perception,detect target,Kenney2009InteractiveSF,Interactive segmentation for manipulation in unstructured environments,Jacqueline Kenney and Thomas Buckley and Oliver Brock,2009
Full list of identified primitives.,Perception Primitives,Scene and Object Perception,detect target,Pedersen2014IntuitiveSP,Intuitive skill-level programming of industrial handling tasks on a mobile manipulator,"Mikkel Rath Pedersen and Dennis Herzog and Volker Kr{\""u}ger",2014
Full list of identified primitives.,Perception Primitives,Scene and Object Perception,detect target,Pohl2024MAkEableMA,MAkEable: Memory-centered and Affordance-based Task Execution Framework for Transferable Mobile Manipulation Skills,Christoph Pohl and Fabian Reister and Fabian Peller-Konrad and Tamim Asfour,2024
Full list of identified primitives.,Perception Primitives,Scene and Object Perception,detect target,Li2019ManipulationSA,Manipulation Skill Acquisition for Robotic Assembly using Deep Reinforcement Learning,Fengming Li and Qi Jiang and Wei Quan and Rui Song and Yibin Li,2019
Full list of identified primitives.,Perception Primitives,Scene and Object Perception,detect target,Shi2012MobileRA,Mobile Robotic Assembly on a Moving Vehicle,Jane Shi and Bradley Hamner and Reid G. Simmons and Sanjiv Singh,2012
Full list of identified primitives.,Perception Primitives,Scene and Object Perception,detect target,Partovi2017ReactiveIM,Reactive Integrated Mission and Motion Planning for Mobile Robotic Manipulators,Alireza Partovi and Rafael Rodrigues da Silva and Hai Lin,2017
Full list of identified primitives.,Perception Primitives,Scene and Object Perception,detect target,Deng2017ReinforcementLO,Reinforcement learning of dual-arm cooperation for a mobile manipulator with sequences of dynamical movement primitives,Mingdi Deng and Yingbai Hu and Zhijun Li,2017
Full list of identified primitives.,Perception Primitives,Scene and Object Perception,detect target,Li2017ReinforcementLO,Reinforcement Learning of Manipulation and Grasping Using Dynamical Movement Primitives for a Humanoidlike Mobile Manipulator,Zhijun Li and Ting Zhao and Fei Chen and Yingbai Hu and Chun‐Yi Su and Toshio Fukuda,2017
Full list of identified primitives.,Perception Primitives,Scene and Object Perception,detect target,Peng2024RevolutionizingBD,Revolutionizing Battery Disassembly: The Design and Implementation of a Battery Disassembly Autonomous Mobile Manipulator Robot(BEAM-1),Yanlong Peng and Zhigang Wang and Yisheng Zhang and Shengmin Zhang and Nan Cai and Fan Wu and Ming Chen,2024
Full list of identified primitives.,Perception Primitives,Scene and Object Perception,detect target,Lim2008MultipleHC,Multiple humanoid cooperative control system for heterogeneous humanoid team,Heonyoung Lim and Yeonsik Kang and Joong-Jae Lee and Jongwon Kim and Bum-Jae You,2008
Full list of identified primitives.,Perception Primitives,Scene and Object Perception,detect target,Kiyokawa2025SelfSupervisedLO,Self-Supervised Learning of Grasping Arbitrary Objects On-the-Move,Takuya Kiyokawa and Eiki Nagata and Yoshihisa Tsurumine and Yuhwan Kwon and Takamitsu Matsubara,2025
Full list of identified primitives.,Perception Primitives,Scene and Object Perception,detect target,Lim2019SkillbasedAA,"Skill-based anytime agent architecture for European Robotics Challenges in realistic environments: EuRoC Challenge 2, Stage II - realistic labs",Gi Hyun Lim and Eurico Farinha Pedrosa and Filipe Amaral and Artur Pereira and Nuno Lau and Jos{\'e} Lu{\'i}s Azevedo and Bernardo Cunha and Simone Badini,2019
Full list of identified primitives.,Perception Primitives,Scene and Object Perception,detect target,Amaral2017SkillbasedAA,"Skill-based anytime agent architecture for logistics and manipulation tasks: EuRoC Challenge 2, Stage II - Realistic Labs: Benchmarking",Filipe Amaral and Eurico Farinha Pedrosa and Gi Hyun Lim and Nima Shafii and Artur Pereira and Jos{\'e} Lu{\'i}s Azevedo and Bernardo Cunha and Luis Paulo Reis and Simone Badini and Nuno Lau,2017
Full list of identified primitives.,Perception Primitives,Scene and Object Perception,detect target,Chang2006ABB,A behavior based nonlinear multi‐agent framework using a hybrid approach,Chih-Fu Chang and Li-Chen Fu,2006
Full list of identified primitives.,Perception Primitives,Scene and Object Perception,detect target,MacKenzie1996BehaviorbasedMM,Behavior-based mobile manipulation for drum sampling,Douglas C. MacKenzie and Ronald C. Arkin,1996
Full list of identified primitives.,Perception Primitives,Scene and Object Perception,detect target,Choi2009HandIO,Hand it over or set it down: A user study of object delivery with an assistive mobile manipulator,Young Sang Choi and Tiffany L. Chen and Advait Jain and Cressel D. Anderson and Jonathan D. Glass and Charles C. Kemp,2009
Full list of identified primitives.,Perception Primitives,Scene and Object Perception,detect target,Nagatani2000MotionDF,"Motion design for autonomous mobile manipulator based on programming style ""action primitive""",Keiji Nagatani and Yutaka Tanaka,2000
Full list of identified primitives.,Perception Primitives,Scene and Object Perception,detect target,Beetz2011GeneralityAL,Generality and Legibility in Mobile Manipulation Learning Skills for Routine Tasks,Michael Beetz and Freek Stulp and Piotr Esden-Tempski and Andreas Fedrizzi and Ulrich Klank and Ingo Kresse and Alexis Maldonado and Federico Ruiz,2011
Full list of identified primitives.,Perception Primitives,Scene and Object Perception,detect target,Yang2026VisionLanguageActionME,Vision-Language-Action Model-Based Event-Triggered Admittance Control of a Mobile Manipulator for Power Substation Live-Maintaining,Yuwei Yang and Zhijun Li and Zongjie Hu,2026
Full list of identified primitives.,Perception Primitives,Scene and Object Perception,detect target,Lee2023DevelopmentAV,Development and Validation of Reconfigurable Autonomous Mobile Manipulator for Flexible Manufacturing Process,Ok Hwa Lee and Doyoung Kim and Yujin Kim and Won-Gun Kim and Seungwon Lee and Dong Yeop Kim and Young-Ouk Kim and Keunhwan Kim,2023
Full list of identified primitives.,Perception Primitives,Scene and Object Perception,detect target,Akkaladevi2024TowardsAB,Towards a Behavior Tree Based Robotic Skill Execution Framework for Human Robot Collaboration in Industrial Assembly,Sharath Chandra Akkaladevi and Matthias Propst and Kapil Deshpande and Michael Hofmann and Andreas Pichler,2024
Full list of identified primitives.,Perception Primitives,Scene and Object Perception,detect target,engelbracht2024spotlightroboticsceneunderstanding,SpotLight: Robotic Scene Understanding through Interaction and Affordance Detection,Tim Engelbracht and René Zurbrügg and Marc Pollefeys and Hermann Blum and Zuria Bauer,2024
Full list of identified primitives.,Perception Primitives,Scene and Object Perception,detect target,Lopes2026CARGOAM,CARGO: A Mobile Manipulator Solution for Container Unloading,Maria S. Lopes and Artur Cordeiro and Ricardo B. Sousa and Jos{\'e} Alberto Beça and Pedro Costa and Jo{\~a}o Pedro Carvalho de Souza and Manuel F. Silva,2026
Full list of identified primitives.,Perception Primitives,Scene and Object Perception,detect target,Gupta2025PreciseMM,Precise Mobile Manipulation of Small Everyday Objects,Arjun Gupta and Rishik Sathua and Saurabh Gupta,2025
Full list of identified primitives.,Perception Primitives,Scene and Object Perception,detect target,Xiao2025AutonomousBC,Autonomous Behavior Control for Quadruped Robots with Arms Based on MultiModal Large Language Model,Shijun Xiao and Xinyuan Shi and Teng Chen and Yifan Zhang and Xuewen Rong and Jian Meng,2025
Full list of identified primitives.,Perception Primitives,Scene and Object Perception,detect target,Williams2012ARA,"A reasoning architecture for human-robot joint tasks using physics-,social-, and capability-based logic",Kenton Williams and Cynthia Lynn Breazeal,2012
Full list of identified primitives.,Perception Primitives,Scene and Object Perception,detect target,Fu2024MobileAL,Mobile ALOHA: Learning Bimanual Mobile Manipulation with Low-Cost Whole-Body Teleoperation,Zipeng Fu and Tony Zhao and Chelsea Finn,2024
Full list of identified primitives.,Perception Primitives,Scene and Object Perception,detect target,Yokoyama2023ASCAS,ASC: Adaptive Skill Coordination for Robotic Mobile Manipulation,Naoki Yokoyama and Alexander Clegg and Eric Undersander and Sergio Arnaud and Sehoon Ha and Dhruv Batra and Akshara Rai,2023
Full list of identified primitives.,Perception Primitives,Scene and Object Perception,perceive target,Holz2015ASS,A skill-based system for object perception and manipulation for automating kitting tasks,"Dirk Holz and Angeliki Topalidou-Kyniazopoulou and Francesco Rovida and Mikkel Rath Pedersen and Volker Kr{\""u}ger and Sven Behnke",2015
Full list of identified primitives.,Perception Primitives,Scene and Object Perception,perceive target,Stckler2014AdaptiveTS,Adaptive tool-use strategies for anthropomorphic service robots,"J. St{\""u}ckler and Sven Behnke",2014
Full list of identified primitives.,Perception Primitives,Scene and Object Perception,perceive target,Weser2009AutonomousPF,Autonomous planning for mobile manipulation services based on multi-level robot skills,Martin Weser and Jianwei Zhang,2009
Full list of identified primitives.,Perception Primitives,Scene and Object Perception,perceive target,Bruemmer2010BehaviorBC,"Behavior based control of robotic payloads for detection, neutralization, and interrogation of explosive hazards",David J. Bruemmer and Curtis W. Nielsen and Ross Hartley and J. Green,2010
Full list of identified primitives.,Perception Primitives,Scene and Object Perception,perceive target,Pedersen2015GestureBasedEO,Gesture-Based Extraction of Robot Skill Parameters for Intuitive Robot Programming,"Mikkel Rath Pedersen and Volker Kr{\""u}ger",2015
Full list of identified primitives.,Perception Primitives,Scene and Object Perception,perceive target,Frasca2020GoingCA,Going Cognitive: A Demonstration of the Utility of Task-General Cognitive Architectures for Adaptive Robotic Task Performance,Tyler M. Frasca and Zhao Han and Holly A. Yanco and matthias. scheutz,2020
Full list of identified primitives.,Perception Primitives,Scene and Object Perception,perceive target,Stckler2013IncreasingFO,Increasing Flexibility of Mobile Manipulation and Intuitive Human-Robot Interaction in RoboCup@Home,"J. St{\""u}ckler and David Droeschel and Kathrin Gr{\""a}ve and Dirk Holz and Michael Schreiber and Angeliki Topalidou-Kyniazopoulou and Max Schwarz and Sven Behnke",2013
Full list of identified primitives.,Perception Primitives,Scene and Object Perception,perceive target,Stckler2009IntegratingIM,"Integrating indoor mobility, object manipulation, and intuitive interaction for domestic service tasks","J. St{\""u}ckler and Sven Behnke",2009
Full list of identified primitives.,Perception Primitives,Scene and Object Perception,perceive target,Pedersen2014IntuitiveSP,Intuitive skill-level programming of industrial handling tasks on a mobile manipulator,"Mikkel Rath Pedersen and Dennis Herzog and Volker Kr{\""u}ger",2014
Full list of identified primitives.,Perception Primitives,Scene and Object Perception,perceive target,Tsay2010MaterialHO,Material handling of a mobile manipulator using an eye-in-hand vision system,T. I. James Tsay and Ying-Feng Lai and Yi-Lin Hsiao,2010
Full list of identified primitives.,Perception Primitives,Scene and Object Perception,perceive target,Kostavelis2022RoboticAI,Robotic Assistance in Medication Intake: A Complete Pipeline,"Ioannis Kostavelis and Andreas Kargakos and Evangelos Skartados and Georgia Peleka and Dimitrios Giakoumis and Iason Sarantopoulos and Ioannis Agriomallos and Zoe Doulgeri and Satoshi Endo and Heiko St{\""u}ber and Faris Janjo{\v{s}} and Sandra Hirche and Dimitrios Tzovaras",2022
Full list of identified primitives.,Perception Primitives,Scene and Object Perception,perceive target,Lim2019SkillbasedAA,"Skill-based anytime agent architecture for European Robotics Challenges in realistic environments: EuRoC Challenge 2, Stage II - realistic labs",Gi Hyun Lim and Eurico Farinha Pedrosa and Filipe Amaral and Artur Pereira and Nuno Lau and Jos{\'e} Lu{\'i}s Azevedo and Bernardo Cunha and Simone Badini,2019
Full list of identified primitives.,Perception Primitives,Scene and Object Perception,perceive target,Stroupe2005BehaviorbasedMC,Behavior-based multi-robot collaboration for autonomous construction tasks,Ashley W. Stroupe and Terrance L. Huntsberger and Avi Okon and Hrand Aghazarian and Matthew L. Robinson,2005
Full list of identified primitives.,Perception Primitives,Scene and Object Perception,perceive target,Choi2009HandIO,Hand it over or set it down: A user study of object delivery with an assistive mobile manipulator,Young Sang Choi and Tiffany L. Chen and Advait Jain and Cressel D. Anderson and Jonathan D. Glass and Charles C. Kemp,2009
Full list of identified primitives.,Perception Primitives,Scene and Object Perception,perceive target,Lee2025LearningCL,Learning Category-Level Last-Meter Navigation From RGB Demonstrations of a Single-Instance,Tzu-Hsien Lee and Fidan Mahmudova and Karthik Desingh,2025
Full list of identified primitives.,Perception Primitives,Scene and Object Perception,perceive target,Gupta2025PreciseMM,Precise Mobile Manipulation of Small Everyday Objects,Arjun Gupta and Rishik Sathua and Saurabh Gupta,2025
Full list of identified primitives.,Perception Primitives,Scene and Object Perception,perceive target,Wu2024InTW,In the Wild Ungraspable Object Picking with Bimanual Nonprehensile Manipulation,Albert Wu and Dan Kruse,2024
Full list of identified primitives.,Perception Primitives,Scene and Object Perception,perceive target,Shi2021MaximizingTU,Maximizing the Use of Environmental Constraints: A Pushing-Based Hybrid Position/Force Assembly Skill for Contact-Rich Tasks,"Yunlei Shi and Zhaopeng Chen and Lin Cong and Yansong Wu and Martin Craiu-M{\""""u}ller and Chengjie Yuan and Chunyang Chang and Lei Zhang and Jianwei Zhang",2021
Full list of identified primitives.,Perception Primitives,Scene and Object Perception,perceive workspace,Holz2015ASS,A skill-based system for object perception and manipulation for automating kitting tasks,"Dirk Holz and Angeliki Topalidou-Kyniazopoulou and Francesco Rovida and Mikkel Rath Pedersen and Volker Kr{\""u}ger and Sven Behnke",2015
Full list of identified primitives.,Perception Primitives,Scene and Object Perception,perceive workspace,Yamazaki2012HomeAssistantRF,Home-Assistant Robot for an Aging Society,Kimitoshi Yamazaki and Ryohei Ueda and Shunichi Nozawa and Mitsuharu Kojima and Kei Okada and Kiyoshi Matsumoto and Masaru Ishikawa and Isao Shimoyama and Masayuki Inaba,2012
Full list of identified primitives.,Perception Primitives,Scene and Object Perception,perceive workspace,Schwarz2016HybridDL,Hybrid driving-stepping locomotion with the wheeled-legged robot Momaro,Max Schwarz and Tobias Rodehutskors and Michael Schreiber and Sven Behnke,2016
Full list of identified primitives.,Perception Primitives,Scene and Object Perception,perceive workspace,Pimentel2002OnTD,On the development of cooperative behavior-based mobile manipulators,Bruno Santos Pimentel and Guilherme A. S. Pereira and Mario Fernando Montenegro Campos,2002
Full list of identified primitives.,Perception Primitives,Scene and Object Perception,perceive workspace,Knobbe2022CorePI,Core Processes in Intelligent Robotic Lab Assistants: Flexible Liquid Handling,Dennis Knobbe and Henning Zwirnmann and Moritz Eckhoff and Sami Haddadin,2022
Full list of identified primitives.,Perception Primitives,Scene and Object Perception,detect target motion,Kenney2009InteractiveSF,Interactive segmentation for manipulation in unstructured environments,Jacqueline Kenney and Thomas Buckley and Oliver Brock,2009
Full list of identified primitives.,Perception Primitives,Scene and Object Perception,detect target motion,Lim2019SkillbasedAA,"Skill-based anytime agent architecture for European Robotics Challenges in realistic environments: EuRoC Challenge 2, Stage II - realistic labs",Gi Hyun Lim and Eurico Farinha Pedrosa and Filipe Amaral and Artur Pereira and Nuno Lau and Jos{\'e} Lu{\'i}s Azevedo and Bernardo Cunha and Simone Badini,2019
Full list of identified primitives.,Perception Primitives,Pose Estimation,detect pick pose,Mitrevski2019LucyTT,"""Lucy, Take the Noodle Box!"": Domestic Object Manipulation Using Movement Primitives and Whole Body Motion","Alex Mitrevski and Abhishek Padalkar and Minh-Chinh Nguyen and Paul-Gerhard Pl{\""""o}ger",2019
Full list of identified primitives.,Perception Primitives,Pose Estimation,detect pick pose,Holz2015ASS,A skill-based system for object perception and manipulation for automating kitting tasks,"Dirk Holz and Angeliki Topalidou-Kyniazopoulou and Francesco Rovida and Mikkel Rath Pedersen and Volker Kr{\""u}ger and Sven Behnke",2015
Full list of identified primitives.,Perception Primitives,Pose Estimation,detect pick pose,Stckler2014EfficientDR,Efficient deformable registration of multi-resolution surfel maps for object manipulation skill transfer,"J. St{\""u}ckler and Sven Behnke",2014
Full list of identified primitives.,Perception Primitives,Pose Estimation,detect pick pose,Youngquist2022EvaluatingSA,Evaluating Sensorimotor Abstraction on Curricula for Learning Mobile Manipulation Skills,Oscar Youngquist and Alenna Spiro and Khoshrav Doctor and Roderic A. Grupen,2022
Full list of identified primitives.,Perception Primitives,Pose Estimation,detect pick pose,Toner2024PRFAP,PRF: A Program Reuse Framework for Automated Programming by Learning from Existing Robot Programs,Tyler Toner and Dawn M. Tilbury and Kira Barton,2024
Full list of identified primitives.,Perception Primitives,Pose Estimation,detect pick pose,Andrian2005EmbeddedCI,Embedded CMOS imaging system for real-time robotic vision,Henry Andrian and Kai‐Tai Song,2005
Full list of identified primitives.,Perception Primitives,Pose Estimation,detect pick pose,Gupta2025PreciseMM,Precise Mobile Manipulation of Small Everyday Objects,Arjun Gupta and Rishik Sathua and Saurabh Gupta,2025
Full list of identified primitives.,Perception Primitives,Pose Estimation,detect pick pose,Fu2024MobileAL,Mobile ALOHA: Learning Bimanual Mobile Manipulation with Low-Cost Whole-Body Teleoperation,Zipeng Fu and Tony Zhao and Chelsea Finn,2024
Full list of identified primitives.,Perception Primitives,Pose Estimation,detect place pose,Forster2020AutomaticEO,Automatic extension of a symbolic mobile manipulation skill set,Julian Forster and Lionel Ott and Juan I. Nieto and Roland Y. Siegwart and Jen Jen Chung,2020
Full list of identified primitives.,Perception Primitives,Pose Estimation,detect approach pose,Weser2009AutonomousPF,Autonomous planning for mobile manipulation services based on multi-level robot skills,Martin Weser and Jianwei Zhang,2009
Full list of identified primitives.,Perception Primitives,Pose Estimation,detect approach pose,Lopes2026CARGOAM,CARGO: A Mobile Manipulator Solution for Container Unloading,Maria S. Lopes and Artur Cordeiro and Ricardo B. Sousa and Jos{\'e} Alberto Beça and Pedro Costa and Jo{\~a}o Pedro Carvalho de Souza and Manuel F. Silva,2026
Full list of identified primitives.,Perception Primitives,Pose Estimation,detect approach pose,Lee2025LearningCL,Learning Category-Level Last-Meter Navigation From RGB Demonstrations of a Single-Instance,Tzu-Hsien Lee and Fidan Mahmudova and Karthik Desingh,2025
Full list of identified primitives.,Perception Primitives,Sensor Operation,point sensor on target,Weser2009AutonomousPF,Autonomous planning for mobile manipulation services based on multi-level robot skills,Martin Weser and Jianwei Zhang,2009
Full list of identified primitives.,Perception Primitives,Sensor Operation,point sensor on target,Bruemmer2010BehaviorBC,"Behavior based control of robotic payloads for detection, neutralization, and interrogation of explosive hazards",David J. Bruemmer and Curtis W. Nielsen and Ross Hartley and J. Green,2010
Full list of identified primitives.,Perception Primitives,Sensor Operation,point sensor on target,Youngquist2022EvaluatingSA,Evaluating Sensorimotor Abstraction on Curricula for Learning Mobile Manipulation Skills,Oscar Youngquist and Alenna Spiro and Khoshrav Doctor and Roderic A. Grupen,2022
Full list of identified primitives.,Perception Primitives,Sensor Operation,point sensor on target,Tsay2010MaterialHO,Material handling of a mobile manipulator using an eye-in-hand vision system,T. I. James Tsay and Ying-Feng Lai and Yi-Lin Hsiao,2010
Full list of identified primitives.,Perception Primitives,Sensor Operation,point sensor on target,Hornung2012NavigationIT,Navigation in three-dimensional cluttered environments for mobile manipulation,Armin Hornung and Mike Phillips and Edward Gil Jones and Maren Bennewitz and Maxim Likhachev and Sachin Chitta,2012
Full list of identified primitives.,Perception Primitives,Sensor Operation,point sensor on target,Lim2019SkillbasedAA,"Skill-based anytime agent architecture for European Robotics Challenges in realistic environments: EuRoC Challenge 2, Stage II - realistic labs",Gi Hyun Lim and Eurico Farinha Pedrosa and Filipe Amaral and Artur Pereira and Nuno Lau and Jos{\'e} Lu{\'i}s Azevedo and Bernardo Cunha and Simone Badini,2019
Full list of identified primitives.,Perception Primitives,Sensor Operation,point sensor on target,Finean2021WhereSI,Where Should I Look? Optimised Gaze Control for Whole-Body Collision Avoidance in Dynamic Environments,Mark Nicholas Finean and Wolfgang Xaver Merkt and Ioannis Havoutis,2021
Full list of identified primitives.,Perception Primitives,Sensor Operation,sensor calibration,Bruemmer2010BehaviorBC,"Behavior based control of robotic payloads for detection, neutralization, and interrogation of explosive hazards",David J. Bruemmer and Curtis W. Nielsen and Ross Hartley and J. Green,2010
Full list of identified primitives.,Perception Primitives,Sensor Operation,sensor calibration,Partovi2017ReactiveIM,Reactive Integrated Mission and Motion Planning for Mobile Robotic Manipulators,Alireza Partovi and Rafael Rodrigues da Silva and Hai Lin,2017
Full list of identified primitives.,Perception Primitives,Other Modalities,speech,Stckler2013IncreasingFO,Increasing Flexibility of Mobile Manipulation and Intuitive Human-Robot Interaction in RoboCup@Home,"J. St{\""u}ckler and David Droeschel and Kathrin Gr{\""a}ve and Dirk Holz and Michael Schreiber and Angeliki Topalidou-Kyniazopoulou and Max Schwarz and Sven Behnke",2013
Full list of identified primitives.,Perception Primitives,Other Modalities,speech,Choi2009HandIO,Hand it over or set it down: A user study of object delivery with an assistive mobile manipulator,Young Sang Choi and Tiffany L. Chen and Advait Jain and Cressel D. Anderson and Jonathan D. Glass and Charles C. Kemp,2009
Full list of identified primitives.,Mobile Manipulator Primitives,Coordinated Contact Motions,optimize contact,Rigo2022ContactOF,Contact Optimization for Non-Prehensile Loco-Manipulation via Hierarchical Model Predictive Control,Alberto Rigo and Yiyu Chen and Sandeep K. S. Gupta and Quan Nguyen,2022
Full list of identified primitives.,Mobile Manipulator Primitives,Coordinated Contact Motions,optimize contact,Bertoncelli2020LinearTM,Linear Time-Varying MPC for Nonprehensile Object Manipulation with a Nonholonomic Mobile Robot,Filippo Bertoncelli and Fabio Ruggiero and Lorenzo Sabattini,2020
Full list of identified primitives.,Mobile Manipulator Primitives,Coordinated Contact Motions,optimize contact,Meng2023AerialMS,Aerial Manipulator Systems Gain a New Skill: Achieve Contact-based Landing on a Mobile Platform,Xiangdong Meng and Yuqing He and Haoyang Xi and Jianda Han and Aiguo Song,2023
Full list of identified primitives.,Mobile Manipulator Primitives,Coordinated Contact Motions,contact loco-manipulation,Rigo2022ContactOF,Contact Optimization for Non-Prehensile Loco-Manipulation via Hierarchical Model Predictive Control,Alberto Rigo and Yiyu Chen and Sandeep K. S. Gupta and Quan Nguyen,2022
Full list of identified primitives.,Mobile Manipulator Primitives,Coordinated Contact Motions,contact loco-manipulation,Arm2024PedipulateEM,Pedipulate: Enabling Manipulation Skills using a Quadruped Robot’s Leg,Philip Arm and Mayank Mittal and Hendrik Kolvenbach and Marco Hutter,2024
Full list of identified primitives.,Mobile Manipulator Primitives,Coordinated Contact Motions,contact loco-manipulation,Dadiotis2025DynamicOG,Dynamic Object Goal Pushing with Mobile Manipulators Through Model-Free Constrained Reinforcement Learning,Ioannis Dadiotis and Mayank Mittal and Nikolaos G. Tsagarakis and Marco Hutter,2025
Full list of identified primitives.,Mobile Manipulator Primitives,Coordinated Contact Motions,reachability-conditioned positioning,Jauhri2022RobotLO,Robot Learning of Mobile Manipulation With Reachability Behavior Priors,Snehal Jauhri and Jan Peters and Georgia Chalvatzaki,2022
Full list of identified skills.,Manipulator Skills,Object Manipulation,pick,Mitrevski2019LucyTT,"""Lucy, Take the Noodle Box!"": Domestic Object Manipulation Using Movement Primitives and Whole Body Motion","Alex Mitrevski and Abhishek Padalkar and Minh-Chinh Nguyen and Paul-Gerhard Pl{\""""o}ger",2019
Full list of identified skills.,Manipulator Skills,Object Manipulation,pick,Holz2015ASS,A skill-based system for object perception and manipulation for automating kitting tasks,"Dirk Holz and Angeliki Topalidou-Kyniazopoulou and Francesco Rovida and Mikkel Rath Pedersen and Volker Kr{\""u}ger and Sven Behnke",2015
Full list of identified skills.,Manipulator Skills,Object Manipulation,pick,Stckler2014AdaptiveTS,Adaptive tool-use strategies for anthropomorphic service robots,"J. St{\""u}ckler and Sven Behnke",2014
Full list of identified skills.,Manipulator Skills,Object Manipulation,pick,Arrais2019ApplicationOT,Application of the Open Scalable Production System to Machine Tending of Additive Manufacturing Operations by a Mobile Manipulator,Rafael Arrais and Germano M. Veiga and Tiago Trindade Ribeiro and Daniel Oliveira and Ramon O. Fernandes and Andr{\'e} Gustavo Scolari Conceiç{\~a}o and Paulo C. M. A. Farias,2019
Full list of identified skills.,Manipulator Skills,Object Manipulation,pick,Forster2020AutomaticEO,Automatic extension of a symbolic mobile manipulation skill set,Julian Forster and Lionel Ott and Juan I. Nieto and Roland Y. Siegwart and Jen Jen Chung,2020
Full list of identified skills.,Manipulator Skills,Object Manipulation,pick,Weser2009AutonomousPF,Autonomous planning for mobile manipulation services based on multi-level robot skills,Martin Weser and Jianwei Zhang,2009
Full list of identified skills.,Manipulator Skills,Object Manipulation,pick,Li2022BEHAVIOR1KAB,"BEHAVIOR-1K: A Benchmark for Embodied AI with 1, 000 Everyday Activities and Realistic Simulation",Chengshu Li and Ruohan Zhang and Josiah Wong and Cem Gokmen and Sanjana Srivastava and Roberto Mart{\'i}n-Mart{\'i}n and Chen Wang and Gabrael Levine and Michael Lingelbach and Jiankai Sun and Mona Anvari and Minjune Hwang and Manasi Sharma and Arman Aydin and Dhruva Bansal and Samuel Hunter and Kyu-Young Kim and Alan Lou and Caleb R. Matthews and Ivan Villa-Renteria and Jerry Huayang Tang and Claire Tang and Fei Xia and Silvio Savarese and Hyowon Gweon and C. Karen Liu and Jiajun Wu and Li Fei-Fei,2022
Full list of identified skills.,Manipulator Skills,Object Manipulation,pick,Sayyaadi2014ControlON,Control of Nonholonomic mobile Manipulators for Cooperative Object Transportation,Hassan Sayyaadi and Mohammad Hossein Babaee,2014
Full list of identified skills.,Manipulator Skills,Object Manipulation,pick,Laaksonen2010EmbodimentIM,Embodiment independent manipulation through action abstraction,Janne Laaksonen and Javier Felip and Antonio Morales and Ville Kyrki,2010
Full list of identified skills.,Manipulator Skills,Object Manipulation,pick,Garrett2016FFRobLS,FFRob: Leveraging symbolic planning for efficient task and motion planning,Caelan Reed Garrett and Tomas Lozano-Perez and Leslie Pack Kaelbling,2016
Full list of identified skills.,Manipulator Skills,Object Manipulation,pick,Pedersen2015GestureBasedEO,Gesture-Based Extraction of Robot Skill Parameters for Intuitive Robot Programming,"Mikkel Rath Pedersen and Volker Kr{\""u}ger",2015
Full list of identified skills.,Manipulator Skills,Object Manipulation,pick,Frasca2020GoingCA,Going Cognitive: A Demonstration of the Utility of Task-General Cognitive Architectures for Adaptive Robotic Task Performance,Tyler M. Frasca and Zhao Han and Holly A. Yanco and matthias. scheutz,2020
Full list of identified skills.,Manipulator Skills,Object Manipulation,pick,Yamazaki2012HomeAssistantRF,Home-Assistant Robot for an Aging Society,Kimitoshi Yamazaki and Ryohei Ueda and Shunichi Nozawa and Mitsuharu Kojima and Kei Okada and Kiyoshi Matsumoto and Masaru Ishikawa and Isao Shimoyama and Masayuki Inaba,2012
Full list of identified skills.,Manipulator Skills,Object Manipulation,pick,Stckler2013IncreasingFO,Increasing Flexibility of Mobile Manipulation and Intuitive Human-Robot Interaction in RoboCup@Home,"J. St{\""u}ckler and David Droeschel and Kathrin Gr{\""a}ve and Dirk Holz and Michael Schreiber and Angeliki Topalidou-Kyniazopoulou and Max Schwarz and Sven Behnke",2013
Full list of identified skills.,Manipulator Skills,Object Manipulation,pick,Andersen2017IntegrationOA,Integration of a Skill-based Collaborative Mobile Robot in a Smart Cyber-physical Environment,Rasmus Eckholdt Andersen and Emil Blixt Hansen and David \v{C}ern{\'y} and Steffen Madsen and Biranavan Pulendralingam and Simon B{\o}gh and Dimitrios Chrysostomou,2017
Full list of identified skills.,Manipulator Skills,Object Manipulation,pick,Pedersen2014IntuitiveSP,Intuitive skill-level programming of industrial handling tasks on a mobile manipulator,"Mikkel Rath Pedersen and Dennis Herzog and Volker Kr{\""u}ger",2014
Full list of identified skills.,Manipulator Skills,Object Manipulation,pick,Stulp2009LearningAP,Learning and performing place-based mobile manipulation,Freek Stulp and Andreas Fedrizzi and Michael Beetz,2009
Full list of identified skills.,Manipulator Skills,Object Manipulation,pick,Orsula2022LearningTG,Learning to Grasp on the Moon from 3D Octree Observations with Deep Reinforcement Learning,Andrej Orsula and Simon Boegh and Miguel Angel Olivares-Mendez and Carol Mart{\'i}nez,2022
Full list of identified skills.,Manipulator Skills,Object Manipulation,pick,Pohl2024MAkEableMA,MAkEable: Memory-centered and Affordance-based Task Execution Framework for Transferable Mobile Manipulation Skills,Christoph Pohl and Fabian Reister and Fabian Peller-Konrad and Tamim Asfour,2024
Full list of identified skills.,Manipulator Skills,Object Manipulation,pick,Tsay2010MaterialHO,Material handling of a mobile manipulator using an eye-in-hand vision system,T. I. James Tsay and Ying-Feng Lai and Yi-Lin Hsiao,2010
Full list of identified skills.,Manipulator Skills,Object Manipulation,pick,Bouachari2018ObjectPC,Object Pre-Grasp Configuration of a Robot Articulated Hand in a Virtual Environment,A. Bouachari and Jean-François Breth{\'e} and Angela Haddad,2018
Full list of identified skills.,Manipulator Skills,Object Manipulation,pick,Lee2018PlanningAC,Planning and Control for Collision-Free Cooperative Aerial Transportation,Hyeonbeom Lee and Hyoin Kim and H. Jin Kim,2018
Full list of identified skills.,Manipulator Skills,Object Manipulation,pick,Toner2024PRFAP,PRF: A Program Reuse Framework for Automated Programming by Learning from Existing Robot Programs,Tyler Toner and Dawn M. Tilbury and Kira Barton,2024
Full list of identified skills.,Manipulator Skills,Object Manipulation,pick,Partovi2017ReactiveIM,Reactive Integrated Mission and Motion Planning for Mobile Robotic Manipulators,Alireza Partovi and Rafael Rodrigues da Silva and Hai Lin,2017
Full list of identified skills.,Manipulator Skills,Object Manipulation,pick,Zhao2025ReactiveWL,Reactive Whole-body Locomotion-integrated Manipulation Based on Combined Learning and Optimization,Jianzhuang Zhao and Tao Teng and Elena De Momi and Arash Ajoudani,2025
Full list of identified skills.,Manipulator Skills,Object Manipulation,pick,Deng2017ReinforcementLO,Reinforcement learning of dual-arm cooperation for a mobile manipulator with sequences of dynamical movement primitives,Mingdi Deng and Yingbai Hu and Zhijun Li,2017
Full list of identified skills.,Manipulator Skills,Object Manipulation,pick,Li2017ReinforcementLO,Reinforcement Learning of Manipulation and Grasping Using Dynamical Movement Primitives for a Humanoidlike Mobile Manipulator,Zhijun Li and Ting Zhao and Fei Chen and Yingbai Hu and Chun‐Yi Su and Toshio Fukuda,2017
Full list of identified skills.,Manipulator Skills,Object Manipulation,pick,Peng2024RevolutionizingBD,Revolutionizing Battery Disassembly: The Design and Implementation of a Battery Disassembly Autonomous Mobile Manipulator Robot(BEAM-1),Yanlong Peng and Zhigang Wang and Yisheng Zhang and Shengmin Zhang and Nan Cai and Fan Wu and Ming Chen,2024
Full list of identified skills.,Manipulator Skills,Object Manipulation,pick,Stuckler2012RoboCupHomeDE,RoboCup@Home: Demonstrating Everyday Manipulation Skills in RoboCup@Home,J. P. Stuckler and Dirk Holz and Sven Behnke,2012
Full list of identified skills.,Manipulator Skills,Object Manipulation,pick,Pedersen2016RobotSF,Robot skills for manufacturing: From concept to industrial deployment,"Mikkel Rath Pedersen and Lazaros Nalpantidis and Rasmus S. Andersen and Casper Schou and Simon B{\o}gh and Volker Kr{\""u}ger and Ole Madsen",2016
Full list of identified skills.,Manipulator Skills,Object Manipulation,pick,Short2019SAILSA,SAIL: Simulation-Informed Active In-the-Wild Learning,Elaine Schaertl Short and Adam Allevato and Andrea Lockerd Thomaz,2019
Full list of identified skills.,Manipulator Skills,Object Manipulation,pick,Cohen2012SearchbasedPF,Search-based planning for dual-arm manipulation with upright orientation constraints,Benjamin J. Cohen and Sachin Chitta and Maxim Likhachev,2012
Full list of identified skills.,Manipulator Skills,Object Manipulation,pick,Lim2008MultipleHC,Multiple humanoid cooperative control system for heterogeneous humanoid team,Heonyoung Lim and Yeonsik Kang and Joong-Jae Lee and Jongwon Kim and Bum-Jae You,2008
Full list of identified skills.,Manipulator Skills,Object Manipulation,pick,Kiyokawa2025SelfSupervisedLO,Self-Supervised Learning of Grasping Arbitrary Objects On-the-Move,Takuya Kiyokawa and Eiki Nagata and Yoshihisa Tsurumine and Yuhwan Kwon and Takamitsu Matsubara,2025
Full list of identified skills.,Manipulator Skills,Object Manipulation,pick,Huang2023SkillTA,Skill Transformer: A Monolithic Policy for Mobile Manipulation,Xiaoyu Huang and Dhruv Batra and Akshara Rai and Andrew Szot,2023
Full list of identified skills.,Manipulator Skills,Object Manipulation,pick,Lim2019SkillbasedAA,"Skill-based anytime agent architecture for European Robotics Challenges in realistic environments: EuRoC Challenge 2, Stage II - realistic labs",Gi Hyun Lim and Eurico Farinha Pedrosa and Filipe Amaral and Artur Pereira and Nuno Lau and Jos{\'e} Lu{\'i}s Azevedo and Bernardo Cunha and Simone Badini,2019
Full list of identified skills.,Manipulator Skills,Object Manipulation,pick,Amaral2017SkillbasedAA,"Skill-based anytime agent architecture for logistics and manipulation tasks: EuRoC Challenge 2, Stage II - Realistic Labs: Benchmarking",Filipe Amaral and Eurico Farinha Pedrosa and Gi Hyun Lim and Nima Shafii and Artur Pereira and Jos{\'e} Lu{\'i}s Azevedo and Bernardo Cunha and Luis Paulo Reis and Simone Badini and Nuno Lau,2017
Full list of identified skills.,Manipulator Skills,Object Manipulation,pick,Diab2020SkillMaNA,SkillMaN - A skill-based robotic manipulation framework based on perception and reasoning,Mohammed Diab and Mihai Pomarlan and Daniel Be{\ss}ler and Akbari Aliakbar and Jan Rosell and John A. Bateman and Michael Beetz,2020
Full list of identified skills.,Manipulator Skills,Object Manipulation,pick,Rosen2023SynthesizingNA,Synthesizing Navigation Abstractions for Planning with Portable Manipulation Skills,Eric Rosen and Steven James and Sergio Orozco and Vedant Gupta and Max Merlin and Stefanie Tellex and George Dimitri Konidaris,2023
Full list of identified skills.,Manipulator Skills,Object Manipulation,pick,Thakar2018TowardsTT,Towards Time-Optimal Trajectory Planning for Pick-and-Transport Operation with a Mobile Manipulator,Shantanu Thakar and Liwei Fang and Brual C. Shah and Satyandra K. Gupta,2018
Full list of identified skills.,Manipulator Skills,Object Manipulation,pick,Yang2022VariableIS,Variable Impedance Skill Learning for Contact-Rich Manipulation,"Quantao Yang and Alexander D{\""u}rr and Elin Anna Topp and Johannes Andreas Stork and Todor Stoyanov",2022
Full list of identified skills.,Manipulator Skills,Object Manipulation,pick,Wasik2002AFB,A fuzzy behavior-based control system for manipulation,Zbigniew Wasik and Alessandro Saffiotti,2002
Full list of identified skills.,Manipulator Skills,Object Manipulation,pick,Petersson1999AHC,A hybrid control architecture for mobile manipulation,Lars Petersson and Magnus Egerstedt and Henrik I. Christensen,1999
Full list of identified skills.,Manipulator Skills,Object Manipulation,pick,Stroupe2005BehaviorbasedMC,Behavior-based multi-robot collaboration for autonomous construction tasks,Ashley W. Stroupe and Terrance L. Huntsberger and Avi Okon and Hrand Aghazarian and Matthew L. Robinson,2005
Full list of identified skills.,Manipulator Skills,Object Manipulation,pick,Andrian2005EmbeddedCI,Embedded CMOS imaging system for real-time robotic vision,Henry Andrian and Kai‐Tai Song,2005
Full list of identified skills.,Manipulator Skills,Object Manipulation,pick,Nagatani2000MotionDF,"Motion design for autonomous mobile manipulator based on programming style ""action primitive""",Keiji Nagatani and Yutaka Tanaka,2000
Full list of identified skills.,Manipulator Skills,Object Manipulation,pick,Zsoldos2025TowardsRL,Towards robotic Laboratory Automation Plug \& Play: LAPP reference implementation with the TIAGo mobile manipulator.,Panna Zsoldos and {\'A}d{\'a}m Wolf and K{\'a}roly Sz{\'e}ll and P{\'e}ter Galambos,2025
Full list of identified skills.,Manipulator Skills,Object Manipulation,pick,Jauhri2022RobotLO,Robot Learning of Mobile Manipulation With Reachability Behavior Priors,Snehal Jauhri and Jan Peters and Georgia Chalvatzaki,2022
Full list of identified skills.,Manipulator Skills,Object Manipulation,pick,Yang2026VisionLanguageActionME,Vision-Language-Action Model-Based Event-Triggered Admittance Control of a Mobile Manipulator for Power Substation Live-Maintaining,Yuwei Yang and Zhijun Li and Zongjie Hu,2026
Full list of identified skills.,Manipulator Skills,Object Manipulation,pick,Kotecha2024AHM,"A Hierarchical Manipulation Planning Framework Combining Striking, Pushing, and Pick \& Place Motion Primitives",Prakrut Kotecha and Pritish Sinha and Nagamanikandan Govindan,2024
Full list of identified skills.,Manipulator Skills,Object Manipulation,pick,Lee2023DevelopmentAV,Development and Validation of Reconfigurable Autonomous Mobile Manipulator for Flexible Manufacturing Process,Ok Hwa Lee and Doyoung Kim and Yujin Kim and Won-Gun Kim and Seungwon Lee and Dong Yeop Kim and Young-Ouk Kim and Keunhwan Kim,2023
Full list of identified skills.,Manipulator Skills,Object Manipulation,pick,Watanabe2024ImprovingRS,Improving Robot Skills by Integrating Task and Motion Planning with Learning from Demonstration,Shin Watanabe and Geir Horn and Jim T{\o}rresen and Kai Olav Ellefsen,2024
Full list of identified skills.,Manipulator Skills,Object Manipulation,pick,Kim2022LearningAG,Learning and Generalizing Cooperative Manipulation Skills Using Parametric Dynamic Movement Primitives,Hyoin Kim and Changsuk Oh and Inkyu Jang and Sungyong Park and Hoseong Seo and H. Jin Kim,2022
Full list of identified skills.,Manipulator Skills,Object Manipulation,pick,Akkaladevi2024TowardsAB,Towards a Behavior Tree Based Robotic Skill Execution Framework for Human Robot Collaboration in Industrial Assembly,Sharath Chandra Akkaladevi and Matthias Propst and Kapil Deshpande and Michael Hofmann and Andreas Pichler,2024
Full list of identified skills.,Manipulator Skills,Object Manipulation,pick,Zhao2020CooperativeMF,Cooperative Manipulation for a Mobile Dual-Arm Robot Using Sequences of Dynamic Movement Primitives,Ting Zhao and Mingdi Deng and Zhijun Li and Yingbai Hu,2020
Full list of identified skills.,Manipulator Skills,Object Manipulation,pick,Lopes2026CARGOAM,CARGO: A Mobile Manipulator Solution for Container Unloading,Maria S. Lopes and Artur Cordeiro and Ricardo B. Sousa and Jos{\'e} Alberto Beça and Pedro Costa and Jo{\~a}o Pedro Carvalho de Souza and Manuel F. Silva,2026
Full list of identified skills.,Manipulator Skills,Object Manipulation,pick,Carvalho2025ParameterFreeSO,Parameter-Free Segmentation of Robot Movements With Cross-Correlation Using Different Similarity Metrics,Wendy Carvalho and Meriem Elkoudi and Brendan Hertel and Reza Azadeh,2025
Full list of identified skills.,Manipulator Skills,Object Manipulation,pick,Wu2024InTW,In the Wild Ungraspable Object Picking with Bimanual Nonprehensile Manipulation,Albert Wu and Dan Kruse,2024
Full list of identified skills.,Manipulator Skills,Object Manipulation,pick,Xiao2025AutonomousBC,Autonomous Behavior Control for Quadruped Robots with Arms Based on MultiModal Large Language Model,Shijun Xiao and Xinyuan Shi and Teng Chen and Yifan Zhang and Xuewen Rong and Jian Meng,2025
Full list of identified skills.,Manipulator Skills,Object Manipulation,pick,Zhang2025ARM,A Robotic Manipulation Framework Based on Large Model and Behavior Cloning,Zejia Zhang and Hongliang Lei and Weizhuang Shi and Haoyuan Wang and Qihui Jiang and Wei Luo and Jian Huang,2025
Full list of identified skills.,Manipulator Skills,Object Manipulation,pick,Williams2012ARA,"A reasoning architecture for human-robot joint tasks using physics-,social-, and capability-based logic",Kenton Williams and Cynthia Lynn Breazeal,2012
Full list of identified skills.,Manipulator Skills,Object Manipulation,pick,Shan2026DockAnywhereDV,DockAnywhere: Data-Efficient Visuomotor Policy Learning for Mobile Manipulation via Novel Demonstration Generation,Ziyu Shan and Yuheng Zhou and Gaoyuan Wu and Zihe Ji and Zhenyu Wu and Ziwei Wang,2026
Full list of identified skills.,Manipulator Skills,Object Manipulation,pick,Fu2024MobileAL,Mobile ALOHA: Learning Bimanual Mobile Manipulation with Low-Cost Whole-Body Teleoperation,Zipeng Fu and Tony Zhao and Chelsea Finn,2024
Full list of identified skills.,Manipulator Skills,Object Manipulation,pick,Shi2021MaximizingTU,Maximizing the Use of Environmental Constraints: A Pushing-Based Hybrid Position/Force Assembly Skill for Contact-Rich Tasks,"Yunlei Shi and Zhaopeng Chen and Lin Cong and Yansong Wu and Martin Craiu-M{\""""u}ller and Chengjie Yuan and Chunyang Chang and Lei Zhang and Jianwei Zhang",2021
Full list of identified skills.,Manipulator Skills,Object Manipulation,pick,Mounsif2020BAMBA,BAM! Base Abstracted Modeling with Universal Notice Network: Fast Skill Transfer Between Mobile Manipulators,Mehdi Mounsif and S{\'e}bastien Lengagne and Beno{\^i}t Thuilot and Lounis Adouane,2020
Full list of identified skills.,Manipulator Skills,Object Manipulation,pick,Yokoyama2023ASCAS,ASC: Adaptive Skill Coordination for Robotic Mobile Manipulation,Naoki Yokoyama and Alexander Clegg and Eric Undersander and Sergio Arnaud and Sehoon Ha and Dhruv Batra and Akshara Rai,2023
Full list of identified skills.,Manipulator Skills,Object Manipulation,pick,Zhang2025AgentWorldAI,AgentWorld: An Interactive Simulation Platform for Scene Construction and Mobile Robotic Manipulation,Yizheng Zhang and Zhenjun Yu and Jiaxin Lai and Cewu Lu and Lei Han,2025
Full list of identified skills.,Manipulator Skills,Object Manipulation,place,Holz2015ASS,A skill-based system for object perception and manipulation for automating kitting tasks,"Dirk Holz and Angeliki Topalidou-Kyniazopoulou and Francesco Rovida and Mikkel Rath Pedersen and Volker Kr{\""u}ger and Sven Behnke",2015
Full list of identified skills.,Manipulator Skills,Object Manipulation,place,Arrais2019ApplicationOT,Application of the Open Scalable Production System to Machine Tending of Additive Manufacturing Operations by a Mobile Manipulator,Rafael Arrais and Germano M. Veiga and Tiago Trindade Ribeiro and Daniel Oliveira and Ramon O. Fernandes and Andr{\'e} Gustavo Scolari Conceiç{\~a}o and Paulo C. M. A. Farias,2019
Full list of identified skills.,Manipulator Skills,Object Manipulation,place,Forster2020AutomaticEO,Automatic extension of a symbolic mobile manipulation skill set,Julian Forster and Lionel Ott and Juan I. Nieto and Roland Y. Siegwart and Jen Jen Chung,2020
Full list of identified skills.,Manipulator Skills,Object Manipulation,place,Weser2009AutonomousPF,Autonomous planning for mobile manipulation services based on multi-level robot skills,Martin Weser and Jianwei Zhang,2009
Full list of identified skills.,Manipulator Skills,Object Manipulation,place,Li2022BEHAVIOR1KAB,"BEHAVIOR-1K: A Benchmark for Embodied AI with 1, 000 Everyday Activities and Realistic Simulation",Chengshu Li and Ruohan Zhang and Josiah Wong and Cem Gokmen and Sanjana Srivastava and Roberto Mart{\'i}n-Mart{\'i}n and Chen Wang and Gabrael Levine and Michael Lingelbach and Jiankai Sun and Mona Anvari and Minjune Hwang and Manasi Sharma and Arman Aydin and Dhruva Bansal and Samuel Hunter and Kyu-Young Kim and Alan Lou and Caleb R. Matthews and Ivan Villa-Renteria and Jerry Huayang Tang and Claire Tang and Fei Xia and Silvio Savarese and Hyowon Gweon and C. Karen Liu and Jiajun Wu and Li Fei-Fei,2022
Full list of identified skills.,Manipulator Skills,Object Manipulation,place,Garrett2016FFRobLS,FFRob: Leveraging symbolic planning for efficient task and motion planning,Caelan Reed Garrett and Tomas Lozano-Perez and Leslie Pack Kaelbling,2016
Full list of identified skills.,Manipulator Skills,Object Manipulation,place,Pedersen2015GestureBasedEO,Gesture-Based Extraction of Robot Skill Parameters for Intuitive Robot Programming,"Mikkel Rath Pedersen and Volker Kr{\""u}ger",2015
Full list of identified skills.,Manipulator Skills,Object Manipulation,place,Frasca2020GoingCA,Going Cognitive: A Demonstration of the Utility of Task-General Cognitive Architectures for Adaptive Robotic Task Performance,Tyler M. Frasca and Zhao Han and Holly A. Yanco and matthias. scheutz,2020
Full list of identified skills.,Manipulator Skills,Object Manipulation,place,Yamazaki2012HomeAssistantRF,Home-Assistant Robot for an Aging Society,Kimitoshi Yamazaki and Ryohei Ueda and Shunichi Nozawa and Mitsuharu Kojima and Kei Okada and Kiyoshi Matsumoto and Masaru Ishikawa and Isao Shimoyama and Masayuki Inaba,2012
Full list of identified skills.,Manipulator Skills,Object Manipulation,place,Stckler2013IncreasingFO,Increasing Flexibility of Mobile Manipulation and Intuitive Human-Robot Interaction in RoboCup@Home,"J. St{\""u}ckler and David Droeschel and Kathrin Gr{\""a}ve and Dirk Holz and Michael Schreiber and Angeliki Topalidou-Kyniazopoulou and Max Schwarz and Sven Behnke",2013
Full list of identified skills.,Manipulator Skills,Object Manipulation,place,Andersen2017IntegrationOA,Integration of a Skill-based Collaborative Mobile Robot in a Smart Cyber-physical Environment,Rasmus Eckholdt Andersen and Emil Blixt Hansen and David \v{C}ern{\'y} and Steffen Madsen and Biranavan Pulendralingam and Simon B{\o}gh and Dimitrios Chrysostomou,2017
Full list of identified skills.,Manipulator Skills,Object Manipulation,place,Pedersen2014IntuitiveSP,Intuitive skill-level programming of industrial handling tasks on a mobile manipulator,"Mikkel Rath Pedersen and Dennis Herzog and Volker Kr{\""u}ger",2014
Full list of identified skills.,Manipulator Skills,Object Manipulation,place,Stulp2009LearningAP,Learning and performing place-based mobile manipulation,Freek Stulp and Andreas Fedrizzi and Michael Beetz,2009
Full list of identified skills.,Manipulator Skills,Object Manipulation,place,Pohl2024MAkEableMA,MAkEable: Memory-centered and Affordance-based Task Execution Framework for Transferable Mobile Manipulation Skills,Christoph Pohl and Fabian Reister and Fabian Peller-Konrad and Tamim Asfour,2024
Full list of identified skills.,Manipulator Skills,Object Manipulation,place,Toner2024PRFAP,PRF: A Program Reuse Framework for Automated Programming by Learning from Existing Robot Programs,Tyler Toner and Dawn M. Tilbury and Kira Barton,2024
Full list of identified skills.,Manipulator Skills,Object Manipulation,place,Partovi2017ReactiveIM,Reactive Integrated Mission and Motion Planning for Mobile Robotic Manipulators,Alireza Partovi and Rafael Rodrigues da Silva and Hai Lin,2017
Full list of identified skills.,Manipulator Skills,Object Manipulation,place,Zhao2025ReactiveWL,Reactive Whole-body Locomotion-integrated Manipulation Based on Combined Learning and Optimization,Jianzhuang Zhao and Tao Teng and Elena De Momi and Arash Ajoudani,2025
Full list of identified skills.,Manipulator Skills,Object Manipulation,place,Peng2024RevolutionizingBD,Revolutionizing Battery Disassembly: The Design and Implementation of a Battery Disassembly Autonomous Mobile Manipulator Robot(BEAM-1),Yanlong Peng and Zhigang Wang and Yisheng Zhang and Shengmin Zhang and Nan Cai and Fan Wu and Ming Chen,2024
Full list of identified skills.,Manipulator Skills,Object Manipulation,place,Stuckler2012RoboCupHomeDE,RoboCup@Home: Demonstrating Everyday Manipulation Skills in RoboCup@Home,J. P. Stuckler and Dirk Holz and Sven Behnke,2012
Full list of identified skills.,Manipulator Skills,Object Manipulation,place,Pedersen2016RobotSF,Robot skills for manufacturing: From concept to industrial deployment,"Mikkel Rath Pedersen and Lazaros Nalpantidis and Rasmus S. Andersen and Casper Schou and Simon B{\o}gh and Volker Kr{\""u}ger and Ole Madsen",2016
Full list of identified skills.,Manipulator Skills,Object Manipulation,place,Short2019SAILSA,SAIL: Simulation-Informed Active In-the-Wild Learning,Elaine Schaertl Short and Adam Allevato and Andrea Lockerd Thomaz,2019
Full list of identified skills.,Manipulator Skills,Object Manipulation,place,Cohen2012SearchbasedPF,Search-based planning for dual-arm manipulation with upright orientation constraints,Benjamin J. Cohen and Sachin Chitta and Maxim Likhachev,2012
Full list of identified skills.,Manipulator Skills,Object Manipulation,place,Lim2008MultipleHC,Multiple humanoid cooperative control system for heterogeneous humanoid team,Heonyoung Lim and Yeonsik Kang and Joong-Jae Lee and Jongwon Kim and Bum-Jae You,2008
Full list of identified skills.,Manipulator Skills,Object Manipulation,place,Huang2023SkillTA,Skill Transformer: A Monolithic Policy for Mobile Manipulation,Xiaoyu Huang and Dhruv Batra and Akshara Rai and Andrew Szot,2023
Full list of identified skills.,Manipulator Skills,Object Manipulation,place,Lim2019SkillbasedAA,"Skill-based anytime agent architecture for European Robotics Challenges in realistic environments: EuRoC Challenge 2, Stage II - realistic labs",Gi Hyun Lim and Eurico Farinha Pedrosa and Filipe Amaral and Artur Pereira and Nuno Lau and Jos{\'e} Lu{\'i}s Azevedo and Bernardo Cunha and Simone Badini,2019
Full list of identified skills.,Manipulator Skills,Object Manipulation,place,Amaral2017SkillbasedAA,"Skill-based anytime agent architecture for logistics and manipulation tasks: EuRoC Challenge 2, Stage II - Realistic Labs: Benchmarking",Filipe Amaral and Eurico Farinha Pedrosa and Gi Hyun Lim and Nima Shafii and Artur Pereira and Jos{\'e} Lu{\'i}s Azevedo and Bernardo Cunha and Luis Paulo Reis and Simone Badini and Nuno Lau,2017
Full list of identified skills.,Manipulator Skills,Object Manipulation,place,Diab2020SkillMaNA,SkillMaN - A skill-based robotic manipulation framework based on perception and reasoning,Mohammed Diab and Mihai Pomarlan and Daniel Be{\ss}ler and Akbari Aliakbar and Jan Rosell and John A. Bateman and Michael Beetz,2020
Full list of identified skills.,Manipulator Skills,Object Manipulation,place,Rosen2023SynthesizingNA,Synthesizing Navigation Abstractions for Planning with Portable Manipulation Skills,Eric Rosen and Steven James and Sergio Orozco and Vedant Gupta and Max Merlin and Stefanie Tellex and George Dimitri Konidaris,2023
Full list of identified skills.,Manipulator Skills,Object Manipulation,place,Yang2022VariableIS,Variable Impedance Skill Learning for Contact-Rich Manipulation,"Quantao Yang and Alexander D{\""u}rr and Elin Anna Topp and Johannes Andreas Stork and Todor Stoyanov",2022
Full list of identified skills.,Manipulator Skills,Object Manipulation,place,Wasik2002AFB,A fuzzy behavior-based control system for manipulation,Zbigniew Wasik and Alessandro Saffiotti,2002
Full list of identified skills.,Manipulator Skills,Object Manipulation,place,Stroupe2005BehaviorbasedMC,Behavior-based multi-robot collaboration for autonomous construction tasks,Ashley W. Stroupe and Terrance L. Huntsberger and Avi Okon and Hrand Aghazarian and Matthew L. Robinson,2005
Full list of identified skills.,Manipulator Skills,Object Manipulation,place,Choi2009HandIO,Hand it over or set it down: A user study of object delivery with an assistive mobile manipulator,Young Sang Choi and Tiffany L. Chen and Advait Jain and Cressel D. Anderson and Jonathan D. Glass and Charles C. Kemp,2009
Full list of identified skills.,Manipulator Skills,Object Manipulation,place,Nagatani2000MotionDF,"Motion design for autonomous mobile manipulator based on programming style ""action primitive""",Keiji Nagatani and Yutaka Tanaka,2000
Full list of identified skills.,Manipulator Skills,Object Manipulation,place,Kotecha2024AHM,"A Hierarchical Manipulation Planning Framework Combining Striking, Pushing, and Pick \& Place Motion Primitives",Prakrut Kotecha and Pritish Sinha and Nagamanikandan Govindan,2024
Full list of identified skills.,Manipulator Skills,Object Manipulation,place,Lee2023DevelopmentAV,Development and Validation of Reconfigurable Autonomous Mobile Manipulator for Flexible Manufacturing Process,Ok Hwa Lee and Doyoung Kim and Yujin Kim and Won-Gun Kim and Seungwon Lee and Dong Yeop Kim and Young-Ouk Kim and Keunhwan Kim,2023
Full list of identified skills.,Manipulator Skills,Object Manipulation,place,Watanabe2024ImprovingRS,Improving Robot Skills by Integrating Task and Motion Planning with Learning from Demonstration,Shin Watanabe and Geir Horn and Jim T{\o}rresen and Kai Olav Ellefsen,2024
Full list of identified skills.,Manipulator Skills,Object Manipulation,place,Zhao2020CooperativeMF,Cooperative Manipulation for a Mobile Dual-Arm Robot Using Sequences of Dynamic Movement Primitives,Ting Zhao and Mingdi Deng and Zhijun Li and Yingbai Hu,2020
Full list of identified skills.,Manipulator Skills,Object Manipulation,place,Carvalho2025ParameterFreeSO,Parameter-Free Segmentation of Robot Movements With Cross-Correlation Using Different Similarity Metrics,Wendy Carvalho and Meriem Elkoudi and Brendan Hertel and Reza Azadeh,2025
Full list of identified skills.,Manipulator Skills,Object Manipulation,place,Zhang2025ARM,A Robotic Manipulation Framework Based on Large Model and Behavior Cloning,Zejia Zhang and Hongliang Lei and Weizhuang Shi and Haoyuan Wang and Qihui Jiang and Wei Luo and Jian Huang,2025
Full list of identified skills.,Manipulator Skills,Object Manipulation,place,Williams2012ARA,"A reasoning architecture for human-robot joint tasks using physics-,social-, and capability-based logic",Kenton Williams and Cynthia Lynn Breazeal,2012
Full list of identified skills.,Manipulator Skills,Object Manipulation,place,Shan2026DockAnywhereDV,DockAnywhere: Data-Efficient Visuomotor Policy Learning for Mobile Manipulation via Novel Demonstration Generation,Ziyu Shan and Yuheng Zhou and Gaoyuan Wu and Zihe Ji and Zhenyu Wu and Ziwei Wang,2026
Full list of identified skills.,Manipulator Skills,Object Manipulation,place,Fu2024MobileAL,Mobile ALOHA: Learning Bimanual Mobile Manipulation with Low-Cost Whole-Body Teleoperation,Zipeng Fu and Tony Zhao and Chelsea Finn,2024
Full list of identified skills.,Manipulator Skills,Object Manipulation,place,Mounsif2020BAMBA,BAM! Base Abstracted Modeling with Universal Notice Network: Fast Skill Transfer Between Mobile Manipulators,Mehdi Mounsif and S{\'e}bastien Lengagne and Beno{\^i}t Thuilot and Lounis Adouane,2020
Full list of identified skills.,Manipulator Skills,Object Manipulation,place,Yokoyama2023ASCAS,ASC: Adaptive Skill Coordination for Robotic Mobile Manipulation,Naoki Yokoyama and Alexander Clegg and Eric Undersander and Sergio Arnaud and Sehoon Ha and Dhruv Batra and Akshara Rai,2023
Full list of identified skills.,Manipulator Skills,Object Manipulation,place,Zhang2025AgentWorldAI,AgentWorld: An Interactive Simulation Platform for Scene Construction and Mobile Robotic Manipulation,Yizheng Zhang and Zhenjun Yu and Jiaxin Lai and Cewu Lu and Lei Han,2025
Full list of identified skills.,Manipulator Skills,Object Manipulation,handle,Yamazaki2012HomeAssistantRF,Home-Assistant Robot for an Aging Society,Kimitoshi Yamazaki and Ryohei Ueda and Shunichi Nozawa and Mitsuharu Kojima and Kei Okada and Kiyoshi Matsumoto and Masaru Ishikawa and Isao Shimoyama and Masayuki Inaba,2012
Full list of identified skills.,Manipulator Skills,Object Manipulation,handle,Stckler2013IncreasingFO,Increasing Flexibility of Mobile Manipulation and Intuitive Human-Robot Interaction in RoboCup@Home,"J. St{\""u}ckler and David Droeschel and Kathrin Gr{\""a}ve and Dirk Holz and Michael Schreiber and Angeliki Topalidou-Kyniazopoulou and Max Schwarz and Sven Behnke",2013
Full list of identified skills.,Manipulator Skills,Object Manipulation,handle,Rodehutskors2015IntuitiveBT,Intuitive bimanual telemanipulation under communication restrictions by immersive 3D visualization and motion tracking,Tobias Rodehutskors and Max Schwarz and Sven Behnke,2015
Full list of identified skills.,Manipulator Skills,Object Manipulation,handle,Schmalstieg2023LearningHI,Learning Hierarchical Interactive Multi-Object Search for Mobile Manipulation,F Schmalstieg and Daniel Honerkamp and Tim Welschehold and Abhinav Valada,2023
Full list of identified skills.,Manipulator Skills,Object Manipulation,handle,Stuckler2012RoboCupHomeDE,RoboCup@Home: Demonstrating Everyday Manipulation Skills in RoboCup@Home,J. P. Stuckler and Dirk Holz and Sven Behnke,2012
Full list of identified skills.,Manipulator Skills,Object Manipulation,handle,Konidaris2012RobotLF,Robot learning from demonstration by constructing skill trees,George Dimitri Konidaris and Scott Kuindersma and Roderic A. Grupen and Andrew G. Barto,2012
Full list of identified skills.,Manipulator Skills,Object Manipulation,handle,Diab2020SkillMaNA,SkillMaN - A skill-based robotic manipulation framework based on perception and reasoning,Mohammed Diab and Mihai Pomarlan and Daniel Be{\ss}ler and Akbari Aliakbar and Jan Rosell and John A. Bateman and Michael Beetz,2020
Full list of identified skills.,Manipulator Skills,Object Manipulation,handle,Schwarz2018TeamNA,Team NimbRo at MBZIRC 2017: Autonomous valve stem turning using a wrench,"Max Schwarz and David Droeschel and Christian Lenz and Arul Selvam Periyasamy and En Yen Puang and Jan Razlaw and Diego Rodriguez and Sebastian Sch{\""u}ller and Michael Schreiber and Sven Behnke",2018
Full list of identified skills.,Manipulator Skills,Object Manipulation,handle,Karumanchi2017TeamRS,Team RoboSimian: Semi‐autonomous Mobile Manipulation at the 2015 DARPA Robotics Challenge Finals,Sisir Karumanchi and Kyle Edelberg and Ian A. Baldwin and Jeremy Nash and Jason I. Reid and Charles F. Bergh and John Leichty and Kalind C. Carpenter and Matthew Shekels and Matthew Gildner and David Newill-Smith and Jason Carlton and John Koehler and Tatyana Dobreva and Matthew A. Frost and Paul Hebert and James Borders and Jeremy Ma and Bertrand Douillard and Paul G. Backes and Brett Kennedy and Brian W. Satzinger and Chelsea Lau and Katie Byl and Krishnan Shankar and Joel W. Burdick,2017
Full list of identified skills.,Manipulator Skills,Object Manipulation,handle,Petersson1999AHC,A hybrid control architecture for mobile manipulation,Lars Petersson and Magnus Egerstedt and Henrik I. Christensen,1999
Full list of identified skills.,Manipulator Skills,Object Manipulation,handle,Nagatani1996DesigningSA,Designing strategy and implementation of mobile manipulator control system for opening door,Keiji Nagatani and Shin'ichi Yuta,1996
Full list of identified skills.,Manipulator Skills,Object Manipulation,handle,Nagatani1996DooropeningBO,Door-opening behavior of an autonomous mobile manipulator by sequence of action primitives,Keiji Nagatani and Shin'ichi Yuta,1996
Full list of identified skills.,Manipulator Skills,Object Manipulation,handle,Pettinger2022AVA,A Versatile Affordance Modeling Framework Using Screw Primitives to Increase Autonomy During Manipulation Contact Tasks,Adam Pettinger and Farshid Alambeigi and Mitchell W. Pryor,2022
Full list of identified skills.,Manipulator Skills,Object Manipulation,handle,Fu2024MobileAL,Mobile ALOHA: Learning Bimanual Mobile Manipulation with Low-Cost Whole-Body Teleoperation,Zipeng Fu and Tony Zhao and Chelsea Finn,2024
Full list of identified skills.,Manipulator Skills,Object Manipulation,handle,Zhang2025AgentWorldAI,AgentWorld: An Interactive Simulation Platform for Scene Construction and Mobile Robotic Manipulation,Yizheng Zhang and Zhenjun Yu and Jiaxin Lai and Cewu Lu and Lei Han,2025
Full list of identified skills.,Manipulator Skills,Object Manipulation,lift,Ding2022IntelligentAF,Intelligent assistance for older adults via an admittance-controlled wheeled mobile manipulator with task-dependent end-effectors,Liang Ding and Hongjun Xing and Ali Reza Torabi and Javad K. Mehr and Mojtaba Sharifi and Haibo Gao and Vivian K. Mushahwar and Mahdi Tavakoli,2022
Full list of identified skills.,Manipulator Skills,Object Manipulation,lift,Stulp2009LearningAP,Learning and performing place-based mobile manipulation,Freek Stulp and Andreas Fedrizzi and Michael Beetz,2009
Full list of identified skills.,Manipulator Skills,Object Manipulation,lift,Orsula2022LearningTG,Learning to Grasp on the Moon from 3D Octree Observations with Deep Reinforcement Learning,Andrej Orsula and Simon Boegh and Miguel Angel Olivares-Mendez and Carol Mart{\'i}nez,2022
Full list of identified skills.,Manipulator Skills,Object Manipulation,hand over,Kostavelis2022RoboticAI,Robotic Assistance in Medication Intake: A Complete Pipeline,"Ioannis Kostavelis and Andreas Kargakos and Evangelos Skartados and Georgia Peleka and Dimitrios Giakoumis and Iason Sarantopoulos and Ioannis Agriomallos and Zoe Doulgeri and Satoshi Endo and Heiko St{\""u}ber and Faris Janjo{\v{s}} and Sandra Hirche and Dimitrios Tzovaras",2022
Full list of identified skills.,Manipulator Skills,Object Manipulation,hand over,Diab2020SkillMaNA,SkillMaN - A skill-based robotic manipulation framework based on perception and reasoning,Mohammed Diab and Mihai Pomarlan and Daniel Be{\ss}ler and Akbari Aliakbar and Jan Rosell and John A. Bateman and Michael Beetz,2020
Full list of identified skills.,Manipulator Skills,Object Manipulation,hand over,Choi2009HandIO,Hand it over or set it down: A user study of object delivery with an assistive mobile manipulator,Young Sang Choi and Tiffany L. Chen and Advait Jain and Cressel D. Anderson and Jonathan D. Glass and Charles C. Kemp,2009
Full list of identified skills.,Manipulator Skills,Object Manipulation,hand over,Akkaladevi2024TowardsAB,Towards a Behavior Tree Based Robotic Skill Execution Framework for Human Robot Collaboration in Industrial Assembly,Sharath Chandra Akkaladevi and Matthias Propst and Kapil Deshpande and Michael Hofmann and Andreas Pichler,2024
Full list of identified skills.,Manipulator Skills,Object Manipulation,throw,Metzen2014TowardsLO,Towards Learning of Generic Skills for Robotic Manipulation,Jan Hendrik Metzen and Alexander Fabisch and Lisa Senger and Jose de Gea and Elsa Andrea Kirchner,2014
Full list of identified skills.,Manipulator Skills,Task-Specific Manipulation,articulated object manipulation,Nguyen2012AutonomouslyLT,Autonomously learning to visually detect where manipulation will succeed,Hai Dai Nguyen and Charles C. Kemp,2012
Full list of identified skills.,Manipulator Skills,Task-Specific Manipulation,articulated object manipulation,Yamazaki2012HomeAssistantRF,Home-Assistant Robot for an Aging Society,Kimitoshi Yamazaki and Ryohei Ueda and Shunichi Nozawa and Mitsuharu Kojima and Kei Okada and Kiyoshi Matsumoto and Masaru Ishikawa and Isao Shimoyama and Masayuki Inaba,2012
Full list of identified skills.,Manipulator Skills,Task-Specific Manipulation,articulated object manipulation,Pohl2024MAkEableMA,MAkEable: Memory-centered and Affordance-based Task Execution Framework for Transferable Mobile Manipulation Skills,Christoph Pohl and Fabian Reister and Fabian Peller-Konrad and Tamim Asfour,2024
Full list of identified skills.,Manipulator Skills,Task-Specific Manipulation,articulated object manipulation,Beetz2016OpenRR,Open robotics research using web-based knowledge services,Michael Beetz and Daniel Be{\ss}ler and Jan Oliver Winkler and Jan-Hendrik Worch and Ferenc B{\'a}lint-Bencz{\'e}di and Georg Bartels and Aude G Billard and Asil Kaan Bozcuoğlu and Zhou Fang and Nadia Figueroa and Andrei Haidu and Hagen Langer and Alexis Maldonado and Ana Lucia Pais and Moritz Tenorth and Thiemo Wiedemeyer,2016
Full list of identified skills.,Manipulator Skills,Task-Specific Manipulation,articulated object manipulation,Stuckler2012RoboCupHomeDE,RoboCup@Home: Demonstrating Everyday Manipulation Skills in RoboCup@Home,J. P. Stuckler and Dirk Holz and Sven Behnke,2012
Full list of identified skills.,Manipulator Skills,Task-Specific Manipulation,articulated object manipulation,Konidaris2012RobotLF,Robot learning from demonstration by constructing skill trees,George Dimitri Konidaris and Scott Kuindersma and Roderic A. Grupen and Andrew G. Barto,2012
Full list of identified skills.,Manipulator Skills,Task-Specific Manipulation,articulated object manipulation,Diab2020SkillMaNA,SkillMaN - A skill-based robotic manipulation framework based on perception and reasoning,Mohammed Diab and Mihai Pomarlan and Daniel Be{\ss}ler and Akbari Aliakbar and Jan Rosell and John A. Bateman and Michael Beetz,2020
Full list of identified skills.,Manipulator Skills,Task-Specific Manipulation,articulated object manipulation,Nagatani1996DesigningSA,Designing strategy and implementation of mobile manipulator control system for opening door,Keiji Nagatani and Shin'ichi Yuta,1996
Full list of identified skills.,Manipulator Skills,Task-Specific Manipulation,articulated object manipulation,Nagatani1996DooropeningBO,Door-opening behavior of an autonomous mobile manipulator by sequence of action primitives,Keiji Nagatani and Shin'ichi Yuta,1996
Full list of identified skills.,Manipulator Skills,Task-Specific Manipulation,articulated object manipulation,Gupta2025PreciseMM,Precise Mobile Manipulation of Small Everyday Objects,Arjun Gupta and Rishik Sathua and Saurabh Gupta,2025
Full list of identified skills.,Manipulator Skills,Task-Specific Manipulation,articulated object manipulation,Pettinger2022AVA,A Versatile Affordance Modeling Framework Using Screw Primitives to Increase Autonomy During Manipulation Contact Tasks,Adam Pettinger and Farshid Alambeigi and Mitchell W. Pryor,2022
Full list of identified skills.,Manipulator Skills,Task-Specific Manipulation,pour,Stckler2014AdaptiveTS,Adaptive tool-use strategies for anthropomorphic service robots,"J. St{\""u}ckler and Sven Behnke",2014
Full list of identified skills.,Manipulator Skills,Task-Specific Manipulation,pour,Pohl2024MAkEableMA,MAkEable: Memory-centered and Affordance-based Task Execution Framework for Transferable Mobile Manipulation Skills,Christoph Pohl and Fabian Reister and Fabian Peller-Konrad and Tamim Asfour,2024
Full list of identified skills.,Manipulator Skills,Task-Specific Manipulation,pour,Groth2013MultitaskingOC,Multi-tasking of competing behaviors on a robot manipulator,Christian Groth and Dominik Henrich,2013
Full list of identified skills.,Manipulator Skills,Task-Specific Manipulation,pour,Short2019SAILSA,SAIL: Simulation-Informed Active In-the-Wild Learning,Elaine Schaertl Short and Adam Allevato and Andrea Lockerd Thomaz,2019
Full list of identified skills.,Manipulator Skills,Task-Specific Manipulation,pour,Diab2020SkillMaNA,SkillMaN - A skill-based robotic manipulation framework based on perception and reasoning,Mohammed Diab and Mihai Pomarlan and Daniel Be{\ss}ler and Akbari Aliakbar and Jan Rosell and John A. Bateman and Michael Beetz,2020
Full list of identified skills.,Manipulator Skills,Task-Specific Manipulation,pour,Rosen2023SynthesizingNA,Synthesizing Navigation Abstractions for Planning with Portable Manipulation Skills,Eric Rosen and Steven James and Sergio Orozco and Vedant Gupta and Max Merlin and Stefanie Tellex and George Dimitri Konidaris,2023
Full list of identified skills.,Manipulator Skills,Task-Specific Manipulation,pour,Zhang2025ARM,A Robotic Manipulation Framework Based on Large Model and Behavior Cloning,Zejia Zhang and Hongliang Lei and Weizhuang Shi and Haoyuan Wang and Qihui Jiang and Wei Luo and Jian Huang,2025
Full list of identified skills.,Manipulator Skills,Task-Specific Manipulation,pour,Zhang2025AgentWorldAI,AgentWorld: An Interactive Simulation Platform for Scene Construction and Mobile Robotic Manipulation,Yizheng Zhang and Zhenjun Yu and Jiaxin Lai and Cewu Lu and Lei Han,2025
Full list of identified skills.,Manipulator Skills,Task-Specific Manipulation,use switch,Nguyen2012AutonomouslyLT,Autonomously learning to visually detect where manipulation will succeed,Hai Dai Nguyen and Charles C. Kemp,2012
Full list of identified skills.,Manipulator Skills,Task-Specific Manipulation,use switch,Konidaris2012RobotLF,Robot learning from demonstration by constructing skill trees,George Dimitri Konidaris and Scott Kuindersma and Roderic A. Grupen and Andrew G. Barto,2012
Full list of identified skills.,Manipulator Skills,Task-Specific Manipulation,use switch,Rosen2023SynthesizingNA,Synthesizing Navigation Abstractions for Planning with Portable Manipulation Skills,Eric Rosen and Steven James and Sergio Orozco and Vedant Gupta and Max Merlin and Stefanie Tellex and George Dimitri Konidaris,2023
Full list of identified skills.,Manipulator Skills,Task-Specific Manipulation,use switch,Guo2025AdaptiveSC,Adaptive Stiffness Control for Series Elastic Actuators in Robotic Systems Using Dynamic Systems,Kunlin Guo and Zhenyu Lu and Zhiwei Tan,2025
Full list of identified skills.,Manipulator Skills,Task-Specific Manipulation,use switch,engelbracht2024spotlightroboticsceneunderstanding,SpotLight: Robotic Scene Understanding through Interaction and Affordance Detection,Tim Engelbracht and René Zurbrügg and Marc Pollefeys and Hermann Blum and Zuria Bauer,2024
Full list of identified skills.,Manipulator Skills,Task-Specific Manipulation,use switch,Gupta2025PreciseMM,Precise Mobile Manipulation of Small Everyday Objects,Arjun Gupta and Rishik Sathua and Saurabh Gupta,2025
Full list of identified skills.,Manipulator Skills,Task-Specific Manipulation,use switch,Zhang2025ARM,A Robotic Manipulation Framework Based on Large Model and Behavior Cloning,Zejia Zhang and Hongliang Lei and Weizhuang Shi and Haoyuan Wang and Qihui Jiang and Wei Luo and Jian Huang,2025
Full list of identified skills.,Manipulator Skills,Task-Specific Manipulation,use switch,Fu2024MobileAL,Mobile ALOHA: Learning Bimanual Mobile Manipulation with Low-Cost Whole-Body Teleoperation,Zipeng Fu and Tony Zhao and Chelsea Finn,2024
Full list of identified skills.,Manipulator Skills,Task-Specific Manipulation,use switch,Zhang2025AgentWorldAI,AgentWorld: An Interactive Simulation Platform for Scene Construction and Mobile Robotic Manipulation,Yizheng Zhang and Zhenjun Yu and Jiaxin Lai and Cewu Lu and Lei Han,2025
Full list of identified skills.,Manipulator Skills,Task-Specific Manipulation,sweep,Stckler2014AdaptiveTS,Adaptive tool-use strategies for anthropomorphic service robots,"J. St{\""u}ckler and Sven Behnke",2014
Full list of identified skills.,Manipulator Skills,Task-Specific Manipulation,sweep,Yamazaki2012HomeAssistantRF,Home-Assistant Robot for an Aging Society,Kimitoshi Yamazaki and Ryohei Ueda and Shunichi Nozawa and Mitsuharu Kojima and Kei Okada and Kiyoshi Matsumoto and Masaru Ishikawa and Isao Shimoyama and Masayuki Inaba,2012
Full list of identified skills.,Manipulator Skills,Task-Specific Manipulation,use a pair of tongs,Stckler2014AdaptiveTS,Adaptive tool-use strategies for anthropomorphic service robots,"J. St{\""u}ckler and Sven Behnke",2014
Full list of identified skills.,Manipulator Skills,Task-Specific Manipulation,use a pair of tongs,Stckler2013IncreasingFO,Increasing Flexibility of Mobile Manipulation and Intuitive Human-Robot Interaction in RoboCup@Home,"J. St{\""u}ckler and David Droeschel and Kathrin Gr{\""a}ve and Dirk Holz and Michael Schreiber and Angeliki Topalidou-Kyniazopoulou and Max Schwarz and Sven Behnke",2013
Full list of identified skills.,Manipulator Skills,Task-Specific Manipulation,fastening,Li2019ManipulationSA,Manipulation Skill Acquisition for Robotic Assembly using Deep Reinforcement Learning,Fengming Li and Qi Jiang and Wei Quan and Rui Song and Yibin Li,2019
Full list of identified skills.,Manipulator Skills,Task-Specific Manipulation,welding,Andersen2015IntuitiveTP,Intuitive task programming of stud welding robots for ship construction,Rasmus S. Andersen and Simon Boegh and Thomas Baltzer Moeslund and Ole Madsen,2015
Full list of identified skills.,Manipulator Skills,Sensing / Control Modes,trajectory blending,Waarsing2003BehaviorbasedMM,Behavior-based mobile manipulation inspired by the human example,B. J. W. Waarsing and Marnix Nuttin and Hendrik Van Brussel,2003
Full list of identified skills.,Manipulator Skills,Sensing / Control Modes,trajectory blending,Waarsing2005FromBI,From biological inspiration toward next-generation manipulators: manipulator control focused on human tasks,B. J. W. Waarsing and Marnix Nuttin and Hendrik Van Brussel and Brecht Corteville,2005
Full list of identified skills.,Manipulator Skills,Sensing / Control Modes,trajectory blending,Aarno2008MotionIR,Motion intention recognition in robot assisted applications,Daniel Aarno and Danica Kragic,2008
Full list of identified skills.,Manipulator Skills,Sensing / Control Modes,trajectory blending,Carvalho2025ParameterFreeSO,Parameter-Free Segmentation of Robot Movements With Cross-Correlation Using Different Similarity Metrics,Wendy Carvalho and Meriem Elkoudi and Brendan Hertel and Reza Azadeh,2025
Full list of identified skills.,Manipulator Skills,Sensing / Control Modes,combined teleoperation blending,Maeda2022BlendingPP,Blending Primitive Policies in Shared Control for Assisted Teleoperation,Guilherme J. Maeda,2022
Full list of identified skills.,Manipulator Skills,Sensing / Control Modes,tactile sensing,Weser2009AutonomousPF,Autonomous planning for mobile manipulation services based on multi-level robot skills,Martin Weser and Jianwei Zhang,2009
Full list of identified skills.,Mobile Base Skills,Navigation,move to position,Weser2009AutonomousPF,Autonomous planning for mobile manipulation services based on multi-level robot skills,Martin Weser and Jianwei Zhang,2009
Full list of identified skills.,Mobile Base Skills,Navigation,move to position,Bruemmer2010BehaviorBC,"Behavior based control of robotic payloads for detection, neutralization, and interrogation of explosive hazards",David J. Bruemmer and Curtis W. Nielsen and Ross Hartley and J. Green,2010
Full list of identified skills.,Mobile Base Skills,Navigation,move to position,Li2022BEHAVIOR1KAB,"BEHAVIOR-1K: A Benchmark for Embodied AI with 1, 000 Everyday Activities and Realistic Simulation",Chengshu Li and Ruohan Zhang and Josiah Wong and Cem Gokmen and Sanjana Srivastava and Roberto Mart{\'i}n-Mart{\'i}n and Chen Wang and Gabrael Levine and Michael Lingelbach and Jiankai Sun and Mona Anvari and Minjune Hwang and Manasi Sharma and Arman Aydin and Dhruva Bansal and Samuel Hunter and Kyu-Young Kim and Alan Lou and Caleb R. Matthews and Ivan Villa-Renteria and Jerry Huayang Tang and Claire Tang and Fei Xia and Silvio Savarese and Hyowon Gweon and C. Karen Liu and Jiajun Wu and Li Fei-Fei,2022
Full list of identified skills.,Mobile Base Skills,Navigation,move to position,Garrett2016FFRobLS,FFRob: Leveraging symbolic planning for efficient task and motion planning,Caelan Reed Garrett and Tomas Lozano-Perez and Leslie Pack Kaelbling,2016
Full list of identified skills.,Mobile Base Skills,Navigation,move to position,Pedersen2015GestureBasedEO,Gesture-Based Extraction of Robot Skill Parameters for Intuitive Robot Programming,"Mikkel Rath Pedersen and Volker Kr{\""u}ger",2015
Full list of identified skills.,Mobile Base Skills,Navigation,move to position,Frasca2020GoingCA,Going Cognitive: A Demonstration of the Utility of Task-General Cognitive Architectures for Adaptive Robotic Task Performance,Tyler M. Frasca and Zhao Han and Holly A. Yanco and matthias. scheutz,2020
Full list of identified skills.,Mobile Base Skills,Navigation,move to position,Yamazaki2012HomeAssistantRF,Home-Assistant Robot for an Aging Society,Kimitoshi Yamazaki and Ryohei Ueda and Shunichi Nozawa and Mitsuharu Kojima and Kei Okada and Kiyoshi Matsumoto and Masaru Ishikawa and Isao Shimoyama and Masayuki Inaba,2012
Full list of identified skills.,Mobile Base Skills,Navigation,move to position,Stckler2013IncreasingFO,Increasing Flexibility of Mobile Manipulation and Intuitive Human-Robot Interaction in RoboCup@Home,"J. St{\""u}ckler and David Droeschel and Kathrin Gr{\""a}ve and Dirk Holz and Michael Schreiber and Angeliki Topalidou-Kyniazopoulou and Max Schwarz and Sven Behnke",2013
Full list of identified skills.,Mobile Base Skills,Navigation,move to position,Stckler2009IntegratingIM,"Integrating indoor mobility, object manipulation, and intuitive interaction for domestic service tasks","J. St{\""u}ckler and Sven Behnke",2009
Full list of identified skills.,Mobile Base Skills,Navigation,move to position,Andersen2017IntegrationOA,Integration of a Skill-based Collaborative Mobile Robot in a Smart Cyber-physical Environment,Rasmus Eckholdt Andersen and Emil Blixt Hansen and David \v{C}ern{\'y} and Steffen Madsen and Biranavan Pulendralingam and Simon B{\o}gh and Dimitrios Chrysostomou,2017
Full list of identified skills.,Mobile Base Skills,Navigation,move to position,Pedersen2014IntuitiveSP,Intuitive skill-level programming of industrial handling tasks on a mobile manipulator,"Mikkel Rath Pedersen and Dennis Herzog and Volker Kr{\""u}ger",2014
Full list of identified skills.,Mobile Base Skills,Navigation,move to position,Stulp2009LearningAP,Learning and performing place-based mobile manipulation,Freek Stulp and Andreas Fedrizzi and Michael Beetz,2009
Full list of identified skills.,Mobile Base Skills,Navigation,move to position,Schmalstieg2023LearningHI,Learning Hierarchical Interactive Multi-Object Search for Mobile Manipulation,F Schmalstieg and Daniel Honerkamp and Tim Welschehold and Abhinav Valada,2023
Full list of identified skills.,Mobile Base Skills,Navigation,move to position,Bouachari2018ObjectPC,Object Pre-Grasp Configuration of a Robot Articulated Hand in a Virtual Environment,A. Bouachari and Jean-François Breth{\'e} and Angela Haddad,2018
Full list of identified skills.,Mobile Base Skills,Navigation,move to position,Cohen2011PlanningFM,Planning for Manipulation with Adaptive Motion Primitives,Benjamin J. Cohen and Gokul Subramania and Sachin Chitta and Maxim Likhachev,2011
Full list of identified skills.,Mobile Base Skills,Navigation,move to position,Toner2024PRFAP,PRF: A Program Reuse Framework for Automated Programming by Learning from Existing Robot Programs,Tyler Toner and Dawn M. Tilbury and Kira Barton,2024
Full list of identified skills.,Mobile Base Skills,Navigation,move to position,Partovi2017ReactiveIM,Reactive Integrated Mission and Motion Planning for Mobile Robotic Manipulators,Alireza Partovi and Rafael Rodrigues da Silva and Hai Lin,2017
Full list of identified skills.,Mobile Base Skills,Navigation,move to position,Vasilopoulos2020ReactivePF,Reactive Planning for Mobile Manipulation Tasks in Unexplored Semantic Environments,Vasileios Georgios Vasilopoulos and Yiannis Kantaros and George Pappas and Daniel E. Koditschek,2020
Full list of identified skills.,Mobile Base Skills,Navigation,move to position,Deng2017ReinforcementLO,Reinforcement learning of dual-arm cooperation for a mobile manipulator with sequences of dynamical movement primitives,Mingdi Deng and Yingbai Hu and Zhijun Li,2017
Full list of identified skills.,Mobile Base Skills,Navigation,move to position,Li2017ReinforcementLO,Reinforcement Learning of Manipulation and Grasping Using Dynamical Movement Primitives for a Humanoidlike Mobile Manipulator,Zhijun Li and Ting Zhao and Fei Chen and Yingbai Hu and Chun‐Yi Su and Toshio Fukuda,2017
Full list of identified skills.,Mobile Base Skills,Navigation,move to position,Lin2010ResearchOO,Research on ODMM Obstacle Avoidance Fuzzy Navigation Based on Ultrasonic-Absolute-Positioning,Jiang Lin and Li Baiyan and Chen Xinyuan and Zhao Hui and Zhao Jie and Yan Jihong,2010
Full list of identified skills.,Mobile Base Skills,Navigation,move to position,Stuckler2012RoboCupHomeDE,RoboCup@Home: Demonstrating Everyday Manipulation Skills in RoboCup@Home,J. P. Stuckler and Dirk Holz and Sven Behnke,2012
Full list of identified skills.,Mobile Base Skills,Navigation,move to position,Konidaris2012RobotLF,Robot learning from demonstration by constructing skill trees,George Dimitri Konidaris and Scott Kuindersma and Roderic A. Grupen and Andrew G. Barto,2012
Full list of identified skills.,Mobile Base Skills,Navigation,move to position,Pedersen2016RobotSF,Robot skills for manufacturing: From concept to industrial deployment,"Mikkel Rath Pedersen and Lazaros Nalpantidis and Rasmus S. Andersen and Casper Schou and Simon B{\o}gh and Volker Kr{\""u}ger and Ole Madsen",2016
Full list of identified skills.,Mobile Base Skills,Navigation,move to position,Hentout2008MultiagentAM,Multi-agent Architecture Model for Driving Mobile Manipulator Robots,Abdelfetah Hentout and Brahim Bouzouia and Zakaria Toukal,2008
Full list of identified skills.,Mobile Base Skills,Navigation,move to position,Huang2023SkillTA,Skill Transformer: A Monolithic Policy for Mobile Manipulation,Xiaoyu Huang and Dhruv Batra and Akshara Rai and Andrew Szot,2023
Full list of identified skills.,Mobile Base Skills,Navigation,move to position,Karumanchi2017TeamRS,Team RoboSimian: Semi‐autonomous Mobile Manipulation at the 2015 DARPA Robotics Challenge Finals,Sisir Karumanchi and Kyle Edelberg and Ian A. Baldwin and Jeremy Nash and Jason I. Reid and Charles F. Bergh and John Leichty and Kalind C. Carpenter and Matthew Shekels and Matthew Gildner and David Newill-Smith and Jason Carlton and John Koehler and Tatyana Dobreva and Matthew A. Frost and Paul Hebert and James Borders and Jeremy Ma and Bertrand Douillard and Paul G. Backes and Brett Kennedy and Brian W. Satzinger and Chelsea Lau and Katie Byl and Krishnan Shankar and Joel W. Burdick,2017
Full list of identified skills.,Mobile Base Skills,Navigation,move to position,Thakar2018TowardsTT,Towards Time-Optimal Trajectory Planning for Pick-and-Transport Operation with a Mobile Manipulator,Shantanu Thakar and Liwei Fang and Brual C. Shah and Satyandra K. Gupta,2018
Full list of identified skills.,Mobile Base Skills,Navigation,move to position,Chang2006ABB,A behavior based nonlinear multi‐agent framework using a hybrid approach,Chih-Fu Chang and Li-Chen Fu,2006
Full list of identified skills.,Mobile Base Skills,Navigation,move to position,Wasik2002AFB,A fuzzy behavior-based control system for manipulation,Zbigniew Wasik and Alessandro Saffiotti,2002
Full list of identified skills.,Mobile Base Skills,Navigation,move to position,MacKenzie1996BehaviorbasedMM,Behavior-based mobile manipulation for drum sampling,Douglas C. MacKenzie and Ronald C. Arkin,1996
Full list of identified skills.,Mobile Base Skills,Navigation,move to position,Hentout2007BehaviourbasedAF,Behaviour-based Architecture for Piloting Mobile Manipulator Robots,Abdelfetah Hentout and Brahim Bouzouia and Zakaria Toukal,2007
Full list of identified skills.,Mobile Base Skills,Navigation,move to position,Sequeira2000BehaviourbasedCB,Behaviour-based cooperation between two mobile manipulators,Jo{\~a}o Silva Sequeira and M. Isabel Ribeiro,2000
Full list of identified skills.,Mobile Base Skills,Navigation,move to position,Andrian2005EmbeddedCI,Embedded CMOS imaging system for real-time robotic vision,Henry Andrian and Kai‐Tai Song,2005
Full list of identified skills.,Mobile Base Skills,Navigation,move to position,Nagatani2000MotionDF,"Motion design for autonomous mobile manipulator based on programming style ""action primitive""",Keiji Nagatani and Yutaka Tanaka,2000
Full list of identified skills.,Mobile Base Skills,Navigation,move to position,Zsoldos2025TowardsRL,Towards robotic Laboratory Automation Plug \& Play: LAPP reference implementation with the TIAGo mobile manipulator.,Panna Zsoldos and {\'A}d{\'a}m Wolf and K{\'a}roly Sz{\'e}ll and P{\'e}ter Galambos,2025
Full list of identified skills.,Mobile Base Skills,Navigation,move to position,Lee2023DevelopmentAV,Development and Validation of Reconfigurable Autonomous Mobile Manipulator for Flexible Manufacturing Process,Ok Hwa Lee and Doyoung Kim and Yujin Kim and Won-Gun Kim and Seungwon Lee and Dong Yeop Kim and Young-Ouk Kim and Keunhwan Kim,2023
Full list of identified skills.,Mobile Base Skills,Navigation,move to position,Akkaladevi2024TowardsAB,Towards a Behavior Tree Based Robotic Skill Execution Framework for Human Robot Collaboration in Industrial Assembly,Sharath Chandra Akkaladevi and Matthias Propst and Kapil Deshpande and Michael Hofmann and Andreas Pichler,2024
Full list of identified skills.,Mobile Base Skills,Navigation,move to position,Gupta2025PreciseMM,Precise Mobile Manipulation of Small Everyday Objects,Arjun Gupta and Rishik Sathua and Saurabh Gupta,2025
Full list of identified skills.,Mobile Base Skills,Navigation,move to position,Fu2024MobileAL,Mobile ALOHA: Learning Bimanual Mobile Manipulation with Low-Cost Whole-Body Teleoperation,Zipeng Fu and Tony Zhao and Chelsea Finn,2024
Full list of identified skills.,Mobile Base Skills,Navigation,move to position,Mounsif2020BAMBA,BAM! Base Abstracted Modeling with Universal Notice Network: Fast Skill Transfer Between Mobile Manipulators,Mehdi Mounsif and S{\'e}bastien Lengagne and Beno{\^i}t Thuilot and Lounis Adouane,2020
Full list of identified skills.,Mobile Base Skills,Navigation,move to position,Yokoyama2023ASCAS,ASC: Adaptive Skill Coordination for Robotic Mobile Manipulation,Naoki Yokoyama and Alexander Clegg and Eric Undersander and Sergio Arnaud and Sehoon Ha and Dhruv Batra and Akshara Rai,2023
Full list of identified skills.,Mobile Base Skills,Navigation,move to position,Meng2023AerialMS,Aerial Manipulator Systems Gain a New Skill: Achieve Contact-based Landing on a Mobile Platform,Xiangdong Meng and Yuqing He and Haoyang Xi and Jianda Han and Aiguo Song,2023
Full list of identified skills.,Mobile Base Skills,Navigation,exploration,Schmalstieg2023LearningHI,Learning Hierarchical Interactive Multi-Object Search for Mobile Manipulation,F Schmalstieg and Daniel Honerkamp and Tim Welschehold and Abhinav Valada,2023
Full list of identified skills.,Mobile Base Skills,Navigation,exploration,Chang2006ABB,A behavior based nonlinear multi‐agent framework using a hybrid approach,Chih-Fu Chang and Li-Chen Fu,2006
Full list of identified skills.,Mobile Base Skills,Navigation,exploration,Wasik2002AFB,A fuzzy behavior-based control system for manipulation,Zbigniew Wasik and Alessandro Saffiotti,2002
Full list of identified skills.,Mobile Base Skills,Navigation,exploration,Chang2006AnalysisOA,Analysis of a Behavior Based Nonholonomic Wheeled Mobile Robot Control With Hybrid System Approach,Chih-Fu Chang and Li-Chen Fu,2006
Full list of identified skills.,Mobile Base Skills,Navigation,exploration,Nagatani2000MotionDF,"Motion design for autonomous mobile manipulator based on programming style ""action primitive""",Keiji Nagatani and Yutaka Tanaka,2000
Full list of identified skills.,Mobile Base Skills,Navigation,gait,Arm2024PedipulateEM,Pedipulate: Enabling Manipulation Skills using a Quadruped Robot’s Leg,Philip Arm and Mayank Mittal and Hendrik Kolvenbach and Marco Hutter,2024
Full list of identified skills.,Mobile Base Skills,Navigation,gait,Lim2008MultipleHC,Multiple humanoid cooperative control system for heterogeneous humanoid team,Heonyoung Lim and Yeonsik Kang and Joong-Jae Lee and Jongwon Kim and Bum-Jae You,2008
Full list of identified skills.,Mobile Base Skills,Navigation,gait,Xiao2025AutonomousBC,Autonomous Behavior Control for Quadruped Robots with Arms Based on MultiModal Large Language Model,Shijun Xiao and Xinyuan Shi and Teng Chen and Yifan Zhang and Xuewen Rong and Jian Meng,2025
Full list of identified skills.,Mobile Base Skills,Navigation,gait,Kumbhar2025MPCQPBasedCF,MPC-QP-Based Control Framework for Compliant Behavior of Humanoid Robots in Physical Collaboration with Humans,Shubham S. Kumbhar and Panagiotis K. Artemiadis,2025
Full list of identified skills.,Mobile Base Skills,Navigation,gait,Dadiotis2025DynamicOG,Dynamic Object Goal Pushing with Mobile Manipulators Through Model-Free Constrained Reinforcement Learning,Ioannis Dadiotis and Mayank Mittal and Nikolaos G. Tsagarakis and Marco Hutter,2025
Full list of identified skills.,Mobile Base Skills,Navigation,gait,Zhang2025AgentWorldAI,AgentWorld: An Interactive Simulation Platform for Scene Construction and Mobile Robotic Manipulation,Yizheng Zhang and Zhenjun Yu and Jiaxin Lai and Cewu Lu and Lei Han,2025
Full list of identified skills.,Mobile Base Skills,Navigation,shared navigation,Bruemmer2010BehaviorBC,"Behavior based control of robotic payloads for detection, neutralization, and interrogation of explosive hazards",David J. Bruemmer and Curtis W. Nielsen and Ross Hartley and J. Green,2010
Full list of identified skills.,Mobile Base Skills,Control Mode,combined teleoperation blending,Maeda2022BlendingPP,Blending Primitive Policies in Shared Control for Assisted Teleoperation,Guilherme J. Maeda,2022
Full list of identified skills.,Mobile Base Skills,Challenging Terrain,traverse uneven terrain,Singh2013CoordinatingMM,Coordinating mobile manipulator's motion to produce stable trajectories on uneven terrain based on feasible acceleration count,Arun Kumar Singh and K. Madhava Krishna,2013
Full list of identified skills.,Mobile Base Skills,Challenging Terrain,traverse uneven terrain,Schwarz2016HybridDL,Hybrid driving-stepping locomotion with the wheeled-legged robot Momaro,Max Schwarz and Tobias Rodehutskors and Michael Schreiber and Sven Behnke,2016
Full list of identified skills.,Mobile Base Skills,Challenging Terrain,traverse uneven terrain,Karumanchi2017TeamRS,Team RoboSimian: Semi‐autonomous Mobile Manipulation at the 2015 DARPA Robotics Challenge Finals,Sisir Karumanchi and Kyle Edelberg and Ian A. Baldwin and Jeremy Nash and Jason I. Reid and Charles F. Bergh and John Leichty and Kalind C. Carpenter and Matthew Shekels and Matthew Gildner and David Newill-Smith and Jason Carlton and John Koehler and Tatyana Dobreva and Matthew A. Frost and Paul Hebert and James Borders and Jeremy Ma and Bertrand Douillard and Paul G. Backes and Brett Kennedy and Brian W. Satzinger and Chelsea Lau and Katie Byl and Krishnan Shankar and Joel W. Burdick,2017
Full list of identified skills.,Mobile Base Skills,Challenging Terrain,climb stairs,Schwarz2016HybridDL,Hybrid driving-stepping locomotion with the wheeled-legged robot Momaro,Max Schwarz and Tobias Rodehutskors and Michael Schreiber and Sven Behnke,2016
Full list of identified skills.,Mobile Base Skills,Challenging Terrain,climb stairs,Karumanchi2017TeamRS,Team RoboSimian: Semi‐autonomous Mobile Manipulation at the 2015 DARPA Robotics Challenge Finals,Sisir Karumanchi and Kyle Edelberg and Ian A. Baldwin and Jeremy Nash and Jason I. Reid and Charles F. Bergh and John Leichty and Kalind C. Carpenter and Matthew Shekels and Matthew Gildner and David Newill-Smith and Jason Carlton and John Koehler and Tatyana Dobreva and Matthew A. Frost and Paul Hebert and James Borders and Jeremy Ma and Bertrand Douillard and Paul G. Backes and Brett Kennedy and Brian W. Satzinger and Chelsea Lau and Katie Byl and Krishnan Shankar and Joel W. Burdick,2017
Full list of identified skills.,Perception Skills,Target Identification,target marking,Bruemmer2010BehaviorBC,"Behavior based control of robotic payloads for detection, neutralization, and interrogation of explosive hazards",David J. Bruemmer and Curtis W. Nielsen and Ross Hartley and J. Green,2010
Full list of identified skills.,Perception Skills,Target Identification,interactive perception,Kenney2009InteractiveSF,Interactive segmentation for manipulation in unstructured environments,Jacqueline Kenney and Thomas Buckley and Oliver Brock,2009
Full list of identified skills.,Perception Skills,Target Identification,interactive perception,engelbracht2024spotlightroboticsceneunderstanding,SpotLight: Robotic Scene Understanding through Interaction and Affordance Detection,Tim Engelbracht and René Zurbrügg and Marc Pollefeys and Hermann Blum and Zuria Bauer,2024
Full list of identified skills.,Mobile Manipulator Skills,Environment-perceptive Skills,approach target,Gray2013ASP,"A single planner for a composite task of approaching, opening and navigating through non-spring and spring-loaded doors",Steven Gray and Sachin Chitta and Vijay R. Kumar and Maxim Likhachev,2013
Full list of identified skills.,Mobile Manipulator Skills,Environment-perceptive Skills,approach target,Weser2009AutonomousPF,Autonomous planning for mobile manipulation services based on multi-level robot skills,Martin Weser and Jianwei Zhang,2009
Full list of identified skills.,Mobile Manipulator Skills,Environment-perceptive Skills,approach target,Sayyaadi2014ControlON,Control of Nonholonomic mobile Manipulators for Cooperative Object Transportation,Hassan Sayyaadi and Mohammad Hossein Babaee,2014
Full list of identified skills.,Mobile Manipulator Skills,Environment-perceptive Skills,approach target,Laaksonen2010EmbodimentIM,Embodiment independent manipulation through action abstraction,Janne Laaksonen and Javier Felip and Antonio Morales and Ville Kyrki,2010
Full list of identified skills.,Mobile Manipulator Skills,Environment-perceptive Skills,approach target,Frasca2020GoingCA,Going Cognitive: A Demonstration of the Utility of Task-General Cognitive Architectures for Adaptive Robotic Task Performance,Tyler M. Frasca and Zhao Han and Holly A. Yanco and matthias. scheutz,2020
Full list of identified skills.,Mobile Manipulator Skills,Environment-perceptive Skills,approach target,Stulp2009LearningAP,Learning and performing place-based mobile manipulation,Freek Stulp and Andreas Fedrizzi and Michael Beetz,2009
Full list of identified skills.,Mobile Manipulator Skills,Environment-perceptive Skills,approach target,Tsay2010MaterialHO,Material handling of a mobile manipulator using an eye-in-hand vision system,T. I. James Tsay and Ying-Feng Lai and Yi-Lin Hsiao,2010
Full list of identified skills.,Mobile Manipulator Skills,Environment-perceptive Skills,approach target,Toner2024PRFAP,PRF: A Program Reuse Framework for Automated Programming by Learning from Existing Robot Programs,Tyler Toner and Dawn M. Tilbury and Kira Barton,2024
Full list of identified skills.,Mobile Manipulator Skills,Environment-perceptive Skills,approach target,Kostavelis2022RoboticAI,Robotic Assistance in Medication Intake: A Complete Pipeline,"Ioannis Kostavelis and Andreas Kargakos and Evangelos Skartados and Georgia Peleka and Dimitrios Giakoumis and Iason Sarantopoulos and Ioannis Agriomallos and Zoe Doulgeri and Satoshi Endo and Heiko St{\""u}ber and Faris Janjo{\v{s}} and Sandra Hirche and Dimitrios Tzovaras",2022
Full list of identified skills.,Mobile Manipulator Skills,Environment-perceptive Skills,approach target,Lim2008MultipleHC,Multiple humanoid cooperative control system for heterogeneous humanoid team,Heonyoung Lim and Yeonsik Kang and Joong-Jae Lee and Jongwon Kim and Bum-Jae You,2008
Full list of identified skills.,Mobile Manipulator Skills,Environment-perceptive Skills,approach target,Chang2006ABB,A behavior based nonlinear multi‐agent framework using a hybrid approach,Chih-Fu Chang and Li-Chen Fu,2006
Full list of identified skills.,Mobile Manipulator Skills,Environment-perceptive Skills,approach target,Wasik2002AFB,A fuzzy behavior-based control system for manipulation,Zbigniew Wasik and Alessandro Saffiotti,2002
Full list of identified skills.,Mobile Manipulator Skills,Environment-perceptive Skills,approach target,MacKenzie1996BehaviorbasedMM,Behavior-based mobile manipulation for drum sampling,Douglas C. MacKenzie and Ronald C. Arkin,1996
Full list of identified skills.,Mobile Manipulator Skills,Environment-perceptive Skills,approach target,Stroupe2005BehaviorbasedMC,Behavior-based multi-robot collaboration for autonomous construction tasks,Ashley W. Stroupe and Terrance L. Huntsberger and Avi Okon and Hrand Aghazarian and Matthew L. Robinson,2005
Full list of identified skills.,Mobile Manipulator Skills,Environment-perceptive Skills,approach target,Nagatani1996DesigningSA,Designing strategy and implementation of mobile manipulator control system for opening door,Keiji Nagatani and Shin'ichi Yuta,1996
Full list of identified skills.,Mobile Manipulator Skills,Environment-perceptive Skills,approach target,Nagatani1996DooropeningBO,Door-opening behavior of an autonomous mobile manipulator by sequence of action primitives,Keiji Nagatani and Shin'ichi Yuta,1996
Full list of identified skills.,Mobile Manipulator Skills,Environment-perceptive Skills,approach target,Choi2009HandIO,Hand it over or set it down: A user study of object delivery with an assistive mobile manipulator,Young Sang Choi and Tiffany L. Chen and Advait Jain and Cressel D. Anderson and Jonathan D. Glass and Charles C. Kemp,2009
Full list of identified skills.,Mobile Manipulator Skills,Environment-perceptive Skills,approach target,Nagatani2000MotionDF,"Motion design for autonomous mobile manipulator based on programming style ""action primitive""",Keiji Nagatani and Yutaka Tanaka,2000
Full list of identified skills.,Mobile Manipulator Skills,Environment-perceptive Skills,approach target,Zsoldos2025TowardsRL,Towards robotic Laboratory Automation Plug \& Play: LAPP reference implementation with the TIAGo mobile manipulator.,Panna Zsoldos and {\'A}d{\'a}m Wolf and K{\'a}roly Sz{\'e}ll and P{\'e}ter Galambos,2025
Full list of identified skills.,Mobile Manipulator Skills,Environment-perceptive Skills,approach target,Beetz2011GeneralityAL,Generality and Legibility in Mobile Manipulation Learning Skills for Routine Tasks,Michael Beetz and Freek Stulp and Piotr Esden-Tempski and Andreas Fedrizzi and Ulrich Klank and Ingo Kresse and Alexis Maldonado and Federico Ruiz,2011
Full list of identified skills.,Mobile Manipulator Skills,Environment-perceptive Skills,approach target,Yang2026VisionLanguageActionME,Vision-Language-Action Model-Based Event-Triggered Admittance Control of a Mobile Manipulator for Power Substation Live-Maintaining,Yuwei Yang and Zhijun Li and Zongjie Hu,2026
Full list of identified skills.,Mobile Manipulator Skills,Environment-perceptive Skills,approach target,Kotecha2024AHM,"A Hierarchical Manipulation Planning Framework Combining Striking, Pushing, and Pick \& Place Motion Primitives",Prakrut Kotecha and Pritish Sinha and Nagamanikandan Govindan,2024
Full list of identified skills.,Mobile Manipulator Skills,Environment-perceptive Skills,approach target,Lopes2026CARGOAM,CARGO: A Mobile Manipulator Solution for Container Unloading,Maria S. Lopes and Artur Cordeiro and Ricardo B. Sousa and Jos{\'e} Alberto Beça and Pedro Costa and Jo{\~a}o Pedro Carvalho de Souza and Manuel F. Silva,2026
Full list of identified skills.,Mobile Manipulator Skills,Environment-perceptive Skills,approach target,Lee2025LearningCL,Learning Category-Level Last-Meter Navigation From RGB Demonstrations of a Single-Instance,Tzu-Hsien Lee and Fidan Mahmudova and Karthik Desingh,2025
Full list of identified skills.,Mobile Manipulator Skills,Environment-perceptive Skills,approach target,Gupta2025PreciseMM,Precise Mobile Manipulation of Small Everyday Objects,Arjun Gupta and Rishik Sathua and Saurabh Gupta,2025
Full list of identified skills.,Mobile Manipulator Skills,Environment-perceptive Skills,approach target,Shan2026DockAnywhereDV,DockAnywhere: Data-Efficient Visuomotor Policy Learning for Mobile Manipulation via Novel Demonstration Generation,Ziyu Shan and Yuheng Zhou and Gaoyuan Wu and Zihe Ji and Zhenyu Wu and Ziwei Wang,2026
Full list of identified skills.,Mobile Manipulator Skills,Environment-perceptive Skills,approach target,Fu2024MobileAL,Mobile ALOHA: Learning Bimanual Mobile Manipulation with Low-Cost Whole-Body Teleoperation,Zipeng Fu and Tony Zhao and Chelsea Finn,2024
Full list of identified skills.,Mobile Manipulator Skills,Environment-perceptive Skills,approach target,Watanabe2025IntegratingBP,Integrating Bilevel Planning and Offline Skill Learning for Enhancing Mobile Manipulation,Shin Watanabe and Geir Horn and Jim T{\o}rresen and Kai Olav Ellefsen,2025
Full list of identified skills.,Mobile Manipulator Skills,Environment-perceptive Skills,track target,Donald2024AnAF,An Adaptive Framework for Manipulator Skill Reproduction in Dynamic Environments,Ryan Donald and Brendan Hertel and Stephen Misenti and Yan Gu and Reza Azadeh,2024
Full list of identified skills.,Mobile Manipulator Skills,Environment-perceptive Skills,track target,Weser2009AutonomousPF,Autonomous planning for mobile manipulation services based on multi-level robot skills,Martin Weser and Jianwei Zhang,2009
Full list of identified skills.,Mobile Manipulator Skills,Environment-perceptive Skills,track target,Pedersen2015GestureBasedEO,Gesture-Based Extraction of Robot Skill Parameters for Intuitive Robot Programming,"Mikkel Rath Pedersen and Volker Kr{\""u}ger",2015
Full list of identified skills.,Mobile Manipulator Skills,Environment-perceptive Skills,track target,Stckler2009IntegratingIM,"Integrating indoor mobility, object manipulation, and intuitive interaction for domestic service tasks","J. St{\""u}ckler and Sven Behnke",2009
Full list of identified skills.,Mobile Manipulator Skills,Environment-perceptive Skills,track target,Kenney2009InteractiveSF,Interactive segmentation for manipulation in unstructured environments,Jacqueline Kenney and Thomas Buckley and Oliver Brock,2009
Full list of identified skills.,Mobile Manipulator Skills,Environment-perceptive Skills,track target,Pedersen2014IntuitiveSP,Intuitive skill-level programming of industrial handling tasks on a mobile manipulator,"Mikkel Rath Pedersen and Dennis Herzog and Volker Kr{\""u}ger",2014
Full list of identified skills.,Mobile Manipulator Skills,Environment-perceptive Skills,track target,Arm2024PedipulateEM,Pedipulate: Enabling Manipulation Skills using a Quadruped Robot’s Leg,Philip Arm and Mayank Mittal and Hendrik Kolvenbach and Marco Hutter,2024
Full list of identified skills.,Mobile Manipulator Skills,Environment-perceptive Skills,track target,Lim2019SkillbasedAA,"Skill-based anytime agent architecture for European Robotics Challenges in realistic environments: EuRoC Challenge 2, Stage II - realistic labs",Gi Hyun Lim and Eurico Farinha Pedrosa and Filipe Amaral and Artur Pereira and Nuno Lau and Jos{\'e} Lu{\'i}s Azevedo and Bernardo Cunha and Simone Badini,2019
Full list of identified skills.,Mobile Manipulator Skills,Environment-perceptive Skills,track target,Chang2006ABB,A behavior based nonlinear multi‐agent framework using a hybrid approach,Chih-Fu Chang and Li-Chen Fu,2006
Full list of identified skills.,Mobile Manipulator Skills,Environment-adaptive Skills,move tool along plane,Li2022BEHAVIOR1KAB,"BEHAVIOR-1K: A Benchmark for Embodied AI with 1, 000 Everyday Activities and Realistic Simulation",Chengshu Li and Ruohan Zhang and Josiah Wong and Cem Gokmen and Sanjana Srivastava and Roberto Mart{\'i}n-Mart{\'i}n and Chen Wang and Gabrael Levine and Michael Lingelbach and Jiankai Sun and Mona Anvari and Minjune Hwang and Manasi Sharma and Arman Aydin and Dhruva Bansal and Samuel Hunter and Kyu-Young Kim and Alan Lou and Caleb R. Matthews and Ivan Villa-Renteria and Jerry Huayang Tang and Claire Tang and Fei Xia and Silvio Savarese and Hyowon Gweon and C. Karen Liu and Jiajun Wu and Li Fei-Fei,2022
Full list of identified skills.,Mobile Manipulator Skills,Environment-adaptive Skills,move tool along plane,Huang2013BehaviorB,Behavior-based Task Learning by Demonstration for Mobile Manipulators,"Shu Huang and Erwin Aertbeli{\""e}n and Herman Bruyninckx and Hendrik Van Brussel",2013
Full list of identified skills.,Mobile Manipulator Skills,Environment-adaptive Skills,move tool along plane,Groth2013MultitaskingOC,Multi-tasking of competing behaviors on a robot manipulator,Christian Groth and Dominik Henrich,2013
Full list of identified skills.,Mobile Manipulator Skills,Environment-adaptive Skills,move tool along plane,Li2020PatternAA,Pattern Analysis and Parameters Optimization of Dynamic Movement Primitives for Learning Unknown Trajectories,Mantian Li and Zeguo Yang and Fusheng Zha and Xin Wang and Pengfei Wang and Wei Guo and Darwin Gordon Caldwell and Fei Chen,2020
Full list of identified skills.,Mobile Manipulator Skills,Environment-adaptive Skills,move tool along plane,Lim2008MultipleHC,Multiple humanoid cooperative control system for heterogeneous humanoid team,Heonyoung Lim and Yeonsik Kang and Joong-Jae Lee and Jongwon Kim and Bum-Jae You,2008
Full list of identified skills.,Mobile Manipulator Skills,Environment-adaptive Skills,move tool along plane,Kotecha2024AHM,"A Hierarchical Manipulation Planning Framework Combining Striking, Pushing, and Pick \& Place Motion Primitives",Prakrut Kotecha and Pritish Sinha and Nagamanikandan Govindan,2024
Full list of identified skills.,Mobile Manipulator Skills,Environment-adaptive Skills,move tool along plane,Fu2024MobileAL,Mobile ALOHA: Learning Bimanual Mobile Manipulation with Low-Cost Whole-Body Teleoperation,Zipeng Fu and Tony Zhao and Chelsea Finn,2024
Full list of identified skills.,Mobile Manipulator Skills,Environment-adaptive Skills,reactive motion,Zhao2025ReactiveWL,Reactive Whole-body Locomotion-integrated Manipulation Based on Combined Learning and Optimization,Jianzhuang Zhao and Tao Teng and Elena De Momi and Arash Ajoudani,2025
Full list of identified skills.,Mobile Manipulator Skills,Environment-adaptive Skills,balance,Schwarz2016HybridDL,Hybrid driving-stepping locomotion with the wheeled-legged robot Momaro,Max Schwarz and Tobias Rodehutskors and Michael Schreiber and Sven Behnke,2016
Full list of identified skills.,Mobile Manipulator Skills,Environment-adaptive Skills,change height,Ding2022IntelligentAF,Intelligent assistance for older adults via an admittance-controlled wheeled mobile manipulator with task-dependent end-effectors,Liang Ding and Hongjun Xing and Ali Reza Torabi and Javad K. Mehr and Mojtaba Sharifi and Haibo Gao and Vivian K. Mushahwar and Mahdi Tavakoli,2022
Full list of identified skills.,Mobile Manipulator Skills,Environment-adaptive Skills,constrained navigation,Hornung2012NavigationIT,Navigation in three-dimensional cluttered environments for mobile manipulation,Armin Hornung and Mike Phillips and Edward Gil Jones and Maren Bennewitz and Maxim Likhachev and Sachin Chitta,2012
Full list of identified skills.,Mobile Manipulator Skills,Environment-adaptive Skills,footprint adaptive navigation,Hornung2012NavigationIT,Navigation in three-dimensional cluttered environments for mobile manipulation,Armin Hornung and Mike Phillips and Edward Gil Jones and Maren Bennewitz and Maxim Likhachev and Sachin Chitta,2012
Full list of identified skills.,Mobile Manipulator Skills,Environment-interactive Skills,simultaneous navigation and articulation,Scholz2011CartPW,Cart pushing with a mobile manipulation system: Towards navigation with moveable objects,Jonathan Scholz and Sachin Chitta and Bhaskara Marthi and Maxim Likhachev,2011
Full list of identified skills.,Mobile Manipulator Skills,Environment-interactive Skills,simultaneous navigation and articulation,Rigo2022ContactOF,Contact Optimization for Non-Prehensile Loco-Manipulation via Hierarchical Model Predictive Control,Alberto Rigo and Yiyu Chen and Sandeep K. S. Gupta and Quan Nguyen,2022
Full list of identified skills.,Mobile Manipulator Skills,Environment-interactive Skills,simultaneous navigation and articulation,Stckler2009IntegratingIM,"Integrating indoor mobility, object manipulation, and intuitive interaction for domestic service tasks","J. St{\""u}ckler and Sven Behnke",2009
Full list of identified skills.,Mobile Manipulator Skills,Environment-interactive Skills,simultaneous navigation and articulation,Settimi2016MotionPB,Motion primitive based random planning for loco-manipulation tasks,Alessandro Settimi and Danilo Caporale and Przemyslaw Kryczka and Mirko Ferrati and Lucia Pallottino,2016
Full list of identified skills.,Mobile Manipulator Skills,Environment-interactive Skills,simultaneous navigation and articulation,Confente2025SkinMachineIW,Skin-Machine Interface with Multimodal Contact Motion Classifier,Alberto Confente and Takanori Jin and Taisuke Kobayashi and Julio Rogelio Guadarrama-Olvera and Gordon Cheng,2025
Full list of identified skills.,Mobile Manipulator Skills,Environment-interactive Skills,simultaneous navigation and articulation,Bertoncelli2020LinearTM,Linear Time-Varying MPC for Nonprehensile Object Manipulation with a Nonholonomic Mobile Robot,Filippo Bertoncelli and Fabio Ruggiero and Lorenzo Sabattini,2020
Full list of identified skills.,Mobile Manipulator Skills,Environment-interactive Skills,simultaneous navigation and articulation,Dadiotis2025DynamicOG,Dynamic Object Goal Pushing with Mobile Manipulators Through Model-Free Constrained Reinforcement Learning,Ioannis Dadiotis and Mayank Mittal and Nikolaos G. Tsagarakis and Marco Hutter,2025
Full list of identified skills.,Mobile Manipulator Skills,Environment-interactive Skills,simultaneous navigation and articulation,Fu2024MobileAL,Mobile ALOHA: Learning Bimanual Mobile Manipulation with Low-Cost Whole-Body Teleoperation,Zipeng Fu and Tony Zhao and Chelsea Finn,2024
Full list of identified skills.,Mobile Manipulator Skills,Environment-interactive Skills,articulated object manipulation,Huang2013BehaviorB,Behavior-based Task Learning by Demonstration for Mobile Manipulators,"Shu Huang and Erwin Aertbeli{\""e}n and Herman Bruyninckx and Hendrik Van Brussel",2013
Full list of identified skills.,Mobile Manipulator Skills,Environment-interactive Skills,articulated object manipulation,Arm2024PedipulateEM,Pedipulate: Enabling Manipulation Skills using a Quadruped Robot’s Leg,Philip Arm and Mayank Mittal and Hendrik Kolvenbach and Marco Hutter,2024
Full list of identified skills.,Mobile Manipulator Skills,Environment-interactive Skills,articulated object manipulation,Lim2008MultipleHC,Multiple humanoid cooperative control system for heterogeneous humanoid team,Heonyoung Lim and Yeonsik Kang and Joong-Jae Lee and Jongwon Kim and Bum-Jae You,2008
Full list of identified skills.,Mobile Manipulator Skills,Environment-interactive Skills,articulated object manipulation,Huang2023SkillTA,Skill Transformer: A Monolithic Policy for Mobile Manipulation,Xiaoyu Huang and Dhruv Batra and Akshara Rai and Andrew Szot,2023
Full list of identified skills.,Mobile Manipulator Skills,Environment-interactive Skills,articulated object manipulation,Karumanchi2017TeamRS,Team RoboSimian: Semi‐autonomous Mobile Manipulation at the 2015 DARPA Robotics Challenge Finals,Sisir Karumanchi and Kyle Edelberg and Ian A. Baldwin and Jeremy Nash and Jason I. Reid and Charles F. Bergh and John Leichty and Kalind C. Carpenter and Matthew Shekels and Matthew Gildner and David Newill-Smith and Jason Carlton and John Koehler and Tatyana Dobreva and Matthew A. Frost and Paul Hebert and James Borders and Jeremy Ma and Bertrand Douillard and Paul G. Backes and Brett Kennedy and Brian W. Satzinger and Chelsea Lau and Katie Byl and Krishnan Shankar and Joel W. Burdick,2017
Full list of identified skills.,Mobile Manipulator Skills,Environment-interactive Skills,articulated object manipulation,Huang2008ACB,A Constraint-Based Behavior Fusion Mechanism on Mobile Manipulator,Shu Huang and E. Aertbelien and Hendrik Van Brussel,2008
Full list of identified skills.,Mobile Manipulator Skills,Environment-interactive Skills,articulated object manipulation,Petersson1999AHC,A hybrid control architecture for mobile manipulation,Lars Petersson and Magnus Egerstedt and Henrik I. Christensen,1999
Full list of identified skills.,Mobile Manipulator Skills,Environment-interactive Skills,articulated object manipulation,Huang2008AnAB,An autonomic behavior-based software architecture for mobile manipulator,Shu Huang and E. Aertbelien and Hendrik Van Brussel,2008
Full list of identified skills.,Mobile Manipulator Skills,Environment-interactive Skills,articulated object manipulation,engelbracht2024spotlightroboticsceneunderstanding,SpotLight: Robotic Scene Understanding through Interaction and Affordance Detection,Tim Engelbracht and René Zurbrügg and Marc Pollefeys and Hermann Blum and Zuria Bauer,2024
Full list of identified skills.,Mobile Manipulator Skills,Environment-interactive Skills,articulated object manipulation,Shan2026DockAnywhereDV,DockAnywhere: Data-Efficient Visuomotor Policy Learning for Mobile Manipulation via Novel Demonstration Generation,Ziyu Shan and Yuheng Zhou and Gaoyuan Wu and Zihe Ji and Zhenyu Wu and Ziwei Wang,2026
Full list of identified skills.,Mobile Manipulator Skills,Environment-interactive Skills,articulated object manipulation,Fu2024MobileAL,Mobile ALOHA: Learning Bimanual Mobile Manipulation with Low-Cost Whole-Body Teleoperation,Zipeng Fu and Tony Zhao and Chelsea Finn,2024
Full list of identified skills.,Mobile Manipulator Skills,Environment-interactive Skills,articulated object manipulation,Zhang2025AgentWorldAI,AgentWorld: An Interactive Simulation Platform for Scene Construction and Mobile Robotic Manipulation,Yizheng Zhang and Zhenjun Yu and Jiaxin Lai and Cewu Lu and Lei Han,2025
Full list of identified skills.,Mobile Manipulator Skills,Environment-interactive Skills,pass through dynamic doors,Gray2013ASP,"A single planner for a composite task of approaching, opening and navigating through non-spring and spring-loaded doors",Steven Gray and Sachin Chitta and Vijay R. Kumar and Maxim Likhachev,2013
Full list of identified skills.,Mobile Manipulator Skills,Object Manipulation / Transport,carry,Yamazaki2012HomeAssistantRF,Home-Assistant Robot for an Aging Society,Kimitoshi Yamazaki and Ryohei Ueda and Shunichi Nozawa and Mitsuharu Kojima and Kei Okada and Kiyoshi Matsumoto and Masaru Ishikawa and Isao Shimoyama and Masayuki Inaba,2012
Full list of identified skills.,Mobile Manipulator Skills,Object Manipulation / Transport,carry,Ding2022IntelligentAF,Intelligent assistance for older adults via an admittance-controlled wheeled mobile manipulator with task-dependent end-effectors,Liang Ding and Hongjun Xing and Ali Reza Torabi and Javad K. Mehr and Mojtaba Sharifi and Haibo Gao and Vivian K. Mushahwar and Mahdi Tavakoli,2022
Full list of identified skills.,Mobile Manipulator Skills,Object Manipulation / Transport,carry,Arm2024PedipulateEM,Pedipulate: Enabling Manipulation Skills using a Quadruped Robot’s Leg,Philip Arm and Mayank Mittal and Hendrik Kolvenbach and Marco Hutter,2024
Full list of identified skills.,Mobile Manipulator Skills,Object Manipulation / Transport,carry,Lee2018PlanningAC,Planning and Control for Collision-Free Cooperative Aerial Transportation,Hyeonbeom Lee and Hyoin Kim and H. Jin Kim,2018
Full list of identified skills.,Mobile Manipulator Skills,Object Manipulation / Transport,carry,Stuckler2012RoboCupHomeDE,RoboCup@Home: Demonstrating Everyday Manipulation Skills in RoboCup@Home,J. P. Stuckler and Dirk Holz and Sven Behnke,2012
Full list of identified skills.,Mobile Manipulator Skills,Object Manipulation / Transport,carry,Cohen2012SearchbasedPF,Search-based planning for dual-arm manipulation with upright orientation constraints,Benjamin J. Cohen and Sachin Chitta and Maxim Likhachev,2012
Full list of identified skills.,Mobile Manipulator Skills,Object Manipulation / Transport,carry,Lim2008MultipleHC,Multiple humanoid cooperative control system for heterogeneous humanoid team,Heonyoung Lim and Yeonsik Kang and Joong-Jae Lee and Jongwon Kim and Bum-Jae You,2008
Full list of identified skills.,Mobile Manipulator Skills,Object Manipulation / Transport,carry,Sequeira2000BehaviourbasedCB,Behaviour-based cooperation between two mobile manipulators,Jo{\~a}o Silva Sequeira and M. Isabel Ribeiro,2000
Full list of identified skills.,Mobile Manipulator Skills,Object Manipulation / Transport,carry,Waarsing2001IntroducingRI,Introducing robots into a human-centred environment: the behaviour-based approach,Ren{\'e} Waarsing and Marnix Nuttin and Hendrik Van Brussel,2001
Full list of identified skills.,Mobile Manipulator Skills,Object Manipulation / Transport,carry,Pimentel2002OnTD,On the development of cooperative behavior-based mobile manipulators,Bruno Santos Pimentel and Guilherme A. S. Pereira and Mario Fernando Montenegro Campos,2002
Full list of identified skills.,Mobile Manipulator Skills,Object Manipulation / Transport,carry,Kim2022LearningAG,Learning and Generalizing Cooperative Manipulation Skills Using Parametric Dynamic Movement Primitives,Hyoin Kim and Changsuk Oh and Inkyu Jang and Sungyong Park and Hoseong Seo and H. Jin Kim,2022
Full list of identified skills.,Mobile Manipulator Skills,Object Manipulation / Transport,carry,Urbaniak2025ObstacleAU,Obstacle Avoidance Using Dynamic Movement Primitives and Reinforcement Learning,Dominik Urbaniak and Alejandro Agostini and Pol Ramon and Jan Rosell and Ra{\'u}l Su{\'a}rez and Michael Suppa,2025
Full list of identified skills.,Mobile Manipulator Skills,Object Manipulation / Transport,carry,Kumbhar2025MPCQPBasedCF,MPC-QP-Based Control Framework for Compliant Behavior of Humanoid Robots in Physical Collaboration with Humans,Shubham S. Kumbhar and Panagiotis K. Artemiadis,2025
Full list of identified skills.,Mobile Manipulator Skills,Object Manipulation / Transport,pick at non-zero velocity,Zhao2025ACL,A combined learning and optimization framework to transfer human whole-body loco-manipulation skills to mobile manipulators,Jianzhuang Zhao and Francesco Tassi and Yanlong Huang and Elena De Momi and Arash Ajoudani,2025
Full list of identified skills.,Mobile Manipulator Skills,Object Manipulation / Transport,pick at non-zero velocity,Yang2023LearnTC,Learn to Coordinate: a Whole-Body Learning from Demonstration Framework for Differential Drive Mobile Manipulators,Yuqiang Yang and Darong Huang and Chen Chen and Chao Zeng and Yanong He and Chenguang Yang,2023
Full list of identified skills.,Mobile Manipulator Skills,Object Manipulation / Transport,place at non-zero velocity,Zhao2025ACL,A combined learning and optimization framework to transfer human whole-body loco-manipulation skills to mobile manipulators,Jianzhuang Zhao and Francesco Tassi and Yanlong Huang and Elena De Momi and Arash Ajoudani,2025
Full list of identified skills.,Mobile Manipulator Skills,Object Manipulation / Transport,cooperative formation,Sayyaadi2014ControlON,Control of Nonholonomic mobile Manipulators for Cooperative Object Transportation,Hassan Sayyaadi and Mohammad Hossein Babaee,2014
Full list of identified skills.,Mobile Manipulator Skills,Object Manipulation / Transport,cooperative formation,Chang2006ABB,A behavior based nonlinear multi‐agent framework using a hybrid approach,Chih-Fu Chang and Li-Chen Fu,2006
Full list of identified skills.,Mobile Manipulator Skills,Object Manipulation / Transport,cooperative formation,Chang2006AnalysisOA,Analysis of a Behavior Based Nonholonomic Wheeled Mobile Robot Control With Hybrid System Approach,Chih-Fu Chang and Li-Chen Fu,2006
Full list of identified skills.,Mobile Manipulator Skills,Object Manipulation / Transport,cooperative formation,Pimentel2002OnTD,On the development of cooperative behavior-based mobile manipulators,Bruno Santos Pimentel and Guilherme A. S. Pereira and Mario Fernando Montenegro Campos,2002
Full list of identified skills.,Mobile Manipulator Skills,Object Manipulation / Transport,cooperative formation,Kim2022LearningAG,Learning and Generalizing Cooperative Manipulation Skills Using Parametric Dynamic Movement Primitives,Hyoin Kim and Changsuk Oh and Inkyu Jang and Sungyong Park and Hoseong Seo and H. Jin Kim,2022
Full list of identified skills.,Mobile Manipulator Skills,Object Manipulation / Transport,cooperative formation,Wahba2025pcdbCBSKM,pc-dbCBS: Kinodynamic Motion Planning of Physically-Coupled Robot Teams,"Khaled Wahba and Wolfgang H{\""""o}nig",2025
Full list of identified skills.,Mobile Manipulator Skills,Object Manipulation / Transport,assist,Ding2022IntelligentAF,Intelligent assistance for older adults via an admittance-controlled wheeled mobile manipulator with task-dependent end-effectors,Liang Ding and Hongjun Xing and Ali Reza Torabi and Javad K. Mehr and Mojtaba Sharifi and Haibo Gao and Vivian K. Mushahwar and Mahdi Tavakoli,2022
Full list of identified tasks.,Manipulator Tasks,Household / Daily Activities,sweeping up dust,Stckler2014AdaptiveTS,Adaptive tool-use strategies for anthropomorphic service robots,"J. St{\""u}ckler and Sven Behnke",2014
Full list of identified tasks.,Manipulator Tasks,Household / Daily Activities,sweeping up dust,Yamazaki2012HomeAssistantRF,Home-Assistant Robot for an Aging Society,Kimitoshi Yamazaki and Ryohei Ueda and Shunichi Nozawa and Mitsuharu Kojima and Kei Okada and Kiyoshi Matsumoto and Masaru Ishikawa and Isao Shimoyama and Masayuki Inaba,2012
Full list of identified tasks.,Manipulator Tasks,Household / Daily Activities,water plants,Stckler2014AdaptiveTS,Adaptive tool-use strategies for anthropomorphic service robots,"J. St{\""u}ckler and Sven Behnke",2014
Full list of identified tasks.,Manipulator Tasks,Object / Tool Handling,pick parts from pallets,Holz2015ASS,A skill-based system for object perception and manipulation for automating kitting tasks,"Dirk Holz and Angeliki Topalidou-Kyniazopoulou and Francesco Rovida and Mikkel Rath Pedersen and Volker Kr{\""u}ger and Sven Behnke",2015
Full list of identified tasks.,Manipulator Tasks,Object / Tool Handling,open bottle,Stckler2013IncreasingFO,Increasing Flexibility of Mobile Manipulation and Intuitive Human-Robot Interaction in RoboCup@Home,"J. St{\""u}ckler and David Droeschel and Kathrin Gr{\""a}ve and Dirk Holz and Michael Schreiber and Angeliki Topalidou-Kyniazopoulou and Max Schwarz and Sven Behnke",2013
Full list of identified tasks.,Manipulator Tasks,Object / Tool Handling,screw and unscrew,Koch2017ASR,A Skill-based Robot Co-worker for Industrial Maintenance Tasks,Paul Koch and Marike K. van den Broek and Patrycja Dębska and Moritz Alexander Thormann and Adrian Johannes Tetzlaff and Simon B{\o}gh and Dimitrios Chrysostomou,2017
Full list of identified tasks.,Manipulator Tasks,Object / Tool Handling,fill out survey,Niekum2012LearningAG,Learning and generalization of complex tasks from unstructured demonstrations,Scott Niekum and Sarah Osentoski and George Dimitri Konidaris and Andrew G. Barto,2012
Full list of identified tasks.,Mobile Manipulator Tasks,Mobile Manipulation,static pick and place,Forster2020AutomaticEO,Automatic extension of a symbolic mobile manipulation skill set,Julian Forster and Lionel Ott and Juan I. Nieto and Roland Y. Siegwart and Jen Jen Chung,2020
Full list of identified tasks.,Mobile Manipulator Tasks,Mobile Manipulation,static pick and place,Tsay2018BehavioristicIP,Behavioristic image-based pose control of mobile manipulators using an uncalibrated eye-in-hand vision system,T. I. James Tsay and Pei-Jiun Hung,2018
Full list of identified tasks.,Mobile Manipulator Tasks,Mobile Manipulation,static pick and place,Laaksonen2010EmbodimentIM,Embodiment independent manipulation through action abstraction,Janne Laaksonen and Javier Felip and Antonio Morales and Ville Kyrki,2010
Full list of identified tasks.,Mobile Manipulator Tasks,Mobile Manipulation,static pick and place,Garrett2016FFRobLS,FFRob: Leveraging symbolic planning for efficient task and motion planning,Caelan Reed Garrett and Tomas Lozano-Perez and Leslie Pack Kaelbling,2016
Full list of identified tasks.,Mobile Manipulator Tasks,Mobile Manipulation,static pick and place,Pedersen2015GestureBasedEO,Gesture-Based Extraction of Robot Skill Parameters for Intuitive Robot Programming,"Mikkel Rath Pedersen and Volker Kr{\""u}ger",2015
Full list of identified tasks.,Mobile Manipulator Tasks,Mobile Manipulation,static pick and place,Stckler2013IncreasingFO,Increasing Flexibility of Mobile Manipulation and Intuitive Human-Robot Interaction in RoboCup@Home,"J. St{\""u}ckler and David Droeschel and Kathrin Gr{\""a}ve and Dirk Holz and Michael Schreiber and Angeliki Topalidou-Kyniazopoulou and Max Schwarz and Sven Behnke",2013
Full list of identified tasks.,Mobile Manipulator Tasks,Mobile Manipulation,static pick and place,Stckler2009IntegratingIM,"Integrating indoor mobility, object manipulation, and intuitive interaction for domestic service tasks","J. St{\""u}ckler and Sven Behnke",2009
Full list of identified tasks.,Mobile Manipulator Tasks,Mobile Manipulation,static pick and place,Niekum2012LearningAG,Learning and generalization of complex tasks from unstructured demonstrations,Scott Niekum and Sarah Osentoski and George Dimitri Konidaris and Andrew G. Barto,2012
Full list of identified tasks.,Mobile Manipulator Tasks,Mobile Manipulation,static pick and place,Stulp2009LearningAP,Learning and performing place-based mobile manipulation,Freek Stulp and Andreas Fedrizzi and Michael Beetz,2009
Full list of identified tasks.,Mobile Manipulator Tasks,Mobile Manipulation,static pick and place,Pohl2024MAkEableMA,MAkEable: Memory-centered and Affordance-based Task Execution Framework for Transferable Mobile Manipulation Skills,Christoph Pohl and Fabian Reister and Fabian Peller-Konrad and Tamim Asfour,2024
Full list of identified tasks.,Mobile Manipulator Tasks,Mobile Manipulation,static pick and place,Beetz2016OpenRR,Open robotics research using web-based knowledge services,Michael Beetz and Daniel Be{\ss}ler and Jan Oliver Winkler and Jan-Hendrik Worch and Ferenc B{\'a}lint-Bencz{\'e}di and Georg Bartels and Aude G Billard and Asil Kaan Bozcuoğlu and Zhou Fang and Nadia Figueroa and Andrei Haidu and Hagen Langer and Alexis Maldonado and Ana Lucia Pais and Moritz Tenorth and Thiemo Wiedemeyer,2016
Full list of identified tasks.,Mobile Manipulator Tasks,Mobile Manipulation,static pick and place,Li2020PatternAA,Pattern Analysis and Parameters Optimization of Dynamic Movement Primitives for Learning Unknown Trajectories,Mantian Li and Zeguo Yang and Fusheng Zha and Xin Wang and Pengfei Wang and Wei Guo and Darwin Gordon Caldwell and Fei Chen,2020
Full list of identified tasks.,Mobile Manipulator Tasks,Mobile Manipulation,static pick and place,Partovi2017ReactiveIM,Reactive Integrated Mission and Motion Planning for Mobile Robotic Manipulators,Alireza Partovi and Rafael Rodrigues da Silva and Hai Lin,2017
Full list of identified tasks.,Mobile Manipulator Tasks,Mobile Manipulation,static pick and place,Vasilopoulos2020ReactivePF,Reactive Planning for Mobile Manipulation Tasks in Unexplored Semantic Environments,Vasileios Georgios Vasilopoulos and Yiannis Kantaros and George Pappas and Daniel E. Koditschek,2020
Full list of identified tasks.,Mobile Manipulator Tasks,Mobile Manipulation,static pick and place,Zhao2025ReactiveWL,Reactive Whole-body Locomotion-integrated Manipulation Based on Combined Learning and Optimization,Jianzhuang Zhao and Tao Teng and Elena De Momi and Arash Ajoudani,2025
Full list of identified tasks.,Mobile Manipulator Tasks,Mobile Manipulation,static pick and place,Short2019SAILSA,SAIL: Simulation-Informed Active In-the-Wild Learning,Elaine Schaertl Short and Adam Allevato and Andrea Lockerd Thomaz,2019
Full list of identified tasks.,Mobile Manipulator Tasks,Mobile Manipulation,static pick and place,Hentout2008MultiagentAM,Multi-agent Architecture Model for Driving Mobile Manipulator Robots,Abdelfetah Hentout and Brahim Bouzouia and Zakaria Toukal,2008
Full list of identified tasks.,Mobile Manipulator Tasks,Mobile Manipulation,static pick and place,Kiyokawa2025SelfSupervisedLO,Self-Supervised Learning of Grasping Arbitrary Objects On-the-Move,Takuya Kiyokawa and Eiki Nagata and Yoshihisa Tsurumine and Yuhwan Kwon and Takamitsu Matsubara,2025
Full list of identified tasks.,Mobile Manipulator Tasks,Mobile Manipulation,static pick and place,Lim2019SkillbasedAA,"Skill-based anytime agent architecture for European Robotics Challenges in realistic environments: EuRoC Challenge 2, Stage II - realistic labs",Gi Hyun Lim and Eurico Farinha Pedrosa and Filipe Amaral and Artur Pereira and Nuno Lau and Jos{\'e} Lu{\'i}s Azevedo and Bernardo Cunha and Simone Badini,2019
Full list of identified tasks.,Mobile Manipulator Tasks,Mobile Manipulation,static pick and place,Amaral2017SkillbasedAA,"Skill-based anytime agent architecture for logistics and manipulation tasks: EuRoC Challenge 2, Stage II - Realistic Labs: Benchmarking",Filipe Amaral and Eurico Farinha Pedrosa and Gi Hyun Lim and Nima Shafii and Artur Pereira and Jos{\'e} Lu{\'i}s Azevedo and Bernardo Cunha and Luis Paulo Reis and Simone Badini and Nuno Lau,2017
Full list of identified tasks.,Mobile Manipulator Tasks,Mobile Manipulation,static pick and place,Klamt2018SupervisedAL,Supervised Autonomous Locomotion and Manipulation for Disaster Response with a Centaur-Like Robot,Tobias Klamt and Diego Rodriguez and Max Schwarz and Christian Lenz and Dmytro Pavlichenko and David Droeschel and Sven Behnke,2018
Full list of identified tasks.,Mobile Manipulator Tasks,Mobile Manipulation,static pick and place,Hentout2007BehaviourbasedAF,Behaviour-based Architecture for Piloting Mobile Manipulator Robots,Abdelfetah Hentout and Brahim Bouzouia and Zakaria Toukal,2007
Full list of identified tasks.,Mobile Manipulator Tasks,Mobile Manipulation,static pick and place,Kotecha2024AHM,"A Hierarchical Manipulation Planning Framework Combining Striking, Pushing, and Pick \& Place Motion Primitives",Prakrut Kotecha and Pritish Sinha and Nagamanikandan Govindan,2024
Full list of identified tasks.,Mobile Manipulator Tasks,Mobile Manipulation,static pick and place,Akkaladevi2024TowardsAB,Towards a Behavior Tree Based Robotic Skill Execution Framework for Human Robot Collaboration in Industrial Assembly,Sharath Chandra Akkaladevi and Matthias Propst and Kapil Deshpande and Michael Hofmann and Andreas Pichler,2024
Full list of identified tasks.,Mobile Manipulator Tasks,Mobile Manipulation,static pick and place,Zhao2020CooperativeMF,Cooperative Manipulation for a Mobile Dual-Arm Robot Using Sequences of Dynamic Movement Primitives,Ting Zhao and Mingdi Deng and Zhijun Li and Yingbai Hu,2020
Full list of identified tasks.,Mobile Manipulator Tasks,Mobile Manipulation,static pick and place,Urbaniak2025ObstacleAU,Obstacle Avoidance Using Dynamic Movement Primitives and Reinforcement Learning,Dominik Urbaniak and Alejandro Agostini and Pol Ramon and Jan Rosell and Ra{\'u}l Su{\'a}rez and Michael Suppa,2025
Full list of identified tasks.,Mobile Manipulator Tasks,Mobile Manipulation,static pick and place,Carvalho2025ParameterFreeSO,Parameter-Free Segmentation of Robot Movements With Cross-Correlation Using Different Similarity Metrics,Wendy Carvalho and Meriem Elkoudi and Brendan Hertel and Reza Azadeh,2025
Full list of identified tasks.,Mobile Manipulator Tasks,Mobile Manipulation,static pick and place,Fu2024MobileAL,Mobile ALOHA: Learning Bimanual Mobile Manipulation with Low-Cost Whole-Body Teleoperation,Zipeng Fu and Tony Zhao and Chelsea Finn,2024
Full list of identified tasks.,Mobile Manipulator Tasks,Mobile Manipulation,static pick and place,Mounsif2020BAMBA,BAM! Base Abstracted Modeling with Universal Notice Network: Fast Skill Transfer Between Mobile Manipulators,Mehdi Mounsif and S{\'e}bastien Lengagne and Beno{\^i}t Thuilot and Lounis Adouane,2020
Full list of identified tasks.,Mobile Manipulator Tasks,Mobile Manipulation,mobile pick and place,Li2022BEHAVIOR1KAB,"BEHAVIOR-1K: A Benchmark for Embodied AI with 1, 000 Everyday Activities and Realistic Simulation",Chengshu Li and Ruohan Zhang and Josiah Wong and Cem Gokmen and Sanjana Srivastava and Roberto Mart{\'i}n-Mart{\'i}n and Chen Wang and Gabrael Levine and Michael Lingelbach and Jiankai Sun and Mona Anvari and Minjune Hwang and Manasi Sharma and Arman Aydin and Dhruva Bansal and Samuel Hunter and Kyu-Young Kim and Alan Lou and Caleb R. Matthews and Ivan Villa-Renteria and Jerry Huayang Tang and Claire Tang and Fei Xia and Silvio Savarese and Hyowon Gweon and C. Karen Liu and Jiajun Wu and Li Fei-Fei,2022
Full list of identified tasks.,Mobile Manipulator Tasks,Mobile Manipulation,mobile pick and place,Sayyaadi2014ControlON,Control of Nonholonomic mobile Manipulators for Cooperative Object Transportation,Hassan Sayyaadi and Mohammad Hossein Babaee,2014
Full list of identified tasks.,Mobile Manipulator Tasks,Mobile Manipulation,mobile pick and place,Youngquist2022EvaluatingSA,Evaluating Sensorimotor Abstraction on Curricula for Learning Mobile Manipulation Skills,Oscar Youngquist and Alenna Spiro and Khoshrav Doctor and Roderic A. Grupen,2022
Full list of identified tasks.,Mobile Manipulator Tasks,Mobile Manipulation,mobile pick and place,Yamazaki2012HomeAssistantRF,Home-Assistant Robot for an Aging Society,Kimitoshi Yamazaki and Ryohei Ueda and Shunichi Nozawa and Mitsuharu Kojima and Kei Okada and Kiyoshi Matsumoto and Masaru Ishikawa and Isao Shimoyama and Masayuki Inaba,2012
Full list of identified tasks.,Mobile Manipulator Tasks,Mobile Manipulation,mobile pick and place,Stckler2009IntegratingIM,"Integrating indoor mobility, object manipulation, and intuitive interaction for domestic service tasks","J. St{\""u}ckler and Sven Behnke",2009
Full list of identified tasks.,Mobile Manipulator Tasks,Mobile Manipulation,mobile pick and place,Schmalstieg2023LearningHI,Learning Hierarchical Interactive Multi-Object Search for Mobile Manipulation,F Schmalstieg and Daniel Honerkamp and Tim Welschehold and Abhinav Valada,2023
Full list of identified tasks.,Mobile Manipulator Tasks,Mobile Manipulation,mobile pick and place,Orsula2022LearningTG,Learning to Grasp on the Moon from 3D Octree Observations with Deep Reinforcement Learning,Andrej Orsula and Simon Boegh and Miguel Angel Olivares-Mendez and Carol Mart{\'i}nez,2022
Full list of identified tasks.,Mobile Manipulator Tasks,Mobile Manipulation,mobile pick and place,Pohl2024MAkEableMA,MAkEable: Memory-centered and Affordance-based Task Execution Framework for Transferable Mobile Manipulation Skills,Christoph Pohl and Fabian Reister and Fabian Peller-Konrad and Tamim Asfour,2024
Full list of identified tasks.,Mobile Manipulator Tasks,Mobile Manipulation,mobile pick and place,Tsay2010MaterialHO,Material handling of a mobile manipulator using an eye-in-hand vision system,T. I. James Tsay and Ying-Feng Lai and Yi-Lin Hsiao,2010
Full list of identified tasks.,Mobile Manipulator Tasks,Mobile Manipulation,mobile pick and place,Arm2024PedipulateEM,Pedipulate: Enabling Manipulation Skills using a Quadruped Robot’s Leg,Philip Arm and Mayank Mittal and Hendrik Kolvenbach and Marco Hutter,2024
Full list of identified tasks.,Mobile Manipulator Tasks,Mobile Manipulation,mobile pick and place,Lee2018PlanningAC,Planning and Control for Collision-Free Cooperative Aerial Transportation,Hyeonbeom Lee and Hyoin Kim and H. Jin Kim,2018
Full list of identified tasks.,Mobile Manipulator Tasks,Mobile Manipulation,mobile pick and place,Toner2024PRFAP,PRF: A Program Reuse Framework for Automated Programming by Learning from Existing Robot Programs,Tyler Toner and Dawn M. Tilbury and Kira Barton,2024
Full list of identified tasks.,Mobile Manipulator Tasks,Mobile Manipulation,mobile pick and place,Partovi2017ReactiveIM,Reactive Integrated Mission and Motion Planning for Mobile Robotic Manipulators,Alireza Partovi and Rafael Rodrigues da Silva and Hai Lin,2017
Full list of identified tasks.,Mobile Manipulator Tasks,Mobile Manipulation,mobile pick and place,Deng2017ReinforcementLO,Reinforcement learning of dual-arm cooperation for a mobile manipulator with sequences of dynamical movement primitives,Mingdi Deng and Yingbai Hu and Zhijun Li,2017
Full list of identified tasks.,Mobile Manipulator Tasks,Mobile Manipulation,mobile pick and place,Li2017ReinforcementLO,Reinforcement Learning of Manipulation and Grasping Using Dynamical Movement Primitives for a Humanoidlike Mobile Manipulator,Zhijun Li and Ting Zhao and Fei Chen and Yingbai Hu and Chun‐Yi Su and Toshio Fukuda,2017
Full list of identified tasks.,Mobile Manipulator Tasks,Mobile Manipulation,mobile pick and place,Pedersen2016RobotSF,Robot skills for manufacturing: From concept to industrial deployment,"Mikkel Rath Pedersen and Lazaros Nalpantidis and Rasmus S. Andersen and Casper Schou and Simon B{\o}gh and Volker Kr{\""u}ger and Ole Madsen",2016
Full list of identified tasks.,Mobile Manipulator Tasks,Mobile Manipulation,mobile pick and place,Kostavelis2022RoboticAI,Robotic Assistance in Medication Intake: A Complete Pipeline,"Ioannis Kostavelis and Andreas Kargakos and Evangelos Skartados and Georgia Peleka and Dimitrios Giakoumis and Iason Sarantopoulos and Ioannis Agriomallos and Zoe Doulgeri and Satoshi Endo and Heiko St{\""u}ber and Faris Janjo{\v{s}} and Sandra Hirche and Dimitrios Tzovaras",2022
Full list of identified tasks.,Mobile Manipulator Tasks,Mobile Manipulation,mobile pick and place,Lim2008MultipleHC,Multiple humanoid cooperative control system for heterogeneous humanoid team,Heonyoung Lim and Yeonsik Kang and Joong-Jae Lee and Jongwon Kim and Bum-Jae You,2008
Full list of identified tasks.,Mobile Manipulator Tasks,Mobile Manipulation,mobile pick and place,Kiyokawa2025SelfSupervisedLO,Self-Supervised Learning of Grasping Arbitrary Objects On-the-Move,Takuya Kiyokawa and Eiki Nagata and Yoshihisa Tsurumine and Yuhwan Kwon and Takamitsu Matsubara,2025
Full list of identified tasks.,Mobile Manipulator Tasks,Mobile Manipulation,mobile pick and place,Huang2023SkillTA,Skill Transformer: A Monolithic Policy for Mobile Manipulation,Xiaoyu Huang and Dhruv Batra and Akshara Rai and Andrew Szot,2023
Full list of identified tasks.,Mobile Manipulator Tasks,Mobile Manipulation,mobile pick and place,Rosen2023SynthesizingNA,Synthesizing Navigation Abstractions for Planning with Portable Manipulation Skills,Eric Rosen and Steven James and Sergio Orozco and Vedant Gupta and Max Merlin and Stefanie Tellex and George Dimitri Konidaris,2023
Full list of identified tasks.,Mobile Manipulator Tasks,Mobile Manipulation,mobile pick and place,Karumanchi2017TeamRS,Team RoboSimian: Semi‐autonomous Mobile Manipulation at the 2015 DARPA Robotics Challenge Finals,Sisir Karumanchi and Kyle Edelberg and Ian A. Baldwin and Jeremy Nash and Jason I. Reid and Charles F. Bergh and John Leichty and Kalind C. Carpenter and Matthew Shekels and Matthew Gildner and David Newill-Smith and Jason Carlton and John Koehler and Tatyana Dobreva and Matthew A. Frost and Paul Hebert and James Borders and Jeremy Ma and Bertrand Douillard and Paul G. Backes and Brett Kennedy and Brian W. Satzinger and Chelsea Lau and Katie Byl and Krishnan Shankar and Joel W. Burdick,2017
Full list of identified tasks.,Mobile Manipulator Tasks,Mobile Manipulation,mobile pick and place,Thakar2018TowardsTT,Towards Time-Optimal Trajectory Planning for Pick-and-Transport Operation with a Mobile Manipulator,Shantanu Thakar and Liwei Fang and Brual C. Shah and Satyandra K. Gupta,2018
Full list of identified tasks.,Mobile Manipulator Tasks,Mobile Manipulation,mobile pick and place,Choi2009HandIO,Hand it over or set it down: A user study of object delivery with an assistive mobile manipulator,Young Sang Choi and Tiffany L. Chen and Advait Jain and Cressel D. Anderson and Jonathan D. Glass and Charles C. Kemp,2009
Full list of identified tasks.,Mobile Manipulator Tasks,Mobile Manipulation,mobile pick and place,Nagatani2000MotionDF,"Motion design for autonomous mobile manipulator based on programming style ""action primitive""",Keiji Nagatani and Yutaka Tanaka,2000
Full list of identified tasks.,Mobile Manipulator Tasks,Mobile Manipulation,mobile pick and place,Jauhri2022RobotLO,Robot Learning of Mobile Manipulation With Reachability Behavior Priors,Snehal Jauhri and Jan Peters and Georgia Chalvatzaki,2022
Full list of identified tasks.,Mobile Manipulator Tasks,Mobile Manipulation,mobile pick and place,Yang2023LearnTC,Learn to Coordinate: a Whole-Body Learning from Demonstration Framework for Differential Drive Mobile Manipulators,Yuqiang Yang and Darong Huang and Chen Chen and Chao Zeng and Yanong He and Chenguang Yang,2023
Full list of identified tasks.,Mobile Manipulator Tasks,Mobile Manipulation,mobile pick and place,Lopes2026CARGOAM,CARGO: A Mobile Manipulator Solution for Container Unloading,Maria S. Lopes and Artur Cordeiro and Ricardo B. Sousa and Jos{\'e} Alberto Beça and Pedro Costa and Jo{\~a}o Pedro Carvalho de Souza and Manuel F. Silva,2026
Full list of identified tasks.,Mobile Manipulator Tasks,Mobile Manipulation,mobile pick and place,Wu2024InTW,In the Wild Ungraspable Object Picking with Bimanual Nonprehensile Manipulation,Albert Wu and Dan Kruse,2024
Full list of identified tasks.,Mobile Manipulator Tasks,Mobile Manipulation,mobile pick and place,Shan2026DockAnywhereDV,DockAnywhere: Data-Efficient Visuomotor Policy Learning for Mobile Manipulation via Novel Demonstration Generation,Ziyu Shan and Yuheng Zhou and Gaoyuan Wu and Zihe Ji and Zhenyu Wu and Ziwei Wang,2026
Full list of identified tasks.,Mobile Manipulator Tasks,Mobile Manipulation,mobile pick and place,Mounsif2020BAMBA,BAM! Base Abstracted Modeling with Universal Notice Network: Fast Skill Transfer Between Mobile Manipulators,Mehdi Mounsif and S{\'e}bastien Lengagne and Beno{\^i}t Thuilot and Lounis Adouane,2020
Full list of identified tasks.,Mobile Manipulator Tasks,Mobile Manipulation,mobile pick and place,Yokoyama2023ASCAS,ASC: Adaptive Skill Coordination for Robotic Mobile Manipulation,Naoki Yokoyama and Alexander Clegg and Eric Undersander and Sergio Arnaud and Sehoon Ha and Dhruv Batra and Akshara Rai,2023
Full list of identified tasks.,Mobile Manipulator Tasks,Mobile Manipulation,cooperative mobile manipulation,Sayyaadi2014ControlON,Control of Nonholonomic mobile Manipulators for Cooperative Object Transportation,Hassan Sayyaadi and Mohammad Hossein Babaee,2014
Full list of identified tasks.,Mobile Manipulator Tasks,Mobile Manipulation,cooperative mobile manipulation,Lee2018PlanningAC,Planning and Control for Collision-Free Cooperative Aerial Transportation,Hyeonbeom Lee and Hyoin Kim and H. Jin Kim,2018
Full list of identified tasks.,Mobile Manipulator Tasks,Mobile Manipulation,cooperative mobile manipulation,Chang2006AnalysisOA,Analysis of a Behavior Based Nonholonomic Wheeled Mobile Robot Control With Hybrid System Approach,Chih-Fu Chang and Li-Chen Fu,2006
Full list of identified tasks.,Mobile Manipulator Tasks,Mobile Manipulation,cooperative mobile manipulation,Stroupe2005BehaviorbasedMC,Behavior-based multi-robot collaboration for autonomous construction tasks,Ashley W. Stroupe and Terrance L. Huntsberger and Avi Okon and Hrand Aghazarian and Matthew L. Robinson,2005
Full list of identified tasks.,Mobile Manipulator Tasks,Mobile Manipulation,cooperative mobile manipulation,Kim2022LearningAG,Learning and Generalizing Cooperative Manipulation Skills Using Parametric Dynamic Movement Primitives,Hyoin Kim and Changsuk Oh and Inkyu Jang and Sungyong Park and Hoseong Seo and H. Jin Kim,2022
Full list of identified tasks.,Mobile Manipulator Tasks,Mobile Manipulation,push object along trajectory,Rigo2022ContactOF,Contact Optimization for Non-Prehensile Loco-Manipulation via Hierarchical Model Predictive Control,Alberto Rigo and Yiyu Chen and Sandeep K. S. Gupta and Quan Nguyen,2022
Full list of identified tasks.,Mobile Manipulator Tasks,Mobile Manipulation,push object along trajectory,Arm2024PedipulateEM,Pedipulate: Enabling Manipulation Skills using a Quadruped Robot’s Leg,Philip Arm and Mayank Mittal and Hendrik Kolvenbach and Marco Hutter,2024
Full list of identified tasks.,Mobile Manipulator Tasks,Interactive Navigation,opening and passing through doors,Gray2013ASP,"A single planner for a composite task of approaching, opening and navigating through non-spring and spring-loaded doors",Steven Gray and Sachin Chitta and Vijay R. Kumar and Maxim Likhachev,2013
Full list of identified tasks.,Mobile Manipulator Tasks,Interactive Navigation,opening and passing through doors,Schwarz2016HybridDL,Hybrid driving-stepping locomotion with the wheeled-legged robot Momaro,Max Schwarz and Tobias Rodehutskors and Michael Schreiber and Sven Behnke,2016
Full list of identified tasks.,Mobile Manipulator Tasks,Interactive Navigation,opening and passing through doors,Karumanchi2017TeamRS,Team RoboSimian: Semi‐autonomous Mobile Manipulation at the 2015 DARPA Robotics Challenge Finals,Sisir Karumanchi and Kyle Edelberg and Ian A. Baldwin and Jeremy Nash and Jason I. Reid and Charles F. Bergh and John Leichty and Kalind C. Carpenter and Matthew Shekels and Matthew Gildner and David Newill-Smith and Jason Carlton and John Koehler and Tatyana Dobreva and Matthew A. Frost and Paul Hebert and James Borders and Jeremy Ma and Bertrand Douillard and Paul G. Backes and Brett Kennedy and Brian W. Satzinger and Chelsea Lau and Katie Byl and Krishnan Shankar and Joel W. Burdick,2017
Full list of identified tasks.,Mobile Manipulator Tasks,Interactive Navigation,opening and passing through doors,Nagatani1996DesigningSA,Designing strategy and implementation of mobile manipulator control system for opening door,Keiji Nagatani and Shin'ichi Yuta,1996
Full list of identified tasks.,Mobile Manipulator Tasks,Interactive Navigation,opening and passing through doors,Nagatani1996DooropeningBO,Door-opening behavior of an autonomous mobile manipulator by sequence of action primitives,Keiji Nagatani and Shin'ichi Yuta,1996
Full list of identified tasks.,Mobile Manipulator Tasks,Interactive Navigation,interactive navigation,Konidaris2012RobotLF,Robot learning from demonstration by constructing skill trees,George Dimitri Konidaris and Scott Kuindersma and Roderic A. Grupen and Andrew G. Barto,2012
Full list of identified tasks.,Mobile Manipulator Tasks,Manufacturing-related Tasks,assembly / disassembly,Partovi2017ReactiveIM,Reactive Integrated Mission and Motion Planning for Mobile Robotic Manipulators,Alireza Partovi and Rafael Rodrigues da Silva and Hai Lin,2017
Full list of identified tasks.,Mobile Manipulator Tasks,Manufacturing-related Tasks,assembly / disassembly,Peng2024RevolutionizingBD,Revolutionizing Battery Disassembly: The Design and Implementation of a Battery Disassembly Autonomous Mobile Manipulator Robot(BEAM-1),Yanlong Peng and Zhigang Wang and Yisheng Zhang and Shengmin Zhang and Nan Cai and Fan Wu and Ming Chen,2024
Full list of identified tasks.,Mobile Manipulator Tasks,Manufacturing-related Tasks,assembly / disassembly,Pedersen2016RobotSF,Robot skills for manufacturing: From concept to industrial deployment,"Mikkel Rath Pedersen and Lazaros Nalpantidis and Rasmus S. Andersen and Casper Schou and Simon B{\o}gh and Volker Kr{\""u}ger and Ole Madsen",2016
Full list of identified tasks.,Mobile Manipulator Tasks,Manufacturing-related Tasks,assembly / disassembly,Lim2019SkillbasedAA,"Skill-based anytime agent architecture for European Robotics Challenges in realistic environments: EuRoC Challenge 2, Stage II - realistic labs",Gi Hyun Lim and Eurico Farinha Pedrosa and Filipe Amaral and Artur Pereira and Nuno Lau and Jos{\'e} Lu{\'i}s Azevedo and Bernardo Cunha and Simone Badini,2019
Full list of identified tasks.,Mobile Manipulator Tasks,Manufacturing-related Tasks,assembly / disassembly,Amaral2017SkillbasedAA,"Skill-based anytime agent architecture for logistics and manipulation tasks: EuRoC Challenge 2, Stage II - Realistic Labs: Benchmarking",Filipe Amaral and Eurico Farinha Pedrosa and Gi Hyun Lim and Nima Shafii and Artur Pereira and Jos{\'e} Lu{\'i}s Azevedo and Bernardo Cunha and Luis Paulo Reis and Simone Badini and Nuno Lau,2017
Full list of identified tasks.,Mobile Manipulator Tasks,Manufacturing-related Tasks,assembly / disassembly,Yang2022VariableIS,Variable Impedance Skill Learning for Contact-Rich Manipulation,"Quantao Yang and Alexander D{\""u}rr and Elin Anna Topp and Johannes Andreas Stork and Todor Stoyanov",2022
Full list of identified tasks.,Mobile Manipulator Tasks,Manufacturing-related Tasks,assembly / disassembly,Stroupe2005BehaviorbasedMC,Behavior-based multi-robot collaboration for autonomous construction tasks,Ashley W. Stroupe and Terrance L. Huntsberger and Avi Okon and Hrand Aghazarian and Matthew L. Robinson,2005
Full list of identified tasks.,Mobile Manipulator Tasks,Manufacturing-related Tasks,assembly / disassembly,Lee2023DevelopmentAV,Development and Validation of Reconfigurable Autonomous Mobile Manipulator for Flexible Manufacturing Process,Ok Hwa Lee and Doyoung Kim and Yujin Kim and Won-Gun Kim and Seungwon Lee and Dong Yeop Kim and Young-Ouk Kim and Keunhwan Kim,2023
Full list of identified tasks.,Mobile Manipulator Tasks,Manufacturing-related Tasks,assembly / disassembly,Shi2021MaximizingTU,Maximizing the Use of Environmental Constraints: A Pushing-Based Hybrid Position/Force Assembly Skill for Contact-Rich Tasks,"Yunlei Shi and Zhaopeng Chen and Lin Cong and Yansong Wu and Martin Craiu-M{\""""u}ller and Chengjie Yuan and Chunyang Chang and Lei Zhang and Jianwei Zhang",2021
Full list of identified tasks.,Mobile Manipulator Tasks,Manufacturing-related Tasks,machine tending,Arrais2019ApplicationOT,Application of the Open Scalable Production System to Machine Tending of Additive Manufacturing Operations by a Mobile Manipulator,Rafael Arrais and Germano M. Veiga and Tiago Trindade Ribeiro and Daniel Oliveira and Ramon O. Fernandes and Andr{\'e} Gustavo Scolari Conceiç{\~a}o and Paulo C. M. A. Farias,2019
Full list of identified tasks.,Mobile Manipulator Tasks,Manufacturing-related Tasks,machine tending,Andersen2017IntegrationOA,Integration of a Skill-based Collaborative Mobile Robot in a Smart Cyber-physical Environment,Rasmus Eckholdt Andersen and Emil Blixt Hansen and David \v{C}ern{\'y} and Steffen Madsen and Biranavan Pulendralingam and Simon B{\o}gh and Dimitrios Chrysostomou,2017
Full list of identified tasks.,Mobile Manipulator Tasks,Manufacturing-related Tasks,machine tending,Partovi2017ReactiveIM,Reactive Integrated Mission and Motion Planning for Mobile Robotic Manipulators,Alireza Partovi and Rafael Rodrigues da Silva and Hai Lin,2017
Full list of identified tasks.,Mobile Manipulator Tasks,Manufacturing-related Tasks,machine tending,Pedersen2016RobotSF,Robot skills for manufacturing: From concept to industrial deployment,"Mikkel Rath Pedersen and Lazaros Nalpantidis and Rasmus S. Andersen and Casper Schou and Simon B{\o}gh and Volker Kr{\""u}ger and Ole Madsen",2016
Full list of identified tasks.,Mobile Manipulator Tasks,Manufacturing-related Tasks,machine tending,Knobbe2022CorePI,Core Processes in Intelligent Robotic Lab Assistants: Flexible Liquid Handling,Dennis Knobbe and Henning Zwirnmann and Moritz Eckhoff and Sami Haddadin,2022
Full list of identified tasks.,Mobile Manipulator Tasks,Inspection Tasks,quality control,Partovi2017ReactiveIM,Reactive Integrated Mission and Motion Planning for Mobile Robotic Manipulators,Alireza Partovi and Rafael Rodrigues da Silva and Hai Lin,2017
Full list of identified tasks.,Mobile Manipulator Tasks,Inspection Tasks,quality control,Pedersen2016RobotSF,Robot skills for manufacturing: From concept to industrial deployment,"Mikkel Rath Pedersen and Lazaros Nalpantidis and Rasmus S. Andersen and Casper Schou and Simon B{\o}gh and Volker Kr{\""u}ger and Ole Madsen",2016
Full list of identified tasks.,Mobile Manipulator Tasks,Inspection Tasks,quality control,MacKenzie1996BehaviorbasedMM,Behavior-based mobile manipulation for drum sampling,Douglas C. MacKenzie and Ronald C. Arkin,1996
Full list of identified tasks.,Mobile Manipulator Tasks,Inspection Tasks,static inspection of a dynamic object,Donald2024AnAF,An Adaptive Framework for Manipulator Skill Reproduction in Dynamic Environments,Ryan Donald and Brendan Hertel and Stephen Misenti and Yan Gu and Reza Azadeh,2024
Full list of identified tasks.,Mobile Manipulator Tasks,Inspection Tasks,static inspection of a dynamic object,Kenney2009InteractiveSF,Interactive segmentation for manipulation in unstructured environments,Jacqueline Kenney and Thomas Buckley and Oliver Brock,2009
Full list of identified tasks.,Mobile Manipulator Tasks,Inspection Tasks,static inspection of a dynamic object,Yang2026VisionLanguageActionME,Vision-Language-Action Model-Based Event-Triggered Admittance Control of a Mobile Manipulator for Power Substation Live-Maintaining,Yuwei Yang and Zhijun Li and Zongjie Hu,2026
Full list of identified tasks.,Mobile Manipulator Tasks,Inspection Tasks,dynamic inspection of a static object,Donald2024AnAF,An Adaptive Framework for Manipulator Skill Reproduction in Dynamic Environments,Ryan Donald and Brendan Hertel and Stephen Misenti and Yan Gu and Reza Azadeh,2024
Full list of identified tasks.,Mobile Manipulator Tasks,Inspection Tasks,"detecting, interrogating and neutralizing above ground hazards",Bruemmer2010BehaviorBC,"Behavior based control of robotic payloads for detection, neutralization, and interrogation of explosive hazards",David J. Bruemmer and Curtis W. Nielsen and Ross Hartley and J. Green,2010
Full list of identified tasks.,Mobile Manipulator Tasks,Human Interaction / Assistance,user controlled teleoperation,Maeda2022BlendingPP,Blending Primitive Policies in Shared Control for Assisted Teleoperation,Guilherme J. Maeda,2022
Full list of identified tasks.,Mobile Manipulator Tasks,Human Interaction / Assistance,user controlled teleoperation,Klamt2018SupervisedAL,Supervised Autonomous Locomotion and Manipulation for Disaster Response with a Centaur-Like Robot,Tobias Klamt and Diego Rodriguez and Max Schwarz and Christian Lenz and Dmytro Pavlichenko and David Droeschel and Sven Behnke,2018
Full list of identified tasks.,Mobile Manipulator Tasks,Human Interaction / Assistance,move and talk,Stckler2009IntegratingIM,"Integrating indoor mobility, object manipulation, and intuitive interaction for domestic service tasks","J. St{\""u}ckler and Sven Behnke",2009
Full list of identified tasks.,Mobile Manipulator Tasks,Human Interaction / Assistance,object manipulation support,Ding2022IntelligentAF,Intelligent assistance for older adults via an admittance-controlled wheeled mobile manipulator with task-dependent end-effectors,Liang Ding and Hongjun Xing and Ali Reza Torabi and Javad K. Mehr and Mojtaba Sharifi and Haibo Gao and Vivian K. Mushahwar and Mahdi Tavakoli,2022
Full list of identified tasks.,Mobile Manipulator Tasks,Human Interaction / Assistance,object manipulation support,Stuckler2012RoboCupHomeDE,RoboCup@Home: Demonstrating Everyday Manipulation Skills in RoboCup@Home,J. P. Stuckler and Dirk Holz and Sven Behnke,2012
Full list of identified tasks.,Mobile Manipulator Tasks,Human Interaction / Assistance,object manipulation support,Kumbhar2025MPCQPBasedCF,MPC-QP-Based Control Framework for Compliant Behavior of Humanoid Robots in Physical Collaboration with Humans,Shubham S. Kumbhar and Panagiotis K. Artemiadis,2025
Full list of identified tasks.,Mobile Manipulator Tasks,Human Interaction / Assistance,make food,Beetz2016OpenRR,Open robotics research using web-based knowledge services,Michael Beetz and Daniel Be{\ss}ler and Jan Oliver Winkler and Jan-Hendrik Worch and Ferenc B{\'a}lint-Bencz{\'e}di and Georg Bartels and Aude G Billard and Asil Kaan Bozcuoğlu and Zhou Fang and Nadia Figueroa and Andrei Haidu and Hagen Langer and Alexis Maldonado and Ana Lucia Pais and Moritz Tenorth and Thiemo Wiedemeyer,2016
Full list of identified tasks.,Mobile Manipulator Tasks,Human Interaction / Assistance,make food,Rosen2023SynthesizingNA,Synthesizing Navigation Abstractions for Planning with Portable Manipulation Skills,Eric Rosen and Steven James and Sergio Orozco and Vedant Gupta and Max Merlin and Stefanie Tellex and George Dimitri Konidaris,2023
Full list of identified tasks.,Mobile Manipulator Tasks,Human Interaction / Assistance,make food,Confente2025SkinMachineIW,Skin-Machine Interface with Multimodal Contact Motion Classifier,Alberto Confente and Takanori Jin and Taisuke Kobayashi and Julio Rogelio Guadarrama-Olvera and Gordon Cheng,2025
Modeled capability implementation methods.,Control,Kinematic Control,Differential IK,Stckler2014AdaptiveTS,Adaptive tool-use strategies for anthropomorphic service robots,"J. St{\""u}ckler and Sven Behnke",2014
Modeled capability implementation methods.,Control,Kinematic Control,Differential IK,Knobbe2022CorePI,Core Processes in Intelligent Robotic Lab Assistants: Flexible Liquid Handling,Dennis Knobbe and Henning Zwirnmann and Moritz Eckhoff and Sami Haddadin,2022
Modeled capability implementation methods.,Control,Kinematic Control,Differential IK,Shi2021MaximizingTU,Maximizing the Use of Environmental Constraints: A Pushing-Based Hybrid Position/Force Assembly Skill for Contact-Rich Tasks,"Yunlei Shi and Zhaopeng Chen and Lin Cong and Yansong Wu and Martin Craiu-M{\""""u}ller and Chengjie Yuan and Chunyang Chang and Lei Zhang and Jianwei Zhang",2021
Modeled capability implementation methods.,Control,Kinematic Control,Differential IK,Watanabe2025IntegratingBP,Integrating Bilevel Planning and Offline Skill Learning for Enhancing Mobile Manipulation,Shin Watanabe and Geir Horn and Jim T{\o}rresen and Kai Olav Ellefsen,2025
Modeled capability implementation methods.,Control,Kinematic Control,Resolved Motion Rate Control (RMRC),Shi2012MobileRA,Mobile Robotic Assembly on a Moving Vehicle,Jane Shi and Bradley Hamner and Reid G. Simmons and Sanjiv Singh,2012
Modeled capability implementation methods.,Control,Kinematic Control,Velocity Control,Laaksonen2010EmbodimentIM,Embodiment independent manipulation through action abstraction,Janne Laaksonen and Javier Felip and Antonio Morales and Ville Kyrki,2010
Modeled capability implementation methods.,Control,Kinematic Control,Velocity Control,Sequeira2000BehaviourbasedCB,Behaviour-based cooperation between two mobile manipulators,Jo{\~a}o Silva Sequeira and M. Isabel Ribeiro,2000
Modeled capability implementation methods.,Control,Kinematic Control,Visual Servoing,Tsay2010MaterialHO,Material handling of a mobile manipulator using an eye-in-hand vision system,T. I. James Tsay and Ying-Feng Lai and Yi-Lin Hsiao,2010
Modeled capability implementation methods.,Control,Kinematic Control,Visual Servoing,Shi2012MobileRA,Mobile Robotic Assembly on a Moving Vehicle,Jane Shi and Bradley Hamner and Reid G. Simmons and Sanjiv Singh,2012
Modeled capability implementation methods.,Control,Kinematic Control,Visual Servoing,Wasik2002AFB,A fuzzy behavior-based control system for manipulation,Zbigniew Wasik and Alessandro Saffiotti,2002
Modeled capability implementation methods.,Control,Kinematic Control,Visual Servoing,Andrian2005EmbeddedCI,Embedded CMOS imaging system for real-time robotic vision,Henry Andrian and Kai‐Tai Song,2005
Modeled capability implementation methods.,Control,Kinematic Control,Visual Servoing,Lee2023DevelopmentAV,Development and Validation of Reconfigurable Autonomous Mobile Manipulator for Flexible Manufacturing Process,Ok Hwa Lee and Doyoung Kim and Yujin Kim and Won-Gun Kim and Seungwon Lee and Dong Yeop Kim and Young-Ouk Kim and Keunhwan Kim,2023
Modeled capability implementation methods.,Control,Kinematic Control,Visual Servoing,Gupta2025PreciseMM,Precise Mobile Manipulation of Small Everyday Objects,Arjun Gupta and Rishik Sathua and Saurabh Gupta,2025
Modeled capability implementation methods.,Control,Kinematic Control,Visual Servoing,Fu2024MobileAL,Mobile ALOHA: Learning Bimanual Mobile Manipulation with Low-Cost Whole-Body Teleoperation,Zipeng Fu and Tony Zhao and Chelsea Finn,2024
Modeled capability implementation methods.,Control,Dynamic / Interaction Control,Force-Torque Velocity Control,Stroupe2005BehaviorbasedMC,Behavior-based multi-robot collaboration for autonomous construction tasks,Ashley W. Stroupe and Terrance L. Huntsberger and Avi Okon and Hrand Aghazarian and Matthew L. Robinson,2005
Modeled capability implementation methods.,Control,Dynamic / Interaction Control,Force-Torque Velocity Control,Aarno2008MotionIR,Motion intention recognition in robot assisted applications,Daniel Aarno and Danica Kragic,2008
Modeled capability implementation methods.,Control,Dynamic / Interaction Control,Force-Torque Velocity Control,Gller2024APB,A Programming by Demonstration Approach for Robotic Manipulation with Model Predictive Interaction Control,"Tim G{\""""o}ller and Andreas V{\""""o}lz and Knut Graichen",2024
Modeled capability implementation methods.,Control,Dynamic / Interaction Control,Force-Torque Velocity Control,Lee2023DevelopmentAV,Development and Validation of Reconfigurable Autonomous Mobile Manipulator for Flexible Manufacturing Process,Ok Hwa Lee and Doyoung Kim and Yujin Kim and Won-Gun Kim and Seungwon Lee and Dong Yeop Kim and Young-Ouk Kim and Keunhwan Kim,2023
Modeled capability implementation methods.,Control,Dynamic / Interaction Control,Force-Torque Velocity Control,Shi2021MaximizingTU,Maximizing the Use of Environmental Constraints: A Pushing-Based Hybrid Position/Force Assembly Skill for Contact-Rich Tasks,"Yunlei Shi and Zhaopeng Chen and Lin Cong and Yansong Wu and Martin Craiu-M{\""""u}ller and Chengjie Yuan and Chunyang Chang and Lei Zhang and Jianwei Zhang",2021
Modeled capability implementation methods.,Control,Dynamic / Interaction Control,Force-Torque Velocity Control,Meng2023AerialMS,Aerial Manipulator Systems Gain a New Skill: Achieve Contact-based Landing on a Mobile Platform,Xiangdong Meng and Yuqing He and Haoyang Xi and Jianda Han and Aiguo Song,2023
Modeled capability implementation methods.,Control,Optimization-Based Control,Model Predictive Control (MPC),Arrais2019ApplicationOT,Application of the Open Scalable Production System to Machine Tending of Additive Manufacturing Operations by a Mobile Manipulator,Rafael Arrais and Germano M. Veiga and Tiago Trindade Ribeiro and Daniel Oliveira and Ramon O. Fernandes and Andr{\'e} Gustavo Scolari Conceiç{\~a}o and Paulo C. M. A. Farias,2019
Modeled capability implementation methods.,Control,Optimization-Based Control,Model Predictive Control (MPC),Rigo2022ContactOF,Contact Optimization for Non-Prehensile Loco-Manipulation via Hierarchical Model Predictive Control,Alberto Rigo and Yiyu Chen and Sandeep K. S. Gupta and Quan Nguyen,2022
Modeled capability implementation methods.,Control,Optimization-Based Control,Model Predictive Control (MPC),Gller2024APB,A Programming by Demonstration Approach for Robotic Manipulation with Model Predictive Interaction Control,"Tim G{\""""o}ller and Andreas V{\""""o}lz and Knut Graichen",2024
Modeled capability implementation methods.,Control,Optimization-Based Control,Model Predictive Control (MPC),Qin2022LearningFH,Learning From Human Demonstrations for Wheel Mobile Manipulator: An Unscented Model Predictive Control Approach,Dongdong Qin and Andong Liu and Jianming Xu and Wen-an Zhang and Li Yu,2022
Modeled capability implementation methods.,Control,Optimization-Based Control,Model Predictive Control (MPC),Bertoncelli2020LinearTM,Linear Time-Varying MPC for Nonprehensile Object Manipulation with a Nonholonomic Mobile Robot,Filippo Bertoncelli and Fabio Ruggiero and Lorenzo Sabattini,2020
Modeled capability implementation methods.,Control,Optimization-Based Control,Model Predictive Control (MPC),Kumbhar2025MPCQPBasedCF,MPC-QP-Based Control Framework for Compliant Behavior of Humanoid Robots in Physical Collaboration with Humans,Shubham S. Kumbhar and Panagiotis K. Artemiadis,2025
Modeled capability implementation methods.,Control,Optimization-Based Control,Optimization-Based Controller,Singh2013CoordinatingMM,Coordinating mobile manipulator's motion to produce stable trajectories on uneven terrain based on feasible acceleration count,Arun Kumar Singh and K. Madhava Krishna,2013
Modeled capability implementation methods.,Control,Optimization-Based Control,Optimization-Based Controller,Beetz2016OpenRR,Open robotics research using web-based knowledge services,Michael Beetz and Daniel Be{\ss}ler and Jan Oliver Winkler and Jan-Hendrik Worch and Ferenc B{\'a}lint-Bencz{\'e}di and Georg Bartels and Aude G Billard and Asil Kaan Bozcuoğlu and Zhou Fang and Nadia Figueroa and Andrei Haidu and Hagen Langer and Alexis Maldonado and Ana Lucia Pais and Moritz Tenorth and Thiemo Wiedemeyer,2016
Modeled capability implementation methods.,Control,Optimization-Based Control,Constraint-Based controller,Beetz2016OpenRR,Open robotics research using web-based knowledge services,Michael Beetz and Daniel Be{\ss}ler and Jan Oliver Winkler and Jan-Hendrik Worch and Ferenc B{\'a}lint-Bencz{\'e}di and Georg Bartels and Aude G Billard and Asil Kaan Bozcuoğlu and Zhou Fang and Nadia Figueroa and Andrei Haidu and Hagen Langer and Alexis Maldonado and Ana Lucia Pais and Moritz Tenorth and Thiemo Wiedemeyer,2016
Modeled capability implementation methods.,Control,Optimization-Based Control,Hierarchical Quadratic Programming (HQP),Zhao2025ACL,A combined learning and optimization framework to transfer human whole-body loco-manipulation skills to mobile manipulators,Jianzhuang Zhao and Francesco Tassi and Yanlong Huang and Elena De Momi and Arash Ajoudani,2025
Modeled capability implementation methods.,Control,Optimization-Based Control,Hierarchical Quadratic Programming (HQP),Zhao2025ReactiveWL,Reactive Whole-body Locomotion-integrated Manipulation Based on Combined Learning and Optimization,Jianzhuang Zhao and Tao Teng and Elena De Momi and Arash Ajoudani,2025
Modeled capability implementation methods.,Control,Classical Feedback Control,Ultrasonic Absolute Positioning,Lin2010ResearchOO,Research on ODMM Obstacle Avoidance Fuzzy Navigation Based on Ultrasonic-Absolute-Positioning,Jiang Lin and Li Baiyan and Chen Xinyuan and Zhao Hui and Zhao Jie and Yan Jihong,2010
Modeled capability implementation methods.,Control,Classical Feedback Control,PID,Groth2013MultitaskingOC,Multi-tasking of competing behaviors on a robot manipulator,Christian Groth and Dominik Henrich,2013
Modeled capability implementation methods.,Control,Classical Feedback Control,PID,Waarsing2003BehaviorbasedMM,Behavior-based mobile manipulation inspired by the human example,B. J. W. Waarsing and Marnix Nuttin and Hendrik Van Brussel,2003
Modeled capability implementation methods.,Control,Classical Feedback Control,PID,Waarsing2005FromBI,From biological inspiration toward next-generation manipulators: manipulator control focused on human tasks,B. J. W. Waarsing and Marnix Nuttin and Hendrik Van Brussel and Brecht Corteville,2005
Modeled capability implementation methods.,Control,Classical Feedback Control,PID,Williams2012ARA,"A reasoning architecture for human-robot joint tasks using physics-,social-, and capability-based logic",Kenton Williams and Cynthia Lynn Breazeal,2012
Modeled capability implementation methods.,Control,Classical Feedback Control,Direct Joint Control,Koch2017ASR,A Skill-based Robot Co-worker for Industrial Maintenance Tasks,Paul Koch and Marike K. van den Broek and Patrycja Dębska and Moritz Alexander Thormann and Adrian Johannes Tetzlaff and Simon B{\o}gh and Dimitrios Chrysostomou,2017
Modeled capability implementation methods.,Control,Classical Feedback Control,Direct Joint Control,Stckler2014AdaptiveTS,Adaptive tool-use strategies for anthropomorphic service robots,"J. St{\""u}ckler and Sven Behnke",2014
Modeled capability implementation methods.,Control,Classical Feedback Control,Direct Joint Control,Forster2020AutomaticEO,Automatic extension of a symbolic mobile manipulation skill set,Julian Forster and Lionel Ott and Juan I. Nieto and Roland Y. Siegwart and Jen Jen Chung,2020
Modeled capability implementation methods.,Control,Classical Feedback Control,Direct Joint Control,Scholz2011CartPW,Cart pushing with a mobile manipulation system: Towards navigation with moveable objects,Jonathan Scholz and Sachin Chitta and Bhaskara Marthi and Maxim Likhachev,2011
Modeled capability implementation methods.,Control,Classical Feedback Control,Direct Joint Control,Waarsing2001IntroducingRI,Introducing robots into a human-centred environment: the behaviour-based approach,Ren{\'e} Waarsing and Marnix Nuttin and Hendrik Van Brussel,2001
Modeled capability implementation methods.,Control,Classical Feedback Control,Direct Joint Control,Mounsif2020BAMBA,BAM! Base Abstracted Modeling with Universal Notice Network: Fast Skill Transfer Between Mobile Manipulators,Mehdi Mounsif and S{\'e}bastien Lengagne and Beno{\^i}t Thuilot and Lounis Adouane,2020
Modeled capability implementation methods.,Control,Hybrid Control,Discrete Controller,Vasilopoulos2020ReactivePF,Reactive Planning for Mobile Manipulation Tasks in Unexplored Semantic Environments,Vasileios Georgios Vasilopoulos and Yiannis Kantaros and George Pappas and Daniel E. Koditschek,2020
Modeled capability implementation methods.,Trajectory Generation,Primitive-Based,Predefined Poses,Holz2015ASS,A skill-based system for object perception and manipulation for automating kitting tasks,"Dirk Holz and Angeliki Topalidou-Kyniazopoulou and Francesco Rovida and Mikkel Rath Pedersen and Volker Kr{\""u}ger and Sven Behnke",2015
Modeled capability implementation methods.,Trajectory Generation,Primitive-Based,Predefined Poses,Arrais2019ApplicationOT,Application of the Open Scalable Production System to Machine Tending of Additive Manufacturing Operations by a Mobile Manipulator,Rafael Arrais and Germano M. Veiga and Tiago Trindade Ribeiro and Daniel Oliveira and Ramon O. Fernandes and Andr{\'e} Gustavo Scolari Conceiç{\~a}o and Paulo C. M. A. Farias,2019
Modeled capability implementation methods.,Trajectory Generation,Primitive-Based,Predefined Poses,Pedersen2016RobotSF,Robot skills for manufacturing: From concept to industrial deployment,"Mikkel Rath Pedersen and Lazaros Nalpantidis and Rasmus S. Andersen and Casper Schou and Simon B{\o}gh and Volker Kr{\""u}ger and Ole Madsen",2016
Modeled capability implementation methods.,Trajectory Generation,Primitive-Based,Predefined Poses,Lim2019SkillbasedAA,"Skill-based anytime agent architecture for European Robotics Challenges in realistic environments: EuRoC Challenge 2, Stage II - realistic labs",Gi Hyun Lim and Eurico Farinha Pedrosa and Filipe Amaral and Artur Pereira and Nuno Lau and Jos{\'e} Lu{\'i}s Azevedo and Bernardo Cunha and Simone Badini,2019
Modeled capability implementation methods.,Trajectory Generation,Primitive-Based,Predefined Poses,Chang2006ABB,A behavior based nonlinear multi‐agent framework using a hybrid approach,Chih-Fu Chang and Li-Chen Fu,2006
Modeled capability implementation methods.,Trajectory Generation,Primitive-Based,Predefined Trajectories,Nagatani1996DesigningSA,Designing strategy and implementation of mobile manipulator control system for opening door,Keiji Nagatani and Shin'ichi Yuta,1996
Modeled capability implementation methods.,Trajectory Generation,Primitive-Based,Predefined Trajectories,Nagatani1996DooropeningBO,Door-opening behavior of an autonomous mobile manipulator by sequence of action primitives,Keiji Nagatani and Shin'ichi Yuta,1996
Modeled capability implementation methods.,Trajectory Generation,Primitive-Based,Parameterized Motion Primitives,Stckler2014AdaptiveTS,Adaptive tool-use strategies for anthropomorphic service robots,"J. St{\""u}ckler and Sven Behnke",2014
Modeled capability implementation methods.,Trajectory Generation,Primitive-Based,Parameterized Motion Primitives,Garrett2016FFRobLS,FFRob: Leveraging symbolic planning for efficient task and motion planning,Caelan Reed Garrett and Tomas Lozano-Perez and Leslie Pack Kaelbling,2016
Modeled capability implementation methods.,Trajectory Generation,Primitive-Based,Parameterized Motion Primitives,Yamazaki2012HomeAssistantRF,Home-Assistant Robot for an Aging Society,Kimitoshi Yamazaki and Ryohei Ueda and Shunichi Nozawa and Mitsuharu Kojima and Kei Okada and Kiyoshi Matsumoto and Masaru Ishikawa and Isao Shimoyama and Masayuki Inaba,2012
Modeled capability implementation methods.,Trajectory Generation,Primitive-Based,Parameterized Motion Primitives,Schwarz2016HybridDL,Hybrid driving-stepping locomotion with the wheeled-legged robot Momaro,Max Schwarz and Tobias Rodehutskors and Michael Schreiber and Sven Behnke,2016
Modeled capability implementation methods.,Trajectory Generation,Primitive-Based,Parameterized Motion Primitives,Stckler2009IntegratingIM,"Integrating indoor mobility, object manipulation, and intuitive interaction for domestic service tasks","J. St{\""u}ckler and Sven Behnke",2009
Modeled capability implementation methods.,Trajectory Generation,Primitive-Based,Parameterized Motion Primitives,Andersen2017IntegrationOA,Integration of a Skill-based Collaborative Mobile Robot in a Smart Cyber-physical Environment,Rasmus Eckholdt Andersen and Emil Blixt Hansen and David \v{C}ern{\'y} and Steffen Madsen and Biranavan Pulendralingam and Simon B{\o}gh and Dimitrios Chrysostomou,2017
Modeled capability implementation methods.,Trajectory Generation,Primitive-Based,Parameterized Motion Primitives,Rodehutskors2015IntuitiveBT,Intuitive bimanual telemanipulation under communication restrictions by immersive 3D visualization and motion tracking,Tobias Rodehutskors and Max Schwarz and Sven Behnke,2015
Modeled capability implementation methods.,Trajectory Generation,Primitive-Based,Parameterized Motion Primitives,Pohl2024MAkEableMA,MAkEable: Memory-centered and Affordance-based Task Execution Framework for Transferable Mobile Manipulation Skills,Christoph Pohl and Fabian Reister and Fabian Peller-Konrad and Tamim Asfour,2024
Modeled capability implementation methods.,Trajectory Generation,Primitive-Based,Parameterized Motion Primitives,Settimi2016MotionPB,Motion primitive based random planning for loco-manipulation tasks,Alessandro Settimi and Danilo Caporale and Przemyslaw Kryczka and Mirko Ferrati and Lucia Pallottino,2016
Modeled capability implementation methods.,Trajectory Generation,Primitive-Based,Parameterized Motion Primitives,Groth2013MultitaskingOC,Multi-tasking of competing behaviors on a robot manipulator,Christian Groth and Dominik Henrich,2013
Modeled capability implementation methods.,Trajectory Generation,Primitive-Based,Parameterized Motion Primitives,Hornung2012NavigationIT,Navigation in three-dimensional cluttered environments for mobile manipulation,Armin Hornung and Mike Phillips and Edward Gil Jones and Maren Bennewitz and Maxim Likhachev and Sachin Chitta,2012
Modeled capability implementation methods.,Trajectory Generation,Primitive-Based,Parameterized Motion Primitives,Beetz2016OpenRR,Open robotics research using web-based knowledge services,Michael Beetz and Daniel Be{\ss}ler and Jan Oliver Winkler and Jan-Hendrik Worch and Ferenc B{\'a}lint-Bencz{\'e}di and Georg Bartels and Aude G Billard and Asil Kaan Bozcuoğlu and Zhou Fang and Nadia Figueroa and Andrei Haidu and Hagen Langer and Alexis Maldonado and Ana Lucia Pais and Moritz Tenorth and Thiemo Wiedemeyer,2016
Modeled capability implementation methods.,Trajectory Generation,Primitive-Based,Parameterized Motion Primitives,Partovi2017ReactiveIM,Reactive Integrated Mission and Motion Planning for Mobile Robotic Manipulators,Alireza Partovi and Rafael Rodrigues da Silva and Hai Lin,2017
Modeled capability implementation methods.,Trajectory Generation,Primitive-Based,Parameterized Motion Primitives,Stuckler2012RoboCupHomeDE,RoboCup@Home: Demonstrating Everyday Manipulation Skills in RoboCup@Home,J. P. Stuckler and Dirk Holz and Sven Behnke,2012
Modeled capability implementation methods.,Trajectory Generation,Primitive-Based,Parameterized Motion Primitives,Petersson1999AHC,A hybrid control architecture for mobile manipulation,Lars Petersson and Magnus Egerstedt and Henrik I. Christensen,1999
Modeled capability implementation methods.,Trajectory Generation,Primitive-Based,Parameterized Motion Primitives,Aarno2008MotionIR,Motion intention recognition in robot assisted applications,Daniel Aarno and Danica Kragic,2008
Modeled capability implementation methods.,Trajectory Generation,Primitive-Based,Policy Blending with Primitives (PBP),Maeda2022BlendingPP,Blending Primitive Policies in Shared Control for Assisted Teleoperation,Guilherme J. Maeda,2022
Modeled capability implementation methods.,Trajectory Generation,Function-Based,Parameterized Functions,Forster2020AutomaticEO,Automatic extension of a symbolic mobile manipulation skill set,Julian Forster and Lionel Ott and Juan I. Nieto and Roland Y. Siegwart and Jen Jen Chung,2020
Modeled capability implementation methods.,Trajectory Generation,Function-Based,Parameterized Functions,Weser2009AutonomousPF,Autonomous planning for mobile manipulation services based on multi-level robot skills,Martin Weser and Jianwei Zhang,2009
Modeled capability implementation methods.,Trajectory Generation,Function-Based,Parameterized Functions,Bruemmer2010BehaviorBC,"Behavior based control of robotic payloads for detection, neutralization, and interrogation of explosive hazards",David J. Bruemmer and Curtis W. Nielsen and Ross Hartley and J. Green,2010
Modeled capability implementation methods.,Trajectory Generation,Function-Based,Parameterized Functions,Li2022BEHAVIOR1KAB,"BEHAVIOR-1K: A Benchmark for Embodied AI with 1, 000 Everyday Activities and Realistic Simulation",Chengshu Li and Ruohan Zhang and Josiah Wong and Cem Gokmen and Sanjana Srivastava and Roberto Mart{\'i}n-Mart{\'i}n and Chen Wang and Gabrael Levine and Michael Lingelbach and Jiankai Sun and Mona Anvari and Minjune Hwang and Manasi Sharma and Arman Aydin and Dhruva Bansal and Samuel Hunter and Kyu-Young Kim and Alan Lou and Caleb R. Matthews and Ivan Villa-Renteria and Jerry Huayang Tang and Claire Tang and Fei Xia and Silvio Savarese and Hyowon Gweon and C. Karen Liu and Jiajun Wu and Li Fei-Fei,2022
Modeled capability implementation methods.,Trajectory Generation,Function-Based,Parameterized Functions,Sayyaadi2014ControlON,Control of Nonholonomic mobile Manipulators for Cooperative Object Transportation,Hassan Sayyaadi and Mohammad Hossein Babaee,2014
Modeled capability implementation methods.,Trajectory Generation,Function-Based,Parameterized Functions,Pedersen2015GestureBasedEO,Gesture-Based Extraction of Robot Skill Parameters for Intuitive Robot Programming,"Mikkel Rath Pedersen and Volker Kr{\""u}ger",2015
Modeled capability implementation methods.,Trajectory Generation,Function-Based,Parameterized Functions,Frasca2020GoingCA,Going Cognitive: A Demonstration of the Utility of Task-General Cognitive Architectures for Adaptive Robotic Task Performance,Tyler M. Frasca and Zhao Han and Holly A. Yanco and matthias. scheutz,2020
Modeled capability implementation methods.,Trajectory Generation,Function-Based,Parameterized Functions,Yamazaki2012HomeAssistantRF,Home-Assistant Robot for an Aging Society,Kimitoshi Yamazaki and Ryohei Ueda and Shunichi Nozawa and Mitsuharu Kojima and Kei Okada and Kiyoshi Matsumoto and Masaru Ishikawa and Isao Shimoyama and Masayuki Inaba,2012
Modeled capability implementation methods.,Trajectory Generation,Function-Based,Parameterized Functions,Stckler2013IncreasingFO,Increasing Flexibility of Mobile Manipulation and Intuitive Human-Robot Interaction in RoboCup@Home,"J. St{\""u}ckler and David Droeschel and Kathrin Gr{\""a}ve and Dirk Holz and Michael Schreiber and Angeliki Topalidou-Kyniazopoulou and Max Schwarz and Sven Behnke",2013
Modeled capability implementation methods.,Trajectory Generation,Function-Based,Parameterized Functions,Rodehutskors2015IntuitiveBT,Intuitive bimanual telemanipulation under communication restrictions by immersive 3D visualization and motion tracking,Tobias Rodehutskors and Max Schwarz and Sven Behnke,2015
Modeled capability implementation methods.,Trajectory Generation,Function-Based,Parameterized Functions,Amaral2017SkillbasedAA,"Skill-based anytime agent architecture for logistics and manipulation tasks: EuRoC Challenge 2, Stage II - Realistic Labs: Benchmarking",Filipe Amaral and Eurico Farinha Pedrosa and Gi Hyun Lim and Nima Shafii and Artur Pereira and Jos{\'e} Lu{\'i}s Azevedo and Bernardo Cunha and Luis Paulo Reis and Simone Badini and Nuno Lau,2017
Modeled capability implementation methods.,Trajectory Generation,Function-Based,Fuzzy Logic,Tsay2018BehavioristicIP,Behavioristic image-based pose control of mobile manipulators using an uncalibrated eye-in-hand vision system,T. I. James Tsay and Pei-Jiun Hung,2018
Modeled capability implementation methods.,Trajectory Generation,Function-Based,Fuzzy Logic,Lin2010ResearchOO,Research on ODMM Obstacle Avoidance Fuzzy Navigation Based on Ultrasonic-Absolute-Positioning,Jiang Lin and Li Baiyan and Chen Xinyuan and Zhao Hui and Zhao Jie and Yan Jihong,2010
Modeled capability implementation methods.,Trajectory Generation,Function-Based,Fuzzy Logic,Wasik2002AFB,A fuzzy behavior-based control system for manipulation,Zbigniew Wasik and Alessandro Saffiotti,2002
Modeled capability implementation methods.,Trajectory Generation,Human-in-the-loop,Teleoperated Trajectories,Huang2013BehaviorB,Behavior-based Task Learning by Demonstration for Mobile Manipulators,"Shu Huang and Erwin Aertbeli{\""e}n and Herman Bruyninckx and Hendrik Van Brussel",2013
Modeled capability implementation methods.,Trajectory Generation,Human-in-the-loop,Teleoperated Trajectories,Stulp2009LearningAP,Learning and performing place-based mobile manipulation,Freek Stulp and Andreas Fedrizzi and Michael Beetz,2009
Modeled capability implementation methods.,Trajectory Generation,Human-in-the-loop,Teleoperated Trajectories,Pohl2024MAkEableMA,MAkEable: Memory-centered and Affordance-based Task Execution Framework for Transferable Mobile Manipulation Skills,Christoph Pohl and Fabian Reister and Fabian Peller-Konrad and Tamim Asfour,2024
Modeled capability implementation methods.,Trajectory Generation,Human-in-the-loop,Teleoperated Trajectories,Deng2017ReinforcementLO,Reinforcement learning of dual-arm cooperation for a mobile manipulator with sequences of dynamical movement primitives,Mingdi Deng and Yingbai Hu and Zhijun Li,2017
Modeled capability implementation methods.,Trajectory Generation,Human-in-the-loop,Teleoperated Trajectories,Li2017ReinforcementLO,Reinforcement Learning of Manipulation and Grasping Using Dynamical Movement Primitives for a Humanoidlike Mobile Manipulator,Zhijun Li and Ting Zhao and Fei Chen and Yingbai Hu and Chun‐Yi Su and Toshio Fukuda,2017
Modeled capability implementation methods.,Trajectory Generation,Human-in-the-loop,Teleoperated Trajectories,Short2019SAILSA,SAIL: Simulation-Informed Active In-the-Wild Learning,Elaine Schaertl Short and Adam Allevato and Andrea Lockerd Thomaz,2019
Modeled capability implementation methods.,Trajectory Generation,Human-in-the-loop,Teleoperated Trajectories,Klamt2018SupervisedAL,Supervised Autonomous Locomotion and Manipulation for Disaster Response with a Centaur-Like Robot,Tobias Klamt and Diego Rodriguez and Max Schwarz and Christian Lenz and Dmytro Pavlichenko and David Droeschel and Sven Behnke,2018
Modeled capability implementation methods.,Trajectory Planning,Search-Based,Sampling-Based,Lee2018PlanningAC,Planning and Control for Collision-Free Cooperative Aerial Transportation,Hyeonbeom Lee and Hyoin Kim and H. Jin Kim,2018
Modeled capability implementation methods.,Trajectory Planning,Search-Based,Sampling-Based,Peng2024RevolutionizingBD,Revolutionizing Battery Disassembly: The Design and Implementation of a Battery Disassembly Autonomous Mobile Manipulator Robot(BEAM-1),Yanlong Peng and Zhigang Wang and Yisheng Zhang and Shengmin Zhang and Nan Cai and Fan Wu and Ming Chen,2024
Modeled capability implementation methods.,Trajectory Planning,Search-Based,Sampling-Based,Karumanchi2017TeamRS,Team RoboSimian: Semi‐autonomous Mobile Manipulation at the 2015 DARPA Robotics Challenge Finals,Sisir Karumanchi and Kyle Edelberg and Ian A. Baldwin and Jeremy Nash and Jason I. Reid and Charles F. Bergh and John Leichty and Kalind C. Carpenter and Matthew Shekels and Matthew Gildner and David Newill-Smith and Jason Carlton and John Koehler and Tatyana Dobreva and Matthew A. Frost and Paul Hebert and James Borders and Jeremy Ma and Bertrand Douillard and Paul G. Backes and Brett Kennedy and Brian W. Satzinger and Chelsea Lau and Katie Byl and Krishnan Shankar and Joel W. Burdick,2017
Modeled capability implementation methods.,Trajectory Planning,Search-Based,Sampling-Based,Zsoldos2025TowardsRL,Towards robotic Laboratory Automation Plug \& Play: LAPP reference implementation with the TIAGo mobile manipulator.,Panna Zsoldos and {\'A}d{\'a}m Wolf and K{\'a}roly Sz{\'e}ll and P{\'e}ter Galambos,2025
Modeled capability implementation methods.,Trajectory Planning,Search-Based,Sampling-Based,Kotecha2024AHM,"A Hierarchical Manipulation Planning Framework Combining Striking, Pushing, and Pick \& Place Motion Primitives",Prakrut Kotecha and Pritish Sinha and Nagamanikandan Govindan,2024
Modeled capability implementation methods.,Trajectory Planning,Search-Based,Sampling-Based,Wahba2025pcdbCBSKM,pc-dbCBS: Kinodynamic Motion Planning of Physically-Coupled Robot Teams,"Khaled Wahba and Wolfgang H{\""""o}nig",2025
Modeled capability implementation methods.,Trajectory Planning,Search-Based,Sampling-Based,Wu2024InTW,In the Wild Ungraspable Object Picking with Bimanual Nonprehensile Manipulation,Albert Wu and Dan Kruse,2024
Modeled capability implementation methods.,Trajectory Planning,Search-Based,Graph Search,Cohen2011PlanningFM,Planning for Manipulation with Adaptive Motion Primitives,Benjamin J. Cohen and Gokul Subramania and Sachin Chitta and Maxim Likhachev,2011
Modeled capability implementation methods.,Trajectory Planning,Search-Based,Graph Search,Partovi2017ReactiveIM,Reactive Integrated Mission and Motion Planning for Mobile Robotic Manipulators,Alireza Partovi and Rafael Rodrigues da Silva and Hai Lin,2017
Modeled capability implementation methods.,Trajectory Planning,Search-Based,Graph Search,Cohen2012SearchbasedPF,Search-based planning for dual-arm manipulation with upright orientation constraints,Benjamin J. Cohen and Sachin Chitta and Maxim Likhachev,2012
Modeled capability implementation methods.,Trajectory Planning,Search-Based,Graph Search,Cohen2010SearchbasedPF,Search-based planning for manipulation with motion primitives,Benjamin J. Cohen and Sachin Chitta and Maxim Likhachev,2010
Modeled capability implementation methods.,Trajectory Planning,Search-Based,Graph Search,Williams2012ARA,"A reasoning architecture for human-robot joint tasks using physics-,social-, and capability-based logic",Kenton Williams and Cynthia Lynn Breazeal,2012
Modeled capability implementation methods.,Trajectory Planning,Heuristic Planning,Random Walk,Chang2006ABB,A behavior based nonlinear multi‐agent framework using a hybrid approach,Chih-Fu Chang and Li-Chen Fu,2006
Modeled capability implementation methods.,Trajectory Planning,Heuristic Planning,Random Walk,Chang2006AnalysisOA,Analysis of a Behavior Based Nonholonomic Wheeled Mobile Robot Control With Hybrid System Approach,Chih-Fu Chang and Li-Chen Fu,2006
Modeled capability implementation methods.,Trajectory Planning,Heuristic Planning,Vector Field Histogram (VFH),Tsay2010MaterialHO,Material handling of a mobile manipulator using an eye-in-hand vision system,T. I. James Tsay and Ying-Feng Lai and Yi-Lin Hsiao,2010
Modeled capability implementation methods.,Trajectory Planning,Heuristic Planning,Finite State Machines (FSM),Lim2008MultipleHC,Multiple humanoid cooperative control system for heterogeneous humanoid team,Heonyoung Lim and Yeonsik Kang and Joong-Jae Lee and Jongwon Kim and Bum-Jae You,2008
Modeled capability implementation methods.,Trajectory Planning,Data-Driven Planning,Deformable Registration Method (DRM),Stckler2014EfficientDR,Efficient deformable registration of multi-resolution surfel maps for object manipulation skill transfer,"J. St{\""u}ckler and Sven Behnke",2014
Modeled capability implementation methods.,Trajectory Planning,Data-Driven Planning,Image comparison,Kenney2009InteractiveSF,Interactive segmentation for manipulation in unstructured environments,Jacqueline Kenney and Thomas Buckley and Oliver Brock,2009
Learned capability implementation methods.,Trajectory learning,DMP-Based methods,Learning from Demonstration (LfD),Mitrevski2019LucyTT,"""Lucy, Take the Noodle Box!"": Domestic Object Manipulation Using Movement Primitives and Whole Body Motion","Alex Mitrevski and Abhishek Padalkar and Minh-Chinh Nguyen and Paul-Gerhard Pl{\""""o}ger",2019
Learned capability implementation methods.,Trajectory learning,DMP-Based methods,Learning from Demonstration (LfD),Zhao2025ACL,A combined learning and optimization framework to transfer human whole-body loco-manipulation skills to mobile manipulators,Jianzhuang Zhao and Francesco Tassi and Yanlong Huang and Elena De Momi and Arash Ajoudani,2025
Learned capability implementation methods.,Trajectory learning,DMP-Based methods,Learning from Demonstration (LfD),Lopera2012ComparingMG,Comparing motion generation and motion recall for everyday robotic tasks,Carmen Lopera and Hilario Tome and Freek Stulp,2012
Learned capability implementation methods.,Trajectory learning,DMP-Based methods,Learning from Demonstration (LfD),Niekum2012LearningAG,Learning and generalization of complex tasks from unstructured demonstrations,Scott Niekum and Sarah Osentoski and George Dimitri Konidaris and Andrew G. Barto,2012
Learned capability implementation methods.,Trajectory learning,DMP-Based methods,Learning from Demonstration (LfD),Li2020PatternAA,Pattern Analysis and Parameters Optimization of Dynamic Movement Primitives for Learning Unknown Trajectories,Mantian Li and Zeguo Yang and Fusheng Zha and Xin Wang and Pengfei Wang and Wei Guo and Darwin Gordon Caldwell and Fei Chen,2020
Learned capability implementation methods.,Trajectory learning,DMP-Based methods,Learning from Demonstration (LfD),Toner2024PRFAP,PRF: A Program Reuse Framework for Automated Programming by Learning from Existing Robot Programs,Tyler Toner and Dawn M. Tilbury and Kira Barton,2024
Learned capability implementation methods.,Trajectory learning,DMP-Based methods,Learning from Demonstration (LfD),Zhao2025ReactiveWL,Reactive Whole-body Locomotion-integrated Manipulation Based on Combined Learning and Optimization,Jianzhuang Zhao and Tao Teng and Elena De Momi and Arash Ajoudani,2025
Learned capability implementation methods.,Trajectory learning,DMP-Based methods,Learning from Demonstration (LfD),Deng2017ReinforcementLO,Reinforcement learning of dual-arm cooperation for a mobile manipulator with sequences of dynamical movement primitives,Mingdi Deng and Yingbai Hu and Zhijun Li,2017
Learned capability implementation methods.,Trajectory learning,DMP-Based methods,Learning from Demonstration (LfD),Li2017ReinforcementLO,Reinforcement Learning of Manipulation and Grasping Using Dynamical Movement Primitives for a Humanoidlike Mobile Manipulator,Zhijun Li and Ting Zhao and Fei Chen and Yingbai Hu and Chun‐Yi Su and Toshio Fukuda,2017
Learned capability implementation methods.,Trajectory learning,DMP-Based methods,Learning from Demonstration (LfD),Beetz2011GeneralityAL,Generality and Legibility in Mobile Manipulation Learning Skills for Routine Tasks,Michael Beetz and Freek Stulp and Piotr Esden-Tempski and Andreas Fedrizzi and Ulrich Klank and Ingo Kresse and Alexis Maldonado and Federico Ruiz,2011
Learned capability implementation methods.,Trajectory learning,DMP-Based methods,Learning from Demonstration (LfD),Yang2023LearnTC,Learn to Coordinate: a Whole-Body Learning from Demonstration Framework for Differential Drive Mobile Manipulators,Yuqiang Yang and Darong Huang and Chen Chen and Chao Zeng and Yanong He and Chenguang Yang,2023
Learned capability implementation methods.,Trajectory learning,DMP-Based methods,Learning from Demonstration (LfD),Kim2022LearningAG,Learning and Generalizing Cooperative Manipulation Skills Using Parametric Dynamic Movement Primitives,Hyoin Kim and Changsuk Oh and Inkyu Jang and Sungyong Park and Hoseong Seo and H. Jin Kim,2022
Learned capability implementation methods.,Trajectory learning,DMP-Based methods,Learning from Demonstration (LfD),Qin2022LearningFH,Learning From Human Demonstrations for Wheel Mobile Manipulator: An Unscented Model Predictive Control Approach,Dongdong Qin and Andong Liu and Jianming Xu and Wen-an Zhang and Li Yu,2022
Learned capability implementation methods.,Trajectory learning,DMP-Based methods,Learning from Demonstration (LfD),Metzen2014TowardsLO,Towards Learning of Generic Skills for Robotic Manipulation,Jan Hendrik Metzen and Alexander Fabisch and Lisa Senger and Jose de Gea and Elsa Andrea Kirchner,2014
Learned capability implementation methods.,Trajectory learning,DMP-Based methods,Learning from Demonstration (LfD),Zhao2020CooperativeMF,Cooperative Manipulation for a Mobile Dual-Arm Robot Using Sequences of Dynamic Movement Primitives,Ting Zhao and Mingdi Deng and Zhijun Li and Yingbai Hu,2020
Learned capability implementation methods.,Trajectory learning,DMP-Based methods,Learning from Demonstration (LfD),Urbaniak2025ObstacleAU,Obstacle Avoidance Using Dynamic Movement Primitives and Reinforcement Learning,Dominik Urbaniak and Alejandro Agostini and Pol Ramon and Jan Rosell and Ra{\'u}l Su{\'a}rez and Michael Suppa,2025
Learned capability implementation methods.,Trajectory learning,DMP-Based methods,Learning from Demonstration (LfD),Shan2026DockAnywhereDV,DockAnywhere: Data-Efficient Visuomotor Policy Learning for Mobile Manipulation via Novel Demonstration Generation,Ziyu Shan and Yuheng Zhou and Gaoyuan Wu and Zihe Ji and Zhenyu Wu and Ziwei Wang,2026
Learned capability implementation methods.,Trajectory learning,DMP-Based methods,LfD as kinesthetic teaching,Donald2024AnAF,An Adaptive Framework for Manipulator Skill Reproduction in Dynamic Environments,Ryan Donald and Brendan Hertel and Stephen Misenti and Yan Gu and Reza Azadeh,2024
Learned capability implementation methods.,Trajectory learning,DMP-Based methods,LfD as kinesthetic teaching,Ding2022IntelligentAF,Intelligent assistance for older adults via an admittance-controlled wheeled mobile manipulator with task-dependent end-effectors,Liang Ding and Hongjun Xing and Ali Reza Torabi and Javad K. Mehr and Mojtaba Sharifi and Haibo Gao and Vivian K. Mushahwar and Mahdi Tavakoli,2022
Learned capability implementation methods.,Trajectory learning,DMP-Based methods,LfD as kinesthetic teaching,Gmez2012KinestheticTV,Kinesthetic teaching via Fast Marching Square,Javier V. G{\'o}mez and David {\'A}lvarez and Santiago Garrido and Luis E. Moreno,2012
Learned capability implementation methods.,Trajectory learning,DMP-Based methods,LfD as kinesthetic teaching,Pohl2024MAkEableMA,MAkEable: Memory-centered and Affordance-based Task Execution Framework for Transferable Mobile Manipulation Skills,Christoph Pohl and Fabian Reister and Fabian Peller-Konrad and Tamim Asfour,2024
Learned capability implementation methods.,Trajectory learning,DMP-Based methods,LfD as kinesthetic teaching,Pedersen2016RobotSF,Robot skills for manufacturing: From concept to industrial deployment,"Mikkel Rath Pedersen and Lazaros Nalpantidis and Rasmus S. Andersen and Casper Schou and Simon B{\o}gh and Volker Kr{\""u}ger and Ole Madsen",2016
Learned capability implementation methods.,Trajectory learning,DMP-Based methods,LfD as kinesthetic teaching,Short2019SAILSA,SAIL: Simulation-Informed Active In-the-Wild Learning,Elaine Schaertl Short and Adam Allevato and Andrea Lockerd Thomaz,2019
Learned capability implementation methods.,Trajectory learning,DMP-Based methods,LfD as kinesthetic teaching,Guo2025AdaptiveSC,Adaptive Stiffness Control for Series Elastic Actuators in Robotic Systems Using Dynamic Systems,Kunlin Guo and Zhenyu Lu and Zhiwei Tan,2025
Learned capability implementation methods.,Trajectory learning,DMP-Based methods,LfD as kinesthetic teaching,Carvalho2025ParameterFreeSO,Parameter-Free Segmentation of Robot Movements With Cross-Correlation Using Different Similarity Metrics,Wendy Carvalho and Meriem Elkoudi and Brendan Hertel and Reza Azadeh,2025
Learned capability implementation methods.,Trajectory learning,Trajectory Adaptation / Editing,LfD,Donald2024AnAF,An Adaptive Framework for Manipulator Skill Reproduction in Dynamic Environments,Ryan Donald and Brendan Hertel and Stephen Misenti and Yan Gu and Reza Azadeh,2024
Learned capability implementation methods.,Trajectory learning,Trajectory Adaptation / Editing,LfD,Konidaris2012RobotLF,Robot learning from demonstration by constructing skill trees,George Dimitri Konidaris and Scott Kuindersma and Roderic A. Grupen and Andrew G. Barto,2012
Learned capability implementation methods.,Trajectory learning,Statistical Models,LfD,Ding2022IntelligentAF,Intelligent assistance for older adults via an admittance-controlled wheeled mobile manipulator with task-dependent end-effectors,Liang Ding and Hongjun Xing and Ali Reza Torabi and Javad K. Mehr and Mojtaba Sharifi and Haibo Gao and Vivian K. Mushahwar and Mahdi Tavakoli,2022
Learned capability implementation methods.,Trajectory learning,Statistical Models,LfD,Zhao2025ReactiveWL,Reactive Whole-body Locomotion-integrated Manipulation Based on Combined Learning and Optimization,Jianzhuang Zhao and Tao Teng and Elena De Momi and Arash Ajoudani,2025
Learned capability implementation methods.,Trajectory learning,Statistical Models,LfD,Watanabe2024ImprovingRS,Improving Robot Skills by Integrating Task and Motion Planning with Learning from Demonstration,Shin Watanabe and Geir Horn and Jim T{\o}rresen and Kai Olav Ellefsen,2024
Learned capability implementation methods.,Trajectory learning,Statistical Models,LfD,Guo2025AdaptiveSC,Adaptive Stiffness Control for Series Elastic Actuators in Robotic Systems Using Dynamic Systems,Kunlin Guo and Zhenyu Lu and Zhiwei Tan,2025
Learned capability implementation methods.,Trajectory learning,Statistical Models,LfD,Lee2025LearningCL,Learning Category-Level Last-Meter Navigation From RGB Demonstrations of a Single-Instance,Tzu-Hsien Lee and Fidan Mahmudova and Karthik Desingh,2025
Learned capability implementation methods.,Trajectory learning,Statistical Models,LfD,Gupta2025PreciseMM,Precise Mobile Manipulation of Small Everyday Objects,Arjun Gupta and Rishik Sathua and Saurabh Gupta,2025
Learned capability implementation methods.,Trajectory learning,Statistical Models,LfD,Fu2024MobileAL,Mobile ALOHA: Learning Bimanual Mobile Manipulation with Low-Cost Whole-Body Teleoperation,Zipeng Fu and Tony Zhao and Chelsea Finn,2024
Learned capability implementation methods.,Trajectory learning,Statistical Models,LfD,Mounsif2020BAMBA,BAM! Base Abstracted Modeling with Universal Notice Network: Fast Skill Transfer Between Mobile Manipulators,Mehdi Mounsif and S{\'e}bastien Lengagne and Beno{\^i}t Thuilot and Lounis Adouane,2020
Learned capability implementation methods.,Trajectory learning,Statistical Models,combined with Bayesian Non-Parametric approach,Beetz2016OpenRR,Open robotics research using web-based knowledge services,Michael Beetz and Daniel Be{\ss}ler and Jan Oliver Winkler and Jan-Hendrik Worch and Ferenc B{\'a}lint-Bencz{\'e}di and Georg Bartels and Aude G Billard and Asil Kaan Bozcuoğlu and Zhou Fang and Nadia Figueroa and Andrei Haidu and Hagen Langer and Alexis Maldonado and Ana Lucia Pais and Moritz Tenorth and Thiemo Wiedemeyer,2016
Learned capability implementation methods.,Trajectory learning,Supervised Learning (SL),combined with Support Vector Machines (SVM),Nguyen2012AutonomouslyLT,Autonomously learning to visually detect where manipulation will succeed,Hai Dai Nguyen and Charles C. Kemp,2012
Learned capability implementation methods.,Trajectory learning,Supervised Learning (SL),combined with Support Vector Machines (SVM),Huang2013BehaviorB,Behavior-based Task Learning by Demonstration for Mobile Manipulators,"Shu Huang and Erwin Aertbeli{\""e}n and Herman Bruyninckx and Hendrik Van Brussel",2013
Learned capability implementation methods.,Trajectory learning,Supervised Learning (SL),combined with Support Vector Machines (SVM),Stulp2009LearningAP,Learning and performing place-based mobile manipulation,Freek Stulp and Andreas Fedrizzi and Michael Beetz,2009
Learned capability implementation methods.,Trajectory learning,Supervised Learning (SL),combined with Support Vector Machines (SVM),Rosen2023SynthesizingNA,Synthesizing Navigation Abstractions for Planning with Portable Manipulation Skills,Eric Rosen and Steven James and Sergio Orozco and Vedant Gupta and Max Merlin and Stefanie Tellex and George Dimitri Konidaris,2023
Learned capability implementation methods.,Trajectory learning,Supervised Learning (SL),combined with Support Vector Machines (SVM),Beetz2011GeneralityAL,Generality and Legibility in Mobile Manipulation Learning Skills for Routine Tasks,Michael Beetz and Freek Stulp and Piotr Esden-Tempski and Andreas Fedrizzi and Ulrich Klank and Ingo Kresse and Alexis Maldonado and Federico Ruiz,2011
Learned capability implementation methods.,Trajectory learning,Supervised Learning (SL),as Skill Transformer,Huang2023SkillTA,Skill Transformer: A Monolithic Policy for Mobile Manipulation,Xiaoyu Huang and Dhruv Batra and Akshara Rai and Andrew Szot,2023
Learned capability implementation methods.,Trajectory learning,Representation Learning Approaches,Unsupervised Learning (UL),Short2019SAILSA,SAIL: Simulation-Informed Active In-the-Wild Learning,Elaine Schaertl Short and Adam Allevato and Andrea Lockerd Thomaz,2019
Learned capability implementation methods.,Trajectory learning,Representation Learning Approaches,Self-Supervised Learning (SSL),Kiyokawa2025SelfSupervisedLO,Self-Supervised Learning of Grasping Arbitrary Objects On-the-Move,Takuya Kiyokawa and Eiki Nagata and Yoshihisa Tsurumine and Yuhwan Kwon and Takamitsu Matsubara,2025
Learned capability implementation methods.,Trajectory learning,Reinforcement Learning (RL) variants,unspecified RL,Watanabe2024ImprovingRS,Improving Robot Skills by Integrating Task and Motion Planning with Learning from Demonstration,Shin Watanabe and Geir Horn and Jim T{\o}rresen and Kai Olav Ellefsen,2024
Learned capability implementation methods.,Trajectory learning,Reinforcement Learning (RL) variants,unspecified RL,Caro2025PushSN,"Push Smarter, Not Harder: Hierarchical RL-Diffusion Policy for Efficient Nonprehensile Manipulation",Steven Caro and Stephen L. Smith,2025
Learned capability implementation methods.,Trajectory learning,Reinforcement Learning (RL) variants,unspecified RL,Dadiotis2025DynamicOG,Dynamic Object Goal Pushing with Mobile Manipulators Through Model-Free Constrained Reinforcement Learning,Ioannis Dadiotis and Mayank Mittal and Nikolaos G. Tsagarakis and Marco Hutter,2025
Learned capability implementation methods.,Trajectory learning,Reinforcement Learning (RL) variants,unspecified RL,Mounsif2020BAMBA,BAM! Base Abstracted Modeling with Universal Notice Network: Fast Skill Transfer Between Mobile Manipulators,Mehdi Mounsif and S{\'e}bastien Lengagne and Beno{\^i}t Thuilot and Lounis Adouane,2020
Learned capability implementation methods.,Trajectory learning,Reinforcement Learning (RL) variants,unspecified RL,Watanabe2025IntegratingBP,Integrating Bilevel Planning and Offline Skill Learning for Enhancing Mobile Manipulation,Shin Watanabe and Geir Horn and Jim T{\o}rresen and Kai Olav Ellefsen,2025
Learned capability implementation methods.,Trajectory learning,Reinforcement Learning (RL) variants,unspecified RL,Yokoyama2023ASCAS,ASC: Adaptive Skill Coordination for Robotic Mobile Manipulation,Naoki Yokoyama and Alexander Clegg and Eric Undersander and Sergio Arnaud and Sehoon Ha and Dhruv Batra and Akshara Rai,2023
Learned capability implementation methods.,Trajectory learning,Reinforcement Learning (RL) variants,VisuoMotor Control (VMC),Li2022BEHAVIOR1KAB,"BEHAVIOR-1K: A Benchmark for Embodied AI with 1, 000 Everyday Activities and Realistic Simulation",Chengshu Li and Ruohan Zhang and Josiah Wong and Cem Gokmen and Sanjana Srivastava and Roberto Mart{\'i}n-Mart{\'i}n and Chen Wang and Gabrael Levine and Michael Lingelbach and Jiankai Sun and Mona Anvari and Minjune Hwang and Manasi Sharma and Arman Aydin and Dhruva Bansal and Samuel Hunter and Kyu-Young Kim and Alan Lou and Caleb R. Matthews and Ivan Villa-Renteria and Jerry Huayang Tang and Claire Tang and Fei Xia and Silvio Savarese and Hyowon Gweon and C. Karen Liu and Jiajun Wu and Li Fei-Fei,2022
Learned capability implementation methods.,Trajectory learning,Reinforcement Learning (RL) variants,VisuoMotor Control (VMC),Yang2022VariableIS,Variable Impedance Skill Learning for Contact-Rich Manipulation,"Quantao Yang and Alexander D{\""u}rr and Elin Anna Topp and Johannes Andreas Stork and Todor Stoyanov",2022
Learned capability implementation methods.,Trajectory learning,Reinforcement Learning (RL) variants,"Hybrid RL (HyRL), Boosted HyRL (BHyRL)",Jauhri2022RobotLO,Robot Learning of Mobile Manipulation With Reachability Behavior Priors,Snehal Jauhri and Jan Peters and Georgia Chalvatzaki,2022
Learned capability implementation methods.,Trajectory learning,Reinforcement Learning (RL) variants,DeepRL combinations,Orsula2022LearningTG,Learning to Grasp on the Moon from 3D Octree Observations with Deep Reinforcement Learning,Andrej Orsula and Simon Boegh and Miguel Angel Olivares-Mendez and Carol Mart{\'i}nez,2022
Learned capability implementation methods.,Trajectory learning,Reinforcement Learning (RL) variants,DeepRL combinations,Li2019ManipulationSA,Manipulation Skill Acquisition for Robotic Assembly using Deep Reinforcement Learning,Fengming Li and Qi Jiang and Wei Quan and Rui Song and Yibin Li,2019
Learned capability implementation methods.,Trajectory learning,Reinforcement Learning (RL) variants,DeepRL combinations,Arm2024PedipulateEM,Pedipulate: Enabling Manipulation Skills using a Quadruped Robot’s Leg,Philip Arm and Mayank Mittal and Hendrik Kolvenbach and Marco Hutter,2024
Learned capability implementation methods.,Trajectory learning,Reinforcement Learning (RL) variants,as Curriculum Learning combinations,Youngquist2022EvaluatingSA,Evaluating Sensorimotor Abstraction on Curricula for Learning Mobile Manipulation Skills,Oscar Youngquist and Alenna Spiro and Khoshrav Doctor and Roderic A. Grupen,2022
Learned capability implementation methods.,Skill sequencing,Demonstration-based Sequencing,LfD,Forster2020AutomaticEO,Automatic extension of a symbolic mobile manipulation skill set,Julian Forster and Lionel Ott and Juan I. Nieto and Roland Y. Siegwart and Jen Jen Chung,2020
Learned capability implementation methods.,Skill sequencing,Demonstration-based Sequencing,LfD,Pedersen2016RobotSF,Robot skills for manufacturing: From concept to industrial deployment,"Mikkel Rath Pedersen and Lazaros Nalpantidis and Rasmus S. Andersen and Casper Schou and Simon B{\o}gh and Volker Kr{\""u}ger and Ole Madsen",2016
Learned capability implementation methods.,Skill sequencing,Demonstration-based Sequencing,LfD,Niekum2012LearningAG,Learning and generalization of complex tasks from unstructured demonstrations,Scott Niekum and Sarah Osentoski and George Dimitri Konidaris and Andrew G. Barto,2012
Learned capability implementation methods.,Skill sequencing,Demonstration-based Sequencing,LfD,Gller2024APB,A Programming by Demonstration Approach for Robotic Manipulation with Model Predictive Interaction Control,"Tim G{\""""o}ller and Andreas V{\""""o}lz and Knut Graichen",2024
Learned capability implementation methods.,Skill sequencing,Demonstration-based Sequencing,LfD,Watanabe2024ImprovingRS,Improving Robot Skills by Integrating Task and Motion Planning with Learning from Demonstration,Shin Watanabe and Geir Horn and Jim T{\o}rresen and Kai Olav Ellefsen,2024
Learned capability implementation methods.,Skill sequencing,Demonstration-based Sequencing,LfD,Yokoyama2023ASCAS,ASC: Adaptive Skill Coordination for Robotic Mobile Manipulation,Naoki Yokoyama and Alexander Clegg and Eric Undersander and Sergio Arnaud and Sehoon Ha and Dhruv Batra and Akshara Rai,2023
Learned capability implementation methods.,Skill sequencing,Demonstration-based Sequencing,LfD,10363049,Task-Level Programming by Demonstration for Mobile Robotic Manipulators through Human Demonstrations based on Semantic Skill Recognition,"Mayershofer, Luisa and Lehner, Peter and Leidner, Daniel and Albu-Schaeffer, Alin",2023
Learned capability implementation methods.,Skill sequencing,Demonstration-based Sequencing,TbD,Pedersen2015GestureBasedEO,Gesture-Based Extraction of Robot Skill Parameters for Intuitive Robot Programming,"Mikkel Rath Pedersen and Volker Kr{\""u}ger",2015
Learned capability implementation methods.,Skill sequencing,Symbolic Approaches,NeuralSymbolic AI,Peng2024RevolutionizingBD,Revolutionizing Battery Disassembly: The Design and Implementation of a Battery Disassembly Autonomous Mobile Manipulator Robot(BEAM-1),Yanlong Peng and Zhigang Wang and Yisheng Zhang and Shengmin Zhang and Nan Cai and Fan Wu and Ming Chen,2024
Learned capability implementation methods.,Skill sequencing,Symbolic Approaches,LLM-based,Xiao2025AutonomousBC,Autonomous Behavior Control for Quadruped Robots with Arms Based on MultiModal Large Language Model,Shijun Xiao and Xinyuan Shi and Teng Chen and Yifan Zhang and Xuewen Rong and Jian Meng,2025
