Publication Type,Authors,Book Authors,Book Editors,Book Group Authors,Author Full Names,Book Author Full Names,Group Authors,Article Title,Source Title,Book Series Title,Book Series Subtitle,Language,Document Type,Conference Title,Conference Date,Conference Location,Conference Sponsor,Conference Host,Author Keywords,Keywords Plus,Abstract,Addresses,Affiliations,Reprint Addresses,Email Addresses,Researcher Ids,ORCIDs,Funding Orgs,Funding Name Preferred,Funding Text,Cited References,Cited Reference Count,"Times Cited, WoS Core","Times Cited, All Databases",180 Day Usage Count,Since 2013 Usage Count,Publisher,Publisher City,Publisher Address,ISSN,eISSN,ISBN,Journal Abbreviation,Journal ISO Abbreviation,Publication Date,Publication Year,Volume,Issue,Part Number,Supplement,Special Issue,Meeting Abstract,Start Page,End Page,Article Number,DOI,DOI Link,Book DOI,Early Access Date,Number of Pages,WoS Categories,Web of Science Index,Research Areas,IDS Number,Pubmed Id,Open Access Designations,Highly Cited Status,Hot Paper Status,Date of Export,UT (Unique WOS ID),Web of Science Record
J,"Xu, T; Singh, S; Chang, Q",,,,"Xu, Tian; Singh, Siddharth; Chang, Qing",,,Generalizing kinematic skill learning to energy efficient dynamic motion planning using optimized Dynamic Movement Primitives,ROBOTICS AND COMPUTER-INTEGRATED MANUFACTURING,,,,,,,,,,,,,,,,,"Chang, Qing/O-8787-2016","Chang, Qing/0000-0003-3744-1371",,,,,,,,,,,,,0736-5845,1879-2537,,,,AUG,2025,94,,,,,,,,102983,10.1016/j.rcim.2025.102983,http://dx.doi.org/10.1016/j.rcim.2025.102983,,,,,,,,,,,,,WOS:001428860600001,View Full Record in Web of Science
C,"Matsubara, T; Hyon, SH; Morimoto, J",,,IEEE,"Matsubara, Takamitsu; Hyon, Sang-Ho; Morimoto, Jun",,,Learning Stylistic Dynamic Movement Primitives from Multiple Demonstrations,IEEE/RSJ 2010 INTERNATIONAL CONFERENCE ON INTELLIGENT ROBOTS AND SYSTEMS (IROS 2010),IEEE International Conference on Intelligent Robots and Systems,,,,IEEE/RSJ International Conference on Intelligent Robots and Systems,"OCT 18-22, 2010","Taipei, TAIWAN",,,,,,,,,,,,,,,,,,,,,,,,2153-0858,,978-1-4244-6675-7,,,,2010,,,,,,,1277,1283,,10.1109/IROS.2010.5651049,http://dx.doi.org/10.1109/IROS.2010.5651049,,,,,,,,,,,,,WOS:000287672000085,View Full Record in Web of Science
J,"Nemec, B; Ude, A",,,,"Nemec, Bojan; Ude, Ales",,,Action sequencing using dynamic movement primitives,ROBOTICA,,,,,,,,,,,,,,,,,"Ude, Aleš/ABB-7839-2020","Ude, Ales/0000-0003-3677-3972",,,,,,,,,,,,,0263-5747,1469-8668,,,,SEP,2012,30,,5,,,,837,846,,10.1017/S0263574711001056,http://dx.doi.org/10.1017/S0263574711001056,,,,,,,,,,,,,WOS:000307192900012,View Full Record in Web of Science
C,"Hu, AP; Usher, C; Matthews, M",,,IEEE,"Hu, Ai-Ping; Usher, Colin; Matthews, Michael",,,Encoding Finesse Using Dynamic Movement Primitives and Low-Cost Sensors,2013 IEEE/ASME INTERNATIONAL CONFERENCE ON ADVANCED INTELLIGENT MECHATRONICS (AIM): MECHATRONICS FOR HUMAN WELLBEING,IEEE ASME International Conference on Advanced Intelligent Mechatronics,,,,IEEE/ASME International Conference on Advanced Intelligent Mechatronics (AIM) - Mechatronics for Human Wellbeing,"JUL 09-12, 2013","Wollongong, AUSTRALIA","IEEE,ASME,RA,IES,DSC,Univ Wollongong,Engn Mfg,Def Mat Technol Ctr,ARC Ctr Excellence Electromaterials Sci,Engineers Australia,Robot Soc Japan,Univ Wollongong, Smart Infrastructure Facil,BesTech Sensors & Instrumentat,Universal Tech Training Serv,Tech & Sci Equipment",,,,,,,,,,,,,,,,,,,,,,,2159-6255,,978-1-4673-5320-5,,,,2013,,,,,,,1487,1491,,,,,,,,,,,,,,,,WOS:000328705300247,View Full Record in Web of Science
J,"Hanks, G; Venture, G; Hu, Y",,,,"Hanks, Geoffrey; Venture, Gentiane; Hu, Yue",,,Comparing Skill Transfer Between Full Demonstrations and Segmented Sub-Tasks for Neural Dynamic Motion Primitives,MACHINES,,,,,,,,,,,,,,,,,"Venture, Gentiane/E-7060-2013","Hu, Yue/0000-0002-3846-9096",,,,,,,,,,,,,,2075-1702,,,,DEC,2024,12,12,,,,,,,872,10.3390/machines12120872,http://dx.doi.org/10.3390/machines12120872,,,,,,,,,,,,,WOS:001384805100001,View Full Record in Web of Science
J,"Chi, MS; Yao, YF; Liu, YX; Teng, YQ; Zhong, M",,,,"Chi, Mingshan; Yao, Yufeng; Liu, Yaxin; Teng, Yiqian; Zhong, Ming",,,Learning motion primitives from demonstration,ADVANCES IN MECHANICAL ENGINEERING,,,,,,,,,,,,,,,,,,"Chi, Mingshan/0000-0002-4129-1153",,,,,,,,,,,,,1687-8132,1687-8140,,,,DEC 6,2017,9,12,,,,,,,1687814017737260,10.1177/1687814017737260,http://dx.doi.org/10.1177/1687814017737260,,,,,,,,,,,,,WOS:000417330300001,View Full Record in Web of Science
J,"Ginesi, M; Meli, D; Roberti, A; Sansonetto, N; Fiorini, P",,,,"Ginesi, Michele; Meli, Daniele; Roberti, Andrea; Sansonetto, Nicola; Fiorini, Paolo",,,Dynamic Movement Primitives: Volumetric Obstacle Avoidance Using Dynamic Potential Functions,JOURNAL OF INTELLIGENT & ROBOTIC SYSTEMS,,,,,,,,,,,,,,,,,"Ginesi, Michele/HTP-7306-2023; Meli, Daniele/HJA-7415-2022","Ginesi, Michele/0000-0001-5845-3692",,,,,,,,,,,,,0921-0296,1573-0409,,,,APR,2021,101,4,,,,,,,79,10.1007/s10846-021-01344-y,http://dx.doi.org/10.1007/s10846-021-01344-y,,,,,,,,,,,,,WOS:000636255400001,View Full Record in Web of Science
J,"Asemanrafat, A; Taheri, A; Meghdari, AF",,,,"Asemanrafat, Amirreza; Taheri, Alireza; Meghdari, Ali F.",,,Trajectory Augmentation Method Based on Dynamic Movement Primitives,IRANIAN JOURNAL OF SCIENCE AND TECHNOLOGY-TRANSACTIONS OF MECHANICAL ENGINEERING,,,,,,,,,,,,,,,,,"Meghdari, Ali/B-3933-2011","Taheri, Alireza/0000-0001-5826-260X",,,,,,,,,,,,,2228-6187,2364-1835,,,,2024 OCT 22,2024,,,,,,,,,,10.1007/s40997-024-00809-3,http://dx.doi.org/10.1007/s40997-024-00809-3,,OCT 2024,,,,,,,,,,,WOS:001338045300001,View Full Record in Web of Science
J,"Pfeiffer, S; Angulo, C",,,,"Pfeiffer, Sammy; Angulo, Cecilio",,,Gesture learning and execution in a humanoid robot via dynamic movement primitives,PATTERN RECOGNITION LETTERS,,,,,,,,,,,,,,,,,"; Angulo, Cecilio/A-7953-2010","Pfeiffer, Sammy/0000-0002-6988-0400; Angulo, Cecilio/0000-0001-9589-8199",,,,,,,,,,,,,0167-8655,1872-7344,,,,DEC 1,2015,67,,1,,,,100,107,,10.1016/j.patrec.2015.07.042,http://dx.doi.org/10.1016/j.patrec.2015.07.042,,,,,,,,,,,,,WOS:000364056500013,View Full Record in Web of Science
C,"Cohen, Y; Berman, S",,,IEEE,"Cohen, Yosef; Berman, Sigal",,,Tight Dynamic Movement Primitives for Complex Trajectory Generation,"2013 IEEE INTERNATIONAL CONFERENCE ON SYSTEMS, MAN, AND CYBERNETICS (SMC 2013)",IEEE International Conference on Systems Man and Cybernetics Conference Proceedings,,,,"IEEE International Conference on Systems, Man, and Cybernetics (SMC)","OCT 13-16, 2013","Manchester, ENGLAND","IEEE,IEEE Comp Soc",,,,,,,,,"Berman, Sigal/F-1467-2012","Berman, Sigal/0000-0001-7717-7259",,,,,,,,,,,,,1062-922X,,978-1-4799-0652-9,,,,2013,,,,,,,2402,2407,,10.1109/SMC.2013.410,http://dx.doi.org/10.1109/SMC.2013.410,,,,,,,,,,,,,WOS:000332201902088,View Full Record in Web of Science
C,"Jiang, MH; Chen, Y; Zheng, WL; Wu, HY; Cheng, L",,,IEEE,"Jiang, Minghao; Chen, Yang; Zheng, Wenlei; Wu, Huaiyu; Cheng, Lei",,,Mobile Robot Path Planning Based on Dynamic Movement Primitives,2016 IEEE INTERNATIONAL CONFERENCE ON INFORMATION AND AUTOMATION (ICIA),,,,,IEEE International Conference on Information and Automation (ICIA),"AUG 01-03, 2016","Ningbo, PEOPLES R CHINA",IEEE,,,,,,,,,"chen, yag/KIK-7524-2024",,,,,,,,,,,,,,,,978-1-5090-4102-2,,,,2016,,,,,,,980,985,,,,,,,,,,,,,,,,WOS:000405519500174,View Full Record in Web of Science
J,"Pervez, A; Lee, D",,,,"Pervez, Affan; Lee, Dongheui",,,Learning task-parameterized dynamic movement primitives using mixture of GMMs,INTELLIGENT SERVICE ROBOTICS,,,,,,,,,,,,,,,,,,,,,,,,,,,,,,,1861-2776,1861-2784,,,,JAN,2018,11,1,,,,,61,78,,10.1007/s11370-017-0235-8,http://dx.doi.org/10.1007/s11370-017-0235-8,,,,,,,,,,,,,WOS:000422658900005,View Full Record in Web of Science
C,"Liu, Z; Hu, F; Luo, DS; Wu, XH",,,IEEE,"Liu, Zhan; Hu, Fan; Luo, Dingsheng; Wu, Xihong",,,Visual Gesture Recognition for Human Robot Interaction Using Dynamic Movement Primitives,"2014 IEEE INTERNATIONAL CONFERENCE ON SYSTEMS, MAN AND CYBERNETICS (SMC)",IEEE International Conference on Systems Man and Cybernetics Conference Proceedings,,,,"IEEE International Conference on Systems, Man, and Cybernetics (SMC)","OCT 05-08, 2014","San Diego, CA",IEEE,,,,,,,,,"胡, 帆/IUN-2918-2023",,,,,,,,,,,,,,1062-922X,,978-1-4799-3840-7,,,,2014,,,,,,,2094,2100,,,,,,,,,,,,,,,,WOS:000370963702036,View Full Record in Web of Science
C,"Li, X; Yang, CG; Feng, Y",,,,"Li, Xian; Yang, Chenguang; Feng, Ying",,,The Generalization of Robot Skills Based on Dynamic Movement Primitives,IFAC PAPERSONLINE,,,,,3rd IFAC Workshop pn Cyber-Physical and Human Systems (CPHS),"DEC 03-05, 2020","Beijing, PEOPLES R CHINA","Int Federat Automat Control, Tech Comm 9 1 Econ, Busines, & Financial Syst,Int Federat Automat Control, Tech Comm 9 2 Social Impact Automat,Int Federat Automat Control, Tech Comm 1 3 Discrete Event & Hybrid Syst,Int Federat Automat Control, Tech Comm 1 4 Stochastic Syst,Int Federat Automat Control, Tech Comm 1 5 Networked Syst,Int Federat Automat Control, Tech Comm 3 1 Comp Control,Int Federat Automat Control, Tech Comm 4 3 Robot,Int Federat Automat Control, Tech Comm 4 5 Human Machine Syst,Int Federat Automat Control, Tech Comm 7 3 Aerosp,Int Federat Automat Control, Tech Comm 9 5 Technol, Culture & Int Stabil",,,,,,,,,"Yang, Chenguang/AAJ-2509-2020","Yang, Chenguang/0000-0001-5255-5559",,,,,,,,,,,,,2405-8963,,,,,,2020,53,5,,,SI,,265,270,,10.1016/j.ifacol.2021.04.105,http://dx.doi.org/10.1016/j.ifacol.2021.04.105,,,,,,,,,,,,,WOS:000656589700047,View Full Record in Web of Science
C,"Umlauft, J; Sieber, D; Hirche, S",,,IEEE,"Umlauft, Jonas; Sieber, Dominik; Hirche, Sandra",,,Dynamic Movement Primitives for Cooperative Manipulation and Synchronized Motions,2014 IEEE INTERNATIONAL CONFERENCE ON ROBOTICS AND AUTOMATION (ICRA),IEEE International Conference on Robotics and Automation ICRA,,,,IEEE International Conference on Robotics and Automation (ICRA),"MAY 31-JUN 07, 2014","Hong Kong, PEOPLES R CHINA",IEEE,,,,,,,,,"Umlauft, Jonas/Q-7027-2016","Umlauft, Jonas/0000-0003-2865-4658",,,,,,,,,,,,,1050-4729,2577-087X,978-1-4799-3685-4,,,,2014,,,,,,,766,771,,,,,,,,,,,,,,,,WOS:000377221100113,View Full Record in Web of Science
J,"Jia, XH; Zhao, B; Liu, JY; Zhang, SL",,,,"Jia, Xiaohui; Zhao, Bin; Liu, Jinyue; Zhang, Shaolong",,,A trajectory planning method for robotic arms based on improved dynamic motion primitives,INDUSTRIAL ROBOT-THE INTERNATIONAL JOURNAL OF ROBOTICS RESEARCH AND APPLICATION,,,,,,,,,,,,,,,,,"Jia, Xiaohui/HGC-2649-2022",,,,,,,,,,,,,,0143-991X,1758-5791,,,,SEP 13,2024,51,5,,,,,847,856,,10.1108/IR-12-2023-0322,http://dx.doi.org/10.1108/IR-12-2023-0322,,MAY 2024,,,,,,,,,,,WOS:001219111800001,View Full Record in Web of Science
J,"Cohen, Y; Bar-Shira, O; Berman, S",,,,"Cohen, Yosef; Bar-Shira, Or; Berman, Sigal",,,Motion Adaptation Based on Learning the Manifold of Task and Dynamic Movement Primitive Parameters,ROBOTICA,,,,,,,,,,,,,,,,,"Berman, Sigal/F-1467-2012","Berman, Sigal/0000-0001-7717-7259",,,,,,,,,,,,,0263-5747,1469-8668,,,,JUL,2021,39,7,,,,,1299,1315,PII S0263574720001186,10.1017/S0263574720001186,http://dx.doi.org/10.1017/S0263574720001186,,,,,,,,,,,,,WOS:000658709600010,View Full Record in Web of Science
J,"Sidiropoulos, A; Papageorgiou, D; Doulgeri, Z",,,,"Sidiropoulos, Antonis; Papageorgiou, Dimitrios; Doulgeri, Zoe",,,A novel framework for generalizing dynamic movement primitives under kinematic constraints,AUTONOMOUS ROBOTS,,,,,,,,,,,,,,,,,"Papageorgiou, Dimitrios/T-6051-2019","Sidiropoulos, Antonis/0000-0002-6089-5980; Doulgeri, Zoe/0000-0003-2188-9358; Papageorgiou, Dimitrios/0000-0003-0361-8757",,,,,,,,,,,,,0929-5593,1573-7527,,,,JAN,2023,47,1,,,,,37,50,,10.1007/s10514-022-10067-4,http://dx.doi.org/10.1007/s10514-022-10067-4,,OCT 2022,,,,,,,,,,,WOS:000865730200001,View Full Record in Web of Science
C,"Yin, XC; Chen, QJ",,,IEEE,"Yin, Xiaochuan; Chen, Qijun",,,Learning Nonlinear Dynamical System for Movement Primitives,"2014 IEEE INTERNATIONAL CONFERENCE ON SYSTEMS, MAN AND CYBERNETICS (SMC)",IEEE International Conference on Systems Man and Cybernetics Conference Proceedings,,,,"IEEE International Conference on Systems, Man, and Cybernetics (SMC)","OCT 05-08, 2014","San Diego, CA",IEEE,,,,,,,,,,,,,,,,,,,,,,,1062-922X,,978-1-4799-3840-7,,,,2014,,,,,,,3761,3766,,,,,,,,,,,,,,,,WOS:000370963703150,View Full Record in Web of Science
J,"Kulvicius, T; Ning, KJ; Tamosiunaite, M; Wörgötter, F",,,,"Kulvicius, Tomas; Ning, KeJun; Tamosiunaite, Minija; Woergoetter, Florentin",,,Joining Movement Sequences: Modified Dynamic Movement Primitives for Robotics Applications Exemplified on Handwriting,IEEE TRANSACTIONS ON ROBOTICS,,,,,,,,,,,,,,,,,,,,,,,,,,,,,,,1552-3098,1941-0468,,,,FEB,2012,28,1,,,,,145,157,,10.1109/TRO.2011.2163863,http://dx.doi.org/10.1109/TRO.2011.2163863,,,,,,,,,,,,,WOS:000300188300012,View Full Record in Web of Science
J,"Pastor, P; Kalakrishnan, M; Meier, F; Stulp, F; Buchli, J; Theodorou, E; Schaal, S",,,,"Pastor, Peter; Kalakrishnan, Mrinal; Meier, Franziska; Stulp, Freek; Buchli, Jonas; Theodorou, Evangelos; Schaal, Stefan",,,From dynamic movement primitives to associative skill memories,ROBOTICS AND AUTONOMOUS SYSTEMS,,,,,,,,,,,,,,,,,,"Kalakrishnan, Mrinal/0000-0003-4292-9857",,,,,,,,,,,,,0921-8890,1872-793X,,,,APR,2013,61,4,,,SI,,351,361,,10.1016/j.robot.2012.09.017,http://dx.doi.org/10.1016/j.robot.2012.09.017,,,,,,,,,,,,,WOS:000316579100004,View Full Record in Web of Science
J,"Zhang, ZJ; Hong, JY; Enayati, AMS; Najjaran, H",,,,"Zhang, Zengjie; Hong, Jayden; Enayati, Amir M. Soufi; Najjaran, Homayoun",,,Using Implicit Behavior Cloning and Dynamic Movement Primitive to Facilitate Reinforcement Learning for Robot Motion Planning,IEEE TRANSACTIONS ON ROBOTICS,,,,,,,,,,,,,,,,,"Zhang, Zengjie/AFF-0092-2022","Soufi Enayati, Amir Mehdi/0000-0002-6736-8016; Najjaran, Homayoun/0000-0002-3550-225X; Zhang, Zengjie/0000-0003-1875-1032",,,,,,,,,,,,,1552-3098,1941-0468,,,,,2024,40,,,,,,4733,4749,,10.1109/TRO.2024.3468770,http://dx.doi.org/10.1109/TRO.2024.3468770,,,,,,,,,,,,,WOS:001335490300004,View Full Record in Web of Science
J,"Zhou, J; Sun, Y; Song, R; Wei, Z",,,,"Zhou, Jie; Sun, Yao; Song, Rong; Wei, Zhe",,,Dynamic Movement Primitives Modulation-Based Compliance Control for a New Sitting/Lying Lower Limb Rehabilitation Robot,IEEE ACCESS,,,,,,,,,,,,,,,,,"; Zhou, Jie/HOH-0640-2023","Sun, Yao/0000-0002-2857-3113; Zhou, Jie/0000-0003-2335-3573",,,,,,,,,,,,,2169-3536,,,,,,2024,12,,,,,,44125,44134,,10.1109/ACCESS.2024.3376391,http://dx.doi.org/10.1109/ACCESS.2024.3376391,,,,,,,,,,,,,WOS:001193845000001,View Full Record in Web of Science
J,"Gaspar, T; Nemec, B; Morimoto, J; Ude, A",,,,"Gaspar, Timotej; Nemec, Bojan; Morimoto, Jun; Ude, Aleg",,,Skill learning and action recognition by arc-length dynamic movement primitives,ROBOTICS AND AUTONOMOUS SYSTEMS,,,,,,,,,,,,,,,,,"Ude, Aleš/ABB-7839-2020","Gaspar, Timotej/0000-0002-2447-9621; Ude, Ales/0000-0003-3677-3972",,,,,,,,,,,,,0921-8890,1872-793X,,,,FEB,2018,100,,,,,,225,235,,10.1016/j.robot.2017.11.012,http://dx.doi.org/10.1016/j.robot.2017.11.012,,,,,,,,,,,,,WOS:000423639400018,View Full Record in Web of Science
J,"Kim, H; Oh, C; Jang, I; Park, S; Seo, H; Kim, HJ",,,,"Kim, Hyoin; Oh, Changsuk; Jang, Inkyu; Park, Sungyong; Seo, Hoseong; Kim, H. Jin",,,Learning and Generalizing Cooperative Manipulation Skills Using Parametric Dynamic Movement Primitives,IEEE TRANSACTIONS ON AUTOMATION SCIENCE AND ENGINEERING,,,,,,,,,,,,,,,,,"Kim, Hyoin/ABC-8449-2020","Kim, Hyoin/0000-0002-5681-6063; Seo, Hoseong/0000-0002-1485-3712; Kim, H Jin/0000-0002-6819-1136; Oh, Changsuk/0000-0002-7665-0451",,,,,,,,,,,,,1545-5955,1558-3783,,,,OCT,2022,19,4,,,,,3968,3979,,10.1109/TASE.2022.3141460,http://dx.doi.org/10.1109/TASE.2022.3141460,,JAN 2022,,,,,,,,,,,WOS:000745523400001,View Full Record in Web of Science
J,"Lu, ZY; Wang, N; Li, M; Yang, CG",,,,"Lu, Zhenyu; Wang, Ning; Li, Miao; Yang, Chenguang",,,Incremental Motor Skill Learning and Generalization From Human Dynamic Reactions Based on Dynamic Movement Primitives and Fuzzy Logic System,IEEE TRANSACTIONS ON FUZZY SYSTEMS,,,,,,,,,,,,,,,,,"lu, zhenyu/AAH-5454-2019; Yang, Chenguang/AAJ-2509-2020; Wang, Han/A-5016-2011","Wang, Ning/0000-0002-3264-1852; zhenyu, lu/0000-0002-5446-7285; Yang, Chenguang/0000-0001-5255-5559",,,,,,,,,,,,,1063-6706,1941-0034,,,,JUN,2022,30,6,,,,,1506,1515,,10.1109/TFUZZ.2021.3136933,http://dx.doi.org/10.1109/TFUZZ.2021.3136933,,,,,,,,,,,,,WOS:000804698500005,View Full Record in Web of Science
C,"Kuppuswamy, N; Alessandro, C",,"Giacobino, E; Pfeifer, R",,"Kuppuswamy, Naveen; Alessandro, Cristiano",,,Impact of Body Parameters on Dynamic Movement Primitives for Robot Control,PROCEEDINGS OF THE 2ND EUROPEAN FUTURE TECHNOLOGIES CONFERENCE AND EXHIBITION 2011 (FET 11),Procedia Computer Science,,,,2nd European Future Technologies Conference and Exhibition (FET),"MAY 04-06, 2011","Budapest, HUNGARY","European Commiss Future & Emerging Technol (FET),European Res Consortium Informat & Mathemat (ERCIM),Hungarian Acad Sci,Hungarian Presidency European Un",,,,,,,,,"Alessandro, Cristiano/K-4941-2017","Alessandro, Cristiano/0000-0003-0655-4189",,,,,,,,,,,,,1877-0509,,,,,,2011,7,,,,,,166,168,,10.1016/j.procs.2011.09.068,http://dx.doi.org/10.1016/j.procs.2011.09.068,,,,,,,,,,,,,WOS:000299100900053,View Full Record in Web of Science
J,"Saveriano, M; Abu-Dakka, FJ; Kramberger, A; Peternel, L",,,,"Saveriano, Matteo; Abu-Dakka, Fares J.; Kramberger, Aljaz; Peternel, Luka",,,Dynamic movement primitives in robotics: A tutorial survey,INTERNATIONAL JOURNAL OF ROBOTICS RESEARCH,,,,,,,,,,,,,,,,,"Peternel, Luka/AAX-9766-2021; AbuDakka, Fares/M-2085-2019; Abu-Dakka, Fares J./M-4099-2014; Kramberger, Aljaz/X-2654-2018","Abu-Dakka, Fares J./0000-0001-9062-9416; Peternel, Luka/0000-0002-8696-3689; Saveriano, Matteo/0000-0002-9784-3973; Kramberger, Aljaz/0000-0002-4830-4885",,,,,,,,,,,,,0278-3649,1741-3176,,,,NOV,2023,42,13,,,,,1133,1184,,10.1177/02783649231201196,http://dx.doi.org/10.1177/02783649231201196,,SEP 2023,,,,,,,,,,,WOS:001068940700001,View Full Record in Web of Science
J,"Wu, HC; Zhai, DH; Xia, YQ",,,,"Wu, Haocun; Zhai, Di-Hua; Xia, Yuanqing",,,Probabilized Dynamic Movement Primitives and Model Predictive Planning for Enhanced Trajectory Imitation Learning,IEEE TRANSACTIONS ON INDUSTRIAL ELECTRONICS,,,,,,,,,,,,,,,,,"Xia, Yuanqing/B-3182-2014","Xia, Yuanqing/0000-0002-5977-4911",,,,,,,,,,,,,0278-0046,1557-9948,,,,JAN,2025,72,1,,,,,620,628,,10.1109/TIE.2024.3384602,http://dx.doi.org/10.1109/TIE.2024.3384602,,JUN 2024,,,,,,,,,,,WOS:001252466000001,View Full Record in Web of Science
J,"Zhang, P; Zhang, JX",,,,"Zhang, Peng; Zhang, Junxia",,,Motion generation for walking exoskeleton robot using multiple dynamic movement primitives sequences combined with reinforcement learning,ROBOTICA,,,,,,,,,,,,,,,,,,,,,,,,,,,,,,,0263-5747,1469-8668,,,,AUG,2022,40,8,,,,,2732,2747,PII S0263574721001934,10.1017/S0263574721001934,http://dx.doi.org/10.1017/S0263574721001934,,JAN 2022,,,,,,,,,,,WOS:000740062400001,View Full Record in Web of Science
J,"Shen, NY; Mao, JW; Li, J; Mao, ZQ",,,,"Shen, Nanyan; Mao, Jiawei; Li, Jing; Mao, Zhengquan",,,Research on trajectory learning and modification method based on improved dynamic movement primitives,ROBOTICS AND COMPUTER-INTEGRATED MANUFACTURING,,,,,,,,,,,,,,,,,,"Li, Jing/0000-0002-9863-8955",,,,,,,,,,,,,0736-5845,1879-2537,,,,OCT,2024,89,,,,,,,,102748,10.1016/j.rcim.2024.102748,http://dx.doi.org/10.1016/j.rcim.2024.102748,,APR 2024,,,,,,,,,,,WOS:001227027400001,View Full Record in Web of Science
J,"Han, L; Yuan, H; Xu, WF; Huang, YZ",,,,"Han, Liang; Yuan, Han; Xu, Wenfu; Huang, Yunzhi",,,Modified Dynamic Movement Primitives: Robot Trajectory Planning and Force Control Under Curved Surface Constraints,IEEE TRANSACTIONS ON CYBERNETICS,,,,,,,,,,,,,,,,,"Yuan, Han/HIR-7758-2022; Han, Liang/KFR-6745-2024","Xu, Wenfu/0000-0001-8218-6061; Han, Liang/0000-0001-7779-0280",,,,,,,,,,,,,2168-2267,2168-2275,,,,JUL,2023,53,7,,,,,4245,4258,,10.1109/TCYB.2022.3158029,http://dx.doi.org/10.1109/TCYB.2022.3158029,,MAR 2022,,,,,,35333729,,,,,WOS:000777302300001,View Full Record in Web of Science
J,"Zhang, XM; Wang, Y; Li, CX; Fahmy, A; Sienz, J",,,,"Zhang, Xuanming; Wang, Ye; Li, Chunxu; Fahmy, Ashraf; Sienz, Johann",,,Innovative multi-dimensional learning algorithm and experiment design for human-robot cooperation,APPLIED MATHEMATICAL MODELLING,,,,,,,,,,,,,,,,,"Li, Chenfeng/D-4034-2014","Zhang, Xuanming/0009-0006-0576-2057; Fahmy, Ashraf/0000-0003-1624-1725; Li, Chunxu/0000-0001-7851-0260",,,,,,,,,,,,,0307-904X,1872-8480,,,,MAR,2024,127,,,,,,730,751,,10.1016/j.apm.2024.01.001,http://dx.doi.org/10.1016/j.apm.2024.01.001,,JAN 2024,,,,,,,,,,,WOS:001156458500001,View Full Record in Web of Science
C,"Koutras, L; Doulgeri, Z",,"Kaelbling, LP; Kragic, D; Sugiura, K",,"Koutras, Leonidas; Doulgeri, Zoe",,,A correct formulation for the Orientation Dynamic Movement Primitives for robot control in the Cartesian space,"CONFERENCE ON ROBOT LEARNING, VOL 100",Proceedings of Machine Learning Research,,,,3rd Conference on Robot Learning (CoRL),"OCT 30-NOV 01, 2019","Osaka, JAPAN",,,,,,,,,,"Koutras, Leonidas/KHE-3106-2024",,,,,,,,,,,,,,2640-3498,,,,,,2019,100,,,,,,,,,,,,,,,,,,,,,,,WOS:001228521000024,View Full Record in Web of Science
C,"Chen, CZ; Yang, CG; Zeng, C; Wang, N; Li, ZJ",,,IEEE,"Chen, Chuize; Yang, Chenguang; Zeng, Chao; Wang, Ning; Li, Zhijun",,,Robot Learning from Multiple Demonstrations with Dynamic Movement Primitive,2017 2ND INTERNATIONAL CONFERENCE ON ADVANCED ROBOTICS AND MECHATRONICS (ICARM),,,,,2nd International Conference on Advanced Robotics and Mechatronics (ICARM),"AUG 27-31, 2017","Hefei, PEOPLES R CHINA","Univ Sci & Technol China,IEEE Syst Man & Cybernet Soc,IEEE Robot & Automat Soc,HIT Robot Grp Int Inst Res & Innovat,Hefei State Hi Tech Ind Dev Zone,AAI,Taishan District Govt Taian,South China Univ Technol,IEEE Syst Man & Cybernet Soc Tech Comm Bio Mechatron & Bio Robot Syst,IEEE Robot & Automat Soc Tech Comm Neuro Robot Syst,China Speech Valley,China Search,Shanghai NewReal Auto Syst Co Ltd,Chinese Assoc Artificial Intelligence,IEEE Control Syst Soc,IEEE Control Syst Soc, Beijing Chapter",,,,,,,,,"Li, Zhijun/ACT-9992-2022; Yang, Chenguang/AAJ-2509-2020",,,,,,,,,,,,,,,,978-1-5386-3260-4,,,,2017,,,,,,,523,528,,,,,,,,,,,,,,,,WOS:000426453700093,View Full Record in Web of Science
J,"Rückert, E; d'Avella, A",,,,"Rueckert, Elmar; d'Avella, Andrea",,,Learned parametrized dynamic movement primitives with shared synergies for controlling robotic and musculoskeletal systems,FRONTIERS IN COMPUTATIONAL NEUROSCIENCE,,,,,,,,,,,,,,,,,"D'AVELLA, Andrea/K-6856-2018","D'AVELLA, Andrea/0000-0002-3393-4956; Rueckert, Elmar/0000-0003-1221-8253",,,,,,,,,,,,,,1662-5188,,,,OCT 17,2013,7,,,,,,,,138,10.3389/fncom.2013.00138,http://dx.doi.org/10.3389/fncom.2013.00138,,,,,,,,24146647,,,,,WOS:000326331400001,View Full Record in Web of Science
J,"Pahic, R; Ridge, B; Gams, A; Morimoto, J; Ude, A",,,,"Pahic, Rok; Ridge, Barry; Gams, Andrej; Morimoto, Jun; Ude, Ales",,,Training of deep neural networks for the generation of dynamic movement primitives,NEURAL NETWORKS,,,,,,,,,,,,,,,,,"Ude, Aleš/ABB-7839-2020; Ridge, Barry/KGK-3581-2024","Ude, Ales/0000-0003-3677-3972; Pahic, Rok/0000-0003-0985-9439; Ridge, Barry/0000-0002-7240-8182; Gams, Andrej/0000-0002-9803-3593",,,,,,,,,,,,,0893-6080,1879-2782,,,,JUL,2020,127,,,,,,121,131,,10.1016/j.neunet.2020.04.010,http://dx.doi.org/10.1016/j.neunet.2020.04.010,,,,,,,,32339807,,,,,WOS:000536453100012,View Full Record in Web of Science
J,"Dong, S; Yang, ZH; Zhang, WX; Zou, K",,,,"Dong, Shuai; Yang, Zhihua; Zhang, Weixi; Zou, Kun",,,Dynamic movement primitives based on positive and negative demonstrations,INTERNATIONAL JOURNAL OF ADVANCED ROBOTIC SYSTEMS,,,,,,,,,,,,,,,,,", 张维溪/AHC-3024-2022; Yang, Zhihua/G-1375-2012","Dong, Shuai/0000-0002-9321-5064",,,,,,,,,,,,,1729-8814,,,,,JAN,2023,20,1,,,,,,,1.7298806231153E+016,10.1177/17298806231152997,http://dx.doi.org/10.1177/17298806231152997,,,,,,,,,,,,,WOS:000938114200001,View Full Record in Web of Science
J,"Zhai, B; Zhang, EZ; Li, BC; Fang, XJ",,,,"Zhai, Bin; Zhang, Enzheng; Li, Bingchen; Fang, Xiujun",,,High Precision Trajectory Learning Method Based Improved Dynamic Movement Primitives for Robot Skill Learning,JOURNAL OF MECHANISMS AND ROBOTICS-TRANSACTIONS OF THE ASME,,,,,,,,,,,,,,,,,,,,,,,,,,,,,,,1942-4302,1942-4310,,,,JUN 1,2024,16,6,,,,,,,61001,10.1115/1.4062985,http://dx.doi.org/10.1115/1.4062985,,,,,,,,,,,,,WOS:001225911800008,View Full Record in Web of Science
C,"Petric, T; Ude, A; Ijspeert, AJ",,"Borangiu, T",,"Petric, Tadej; Ude, Ales; Ijspeert, Auke J.",,,Autonomous Learning of Internal Dynamic Models for Reaching Tasks,ADVANCES IN ROBOT DESIGN AND INTELLIGENT CONTROL,Advances in Intelligent Systems and Computing,,,,24th International Conference on Robotics in Alpe-Adria-Danube Region (RAAD),"MAY 27-29, 2015","Bucharest, ROMANIA",,,,,,,,,,"Petric, Tadej/AAS-2471-2021; Ude, Aleš/ABB-7839-2020","Ijspeert, Auke Jan/0000-0003-1417-9980; Ude, Ales/0000-0003-3677-3972; Petric, Tadej/0000-0002-3407-4206",,,,,,,,,,,,,2194-5357,,978-3-319-21290-6; 978-3-319-21289-0,,,,2016,371,,,,,,439,447,,10.1007/978-3-319-21290-6_44,http://dx.doi.org/10.1007/978-3-319-21290-6_44,,,,,,,,,,,,,WOS:000381804400044,View Full Record in Web of Science
J,"Kamali, K; Akbari, AA; Akbarzadeh, A",,,,"Kamali, Kaveh; Akbari, Ali Akbar; Akbarzadeh, Alireza",,,Trajectory generation and control of a knee exoskeleton based on dynamic movement primitives for sit-to-stand assistance,ADVANCED ROBOTICS,,,,,,,,,,,,,,,,,"Akbarzadeh, Alireza/HKO-5087-2023; Akbari, Ali/AAP-8260-2021","Akbarzadeh, Alireza/0000-0001-8605-8956",,,,,,,,,,,,,0169-1864,1568-5535,,,,,2016,30,13,,,,,846,860,,10.1080/01691864.2016.1154800,http://dx.doi.org/10.1080/01691864.2016.1154800,,,,,,,,,,,,,WOS:000380282900002,View Full Record in Web of Science
J,"Kong, LH; He, W; Chen, WS; Zhang, H; Wang, YN",,,,"Kong, Ling-Huan; He, Wei; Chen, Wen-Shi; Zhang, Hui; Wang, Yao-Nan",,,Dynamic Movement Primitives Based Robot Skills Learning,MACHINE INTELLIGENCE RESEARCH,,,,,,,,,,,,,,,,,"He, Wei/K-4900-2019; Kong, Linghuan/AAE-8497-2019","Kong, Linghuan/0000-0001-9866-4822",,,,,,,,,,,,,2731-538X,2731-5398,,,,JUN,2023,20,3,,,,,396,407,,10.1007/s11633-022-1346-z,http://dx.doi.org/10.1007/s11633-022-1346-z,,JAN 2023,,,,,,,,,,,WOS:000910769400003,View Full Record in Web of Science
C,"Ude, A; Nemec, B; Petric, T; Morimoto, J",,,IEEE,"Ude, Ales; Nemec, Bojan; Petric, Tadej; Morimoto, Jun",,,Orientation in Cartesian Space Dynamic Movement Primitives,2014 IEEE INTERNATIONAL CONFERENCE ON ROBOTICS AND AUTOMATION (ICRA),IEEE International Conference on Robotics and Automation ICRA,,,,IEEE International Conference on Robotics and Automation (ICRA),"MAY 31-JUN 07, 2014","Hong Kong, PEOPLES R CHINA",IEEE,,,,,,,,,"Ude, Aleš/ABB-7839-2020; Petric, Tadej/AAS-2471-2021","Petric, Tadej/0000-0002-3407-4206; Ude, Ales/0000-0003-3677-3972",,,,,,,,,,,,,1050-4729,2577-087X,978-1-4799-3685-4,,,,2014,,,,,,,2997,3004,,,,,,,,,,,,,,,,WOS:000377221103003,View Full Record in Web of Science
J,"Ugur, E; Girgin, H",,,,"Ugur, Emre; Girgin, Hakan",,,Compliant Parametric Dynamic Movement Primitives,ROBOTICA,,,,,,,,,,,,,,,,,"Ugur, Emre/A-6011-2017","Girgin, Hakan/0000-0002-4776-7888; Ugur, Emre/0000-0001-9597-2731",,,,,,,,,,,,,0263-5747,1469-8668,,,,MAR,2020,38,3,,,,,457,474,PII S026357471900078X,10.1017/S026357471900078X,http://dx.doi.org/10.1017/S026357471900078X,,,,,,,,,,,,,WOS:000512402600006,View Full Record in Web of Science
C,"Namiki, A; Yokosawa, S",,,IEEE,"Namiki, Akio; Yokosawa, Shuichi",,,Robotic Origami Folding with Dynamic Motion Primitives,2015 IEEE/RSJ INTERNATIONAL CONFERENCE ON INTELLIGENT ROBOTS AND SYSTEMS (IROS),IEEE International Conference on Intelligent Robots and Systems,,,,IEEE/RSJ International Conference on Intelligent Robots and Systems (IROS),"SEP 28-OCT 02, 2015","Hamburg, GERMANY","IEEE,RSJ,Univ Hamburg,DFG,RA,New Technol Fdn,SICE,KUKA,DJI,Rethink Robot,BOSCH,Chinese Acad Sci, SIAT,Boozhong,Adept,Automatica,HIT,Ascending Technol,OPTOFORCE,DST Robot,BA Syst,Rainbow Robot,SIA,CLEARPATH Robot,Swiss Natl Ctr Competence Res Robot,SINEVA,Dyson,SICK,Robocept,Force Dimension,Open Unit Robot,Luoyang Natl Univ Sci Park,Fuzhou Univ,Synapticon,Google,Technishce Univ Munchen,iRobot,Echord++,Khalifa Univ,Pan Robot,FESTO,Kinova Robot,SCHUNK,ies",,,,,,,,,"Namiki, Akio/J-8062-2014","Namiki, Akio/0000-0003-3181-0818",,,,,,,,,,,,,2153-0858,,978-1-4799-9994-1,,,,2015,,,,,,,5623,5628,,,,,,,,,,,,,,,,WOS:000371885405111,View Full Record in Web of Science
J,"Rosado, J; Silva, F; Santos, V; Amaro, A",,,,"Rosado, Jose; Silva, Filipe; Santos, Vitor; Amaro, Antonio",,,Adaptive Robot Biped Locomotion with Dynamic Motion Primitives and Coupled Phase Oscillators,JOURNAL OF INTELLIGENT & ROBOTIC SYSTEMS,,,,,,,,,,,,,,,,,"Silva, Filipe/AAJ-2527-2020; Santos, Vitor/D-2973-2013","Amaro, Antonio/0000-0003-2586-1977; Silva, Filipe/0000-0001-6191-0727; Santos, Vitor/0000-0003-1283-7388; Rosado, Jose/0000-0001-5610-7147",,,,,,,,,,,,,0921-0296,1573-0409,,,,SEP,2016,83,3-4,,,SI,,375,391,,10.1007/s10846-016-0336-1,http://dx.doi.org/10.1007/s10846-016-0336-1,,,,,,,,,,,,,WOS:000386366000005,View Full Record in Web of Science
C,"Rosado, J; Silva, F; Santos, V",,"Pereira, F; Machado, P; Costa, E; Cardoso, A",,"Rosado, Jose; Silva, Filipe; Santos, Vitor",,,Adaptive Behavior of a Biped Robot Using Dynamic Movement Primitives,PROGRESS IN ARTIFICIAL INTELLIGENCE-BK,Lecture Notes in Artificial Intelligence,,,,17th Portuguese Conference on Artificial Intelligence (EPIA),"SEP 08-11, 2015","Univ Coimbra, Coimbra, PORTUGAL","Sistemas Cognitivos S A,Feedzai S A,Thinkware S A,iClio,FBA,Fundacao Ciencia Tecnologia",Univ Coimbra,,,,,,,,"Silva, Filipe/AAJ-2527-2020; Santos, Vitor/D-2973-2013","Silva, Filipe/0000-0001-6191-0727; Santos, Vitor/0000-0003-1283-7388; Rosado, Jose/0000-0001-5610-7147",,,,,,,,,,,,,0302-9743,1611-3349,978-3-319-23485-4; 978-3-319-23484-7,,,,2015,9273,,,,,,469,479,,10.1007/978-3-319-23485-4_46,http://dx.doi.org/10.1007/978-3-319-23485-4_46,,,,,,,,,,,,,WOS:000363570000046,View Full Record in Web of Science
J,"Matsubara, T; Hyon, SH; Morimoto, J",,,,"Matsubara, Takamitsu; Hyon, Sang-Ho; Morimoto, Jun",,,Learning parametric dynamic movement primitives from multiple demonstrations,NEURAL NETWORKS,,,,,,,,,,,,,,,,,,,,,,,,,,,,,,,0893-6080,1879-2782,,,,JUN,2011,24,5,,,,,493,500,,10.1016/j.neunet.2011.02.004,http://dx.doi.org/10.1016/j.neunet.2011.02.004,,,,,,,,21388784,,,,,WOS:000290510000009,View Full Record in Web of Science
J,"Dong, JL; Si, WY; Yang, CG",,,,"Dong, Jiale; Si, Weiyong; Yang, Chenguang",,,A novel human-robot skill transfer method for contact-rich manipulation task,ROBOTIC INTELLIGENCE AND AUTOMATION,,,,,,,,,,,,,,,,,"Yang, Chenguang/ABE-7755-2020; SI, WEIYONG/KIB-2268-2024","Si, Weiyong/0000-0003-4531-2596; Yang, Chenguang/0000-0001-5255-5559",,,,,,,,,,,,,2754-6969,2754-6977,,,,JUN 23,2023,43,3,,,,,327,337,,10.1108/RIA-01-2023-0002,http://dx.doi.org/10.1108/RIA-01-2023-0002,,JUN 2023,,,,,,,,,,,WOS:001000766300001,View Full Record in Web of Science
J,"Kim, H; Seo, H; Choi, S; Tomlin, CJ; Kim, HJ",,,,"Kim, Hyoin; Seo, Hoseong; Choi, Seungwon; Tomlin, Claire J.; Kim, H. Jin",,,Incorporating Safety Into Parametric Dynamic Movement Primitives,IEEE ROBOTICS AND AUTOMATION LETTERS,,,,,,,,,,,,,,,,,"Kim, Hyoin/ABC-8449-2020","Seo, Hoseong/0000-0002-1485-3712; Kim, H Jin/0000-0002-6819-1136; Kim, Hyoin/0000-0002-5681-6063",,,,,,,,,,,,,2377-3766,,,,,JUL,2019,4,3,,,,,2260,2267,,10.1109/LRA.2019.2900762,http://dx.doi.org/10.1109/LRA.2019.2900762,,,,,,,,,,,,,WOS:000462380600002,View Full Record in Web of Science
C,"Chen, QG; Wan, L; Pan, YJ",,,,"Chen, Qiguang; Wan, Lucas; Pan, Ya-Jun",,,Object Recognition and Localization for Pick-and-Place Task using Difference-based Dynamic Movement Primitives,IFAC PAPERSONLINE,,,,,22nd World Congress of the International Federation of Automatic Control (IFAC),"JUL 09-14, 2023","Yokohama, JAPAN",,,,,,,,,,"Wan, Lucas/AAU-3001-2021; Pan, Yajun/AAQ-3127-2020","Pan, Ya-Jun/0000-0002-8700-0956",,,,,,,,,,,,,2405-8963,,,,,,2023,56,2,,,,,10004,10009,,10.1016/j.ifacol.2023.10.865,http://dx.doi.org/10.1016/j.ifacol.2023.10.865,,NOV 2023,,,,,,,,,,,WOS:001122557300603,View Full Record in Web of Science
C,"Hameed, I; Chao, X; Navarro-Alarcon, D; Jing, XJ",,,IEEE,"Hameed, Imran; Chao, Xu; Navarro-Alarcon, David; Jing, Xingjian",,,Training Dynamic Motion Primitives using Deep Reinforcement Learning to Control a Robotic Tadpole,2022 IEEE/RSJ INTERNATIONAL CONFERENCE ON INTELLIGENT ROBOTS AND SYSTEMS (IROS),IEEE International Conference on Intelligent Robots and Systems,,,,IEEE/RSJ International Conference on Intelligent Robots and Systems (IROS),"OCT 23-27, 2022","Kyoto, JAPAN","IEEE,Royal Soc Japan,IEEE Robot & Automat Soc,IES,SICE,New Technol Fdn",,,,,,,,,"CHAO, XU/LHA-0672-2024; Jing, Xingjian/B-2120-2008","Jing, Xingjian/0000-0003-3498-2180",,,,,,,,,,,,,2153-0858,,978-1-6654-7927-1,,,,2022,,,,,,,6881,6887,,10.1109/IROS47612.2022.9981112,http://dx.doi.org/10.1109/IROS47612.2022.9981112,,,,,,,,,,,,,WOS:000908368204116,View Full Record in Web of Science
C,"Iturrate, I; Sloth, C; Kramberger, A; Petersen, HG; Ostergaard, EH; Savarimuthu, TR",,,IEEE,"Iturrate, Inigo; Sloth, Christoffer; Kramberger, Aljaz; Petersen, Henrik Gordon; Ostergaard, Esben Hallundbaek; Savarimuthu, Thiusius Rajeeth",,,Towards Reversible Dynamic Movement Primitives,2019 IEEE/RSJ INTERNATIONAL CONFERENCE ON INTELLIGENT ROBOTS AND SYSTEMS (IROS),IEEE International Conference on Intelligent Robots and Systems,,,,IEEE/RSJ International Conference on Intelligent Robots and Systems (IROS),"NOV 04-08, 2019","Macau, PEOPLES R CHINA","IEEE,RSJ",,,,,,,,,"Kramberger, Aljaz/X-2654-2018; Petersen, Henrik Gordon/R-4129-2018; Iturrate, Inigo/U-7913-2018; Sloth, Christoffer Eg/F-5844-2011; Savarimuthu, Thiusius Rajeeth/J-7766-2015","Kramberger, Aljaz/0000-0002-4830-4885; Petersen, Henrik Gordon/0000-0002-0425-170X; Iturrate, Inigo/0000-0001-7922-1946; Sloth, Christoffer Eg/0000-0002-3309-6278; Savarimuthu, Thiusius Rajeeth/0000-0002-2478-8694",,,,,,,,,,,,,2153-0858,,978-1-7281-4004-9,,,,2019,,,,,,,5063,5070,,10.1109/iros40897.2019.8968270,http://dx.doi.org/10.1109/iros40897.2019.8968270,,,,,,,,,,,,,WOS:000544658404024,View Full Record in Web of Science
J,"Rotithor, G; Salehi, I; Tunstel, E; Dani, AP",,,,"Rotithor, Ghananeel; Salehi, Iman; Tunstel, Edward; Dani, Ashwin P.",,,Stitching Dynamic Movement Primitives and Image-Based Visual Servo Control,IEEE TRANSACTIONS ON SYSTEMS MAN CYBERNETICS-SYSTEMS,,,,,,,,,,,,,,,,,,"Rotithor, Ghananeel/0000-0002-8364-2337; Tunstel, Edward/0000-0001-7023-9170",,,,,,,,,,,,,2168-2216,2168-2232,,,,MAY,2023,53,5,,,,,2583,2593,,10.1109/TSMC.2022.3214756,http://dx.doi.org/10.1109/TSMC.2022.3214756,,,,,,,,,,,,,WOS:000972431000003,View Full Record in Web of Science
C,"Ubellacker, W; Csomay-Shanklin, N; Molnar, TG; Ames, AD",,,IEEE,"Ubellacker, Wyatt; Csomay-Shanklin, Noel; Molnar, Tamas G.; Ames, Aaron D.",,,Verifying Safe Transitions between Dynamic Motion Primitives on Legged Robots,2021 IEEE/RSJ INTERNATIONAL CONFERENCE ON INTELLIGENT ROBOTS AND SYSTEMS (IROS),IEEE International Conference on Intelligent Robots and Systems,,,,IEEE/RSJ International Conference on Intelligent Robots and Systems (IROS),"SEP 27-OCT 01, 2021",ELECTR NETWORK,"IEEE,RSJ",,,,,,,,,"Molnar, Tamas G./O-3594-2016","Molnar, Tamas G./0000-0002-9379-7121",,,,,,,,,,,,,2153-0858,,978-1-6654-1714-3,,,,2021,,,,,,,8477,8484,,10.1109/IROS51168.2021.9636537,http://dx.doi.org/10.1109/IROS51168.2021.9636537,,,,,,,,,,,,,WOS:000755125506099,View Full Record in Web of Science
J,"Li, FM; Sun, HY; Liu, EG; Du, FX",,,,"Li, Fengming; Sun, Huayan; Liu, Enguang; Du, Fuxin",,,Human-robot collaborative handling of curtain walls using dynamic motion primitives and real-time human intention recognition,BIOMIMETIC INTELLIGENCE AND ROBOTICS,,,,,,,,,,,,,,,,,"Du, Fuxin/AEP-0690-2022; Sun, Huayan/KLC-2363-2024",,,,,,,,,,,,,,2097-0242,2667-3797,,,,DEC,2024,4,4,,,,,,,100183,10.1016/j.birob.2024.100183,http://dx.doi.org/10.1016/j.birob.2024.100183,,OCT 2024,,,,,,,,,,,WOS:001353954000001,View Full Record in Web of Science
J,"Chi, MS; Yao, YF; Liu, YX; Zhong, M",,,,"Chi, Mingshan; Yao, Yufeng; Liu, Yaxin; Zhong, Ming",,,"Learning, Generalization, and Obstacle Avoidance with Dynamic Movement Primitives and Dynamic Potential Fields",APPLIED SCIENCES-BASEL,,,,,,,,,,,,,,,,,,"Chi, Mingshan/0000-0002-4129-1153; Zhong, Ming/0000-0002-1612-0459; Liu, Yaxin/0000-0003-3694-9800",,,,,,,,,,,,,,2076-3417,,,,APR 2,2019,9,8,,,,,,,1535,10.3390/app9081535,http://dx.doi.org/10.3390/app9081535,,,,,,,,,,,,,WOS:000467316400020,View Full Record in Web of Science
J,"Li, SD; Huang, WJ; Miao, CY; Xu, K; Chen, YD; Sun, TF; Cui, YD",,,,"Li, Shangde; Huang, Wenjun; Miao, Chenyang; Xu, Kun; Chen, Yidong; Sun, Tianfu; Cui, Yunduan",,,Efficient Robot Manipulation via Reinforcement Learning with Dynamic Movement Primitives-Based Policy,APPLIED SCIENCES-BASEL,,,,,,,,,,,,,,,,,"huang, wenjun/KVY-9101-2024; Sun, Tianfu/AAV-4426-2020","Sun, Tianfu/0000-0002-5518-0315; huang, wenjun/0009-0004-3736-4390",,,,,,,,,,,,,,2076-3417,,,,NOV,2024,14,22,,,,,,,10665,10.3390/app142210665,http://dx.doi.org/10.3390/app142210665,,,,,,,,,,,,,WOS:001366865900001,View Full Record in Web of Science
C,"Joshi, RP; Koganti, N; Shibata, T",,,ACM,"Joshi, Ravi P.; Koganti, Nishanth; Shibata, Tomohiro",,,Robotic cloth manipulation for clothing assistance task using Dynamic Movement Primitives,PROCEEDINGS OF THE ADVANCES IN ROBOTICS (AIR'17),,,,,Conference on Advances in Robotics (AIR),"JUN 28-JUL 02, 2017","New Delhi, INDIA",,,,,,,,,,"Koganti, Nishanth/LJK-4290-2024; Joshi, Ravi Prakash/S-4845-2019","Joshi, Ravi Prakash/0000-0003-1264-6100; Koganti, Nishanth/0000-0003-1319-4150",,,,,,,,,,,,,,,978-1-4503-5294-9,,,,2017,,,,,,,,,,10.1145/3132446.3134878,http://dx.doi.org/10.1145/3132446.3134878,,,,,,,,,,,,,WOS:000448677100014,View Full Record in Web of Science
J,"Escarabajal, RJ; Abu-Dakka, FJ; Pulloquinga, JL; Mata, V; Vallés, M; Valera, A",,,,"Escarabajal, Rafael J.; Abu-Dakka, Fares J.; Pulloquinga, Jose L.; Mata, Vicente; Valles, Marina; Valera, Angel",,,Development of lower-limb rehabilitation exercises using 3-PRS Parallel Robot and Dynamic Movement Primitives,MULTIDISCIPLINARY JOURNAL FOR EDUCATION SOCIAL AND TECHNOLOGICAL SCIENCES,,,,,,,,,,,,,,,,,"Pulloquinga Zapata, José Luis/AAU-1993-2020; AbuDakka, Fares/M-2085-2019; Valera, Angel/Q-4476-2017; Valles, Marina/H-9872-2018; Mata-Amela, Vicente/C-6187-2016; Abu-Dakka, Fares J./M-4099-2014","Valera, Angel/0000-0001-6843-6394; Valles, Marina/0000-0002-6396-0098; Escarabajal Sanchez, Rafael Jose/0000-0001-6535-9098; Mata-Amela, Vicente/0000-0003-2255-0567; Abu-Dakka, Fares J./0000-0001-9062-9416; Pulloquinga Zapata, Jose Luis/0000-0003-0403-4593",,,,,,,,,,,,,2341-2593,,,,,OCT,2020,7,2,,,,,30,44,,10.4995/muse.2020.13907,http://dx.doi.org/10.4995/muse.2020.13907,,,,,,,,,,,,,WOS:000580331500003,View Full Record in Web of Science
J,"Li, A; Liu, ZZ; Wang, WR; Zhu, MC; Li, YH; Huo, Q; Dai, M",,,,"Li, Ang; Liu, Zhenze; Wang, Wenrui; Zhu, Mingchao; Li, Yanhui; Huo, Qi; Dai, Ming",,,Reinforcement Learning with Dynamic Movement Primitives for Obstacle Avoidance,APPLIED SCIENCES-BASEL,,,,,,,,,,,,,,,,,,"Wang, Wenrui/0000-0002-3023-9659; Li, Ang/0000-0002-0063-1422",,,,,,,,,,,,,,2076-3417,,,,DEC,2021,11,23,,,,,,,11184,10.3390/app112311184,http://dx.doi.org/10.3390/app112311184,,,,,,,,,,,,,WOS:000735645600001,View Full Record in Web of Science
J,"Ginesi, M; Sansonetto, N; Fiorini, P",,,,"Ginesi, Michele; Sansonetto, Nicola; Fiorini, Paolo",,,Overcoming some drawbacks of Dynamic Movement Primitives,ROBOTICS AND AUTONOMOUS SYSTEMS,,,,,,,,,,,,,,,,,"Ginesi, Michele/HTP-7306-2023","Fiorini, Paolo/0000-0002-0711-8605; Ginesi, Michele/0000-0001-5845-3692",,,,,,,,,,,,,0921-8890,1872-793X,,,,OCT,2021,144,,,,,,,,103844,10.1016/j.robot.2021.103844,http://dx.doi.org/10.1016/j.robot.2021.103844,,JUL 2021,,,,,,,,,,,WOS:000692135700005,View Full Record in Web of Science
C,"Mei, Z; Chen, Y; Jiang, MH; Wu, HY; Cheng, L",,"Liu, T; Zhao, Q",,"Mei, Zhuang; Chen, Yang; Jiang, Minghao; Wu, Huaiyu; Cheng, Lei",,,Mobile Robots Path Planning Based on Dynamic Movement Primitives Library,PROCEEDINGS OF THE 36TH CHINESE CONTROL CONFERENCE (CCC 2017),Chinese Control Conference,,,,36th Chinese Control Conference (CCC),"JUL 26-28, 2017","Dalian, PEOPLES R CHINA","Chinese Acad Sci, Acad Math & Syst Sci,China Soc Ind & Appl Math,Liaoning Assoc Automat,Shenyang Univ Chem Technol,Liaoning Univ Sci & Technol,Asian Control Assoc,IEEE Control Syst Soc,Inst Control Robot & Syst,Soc Instrument & Control Engineers,Chinese Assoc Automat, Tech Comm Control Theory,Syst Engn Soc China,Dalian Univ Technol",,,,,,,,,"chen, yag/KIK-7524-2024",,,,,,,,,,,,,,2161-2927,,978-9-8815-6393-4,,,,2017,,,,,,,6906,6911,,,,,,,,,,,,,,,,WOS:000432015501014,View Full Record in Web of Science
C,"Lim, CS; Kwon, DS",,,IEEE,"Lim, Chan-Soon; Kwon, Dong-Soo",,,Learning Bowing Gesture with Motion Diversity by Dynamic Movement Primitives,2017 14TH INTERNATIONAL CONFERENCE ON UBIQUITOUS ROBOTS AND AMBIENT INTELLIGENCE (URAI),International Conference on Ubiquitous Robots and Ambient Intelligence,,,,14th International Conference on Ubiquitous Robots and Ambient Intelligence (URAI),"JUN 28-JUL 01, 2017","Jeju, SOUTH KOREA","KROS,IEEE,IEEE Robot and Automat Soc,RSJ,JEJU CVB,KOFST,ROBOTIS,SAMSUNG,GIRLS ROBOT,YUJIN ROBOT,NAVER LABS,KIST,WINDOWMATE,HYUNDAI ROTEM,MINDS LAB,WALKBOT,SRRC,NEUROMEKA,YM NAEUL TECH",,,,,,,,,"Kwon, Dong-Soo/C-1540-2011",,,,,,,,,,,,,,2325-033X,,978-1-5090-3056-9,,,,2017,,,,,,,165,166,,,,,,,,,,,,,,,,WOS:000426976900036,View Full Record in Web of Science
J,"Wang, BY; Gong, JW; Chen, HY",,,,"Wang, Boyang; Gong, Jianwei; Chen, Huiyan",,,"Motion Primitives Representation, Extraction and Connection for Automated Vehicle Motion Planning Applications",IEEE TRANSACTIONS ON INTELLIGENT TRANSPORTATION SYSTEMS,,,,,,,,,,,,,,,,,"Gong, Jianwei/I-1710-2013; Wang, Boyang/J-4227-2018","Wang, Boyang/0000-0003-3613-8792",,,,,,,,,,,,,1524-9050,1558-0016,,,,SEPT,2020,21,9,,,,,3931,3945,,10.1109/TITS.2019.2941859,http://dx.doi.org/10.1109/TITS.2019.2941859,,,,,,,,,,,,,WOS:000564291100030,View Full Record in Web of Science
J,"Yang, XJ; Zhang, YX; Li, RR; Zheng, XH; Zhang, QF",,,,"Yang, Xuejiao; Zhang, Yunxiu; Li, Rongrong; Zheng, Xinhui; Zhang, Qifeng",,,Learning Underwater Intervention Skills Based on Dynamic Movement Primitives,ELECTRONICS,,,,,,,,,,,,,,,,,"Zhang, Qifeng/ABH-3054-2021",,,,,,,,,,,,,,,2079-9292,,,,OCT,2024,13,19,,,,,,,3860,10.3390/electronics13193860,http://dx.doi.org/10.3390/electronics13193860,,,,,,,,,,,,,WOS:001334276200001,View Full Record in Web of Science
J,"Zhao, Y; Xiong, R; Fang, L; Dai, XH",,,,"Zhao, Yue; Xiong, Rong; Fang, Li; Dai, Xiaohe",,,Generating a Style-adaptive Trajectory from Multiple Demonstrations,INTERNATIONAL JOURNAL OF ADVANCED ROBOTIC SYSTEMS,,,,,,,,,,,,,,,,,"Xiong, Rong/L-4422-2013",,,,,,,,,,,,,,1729-8814,,,,,JUL 18,2014,11,,,,,,,,11,10.5772/58723,http://dx.doi.org/10.5772/58723,,,,,,,,,,,,,WOS:000339249400001,View Full Record in Web of Science
J,"Abu-Dakka, FJ; Saveriano, M; Kyrki, V",,,,"Abu-Dakka, Fares J.; Saveriano, Matteo; Kyrki, Ville",,,A unified formulation of geometry-aware discrete dynamic movement primitives,NEUROCOMPUTING,,,,,,,,,,,,,,,,,"AbuDakka, Fares/M-2085-2019; Abu-Dakka, Fares J./M-4099-2014; Kyrki, Ville/F-3034-2011","Abu-Dakka, Fares J./0000-0001-9062-9416; Saveriano, Matteo/0000-0002-9784-3973; Kyrki, Ville/0000-0002-5230-5549",,,,,,,,,,,,,0925-2312,1872-8286,,,,SEP 14,2024,598,,,,,,,,128056,10.1016/j.neucom.2024.128056,http://dx.doi.org/10.1016/j.neucom.2024.128056,,JUN 2024,,,,,,,,,,,WOS:001262076200001,View Full Record in Web of Science
J,"Scheikl, PM; Schreiber, N; Haas, C; Freymuth, N; Neumann, G; Lioutikov, R; Mathis-Ullrich, F",,,,"Scheikl, Paul Maria; Schreiber, Nicolas; Haas, Christoph; Freymuth, Niklas; Neumann, Gerhard; Lioutikov, Rudolf; Mathis-Ullrich, Franziska",,,Movement Primitive Diffusion: Learning Gentle Robotic Manipulation of Deformable Objects,IEEE ROBOTICS AND AUTOMATION LETTERS,,,,,,,,,,,,,,,,,"Mathis-Ullrich, Franziska/ABH-5608-2020","Haas, Christoph/0009-0004-6042-5921; Mathis-Ullrich, Franziska/0000-0001-5239-5305; Freymuth, Niklas/0009-0001-7755-6811; Scheikl, Paul Maria/0000-0002-8079-1425",,,,,,,,,,,,,2377-3766,,,,,JUN,2024,9,6,,,,,5338,5345,,10.1109/LRA.2024.3382529,http://dx.doi.org/10.1109/LRA.2024.3382529,,,,,,,,,,,,,WOS:001209579600008,View Full Record in Web of Science
J,"Shi, DH; Hu, H; Yang, CG; Lu, ZY; Li, QC",,,,"Shi, Donghao; Hu, Hao; Yang, Chenguang; Lu, Zhenyu; Li, Qinchuan",,,A Learning System for Deformable Object Cooperative Manipulation,IEEE TRANSACTIONS ON AUTOMATION SCIENCE AND ENGINEERING,,,,,,,,,,,,,,,,,"lu, zhenyu/AAH-5454-2019",,,,,,,,,,,,,,1545-5955,1558-3783,,,,2024 NOV 1,2024,,,,,,,,,,10.1109/TASE.2024.3486063,http://dx.doi.org/10.1109/TASE.2024.3486063,,NOV 2024,,,,,,,,,,,WOS:001347824000001,View Full Record in Web of Science
J,"Sidiropoulos, A; Doulgeri, Z",,,,"Sidiropoulos, Antonis; Doulgeri, Zoe",,,Dynamic Via-points and Improved Spatial Generalization for Online Trajectory Generation with Dynamic Movement Primitives,JOURNAL OF INTELLIGENT & ROBOTIC SYSTEMS,,,,,,,,,,,,,,,,,,"Sidiropoulos, Antonis/0000-0002-6089-5980; Doulgeri, Zoe/0000-0003-2188-9358",,,,,,,,,,,,,0921-0296,1573-0409,,,,MAR,2024,110,1,,,,,,,24,10.1007/s10846-024-02051-0,http://dx.doi.org/10.1007/s10846-024-02051-0,,,,,,,,,,,,,WOS:001150378600001,View Full Record in Web of Science
J,"Yu, LZ; Bai, SP",,,,"Yu, Lingzhou; Bai, Shaoping",,,A Modified Dynamic Movement Primitive Algorithm for Adaptive Gait Control of a Lower Limb Exoskeleton,IEEE TRANSACTIONS ON HUMAN-MACHINE SYSTEMS,,,,,,,,,,,,,,,,,"bai, shaoping/AAH-2817-2020","Bai, Shaoping/0000-0001-5882-9768",,,,,,,,,,,,,2168-2291,2168-2305,,,,DEC,2024,54,6,,,,,778,787,,10.1109/THMS.2024.3458905,http://dx.doi.org/10.1109/THMS.2024.3458905,,SEP 2024,,,,,,,,,,,WOS:001324995000001,View Full Record in Web of Science
C,"Chen, NT; Karl, M; van der Smagt, P",,"Asfour, T; Billard, A; Harada, K; Kulic, D; Ude, A; Venture, G; Yamane, K; Yokoi, K; Yoshida, E",,"Chen, Nutan; Karl, Maximilian; van der Smagt, Patrick",,,Dynamic Movement Primitives in Latent Space of Time-Dependent Variational Autoencoders,2016 IEEE-RAS 16TH INTERNATIONAL CONFERENCE ON HUMANOID ROBOTS (HUMANOIDS),IEEE-RAS International Conference on Humanoid Robots,,,,16th IEEE-RAS International Conference on Humanoid Robots (Humanoids),"NOV 15-17, 2016","Mexican Assoc Comp Vis Robot & Neural Comp, Cancun, MEXICO","IEEE Robot & Automat Soc,Disney Res,ROBOTIS,INTEL,PAL,MACVNR,CONACYT,CINVESTAV",Mexican Assoc Comp Vis Robot & Neural Comp,,,,,,,,,"van der Smagt, Patrick/0000-0003-4418-4916",,,,,,,,,,,,,2164-0572,,978-1-5090-4718-5,,,,2016,,,,,,,629,636,,,,,,,,,,,,,,,,WOS:000403009300095,View Full Record in Web of Science
C,"Wahrburg, A; Guida, S; Enayati, N; Zanchettin, AM; Rocco, P",,,IEEE,"Wahrburg, Arne; Guida, Simone; Enayati, Nima; Zanchettin, Andrea Maria; Rocco, Paolo",,,FlexDMP - Extending Dynamic Movement Primitives towards Flexible Joint Robots,2021 IEEE INTERNATIONAL CONFERENCE ON ROBOTICS AND AUTOMATION (ICRA 2021),IEEE International Conference on Robotics and Automation ICRA,,,,IEEE International Conference on Robotics and Automation (ICRA),"MAY 30-JUN 05, 2021","Xian, PEOPLES R CHINA","IEEE,IEEE Robot & Automat Soc,So Univ Sci & Technol,Harbin Inst Technol,Xian Jiaotong Univ,Univ Toronto,Nat Sci & Engn Res Council Canada,Chinese Univ Hong Kong,DJI,Biomimet Intelligence & Robot,Toyota Res Inst,Baidu,Mech Mind Robot Technologies,Facebook AI,Nokov,Manycore,Franka Emika,Zhejiang Univ, Huzhou Inst,Jing Tian,ATI Ind Automat,Amber,Direct Drive Tech,Inceptio,Flexiv,Deeproute AI,Unitree,Waymo,Kuka,Pudu Robot,Deep Robot,Nvidia,MathWorks",,,,,,,,,,,,,,,,,,,,,,,1050-4729,2577-087X,978-1-7281-9077-8,,,,2021,,,,,,,7592,7598,,10.1109/ICRA48506.2021.9560843,http://dx.doi.org/10.1109/ICRA48506.2021.9560843,,,,,,,,,,,,,WOS:000771405401034,View Full Record in Web of Science
J,"Si, WY; Wang, N; Yang, CG",,,,"Si, Weiyong; Wang, Ning; Yang, Chenguang",,,Composite dynamic movement primitives based on neural networks for human-robot skill transfer,NEURAL COMPUTING & APPLICATIONS,,,,,,,,,,,,,,,,,"SI, WEIYONG/KIB-2268-2024; Yang, Chenguang/ABE-7755-2020","Yang, Chenguang/0000-0001-5255-5559; Si, Weiyong/0000-0003-4531-2596",,,,,,,,,,,,,0941-0643,1433-3058,,,,NOV,2023,35,32,,,SI,,23283,23293,,10.1007/s00521-021-05747-8,http://dx.doi.org/10.1007/s00521-021-05747-8,,FEB 2021,,,,,,,,,,,WOS:000617864100001,View Full Record in Web of Science
C,"Suetani, H",,"Liljenstrom, H",,"Suetani, Hiromichi",,,Geometry of Dynamic Movement Primitives in Neural Space: A FORCE-Learning Approach,ADVANCES IN COGNITIVE NEURODYNAMICS (IV),,,,,4th International Conference on Cognitive Neurodynamics (ICCN),"JUN 23-27, 2013","Sigtuna, SWEDEN","Agora Biosystems,Sigtunastiftelsen,Vetenskapsradet,Springer,Uppsala Univ,Swedish Univ Agr Sci",,,,,,,,,,,,,,,,,,,,,,,,,978-94-017-9548-7; 978-94-017-9547-0,,,,2015,,,,,,,265,270,,10.1007/978-94-017-9548-7_37,http://dx.doi.org/10.1007/978-94-017-9548-7_37,,,,,,,,,,,,,WOS:000380362800037,View Full Record in Web of Science
C,"Kordia, AH; Melo, FS",,"Marreiros, G; Melo, FS; Lau, N; Cardoso, HL; Reis, LP",,"Kordia, Ali H.; Melo, Francisco S.",,,Compound Movement Recognition Using Dynamic Movement Primitives,PROGRESS IN ARTIFICIAL INTELLIGENCE (EPIA 2021),Lecture Notes in Artificial Intelligence,,,,20th EPIA Conference on Artificial Intelligence (EPIA),"SEP 07-09, 2021",ELECTR NETWORK,EPIA,,,,,,,,,"Melo, Francisco/B-5434-2016",,,,,,,,,,,,,,0302-9743,1611-3349,978-3-030-86230-5; 978-3-030-86229-9,,,,2021,12981,,,,,,456,468,,10.1007/978-3-030-86230-5_36,http://dx.doi.org/10.1007/978-3-030-86230-5_36,,,,,,,,,,,,,WOS:000773030600034,View Full Record in Web of Science
J,"Ti, BY; Gao, YS; Li, Q; Zhao, J",,,,"Ti, Boyang; Gao, Yongsheng; Li, Qiang; Zhao, Jie",,,Human Intention Understanding From Multiple Demonstrations and Behavior Generalization in Dynamic Movement Primitives Framework,IEEE ACCESS,,,,,,,,,,,,,,,,,,"Ti, Boyang/0000-0002-0303-8317",,,,,,,,,,,,,2169-3536,,,,,,2019,7,,,,,,36186,36194,,10.1109/ACCESS.2019.2905051,http://dx.doi.org/10.1109/ACCESS.2019.2905051,,,,,,,,,,,,,WOS:000464104100001,View Full Record in Web of Science
J,"Tamosiunaite, M; Nemec, B; Ude, A; Wörgötter, F",,,,"Tamosiunaite, Minija; Nemec, Bojan; Ude, Ales; Woergoetter, Florentin",,,Learning to pour with a robot arm combining goal and shape learning for dynamic movement primitives,ROBOTICS AND AUTONOMOUS SYSTEMS,,,,,,,,,,,,,,,,,"Ude, Aleš/ABB-7839-2020","Ude, Ales/0000-0003-3677-3972",,,,,,,,,,,,,0921-8890,1872-793X,,,,NOV,2011,59,11,,,,,910,922,,10.1016/j.robot.2011.07.004,http://dx.doi.org/10.1016/j.robot.2011.07.004,,,,,,,,,,,,,WOS:000295912100005,View Full Record in Web of Science
C,"Liang, YW; Li, WJ; Wang, Y; Xiong, R; Mao, YC; Zhang, JF",,,IEEE,"Liang, Yuwei; Li, Weijie; Wang, Yue; Xiong, Rong; Mao, Yichao; Zhang, Jiafan",,,Dynamic Movement Primitive based Motion Retargeting for Dual-Arm Sign Language Motions,2021 IEEE INTERNATIONAL CONFERENCE ON ROBOTICS AND AUTOMATION (ICRA 2021),IEEE International Conference on Robotics and Automation ICRA,,,,IEEE International Conference on Robotics and Automation (ICRA),"MAY 30-JUN 05, 2021","Xian, PEOPLES R CHINA","IEEE,IEEE Robot & Automat Soc,So Univ Sci & Technol,Harbin Inst Technol,Xian Jiaotong Univ,Univ Toronto,Nat Sci & Engn Res Council Canada,Chinese Univ Hong Kong,DJI,Biomimet Intelligence & Robot,Toyota Res Inst,Baidu,Mech Mind Robot Technologies,Facebook AI,Nokov,Manycore,Franka Emika,Zhejiang Univ, Huzhou Inst,Jing Tian,ATI Ind Automat,Amber,Direct Drive Tech,Inceptio,Flexiv,Deeproute AI,Unitree,Waymo,Kuka,Pudu Robot,Deep Robot,Nvidia,MathWorks",,,,,,,,,"Xiong, Rong/L-4422-2013",,,,,,,,,,,,,,1050-4729,2577-087X,978-1-7281-9077-8,,,,2021,,,,,,,8195,8201,,10.1109/ICRA48506.2021.9561120,http://dx.doi.org/10.1109/ICRA48506.2021.9561120,,,,,,,,,,,,,WOS:000771405401100,View Full Record in Web of Science
C,"Ning, KJ; Kulvicius, T; Tamosiunaite, M; Wörgötter, F",,,IEEE,"Ning, KeJun; Kulvicius, Tomas; Tamosiunaite, Minija; Woergoetter, Florentin",,,Accurate Position and Velocity Control for Trajectories Based on Dynamic Movement Primitives,2011 IEEE INTERNATIONAL CONFERENCE ON ROBOTICS AND AUTOMATION (ICRA),IEEE International Conference on Robotics and Automation ICRA,,,,IEEE International Conference on Robotics and Automation (ICRA),"MAY 09-13, 2011","Shanghai, PEOPLES R CHINA","IEEE,Robot & Automat Soc,Minist Educ China,Minist Sci & Technol China,Natl Nat Sci Fdn China,Sci & Technol Commiss Shanghai Municipal,Shanghai Jiao Tong Univ, State Key Lab Mech Syst & Vibrat,Huazhong Univ Sci & Technol, State Key Lab Digital Mfg Equipment & Technol,Harbin Inst Technol, State Key Lab Robot & Syst,Zhejiang Univ, Inst Cyber-Syst & Control,Chinese Acad Sci, Shenyang Inst Automat,Beihang Univ, Robotics Inst,Beijing Res Inst Automat Machinery Ind,Tianjin Univ, Sch Mech Engn,ABB,YASKAWA Elect,KUKA,Willow Garage,Googol Tech.,Adept Mobile Robots,Harbin Boshi Automat,Natl Instruments,Beijing Universal Pioneering Technol,Real-Time Control & Instrumentat Lab, GE Global Res,ALDEBARAN Robot,Int Federat Robot (IFR),Shanghai Jiao Tong Univ",,,,,,,,,,,,,,,,,,,,,,,1050-4729,2577-087X,978-1-61284-385-8,,,,2011,,,,,,,,,,,,,,,,,,,,,,,,WOS:000324383404039,View Full Record in Web of Science
J,"Lu, ZY; Wang, N",,,,"Lu, Zhenyu; Wang, Ning",,,Dynamic movement primitives based cloud robotic skill learning for point and non-point obstacle avoidance,ASSEMBLY AUTOMATION,,,,,,,,,,,,,,,,,"lu, zhenyu/AAH-5454-2019","zhenyu, lu/0000-0002-5446-7285",,,,,,,,,,,,,0144-5154,1758-4078,,,,JUL 22,2021,41,3,,,SI,,302,311,,10.1108/AA-11-2020-0168,http://dx.doi.org/10.1108/AA-11-2020-0168,,MAR 2021,,,,,,,,,,,WOS:000630503600001,View Full Record in Web of Science
C,"Zhou, Y; Asfour, T",,"Bicchi, A; Okamura, A",,"Zhou, You; Asfour, Tamim",,,Task-Oriented Generalization of Dynamic Movement Primitive,2017 IEEE/RSJ INTERNATIONAL CONFERENCE ON INTELLIGENT ROBOTS AND SYSTEMS (IROS),IEEE International Conference on Intelligent Robots and Systems,,,,IEEE/RSJ International Conference on Intelligent Robots and Systems (IROS) / Workshop on Machine Learning Methods for High-Level Cognitive Capabilities in Robotics,"SEP 24-28, 2017","Vancouver, CANADA","IEEE,RSJ,IEEE Robot & Automat Soc,IEEE IES,SICE,New Technol Fdn",,,,,,,,,,"Asfour, Tamim/0000-0003-4879-7680",,,,,,,,,,,,,2153-0858,,978-1-5386-2682-5,,,,2017,,,,,,,3202,3209,,,,,,,,,,,,,,,,WOS:000426978203034,View Full Record in Web of Science
C,"Matsubara, T; Hyon, SH; Morimoto, J",,"Wong, KW; Mendis, BSU; Bouzerdoum, A",,"Matsubara, Takamitsu; Hyon, Sang-Ho; Morimoto, Jun",,,Learning Parametric Dynamic Movement Primitives from Multiple Demonstrations,"NEURAL INFORMATION PROCESSING: THEORY AND ALGORITHMS, PT I",Lecture Notes in Computer Science,,,,17th International Conference on Neural Information Processing,"NOV 22-25, 2010","Sydney, AUSTRALIA",Asia Pacific Neural Network Assembly,,,,,,,,,,,,,,,,,,,,,,,0302-9743,1611-3349,978-3-642-17536-7,,,,2010,6443,,,,,,347,+,,,,,,,,,,,,,,,,WOS:000290457000043,View Full Record in Web of Science
J,"Yuan, YL; Yu, ZL; Hua, L; Cheng, Y; Li, JH; Sang, XH",,,,"Yuan, Yinlong; Yu, Zhu Liang; Hua, Liang; Cheng, Yun; Li, Junhong; Sang, Xiaohu",,,Hierarchical dynamic movement primitive for the smooth movement of robots based on deep reinforcement learning,APPLIED INTELLIGENCE,,,,,,,,,,,,,,,,,"Cheng, Yun/IZE-0805-2023; Zhuliang, Yu/KXR-1264-2024","Cheng, Yun/0000-0002-8042-8327",,,,,,,,,,,,,0924-669X,1573-7497,,,,JAN,2023,53,2,,,,,1417,1434,,10.1007/s10489-022-03219-7,http://dx.doi.org/10.1007/s10489-022-03219-7,,APR 2022,,,,,,,,,,,WOS:000788427800001,View Full Record in Web of Science
J,"Petric, T; Gams, A; Colasanto, L; Ijspeert, AJ; Ude, A",,,,"Petric, Tadej; Gams, Andrej; Colasanto, Luca; Ijspeert, Auke J.; Ude, Ales",,,Accelerated Sensorimotor Learning of Compliant Movement Primitives,IEEE TRANSACTIONS ON ROBOTICS,,,,,,,,,,,,,,,,,"Petric, Tadej/AAS-2471-2021; Ude, Aleš/ABB-7839-2020","Ude, Ales/0000-0003-3677-3972; Gams, Andrej/0000-0002-9803-3593; Ijspeert, Auke Jan/0000-0003-1417-9980; Petric, Tadej/0000-0002-3407-4206",,,,,,,,,,,,,1552-3098,1941-0468,,,,DEC,2018,34,6,,,,,1636,1642,,10.1109/TRO.2018.2861921,http://dx.doi.org/10.1109/TRO.2018.2861921,,,,,,,,,,,,,WOS:000453564100016,View Full Record in Web of Science
J,"Zhao, T; Deng, MD; Li, ZJ; Hu, YB",,,,"Zhao, Ting; Deng, Mingdi; Li, Zhijun; Hu, Yingbai",,,Cooperative Manipulation for a Mobile Dual-Arm Robot Using Sequences of Dynamic Movement Primitives,IEEE TRANSACTIONS ON COGNITIVE AND DEVELOPMENTAL SYSTEMS,,,,,,,,,,,,,,,,,"Li, Zhijun/ACT-9992-2022","Deng, Mingdi/0000-0003-2629-0096; Hu, Yingbai/0000-0003-2452-3570",,,,,,,,,,,,,2379-8920,2379-8939,,,,MAR,2020,12,1,,,,,18,29,,10.1109/TCDS.2018.2868921,http://dx.doi.org/10.1109/TCDS.2018.2868921,,,,,,,,,,,,,WOS:000521175700003,View Full Record in Web of Science
J,"Kardan, I; Akbarzadeh, A; Mohammadi, AM",,,,"Kardan, Iman; Akbarzadeh, Alireza; Mohammadi, Ali Mousavi",,,Real-time velocity scaling and obstacle avoidance for industrial robots using fuzzy dynamic movement primitives and virtual impedances,INDUSTRIAL ROBOT-THE INTERNATIONAL JOURNAL OF ROBOTICS RESEARCH AND APPLICATION,,,,,,,,,,,,,,,,,"Akbarzadeh, Alireza/HKO-5087-2023; Mousavi, Ali/KOD-6511-2024; Kardan, Iman/W-9345-2019","Akbarzadeh, Alireza/0000-0001-8605-8956; Kardan, Iman/0000-0002-5520-1577; Mousavi Mohammadi, Ali/0000-0002-7422-4408",,,,,,,,,,,,,0143-991X,1758-5791,,,,,2018,45,1,,,,,110,126,,10.1108/IR-02-2017-0035,http://dx.doi.org/10.1108/IR-02-2017-0035,,,,,,,,,,,,,WOS:000418931000012,View Full Record in Web of Science
J,"Escarabajal, RJ; Pulloquinga, JL; Valera, A; Mata, V; Valls, M; Castillo-Garca, FJ",,,,"Escarabajal, Rafael J.; Pulloquinga, Jose L.; Valera, Angel; Mata, Vicente; Valles, Marina; Castillo-Garcia, Fernando J.",,,Combined Admittance Control With Type II Singularity Evasion for Parallel Robots Using Dynamic Movement Primitives,IEEE TRANSACTIONS ON ROBOTICS,,,,,,,,,,,,,,,,,"Castillo-Garcia, Fernando/AAC-8747-2019; Pulloquinga Zapata, José Luis/AAU-1993-2020; Mata-Amela, Vicente/C-6187-2016; Valles, Marina/H-9872-2018; Valera, Angel/Q-4476-2017","Mata-Amela, Vicente/0000-0003-2255-0567; Valles, Marina/0000-0002-6396-0098; Escarabajal Sanchez, Rafael Jose/0000-0001-6535-9098; Pulloquinga Zapata, Jose Luis/0000-0003-0403-4593; Castillo-Garcia, Fernando J./0000-0001-5389-4253; Valera, Angel/0000-0001-6843-6394",,,,,,,,,,,,,1552-3098,1941-0468,,,,JUN,2023,39,3,,,,,2224,2239,,10.1109/TRO.2023.3238136,http://dx.doi.org/10.1109/TRO.2023.3238136,,FEB 2023,,,,,,,,,,,WOS:000935658000001,View Full Record in Web of Science
J,"Wu, M; Taetz, B; He, YH; Bleser, G; Liu, S",,,,"Wu, Min; Taetz, Bertram; He, Yanhao; Bleser, Gabriele; Liu, Steven",,,An adaptive learning and control framework based on dynamic movement primitives with application to human-robot handovers,ROBOTICS AND AUTONOMOUS SYSTEMS,,,,,,,,,,,,,,,,,,"Bleser-Taetz, Gabriele/0000-0002-7283-8166; Liu, Steven/0000-0002-3407-2745",,,,,,,,,,,,,0921-8890,1872-793X,,,,FEB,2022,148,,,,,,,,103935,10.1016/j.robot.2021.103935,http://dx.doi.org/10.1016/j.robot.2021.103935,,,,,,,,,,,,,WOS:000820348500004,View Full Record in Web of Science
C,"Chang, CY; Haninger, K; Shi, YL; Yuan, CJ; Chen, ZP; Zhang, JW",,,IEEE,"Chang, Chunyang; Haninger, Kevin; Shi, Yunlei; Yuan, Chengjie; Chen, Zhaopeng; Zhang, Jianwei",,,Impedance Adaptation by Reinforcement Learning with Contact Dynamic Movement Primitives,2022 IEEE/ASME INTERNATIONAL CONFERENCE ON ADVANCED INTELLIGENT MECHATRONICS (AIM),IEEE ASME International Conference on Advanced Intelligent Mechatronics,,,,IEEE/ASME International Conference on Advanced Intelligent Mechatronics (AIM),"JUL 11-15, 2022","Sapporo, JAPAN","IEEE,ASME",,,,,,,,,,,,,,,,,,,,,,,2159-6255,,978-1-6654-1308-4,,,,2022,,,,,,,1185,1191,,10.1109/AIM52237.2022.9863416,http://dx.doi.org/10.1109/AIM52237.2022.9863416,,,,,,,,,,,,,WOS:000860750800121,View Full Record in Web of Science
C,"Zhang, RS; Hu, YY; Zhao, K; Cao, S",,,IEEE,"Zhang, Renshan; Hu, Yongyang; Zhao, Kuang; Cao, Su",,,A Novel Dual Quaternion Based Dynamic Motion Primitives for Acrobatic Flight,2021 5TH INTERNATIONAL CONFERENCE ON ROBOTICS AND AUTOMATION SCIENCES (ICRAS 2021),,,,,5th International Conference on Robotics and Automation Sciences (ICRAS),"JUN 11-13, 2021","China Univ Geosciences, Wuhan, PEOPLES R CHINA",IEEE,China Univ Geosciences,,,,,,,,,,,,,,,,,,,,,,,,978-0-7381-3311-9,,,,2021,,,,,,,165,171,,10.1109/ICRAS52289.2021.9476600,http://dx.doi.org/10.1109/ICRAS52289.2021.9476600,,,,,,,,,,,,,WOS:000814876200030,View Full Record in Web of Science
C,"Sidiropoulos, A; Karayiannidis, Y; Doulgeri, Z",,,IEEE,"Sidiropoulos, Antonis; Karayiannidis, Yiannis; Doulgeri, Zoe",,,Human-robot collaborative object transfer using human motion prediction based on Dynamic Movement Primitives,2019 18TH EUROPEAN CONTROL CONFERENCE (ECC),,,,,18th European Control Conference (ECC),"JUN 25-28, 2019","Naples, ITALY","Unvi Naples Federico II,Univ Sannio Benevento",,,,,,,,,,"Doulgeri, Zoe/0000-0003-2188-9358; Sidiropoulos, Antonis/0000-0002-6089-5980",,,,,,,,,,,,,,,978-3-907144-00-8,,,,2019,,,,,,,2583,2588,,10.23919/ecc.2019.8796249,http://dx.doi.org/10.23919/ecc.2019.8796249,,,,,,,,,,,,,WOS:000490488302096,View Full Record in Web of Science
C,"Papageorgiou, D; Sidiropoulos, A; Doulgeri, Z","Kosecka, J","Maciejewski, AA; Okamura, A; Bicchi, A; Stachniss, C; Song, DZ; Lee, DH; Chaumette, F; Ding, H; Li, JS; Wen, J; Roberts, J; Masamune, K; Chong, NY; Amato, N; Tsagwarakis, N; Rocco, P; Asfour, T; Chung, WK; Yasuyoshi, Y; Sun, Y; Maciekeski, T; Althoefer, K; AndradeCetto, J; Chung, WK; Demircan, E; Dias, J; Fraisse, P; Gross, R; Harada, H; Hasegawa, Y; Hayashibe, M; Kiguchi, K; Kim, K; Kroeger, T; Li, Y; Ma, S; Mochiyama, H; Monje, CA; Rekleitis, I; Roberts, R; Stulp, F; Tsai, CHD; Zollo, L",,"Papageorgiou, Dimitrios; Sidiropoulos, Antonis; Doulgeri, Zoe","Kosecka, J",,Sinc-based Dynamic Movement Primitives for Encoding Point-to-point Kinematic Behaviors,2018 IEEE/RSJ INTERNATIONAL CONFERENCE ON INTELLIGENT ROBOTS AND SYSTEMS (IROS),IEEE International Conference on Intelligent Robots and Systems,,,,25th IEEE/RSJ International Conference on Intelligent Robots and Systems (IROS),"OCT 01-05, 2018","Madrid, SPAIN","IEEE Robot & Automat Soc,IEEE Ind Elect Soc,Robot Soc Japan,Soc Instrument & Control Engineers,New Technol Fdn,IEEE,Adept MobileRobots,Willow Garage,Aldebaran Robot,Natl Instruments,Reflexxes GmbH,Schunk Intec S L U,Univ Carlos III Madrid,BOSCH,JD COM,Pal Robot,KUKA,Santander,Squirrel AI Learning,Baidu,Generat Robots,KINOVA Robot,Ouster,Univ Pablo Olavide Sevilla,Rapyuta Robot,SICK,TOYOTA,UP,Amazon,ARGO,Built Robot,Disney Res,Easy Mile,Hitachi,Robot,Khalifa Univ,Magazino,MathWorks,New Dexterity,Schunk,nuTonomy,PILZ,Prophesee,Rootnik,Saga Robot,Shadow,Soft Bank Robot,Anyverse,GalTech,Generat Robot,IEEE CAA Journal Automatica Sinica,Sci Robot, AAAS,TERAS",,,,,,,,,"Papageorgiou, Dimitrios/T-6051-2019","Papageorgiou, Dimitrios/0000-0003-0361-8757; Doulgeri, Zoe/0000-0003-2188-9358; Sidiropoulos, Antonis/0000-0002-6089-5980",,,,,,,,,,,,,2153-0858,,978-1-5386-8094-0,,,,2018,,,,,,,8339,8345,,,,,,,,,,,,,,,,WOS:000458872707074,View Full Record in Web of Science
J,"La Hera, P; Morales, DO; Mendoza-Trejo, O",,,,"La Hera, Pedro; Morales, Daniel Ortiz; Mendoza-Trejo, Omar",,,A study case of Dynamic Motion Primitives as a motion planning method to automate the work of forestry cranes,COMPUTERS AND ELECTRONICS IN AGRICULTURE,,,,,,,,,,,,,,,,,,"Miranda La Hera, Pedro Xavier/0000-0002-5032-5087; Mendoza-Trejo, Omar/0000-0002-7106-3266",,,,,,,,,,,,,0168-1699,1872-7107,,,,APR,2021,183,,,,,,,,106037,10.1016/j.compag.2021.106037,http://dx.doi.org/10.1016/j.compag.2021.106037,,MAR 2021,,,,,,,,,,,WOS:000636104500006,View Full Record in Web of Science
C,"Kordia, AH; Melo, FS",,,IEEE,"Kordia, Ali H.; Melo, Francisco S.",,,An End-to-end Approach for Learning and Generating Complex Robot Motions from Demonstration,"16TH IEEE INTERNATIONAL CONFERENCE ON CONTROL, AUTOMATION, ROBOTICS AND VISION (ICARCV 2020)",International Conference on Control Automation Robotics and Vision,,,,"16th IEEE International Conference on Control, Automation, Robotics and Vision (ICARCV)","DEC 13-15, 2020","Shenzhen, PEOPLES R CHINA","IEEE,Zhijiang Univ,Shenzhen Polytechn,Nanyang Technol Univ, Sch Elect & Elect Engn,IEEE Control Syst Soc",,,,,,,,,"Melo, Francisco/B-5434-2016",,,,,,,,,,,,,,2474-2953,,978-1-7281-7709-0,,,,2020,,,,,,,1008,1014,,10.1109/icarcv50220.2020.9305399,http://dx.doi.org/10.1109/icarcv50220.2020.9305399,,,,,,,,,,,,,WOS:000653607600154,View Full Record in Web of Science
J,"Li, JX; Han, H; Hu, JX; Lin, JW; Li, PY",,,,"Li, Jiaxin; Han, Hasiaoqier; Hu, Jinxin; Lin, Junwei; Li, Peiyi",,,Robot Learning Method for Human-like Arm Skills Based on the Hybrid Primitive Framework,SENSORS,,,,,,,,,,,,,,,,,"Li, Jiaxin/GOV-4862-2022","Li, Jiaxin/0009-0006-4239-8442; Li, Peiyi/0000-0003-2373-9724",,,,,,,,,,,,,,1424-8220,,,,JUN,2024,24,12,,,,,,,3964,10.3390/s24123964,http://dx.doi.org/10.3390/s24123964,,,,,,,,38931748,,,,,WOS:001256536100001,View Full Record in Web of Science
J,"Hong, ZY; Bian, SY; Xiong, PW; Li, ZJ",,,,"Hong, Zhouyang; Bian, Shiyuan; Xiong, Pengwen; Li, Zhijun",,,Vision-Locomotion Coordination Control for a Powered Lower-Limb Prosthesis Using Fuzzy-Based Dynamic Movement Primitives,IEEE TRANSACTIONS ON AUTOMATION SCIENCE AND ENGINEERING,,,,,,,,,,,,,,,,,"Xiong, Pengwen/AAX-6577-2021; Li, Zhijun/ACT-9992-2022",,,,,,,,,,,,,,1545-5955,1558-3783,,,,APR,2024,21,2,,,,,1188,1200,,10.1109/TASE.2023.3250240,http://dx.doi.org/10.1109/TASE.2023.3250240,,MAR 2023,,,,,,,,,,,WOS:000947593800001,View Full Record in Web of Science
C,"Weaver, C; Capobianco, R; Wurman, PR; Stone, P; Tomizuka, M",,,IEEE,"Weaver, Catherine; Capobianco, Roberto; Wurman, Peter R.; Stone, Peter; Tomizuka, Masayoshi",,,Real-time Trajectory Generation via Dynamic Movement Primitives for Autonomous Racing,"2024 AMERICAN CONTROL CONFERENCE, ACC 2024",Proceedings of the American Control Conference,,,,American Control Conference (ACC),"JUL 10-12, 2024","Toronto, CANADA","Boeing,Elsevier,Halliburton,Mathworks,Mitsubishi Elect,Quanser,Gen Motors,Multidisciplinary Digital Publishing Inst,Soc Ind & Appl Math,Unitree Robot,Wiley,Franklin Open,Robust Engn Syst",,,,,,,,,,,,,,,,,,,,,,,0743-1619,2378-5861,979-8-3503-8266-2; 979-8-3503-8265-5,,,,2024,,,,,,,352,359,,,,,,,,,,,,,,,,WOS:001310893800056,View Full Record in Web of Science
C,"Shi, ZX; Luo, J",,,IEEE,"Shi, Zhixuan; Luo, Jing",,,A Teleoperation Framework for Upper Limb Rehabilitation Based on Improved Dynamic Movement Primitives and Hybrid Control,"2024 8TH INTERNATIONAL CONFERENCE ON ROBOTICS AND AUTOMATION SCIENCES, ICRAS 2024",International Conference on Robotics and Automation Sciences ICRAS,,,,8th International Conference on Robotics and Automation Sciences (ICRAS),"JUN 21-23, 2024","Tokyo, JAPAN",IEEE,,,,,,,,,,,,,,,,,,,,,,,2694-3514,,979-8-3503-5251-1; 979-8-3503-5250-4,,,,2024,,,,,,,114,121,,10.1109/ICRAS62427.2024.10654484,http://dx.doi.org/10.1109/ICRAS62427.2024.10654484,,,,,,,,,,,,,WOS:001345812100019,View Full Record in Web of Science
J,"Rasines, I; Cabanes, I; Remazeilles, A; McIntyre, J",,,,"Rasines, Irati; Cabanes, Itziar; Remazeilles, Anthony; McIntyre, Joseph",,,Robots Adapting to the Environment: A Review on the Fusion of Dynamic Movement Primitives and Artificial Potential Fields,IEEE ACCESS,,,,,,,,,,,,,,,,,"Cabanes, Itziar/Y-6479-2019; Cabanes Axpe, Itziar/Q-1987-2015; McIntyre, Dr Joseph/K-6395-2015","Cabanes Axpe, Itziar/0000-0002-1949-953X; McIntyre, Dr Joseph/0000-0003-4974-4257; McIntyre, Joe/0000-0003-2267-9600",,,,,,,,,,,,,2169-3536,,,,,,2024,12,,,,,,92598,92611,,10.1109/ACCESS.2024.3418573,http://dx.doi.org/10.1109/ACCESS.2024.3418573,,,,,,,,,,,,,WOS:001269833800001,View Full Record in Web of Science
C,"Sharma, B; Pillai, BM; Suthakorn, J",,,IEEE,"Sharma, Bibhu; Pillai, Branesh M.; Suthakorn, Jackrit",,,Physical Human -Robot Interaction (pHRI) through Admittance Control of Dynamic Movement Primitives in Sit -to -Stand Assistance Robot,2022 15TH INTERNATIONAL CONFERENCE ON HUMAN SYSTEM INTERACTION (HSI),Conference on Human System Interaction,,,,15th IEEE International Conference on Human System Interaction (HSI),"JUL 28-31, 2022","Trobe Univ, Melbourne, AUSTRALIA","Trobe Univ, Ctr Data Analyt & Cognit,IEEE,IEEE Ind Elect Soc",Trobe Univ,,,,,,,,"Madhavan Pillai, Branesh/AAX-6437-2021; Sharma, Bibhu/ABM-0094-2022",,,,,,,,,,,,,,2158-2246,,978-1-6654-6822-0,,,,2022,,,,,,,,,,,,,,,,,,,,,,,,WOS:000861739100071,View Full Record in Web of Science
J,"Papageorgiou, D; Dimeas, F; Kastritsi, T; Doulgeri, Z",,,,"Papageorgiou, Dimitrios; Dimeas, Fotios; Kastritsi, Theodora; Doulgeri, Zoe",,,Kinesthetic Guidance Utilizing DMP Synchronization and Assistive Virtual Fixtures for Progressive Automation,ROBOTICA,,,,,27th International Conference on Robotics in Alpe-Adria-Danube Region (RAAD),"JUN 06-08, 2018","Univ Patras, Patras, GREECE",,Univ Patras,,,,,,,,"Kastritsi, Theodora/AAG-6361-2019; Papageorgiou, Dimitrios/T-6051-2019","Dimeas, Fotios/0000-0002-8282-1974; Kastritsi, Theodora/0000-0002-5379-0259; Doulgeri, Zoe/0000-0003-2188-9358; Papageorgiou, Dimitrios/0000-0003-0361-8757",,,,,,,,,,,,,0263-5747,1469-8668,,,,OCT,2020,38,10,,,SI,,1824,1841,PII S0263574720000016,10.1017/S0263574719001437,http://dx.doi.org/10.1017/S0263574719001437,,,,,,,,,,,,,WOS:000578438600007,View Full Record in Web of Science
C,"Rosado, J; Silva, F; Santos, V; Lu, ZL",,"Su, H; Wang, T; Tokhi, MO; Virk, GS",,"Rosado, Jose; Silva, Filipe; Santos, Vitor; Lu, Zhenli",,,MODULATION OF DYNAMIC MOVEMENT PRIMITIVES FOR BIPED LOCOMOTION,ASSISTIVE ROBOTICS,,,,,18th Climbing and Walking Robots Conference (CLAWAR),"SEP 06-09, 2015","Hangzhou, PEOPLES R CHINA","State Key Lab Indl Control Technol,Zhejiang Assoc Automat,GUOZI Robot Co,Zhejiang Univ,HangZhou Assoc Sci & Technol,HangZhou Automat Soc,CLAWAR Assoc",,,,,,,,,"Santos, Vitor/D-2973-2013; zhenli, lu/IUQ-0583-2023; Silva, Filipe/AAJ-2527-2020",,,,,,,,,,,,,,,,978-981-4725-23-1,,,,2016,,,,,,,389,396,,,,,,,,,,,,,,,,WOS:000391656500048,View Full Record in Web of Science
J,"Wang, D; Qiu, CC; Lian, J; Wan, WW; Pan, QH; Dong, YX",,,,"Wang, Dong; Qiu, Chaochao; Lian, Jie; Wan, Weiwei; Pan, Qinghui; Dong, Yongxiang",,,Cooperative Control for Dual-Arm Robots Based on Improved Dynamic Movement Primitives,IEEE TRANSACTIONS ON INDUSTRIAL ELECTRONICS,,,,,,,,,,,,,,,,,"Wang, Dong/R-9624-2018","Wang, Dong/0000-0002-2493-1032",,,,,,,,,,,,,0278-0046,1557-9948,,,,2024 JUL 31,2024,,,,,,,,,,10.1109/TIE.2024.3406866,http://dx.doi.org/10.1109/TIE.2024.3406866,,JUL 2024,,,,,,,,,,,WOS:001283785600001,View Full Record in Web of Science
J,"Li, QW; Wang, ZQ; Wang, WR; Liu, ZY; Chen, YW; Ng, XY; Ang, MH",,,,"Li, Qinwen; Wang, Zhiqian; Wang, Wenrui; Liu, Zhiyang; Chen, Yiwen; Ng, Xianyao; Ang, Marcelo H.",,,A model predictive obstacle avoidance method based on dynamic motion primitives and a Kalman filter,ASIAN JOURNAL OF CONTROL,,,,,,,,,,,,,,,,,"Ang, Marcelo/B-4469-2010","Li, Qinwen/0000-0003-2056-7437",,,,,,,,,,,,,1561-8625,1934-6093,,,,MAR,2023,25,2,,,,,1510,1525,,10.1002/asjc.2946,http://dx.doi.org/10.1002/asjc.2946,,SEP 2022,,,,,,,,,,,WOS:000852547700001,View Full Record in Web of Science
J,"Li, JZ; Cong, M; Liu, D; Du, Y",,,,"Li, Jinzhong; Cong, Ming; Liu, Dong; Du, Yu",,,Enhanced task parameterized dynamic movement primitives by GMM to solve manipulation tasks,ROBOTIC INTELLIGENCE AND AUTOMATION,,,,,,,,,,,,,,,,,,"Li, Jinzhong/0000-0002-0361-7538",,,,,,,,,,,,,2754-6969,2754-6977,,,,,2023,43,2,,,,,85,95,,10.1108/RIA-07-2022-0199,http://dx.doi.org/10.1108/RIA-07-2022-0199,,,,,,,,,,,,,WOS:000993268600001,View Full Record in Web of Science
J,"Yang, CG; Chen, CZ; He, W; Cui, RX; Li, ZJ",,,,"Yang, Chenguang; Chen, Chuize; He, Wei; Cui, Rongxin; Li, Zhijun",,,Robot Learning System Based on Adaptive Neural Control and Dynamic Movement Primitives,IEEE TRANSACTIONS ON NEURAL NETWORKS AND LEARNING SYSTEMS,,,,,,,,,,,,,,,,,"He, Wei/K-4900-2019; Li, Zhijun/ACT-9992-2022; Cui, Rongxin/GOK-1897-2022; Yang, Chenguang/AAJ-2509-2020; He, Wei/B-2355-2016","Yang, Chenguang/0000-0001-5255-5559; He, Wei/0000-0002-8944-9861; Cui, Rongxin/0000-0002-8006-3620",,,,,,,,,,,,,2162-237X,2162-2388,,,,MAR,2019,30,3,,,,,777,787,,10.1109/TNNLS.2018.2852711,http://dx.doi.org/10.1109/TNNLS.2018.2852711,,,,,,,,30047914,,,,,WOS:000459536100012,View Full Record in Web of Science
J,"Colomé, A; Torras, C",,,,"Colome, Adria; Torras, Carme",,,Dimensionality Reduction for Dynamic Movement Primitives and Application to Bimanual Manipulation of Clothes,IEEE TRANSACTIONS ON ROBOTICS,,,,,,,,,,,,,,,,,"; Torras, Carme/M-1794-2014","Colome, Adria/0000-0001-9715-4062; Torras, Carme/0000-0002-2933-398X",,,,,,,,,,,,,1552-3098,1941-0468,,,,JUN,2018,34,3,,,,,602,615,,10.1109/TRO.2018.2808924,http://dx.doi.org/10.1109/TRO.2018.2808924,,,,,,,,,,,,,WOS:000435196800005,View Full Record in Web of Science
J,"Liu, CG; Peng, GZ; Xia, Y; Li, JY; Yang, CG",,,,"Liu, Chengguo; Peng, Guangzhu; Xia, Yu; Li, Junyang; Yang, Chenguang",,,Robot skill learning system of multi-space fusion based on dynamic movement primitives and adaptive neural network control,NEUROCOMPUTING,,,,,,,,,,,,,,,,,"Yang, Chenguang/AAJ-2509-2020; Xia, Yu/JXX-0945-2024; Liu, Chengguo/JZE-5901-2024","Xia, Yu/0009-0008-7271-5386; Yang, Chenguang/0000-0001-5255-5559; liu, chengguo/0000-0003-4023-5376",,,,,,,,,,,,,0925-2312,1872-8286,,,,MAR 14,2024,574,,,,,,,,127248,10.1016/j.neucom.2024.127248,http://dx.doi.org/10.1016/j.neucom.2024.127248,,JAN 2024,,,,,,,,,,,WOS:001170583700001,View Full Record in Web of Science
J,"Huang, LP; Zheng, JB; Gao, YF; Song, QZ; Liu, YL",,,,"Huang, Liping; Zheng, Jianbin; Gao, Yifan; Song, Qiuzhi; Liu, Yali",,,A Lower Limb Exoskeleton Adaptive Control Method Based on Model-free Reinforcement Learning and Improved Dynamic Movement Primitives,JOURNAL OF INTELLIGENT & ROBOTIC SYSTEMS,,,,,,,,,,,,,,,,,"Gao, Yifan/AAO-5965-2021; Huang, Liping/JWO-2680-2024","Zheng, Jianbin/0000-0002-5714-1969",,,,,,,,,,,,,0921-0296,1573-0409,,,,FEB 11,2025,111,1,,,,,,,24,10.1007/s10846-025-02230-7,http://dx.doi.org/10.1007/s10846-025-02230-7,,,,,,,,,,,,,WOS:001418194700001,View Full Record in Web of Science
J,"Reinhart, RF; Steil, JJ",,,,"Reinhart, Rene Felix; Steil, Jochen Jakob",,,Efficient policy search in low-dimensional embedding spaces by generalizing motion primitives with a parameterized skill memory,AUTONOMOUS ROBOTS,,,,,,,,,,,,,,,,,,,,,,,,,,,,,,,0929-5593,1573-7527,,,,APR,2015,38,4,,,,,331,348,,10.1007/s10514-014-9417-9,http://dx.doi.org/10.1007/s10514-014-9417-9,,,,,,,,,,,,,WOS:000351153300001,View Full Record in Web of Science
J,"Huang, R; Wu, Q; Qiu, J; Cheng, H; Chen, QM; Peng, ZN",,,,"Huang, Rui; Wu, Qian; Qiu, Jing; Cheng, Hong; Chen, Qiming; Peng, Zhinan",,,Adaptive Gait Planning with Dynamic Movement Primitives for Walking Assistance Lower Exoskeleton in Uphill Slopes,SENSORS AND MATERIALS,,,,,,,,,,,,,,,,,,,,,,,,,,,,,,,0914-4935,,,,,,2020,32,4,,,SI,,1279,1291,,10.18494/SAM.2020.2550,http://dx.doi.org/10.18494/SAM.2020.2550,,,,,,,,,,,,,WOS:000526038000010,View Full Record in Web of Science
J,"Yu, XB; Liu, PS; He, W; Liu, Y; Chen, Q; Ding, L",,,,"Yu, Xinbo; Liu, Peisen; He, Wei; Liu, Yu; Chen, Qi; Ding, Liang",,,Human-Robot Variable Impedance Skills Transfer Learning Based on Dynamic Movement Primitives,IEEE ROBOTICS AND AUTOMATION LETTERS,,,,,,,,,,,,,,,,,"He, Wei/K-4900-2019; Liu, Peisen/KXQ-7746-2024","Chen, Qi/0000-0002-2593-127X",,,,,,,,,,,,,2377-3766,,,,,JUL,2022,7,3,,,,,6463,6470,,10.1109/LRA.2022.3154469,http://dx.doi.org/10.1109/LRA.2022.3154469,,,,,,,,,,,,,WOS:000798185300001,View Full Record in Web of Science
C,"Rosado, J; Silva, F; Santos, V",,"Reis, LP; Moreira, AP; Lima, PU; Montano, L; MunozMartinez, V",,"Rosado, Jose; Silva, Filipe; Santos, Vitor",,,Biped Walking Learning from Imitation Using Dynamic Movement Primitives,"ROBOT 2015: SECOND IBERIAN ROBOTICS CONFERENCE: ADVANCES IN ROBOTICS, VOL 2",Advances in Intelligent Systems and Computing,,,,2nd Iberian Robotics Conference (ROBOT),"NOV 19-21, 2015","Lisbon, PORTUGAL","Portuguese Soc Robot,Spanish Soc Res & Dev Robot,CEA, Robot Themat Grp",,,,,,,,,"Silva, Filipe/AAJ-2527-2020; Santos, Vitor/D-2973-2013","Silva, Filipe/0000-0001-6191-0727; Santos, Vitor/0000-0003-1283-7388",,,,,,,,,,,,,2194-5357,,978-3-319-27149-1; 978-3-319-27148-4,,,,2016,418,,,,,,185,196,,10.1007/978-3-319-27149-1_15,http://dx.doi.org/10.1007/978-3-319-27149-1_15,,,,,,,,,,,,,WOS:000370653400015,View Full Record in Web of Science
C,"Zhang, Y; Chen, CZ; Yang, CG",,,IEEE,"Zhang, Ying; Chen, Chuize; Yang, Chenguang",,,Task Extension of Robot with Voice Control Based on Dynamical Movement Primitives,2020 INTERNATIONAL SYMPOSIUM ON AUTONOMOUS SYSTEMS (ISAS),,,,,International Symposium on Autonomous Systems (ISAS),"DEC 06-08, 2020","Guangzhou, PEOPLES R CHINA",,,,,,,,,,"Yang, Chenguang/AAJ-2509-2020",,,,,,,,,,,,,,,,978-1-6654-1882-9,,,,2020,,,,,,,82,87,,10.1109/ISAS49493.2020.9378861,http://dx.doi.org/10.1109/ISAS49493.2020.9378861,,,,,,,,,,,,,WOS:000670881500015,View Full Record in Web of Science
C,"Chen, N; Pan, YJ",,,IEEE,"Chen, Nuo; Pan, Ya-Jun",,,Vision-Based Dexterous Motion Planning by Dynamic Movement Primitives with Human Hand Demonstration,"2024 33RD INTERNATIONAL SYMPOSIUM ON INDUSTRIAL ELECTRONICS, ISIE 2024",Proceedings of the IEEE International Symposium on Industrial Electronics,,,,33rd International Symposium on Industrial Electronics (ISIE),"JUN 18-21, 2024","Ulsan, SOUTH KOREA","IEEE,Univ Ulsan,IEEE Ind Elect Soc,BrainKorea Four21",,,,,,,,,"Chen, Nuo/KQE-0618-2024; Pan, Yajun/AAQ-3127-2020","Pan, Ya-Jun/0000-0002-8700-0956; Chen, Nuo/0009-0000-2895-746X",,,,,,,,,,,,,2163-5137,,979-8-3503-9408-5; 979-8-3503-9409-2,,,,2024,,,,,,,,,,10.1109/ISIE54533.2024.10595749,http://dx.doi.org/10.1109/ISIE54533.2024.10595749,,,,,,,,,,,,,WOS:001290477100072,View Full Record in Web of Science
J,"Tan, Z; Zhang, YH; Yuan, JH; Song, X; Zhang, JL; Wen, GL; Hu, XY; Yin, HF",,,,"Tan, Zhao; Zhang, Yahui; Yuan, Jiahui; Song, Xu; Zhang, Jialong; Wen, Guilin; Hu, Xiaoyan; Yin, Hanfeng",,,Modified Dynamic Movement Primitive-Based Closed Ankle Reduction Technique Learning and Variable Impedance Control for a Redundant Parallel Bone-Setting Robot,MACHINES,,,,,,,,,,,,,,,,,,,,,,,,,,,,,,,,2075-1702,,,,FEB,2025,13,2,,,,,,,145,10.3390/machines13020145,http://dx.doi.org/10.3390/machines13020145,,,,,,,,,,,,,WOS:001430129800001,View Full Record in Web of Science
J,"Kulvicius, T; Biehl, M; Aein, MJ; Tamosiunaite, M; Wörgötter, F",,,,"Kulvicius, Tomas; Biehl, Martin; Aein, Mohamad Javad; Tamosiunaite, Minija; Woergoetter, Florentin",,,Interaction learning for dynamic movement primitives used in cooperative robotic tasks,ROBOTICS AND AUTONOMOUS SYSTEMS,,,,,,,,,,,,,,,,,,"Biehl, Martin/0000-0002-1670-6855",,,,,,,,,,,,,0921-8890,1872-793X,,,,DEC,2013,61,12,,,,,1450,1459,,10.1016/j.robot.2013.07.009,http://dx.doi.org/10.1016/j.robot.2013.07.009,,,,,,,,,,,,,WOS:000328178200016,View Full Record in Web of Science
C,"Chen, N; Bayer, J; Urban, S; van der Smagt, P",,,IEEE,"Chen, Nutan; Bayer, Justin; Urban, Sebastian; van der Smagt, Patrick",,,Efficient movement representation by embedding Dynamic Movement Primitives in Deep Autoencoders,2015 IEEE-RAS 15TH INTERNATIONAL CONFERENCE ON HUMANOID ROBOTS (HUMANOIDS),IEEE-RAS International Conference on Humanoid Robots,,,,15th IEEE-RAS International Conference on Humanoid Robots (Humanoids),"NOV 03-05, 2015","Seoul, SOUTH KOREA","IEEE Robot & Automat Soc,IEEE",,,,,,,,,,"van der Smagt, Patrick/0000-0003-4418-4916",,,,,,,,,,,,,2164-0572,,978-1-4799-6885-5,,,,2015,,,,,,,434,440,,,,,,,,,,,,,,,,WOS:000377954900065,View Full Record in Web of Science
C,"Jiang, F; Wu, HN",,"Peng, C; Sun, J",,"Jiang, Fan; Wu, Huai-Ning",,,Multiple Demonstrations Based Trajectory Generation for Mobile Agent Using DMPs with T-S Fuzzy Model,2021 PROCEEDINGS OF THE 40TH CHINESE CONTROL CONFERENCE (CCC),Chinese Control Conference,,,,40th Chinese Control Conference (CCC),"JUL 26-28, 2021","Shanghai, PEOPLES R CHINA","TCCT,CAA,Syst Engn Soc China,Shanghai Univ,Chinese Acad Sci, Acad Math & Syst Sci,China Soc Ind & Appl Math,Asian Control Assoc,IEEE Control Syst Soc,Inst Control, Robot & Syst,Soc Instrument & Control Engineers,Shanghai Jiao Tong Univ,Shanghai Assoc Automat",,,,,,,,,"Wu, Huai-Ning/K-7466-2012",,,,,,,,,,,,,,2161-2927,,978-988-15638-0-4,,,,2021,,,,,,,2808,2813,,,,,,,,,,,,,,,,WOS:000931046702160,View Full Record in Web of Science
J,"Hao, X; Li, ZJ; Huang, PB; Shi, P; Li, GX",,,,"Hao, Xu; Li, Zhijun; Huang, Pengbo; Shi, Peng; Li, Guoxin",,,Hierarchical Task-Oriented Whole-Body Locomotion of a Walking Exoskeleton Using Adaptive Dynamic Motion Primitive for Cart Pushing,IEEE TRANSACTIONS ON AUTOMATION SCIENCE AND ENGINEERING,,,,,,,,,,,,,,,,,"Li, Zhijun/ACT-9992-2022","Li, Guoxin/0000-0001-8384-0002",,,,,,,,,,,,,1545-5955,1558-3783,,,,2023 DEC 29,2023,,,,,,,,,,10.1109/TASE.2023.3345919,http://dx.doi.org/10.1109/TASE.2023.3345919,,DEC 2023,,,,,,,,,,,WOS:001137411900001,View Full Record in Web of Science
C,"Ranatunga, I; Balakrishnan, N; Wijayasinghe, I; Popa, DO",,,ACM,"Ranatunga, Isura; Balakrishnan, Namrata; Wijayasinghe, Indika; Popa, Dan O.",,,User Adaptable Tasks for Differential Teaching with Applications to Robotic Autism Therapy,8TH ACM INTERNATIONAL CONFERENCE ON PERVASIVE TECHNOLOGIES RELATED TO ASSISTIVE ENVIRONMENTS (PETRA 2015),,,,,8th ACM International Conference on PErvasive Technologies Related to Assistive Environments (PETRA),"JUL 01-03, 2015","Corfu, GREECE","ACM,Univ Texas Arlington, Coll Engn,Natl Sci Fdn,Univ Texas Arlington, Comp Sci & Engn Dept,Univ Texas Arlington, HERACLEIA Human Centered Comp Lab,Natl Ctr Sci Res, DEMOKRITOS,Univ Piraeus, Dept Digital Syst,Ionian Univ,iPerform Ctr Assist Technologies Enhance Human Performance",,,,,,,,,,"Popa - UofL, Dan/0000-0002-2360-0020",,,,,,,,,,,,,,,978-1-4503-3452-5,,,,2015,,,,,,,,,,10.1145/2769493.2775129,http://dx.doi.org/10.1145/2769493.2775129,,,,,,,,,,,,,WOS:000619985600073,View Full Record in Web of Science
C,"Koutras, L; Doulgeri, Z",,,IEEE,"Koutras, Leonidas; Doulgeri, Zoe",,,Dynamic Movement Primitives for moving goals with temporal scaling adaptation,2020 IEEE INTERNATIONAL CONFERENCE ON ROBOTICS AND AUTOMATION (ICRA),IEEE International Conference on Robotics and Automation ICRA,,,,IEEE International Conference on Robotics and Automation (ICRA),"MAY 31-JUN 15, 2020",ELECTR NETWORK,IEEE,,,,,,,,,"Koutras, Leonidas/KHE-3106-2024",,,,,,,,,,,,,,1050-4729,2577-087X,978-1-7281-7395-5,,,,2020,,,,,,,144,150,,10.1109/icra40945.2020.9196765,http://dx.doi.org/10.1109/icra40945.2020.9196765,,,,,,,,,,,,,WOS:000712319500014,View Full Record in Web of Science
C,"Springer, K; Gattringer, H; Stöger, C",,"Budinska, I; Ciganek, J; Havlik, S; Hricko, J; Kozak, S",,"Springer, Klemens; Gattringer, Hubert; Stoeger, Christoph",,,A Real-Time Nearly Time-Optimal Point-To-Point Trajectory Planning Method Using Dynamic Movement Primitives,2014 23RD INTERNATIONAL CONFERENCE ON ROBOTICS IN ALPE-ADRIA-DANUBE REGION (RAAD),,,,,23rd International Conference on Robotics in Alpe-Adria-Danube Region (IEEE RAAD),"SEP 03-05, 2014",SLOVAKIA,,,,,,,,,,,,,,,,,,,,,,,,,,978-1-4799-6798-8,,,,2014,,,,,,,,,,,,,,,,,,,,,,,,WOS:000360803800021,View Full Record in Web of Science
C,"Abu-Dakka, FJ; Kyrki, V",,,IEEE,"Abu-Dakka, Fares J.; Kyrki, Ville",,,Geometry-aware Dynamic Movement Primitives,2020 IEEE INTERNATIONAL CONFERENCE ON ROBOTICS AND AUTOMATION (ICRA),IEEE International Conference on Robotics and Automation ICRA,,,,IEEE International Conference on Robotics and Automation (ICRA),"MAY 31-JUN 15, 2020",ELECTR NETWORK,IEEE,,,,,,,,,"AbuDakka, Fares/M-2085-2019; Kyrki, Ville/F-3034-2011",,,,,,,,,,,,,,1050-4729,2577-087X,978-1-7281-7395-5,,,,2020,,,,,,,4421,4426,,10.1109/icra40945.2020.9196952,http://dx.doi.org/10.1109/icra40945.2020.9196952,,,,,,,,,,,,,WOS:000712319503015,View Full Record in Web of Science
C,"Sidiropoulos, A; Doulgeri, Z",,,IEEE,"Sidiropoulos, Antonis; Doulgeri, Zoe",,,A Reversible Dynamic Movement Primitive formulation,2021 IEEE INTERNATIONAL CONFERENCE ON ROBOTICS AND AUTOMATION (ICRA 2021),IEEE International Conference on Robotics and Automation ICRA,,,,IEEE International Conference on Robotics and Automation (ICRA),"MAY 30-JUN 05, 2021","Xian, PEOPLES R CHINA","IEEE,IEEE Robot & Automat Soc,So Univ Sci & Technol,Harbin Inst Technol,Xian Jiaotong Univ,Univ Toronto,Nat Sci & Engn Res Council Canada,Chinese Univ Hong Kong,DJI,Biomimet Intelligence & Robot,Toyota Res Inst,Baidu,Mech Mind Robot Technologies,Facebook AI,Nokov,Manycore,Franka Emika,Zhejiang Univ, Huzhou Inst,Jing Tian,ATI Ind Automat,Amber,Direct Drive Tech,Inceptio,Flexiv,Deeproute AI,Unitree,Waymo,Kuka,Pudu Robot,Deep Robot,Nvidia,MathWorks",,,,,,,,,,,,,,,,,,,,,,,1050-4729,2577-087X,978-1-7281-9077-8,,,,2021,,,,,,,3147,3153,,10.1109/ICRA48506.2021.9562059,http://dx.doi.org/10.1109/ICRA48506.2021.9562059,,,,,,,,,,,,,WOS:000765738802082,View Full Record in Web of Science
J,"Zhao, H; Chen, YX; Li, XF; Ding, H",,,,"Zhao, Huan; Chen, Yuxiang; Li, Xiangfei; Ding, Han",,,Robotic peg-in-hole assembly based on reversible dynamic movement primitives and trajectory optimization,MECHATRONICS,,,,,,,,,,,,,,,,,"Li, Xiangfei/AAH-1424-2019",,,,,,,,,,,,,,0957-4158,,,,,NOV,2023,95,,,,,,,,103054,10.1016/j.mechatronics.2023.103054,http://dx.doi.org/10.1016/j.mechatronics.2023.103054,,SEP 2023,,,,,,,,,,,WOS:001078524400001,View Full Record in Web of Science
C,"Noohian, A; Raisi, M; Khodaygan, S",,,IEEE,"Noohian, Amirhossein; Raisi, Mehran; Khodaygan, Saeed",,,A Framework for Learning Dynamic Movement Primitives with Deep Reinforcement Learning,2022 10TH RSI INTERNATIONAL CONFERENCE ON ROBOTICS AND MECHATRONICS (ICROM),RSI International Conference on Robotics and Mechatronics ICRoM,,,,10th RSI International Conference on Robotics and Mechatronics (ICRoM),"NOV 15-18, 2022","K N Toosi Univ Technol, Tehran, IRAN",Robot Soc Iran,K N Toosi Univ Technol,,,,,,,,,"Raisi, Mehran/0000-0002-5383-6413",,,,,,,,,,,,,2377-679X,2572-6889,978-1-6654-5452-0,,,,2022,,,,,,,329,334,,10.1109/ICRoM57054.2022.10025346,http://dx.doi.org/10.1109/ICRoM57054.2022.10025346,,,,,,,,,,,,,WOS:000972181900052,View Full Record in Web of Science
J,"Nguyen, TT; Nguyen, VH; Pham, VH",,,,"Nguyen, Thanh-Trung; Nguyen, Van-Huy; Pham, Van-Ha",,,Combination of Dynamic Movement Primitives and Recurrent Neural Network to Solve Kinematics and Motion Planning Problems of an Exoskeleton-Based Rehabilitation Robot,JOURNAL OF ROBOTICS,,,,,,,,,,,,,,,,,,"Nguyen, Trung/0000-0003-3644-209X",,,,,,,,,,,,,1687-9600,1687-9619,,,,NOV 20,2024,2024,,,,,,,,5532869,10.1155/2024/5532869,http://dx.doi.org/10.1155/2024/5532869,,,,,,,,,,,,,WOS:001367336800001,View Full Record in Web of Science
C,"Widmann, D; Karayiannidis, Y",,,IEEE,"Widmann, Dominik; Karayiannidis, Yiannis",,,Human Motion Prediction in Human-Robot Handovers based on Dynamic Movement Primitives,2018 EUROPEAN CONTROL CONFERENCE (ECC),,,,,17th Annual European Control Conference (ECC),"JUN 12-15, 2018","Limassol, CYPRUS",,,,,,,,,,,,,,,,,,,,,,,,,,978-3-9524-2698-2,,,,2018,,,,,,,2781,2787,,,,,,,,,,,,,,,,WOS:000467725302134,View Full Record in Web of Science
J,"Kastritsi, T; Dimeas, F; Doulgeri, Z",,,,"Kastritsi, Theodora; Dimeas, Fotios; Doulgeri, Zoe",,,Progressive Automation with DMP Synchronization and Variable Stiffness Control,IEEE ROBOTICS AND AUTOMATION LETTERS,,,,,,,,,,,,,,,,,"Kastritsi, Theodora/AAG-6361-2019","Kastritsi, Theodora/0000-0002-5379-0259; Dimeas, Fotios/0000-0002-8282-1974; Doulgeri, Zoe/0000-0003-2188-9358",,,,,,,,,,,,,2377-3766,,,,,OCT,2018,3,4,,,,,3789,3796,,10.1109/LRA.2018.2856536,http://dx.doi.org/10.1109/LRA.2018.2856536,,,,,,,,,,,,,WOS:000441444700015,View Full Record in Web of Science
C,"Ti, BY; Gao, YS; Li, Q; Zhao, J",,,IEEE,"Ti, Boyang; Gao, Yongsheng; Li, Qiang; Zhao, Jie",,,Dynamic Movement Primitives for Movement Generation Using GMM-GMR Analytical Method,2019 IEEE 2ND INTERNATIONAL CONFERENCE ON INFORMATION AND COMPUTER TECHNOLOGIES (ICICT),,,,,2nd IEEE International Conference on Information and Computer Technologies (ICICT),"MAR 14-17, 2019","Kahului, HI",IEEE,,,,,,,,,,,,,,,,,,,,,,,,,978-1-7281-3323-2,,,,2019,,,,,,,250,254,,10.1109/infoct.2019.8711390,http://dx.doi.org/10.1109/infoct.2019.8711390,,,,,,,,,,,,,WOS:000470911500046,View Full Record in Web of Science
J,"Majumdar, R; Yoshida, N; Zufferey, D",,,,"Majumdar, Rupak; Yoshida, Nobuko; Zufferey, Damien",,,Multiparty Motion Coordination: From Choreographies to Robotics Programs,PROCEEDINGS OF THE ACM ON PROGRAMMING LANGUAGES-PACMPL,,,,,,,,,,,,,,,,,"Yoshida, Nobuko/AAL-6082-2020","/0000-0002-3197-8736; Yoshida, Nobuko/0000-0002-3925-8557",,,,,,,,,,,,,,2475-1421,,,,NOV,2020,4,,,,,,,,134,10.1145/3428202,http://dx.doi.org/10.1145/3428202,,,,,,,,,,,,,WOS:000685203900011,View Full Record in Web of Science
J,"Yang, CG; Zeng, C; Fang, C; He, W; Li, ZJ",,,,"Yang, Chenguang; Zeng, Chao; Fang, Cheng; He, Wei; Li, Zhijun",,,A DMPs-Based Framework for Robot Learning and Generalization of Humanlike Variable Impedance Skills,IEEE-ASME TRANSACTIONS ON MECHATRONICS,,,,,,,,,,,,,,,,,"Yang, Chenguang/AAJ-2509-2020; Fang, Cheng/AAE-5813-2019; Li, Zhijun/ACT-9992-2022; He, Wei/K-4900-2019","Fang, Cheng/0000-0002-8535-3774; Yang, Chenguang/0000-0001-5255-5559",,,,,,,,,,,,,1083-4435,1941-014X,,,,JUN,2018,23,3,,,,,1193,1203,,10.1109/TMECH.2018.2817589,http://dx.doi.org/10.1109/TMECH.2018.2817589,,,,,,,,,,,,,WOS:000435338300021,View Full Record in Web of Science
C,"Gams, A; Petric, T",,"Rodic, A; Borangiu, T",,"Gams, Andrej; Petric, Tadej",,,"On-Line Modifications of Robotic Trajectories: Learning, Coaching and Force Vs. Position Feedback",ADVANCES IN ROBOT DESIGN AND INTELLIGENT CONTROL,Advances in Intelligent Systems and Computing,,,,25th International Conference on Robotics in Alpe-Adria-Danube Region (RAAD),"JUN 30-JUL 02, 2016","Belgrade, SERBIA",,,,,,,,,,"Petric, Tadej/AAS-2471-2021","Gams, Andrej/0000-0002-9803-3593",,,,,,,,,,,,,2194-5357,,978-3-319-49058-8; 978-3-319-49057-1,,,,2017,540,,,,,,18,26,,10.1007/978-3-319-49058-8_3,http://dx.doi.org/10.1007/978-3-319-49058-8_3,,,,,,,,,,,,,WOS:000413022000003,View Full Record in Web of Science
J,"Lu, ZY; Si, WY; Wang, N; Yang, CG",,,,"Lu, Zhenyu; Si, Weiyong; Wang, Ning; Yang, Chenguang",,,Dynamic Movement Primitives-Based Human Action Prediction and Shared Control for Bilateral Robot Teleoperation,IEEE TRANSACTIONS ON INDUSTRIAL ELECTRONICS,,,,,,,,,,,,,,,,,"lu, zhenyu/AAH-5454-2019; Wang, Han/A-5016-2011; Yang, Chenguang/AAJ-2509-2020; SI, WEIYONG/KIB-2268-2024","zhenyu, lu/0000-0002-5446-7285; Wang, Ning/0000-0002-3264-1852",,,,,,,,,,,,,0278-0046,1557-9948,,,,DEC,2024,71,12,,,,,16654,16663,,10.1109/TIE.2024.3401185,http://dx.doi.org/10.1109/TIE.2024.3401185,,JUN 2024,,,,,,,,,,,WOS:001242925700001,View Full Record in Web of Science
C,"Fu, J; Wei, D",,"Wang, P; Chen, W; Xu, L",,"Fu, Jian; Wei, Da",,,An Improved LWR Based Forcing Term Learning from DMPs,"2016 2ND INTERNATIONAL CONFERENCE ON INDUSTRIAL INFORMATICS - COMPUTING TECHNOLOGY, INTELLIGENT TECHNOLOGY, INDUSTRIAL INFORMATION INTEGRATION (ICIICII)",,,,,"2nd International Conference on Industrial Informatics - Computing Technology, Intelligent Technology, Industrial Information Integration (ICIICII)","DEC 03-04, 2016","Wuhan, PEOPLES R CHINA","Wuhan Univ Technol,Chinese Assoc Artificial Intelligence, Tech Comm Intelligent Robot,Huazhong Univ Sci & Technol,Old Dominion Univ,Key Lab Digital Signal & Image Proc Guangdong Prov,IEEE SMC Soc Tech Comm Enterprise Informat Syst,IFIP TC8 WG8 9",,,,,,,,,"Fu, Jian/AFY-2041-2022",,,,,,,,,,,,,,,,978-1-5090-3575-5,,,,2016,,,,,,,241,245,,10.1109/ICIICII.2016.59,http://dx.doi.org/10.1109/ICIICII.2016.59,,,,,,,,,,,,,WOS:000393580300056,View Full Record in Web of Science
J,"Li, CX; Fahmy, A; Li, SX; Sienz, J",,,,"Li, Chunxu; Fahmy, Ashraf; Li, Shaoxiang; Sienz, Johann",,,An Enhanced Robot Massage System in Smart Homes Using Force Sensing and a Dynamic Movement Primitive,FRONTIERS IN NEUROROBOTICS,,,,,,,,,,,,,,,,,"Liu, Xiaomeng/ITV-4705-2023; Li, Chenfeng/D-4034-2014","Fahmy, Ashraf/0000-0003-1624-1725; Li, Chunxu/0000-0001-7851-0260",,,,,,,,,,,,,1662-5218,,,,,JUN 29,2020,14,,,,,,,,30,10.3389/fnbot.2020.00030,http://dx.doi.org/10.3389/fnbot.2020.00030,,,,,,,,32714174,,,,,WOS:000555764300001,View Full Record in Web of Science
J,"Gams, A; Nemec, B; Ijspeert, AJ; Ude, A",,,,"Gams, Andrej; Nemec, Bojan; Ijspeert, Auke Jan; Ude, Ales",,,Coupling Movement Primitives: Interaction With the Environment and Bimanual Tasks,IEEE TRANSACTIONS ON ROBOTICS,,,,,,,,,,,,,,,,,"Ude, Aleš/ABB-7839-2020","Gams, Andrej/0000-0002-9803-3593; Ude, Ales/0000-0003-3677-3972; Ijspeert, Auke Jan/0000-0003-1417-9980",,,,,,,,,,,,,1552-3098,1941-0468,,,,AUG,2014,30,4,,,,,816,830,,10.1109/TRO.2014.2304775,http://dx.doi.org/10.1109/TRO.2014.2304775,,,,,,,,,,,,,WOS:000340451800004,View Full Record in Web of Science
C,"Park, DH; Hoffmann, H; Pastor, P; Schaal, S",,,IEEE,"Park, Dae-Hyung; Hoffmann, Heiko; Pastor, Peter; Schaal, Stefan",,,Movement reproduction and obstacle avoidance with dynamic movement primitives and potential fields,2008 8TH IEEE-RAS INTERNATIONAL CONFERENCE ON HUMANOID ROBOTS (HUMANOIDS 2008),IEEE-RAS International Conference on Humanoid Robots,,,,8th IEEE/RAS International Conference on Humanoid Robots,"DEC 01-03, 2008","Daejeon, SOUTH KOREA","IEEE,RAS",,,,,,,,,"Park, Daehyung/JVO-4513-2024","Hoffmann, Heiko/0000-0003-3817-5626",,,,,,,,,,,,,2164-0572,,978-1-4244-2821-2,,,,2008,,,,,,,91,98,,,,,,,,,,,,,,,,WOS:000267052300015,View Full Record in Web of Science
C,"Schaal, S; Peters, J; Nakanishi, J; Ijspeert, A",,"Dario, P; Chatila, R",,"Schaal, S; Peters, J; Nakanishi, J; Ijspeert, A",,,Learning movement primitives,Robotics Research,SPRINGER TRACTS IN ADVANCED ROBOTICS,,,,11th International Symposium on Robotics Research,"OCT 19-22, 2003","Siena, ITALY",,,,,,,,,,"NAKANISHI, Jun/H-2616-2011; Peters, Jan/D-5068-2009","Peters, Jan/0000-0002-5266-8091; Ijspeert, Auke Jan/0000-0003-1417-9980",,,,,,,,,,,,,1610-7438,,3-540-23214-1,,,,2005,15,,,,,,561,572,,,,,,,,,,,,,,,,WOS:000228862600048,View Full Record in Web of Science
C,"Tu, ZJ; Zhang, TW; Yan, L; Lam, TL",,,IEEE,"Tu, Zhangjie; Zhang, Tianwei; Yan, Lei; Lam, Tin Lun",,,Whole-Body Control for Velocity-Controlled Mobile Collaborative Robots Using Coupling Dynamic Movement Primitives,2022 IEEE-RAS 21ST INTERNATIONAL CONFERENCE ON HUMANOID ROBOTS (HUMANOIDS),IEEE-RAS International Conference on Humanoid Robots,,,,IEEE-RAS 21st International Conference on Humanoid Robots (Humanoids),"NOV 28-30, 2022","Ginowan, JAPAN","IEEE,IEEE Robot & Automat Soc",,,,,,,,,"Lam, Tin Lun/B-7371-2012","Lam, Tin Lun/0000-0002-6363-1446",,,,,,,,,,,,,2164-0572,,979-8-3503-0979-9,,,,2022,,,,,,,119,126,,,,,,,,,,,,,,,,WOS:000925894300016,View Full Record in Web of Science
C,"Pehlivan, AB; Oztop, E",,,IEEE,"Pehlivan, Alp Burak; Oztop, Erhan",,,Dynamic Movement Primitives for Human Movement Recognition,IECON 2015 - 41ST ANNUAL CONFERENCE OF THE IEEE INDUSTRIAL ELECTRONICS SOCIETY,IEEE Industrial Electronics Society,,,,41st Annual Conference of the IEEE-Industrial-Electronics-Society (IECON),"NOV 09-12, 2015","Yokohama, JAPAN","IEEE Ind Elect Soc,SICE,Robot Soc Japan,IEEJ,IEEJ Cias,JSPE,JSME,EiC,SAE Japan",,,,,,,,,"Oztop, Erhan/K-8111-2012","Oztop, Erhan/0000-0002-3051-6038",,,,,,,,,,,,,1553-572X,,978-1-4799-1762-4,,,,2015,,,,,,,2178,2183,,,,,,,,,,,,,,,,WOS:000382950702044,View Full Record in Web of Science
C,"Yang, DW; Lv, Q; Liao, G; Zheng, K; Luo, JF; Wei, B",,,IEEE,"Yang, Dewei; Lv, Qi; Liao, Gang; Zheng, Kai; Luo, Jiufei; Wei, Bo",,,Learning from Demonstration: Dynamical Movement Primitives based Reusable Suturing Skill Modelling method,2018 CHINESE AUTOMATION CONGRESS (CAC),Chinese Automation Congress,,,,Chinese Automation Congress (CAC),"NOV 30-DEC 02, 2018","Xian, PEOPLES R CHINA","CAA,IEEE,IEEE Syst Man & Cybernet Soc",,,,,,,,,"Jiufei, Luo/KVY-4757-2024",,,,,,,,,,,,,,2688-092X,2688-0938,978-1-7281-1312-8,,,,2018,,,,,,,4252,4257,,,,,,,,,,,,,,,,WOS:000459239504057,View Full Record in Web of Science
J,"Huang, YH; Li, TJ; Ning, YM; Zhang, Y",,,,"Huang, Yonghua; Li, Tuanjie; Ning, Yuming; Zhang, Yan",,,A robot motion skills method with explicit environmental constraints,INDUSTRIAL ROBOT-THE INTERNATIONAL JOURNAL OF ROBOTICS RESEARCH AND APPLICATION,,,,,,,,,,,,,,,,,"Li, Tuanjie/AFM-9069-2022; Ning, Yuming/KTI-6016-2024","Ning, Yuming/0009-0006-1486-1014",,,,,,,,,,,,,0143-991X,1758-5791,,,,MAY 9,2024,51,3,,,,,387,399,,10.1108/IR-08-2023-0180,http://dx.doi.org/10.1108/IR-08-2023-0180,,MAR 2024,,,,,,,,,,,WOS:001175314700001,View Full Record in Web of Science
C,"Deng, MD; Hu, YB; Li, ZJ",,,IEEE,"Deng, Mingdi; Hu, Yingbai; Li, Zhijun",,,Reinforcement Learning of Dual-Arm Cooperation for a Mobile Manipulator with Sequences of Dynamical Movement Primitives,2017 2ND INTERNATIONAL CONFERENCE ON ADVANCED ROBOTICS AND MECHATRONICS (ICARM),,,,,2nd International Conference on Advanced Robotics and Mechatronics (ICARM),"AUG 27-31, 2017","Hefei, PEOPLES R CHINA","Univ Sci & Technol China,IEEE Syst Man & Cybernet Soc,IEEE Robot & Automat Soc,HIT Robot Grp Int Inst Res & Innovat,Hefei State Hi Tech Ind Dev Zone,AAI,Taishan District Govt Taian,South China Univ Technol,IEEE Syst Man & Cybernet Soc Tech Comm Bio Mechatron & Bio Robot Syst,IEEE Robot & Automat Soc Tech Comm Neuro Robot Syst,China Speech Valley,China Search,Shanghai NewReal Auto Syst Co Ltd,Chinese Assoc Artificial Intelligence,IEEE Control Syst Soc,IEEE Control Syst Soc, Beijing Chapter",,,,,,,,,"Li, Zhijun/ACT-9992-2022",,,,,,,,,,,,,,,,978-1-5386-3260-4,,,,2017,,,,,,,195,200,,,,,,,,,,,,,,,,WOS:000426453700035,View Full Record in Web of Science
C,"Cai, C; Liu, S",,,,"Cai, Chen; Liu, Steven",,,A Probabilistic Dynamic Movement Primitives Framework on Human Hand Motion Prediction for an Object Transfer Scenario,IFAC PAPERSONLINE,,,,,22nd World Congress of the International Federation of Automatic Control (IFAC),"JUL 09-14, 2023","Yokohama, JAPAN",,,,,,,,,,,"Cai, Chen/0009-0002-3474-6671",,,,,,,,,,,,,2405-8963,,,,,,2023,56,2,,,,,8327,8332,,10.1016/j.ifacol.2023.10.1022,http://dx.doi.org/10.1016/j.ifacol.2023.10.1022,,NOV 2023,,,,,,,,,,,WOS:001122557300332,View Full Record in Web of Science
J,"Li, JJ; Li, ZJ; Li, XD; Feng, Y; Hu, YB; Xu, BG",,,,"Li, Junjun; Li, Zhijun; Li, Xinde; Feng, Ying; Hu, Yingbai; Xu, Bugong",,,Skill Learning Strategy Based on Dynamic Motion Primitives for Human-Robot Cooperative Manipulation,IEEE TRANSACTIONS ON COGNITIVE AND DEVELOPMENTAL SYSTEMS,,,,,,,,,,,,,,,,,"Li, Zhijun/ACT-9992-2022","Feng, Ying/0000-0002-1860-5679; Hu, Yingbai/0000-0003-2452-3570; Li, Xinde/0000-0002-1529-4537",,,,,,,,,,,,,2379-8920,2379-8939,,,,MAR,2021,13,1,,,,,105,117,,10.1109/TCDS.2020.3021762,http://dx.doi.org/10.1109/TCDS.2020.3021762,,,,,,,,,,,,,WOS:000628911300010,View Full Record in Web of Science
J,"Eken, H; Lanotte, F; Papapicco, V; Penna, MF; Gruppioni, E; Trigili, E; Crea, S; Vitiello, N",,,,"Eken, Huseyin; Lanotte, Francesco; Papapicco, Vito; Penna, Michele Francesco; Gruppioni, Emanuele; Trigili, Emilio; Crea, Simona; Vitiello, Nicola",,,A Locomotion Mode Recognition Algorithm Using Adaptive Dynamic Movement Primitives,IEEE TRANSACTIONS ON NEURAL SYSTEMS AND REHABILITATION ENGINEERING,,,,,,,,,,,,,,,,,"Lanotte, Francesco/U-9575-2019; PENNA, Michele Francesco/KII-6304-2024; Eken, Huseyin/KEH-6639-2024; Vitiello, Nicola/B-8960-2009","Trigili, Emilio/0000-0002-3725-5694; Vitiello, Nicola/0000-0001-8636-7716; PENNA, Michele Francesco/0000-0002-2296-3743; Lanotte, Francesco/0000-0001-8978-1074; Gruppioni, Emanuele/0000-0003-0732-8378; Papapicco, Vito/0000-0002-3525-177X; Eken, Huseyin/0000-0003-0891-9890",,,,,,,,,,,,,1534-4320,1558-0210,,,,,2023,31,,,,,,4318,4328,,10.1109/TNSRE.2023.3327751,http://dx.doi.org/10.1109/TNSRE.2023.3327751,,,,,,,,37883286,,,,,WOS:001104459600005,View Full Record in Web of Science
J,"Li, G; Jin, ZQ; Volpp, M; Otto, F; Lioutikov, R; Neumann, G",,,,"Li, Ge; Jin, Zeqi; Volpp, Michael; Otto, Fabian; Lioutikov, Rudolf; Neumann, Gerhard",,,ProDMP: A Unified Perspective on Dynamic and Probabilistic Movement Primitives,IEEE ROBOTICS AND AUTOMATION LETTERS,,,,,,,,,,,,,,,,,"Jin, zeqi/GSJ-2273-2022","Li, Ge/0000-0001-7858-1835",,,,,,,,,,,,,2377-3766,,,,,APR,2023,8,4,,,,,2325,2332,,10.1109/LRA.2023.3248443,http://dx.doi.org/10.1109/LRA.2023.3248443,,,,,,,,,,,,,WOS:000952959800005,View Full Record in Web of Science
J,"Liu, CJ; Geng, WD; Liu, M; Chen, QJ",,,,"Liu, Chengju; Geng, Wandong; Liu, Ming; Chen, Qijun",,,Workspace Trajectory Generation Method for Humanoid Adaptive Walking With Dynamic Motion Primitives,IEEE ACCESS,,,,,,,,,,,,,,,,,"Liu, Ming/AAC-9891-2020",,,,,,,,,,,,,,2169-3536,,,,,,2020,8,,,,,,54652,54662,,10.1109/ACCESS.2020.2976098,http://dx.doi.org/10.1109/ACCESS.2020.2976098,,,,,,,,,,,,,WOS:000523470200001,View Full Record in Web of Science
J,"Hwang, SH; Lee, SC; Shin, DB; Baek, IH; Kim, MJ; Sun, DI; Kim, BS; Hwang, SW; Han, CS",,,,"Hwang, S. H.; Lee, S. C.; Shin, D. B.; Baek, I. H.; Kim, M. J.; Sun, D. I.; Kim, B. S.; Hwang, S. W.; Han, C. S.",,,Intuitive Gait Pattern Generation for an Exoskeleton Robot,INTERNATIONAL JOURNAL OF PRECISION ENGINEERING AND MANUFACTURING,,,,,,,,,,,,,,,,,"Hwang, Sung Won/JRZ-0561-2023; Hwang, Seong-Hwan/HOF-0460-2023",,,,,,,,,,,,,,2234-7593,2005-4602,,,,NOV,2019,20,11,,,,,1905,1913,,10.1007/s12541-019-00184-z,http://dx.doi.org/10.1007/s12541-019-00184-z,,,,,,,,,,,,,WOS:000491553600006,View Full Record in Web of Science
C,"Kulvicius, T; Ning, KJ; Tamosiunaite, M; Wörgötter, F",,,IEEE,"Kulvicius, Tomas; Ning, KeJun; Tamosiunaite, Minija; Woergoetter, Florentin",,,Modified dynamic movement primitives for joining movement sequences,2011 IEEE INTERNATIONAL CONFERENCE ON ROBOTICS AND AUTOMATION (ICRA),IEEE International Conference on Robotics and Automation ICRA,,,,IEEE International Conference on Robotics and Automation (ICRA),"MAY 09-13, 2011","Shanghai, PEOPLES R CHINA","IEEE,Robot & Automat Soc,Minist Educ China,Minist Sci & Technol China,Natl Nat Sci Fdn China,Sci & Technol Commiss Shanghai Municipal,Shanghai Jiao Tong Univ, State Key Lab Mech Syst & Vibrat,Huazhong Univ Sci & Technol, State Key Lab Digital Mfg Equipment & Technol,Harbin Inst Technol, State Key Lab Robot & Syst,Zhejiang Univ, Inst Cyber-Syst & Control,Chinese Acad Sci, Shenyang Inst Automat,Beihang Univ, Robotics Inst,Beijing Res Inst Automat Machinery Ind,Tianjin Univ, Sch Mech Engn,ABB,YASKAWA Elect,KUKA,Willow Garage,Googol Tech.,Adept Mobile Robots,Harbin Boshi Automat,Natl Instruments,Beijing Universal Pioneering Technol,Real-Time Control & Instrumentat Lab, GE Global Res,ALDEBARAN Robot,Int Federat Robot (IFR),Shanghai Jiao Tong Univ",,,,,,,,,,,,,,,,,,,,,,,1050-4729,2577-087X,978-1-61284-385-8,,,,2011,,,,,,,2275,2280,,,,,,,,,,,,,,,,WOS:000324383401077,View Full Record in Web of Science
C,"Wu, HC; Zhai, DH; Xia, ZQ; Xia, YQ",,"Fu, J; Sun, J",,"Wu, Haocun; Zhai, Di-Hua; Xia, Zhiqiang; Xia, Yuanqing",,,A DMPs-based Switching Motion Planning Method for Robots with Obstacles,PROCEEDINGS OF THE 39TH CHINESE CONTROL CONFERENCE,Chinese Control Conference,,,,39th Chinese Control Conference (CCC),"JUL 27-29, 2020","Shenyang, PEOPLES R CHINA",,,,,,,,,,"Xia, Yuanqing/B-3182-2014",,,,,,,,,,,,,,2161-2927,,978-988-15639-0-3,,,,2020,,,,,,,3875,3880,,,,,,,,,,,,,,,,WOS:000629243504002,View Full Record in Web of Science
C,"Saveriano, M; Franzel, F; Lee, D",,"Howard, A; Althoefer, K; Arai, F; Arrichiello, F; Caputo, B; Castellanos, J; Hauser, K; Isler, V; Kim, J; Liu, H; Oh, P; Santos, V; Scaramuzza, D; Ude, A; Voyles, R; Yamane, K; Okamura, A",IEEE,"Saveriano, Matteo; Franzel, Felix; Lee, Dongheui",,,Merging Position and Orientation Motion Primitives,2019 INTERNATIONAL CONFERENCE ON ROBOTICS AND AUTOMATION (ICRA),IEEE International Conference on Robotics and Automation ICRA,,,,IEEE International Conference on Robotics and Automation (ICRA),"MAY 20-24, 2019","Montreal, CANADA","Bosch,DJI,Kinova,Mercedes Benz,Samsung,Argo AI,Clearpath Robot,Element AI,Fetch Robot,Huawei,iRobot,KUKA,Quanser,SICK,Toyota Res Inst,Uber,Waymo,Zhejiang Lab,Amazon,Applanix,Cloudminds,Honda Res Inst,MathWorks,Ouster",,,,,,,,,,"Saveriano, Matteo/0000-0002-9784-3973",,,,,,,,,,,,,1050-4729,2577-087X,978-1-5386-6026-3,,,,2019,,,,,,,7041,7047,,10.1109/icra.2019.8793786,http://dx.doi.org/10.1109/icra.2019.8793786,,,,,,,,,,,,,WOS:000494942305021,View Full Record in Web of Science
C,"Anand, AS; Ostvik, A; Grotli, EI; Vagia, M; Gravdahl, JT",,,IEEE,"Anand, Akhil S.; Ostvik, Andreas; Grotli, Esten Ingar; Vagia, Marialena; Gravdahl, Jan Tommy",,,Real-time temporal adaptation of dynamic movement primitives for moving targets,2021 20TH INTERNATIONAL CONFERENCE ON ADVANCED ROBOTICS (ICAR),,,,,20th International Conference on Advanced Robotics (ICAR),"DEC 07-10, 2021",ELECTR NETWORK,"IEEE Robot & Automat Soc,Jozef Stefan Inst,Univ Ljubljana, Fac Elect Engn,Univ Verona, Dept Comp Sci",,,,,,,,,"Østvik, Andreas/AAM-6523-2020; Grøtli, Esten/H-3981-2016","Vagia, Marialena/0000-0003-1185-5488",,,,,,,,,,,,,,,978-1-6654-3684-7,,,,2021,,,,,,,261,268,,,,,,,,,,,,,,,,WOS:000766318900040,View Full Record in Web of Science
C,"Zhang, GQ; An, HL; Liu, Y; Huang, YS; Ma, HX; Wei, Q",,,IEEE,"Zhang, Guoqing; An, Honglei; Liu, Yi; Huang, Yongshan; Ma, Hongxu; Wei, Qing",,,Phase-based Dynamic Movement Primitives for Powered Knee-Ankle Prosthesis Control,2022 6TH INTERNATIONAL CONFERENCE ON ROBOTICS AND AUTOMATION SCIENCES (ICRAS 2022),,,,,6th International Conference on Robotics and Automation Sciences (ICRAS),"JUN 09-11, 2022","China Univ Geosciences, Sch Mech Engn & Elect Informat, Wuhan, PEOPLES R CHINA","IEEE,IEEE Robot & Automat Soc","China Univ Geosciences, Sch Mech Engn & Elect Informat",,,,,,,,,,,,,,,,,,,,,,,,978-1-6654-6784-1,,,,2022,,,,,,,29,33,,10.1109/ICRAS55217.2022.9842244,http://dx.doi.org/10.1109/ICRAS55217.2022.9842244,,,,,,,,,,,,,WOS:000853380900006,View Full Record in Web of Science
J,"Rouse, NA; Daltorio, KA",,,,"Rouse, Natasha A.; Daltorio, Kathryn A.",,,Visualization of Stable Heteroclinic Channel-Based Movement Primitives,IEEE ROBOTICS AND AUTOMATION LETTERS,,,,,,,,,,,,,,,,,,"Rouse, Natasha/0000-0001-9929-4026",,,,,,,,,,,,,2377-3766,,,,,APR,2021,6,2,,,,,2343,2348,,10.1109/LRA.2021.3061382,http://dx.doi.org/10.1109/LRA.2021.3061382,,,,,,,,,,,,,WOS:000631202300004,View Full Record in Web of Science
C,"Boas, AV; André, J; Cerqueira, SM; Santos, CP",,"Lopes, AC; Pires, G; Pinto, VH; Lima, JL; Fonseca, P",,"Boas, Ana Vilas; Andre, Joao; Cerqueira, Sara M.; Santos, Cristina P.",,,A DMPs-based Approach for Human-Robot Collaboration Task Quality Management,"2023 IEEE INTERNATIONAL CONFERENCE ON AUTONOMOUS ROBOT SYSTEMS AND COMPETITIONS, ICARSC",IEEE International Conference on Autonomous Robot Systems and Competitions ICARSC,,,,IEEE International Conference on Autonomous Robot Systems and Competitions (ICARSC),"APR 26-27, 2023","Tomar, PORTUGAL","IEEE,Portuguese Robot Soc,IEEE Portugal Sect,Soc Portuguese Robot,IEEE Robot & Automat Soc, Portugal Chapter,Inst Politecnico Tomar,U Porto,Univ Aveiro,Inst Politecnico Braganca",,,,,,,,,"Cerqueira, Sara/AAO-9055-2020","Cerqueira, Sara/0000-0002-8097-5507",,,,,,,,,,,,,2573-9360,2573-9387,979-8-3503-0121-2,,,,2023,,,,,,,226,231,,10.1109/ICARSC58346.2023.10129609,http://dx.doi.org/10.1109/ICARSC58346.2023.10129609,,,,,,,,,,,,,WOS:001011040500036,View Full Record in Web of Science
J,"Xu, FS; Qiu, J; Yuan, WB; Cheng, H",,,,"Xu, Fashu; Qiu, Jing; Yuan, Wenbo; Cheng, Hong",,,A Novel Balance Control Strategy Based on Enhanced Stability Pyramid Index and Dynamic Movement Primitives for a Lower Limb Human-Exoskeleton System,FRONTIERS IN NEUROROBOTICS,,,,,,,,,,,,,,,,,"Xu, Fashu/JVN-8560-2024","Xu, Fashu/0000-0001-9696-3933",,,,,,,,,,,,,1662-5218,,,,,NOV 25,2021,15,,,,,,,,751642,10.3389/fnbot.2021.751642,http://dx.doi.org/10.3389/fnbot.2021.751642,,,,,,,,34899229,,,,,WOS:000728817200001,View Full Record in Web of Science
C,"Mitrevski, A; Padalkar, A; Nguyen, M; Plöger, PG",,"Chalup, S; Niemueller, T; Suthakorn, J; Williams, MA",,"Mitrevski, Alex; Padalkar, Abhishek; Minh Nguyen; Ploeger, Paul G.",,,"Lucy, Take the Noodle Box!: Domestic Object Manipulation Using Movement Primitives and Whole Body Motion","ROBOT WORLD CUP XXIII, ROBOCUP 2019",Lecture Notes in Artificial Intelligence,,,,23rd Annual Robot World Cup International Symposium (RoboCup),"JUL 08, 2019","Sydney, AUSTRALIA",,,,,,,,,,"Nguyen, Minh/KHW-4288-2024","Mitrevski, Alex/0000-0003-3591-3160",,,,,,,,,,,,,0302-9743,1611-3349,978-3-030-35699-6; 978-3-030-35698-9,,,,2019,11531,,,,,,189,200,,10.1007/978-3-030-35699-6_15,http://dx.doi.org/10.1007/978-3-030-35699-6_15,,,,,,,,,,,,,WOS:000787794500015,View Full Record in Web of Science
C,"Lin, ML; Lu, ZG; Wang, SX; Wang, RC",,,IEEE,"Lin, Menglei; Lu, Zhiguo; Wang, Shixiong; Wang, Ruchao",,,The Arm Planning with Dynamic Movement Primitive for Humanoid Service Robot,2020 5TH INTERNATIONAL CONFERENCE ON ADVANCED ROBOTICS AND MECHATRONICS (ICARM 2020),,,,,5th IEEE International Conference on Advanced Robotics and Mechatronics (ICARM),"DEC 18-21, 2020","Shenzhen, PEOPLES R CHINA","IEEE,IEEE Syst, Man & Cybernet Soc,IEEE Robot & Automat Soc,IEEE SMC Tech Comm Bio Mechatron & Bio Robot Syst,IEEE RAS Tech Comm Neuro Robot Syst,Shenzhen Univ,Artificial Intelligence & Robot Assoc Guangdong Prov,Anhui Robot Soc,IEEE CAA Journal Automatica Sinica,Deltason",,,,,,,,,,"Wang, Shixiong/0000-0002-4272-1864",,,,,,,,,,,,,,,978-1-7281-6479-3,,,,2020,,,,,,,513,518,,10.1109/icarm49381.2020.9195273,http://dx.doi.org/10.1109/icarm49381.2020.9195273,,,,,,,,,,,,,WOS:000728183800091,View Full Record in Web of Science
C,"Wang, TT; Yan, L; Wang, G; Gao, XS; Du, NN; Chen, M",,,IEEE,"Wang, Tiantian; Yan, Liang; Wang, Gang; Gao, Xiaoshan; Du, Nannan; Chen, I-Ming",,,Learning from demonstration using improved dynamic movement primitives,PROCEEDINGS OF THE 2021 IEEE 16TH CONFERENCE ON INDUSTRIAL ELECTRONICS AND APPLICATIONS (ICIEA 2021),IEEE Conference on Industrial Electronics and Applications,,,,16th IEEE Conference on Industrial Electronics and Applications (ICIEA),"AUG 01-04, 2021","Chengdu, PEOPLES R CHINA","IEEE,SW Jiaotong Univ,IEEE Ind Elect Chapter Singapore,IEEE Singapore Sect,IEEE Ind Elect Soc",,,,,,,,,"Chen, I-Ming/A-3811-2011; Yan, Liang/K-7810-2012",,,,,,,,,,,,,,2156-2318,,978-1-6654-2248-2,,,,2021,,,,,,,2130,2135,,10.1109/ICIEA51954.2021.9516425,http://dx.doi.org/10.1109/ICIEA51954.2021.9516425,,,,,,,,,,,,,WOS:000709847700377,View Full Record in Web of Science
J,"Lee, H; Kim, H; Kim, HJ",,,,"Lee, Hyeonbeom; Kim, Hyoin; Kim, H. Jin",,,Planning and Control for Collision-Free Cooperative Aerial Transportation,IEEE TRANSACTIONS ON AUTOMATION SCIENCE AND ENGINEERING,,,,,,,,,,,,,,,,,"Kim, Hyoin/ABC-8449-2020","lee, Hyeonbeom/0000-0003-4647-8424; Kim, H Jin/0000-0002-6819-1136",,,,,,,,,,,,,1545-5955,1558-3783,,,,JAN,2018,15,1,,,,,189,201,,10.1109/TASE.2016.2605707,http://dx.doi.org/10.1109/TASE.2016.2605707,,,,,,,,,,,,,WOS:000419498100015,View Full Record in Web of Science
C,"Kramberger, A; Shahriari, E; Gams, A; Nemec, B; Ude, A; Haddadin, S","Kosecka, J","Maciejewski, AA; Okamura, A; Bicchi, A; Stachniss, C; Song, DZ; Lee, DH; Chaumette, F; Ding, H; Li, JS; Wen, J; Roberts, J; Masamune, K; Chong, NY; Amato, N; Tsagwarakis, N; Rocco, P; Asfour, T; Chung, WK; Yasuyoshi, Y; Sun, Y; Maciekeski, T; Althoefer, K; AndradeCetto, J; Chung, WK; Demircan, E; Dias, J; Fraisse, P; Gross, R; Harada, H; Hasegawa, Y; Hayashibe, M; Kiguchi, K; Kim, K; Kroeger, T; Li, Y; Ma, S; Mochiyama, H; Monje, CA; Rekleitis, I; Roberts, R; Stulp, F; Tsai, CHD; Zollo, L",,"Kramberger, Aljaz; Shahriari, Erfan; Gams, Andrej; Nemec, Bojan; Ude, Ales; Haddadin, Sami","Kosecka, J",,Passivity Based Iterative Learning of Admittance-Coupled Dynamic Movement Primitives for Interaction with Changing Environments,2018 IEEE/RSJ INTERNATIONAL CONFERENCE ON INTELLIGENT ROBOTS AND SYSTEMS (IROS),IEEE International Conference on Intelligent Robots and Systems,,,,25th IEEE/RSJ International Conference on Intelligent Robots and Systems (IROS),"OCT 01-05, 2018","Madrid, SPAIN","IEEE Robot & Automat Soc,IEEE Ind Elect Soc,Robot Soc Japan,Soc Instrument & Control Engineers,New Technol Fdn,IEEE,Adept MobileRobots,Willow Garage,Aldebaran Robot,Natl Instruments,Reflexxes GmbH,Schunk Intec S L U,Univ Carlos III Madrid,BOSCH,JD COM,Pal Robot,KUKA,Santander,Squirrel AI Learning,Baidu,Generat Robots,KINOVA Robot,Ouster,Univ Pablo Olavide Sevilla,Rapyuta Robot,SICK,TOYOTA,UP,Amazon,ARGO,Built Robot,Disney Res,Easy Mile,Hitachi,Robot,Khalifa Univ,Magazino,MathWorks,New Dexterity,Schunk,nuTonomy,PILZ,Prophesee,Rootnik,Saga Robot,Shadow,Soft Bank Robot,Anyverse,GalTech,Generat Robot,IEEE CAA Journal Automatica Sinica,Sci Robot, AAAS,TERAS",,,,,,,,,"Ude, Aleš/ABB-7839-2020; Kramberger, Aljaz/X-2654-2018","Haddadin, Sami/0000-0001-7696-4955; Gams, Andrej/0000-0002-9803-3593; Kramberger, Aljaz/0000-0002-4830-4885",,,,,,,,,,,,,2153-0858,,978-1-5386-8094-0,,,,2018,,,,,,,6023,6028,,,,,,,,,,,,,,,,WOS:000458872705077,View Full Record in Web of Science
J,"Lu, ZY; Wang, N; Yang, CG",,,,"Lu, Zhenyu; Wang, Ning; Yang, Chenguang",,,A Dynamic Movement Primitives-Based Tool Use Skill Learning and Transfer Framework for Robot Manipulation,IEEE TRANSACTIONS ON AUTOMATION SCIENCE AND ENGINEERING,,,,,,,,,,,,,,,,,"lu, zhenyu/AAH-5454-2019; Yang, Chenguang/ABE-7755-2020; Wang, Han/A-5016-2011","zhenyu, lu/0000-0002-5446-7285; Wang, Ning/0000-0002-3264-1852",,,,,,,,,,,,,1545-5955,1558-3783,,,,,2025,22,,,,,,1748,1763,,10.1109/TASE.2024.3370139,http://dx.doi.org/10.1109/TASE.2024.3370139,,MAR 2024,,,,,,,,,,,WOS:001181512200001,View Full Record in Web of Science
J,"Jin, ZH; Liu, AD; Zhang, WA; Yu, L; Yang, CG",,,,"Jin, Zhehao; Liu, Andong; Zhang, Wen-an; Yu, Li; Yang, Chenguang",,,Gaussian process movement primitive,AUTOMATICA,,,,,,,,,,,,,,,,,"Jin, Zhehao/HOA-7661-2023; Yu, Li/H-2783-2012; Yang, Chenguang/AAJ-2509-2020","Yang, Chenguang/0000-0001-5255-5559",,,,,,,,,,,,,0005-1098,1873-2836,,,,SEP,2023,155,,,,,,,,111120,10.1016/j.automatica.2023.111120,http://dx.doi.org/10.1016/j.automatica.2023.111120,,JUN 2023,,,,,,,,,,,WOS:001016578900001,View Full Record in Web of Science
C,"Shaw, S; Jha, DK; Raghunathan, AU; Corcodel, R; Romeres, D; Konidaris, G; Nikovski, D",,,IEEE,"Shaw, Seiji; Jha, Devesh K.; Raghunathan, Arvind U.; Corcodel, Radu; Romeres, Diego; Konidaris, George; Nikovski, Daniel",,,Constrained Dynamic Movement Primitives for Collision Avoidance in Novel Environments,"2023 IEEE/RSJ INTERNATIONAL CONFERENCE ON INTELLIGENT ROBOTS AND SYSTEMS, IROS",IEEE International Conference on Intelligent Robots and Systems,,,,IEEE/RSJ International Conference on Intelligent Robots and Systems (IROS),"OCT 01-05, 2023","Detroit, MI","IEEE,RSJ",,,,,,,,,,,,,,,,,,,,,,,2153-0858,,978-1-6654-9190-7,,,,2023,,,,,,,3672,3679,,10.1109/IROS55552.2023.10341839,http://dx.doi.org/10.1109/IROS55552.2023.10341839,,,,,,,,,,,,,WOS:001133658802103,View Full Record in Web of Science
J,"Apostolopoulos, S; Leibold, M; Buss, M",,,,"Apostolopoulos, Sotiris; Leibold, Marion; Buss, Martin",,,Energy Efficient and Robust Balancing with Motion Primitive Switching,INTERNATIONAL JOURNAL OF HUMANOID ROBOTICS,,,,,,,,,,,,,,,,,,"Leibold, Marion/0000-0002-2802-5600",,,,,,,,,,,,,0219-8436,1793-6942,,,,SEP,2017,14,3,,,,,,,1750009,10.1142/S0219843617500098,http://dx.doi.org/10.1142/S0219843617500098,,,,,,,,,,,,,WOS:000408446000002,View Full Record in Web of Science
J,"Gams, A; Petric, T; Do, M; Nemec, B; Morimoto, J; Asfour, T; Ude, A",,,,"Gams, Andrej; Petric, Tadej; Do, Martin; Nemec, Bojan; Morimoto, Jun; Asfour, Tamim; Ude, Ales",,,Adaptation and coaching of periodic motion primitives through physical and visual interaction,ROBOTICS AND AUTONOMOUS SYSTEMS,,,,,,,,,,,,,,,,,"Petric, Tadej/AAS-2471-2021; Ude, Aleš/ABB-7839-2020","Asfour, Tamim/0000-0003-4879-7680; Petric, Tadej/0000-0002-3407-4206; Ude, Ales/0000-0003-3677-3972; Gams, Andrej/0000-0002-9803-3593",,,,,,,,,,,,,0921-8890,1872-793X,,,,JAN,2016,75,,B,,,,340,351,,10.1016/j.robot.2015.09.011,http://dx.doi.org/10.1016/j.robot.2015.09.011,,,,,,,,,,,,,WOS:000367763400017,View Full Record in Web of Science
C,"Ude, A; Vuga, R; Nemec, B; Morimoto, J",,,IEEE,"Ude, Ales; Vuga, Rok; Nemec, Bojan; Morimoto, Jun",,,Trajectory Representation by Nonlinear Scaling of Dynamic Movement Primitives,2016 IEEE/RSJ INTERNATIONAL CONFERENCE ON INTELLIGENT ROBOTS AND SYSTEMS (IROS 2016),,,,,IEEE/RSJ International Conference on Intelligent Robots and Systems (IROS),"OCT 09-14, 2016","Daejeon, SOUTH KOREA","IEEE,RSJ",,,,,,,,,"Ude, Aleš/ABB-7839-2020","Ude, Ales/0000-0003-3677-3972",,,,,,,,,,,,,,,978-1-5090-3762-9,,,,2016,,,,,,,4728,4735,,,,,,,,,,,,,,,,WOS:000391921704111,View Full Record in Web of Science
C,"Pahic, R; Gams, A; Ude, A; Morimoto, J",,,IEEE,"Pahic, Rok; Gams, Andrej; Ude, Ales; Morimoto, Jun",,,Deep Encoder-Decoder Networks for Mapping Raw Images to Dynamic Movement Primitives,2018 IEEE INTERNATIONAL CONFERENCE ON ROBOTICS AND AUTOMATION (ICRA),IEEE International Conference on Robotics and Automation ICRA,,,,IEEE International Conference on Robotics and Automation (ICRA),"MAY 21-25, 2018","Brisbane, AUSTRALIA","IEEE,CSIRO,Australian Govt, Dept Def Sci & Technol,DJI,Queensland Univ Technol,Woodside,Baidu,Bosch,Houston Mechatron,Kinova Robot,KUKA,Hit Robot Grp,Honda Res Inst,iRobot,Mathworks,NuTonomy,Ouster,Uber",,,,,,,,,"Ude, Aleš/ABB-7839-2020","Gams, Andrej/0000-0002-9803-3593",,,,,,,,,,,,,1050-4729,2577-087X,978-1-5386-3081-5,,,,2018,,,,,,,5863,5868,,,,,,,,,,,,,,,,WOS:000446394504061,View Full Record in Web of Science
J,"Denisa, M; Ude, A",,,,"Denisa, Miha; Ude, Ales",,,Synthesis of New Dynamic Movement Primitives Through Search in a Hierarchical Database of Example Movements,INTERNATIONAL JOURNAL OF ADVANCED ROBOTIC SYSTEMS,,,,,,,,,,,,,,,,,"Deniša, Miha/AAE-5331-2019; Ude, Aleš/ABB-7839-2020","Ude, Ales/0000-0003-3677-3972; Denisa, Miha/0000-0002-9478-4656",,,,,,,,,,,,,1729-8814,,,,,OCT 6,2015,12,,,,,,,,137,10.5772/61036,http://dx.doi.org/10.5772/61036,,,,,,,,,,,,,WOS:000362510400001,View Full Record in Web of Science
J,"Zhang, Y; Li, M; Yang, CG",,,,"Zhang, Ying; Li, Miao; Yang, Chenguang",,,Robot learning system based on dynamic movement primitives and neural network,NEUROCOMPUTING,,,,,,,,,,,,,,,,,"Yang, Chenguang/AAJ-2509-2020","Yang, Chenguang/0000-0001-5255-5559",,,,,,,,,,,,,0925-2312,1872-8286,,,,SEP 3,2021,451,,,,,,205,214,,10.1016/j.neucom.2021.04.034,http://dx.doi.org/10.1016/j.neucom.2021.04.034,,MAY 2021,,,,,,,,,,,WOS:000662812300003,View Full Record in Web of Science
C,"Huang, R; Cheng, H; Guo, HL; Lin, XC; Chen, QM; Sun, FC",,,IEEE,"Huang, Rui; Cheng, Hong; Guo, Hongliang; Lin, Xichuan; Chen, Qiming; Sun, Fuchun",,,Learning Cooperative Primitives with Physical Human-Robot Interaction for a Human-Powered Lower Exoskeleton,2016 IEEE/RSJ INTERNATIONAL CONFERENCE ON INTELLIGENT ROBOTS AND SYSTEMS (IROS 2016),,,,,IEEE/RSJ International Conference on Intelligent Robots and Systems (IROS),"OCT 09-14, 2016","Daejeon, SOUTH KOREA","IEEE,RSJ",,,,,,,,,"Guo, Hongliang/JQV-5537-2023",,,,,,,,,,,,,,,,978-1-5090-3762-9,,,,2016,,,,,,,5355,5360,,,,,,,,,,,,,,,,WOS:000391921705058,View Full Record in Web of Science
C,"Nemec, B; Gams, A; Denisa, M; Ude, A",,,IEEE,"Nemec, Bojan; Gams, Andrej; Denisa, Miha; Ude, Ales",,,Human-Robot Cooperation Through Force Adaptation Using Dynamic Motion Primitives and Iterative Learning,2014 IEEE INTERNATIONAL CONFERENCE ON ROBOTICS AND BIOMIMETICS IEEE-ROBIO 2014,,,,,2014 IEEE International Conference on Robotics and Biomimetics (ROBIO),"DEC 05-10, 2014","Bali, INDONESIA","IEEE Robot & Automat Soc,State Key Lab Robot & Syst,Harbin Inst Technol,Natl Univ Def Technol,Shenzhen Inst Adv Technol",,,,,,,,,"Deniša, Miha/AAE-5331-2019; Ude, Aleš/ABB-7839-2020","Denisa, Miha/0000-0002-9478-4656; Gams, Andrej/0000-0002-9803-3593; Ude, Ales/0000-0003-3677-3972",,,,,,,,,,,,,,,978-1-4799-7397-2,,,,2014,,,,,,,1439,1444,,,,,,,,,,,,,,,,WOS:000380399500239,View Full Record in Web of Science
J,"Liao, ZW; Lorenzini, M; Leonori, M; Zhao, F; Jiang, GD; Ajoudani, A",,,,"Liao, Zhiwei; Lorenzini, Marta; Leonori, Mattia; Zhao, Fei; Jiang, Gedong; Ajoudani, Arash",,,An Ergo-Interactive Framework for Human-Robot Collaboration Via Learning From Demonstration,IEEE ROBOTICS AND AUTOMATION LETTERS,,,,,,,,,,,,,,,,,"Lorenzini, Marta/AHE-7774-2022","zhao, fei/0000-0002-1405-5593; Leonori, Mattia/0000-0003-3653-4648",,,,,,,,,,,,,2377-3766,,,,,JAN,2024,9,1,,,,,359,366,,10.1109/LRA.2023.3328366,http://dx.doi.org/10.1109/LRA.2023.3328366,,,,,,,,,,,,,WOS:001123441400019,View Full Record in Web of Science
C,"Fanger, Y; Umlauft, J; Hirche, S",,,IEEE,"Fanger, Yunis; Umlauft, Jonas; Hirche, Sandra",,,Gaussian Processes for Dynamic Movement Primitives with Application in Knowledge-based Cooperation,2016 IEEE/RSJ INTERNATIONAL CONFERENCE ON INTELLIGENT ROBOTS AND SYSTEMS (IROS 2016),,,,,IEEE/RSJ International Conference on Intelligent Robots and Systems (IROS),"OCT 09-14, 2016","Daejeon, SOUTH KOREA","IEEE,RSJ",,,,,,,,,"Umlauft, Jonas/Q-7027-2016",,,,,,,,,,,,,,,,978-1-5090-3762-9,,,,2016,,,,,,,3913,3919,,,,,,,,,,,,,,,,WOS:000391921703139,View Full Record in Web of Science
C,"Schaal, S",,"Kimura, H; Tsuchiya, K; Ishiguro, A; Witte, H",,"Schaal, S",,,Dynamic movement primitives - A framework for motor control in humans and humanoid robotics,ADAPTIVE MOTION OF ANIMALS AND MACHINES,,,,,International Symposium on Adaptive Motion of Animals and Machines (AMAM),"MAR, 2003","Kyoto, JAPAN",,,,,,,,,,,,,,,,,,,,,,,,,,4-431-24164-7,,,,2006,,,,,,,261,280,,10.1007/4-431-31381-8_23,http://dx.doi.org/10.1007/4-431-31381-8_23,,,,,,,,,,,,,WOS:000235303600023,View Full Record in Web of Science
C,"Ginesi, M; Meli, D; Calanca, A; Dall'Alba, D; Sansonetto, N; Fiorini, P",,,IEEE,"Ginesi, Michele; Meli, Daniele; Calanca, Andrea; Dall'Alba, Diego; Sansonetto, Nicola; Fiorini, Paolo",,,Dynamic Movement Primitives: Volumetric Obstacle Avoidance,2019 19TH INTERNATIONAL CONFERENCE ON ADVANCED ROBOTICS (ICAR),,,,,19th International Conference on Advanced Robotics (ICAR),"DEC 02-06, 2019","Belo Horizonte, BRAZIL",,,,,,,,,,"calanca, andrea/V-5816-2019; Ginesi, Michele/HTP-7306-2023; Meli, Daniele/HJA-7415-2022","Ginesi, Michele/0000-0001-5845-3692; Dall'Alba, Diego/0000-0002-7300-5975; Meli, Daniele/0000-0002-3162-388X",,,,,,,,,,,,,,,978-1-7281-2467-4,,,,2019,,,,,,,234,239,,,,,,,,,,,,,,,,WOS:000542960700037,View Full Record in Web of Science
C,"Prada, M; Remazeilles, A; Koene, A; Endo, S",,"Amato, N",,"Prada, Miguel; Remazeilles, Anthony; Koene, Ansgar; Endo, Satoshi",,,Dynamic Movement Primitives for Human-Robot interaction: comparison with human behavioral observation,2013 IEEE/RSJ INTERNATIONAL CONFERENCE ON INTELLIGENT ROBOTS AND SYSTEMS (IROS),IEEE International Conference on Intelligent Robots and Systems,,,,IEEE/RSJ International Conference on Intelligent Robots and Systems (IROS),"NOV 03-08, 2013","Tokyo, JAPAN","IEEE,IEEE Robot & Automat Soc,IEEE Ind Elect Soc,Robot Soc Japan,New Technol Fdn,Soc Instrument & Control Engineers,Kawada Robot,Reflexxes GmbH,Telecommunicat Advancement Fdn,Tateisi Sci & Technol Fdn",,,,,,,,,"Koene, Ansgar/P-8404-2014; Remazeilles, Anthony/V-7345-2017","Koene, Ansgar/0000-0002-7608-623X; Endo, Satoshi/0000-0002-0692-4234; Remazeilles, Anthony/0000-0001-5257-2228; Prada, Miguel/0000-0002-1217-6914",,,,,,,,,,,,,2153-0858,,978-1-4673-6358-7,,,,2013,,,,,,,1168,1175,,,,,,,,,,,,,,,,WOS:000331367401041,View Full Record in Web of Science
C,"Samant, R; Behera, L; Pandey, G",,,IEEE,"Samant, Raj; Behera, Laxmidhar; Pandey, Gaurav",,,Adaptive Learning of Dynamic Movement Primitives through Demonstration,2016 INTERNATIONAL JOINT CONFERENCE ON NEURAL NETWORKS (IJCNN),IEEE International Joint Conference on Neural Networks (IJCNN),,,,International Joint Conference on Neural Networks (IJCNN),"JUL 24-29, 2016","Vancouver, CANADA","IEEE,IEEE Computat Intelligence Soc,Int Nueral Network Soc,Evolutionary Programming Soc,IET,IEEE BigData,Gulf Univ Sci & Technol",,,,,,,,,"Behera, Laxmidhar/J-3423-2017","Behera, Laxmidhar/0000-0003-1879-5609",,,,,,,,,,,,,2161-4393,,978-1-5090-0619-9,,,,2016,,,,,,,1068,1075,,,,,,,,,,,,,,,,WOS:000399925501033,View Full Record in Web of Science
C,"Rotithor, G; Dani, AP",,,Amer Soc Mech Engineers,"Rotithor, Ghananeel; Dani, Ashwin P.",,,COMBINING MOTION PRIMITIVES AND IMAGE-BASED VISUAL SERVO CONTROL,PROCEEDINGS OF THE 2020 INTERNATIONAL SYMPOSIUM ON FLEXIBLE AUTOMATION (ISFA2020),,,,,International Symposium on Flexible Automation (ISFA),"JUL 08-09, 2020",ELECTR NETWORK,"Amer Soc Mech Engineers,Amer Soc Mech Engineers, Dynam Syst & Control Div,Inst Syst Control & Informat Engineers",,,,,,,,,,,,,,,,,,,,,,,,,978-0-7918-8361-7,,,,2020,,,,,,,,,V001T05A005,,,,,,,,,,,,,,,WOS:000850908700020,View Full Record in Web of Science
C,"Ernesti, J; Righetti, L; Do, M; Asfour, T; Schaal, S",,,IEEE,"Ernesti, Johannes; Righetti, Ludovic; Do, Martin; Asfour, Tamim; Schaal, Stefan",,,Encoding of Periodic and their Transient Motions by a Single Dynamic Movement Primitive,2012 12TH IEEE-RAS INTERNATIONAL CONFERENCE ON HUMANOID ROBOTS (HUMANOIDS),IEEE-RAS International Conference on Humanoid Robots,,,,12th IEEE-RAS International Conference on Humanoid Robots (Humanoids),"NOV 29-DEC 01, 2012","Osaka, JAPAN",IEEE RAS,,,,,,,,,"; Righetti, Ludovic/P-1261-2018","Asfour, Tamim/0000-0003-4879-7680; Righetti, Ludovic/0000-0002-6458-9112",,,,,,,,,,,,,2164-0572,,978-1-4673-1369-8,,,,2012,,,,,,,57,64,,,,,,,,,,,,,,,,WOS:000392842100009,View Full Record in Web of Science
C,"Duan, AQ; Camoriano, R; Ferigo, D; Calandriello, D; Rosasco, L; Pucci, D",,"Asfour, T",,"Duan, Anqing; Camoriano, Raffaello; Ferigo, Diego; Calandriello, Daniele; Rosasco, Lorenzo; Pucci, Daniele",,,Constrained DMPs for Feasible Skill Learning on Humanoid Robots,2018 IEEE-RAS 18TH INTERNATIONAL CONFERENCE ON HUMANOID ROBOTS (HUMANOIDS),IEEE-RAS International Conference on Humanoid Robots,,,,18th IEEE-RAS International Conference on Humanoid Robots (Humanoids),"NOV 06-09, 2018","Beijing Inst Technol, Beijing, PEOPLES R CHINA",IEEE RAS,Beijing Inst Technol,,,,,,,,"Camoriano, Raffaello/GWN-0743-2022; Pucci, Daniele/AAC-5995-2019","Camoriano, Raffaello/0000-0002-8890-2732; Duan, Anqing/0000-0002-9666-018X",,,,,,,,,,,,,2164-0572,,978-1-5386-7283-9,,,,2018,,,,,,,1032,1038,,,,,,,,,,,,,,,,WOS:000458689700147,View Full Record in Web of Science
J,"Li, ZJ; Zhao, T; Chen, F; Hu, YB; Su, CY; Fukuda, T",,,,"Li, Zhijun; Zhao, Ting; Chen, Fei; Hu, Yingbai; Su, Chun-Yi; Fukuda, Toshio",,,Reinforcement Learning of Manipulation and Grasping Using Dynamical Movement Primitives for a Humanoidlike Mobile Manipulator,IEEE-ASME TRANSACTIONS ON MECHATRONICS,,,,,,,,,,,,,,,,,"Li, Zhijun/ACT-9992-2022; Su, Chun-Yi/AAF-6064-2019","Chen, Fei/0000-0003-4397-0931",,,,,,,,,,,,,1083-4435,1941-014X,,,,FEB,2018,23,1,,,,,121,131,,10.1109/TMECH.2017.2717461,http://dx.doi.org/10.1109/TMECH.2017.2717461,,,,,,,,,,,,,WOS:000425673100013,View Full Record in Web of Science
J,"Liu, CF; Li, CF; Li, XL; Zuo, GY; Yu, P",,,,"Liu, Chunfang; Li, Changfeng; Li, Xiaoli; Zuo, Guoyu; Yu, Pan",,,An effective dynamical evaluation and optimization mechanism for accurate motion primitives learning,APPLIED INTELLIGENCE,,,,,,,,,,,,,,,,,"li, changfeng/MIK-4055-2025",,,,,,,,,,,,,,0924-669X,1573-7497,,,,JAN,2025,55,2,,,,,,,209,10.1007/s10489-024-06147-w,http://dx.doi.org/10.1007/s10489-024-06147-w,,,,,,,,,,,,,WOS:001383333200005,View Full Record in Web of Science
J,"Ning, YM; Li, TJ; Yao, C; Du, WQ; Zhang, Y; Huang, YH",,,,"Ning, Yuming; Li, Tuanjie; Yao, Cong; Du, Wenqian; Zhang, Yan; Huang, Yonghua",,,MT-RSL: A multitasking-oriented robot skill learning framework based on continuous dynamic movement primitives for improving efficiency and quality in robot-based intelligent operation,ROBOTICS AND COMPUTER-INTEGRATED MANUFACTURING,,,,,,,,,,,,,,,,,"Li, Tuanjie/B-7804-2012; Ning, Yuming/KTI-6016-2024","Li, Tuanjie/0000-0002-5426-8120; Ning, Yuming/0009-0006-1486-1014",,,,,,,,,,,,,0736-5845,1879-2537,,,,DEC,2024,90,,,,,,,,102817,10.1016/j.rcim.2024.102817,http://dx.doi.org/10.1016/j.rcim.2024.102817,,JUL 2024,,,,,,,,,,,WOS:001267755300001,View Full Record in Web of Science
C,"Shahriari, E; Kramberger, A; Gams, A; Ude, A; Haddadin, S",,,IEEE,"Shahriari, Erfan; Kramberger, Aljaz; Gams, Andrej; Ude, Ales; Haddadin, Sami",,,Adapting to Contacts: Energy Tanks and Task Energy for Passivity-Based Dynamic Movement Primitives,2017 IEEE-RAS 17TH INTERNATIONAL CONFERENCE ON HUMANOID ROBOTICS (HUMANOIDS),,,,,IEEE-RAS 17th International Conference on Humanoid Robotics (Humanoids),"NOV 15-17, 2017","Birmingham, ENGLAND","IEEE, RAS",,,,,,,,,"Ude, Aleš/ABB-7839-2020; Kramberger, Aljaz/X-2654-2018","Kramberger, Aljaz/0000-0002-4830-4885; Gams, Andrej/0000-0002-9803-3593; Haddadin, Sami/0000-0001-7696-4955",,,,,,,,,,,,,,,978-1-5386-4678-6,,,,2017,,,,,,,136,142,,,,,,,,,,,,,,,,WOS:000427350100019,View Full Record in Web of Science
C,"Luciani, B; Costante, S; Braghin, F; Pedrocchi, A; Gandolla, M",,,IEEE,"Luciani, Beatrice; Costante, Simone; Braghin, Francesco; Pedrocchi, Alessandra; Gandolla, Marta",,,Imitation learning using Gaussian mixture models and Dynamic Movement Primitives for rehabilitation exoskeletons: a comparison,"2024 10TH IEEE RAS/EMBS INTERNATIONAL CONFERENCE FOR BIOMEDICAL ROBOTICS AND BIOMECHATRONICS, BIOROB 2024",Proceedings of the IEEE RAS-EMBS International Conference on Biomedical Robotics and Biomechatronics,,,,10th IEEE RAS/EMBS International Conference for Biomedical Robotics and Biomechatronics (BioRob),"SEP 01-04, 2024","Heidelberg, GERMANY","IEEE RAS,IEEE EMBS",,,,,,,,,"luciani, beatrice/HHZ-5680-2022",,,,,,,,,,,,,,2155-1782,,979-8-3503-8652-3; 979-8-3503-8653-0,,,,2024,,,,,,,122,127,,10.1109/BIOROB60516.2024.10719741,http://dx.doi.org/10.1109/BIOROB60516.2024.10719741,,,,,,,,,,,,,WOS:001346836000017,View Full Record in Web of Science
C,"Zhou, Y; Do, M; Asfour, T",,,IEEE,"Zhou, You; Do, Martin; Asfour, Tamim",,,Coordinate Change Dynamic Movement Primitives - A Leader-Follower Approach,2016 IEEE/RSJ INTERNATIONAL CONFERENCE ON INTELLIGENT ROBOTS AND SYSTEMS (IROS 2016),,,,,IEEE/RSJ International Conference on Intelligent Robots and Systems (IROS),"OCT 09-14, 2016","Daejeon, SOUTH KOREA","IEEE,RSJ",,,,,,,,,,"Asfour, Tamim/0000-0003-4879-7680",,,,,,,,,,,,,,,978-1-5090-3762-9,,,,2016,,,,,,,5481,5488,,,,,,,,,,,,,,,,WOS:000391921705077,View Full Record in Web of Science
C,"Coelho, L; Cerqueira, SM; Martins, V; André, J; Santos, CP",,"Santos, C; Pedrosa, E; Lima, JL; Garrote, L; Louro, L; Fonseca, P; Paiva, S; Pinto, VH",,"Coelho, Luis; Cerqueira, Sara M.; Martins, Vitor; Andre, Joao; Santos, Cristina P.",,,A DMPs-based Approach for Human-like Robotic Movements,"2024 IEEE INTERNATIONAL CONFERENCE ON AUTONOMOUS ROBOT SYSTEMS AND COMPETITIONS, ICARSC",IEEE International Conference on Autonomous Robot Systems and Competitions ICARSC,,,,International Conference on Autonomous Robot Systems and Competitions (ICARSC),"MAY 02-03, 2024","Paredes de Coura, PORTUGAL",IEEE,,,,,,,,,"Cerqueira, Sara/AAO-9055-2020",,,,,,,,,,,,,,2573-9360,2573-9387,979-8-3503-5235-1; 979-8-3503-5234-4,,,,2024,,,,,,,201,206,,10.1109/ICARSC61747.2024.10535923,http://dx.doi.org/10.1109/ICARSC61747.2024.10535923,,,,,,,,,,,,,WOS:001233947800008,View Full Record in Web of Science
J,"Cui, ZX; Ma, WY; Lai, JW; Chu, HK; Guo, Y",,,,"Cui, Zhenxi; Ma, Wanyu; Lai, Jiewen; Chu, Henry K.; Guo, Yi",,,Coupled Multiple Dynamic Movement Primitives Generalization for Deformable Object Manipulation,IEEE ROBOTICS AND AUTOMATION LETTERS,,,,,,,,,,,,,,,,,"guo, yi/KHC-4669-2024; cui, zhenxi/LFU-0718-2024; LAI, Jiewen/ABB-2998-2020; Guo, Yi/J-3928-2016","MA, Wanyu/0000-0002-6535-0998; Guo, Yi/0000-0002-7158-351X; CHU, Henry Kar Hang/0000-0001-7225-6927; Lai, Jiewen/0000-0002-2676-7387; CUI, ZHENXI/0000-0003-3508-0939",,,,,,,,,,,,,2377-3766,,,,,APR,2022,7,2,,,,,5381,5388,,10.1109/LRA.2022.3156656,http://dx.doi.org/10.1109/LRA.2022.3156656,,,,,,,,,,,,,WOS:000770005100028,View Full Record in Web of Science
C,"Rosado, J; Silva, F; Santos, V",,"Fantoni, A; Ferreira, AJ",,"Rosado, Jose; Silva, Filipe; Santos, Vitor",,,Using Kinect for Robot Gesture Imitation,"CONFERENCE ON ELECTRONICS, TELECOMMUNICATIONS AND COMPUTERS - CETC 2013",Procedia Technology,,,,"2nd Conference on Electronics, Telecommunications, and Computers (CETC)","DEC 05-06, 2013","Lisbon, PORTUGAL","Inst Super Engn Lisboa, Dept Elect, Telecommunicat & Comp Engn,Ministerio Educacao & Ciencia, Fundacao Ciencia & Tecnologia,Inst Politecnico Lisboa,Politec & ID,Ordem Engenheiros Regiao Sul,Ordem Engenheiros Tecnicos,Ist Italiano Cultura Lisbona,Caixa Geral Depositos,Uninova, Inst Desenvolvimento Novas Tecnologias,Autoridade Nacl Comunicacoes,Sapo pt,Moche,CST,BP",,,,,,,,,"Santos, Vitor/D-2973-2013; Silva, Filipe/AAJ-2527-2020",,,,,,,,,,,,,,2212-0173,,,,,,2014,17,,,,,,423,430,,10.1016/j.protcy.2014.10.250,http://dx.doi.org/10.1016/j.protcy.2014.10.250,,,,,,,,,,,,,WOS:000359949800037,View Full Record in Web of Science
C,"Kussaba, HTM; Swikir, A; Wu, F; Demerdjieva, A; Kutyniok, G; Haddadin, S",,,,"Kussaba, Hugo T. M.; Swikir, Abdalla; Wu, Fan; Demerdjieva, Anastasija; Kutyniok, Gitta; Haddadin, Sami",,,Learning optimal controllers: a dynamical motion primitive approach,IFAC PAPERSONLINE,,,,,22nd World Congress of the International Federation of Automatic Control (IFAC),"JUL 09-14, 2023","Yokohama, JAPAN",,,,,,,,,,"Wu, Fan/LJL-1864-2024; Swikir, Abdalla/AAS-5899-2020; Kussaba, Hugo/H-5548-2019","Wu, Fan/0000-0001-5051-3005; Kussaba, Hugo Tadashi/0000-0002-7336-1443",,,,,,,,,,,,,2405-8963,,,,,,2023,56,2,,,,,4776,4782,,10.1016/j.ifacol.2023.10.1242,http://dx.doi.org/10.1016/j.ifacol.2023.10.1242,,NOV 2023,,,,,,,,,,,WOS:001196709200271,View Full Record in Web of Science
J,"Lauretti, C; Cordella, F; Zollo, L",,,,"Lauretti, Clemente; Cordella, Francesca; Zollo, Loredana",,,A Hybrid Joint/Cartesian DMP-Based Approach for Obstacle Avoidance of Anthropomorphic Assistive Robots,INTERNATIONAL JOURNAL OF SOCIAL ROBOTICS,,,,,,,,,,,,,,,,,"Lauretti, Clemente/ACO-6470-2022; Cordella, Francesca/K-1793-2018; Zollo, Loredana/AAB-9645-2020","Lauretti, Clemente/0000-0003-0760-642X; Zollo, Loredana/0000-0002-8015-010X",,,,,,,,,,,,,1875-4791,1875-4805,,,,DEC,2019,11,5,,,,,783,796,,10.1007/s12369-019-00597-w,http://dx.doi.org/10.1007/s12369-019-00597-w,,,,,,,,,,,,,WOS:000518406600001,View Full Record in Web of Science
C,"Liu, NL; Liu, ZM; Cui, L",,"Yu, H; Liu, J; Liu, L; Ju, Z; Liu, Y; Zhou, D",,"Liu, Nailong; Liu, Zhaoming; Cui, Long",,,A Modified Cartesian Space DMPs Model for Robot Motion Generation,"INTELLIGENT ROBOTICS AND APPLICATIONS, ICIRA 2019, PART VI",Lecture Notes in Artificial Intelligence,,,,12th International Conference on Intelligent Robotics and Applications (ICIRA),"AUG 08-11, 2019","Shenyang, PEOPLES R CHINA","Natl Nat Sci Fdn China,Springer,Chinese Acad Sci, Shenyang Inst Automat,Huazhong Univ Sci & Technol,Shanghai Jiao Tong Univ,Univ Portsmouth,Shenyang Assoc Sci & Technol",,,,,,,,,,,,,,,,,,,,,,,0302-9743,1611-3349,978-3-030-27529-7; 978-3-030-27528-0,,,,2019,11745,,,,,,76,85,,10.1007/978-3-030-27529-7_7,http://dx.doi.org/10.1007/978-3-030-27529-7_7,,,,,,,,,,,,,WOS:000719783200007,View Full Record in Web of Science
C,"Liendo, F; Hernández, C; Galez, C",,,IEEE,"Liendo, Freddy; Hernandez, Camilo; Galez, Christine",,,When DMP Breaks: A Contribution on the Tenacity of Dynamic Movement Primitives from the Handwriting Perspective,2022 INTERNATIONAL CONFERENCE ON ADVANCED ROBOTICS AND MECHATRONICS (ICARM 2022),,,,,7th IEEE International Conference on Advanced Robotics and Mechatronics,"JUL 09-11, 2022","Guilin, PEOPLES R CHINA","Guangxi Univ,Foshan Univ,So Univ Sci & Technol,IEEE Robot & Automat Soc,IEEE Syst Man & Cybernet Soc,IEEE RAS Tech Comm Neuro Robot Syst,IEEE SMC Tech Comm Bio Mechatron & Bio Robot Syst,Chinese Assoc Automat, Tech Comm Robot Intelligence,Beijing Inst Technol Press,MDPI, Machines,Springer,MDPI, Actuators,Gaitech Robot,Beijing Nokov Sci & Technol Co Ltd",,,,,,,,,"Galez, Christine/HKE-7399-2023","Liendo, Freddy/0000-0002-2972-9044",,,,,,,,,,,,,,,978-1-6654-8306-3,,,,2022,,,,,,,69,74,,10.1109/ICARM54641.2022.9959736,http://dx.doi.org/10.1109/ICARM54641.2022.9959736,,,,,,,,,,,,,WOS:000926398000012,View Full Record in Web of Science
C,"Chandra, R; Giraud, VH; Alkhatib, M; Mezouar, Y",,,IEEE,"Chandra, Rohit; Giraud, Victor H.; Alkhatib, Mohammad; Mezouar, Youcef",,,Dual quaternion based dynamic movement primitives to learn industrial tasks using teleoperation,"2023 IEEE INTERNATIONAL CONFERENCE ON ROBOTICS AND AUTOMATION, ICRA",IEEE International Conference on Robotics and Automation ICRA,,,,IEEE International Conference on Robotics and Automation (ICRA),"MAY 29-JUN 02, 2023","London, ENGLAND","IEEE,IEEE Robot & Automat Soc",,,,,,,,,"Alkhatib, Mohammad/AAJ-1742-2020","mezouar, youcef/0000-0001-8138-3928; Alkhatib, Mohammad/0000-0003-0971-3835",,,,,,,,,,,,,1050-4729,2577-087X,979-8-3503-2365-8,,,,2023,,,,,,,3757,3763,,10.1109/ICRA48891.2023.10160970,http://dx.doi.org/10.1109/ICRA48891.2023.10160970,,,,,,,,,,,,,WOS:001036713003023,View Full Record in Web of Science
C,"Teixeira, C; Costa, L; Santos, C",,"Lau, N; Moreira, AP; Ventura, R; Faria, BM",,"Teixeira, Carlos; Costa, Lino; Santos, Cristina",,,Biped Locomotion - Improvement and Adaptation,2014 IEEE INTERNATIONAL CONFERENCE ON AUTONOMOUS ROBOT SYSTEMS AND COMPETITIONS (ICARSC),IEEE International Conference on Autonomous Robot Systems and Competitions ICARSC,,,,IEEE International Conference on Autonomous Robot Systems and Competitions (ICARSC),"MAY 14-15, 2014","Espinho, PORTUGAL","IEEE,Sociedade Portuguesa Robotica,IEEE Portugal Sect RA Chapter,IEEE Robot & Automat Soc,Caixa Geral Depositos,Camara Municipal Espinho,Museu Municipal Espinho & Solverde",,,,,,,,,"Costa, Lino/D-2248-2009; Santos, Cristina/L-8716-2014","Santos, Cristina/0000-0003-0023-7203; Costa, Lino/0000-0003-4772-4404",,,,,,,,,,,,,2573-9360,2573-9387,978-1-4799-4254-1,,,,2014,,,,,,,110,115,,,,,,,,,,,,,,,,WOS:000343584000019,View Full Record in Web of Science
J,"Si, WY; Wang, N; Li, QC; Yang, CG",,,,"Si, Weiyong; Wang, Ning; Li, Qinchuan; Yang, Chenguang",,,A Framework for Composite Layup Skill Learning and Generalizing Through Teleoperation,FRONTIERS IN NEUROROBOTICS,,,,,,,,,,,,,,,,,"SI, WEIYONG/KIB-2268-2024; Yang, Chenguang/AAJ-2509-2020","Yang, Chenguang/0000-0001-5255-5559; Si, Weiyong/0000-0003-4531-2596",,,,,,,,,,,,,1662-5218,,,,,FEB 11,2022,16,,,,,,,,840240,10.3389/fnbot.2022.840240,http://dx.doi.org/10.3389/fnbot.2022.840240,,,,,,,,35250529,,,,,WOS:000772843300001,View Full Record in Web of Science
J,"Lauretti, C; Tamantini, C; Tomè, H; Zollo, L",,,,"Lauretti, Clemente; Tamantini, Christian; Tome, Hilario; Zollo, Loredana",,,Robot Learning by Demonstration with Dynamic Parameterization of the Orientation: An Application to Agricultural Activities,ROBOTICS,,,,,,,,,,,,,,,,,"Zollo, Loredana/AAB-9645-2020; Tamantini, Christian/ABH-4115-2020; Lauretti, Clemente/ACO-6470-2022","Lauretti, Clemente/0000-0003-0760-642X; Tamantini, Christian/0000-0001-6238-2241; Zollo, Loredana/0000-0002-8015-010X",,,,,,,,,,,,,,2218-6581,,,,DEC,2023,12,6,,,,,,,166,10.3390/robotics12060166,http://dx.doi.org/10.3390/robotics12060166,,,,,,,,,,,,,WOS:001131391500001,View Full Record in Web of Science
J,"Ding, XL; Fang, C",,,,"Ding, Xilun; Fang, Cheng",,,A Novel Method of Motion Planning for an Anthropomorphic Arm Based on Movement Primitives,IEEE-ASME TRANSACTIONS ON MECHATRONICS,,,,,,,,,,,,,,,,,"Fang, Cheng/AAE-5813-2019","Fang, Cheng/0000-0002-8535-3774",,,,,,,,,,,,,1083-4435,1941-014X,,,,APR,2013,18,2,,,,,624,636,,10.1109/TMECH.2012.2197405,http://dx.doi.org/10.1109/TMECH.2012.2197405,,,,,,,,,,,,,WOS:000321008100021,View Full Record in Web of Science
C,"Chen, QM; Cheng, H; Yue, CF; Huang, R",,,IEEE,"Chen, Qiming; Cheng, Hong; Yue, Chunfeng; Huang, Rui",,,Step Length Adaptation for Walking Assistance,2017 IEEE INTERNATIONAL CONFERENCE ON MECHATRONICS AND AUTOMATION (ICMA),,,,,IEEE International Conference on Mechatronics and Automation (ICMA),"AUG 06-09, 2017","Takamatsu, JAPAN","IEEE,IEEE Robot & Automat Soc,Robot Soc Japan,SICE,Beijing Inst Technol,State Key Lab Robot & Syst,UEC,Kagawa Univ,JSME,JSPE,Chinese Mech Engn Soc,Tianjin Univ Technol,Univ Elect Sci & Technol China",,,,,,,,,,,,,,,,,,,,,,,,,978-1-5090-6759-6,,,,2017,,,,,,,644,650,,,,,,,,,,,,,,,,WOS:000426271700115,View Full Record in Web of Science
C,"Teixeira, C; Costa, L; Santos, C",,"Simos, T; Psihoyios, G; Tsitouras, C",,"Teixeira, C.; Costa, L.; Santos, C.",,,Self-Improving Biped Locomotion,"11TH INTERNATIONAL CONFERENCE OF NUMERICAL ANALYSIS AND APPLIED MATHEMATICS 2013, PTS 1 AND 2 (ICNAAM 2013)",AIP Conference Proceedings,,,,11th International Conference of Numerical Analysis and Applied Mathematics (ICNAAM),"SEP 21-27, 2013",GREECE,"European Soc Computat Methods Sci, Engn & Technol,Santilli Fdn",,,,,,,,,"Costa, Lino/D-2248-2009; Santos, Cristina/L-8716-2014","Costa, Lino/0000-0003-4772-4404; Santos, Cristina/0000-0003-0023-7203",,,,,,,,,,,,,0094-243X,,978-0-7354-1185-2,,,,2013,1558,,,,,,1029,1032,,10.1063/1.4825680,http://dx.doi.org/10.1063/1.4825680,,,,,,,,,,,,,WOS:000331472800246,View Full Record in Web of Science
C,"Huang, R; Cheng, H; Guo, HL; Chen, QM; Lin, XC",,"Okamura, A; Menciassi, A; Ude, A; Burschka, D; Lee, D; Arrichiello, F; Liu, H; Moon, H; Neira, J; Sycara, K; Yokoi, K; Martinet, P; Oh, P; Valdastri, P; Krovi, V",,"Huang, Rui; Cheng, Hong; Guo, Hongliang; Chen, Qiming; Lin, Xichuan",,,Hierarchical Interactive Learning for a Human-Powered Augmentation Lower Exoskeleton,2016 IEEE INTERNATIONAL CONFERENCE ON ROBOTICS AND AUTOMATION (ICRA),IEEE International Conference on Robotics and Automation ICRA,,,,IEEE International Conference on Robotics and Automation (ICRA),"MAY 16-21, 2016","Royal Inst Technol, Ctr Autonomous Syst, Stockholm, SWEDEN","IEEE,IEEE Robot & Automat Soc,ABB,DJI,KUKA,Husqvarna,iRobot,Khalifa Univ,Kinova Univ,MOOG,PAL Robot,UBER,Amazon","Royal Inst Technol, Ctr Autonomous Syst",,,,,,,,"Guo, Hongliang/JQV-5537-2023",,,,,,,,,,,,,,1050-4729,2577-087X,978-1-4673-8026-3,,,,2016,,,,,,,257,263,,,,,,,,,,,,,,,,WOS:000389516200033,View Full Record in Web of Science
C,"Li, JZ; Cong, M; Liu, D; Du, Y",,"Liu, XJ; Nie, Z; Yu, J; Xie, F; Song, R",,"Li, Jinzhong; Cong, Ming; Liu, Dong; Du, Yu",,,Integrated Classical Planning and Motion Planning for Complex Robot Tasks,"INTELLIGENT ROBOTICS AND APPLICATIONS, ICIRA 2021, PT II",Lecture Notes in Artificial Intelligence,,,,14th International Conference on Intelligent Robotics and Applications (ICIRA),"OCT 22-25, 2021","Yantai, PEOPLES R CHINA","Tsinghua Univ,Beihang Univ,Shandong Univ,YEDA,Yantai Univ,IFToMM China,Springer",,,,,,,,,,"Li, Jinzhong/0000-0002-0361-7538",,,,,,,,,,,,,0302-9743,1611-3349,978-3-030-89098-8; 978-3-030-89097-1,,,,2021,13014,,,,,,70,78,,10.1007/978-3-030-89098-8_7,http://dx.doi.org/10.1007/978-3-030-89098-8_7,,,,,,,,,,,,,WOS:000725394600007,View Full Record in Web of Science
C,"Ma, WH; Cheng, H; Huang, R; Chen, QM",,,IEEE,"Ma, Wenhao; Cheng, Hong; Huang, Rui; Chen, Qiming",,,Gait Planning with Dynamic Movement Primitives for Lower Limb Exoskeleton Walking Up Stairs,2018 IEEE INTERNATIONAL CONFERENCE ON ROBOTICS AND BIOMIMETICS (ROBIO),,,,,IEEE International Conference on Robotics and Biomimetics (ROBIO),"DEC 12-15, 2018","Kuala Lumpur, MALAYSIA","IEEE,IEEE Robot & Automat Soc,Shenzhen Hans Robot Co Ltd,Guangdong Univ Technol,Guangzhou Univ,Guangdong Inst Intelligent Mfg,Foshan Biowin Robot & Automat Co Ltd",,,,,,,,,,,,,,,,,,,,,,,,,978-1-7281-0377-8,,,,2018,,,,,,,703,708,,,,,,,,,,,,,,,,WOS:000468772200112,View Full Record in Web of Science
J,"Xu, JJ; Xu, LS; Ji, AH; Cao, K",,,,"Xu, Jiajun; Xu, Linsen; Ji, Aihong; Cao, Kai",,,Learning robotic motion with mirror therapy framework for hemiparesis rehabilitation,INFORMATION PROCESSING & MANAGEMENT,,,,,,,,,,,,,,,,,"Xu, LS/AAI-6954-2020; XU, Jiajun/IQU-6535-2023","XU, Jiajun/0000-0002-9517-1042",,,,,,,,,,,,,0306-4573,1873-5371,,,,MAR,2023,60,2,,,,,,,103244,10.1016/j.ipm.2022.103244,http://dx.doi.org/10.1016/j.ipm.2022.103244,,DEC 2022,,,,,,,,,,,WOS:000911029800001,View Full Record in Web of Science
J,"Xing, XY; Maqsood, K; Zeng, C; Yang, CG; Yuan, S; Li, YN",,,,"Xing, Xueyan; Maqsood, Kamran; Zeng, Chao; Yang, Chenguang; Yuan, Shuai; Li, Yanan",,,Dynamic Motion Primitives-based Trajectory Learning for Physical Human-Robot Interaction Force Control,IEEE TRANSACTIONS ON INDUSTRIAL INFORMATICS,,,,,,,,,,,,,,,,,"Xing, Xueyan/JMQ-3169-2023; Yang, Chenguang/AAJ-2509-2020; Li, Yanan/ABE-1354-2021","Yang, Chenguang/0000-0001-5255-5559",,,,,,,,,,,,,1551-3203,1941-0050,,,,FEB,2024,20,2,,,,,1675,1686,,10.1109/TII.2023.3280320,http://dx.doi.org/10.1109/TII.2023.3280320,,MAY 2023,,,,,,,,,,,WOS:001129581100004,View Full Record in Web of Science
J,"Jahn, L; Wörgötter, F; Kulvicius, T",,,,"Jahn, Lennart; Woergoetter, Florentin; Kulvicius, Tomas",,,Comparison of motion encoding frameworks on human manipulation actions,ROBOTICS AND AUTONOMOUS SYSTEMS,,,,,,,,,,,,,,,,,,"Jahn, Lennart/0000-0001-6954-600X; Woergoetter, Florentin/0000-0001-8206-9738",,,,,,,,,,,,,0921-8890,1872-793X,,,,MAR,2025,185,,,,,,,,104869,10.1016/j.robot.2024.104869,http://dx.doi.org/10.1016/j.robot.2024.104869,,DEC 2024,,,,,,,,,,,WOS:001388044200001,View Full Record in Web of Science
C,"André, J; Costa, L; Santos, C",,"Lau, N; Moreira, AP; Ventura, R; Faria, BM",,"Andre, Joao; Costa, Lino; Santos, Cristina",,,Reinforcement learning approach to locomotion adaptation in sloped environments,2014 IEEE INTERNATIONAL CONFERENCE ON AUTONOMOUS ROBOT SYSTEMS AND COMPETITIONS (ICARSC),IEEE International Conference on Autonomous Robot Systems and Competitions ICARSC,,,,IEEE International Conference on Autonomous Robot Systems and Competitions (ICARSC),"MAY 14-15, 2014","Espinho, PORTUGAL","IEEE,Sociedade Portuguesa Robotica,IEEE Portugal Sect RA Chapter,IEEE Robot & Automat Soc,Caixa Geral Depositos,Camara Municipal Espinho,Museu Municipal Espinho & Solverde",,,,,,,,,"Costa, Lino/D-2248-2009; Santos, Cristina/L-8716-2014","Costa, Lino/0000-0003-4772-4404; Andre, Joao/0000-0002-3666-4453; Santos, Cristina/0000-0003-0023-7203",,,,,,,,,,,,,2573-9360,2573-9387,978-1-4799-4254-1,,,,2014,,,,,,,164,169,,,,,,,,,,,,,,,,WOS:000343584000028,View Full Record in Web of Science
J,"Liu, M; Zhu, WB; Luo, LF; Lu, QH; Yeh, WC; Zhang, YZ",,,,"Liu, Meng; Zhu, Wenbo; Luo, Lufeng; Lu, Qinghua; Yeh, Weichang; Zhang, Yunzhi",,,Cauchy DMP: Improving 3C industrial assembly quality with the Cauchy kernel and singular value decomposition,COGNITIVE COMPUTATION AND SYSTEMS,,,,,,,,,,,,,,,,,"Lu, Qinghua/IXD-3445-2023; YEH, WEI-CHANG/AAH-4172-2019; Zhu, WenBo/ABB-8978-2020","Yeh, Wei-Chang/0000-0001-7393-0768",,,,,,,,,,,,,,2517-7567,,,,DEC,2023,5,4,,,,,288,299,,10.1049/ccs2.12097,http://dx.doi.org/10.1049/ccs2.12097,,DEC 2023,,,,,,,,,,,WOS:001118712100001,View Full Record in Web of Science
J,"Ude, A",,,,"Ude, Ales",,,Modulation and generalization of Cartesian trajectories using quaternion-based dynamic movement primitives,ELEKTROTEHNISKI VESTNIK,,,,,,,,,,,,,,,,,"Ude, Aleš/ABB-7839-2020",,,,,,,,,,,,,,0013-5852,2232-3236,,,,,2024,91,5,,,,,229,237,,,,,,,,,,,,,,,,WOS:001379606600002,View Full Record in Web of Science
C,"Kim, W; Lee, C; Kim, HJ","Kosecka, J","Maciejewski, AA; Okamura, A; Bicchi, A; Stachniss, C; Song, DZ; Lee, DH; Chaumette, F; Ding, H; Li, JS; Wen, J; Roberts, J; Masamune, K; Chong, NY; Amato, N; Tsagwarakis, N; Rocco, P; Asfour, T; Chung, WK; Yasuyoshi, Y; Sun, Y; Maciekeski, T; Althoefer, K; AndradeCetto, J; Chung, WK; Demircan, E; Dias, J; Fraisse, P; Gross, R; Harada, H; Hasegawa, Y; Hayashibe, M; Kiguchi, K; Kim, K; Kroeger, T; Li, Y; Ma, S; Mochiyama, H; Monje, CA; Rekleitis, I; Roberts, R; Stulp, F; Tsai, CHD; Zollo, L",,"Kim, Wonchul; Lee, Chungkeun; Kim, H. Jin","Kosecka, J",,Learning and Generalization of Dynamic Movement Primitives by Hierarchical Deep Reinforcement Learning from Demonstration,2018 IEEE/RSJ INTERNATIONAL CONFERENCE ON INTELLIGENT ROBOTS AND SYSTEMS (IROS),IEEE International Conference on Intelligent Robots and Systems,,,,25th IEEE/RSJ International Conference on Intelligent Robots and Systems (IROS),"OCT 01-05, 2018","Madrid, SPAIN","IEEE Robot & Automat Soc,IEEE Ind Elect Soc,Robot Soc Japan,Soc Instrument & Control Engineers,New Technol Fdn,IEEE,Adept MobileRobots,Willow Garage,Aldebaran Robot,Natl Instruments,Reflexxes GmbH,Schunk Intec S L U,Univ Carlos III Madrid,BOSCH,JD COM,Pal Robot,KUKA,Santander,Squirrel AI Learning,Baidu,Generat Robots,KINOVA Robot,Ouster,Univ Pablo Olavide Sevilla,Rapyuta Robot,SICK,TOYOTA,UP,Amazon,ARGO,Built Robot,Disney Res,Easy Mile,Hitachi,Robot,Khalifa Univ,Magazino,MathWorks,New Dexterity,Schunk,nuTonomy,PILZ,Prophesee,Rootnik,Saga Robot,Shadow,Soft Bank Robot,Anyverse,GalTech,Generat Robot,IEEE CAA Journal Automatica Sinica,Sci Robot, AAAS,TERAS",,,,,,,,,"Lee, Chungkeun/HTR-7096-2023","Lee, Chungkeun/0000-0003-1232-0901",,,,,,,,,,,,,2153-0858,,978-1-5386-8094-0,,,,2018,,,,,,,3117,3123,,,,,,,,,,,,,,,,WOS:000458872702136,View Full Record in Web of Science
C,"Ridge, B; Pahic, R; Ude, A; Morimoto, J",,"Berns, K; Gorges, D",,"Ridge, Barry; Pahic, Rok; Ude, Ales; Morimoto, Jun",,,Convolutional Encoder-Decoder Networks for Robust Image-to-Motion Prediction,ADVANCES IN SERVICE AND INDUSTRIAL ROBOTICS,Advances in Intelligent Systems and Computing,,,,28th International Conference on Robotics in Alpe-Adria-Danube Region (RAAD),"JUN 19-21, 2019","Tech Univ Kaiserslautern, Kaiserslautern, GERMANY","Fraunhofer Zentrum Kaiserslautern,Deutsche Forschungsgemeinschaft",Tech Univ Kaiserslautern,,,,,,,,"Ude, Aleš/ABB-7839-2020; Ridge, Barry/KGK-3581-2024","Ridge, Barry/0000-0002-7240-8182",,,,,,,,,,,,,2194-5357,2194-5365,978-3-030-19648-6; 978-3-030-19647-9,,,,2020,980,,,,,,514,523,,10.1007/978-3-030-19648-6_59,http://dx.doi.org/10.1007/978-3-030-19648-6_59,,,,,,,,,,,,,WOS:000489761000059,View Full Record in Web of Science
C,"Singh, H; Kumar, R; Saha, SK",,,AMER SOC MECHANICAL ENGINEERS,"Singh, Hardeep; Kumar, Rajesh; Saha, Subir Kumar",,,TASK MODIFICATION SCHEME FOR A COLLABORATIVE ROBOT,"PROCEEDINGS OF ASME 2022 INTERNATIONAL DESIGN ENGINEERING TECHNICAL CONFERENCES AND COMPUTERS AND INFORMATION IN ENGINEERING CONFERENCE, IDETC-CIE2022, VOL 7",,,,,ASME International Design Engineering Technical Conferences / 42nd Annual Computers and Information in Engineering Conference (IDETC-CIE) / 46th Mechanisms and Robotics Conference (MR),"AUG 14-17, 2022","St Louis, MO","Amer Soc Mech Engineers, Design Engn Div,Amer Soc Mech Engineers, Comp & Informat Engn Div, Tech Comm Micro & Nano Syst",,,,,,,,,"Kumar, Rajesh/B-3285-2013",,,,,,,,,,,,,,,,978-0-7918-8628-1,,,,2022,,,,,,,,,V007T07A075,,,,,,,,,,,,,,,WOS:001218980700075,View Full Record in Web of Science
C,"Ma, WH; Huang, R; Chen, QM; Song, GK; Li, C",,"Fu, J; Sun, J",,"Ma, Wenhao; Huang, Rui; Chen, Qiming; Song, Guangkui; Li, Cong",,,Dynamic Movement Primitives based Parametric Gait Model for Lower Limb Exoskeleton,PROCEEDINGS OF THE 39TH CHINESE CONTROL CONFERENCE,Chinese Control Conference,,,,39th Chinese Control Conference (CCC),"JUL 27-29, 2020","Shenyang, PEOPLES R CHINA",,,,,,,,,,,,,,,,,,,,,,,,2161-2927,,978-988-15639-0-3,,,,2020,,,,,,,3857,3862,,,,,,,,,,,,,,,,WOS:000629243503172,View Full Record in Web of Science
C,"Theofanidis, M; Davoodi, M; Hafezi, H; Gans, NR",,,IEEE,"Theofanidis, Michail; Davoodi, Mohammadreza; Hafezi, Hamid; Gans, Nicholas R.",,,Safe Human-Robot Motor Skill Learning through Probabilistic Dynamic Movement Primitives and Control Barrier Functions,"2024 AMERICAN CONTROL CONFERENCE, ACC 2024",Proceedings of the American Control Conference,,,,American Control Conference (ACC),"JUL 10-12, 2024","Toronto, CANADA","Boeing,Elsevier,Halliburton,Mathworks,Mitsubishi Elect,Quanser,Gen Motors,Multidisciplinary Digital Publishing Inst,Soc Ind & Appl Math,Unitree Robot,Wiley,Franklin Open,Robust Engn Syst",,,,,,,,,,,,,,,,,,,,,,,0743-1619,2378-5861,979-8-3503-8266-2; 979-8-3503-8265-5,,,,2024,,,,,,,3752,3759,,,,,,,,,,,,,,,,WOS:001310893803057,View Full Record in Web of Science
C,"Dimeas, F; Doulgeri, Z",,"Aspragathos, NA; Koustoumpardis, PN; Moulianitis, VC",,"Dimeas, Fotios; Doulgeri, Zoe",,,Progressive Automation of Repetitive Tasks Involving both Translation and Rotation,"ADVANCES IN SERVICE AND INDUSTRIAL ROBOTICS, RAAD 2018",Mechanisms and Machine Science,,,,27th International Conference on Robotics in Alpe-Adria-Danube Region (RAAD),"JUN 06-08, 2018","Univ Patras, Patras, GREECE",,Univ Patras,,,,,,,,,"Doulgeri, Zoe/0000-0003-2188-9358",,,,,,,,,,,,,2211-0984,2211-0992,978-3-030-00232-9; 978-3-030-00231-2,,,,2019,67,,,,,,53,62,,10.1007/978-3-030-00232-9_6,http://dx.doi.org/10.1007/978-3-030-00232-9_6,,,,,,,,,,,,,WOS:000465020800006,View Full Record in Web of Science
C,"Colomé, A; Torras, C",,,IEEE,"Colome, Adria; Torras, Carme",,,Dimensionality Reduction and Motion Coordination in Learning Trajectories with Dynamic Movement Primitives,2014 IEEE/RSJ INTERNATIONAL CONFERENCE ON INTELLIGENT ROBOTS AND SYSTEMS (IROS 2014),IEEE International Conference on Intelligent Robots and Systems,,,,IEEE/RSJ International Conference on Intelligent Robots and Systems (IROS),"SEP 14-18, 2014","Chicago, IL","IEEE,Robot Soc Japan,RA,SICE,IES,New Technol Fdn",,,,,,,,,"Torras, Carme/M-1794-2014","Torras, Carme/0000-0002-2933-398X; Colome, Adria/0000-0001-9715-4062",,,,,,,,,,,,,2153-0858,,978-1-4799-6934-0,,,,2014,,,,,,,1414,1420,,,,,,,,,,,,,,,,WOS:000349834601076,View Full Record in Web of Science
J,"Mukovskiy, A; Vassallo, C; Naveau, M; Stasse, O; Souères, P; Giese, MA",,,,"Mukovskiy, Albert; Vassallo, Christian; Naveau, Maximilien; Stasse, Olivier; Soueres, Philippe; Giese, Martin A.",,,Adaptive synthesis of dynamically feasible full-body movements for the humanoid robot HRP-2 by flexible combination of learned dynamic movement primitives,ROBOTICS AND AUTONOMOUS SYSTEMS,,,,,,,,,,,,,,,,,"Stasse, Olivier/E-6220-2010","Vassallo, Christian/0000-0002-5236-8435; STASSE, Olivier/0000-0001-8569-6155; Giese, Martin/0000-0003-1178-2768",,,,,,,,,,,,,0921-8890,1872-793X,,,,MAY,2017,91,,,,,,270,283,,10.1016/j.robot.2017.01.010,http://dx.doi.org/10.1016/j.robot.2017.01.010,,,,,,,,,,,,,WOS:000396949800023,View Full Record in Web of Science
C,"Kulic, D; Nakamura, Y",,,IEEE,"Kulic, Dana; Nakamura, Yoshihiko",,,Incremental Learning of Human Behaviors using Hierarchical Hidden Markov Models,IEEE/RSJ 2010 INTERNATIONAL CONFERENCE ON INTELLIGENT ROBOTS AND SYSTEMS (IROS 2010),IEEE International Conference on Intelligent Robots and Systems,,,,IEEE/RSJ International Conference on Intelligent Robots and Systems,"OCT 18-22, 2010","Taipei, TAIWAN",,,,,,,,,,"Nakamura, Yoshihiko/M-1019-2014","Nakamura, Yoshihiko/0000-0001-7162-5102",,,,,,,,,,,,,2153-0858,,978-1-4244-6675-7,,,,2010,,,,,,,,,,,,,,,,,,,,,,,,WOS:000287672002035,View Full Record in Web of Science
C,"Rosado, J; Silva, F; Santos, V",,"Valente, A; Morais, R; Almeida, L; Marques, L",,"Rosado, Jose; Silva, Filipe; Santos, Vitor",,,Adaptation of Robot Locomotion Patterns with Dynamic Movement Primitives,2015 IEEE INTERNATIONAL CONFERENCE ON AUTONOMOUS ROBOT SYSTEMS AND COMPETITIONS (ICARSC),IEEE International Conference on Autonomous Robot Systems and Competitions ICARSC,,,,9th IEEE International Conference on Autonomous Robot Systems and Competitions (ICARSC),"APR 08-10, 2015","Vila Real, PORTUGAL","IEEE,IEEE Robot Automat Soc,IEEE Comp Soc",,,,,,,,,"Silva, Filipe/AAJ-2527-2020; Santos, Vitor/D-2973-2013","Santos, Vitor/0000-0003-1283-7388; Silva, Filipe/0000-0001-6191-0727; Rosado, Jose/0000-0001-5610-7147",,,,,,,,,,,,,2573-9360,2573-9387,978-1-4673-6991-6,,,,2015,,,,,,,23,28,,10.1109/ICARSC.2015.9,http://dx.doi.org/10.1109/ICARSC.2015.9,,,,,,,,,,,,,WOS:000381559800004,View Full Record in Web of Science
J,"Klancar, G; Blazic, S",,,,"Klancar, Gregor; Blazic, Saso",,,Optimal Constant Acceleration Motion Primitives,IEEE TRANSACTIONS ON VEHICULAR TECHNOLOGY,,,,,,,,,,,,,,,,,"Blazic, Saso/A-2803-2008","Blazic, Saso/0000-0002-9347-8534; Klancar, Gregor/0000-0002-1461-3321",,,,,,,,,,,,,0018-9545,1939-9359,,,,SEP,2019,68,9,,,,,8502,8511,,10.1109/TVT.2019.2927124,http://dx.doi.org/10.1109/TVT.2019.2927124,,,,,,,,,,,,,WOS:000487191500018,View Full Record in Web of Science
C,"Cloud, JM; Tram, MQ; Beksi, WJ; DuPuis, MA",,,IEEE,"Cloud, Joseph M.; Tram, Minh Q.; Beksi, William J.; DuPuis, Michael A.",,,Lunar Excavator Mission Operations using Dynamic Movement Primitives,2023 IEEE/RSJ INTERNATIONAL CONFERENCE ON INTELLIGENT ROBOTS AND SYSTEMS (IROS),IEEE International Conference on Intelligent Robots and Systems,,,,IEEE/RSJ International Conference on Intelligent Robots and Systems (IROS),"OCT 01-05, 2023","Detroit, MI","IEEE,RSJ",,,,,,,,,,,,,,,,,,,,,,,2153-0858,,978-1-6654-9190-7,,,,2023,,,,,,,10708,10715,,10.1109/IROS55552.2023.10342005,http://dx.doi.org/10.1109/IROS55552.2023.10342005,,,,,,,,,,,,,WOS:001136907804047,View Full Record in Web of Science
C,"Iturrate, I; Roberge, E; Ostergaard, EH; Duchaine, V; Savarimuthu, TR",,"Okamura, AM; Amato, N; Asfour, T; Choi, YJ; Chong, NY; Ding, H; Lee, DH; Lerma, CC; Li, JS; Marchand, E; Popa, D; Song, DZ; Sun, Y; Valdastri, P",,"Iturrate, Inigo; Roberge, Etienne; Ostergaard, Esben Hallundbaek; Duchaine, Vincent; Savarimuthu, Thiusius Rajeeth",,,Improving the Generalizability of Robot Assembly Tasks Learned from Demonstration Via CNN-Based Segmentation,2019 IEEE 15TH INTERNATIONAL CONFERENCE ON AUTOMATION SCIENCE AND ENGINEERING (CASE),IEEE International Conference on Automation Science and Engineering,,,,15th IEEE International Conference on Automation Science and Engineering (IEEE CASE),"AUG 22-26, 2019","Univ British Columbia, Vancouver, CANADA","IEEE,IEEE Robot & Automat Soc,Natl Sci Fdn USA,ABB,Univ Wisconsin Maddison, Dept Ind & Syst Engn,Huazhong Univ Sci & Technol, Sch Mech Sci & Engn,TmiRobot,Tsinghua Univ, Dept Automat,Univ Calif, Automat Lab,Chalmers Univ Technol, Div Syst & Control,Xian Jiaotong Univ, Moe Kinnis Lab,Peking Univ, Dept Ind Engn,Arizona State Univ, Sch Comp Informat & Decis Syst Engn,Eindhoven Univ Technol, Dept Mech Engn,Tongji Univ, CIMS Res Ctr,Natl Cheng Kung Univ, Intelligent Mfg Res Ctr",Univ British Columbia,,,,,,,,"Iturrate, Inigo/U-7913-2018; Savarimuthu, Thiusius Rajeeth/J-7766-2015","Iturrate, Inigo/0000-0001-7922-1946; Savarimuthu, Thiusius Rajeeth/0000-0002-2478-8694",,,,,,,,,,,,,2161-8070,,978-1-7281-0356-3,,,,2019,,,,,,,553,560,,10.1109/coase.2019.8843029,http://dx.doi.org/10.1109/coase.2019.8843029,,,,,,,,,,,,,WOS:000555890700089,View Full Record in Web of Science
C,"Zhou, Y; Gao, JF; Asfour, T",,,IEEE,"Zhou, You; Gao, Jianfeng; Asfour, Taman",,,Learning Via-Point Movement Primitives with Inter- and Extrapolation Capabilities,2019 IEEE/RSJ INTERNATIONAL CONFERENCE ON INTELLIGENT ROBOTS AND SYSTEMS (IROS),IEEE International Conference on Intelligent Robots and Systems,,,,IEEE/RSJ International Conference on Intelligent Robots and Systems (IROS),"NOV 04-08, 2019","Macau, PEOPLES R CHINA","IEEE,RSJ",,,,,,,,,,"Asfour, Tamim/0000-0003-4879-7680",,,,,,,,,,,,,2153-0858,,978-1-7281-4004-9,,,,2019,,,,,,,4301,4308,,10.1109/iros40897.2019.8968586,http://dx.doi.org/10.1109/iros40897.2019.8968586,,,,,,,,,,,,,WOS:000544658403075,View Full Record in Web of Science
J,"Nah, MC; Lachner, J; Hogan, N",,,,"Nah, Moses C.; Lachner, Johannes; Hogan, Neville",,,Robot control based on motor primitives: A comparison of two approaches,INTERNATIONAL JOURNAL OF ROBOTICS RESEARCH,,,,,,,,,,,,,,,,,,"Lachner, Johannes/0000-0003-0166-3669; Nah, Moses/0000-0002-9658-9678",,,,,,,,,,,,,0278-3649,1741-3176,,,,OCT,2024,43,12,,,,,1959,1991,,10.1177/02783649241258782,http://dx.doi.org/10.1177/02783649241258782,,JUN 2024,,,,,,,,,,,WOS:001252582600001,View Full Record in Web of Science
C,"Eken, H; Livolsi, C; Pergolini, A; Penna, MF; Hamoui, G; Gruppioni, E; Trigili, E; Crea, S; Vitiello, N",,,IEEE,"Eken, Huseyin; Livolsi, Chiara; Pergolini, Andrea; Penna, Michele Francesco; Hamoui, Giovanni; Gruppioni, Emanuele; Trigili, Emilio; Crea, Simona; Vitiello, Nicola",,,Continuous Gait Phase Estimation and Torque Profile Generation using adaptive Dynamic Movement Primitives for Able-Bodied Individuals and Stroke Survivors,"2024 10TH IEEE RAS/EMBS INTERNATIONAL CONFERENCE FOR BIOMEDICAL ROBOTICS AND BIOMECHATRONICS, BIOROB 2024",Proceedings of the IEEE RAS-EMBS International Conference on Biomedical Robotics and Biomechatronics,,,,10th IEEE RAS/EMBS International Conference for Biomedical Robotics and Biomechatronics (BioRob),"SEP 01-04, 2024","Heidelberg, GERMANY","IEEE RAS,IEEE EMBS",,,,,,,,,"PENNA, Michele Francesco/KII-6304-2024; Eken, Huseyin/KEH-6639-2024",,,,,,,,,,,,,,2155-1782,,979-8-3503-8652-3; 979-8-3503-8653-0,,,,2024,,,,,,,1248,1255,,10.1109/BIOROB60516.2024.10719720,http://dx.doi.org/10.1109/BIOROB60516.2024.10719720,,,,,,,,,,,,,WOS:001346836000181,View Full Record in Web of Science
C,"Alizadeh, T; Malekzadeh, M; Barzegari, S",,,IEEE,"Alizadeh, Tohid; Malekzadeh, Milad; Barzegari, Soheila",,,Learning from demonstration with partially observable task parameters using Dynamic Movement Primitives and Gaussian Process Regression,2016 IEEE INTERNATIONAL CONFERENCE ON ADVANCED INTELLIGENT MECHATRONICS (AIM),IEEE ASME International Conference on Advanced Intelligent Mechatronics,,,,IEEE International Conference on Advanced Intelligent Mechatronics (AIM),"JUL 12-15, 2016","Banff, CANADA",IEEE,,,,,,,,,"Alizadeh, Tohid/D-6155-2014","Alizadeh, Tohid/0000-0002-9717-3009",,,,,,,,,,,,,2159-6255,,978-1-5090-2065-2,,,,2016,,,,,,,889,894,,,,,,,,,,,,,,,,WOS:000387100300144,View Full Record in Web of Science
C,"Chen, WS; Ma, YS; Kong, LH; He, W",,,IEEE,"Chen, Wenshi; Ma, Yinsong; Kong, Linghuan; He, Wei",,,Learning and Executing Primitive Skills Based on Adaptive Control,2020 35TH YOUTH ACADEMIC ANNUAL CONFERENCE OF CHINESE ASSOCIATION OF AUTOMATION (YAC),,,,,35th Youth Academic Annual Conference of Chinese-Association-of-Automation (YAC),"OCT 16-18, 2020","Zhanjiang, PEOPLES R CHINA","Chinese Assoc Automat,IEEE,IEEE Syst Man & Cybernet Soc",,,,,,,,,"He, Wei/K-4900-2019; Kong, Linghuan/AAE-8497-2019",,,,,,,,,,,,,,,,978-1-7281-7684-0,,,,2020,,,,,,,13,17,,10.1109/YAC51587.2020.9337683,http://dx.doi.org/10.1109/YAC51587.2020.9337683,,,,,,,,,,,,,WOS:000659281900003,View Full Record in Web of Science
J,"Song, CW; Liu, GF; Li, CL; Zhao, J",,,,"Song, Caiwei; Liu, Gangfeng; Li, Changle; Zhao, Jie",,,Reactive Task Adaptation of a Dynamic System With External Disturbances Based on Invariance Control and Movement Primitives,IEEE TRANSACTIONS ON COGNITIVE AND DEVELOPMENTAL SYSTEMS,,,,,,,,,,,,,,,,,"L, CL/KND-1638-2024; Liu, Gangfeng/S-5546-2016","Liu, Gangfeng/0000-0003-0078-0281",,,,,,,,,,,,,2379-8920,2379-8939,,,,SEP,2022,14,3,,,,,1082,1091,,10.1109/TCDS.2021.3094982,http://dx.doi.org/10.1109/TCDS.2021.3094982,,,,,,,,,,,,,WOS:000852243600029,View Full Record in Web of Science
J,"Ning, YM; Li, TJ; Du, WQ; Yao, C; Zhang, Y; Shao, JS",,,,"Ning, Yuming; Li, Tuanjie; Du, Wenqian; Yao, Cong; Zhang, Yan; Shao, Jisheng",,,Inverse kinematics and planning/control co-design method of redundant manipulator for precision operation: Design and experiments,ROBOTICS AND COMPUTER-INTEGRATED MANUFACTURING,,,,,,,,,,,,,,,,,"Li, Tuanjie/B-7804-2012; Ning, Yuming/KTI-6016-2024","Ning, Yuming/0009-0006-1486-1014; Li, Tuanjie/0000-0002-5426-8120",,,,,,,,,,,,,0736-5845,1879-2537,,,,APR,2023,80,,,,,,,,102457,10.1016/j.rcim.2022.102457,http://dx.doi.org/10.1016/j.rcim.2022.102457,,SEP 2022,,,,,,,,,,,WOS:000868819900002,View Full Record in Web of Science
J,"Zhai, DH; Xia, ZQ; Wu, HC; Xia, YQ",,,,"Zhai, Di-Hua; Xia, Zhiqiang; Wu, Haocun; Xia, Yuanqing",,,A Motion Planning Method for Robots Based on DMPs and Modified Obstacle-Avoiding Algorithm,IEEE TRANSACTIONS ON AUTOMATION SCIENCE AND ENGINEERING,,,,,,,,,,,,,,,,,"Xia, Yuanqing/B-3182-2014","xia, yuqin/0009-0007-4022-9175; Xia, Yuanqing/0000-0002-5977-4911",,,,,,,,,,,,,1545-5955,1558-3783,,,,OCT,2023,20,4,,,,,2678,2688,,10.1109/TASE.2022.3202351,http://dx.doi.org/10.1109/TASE.2022.3202351,,AUG 2022,,,,,,,,,,,WOS:000849248600001,View Full Record in Web of Science
C,"Hu, J; Xiong, R",,"Su, H; Wang, T; Tokhi, MO; Virk, GS",,"Hu, Jin; Xiong, Rong",,,COMBINATION OF AFFINE DEFORMATION AND DYNAMIC MOVEMENT PRIMITIVE IN LEARNING HUMAN MOTION FOR REDUNDANT MANIPULATOR,ASSISTIVE ROBOTICS,,,,,18th Climbing and Walking Robots Conference (CLAWAR),"SEP 06-09, 2015","Hangzhou, PEOPLES R CHINA","State Key Lab Indl Control Technol,Zhejiang Assoc Automat,GUOZI Robot Co,Zhejiang Univ,HangZhou Assoc Sci & Technol,HangZhou Automat Soc,CLAWAR Assoc",,,,,,,,,"Xiong, Rong/L-4422-2013",,,,,,,,,,,,,,,,978-981-4725-23-1,,,,2016,,,,,,,620,629,,,,,,,,,,,,,,,,WOS:000391656500075,View Full Record in Web of Science
C,"Ossenkopf, M; Ennen, P; Vossen, R; Jeschke, S",,"Pellicciari, M; Peruzzini, M",,"Ossenkopf, Marie; Ennen, Philipp; Vossen, Rene; Jeschke, Sabina",,,Reinforcement Learning for Manipulators Without Direct Obstacle Perception in Physically Constrained Environments,"27TH INTERNATIONAL CONFERENCE ON FLEXIBLE AUTOMATION AND INTELLIGENT MANUFACTURING, FAIM2017",Procedia Manufacturing,,,,27th International Conference on Flexible Automation and Intelligent Manufacturing (FAIM),"JUN 27-30, 2017","Modena, ITALY",,,,,,,,,,"Jeschke, Sabina/M-9453-2013",,,,,,,,,,,,,,2351-9789,,,,,,2017,11,,,,,,329,337,,10.1016/j.promfg.2017.07.115,http://dx.doi.org/10.1016/j.promfg.2017.07.115,,,,,,,,,,,,,WOS:000419072100037,View Full Record in Web of Science
J,"Petric, T",,,,"Petric, Tadej",,,Phase-Synchronized Learning of Periodic Compliant Movement Primitives (P-CMPs),FRONTIERS IN NEUROROBOTICS,,,,,,,,,,,,,,,,,"Petric, Tadej/AAS-2471-2021","Petric, Tadej/0000-0002-3407-4206",,,,,,,,,,,,,1662-5218,,,,,NOV 12,2020,14,,,,,,,,599889,10.3389/fnbot.2020.599889,http://dx.doi.org/10.3389/fnbot.2020.599889,,,,,,,,33281594,,,,,WOS:000592207700001,View Full Record in Web of Science
C,"Mbanisi, KC; Kimpara, H; Meier, T; Gennert, M; Li, Z","Kosecka, J","Maciejewski, AA; Okamura, A; Bicchi, A; Stachniss, C; Song, DZ; Lee, DH; Chaumette, F; Ding, H; Li, JS; Wen, J; Roberts, J; Masamune, K; Chong, NY; Amato, N; Tsagwarakis, N; Rocco, P; Asfour, T; Chung, WK; Yasuyoshi, Y; Sun, Y; Maciekeski, T; Althoefer, K; AndradeCetto, J; Chung, WK; Demircan, E; Dias, J; Fraisse, P; Gross, R; Harada, H; Hasegawa, Y; Hayashibe, M; Kiguchi, K; Kim, K; Kroeger, T; Li, Y; Ma, S; Mochiyama, H; Monje, CA; Rekleitis, I; Roberts, R; Stulp, F; Tsai, CHD; Zollo, L",,"Mbanisi, Kenechukwu C.; Kimpara, Hideyuki; Meier, Tess; Gennert, Michael; Li, Zhi","Kosecka, J",,Learning Coordinated Vehicle Maneuver Motion Primitives from Human Demonstration,2018 IEEE/RSJ INTERNATIONAL CONFERENCE ON INTELLIGENT ROBOTS AND SYSTEMS (IROS),IEEE International Conference on Intelligent Robots and Systems,,,,25th IEEE/RSJ International Conference on Intelligent Robots and Systems (IROS),"OCT 01-05, 2018","Madrid, SPAIN","IEEE Robot & Automat Soc,IEEE Ind Elect Soc,Robot Soc Japan,Soc Instrument & Control Engineers,New Technol Fdn,IEEE,Adept MobileRobots,Willow Garage,Aldebaran Robot,Natl Instruments,Reflexxes GmbH,Schunk Intec S L U,Univ Carlos III Madrid,BOSCH,JD COM,Pal Robot,KUKA,Santander,Squirrel AI Learning,Baidu,Generat Robots,KINOVA Robot,Ouster,Univ Pablo Olavide Sevilla,Rapyuta Robot,SICK,TOYOTA,UP,Amazon,ARGO,Built Robot,Disney Res,Easy Mile,Hitachi,Robot,Khalifa Univ,Magazino,MathWorks,New Dexterity,Schunk,nuTonomy,PILZ,Prophesee,Rootnik,Saga Robot,Shadow,Soft Bank Robot,Anyverse,GalTech,Generat Robot,IEEE CAA Journal Automatica Sinica,Sci Robot, AAAS,TERAS",,,,,,,,,"Kimpara, Hideyuki/W-9542-2019","Kimpara, Hideyuki/0000-0001-6441-6062",,,,,,,,,,,,,2153-0858,,978-1-5386-8094-0,,,,2018,,,,,,,6560,6565,,,,,,,,,,,,,,,,WOS:000458872706002,View Full Record in Web of Science
C,"Dragan, AD; Muelling, K; Bagnell, JA; Srinivasa, SS",,,IEEE,"Dragan, Anca D.; Muelling, Katharina; Bagnell, J. Andrew; Srinivasa, Siddhartha S.",,,Movement Primitives via Optimization,2015 IEEE INTERNATIONAL CONFERENCE ON ROBOTICS AND AUTOMATION (ICRA),IEEE International Conference on Robotics and Automation ICRA,,,,IEEE International Conference on Robotics and Automation (ICRA),"MAY 26-30, 2015","Seattle, WA",IEEE,,,,,,,,,,"Dragan, Anca/0000-0001-6312-5466",,,,,,,,,,,,,1050-4729,,978-1-4799-6923-4,,,,2015,,,,,,,2339,2346,,,,,,,,,,,,,,,,WOS:000370974902050,View Full Record in Web of Science
C,"Gams, A; Petric, T; Nemec, B; Ude, A",,,IEEE,"Gams, Andrej; Petric, Tadej; Nemec, Bojan; Ude, Ales",,,Learning and Adaptation of Periodic Motion Primitives Based on Force Feedback and Human Coaching Interaction,2014 14TH IEEE-RAS INTERNATIONAL CONFERENCE ON HUMANOID ROBOTS (HUMANOIDS),IEEE-RAS International Conference on Humanoid Robots,,,,14th IEEE-RAS International Conference on Humanoid Robots (Humanoids),"NOV 18-20, 2014","Madrid, SPAIN",IEEE RAS,,,,,,,,,"Ude, Aleš/ABB-7839-2020; Petric, Tadej/AAS-2471-2021",,,,,,,,,,,,,,2164-0572,,978-1-4799-7174-9,,,,2014,,,,,,,166,171,,,,,,,,,,,,,,,,WOS:000392843800027,View Full Record in Web of Science
C,"Mastalli, C; Fernández-López, G",,"Menegatti, E; Michael, N; Berns, K; Yamaguchi, H",,"Mastalli, Carlos; Fernandez-Lopez, Gerardo",,,A Proposed Architecture for Autonomous Operations in Backhoe Machines,INTELLIGENT AUTONOMOUS SYSTEMS 13,Advances in Intelligent Systems and Computing,,,,13th International Conference on Intelligent Autonomous Systems (IAS),"JUL 15-18, 2014","Centro Congressi Padova, Padova, ITALY",Univ Padova,Centro Congressi Padova,,,,,,,,"Mastalli, Carlos/AAC-3190-2021","Mastalli, Carlos/0000-0002-0725-4279; Fernandez-Lopez, Gerardo/0000-0002-3608-8564",,,,,,,,,,,,,2194-5357,2194-5365,978-3-319-08338-4; 978-3-319-08337-7,,,,2016,302,,,,,,1549,1559,,10.1007/978-3-319-08338-4_111,http://dx.doi.org/10.1007/978-3-319-08338-4_111,,,,,,,,,,,,,WOS:000377956900111,View Full Record in Web of Science
J,"Li, FM; Bai, YF; Zhao, M; Fu, TY; Men, Y; Song, R",,,,"Li, Fengming; Bai, Yunfeng; Zhao, Man; Fu, Tianyu; Men, Yu; Song, Rui",,,Research on Robot Screwing Skill Method Based on Demonstration Learning,SENSORS,,,,,,,,,,,,,,,,,,"Fu, Tianyu/0000-0002-5441-9750",,,,,,,,,,,,,,1424-8220,,,,JAN,2024,24,1,,,,,,,21,10.3390/s24010021,http://dx.doi.org/10.3390/s24010021,,,,,,,,38202883,,,,,WOS:001140482800001,View Full Record in Web of Science
C,"André, J; Santos, C; Costa, L",,"Simos, T; Psihoyios, G; Tsitouras, C",,"Andre, Joao; Santos, Cristina; Costa, Lino",,,Path Integral Learning of Multidimensional Movement Trajectories,"11TH INTERNATIONAL CONFERENCE OF NUMERICAL ANALYSIS AND APPLIED MATHEMATICS 2013, PTS 1 AND 2 (ICNAAM 2013)",AIP Conference Proceedings,,,,11th International Conference of Numerical Analysis and Applied Mathematics (ICNAAM),"SEP 21-27, 2013",GREECE,"European Soc Computat Methods Sci, Engn & Technol,Santilli Fdn",,,,,,,,,"Costa, Lino/D-2248-2009; Santos, Cristina/L-8716-2014","Costa, Lino/0000-0003-4772-4404; Andre, Joao/0000-0002-3666-4453; Santos, Cristina/0000-0003-0023-7203",,,,,,,,,,,,,0094-243X,,978-0-7354-1185-2,,,,2013,1558,,,,,,1025,1028,,10.1063/1.4825679,http://dx.doi.org/10.1063/1.4825679,,,,,,,,,,,,,WOS:000331472800245,View Full Record in Web of Science
J,"Lioutikov, R; Neumann, G; Maeda, G; Peters, J",,,,"Lioutikov, Rudolf; Neumann, Gerhard; Maeda, Guilherme; Peters, Jan",,,Learning movement primitive libraries through probabilistic segmentation,INTERNATIONAL JOURNAL OF ROBOTICS RESEARCH,,,,,,,,,,,,,,,,,"Peters, Jan/D-5068-2009","Neumann, Gerhard/0000-0002-5483-4225",,,,,,,,,,,,,0278-3649,1741-3176,,,,JUL,2017,36,8,,,,,879,894,,10.1177/0278364917713116,http://dx.doi.org/10.1177/0278364917713116,,,,,,,,,,,,,WOS:000406069900001,View Full Record in Web of Science
C,"Luo, RC; Mai, LC",,,IEEE,"Luo, Ren C.; Mai, Licong",,,Human Intention Inference and On-Line Human Hand Motion Prediction for Human-Robot Collaboration,2019 IEEE/RSJ INTERNATIONAL CONFERENCE ON INTELLIGENT ROBOTS AND SYSTEMS (IROS),IEEE International Conference on Intelligent Robots and Systems,,,,IEEE/RSJ International Conference on Intelligent Robots and Systems (IROS),"NOV 04-08, 2019","Macau, PEOPLES R CHINA","IEEE,RSJ",,,,,,,,,,,,,,,,,,,,,,,2153-0858,,978-1-7281-4004-9,,,,2019,,,,,,,5958,5964,,10.1109/iros40897.2019.8968192,http://dx.doi.org/10.1109/iros40897.2019.8968192,,,,,,,,,,,,,WOS:000544658404098,View Full Record in Web of Science
J,"Takano, W; Nakamura, Y",,,,"Takano, Wataru; Nakamura, Yoshihiko",,,Incremental statistical learning for integrating motion primitives and language in humanoid robots,AUTONOMOUS ROBOTS,,,,,,,,,,,,,,,,,"Nakamura, Yoshihiko/M-1019-2014","Nakamura, Yoshihiko/0000-0001-7162-5102",,,,,,,,,,,,,0929-5593,1573-7527,,,,APR,2016,40,4,,,,,657,667,,10.1007/s10514-015-9486-4,http://dx.doi.org/10.1007/s10514-015-9486-4,,,,,,,,,,,,,WOS:000371241300005,View Full Record in Web of Science
C,"Sidiropoulos, A; Karayiannidis, Y; Doulgeri, Z",,,IEEE,"Sidiropoulos, Antonis; Karayiannidis, Yiannis; Doulgeri, Zoe",,,Human-robot collaborative object transfer using human motion prediction based on Cartesian pose Dynamic Movement Primitives,2021 IEEE INTERNATIONAL CONFERENCE ON ROBOTICS AND AUTOMATION (ICRA 2021),IEEE International Conference on Robotics and Automation ICRA,,,,IEEE International Conference on Robotics and Automation (ICRA),"MAY 30-JUN 05, 2021","Xian, PEOPLES R CHINA","IEEE,IEEE Robot & Automat Soc,So Univ Sci & Technol,Harbin Inst Technol,Xian Jiaotong Univ,Univ Toronto,Nat Sci & Engn Res Council Canada,Chinese Univ Hong Kong,DJI,Biomimet Intelligence & Robot,Toyota Res Inst,Baidu,Mech Mind Robot Technologies,Facebook AI,Nokov,Manycore,Franka Emika,Zhejiang Univ, Huzhou Inst,Jing Tian,ATI Ind Automat,Amber,Direct Drive Tech,Inceptio,Flexiv,Deeproute AI,Unitree,Waymo,Kuka,Pudu Robot,Deep Robot,Nvidia,MathWorks",,,,,,,,,,,,,,,,,,,,,,,1050-4729,2577-087X,978-1-7281-9077-8,,,,2021,,,,,,,3758,3764,,10.1109/ICRA48506.2021.9562035,http://dx.doi.org/10.1109/ICRA48506.2021.9562035,,,,,,,,,,,,,WOS:000765738803001,View Full Record in Web of Science
C,"Fu, J; Wang, YC; Luo, F; Li, XL",,,IEEE,"Fu, Jian; Wang, Yucai; Luo, Fan; Li, Xiaolong",,,Probabilistic Movement Primitives Based on Weight Combination,2022 INTERNATIONAL CONFERENCE ON ADVANCED ROBOTICS AND MECHATRONICS (ICARM 2022),,,,,7th IEEE International Conference on Advanced Robotics and Mechatronics,"JUL 09-11, 2022","Guilin, PEOPLES R CHINA","Guangxi Univ,Foshan Univ,So Univ Sci & Technol,IEEE Robot & Automat Soc,IEEE Syst Man & Cybernet Soc,IEEE RAS Tech Comm Neuro Robot Syst,IEEE SMC Tech Comm Bio Mechatron & Bio Robot Syst,Chinese Assoc Automat, Tech Comm Robot Intelligence,Beijing Inst Technol Press,MDPI, Machines,Springer,MDPI, Actuators,Gaitech Robot,Beijing Nokov Sci & Technol Co Ltd",,,,,,,,,"Fu, Jian/AFY-2041-2022",,,,,,,,,,,,,,,,978-1-6654-8306-3,,,,2022,,,,,,,774,780,,10.1109/ICARM54641.2022.9959162,http://dx.doi.org/10.1109/ICARM54641.2022.9959162,,,,,,,,,,,,,WOS:000926398000127,View Full Record in Web of Science
J,"Yuguchi, A; Nakamura, T; Toyoda, M; Yamada, M; Tulathum, P; Aubert, M; Ricardez, GAG; Takamatsu, J; Ogasawara, T",,,,"Yuguchi, Akishige; Nakamura, Takumi; Toyoda, Mayuki; Yamada, Masayuki; Tulathum, Pattaraporn; Aubert, Mael; Garcia Ricardez, Gustavo Alfonso; Takamatsu, Jun; Ogasawara, Tsukasa",,,"Toward robot-agnostic home appliance operation: a task execution framework using motion primitives, ontology, and GUI",ADVANCED ROBOTICS,,,,,,,,,,,,,,,,,,"Yuguchi, Akishige/0000-0002-2985-1162",,,,,,,,,,,,,0169-1864,1568-5535,,,,JUN 3,2022,36,11,,,SI,,548,565,,10.1080/01691864.2022.2070422,http://dx.doi.org/10.1080/01691864.2022.2070422,,MAY 2022,,,,,,,,,,,WOS:000797398600001,View Full Record in Web of Science
J,"Vukosavljev, M; Kroeze, Z; Schoellig, AP; Broucke, ME",,,,"Vukosavljev, Marijan; Kroeze, Zachary; Schoellig, Angela P.; Broucke, Mireille E.",,,A Modular Framework for Motion Planning Using Safe-by-Design Motion Primitives,IEEE TRANSACTIONS ON ROBOTICS,,,,,,,,,,,,,,,,,"Schoellig, Angela/D-2358-2016","Schoellig, Angela/0000-0003-4012-4668",,,,,,,,,,,,,1552-3098,1941-0468,,,,OCT,2019,35,5,,,,,1233,1252,,10.1109/TRO.2019.2923335,http://dx.doi.org/10.1109/TRO.2019.2923335,,,,,,,,,,,,,WOS:000489787000011,View Full Record in Web of Science
J,"Vonásek, V; Saska, M; Kosnar, K; Preucil, L",,,,"Vonasek, Vojtech; Saska, Martin; Kosnar, Karel; Preucil, Libor",,,Motion planning with adaptive motion primitives for modular robots,APPLIED SOFT COMPUTING,,,,,,,,,,,,,,,,,"Preucil, Libor/G-9530-2014; Saska, Martin/L-3669-2013; Vonásek, Vojtěch/GRJ-7653-2022; Kosnar, Karel/N-9312-2013","Kosnar, Karel/0000-0002-6362-4254; Vonasek, Vojtech/0000-0001-9224-2151",,,,,,,,,,,,,1568-4946,1872-9681,,,,SEP,2015,34,,,,,,678,692,,10.1016/j.asoc.2015.05.002,http://dx.doi.org/10.1016/j.asoc.2015.05.002,,,,,,,,,,,,,WOS:000357469500049,View Full Record in Web of Science
C,"Acikgoz, K; Parvizi, P; Donder, A; Ugurlu, MC; Konukseven, EI",,,IEEE,"Acikgoz, Kemal; Parvizi, Payam; Donder, Abdulhamit; Ugurlu, Musab Cagri; Konukseven, Erhan Ilhan",,,Dynamic Movement Primitives and Force Feedback: Teleoperation in Precision Grinding Process,2017 10TH INTERNATIONAL CONFERENCE ON ELECTRICAL AND ELECTRONICS ENGINEERING (ELECO),,,,,10th International Conference on Electrical and Electronics Engineering (ELECO),"NOV 30-DEC 02, 2017","Bursa, TURKEY","Chamber Elect Engineers Bursa Branch,Uludag Univ, Fac Engn, Dept Elect & Elect Engn,Istanbul Tech Univ, Fac Elect & Elect Engn,Sci & Technolog Res Council Turkey,IEEE Turkey Sect",,,,,,,,,"Donder, Abdulhamit/AAD-3049-2020; Acikgoz, Kemal/ABA-1479-2020; Parvizi, Parviz/I-9016-2018; konukseven, Erhan/V-2044-2019","Konukseven, Erhan ilhan/0000-0002-3597-4222",,,,,,,,,,,,,,,978-1-5386-1723-6,,,,2017,,,,,,,722,726,,,,,,,,,,,,,,,,WOS:000426978800124,View Full Record in Web of Science
C,"Gams, A; van den Kieboom, J; Vespignani, M; Guyot, L; Ude, A; Ijspeert, A",,,IEEE,"Gams, Andrej; van den Kieboom, Jesse; Vespignani, Massimo; Guyot, Luc; Ude, Ales; Ijspeert, Auke",,,Rich Periodic Motor Skills on Humanoid Robots: Riding the Pedal Racer,2014 IEEE INTERNATIONAL CONFERENCE ON ROBOTICS AND AUTOMATION (ICRA),IEEE International Conference on Robotics and Automation ICRA,,,,IEEE International Conference on Robotics and Automation (ICRA),"MAY 31-JUN 07, 2014","Hong Kong, PEOPLES R CHINA",IEEE,,,,,,,,,"Ude, Aleš/ABB-7839-2020; Vespignani, Massimo/I-4195-2019","Ude, Ales/0000-0003-3677-3972; Ijspeert, Auke Jan/0000-0003-1417-9980; Gams, Andrej/0000-0002-9803-3593; Vespignani, Massimo/0000-0003-1408-7517",,,,,,,,,,,,,1050-4729,2577-087X,978-1-4799-3685-4,,,,2014,,,,,,,2326,2332,,,,,,,,,,,,,,,,WOS:000377221102059,View Full Record in Web of Science
C,"Gams, A; Petric, T",,"Budinska, I; Ciganek, J; Havlik, S; Hricko, J; Kozak, S",,"Gams, Andrej; Petric, Tadej",,,Adapting periodic motion primitives to external feedback: modulating and changing the motion,2014 23RD INTERNATIONAL CONFERENCE ON ROBOTICS IN ALPE-ADRIA-DANUBE REGION (RAAD),,,,,23rd International Conference on Robotics in Alpe-Adria-Danube Region (IEEE RAAD),"SEP 03-05, 2014",SLOVAKIA,,,,,,,,,,"Petric, Tadej/AAS-2471-2021",,,,,,,,,,,,,,,,978-1-4799-6798-8,,,,2014,,,,,,,,,,,,,,,,,,,,,,,,WOS:000360803800005,View Full Record in Web of Science
J,"Kulic, D; Ott, C; Lee, DH; Ishikawa, J; Nakamura, Y",,,,"Kulic, Dana; Ott, Christian; Lee, Dongheui; Ishikawa, Junichi; Nakamura, Yoshihiko",,,Incremental learning of full body motion primitives and their sequencing through human motion observation,INTERNATIONAL JOURNAL OF ROBOTICS RESEARCH,,,,,,,,,,,,,,,,,"; Nakamura, Yoshihiko/M-1019-2014","Ott, Christian/0000-0003-0987-7493; Nakamura, Yoshihiko/0000-0001-7162-5102; Kulic, Dana/0000-0002-4169-2141",,,,,,,,,,,,,0278-3649,1741-3176,,,,MAR,2012,31,3,,,,,330,345,,10.1177/0278364911426178,http://dx.doi.org/10.1177/0278364911426178,,,,,,,,,,,,,WOS:000300928200005,View Full Record in Web of Science
J,"Fang, C; Ding, XL; Zhou, CX; Tsagarakis, N",,,,"Fang, Cheng; Ding, Xilun; Zhou, Chengxu; Tsagarakis, Nikos",,,A2ML: A general human-inspired motion language for anthropomorphic arms based on movement primitives,ROBOTICS AND AUTONOMOUS SYSTEMS,,,,,,,,,,,,,,,,,"Fang, Cheng/AAE-5813-2019; Zhou, Chengxu/M-5016-2016","Tsagarakis, Nikos/0000-0002-9877-8237; Fang, Cheng/0000-0002-8535-3774; Zhou, Chengxu/0000-0002-6677-0855",,,,,,,,,,,,,0921-8890,1872-793X,,,,JAN,2019,111,,,,,,145,161,,10.1016/j.robot.2018.10.006,http://dx.doi.org/10.1016/j.robot.2018.10.006,,,,,,,,,,,,,WOS:000452936000012,View Full Record in Web of Science
J,"Li, GX; Xue, JR; Zhang, BH; Zhao, K; Tao, ZX",,,,"Li, Gengxin; Xue, Jianru; Zhang, Bohua; Zhao, Kang; Tao, Zhongxing",,,Learning and generating vehicle motion primitives from human-driving data,ROBOTICA,,,,,,,,,,,,,,,,,,,,,,,,,,,,,,,0263-5747,1469-8668,,,,2025 FEB 4,2025,,,,,,,,,,10.1017/S0263574724001681,http://dx.doi.org/10.1017/S0263574724001681,,FEB 2025,,,,,,,,,,,WOS:001412608800001,View Full Record in Web of Science
C,"Pankert, J; Kaul, L; Asfour, T",,"Asfour, T",,"Pankert, Johannes; Kaul, Lukas; Asfour, Tamim",,,Learning Efficient Omni-directional Capture Stepping for Humanoid Robots from Human Motion and Simulation,2018 IEEE-RAS 18TH INTERNATIONAL CONFERENCE ON HUMANOID ROBOTS (HUMANOIDS),IEEE-RAS International Conference on Humanoid Robots,,,,18th IEEE-RAS International Conference on Humanoid Robots (Humanoids),"NOV 06-09, 2018","Beijing Inst Technol, Beijing, PEOPLES R CHINA",IEEE RAS,Beijing Inst Technol,,,,,,,,,,,,,,,,,,,,,,2164-0572,,978-1-5386-7283-9,,,,2018,,,,,,,503,509,,,,,,,,,,,,,,,,WOS:000458689700072,View Full Record in Web of Science
J,"Ning, KJ; Kulvicius, T; Tamosiunaite, M; Wörgötter, F",,,,"Ning, KeJun; Kulvicius, Tomas; Tamosiunaite, Minija; Woergoetter, Florentin",,,A Novel Trajectory Generation Method for Robot Control,JOURNAL OF INTELLIGENT & ROBOTIC SYSTEMS,,,,,,,,,,,,,,,,,,,,,,,,,,,,,,,0921-0296,1573-0409,,,,NOV,2012,68,2,,,,,165,184,,10.1007/s10846-012-9683-8,http://dx.doi.org/10.1007/s10846-012-9683-8,,,,,,,,,,,,,WOS:000310432300006,View Full Record in Web of Science
C,"Forte, D; Nemec, B; Ude, A",,"Kalkan, S; Saranli, U",,"Forte, Denis; Nemec, Bojan; Ude, Ales",,,Exploration in Structured Space of Robot Movements for Autonomous Augmentation of Action Knowledge,PROCEEDINGS OF THE 17TH INTERNATIONAL CONFERENCE ON ADVANCED ROBOTICS (ICAR),,,,,International Conference on Advanced Robotics (ICAR),"JUL 27-31, 2015","Istanbul, TURKEY","ODTU METU,Kadir Has Univ,IEEE,IEEE Robotics & Automation Soc,Aselsan,TAI,ALDEBARAN,TeknodroM,FORD OTOSAN,SABLAB Simulation,bama teknolo,ODTU TEKNOKENT,MILVUS",,,,,,,,,"Ude, Aleš/ABB-7839-2020","Ude, Ales/0000-0003-3677-3972",,,,,,,,,,,,,,,978-1-4673-7509-2,,,,2015,,,,,,,252,258,,,,,,,,,,,,,,,,WOS:000380471000040,View Full Record in Web of Science
J,"Liu, Y; Cao, YX; Jiang, CM",,,,"Liu, Yan; Cao, Yixin; Jiang, Chunmin",,,Collaborative robot trajectory tracking control based on DS-KMP algorithm,INTERNATIONAL JOURNAL OF INTELLIGENT ROBOTICS AND APPLICATIONS,,,,,,,,,,,,,,,,,,,,,,,,,,,,,,,2366-5971,2366-598X,,,,2025 FEB 28,2025,,,,,,,,,,10.1007/s41315-025-00433-7,http://dx.doi.org/10.1007/s41315-025-00433-7,,FEB 2025,,,,,,,,,,,WOS:001434065500001,View Full Record in Web of Science
J,"Lauretti, C; Tamantini, C; Zollo, L",,,,"Lauretti, C.; Tamantini, C.; Zollo, L.",,,A New DMP Scaling Method for Robot Learning by Demonstration and Application to the Agricultural Domain,IEEE ACCESS,,,,,,,,,,,,,,,,,"Tamantini, Christian/ABH-4115-2020; Lauretti, Clemente/ACO-6470-2022; Zollo, Loredana/AAB-9645-2020","Lauretti, Clemente/0000-0003-0760-642X; Zollo, Loredana/0000-0002-8015-010X; Tamantini, Christian/0000-0001-6238-2241",,,,,,,,,,,,,2169-3536,,,,,,2024,12,,,,,,7661,7673,,10.1109/ACCESS.2023.3349093,http://dx.doi.org/10.1109/ACCESS.2023.3349093,,,,,,,,,,,,,WOS:001143485900001,View Full Record in Web of Science
J,"Li, X; Yang, CG; Xu, S; Ou, YS",,,,"Li, Xian; Yang, Chenguang; Xu, Sheng; Ou, Yongsheng",,,Image-based anti-interference robotic Chinese character writing system,ROBOTICA,,,,,,,,,,,,,,,,,"Yang, Chenguang/AAJ-2509-2020","Yang, Chenguang/0000-0001-5255-5559",,,,,,,,,,,,,0263-5747,1469-8668,,,,MAR,2024,42,3,,,,,931,945,,10.1017/S0263574724000018,http://dx.doi.org/10.1017/S0263574724000018,,JAN 2024,,,,,,,,,,,WOS:001146995100001,View Full Record in Web of Science
J,"Zhang, Y; Yang, CG",,,,"Zhang, Ying; Yang, Chenguang",,,Automatic regrouping of trajectories based on classification and regression tree,INTERNATIONAL JOURNAL OF MODELLING IDENTIFICATION AND CONTROL,,,,,,,,,,,,,,,,,"Yang, Chenguang/AAJ-2509-2020","Yang, Chenguang/0000-0001-5255-5559",,,,,,,,,,,,,1746-6172,1746-6180,,,,,2020,35,3,,,,,217,225,,,,,,,,,,,,,,,,WOS:000640521800006,View Full Record in Web of Science
J,"Zou, CB; Zeng, C; Huang, R; Peng, ZA; Zhang, JW; Cheng, H",,,,"Zou, Chaobin; Zeng, Chao; Huang, Rui; Peng, Zhinan; Zhang, Jianwei; Cheng, Hong",,,Online gait learning with Assist-As-Needed control strategy for post-stroke rehabilitation exoskeletons,ROBOTICA,,,,,,,,,,,,,,,,,"Zou, Chaobin/HZL-0077-2023","Peng, Zhinan/0000-0003-2239-4920",,,,,,,,,,,,,0263-5747,1469-8668,,,,FEB,2024,42,2,,,,,319,331,,10.1017/S0263574723001431,http://dx.doi.org/10.1017/S0263574723001431,,NOV 2023,,,,,,,,,,,WOS:001112759200001,View Full Record in Web of Science
C,"Li, MT; Yang, ZG; Zha, FS; Wang, X; Wang, PF; Guo, W; Caldwell, D; Chen, F",,,IEEE,"Li, Mantian; Yang, Zeguo; Zha, Fusheng; Wang, Xin; Wang, Pengfei; Guo, Wei; Caldwell, Darwin; Chen, Fei",,,Pattern Analysis and Parameters Optimization of Dynamic Movement Primitives for Learning Unknown Trajectories,2020 IEEE/RSJ INTERNATIONAL CONFERENCE ON INTELLIGENT ROBOTS AND SYSTEMS (IROS),IEEE International Conference on Intelligent Robots and Systems,,,,IEEE/RSJ International Conference on Intelligent Robots and Systems (IROS),"OCT 24-JAN 24, 2020-2021",ELECTR NETWORK,"IEEE,RSJ",,,,,,,,,"Chen, Fei/HNQ-3717-2023; Caldwell, Darwin/E-9954-2018",,,,,,,,,,,,,,2153-0858,,978-1-7281-6212-6,,,,2020,,,,,,,8316,8322,,10.1109/IROS45743.2020.9340702,http://dx.doi.org/10.1109/IROS45743.2020.9340702,,,,,,,,,,,,,WOS:000724145802079,View Full Record in Web of Science
C,"Petric, T; Zlajpah, L",,"Muller, A; Brandstotter, M",,"Petric, Tadej; Zlajpah, Leon",,,Phase State System for Generating Interactive Behaviors for Humanoid Robots,"ADVANCES IN SERVICE AND INDUSTRIAL ROBOTICS, RAAD 2022",Mechanisms and Machine Science,,,,31st International Conference on Robotics in Alpe-Adria-Danube Region (RAAD),"JUN 14-16, 2023","Bled, SLOVENIA","Int Federat Promot Mech & Machine Sci,Inst Elect & Elect Engineers, Austrian Sect,SCHUNK Intec GmbH,ABB AG,Universal Robots GmbH",,,,,,,,,"Petric, Tadej/AAS-2471-2021","Petric, Tadej/0000-0002-3407-4206; Zlajpah, Leon/0000-0002-2820-2697",,,,,,,,,,,,,2211-0984,2211-0992,978-3-031-04872-2; 978-3-031-04870-8; 978-3-031-04869-2,,,,2022,120,,,,,,496,503,,10.1007/978-3-031-04870-8_58,http://dx.doi.org/10.1007/978-3-031-04870-8_58,,,,,,,,,,,,,WOS:001027024600058,View Full Record in Web of Science
J,"Liu, XF; Wang, ZY; Li, J; Cangelosi, A; Yang, CG",,,,"Liu, Xiaofeng; Wang, Ziyang; Li, Jie; Cangelosi, Angelo; Yang, Chenguang",,,Demonstration Learning and Generalization of Robotic Motor Skills Based on Wearable Motion Tracking Sensors,IEEE TRANSACTIONS ON INSTRUMENTATION AND MEASUREMENT,,,,,,,,,,,,,,,,,"Liu, Xiaofeng/JCD-9463-2023; Cangelosi, Angelo/D-6784-2011","Yang, Chenguang/0000-0001-5255-5559; LIU, XIAOFENG/0000-0003-1310-6739; jie, li/0000-0002-2977-8559; ziyang, wang/0000-0002-9609-9732",,,,,,,,,,,,,0018-9456,1557-9662,,,,,2023,72,,,,,,,,2519515,10.1109/TIM.2023.3288240,http://dx.doi.org/10.1109/TIM.2023.3288240,,,,,,,,,,,,,WOS:001029190800023,View Full Record in Web of Science
J,"Wang, MM; Li, W; Luo, JJ; Walter, U",,,,"Wang, Mingming; Li, Wei; Luo, Jianjun; Walter, Ulrich",,,Coordinated hierarchical control of space robotic safe manipulation with load sharing,ACTA ASTRONAUTICA,,,,,,,,,,,,,,,,,"Luo, Jianjun/AAG-6929-2021",,,,,,,,,,,,,,0094-5765,1879-2030,,,,JAN,2023,202,,,,,,360,372,,10.1016/j.actaastro.2022.10.030,http://dx.doi.org/10.1016/j.actaastro.2022.10.030,,NOV 2022,,,,,,,,,,,WOS:000899951000012,View Full Record in Web of Science
J,"Hu, YB; Cui, MY; Duan, JH; Liu, WJ; Huang, DY; Knoll, A; Chen, G",,,,"Hu, Yingbai; Cui, Mingyang; Duan, Jianghua; Liu, Wenjun; Huang, Dianye; Knoll, Alois; Chen, Guang",,,Model predictive optimization for imitation learning from demonstrations,ROBOTICS AND AUTONOMOUS SYSTEMS,,,,,,,,,,,,,,,,,"duan, jianghua/HPH-5391-2023; Knoll, Alois/AAN-8417-2021; Chen, Guang/I-4799-2019; LIU, Wenjun/F-1892-2010","CHen, Guang/0000-0002-7416-592X; Hu, Yingbai/0000-0003-2452-3570",,,,,,,,,,,,,0921-8890,1872-793X,,,,MAY,2023,163,,,,,,,,104381,10.1016/j.robot.2023.104381,http://dx.doi.org/10.1016/j.robot.2023.104381,,FEB 2023,,,,,,,,,,,WOS:000992941100001,View Full Record in Web of Science
C,"Parvizi, P; Ugurlu, MC; Acikgoz, K; Konukseven, EI",,,IEEE,"Parvizi, Payam; Ugurlu, Musab Cagri; Acikgoz, Kemal; Konukseven, Erhan Ilhan",,,Parametrization of Robotic Deburring Process with Motor Skills from Motion Primitives of Human Skill Model,2017 22ND INTERNATIONAL CONFERENCE ON METHODS AND MODELS IN AUTOMATION AND ROBOTICS (MMAR),,,,,22nd International Conference on Methods and Models in Automation and Robotics (MMAR),"AUG 28-31, 2017","Miedzyzdroje, POLAND",,,,,,,,,,"Acikgoz, Kemal/ABA-1479-2020; konukseven, Erhan/V-2044-2019; Parvizi, Parviz/I-9016-2018","ACIKGOZ, KEMAL/0000-0001-7046-559X; Parvizi, Payam/0000-0001-6123-3623; Konukseven, Erhan ilhan/0000-0002-3597-4222",,,,,,,,,,,,,,,978-1-5386-2402-9,,,,2017,,,,,,,373,378,,,,,,,,,,,,,,,,WOS:000425229300069,View Full Record in Web of Science
J,"Huang, R; Cheng, H; Qiu, J; Zhang, JW",,,,"Huang, Rui; Cheng, Hong; Qiu, Jing; Zhang, Jianwei",,,Learning Physical Human-Robot Interaction With Coupled Cooperative Primitives for a Lower Exoskeleton,IEEE TRANSACTIONS ON AUTOMATION SCIENCE AND ENGINEERING,,,,,,,,,,,,,,,,,,,,,,,,,,,,,,,1545-5955,1558-3783,,,,OCT,2019,16,4,,,,,1566,1574,,10.1109/TASE.2018.2886376,http://dx.doi.org/10.1109/TASE.2018.2886376,,,,,,,,,,,,,WOS:000492428500008,View Full Record in Web of Science
J,"Takano, W; Nakamura, Y",,,,"Takano, Wataru; Nakamura, Yoshihiko",,,Planning of goal-oriented motion from stochastic motion primitives and optimal controlling of joint torques in whole-body,ROBOTICS AND AUTONOMOUS SYSTEMS,,,,,,,,,,,,,,,,,"Nakamura, Yoshihiko/M-1019-2014","Nakamura, Yoshihiko/0000-0001-7162-5102",,,,,,,,,,,,,0921-8890,1872-793X,,,,MAY,2017,91,,,,,,226,233,,10.1016/j.robot.2017.01.013,http://dx.doi.org/10.1016/j.robot.2017.01.013,,,,,,,,,,,,,WOS:000396949800019,View Full Record in Web of Science
C,"Eken, H; Pergolini, A; Mazzarini, A; Livolsi, C; Fagioli, I; Penna, MF; Gruppioni, E; Trigili, E; Crea, S; Vitiello, N",,,IEEE,"Eken, Huseyin; Pergolini, Andrea; Mazzarini, Alessandro; Livolsi, Chiara; Fagioli, Ilaria; Penna, Michele Francesco; Gruppioni, Emanuele; Trigili, Emilio; Crea, Simona; Vitiello, Nicola",,,Continuous Phase Estimation in a Variety of Locomotion Modes using adaptive Dynamic Movement Primitives,"2023 INTERNATIONAL CONFERENCE ON REHABILITATION ROBOTICS, ICORR",International Conference on Rehabilitation Robotics ICORR,,,,International Conference on Rehabilitation Robotics (ICORR),"SEP 24-28, 2023","Singapore, SINGAPORE",,,,,,,,,,"PENNA, Michele Francesco/KII-6304-2024; Vitiello, Nicola/B-8960-2009; Eken, Huseyin/KEH-6639-2024","Eken, Huseyin/0000-0003-0891-9890; Fagioli, Ilaria/0000-0002-6379-7876; Mazzarini, Alessandro/0000-0002-4524-7029",,,,,,,,,,,,,1945-7898,,979-8-3503-4275-8,,,,2023,,,,,,,,,,10.1109/ICORR58425.2023.10304682,http://dx.doi.org/10.1109/ICORR58425.2023.10304682,,,,,,,,37941254,,,,,WOS:001103260000010,View Full Record in Web of Science
J,"Smith, TR; Bosanac, N",,,,"Smith, Thomas R.; Bosanac, Natasha",,,Motion Primitive Approach to Spacecraft Trajectory Design in a Multi-body System,JOURNAL OF THE ASTRONAUTICAL SCIENCES,,,,,,,,,,,,,,,,,,,,,,,,,,,,,,,0021-9142,2195-0571,,,,SEP 11,2023,70,5,,,,,,,34,10.1007/s40295-023-00395-7,http://dx.doi.org/10.1007/s40295-023-00395-7,,,,,,,,37706006,,,,,WOS:001065692800002,View Full Record in Web of Science
J,"Angelov, D; Hristov, Y; Burke, M; Ramamoorthy, S",,,,"Angelov, Daniel; Hristov, Yordan; Burke, Michael; Ramamoorthy, Subramanian",,,Composing Diverse Policies for Temporally Extended Tasks,IEEE ROBOTICS AND AUTOMATION LETTERS,,,,,,,,,,,,,,,,,"Hristov, Yordan/AAV-7321-2020; Burke, Michael/AAI-8023-2020","Burke, Michael/0000-0001-7426-1498; Angelov, Daniel/0000-0001-7292-5182",,,,,,,,,,,,,2377-3766,,,,,APR,2020,5,2,,,,,2658,2665,,10.1109/LRA.2020.2972794,http://dx.doi.org/10.1109/LRA.2020.2972794,,,,,,,,,,,,,WOS:000526702500006,View Full Record in Web of Science
C,"Orthey, A; Toussaint, M; Jetchev, N",,,IEEE,"Orthey, Andreas; Toussaint, Marc; Jetchev, Nikolay",,,Optimizing Motion Primitives to Make Symbolic Models More Predictive,2013 IEEE INTERNATIONAL CONFERENCE ON ROBOTICS AND AUTOMATION (ICRA),IEEE International Conference on Robotics and Automation ICRA,,,,IEEE International Conference on Robotics and Automation (ICRA),"MAY 06-10, 2013","Karlsruhe, GERMANY",IEEE,,,,,,,,,"Orthey, Andreas/S-2699-2016","Orthey, Andreas/0000-0002-1478-1405",,,,,,,,,,,,,1050-4729,2577-087X,978-1-4673-5641-1; 978-1-4673-5643-5,,,,2013,,,,,,,2868,2873,,,,,,,,,,,,,,,,WOS:000337617302132,View Full Record in Web of Science
C,"Daab, T; Jaquier, N; Dreher, C; Meixner, A; Krebs, F; Asfour, T",,,IEEE,"Daab, Tilman; Jaquier, Noemie; Dreher, Christian; Meixner, Andre; Krebs, Franziska; Asfour, Tamim",,,Incremental Learning of Full-Pose Via-Point Movement Primitives on Riemannian Manifolds,"2024 IEEE INTERNATIONAL CONFERENCE ON ROBOTICS AND AUTOMATION, ICRA 2024",IEEE International Conference on Robotics and Automation ICRA,,,,IEEE International Conference on Robotics and Automation (ICRA),"MAY 13-17, 2024","Yokohama, JAPAN","IEEE,IEEE Robot & Automat Soc",,,,,,,,,,,,,,,,,,,,,,,1050-4729,2577-087X,979-8-3503-8458-1; 979-8-3503-8457-4,,,,2024,,,,,,,2317,2323,,10.1109/ICRA57147.2024.10610275,http://dx.doi.org/10.1109/ICRA57147.2024.10610275,,,,,,,,,,,,,WOS:001294576201134,View Full Record in Web of Science
C,"Conkey, A; Hermans, T",,,IEEE,"Conkey, Adam; Hermans, Tucker",,,Learning Task Constraints from Demonstration for Hybrid Force/Position Control,2019 IEEE-RAS 19TH INTERNATIONAL CONFERENCE ON HUMANOID ROBOTS (HUMANOIDS),IEEE-RAS International Conference on Humanoid Robots,,,,IEEE-RAS 19th International Conference on Humanoid Robots (Humanoids),"OCT 15-17, 2019","Toronto, CANADA","IEEE, RAS",,,,,,,,,,"Hermans, Tucker/0000-0003-2496-2768",,,,,,,,,,,,,2164-0572,,978-1-5386-7630-1,,,,2019,,,,,,,162,169,,10.1109/humanoids43949.2019.9035013,http://dx.doi.org/10.1109/humanoids43949.2019.9035013,,,,,,,,,,,,,WOS:000563479900019,View Full Record in Web of Science
J,"Jin, C; Liu, XY; Zhao, YF; Zhu, YG; Wang, J; Wang, HS",,,,"Jin, Cong; Liu, Xiaoyu; Zhao, YuFei; Zhu, Yonggui; Wang, Jie; Wang, Hesheng",,,ViolinBot: A Framework for Imitation Learning of Violin Bowing Using Fuzzy Logic and PCA,IEEE TRANSACTIONS ON FUZZY SYSTEMS,,,,,,,,,,,,,,,,,"Zhao, Yufei/C-3666-2008; Li, Xinyu/AAP-3162-2021; Wang, Hesheng/P-3192-2015","Wang, Hesheng/0000-0002-9959-1634; Zhu, Yonggui/0000-0002-0048-2084; jin, cong/0000-0003-0464-9862",,,,,,,,,,,,,1063-6706,1941-0034,,,,SEP,2024,32,9,,,,,5005,5017,,10.1109/TFUZZ.2024.3409146,http://dx.doi.org/10.1109/TFUZZ.2024.3409146,,,,,,,,,,,,,WOS:001307418200023,View Full Record in Web of Science
J,"Zhong, FF; Hu, LY; Chen, YL",,,,"Zhong, Feifei; Hu, Lingyan; Chen, Yingli",,,Robot Variable Impedance Control and Generalizing from Human-Robot Interaction Demonstrations,MATHEMATICS,,,,,,,,,,,,,,,,,,,,,,,,,,,,,,,,2227-7390,,,,DEC,2024,12,23,,,,,,,3840,10.3390/math12233840,http://dx.doi.org/10.3390/math12233840,,,,,,,,,,,,,WOS:001376426100001,View Full Record in Web of Science
C,"Wahrburg, A; Guida, S; Enayati, N; Zanchettin, AM; Rocco, P",,,IEEE,"Wahrburg, Arne; Guida, Simone; Enayati, Nima; Zanchettin, Andrea Maria; Rocco, Paolo",,,Extending Dynamic Movement Primitives towards High-Performance Robot Motion,2020 IEEE 16TH INTERNATIONAL WORKSHOP ON ADVANCED MOTION CONTROL (AMC),International Workshop on Advanced Motion Control,,,,IEEE 16th International Workshop on Advanced Motion Control (AMC),"SEP 14-16, 2020","Univ Agder, Campus Kristiansand, ELECTR NETWORK","Inst Elect & Elect Engineers,IEEE Ind Elect Soc,Japan Inst Elect Engineers,Mechatron Innovat Lab AS,Assoc German Engineers, Measurement & Automat Control Soc,IEEJ, Ind Applicat Soc","Univ Agder, Campus Kristiansand",,,,,,,,,,,,,,,,,,,,,,1943-6572,,978-1-7281-3189-4,,,,2020,,,,,,,52,58,,10.1109/amc44022.2020.9244421,http://dx.doi.org/10.1109/amc44022.2020.9244421,,,,,,,,,,,,,WOS:000659326100007,View Full Record in Web of Science
C,"Wu, YS; Chen, LY; Mahiques, IP; Bing, ZS; Wu, F; Knoll, A; Haddadin, S",,,,"Wu, Yansong; Chen, Lingyun; Mahiques, Ignacio Perez; Bing, Zhenshan; Wu, Fan; Knoll, Alois; Haddadin, Sami",,,Learning Dynamic Robot-to-Robot Object Handover,IFAC PAPERSONLINE,,,,,22nd World Congress of the International Federation of Automatic Control (IFAC),"JUL 09-14, 2023","Yokohama, JAPAN",,,,,,,,,,"Bing, Zhenshan/AAF-7965-2020; Wu, Fan/LJL-1864-2024; Knoll, Alois/AAN-8417-2021","Wu, Fan/0000-0001-5051-3005",,,,,,,,,,,,,2405-8963,,,,,,2023,56,2,,,,,4368,+,,10.1016/j.ifacol.2023.10.1814,http://dx.doi.org/10.1016/j.ifacol.2023.10.1814,,NOV 2023,,,,,,,,,,,WOS:001196709200205,View Full Record in Web of Science
J,"Ti, BY; Gao, YS; Shi, M; Fu, L; Zhao, J",,,,"Ti, Boyang; Gao, Yongsheng; Shi, Ming; Fu, Le; Zhao, Jie",,,Movement generalization of variable initial task state based on Euclidean transformation dynamical movement primitives,INTERNATIONAL JOURNAL OF ADVANCED ROBOTIC SYSTEMS,,,,,,,,,,,,,,,,,,"Ti, Boyang/0000-0002-0303-8317",,,,,,,,,,,,,1729-8814,,,,,NOV,2021,18,6,,,,,,,1.72988142110656E+016,10.1177/17298814211065577,http://dx.doi.org/10.1177/17298814211065577,,,,,,,,,,,,,WOS:000734638700004,View Full Record in Web of Science
C,"Lai, SP; Lan, ML; Chen, BM",,"Fu, M; Sun, J",IEEE,"Lai, Shupeng; Lan, Menglu; Chen, Ben M.",,,Control based motion primitives for quadrotor trajectory generation,PROCEEDINGS OF THE 38TH CHINESE CONTROL CONFERENCE (CCC),Chinese Control Conference,,,,38th Chinese Control Conference (CCC),"JUL 27-30, 2019","Guangzhou, PEOPLES R CHINA","Chinese Assoc Automat, Tech Comm Control Theory,Syst Engn Soc China,Guangdong Univ Technol,Chinese Acad Sci, Acad Math & Syst Sci,China Soc Ind & Appl Math,S China Univ Technol,Automat Soc Guangdong Prov,Asian Control Assoc,IEEE Control Syst Soc,Inst Control, Robot & Syst,Soc Instrument & Control Engineers",,,,,,,,,"Chen, Ben/L-8791-2019; lai, shupeng/AAE-5636-2022","Lai, Shupeng/0000-0003-2597-5392",,,,,,,,,,,,,2161-2927,,978-9-8815-6397-2,,,,2019,,,,,,,8323,8329,,10.23919/chicc.2019.8865876,http://dx.doi.org/10.23919/chicc.2019.8865876,,,,,,,,,,,,,WOS:000621599308005,View Full Record in Web of Science
J,"Xu, X; Qian, K; Zhou, B; Fang, F; Ma, XD",,,,"Xu, Xin; Qian, Kun; Zhou, Bo; Fang, Fang; Ma, Xudong",,,Imitating via manipulability: Geometry-aware combined DMP with via-point and speed adaptation,COMPUTERS & ELECTRICAL ENGINEERING,,,,,,,,,,,,,,,,,,,,,,,,,,,,,,,0045-7906,1879-0755,,,,JUL,2024,117,,,,,,,,109247,10.1016/j.compeleceng.2024.109247,http://dx.doi.org/10.1016/j.compeleceng.2024.109247,,APR 2024,,,,,,,,,,,WOS:001235211700001,View Full Record in Web of Science
J,"Lioutikov, R; Maeda, G; Veiga, F; Kersting, K; Peters, J",,,,"Lioutikov, Rudolf; Maeda, Guilherme; Veiga, Filipe; Kersting, Kristian; Peters, Jan",,,Learning attribute grammars for movement primitive sequencing,INTERNATIONAL JOURNAL OF ROBOTICS RESEARCH,,,,,,,,,,,,,,,,,"Peters, Jan/D-5068-2009","Fernandes Veiga, Filipe/0009-0006-5530-9525",,,,,,,,,,,,,0278-3649,1741-3176,,,,JAN,2020,39,1,,,,,21,38,278364919868279,10.1177/0278364919868279,http://dx.doi.org/10.1177/0278364919868279,,NOV 2019,,,,,,,,,,,WOS:000498352700001,View Full Record in Web of Science
C,"Meng, LB; Yu, ZG; Zhang, WM; Chen, XC; Ceccarelli, M; Huang, Q",,"Ferraresi, C; Quaglia, G",,"Meng, Libo; Yu, Zhangguo; Zhang, Weimin; Chen, Xuechao; Ceccarelli, Marco; Huang, Qiang",,,A Falling Motion Strategy for Humanoids Based on Motion Primitives of Human Falling,ADVANCES IN SERVICE AND INDUSTRIAL ROBOTICS,Mechanisms and Machine Science,,,,26th International Conference on Robotics in Alpe-Adria-Danube Region (RAAD),"JUN 21-23, 2017","Tech Univ Politecnico Torino, Turin, ITALY",,Tech Univ Politecnico Torino,,,,,,,,"ceccarelli, marco/AAK-9020-2020; Zhang, Weimin/H-2766-2012; Yu, Zhangguo/AAI-7362-2021","YU, Zhangguo/0000-0003-0041-8100",,,,,,,,,,,,,2211-0984,2211-0992,978-3-319-61276-8; 978-3-319-61275-1,,,,2018,49,,,,,,264,272,,10.1007/978-3-319-61276-8_29,http://dx.doi.org/10.1007/978-3-319-61276-8_29,,,,,,,,,,,,,WOS:000434201700029,View Full Record in Web of Science
C,"Niu, H; Zhang, XL",,,IEEE,"Niu, Hao; Zhang, Xiuli",,,Motion Planning of Redundant Robotic Arm Based on Human Arm Motion Principles,"2024 IEEE INTERNATIONAL CONFERENCE ON MECHATRONICS AND AUTOMATION, ICMA 2024",IEEE International Conference on Mechatronics and Automation,,,,21st IEEE International Conference on Mechatronics and Automation (IEEE ICMA),"AUG 04-07, 2024","Tianjin, PEOPLES R CHINA","IEEE,Hebei Univ Technol,So Univ Sci & Technol,Beijing Inst Technol,Harbin Engn Univ,Tianjin Univ Technol,JSME,JSPE,Robot Soc Japan,SICE,HIT,UEC Tokyo,Jilin Univ,UESTC,Chinese Mech Engn Soc,State Key Lab Robot & Syst,NSFC",,,,,,,,,,,,,,,,,,,,,,,2152-7431,,979-8-3503-8808-4; 979-8-3503-8807-7,,,,2024,,,,,,,679,684,,10.1109/ICMA61710.2024.10632991,http://dx.doi.org/10.1109/ICMA61710.2024.10632991,,,,,,,,,,,,,WOS:001304562500115,View Full Record in Web of Science
C,"Gams, A; Ude, A",,"Okamura, A; Menciassi, A; Ude, A; Burschka, D; Lee, D; Arrichiello, F; Liu, H; Moon, H; Neira, J; Sycara, K; Yokoi, K; Martinet, P; Oh, P; Valdastri, P; Krovi, V",,"Gams, Andrej; Ude, Ales",,,On-line Coaching of Robots through Visual and Physical Interaction: Analysis of Effectiveness of Human-Robot Interaction Strategies,2016 IEEE INTERNATIONAL CONFERENCE ON ROBOTICS AND AUTOMATION (ICRA),IEEE International Conference on Robotics and Automation ICRA,,,,IEEE International Conference on Robotics and Automation (ICRA),"MAY 16-21, 2016","Royal Inst Technol, Ctr Autonomous Syst, Stockholm, SWEDEN","IEEE,IEEE Robot & Automat Soc,ABB,DJI,KUKA,Husqvarna,iRobot,Khalifa Univ,Kinova Univ,MOOG,PAL Robot,UBER,Amazon","Royal Inst Technol, Ctr Autonomous Syst",,,,,,,,"Ude, Aleš/ABB-7839-2020","Ude, Ales/0000-0003-3677-3972; Gams, Andrej/0000-0002-9803-3593",,,,,,,,,,,,,1050-4729,2577-087X,978-1-4673-8026-3,,,,2016,,,,,,,3028,3034,,,,,,,,,,,,,,,,WOS:000389516202088,View Full Record in Web of Science
C,"Hazara, M; Kyrki, V",,,IEEE,"Hazara, Murtaza; Kyrki, Ville",,,Model Selection for Incremental Learning of Generalizable Movement Primitives,2017 18TH INTERNATIONAL CONFERENCE ON ADVANCED ROBOTICS (ICAR),,,,,18th International Conference on Advanced Robotics (ICAR),"JUL 10-12, 2017","Hong Kong, HONG KONG",,,,,,,,,,"; Kyrki, Ville/F-3034-2011","Hazara, Murtaza/0000-0003-0477-3767; Kyrki, Ville/0000-0002-5230-5549",,,,,,,,,,,,,,,978-1-5386-3157-7,,,,2017,,,,,,,359,366,,,,,,,,,,,,,,,,WOS:000426976400057,View Full Record in Web of Science
C,"Huang, B; Bryson, J; Inamura, T",,,IEEE,"Huang, Bidan; Bryson, Joanna; Inamura, Tetsunari",,,Learning Motion Primitives of Object Manipulation Using Mimesis Model,2013 IEEE INTERNATIONAL CONFERENCE ON ROBOTICS AND BIOMIMETICS (ROBIO),,,,,IEEE International Conference on Robotics and Biomimetics (ROBIO),"DEC 12-14, 2013","Shenzhen, PEOPLES R CHINA",IEEE,,,,,,,,,"Inamura, Tetsunari/ADW-8458-2022; huang, bidan/HOF-1448-2023; Bryson, Joanna/C-8745-2017","Bryson, Joanna/0000-0003-0021-0801",,,,,,,,,,,,,,,,,,,2013,,,,,,,1144,1150,,,,,,,,,,,,,,,,WOS:000352739000189,View Full Record in Web of Science
J,"Hu, YB; Wu, XY; Geng, P; Li, ZJ",,,,"Hu, Yingbai; Wu, Xinyu; Geng, Peng; Li, Zhijun",,,Evolution Strategies Learning With Variable Impedance Control for Grasping Under Uncertainty,IEEE TRANSACTIONS ON INDUSTRIAL ELECTRONICS,,,,,,,,,,,,,,,,,"Li, Zhijun/ACT-9992-2022; Geng, Peng/ABF-6840-2021; wu, xinyu/KRQ-4615-2024","Hu, Yingbai/0000-0003-2452-3570; GENG, PENG/0009-0006-5046-8527; Geng, Peng/0000-0003-0234-9380",,,,,,,,,,,,,0278-0046,1557-9948,,,,OCT,2019,66,10,,,,,7788,7799,,10.1109/TIE.2018.2884240,http://dx.doi.org/10.1109/TIE.2018.2884240,,,,,,,,,,,,,WOS:000470829100032,View Full Record in Web of Science
C,"Cho, NJ; Lee, SH; Suh, IH; Kim, HS",,,IEEE,"Cho, Nam Jun; Lee, Sang Hyoung; Suh, Il Hong; Kim, Hong-Seok",,,Autonomous Learning How to Interact In a Human-Robot Joint Assembly Work,2016 13TH INTERNATIONAL CONFERENCE ON UBIQUITOUS ROBOTS AND AMBIENT INTELLIGENCE (URAI),International Conference on Ubiquitous Robots and Ambient Intelligence,,,,13th International Conference on Ubiquitous Robots and Ambient Intelligence (URAI),"AUG 19-22, 2016","Xian, PEOPLES R CHINA","Korea Robot Soc,DMCCVES CIMTME,Xian Jiaotong Univ,Robot Ind Alliance Shaanxi Prov,Shaanxi Key Lab Intelligent Robot,Key Lab Educ Minist Modern Design & Rotor Bearing Syst,IEEE,IEEE Robot & Automat Soc,Robot Soc Taiwan,RECURDYN,Adv Technol Inc,Ctr Human Centered Interact Coexistence,KNR Syst Inc,YUJIN ROBOT,Korea Inst Ind Technol",,,,,,,,,,,,,,,,,,,,,,,2325-033X,,978-1-5090-0821-6,,,,2016,,,,,,,648,648,,,,,,,,,,,,,,,,WOS:000387249900152,View Full Record in Web of Science
J,"Maeda, G; Koç, O; Morimoto, J",,,,"Maeda, Guilherme; Koc, Okan; Morimoto, Jun",,,Phase portraits as movement primitives for fast humanoid robot control,NEURAL NETWORKS,,,,,,,,,,,,,,,,,,"Maeda, Guilherme/0000-0001-9413-4787",,,,,,,,,,,,,0893-6080,1879-2782,,,,SEP,2020,129,,,,,,109,122,,10.1016/j.neunet.2020.04.007,http://dx.doi.org/10.1016/j.neunet.2020.04.007,,,,,,,,32505964,,,,,WOS:000555927200010,View Full Record in Web of Science
J,"Davoodi, M; Iqbal, A; Cloud, JM; Beksi, WJ; Gans, NR",,,,"Davoodi, Mohammadreza; Iqbal, Asif; Cloud, Joseph M.; Beksi, William J.; Gans, Nicholas R.",,,Safe Robot Trajectory Control Using Probabilistic Movement Primitives and Control Barrier Functions,FRONTIERS IN ROBOTICS AND AI,,,,,,,,,,,,,,,,,"Davoodi, Mohammadreza/IXN-1405-2023; Iqbal, Asif/AAR-9363-2021","Iqbal, Asif/0000-0001-9726-9863; Davoodi, Mohammadreza/0000-0001-6035-1759",,,,,,,,,,,,,2296-9144,,,,,MAR 16,2022,9,,,,,,,,772228,10.3389/frobt.2022.772228,http://dx.doi.org/10.3389/frobt.2022.772228,,,,,,,,35368435,,,,,WOS:000778725800001,View Full Record in Web of Science
J,"Qin, DD; Liu, AD; Xu, JM; Zhang, WA; Yu, L",,,,"Qin, Dongdong; Liu, Andong; Xu, Jianming; Zhang, Wen-An; Yu, Li",,,Learning From Human Demonstrations for Wheel Mobile Manipulator: An Unscented Model Predictive Control Approach,IEEE TRANSACTIONS ON NEURAL NETWORKS AND LEARNING SYSTEMS,,,,,,,,,,,,,,,,,"xu, jianmin/G-8032-2012; QIN, DONGDONG/LSK-7858-2024; Yu, Li/H-2783-2012; Liu, Andong/J-1853-2014","Zhang, Wen-An/0000-0002-4355-2783; Qin, Dongdong/0000-0003-1120-3092; Yu, Li/0000-0003-3889-3863",,,,,,,,,,,,,2162-237X,2162-2388,,,,DEC,2023,34,12,,,,,10864,10874,,10.1109/TNNLS.2022.3171595,http://dx.doi.org/10.1109/TNNLS.2022.3171595,,MAY 2022,,,,,,35560080,,,,,WOS:000798352500001,View Full Record in Web of Science
J,"Liu, ZM; Liu, NL; Wang, HW; Tian, S; Bai, N; Zhang, F; Cui, L",,,,"Liu, Zhaoming; Liu, Nailong; Wang, Hongwei; Tian, Shen; Bai, Ning; Zhang, Feng; Cui, Long",,,A New Type of Industrial Robot Trajectory Generation Component Based on Motion Modularity Technology,JOURNAL OF ROBOTICS,,,,,,,,,,,,,,,,,,"Cui, Long/0000-0003-4107-8093",,,,,,,,,,,,,1687-9600,1687-9619,,,,JAN 28,2020,2020,,,,,,,,3196983,10.1155/2020/3196983,http://dx.doi.org/10.1155/2020/3196983,,,,,,,,,,,,,WOS:000514433500001,View Full Record in Web of Science
C,"Meier, F; Theodorou, E; Stulp, F; Schaal, S",,,IEEE,"Meier, Franziska; Theodorou, Evangelos; Stulp, Freek; Schaal, Stefan",,,Movement Segmentation using a Primitive Library,2011 IEEE/RSJ INTERNATIONAL CONFERENCE ON INTELLIGENT ROBOTS AND SYSTEMS,IEEE International Conference on Intelligent Robots and Systems,,,,IEEE/RSJ International Conference on Intelligent Robots and Systems,"SEP 25-30, 2011","San Francisco, CA","IEEE,Robot Soc Japan (RSJ),BOSCH,HONDA,KUKA,SRI Int,ABB,Willow Garage,ALDEBARAN,Google,INTUITIVE Surg,SCHUNK,IEEE Ind Elect Soc (IES),Soc Instrument & Control Engineers (SICE),New Technol Fdn (NTF),IEEE Robot & Automat Soc (RAS),Inst Control, Robto & Syst (ICROS)",,,,,,,,,,,,,,,,,,,,,,,2153-0858,,978-1-61284-455-8,,,,2011,,,,,,,3407,3412,,,,,,,,,,,,,,,,WOS:000297477503114,View Full Record in Web of Science
J,"Ding, GW; Liu, YB; Zang, XZ; Zhang, XH; Liu, GF; Zhao, J",,,,"Ding, Guanwen; Liu, Yubin; Zang, Xizhe; Zhang, Xuehe; Liu, Gangfeng; Zhao, Jie",,,A Task-Learning Strategy for Robotic Assembly Tasks from Human Demonstrations,SENSORS,,,,,,,,,,,,,,,,,"; Liu, Gangfeng/S-5546-2016","Zhang, Xuehe/0000-0001-8138-2802; Ding, Guanwen/0000-0002-3400-3037; Liu, Gangfeng/0000-0003-0078-0281",,,,,,,,,,,,,,1424-8220,,,,OCT,2020,20,19,,,,,,,5505,10.3390/s20195505,http://dx.doi.org/10.3390/s20195505,,,,,,,,32992888,,,,,WOS:000586578100001,View Full Record in Web of Science
C,"Petric, T; Colasanto, L; Gams, A; Ude, A; Ijspeert, AJ",,,IEEE,"Petric, Tadej; Colasanto, Luca; Gams, Andrej; Ude, Ales; Ijspeert, Auke J.",,,Bio-inspired Learning and Database Expansion of Compliant Movement Primitives,2015 IEEE-RAS 15TH INTERNATIONAL CONFERENCE ON HUMANOID ROBOTS (HUMANOIDS),IEEE-RAS International Conference on Humanoid Robots,,,,15th IEEE-RAS International Conference on Humanoid Robots (Humanoids),"NOV 03-05, 2015","Seoul, SOUTH KOREA","IEEE Robot & Automat Soc,IEEE",,,,,,,,,"Petric, Tadej/AAS-2471-2021; Ude, Aleš/ABB-7839-2020","Ijspeert, Auke Jan/0000-0003-1417-9980; Petric, Tadej/0000-0002-3407-4206; Ude, Ales/0000-0003-3677-3972; Gams, Andrej/0000-0002-9803-3593",,,,,,,,,,,,,2164-0572,,978-1-4799-6885-5,,,,2015,,,,,,,346,351,,,,,,,,,,,,,,,,WOS:000377954900052,View Full Record in Web of Science
C,"Dermy, O; Charpillet, F; Ivaldi, S",,"Ficuciello, F; Ruggiero, F; Finzi, A",,"Dermy, Oriane; Charpillet, Francois; Ivaldi, Serena",,,Multi-modal Intention Prediction with Probabilistic Movement Primitives,HUMAN FRIENDLY ROBOTICS,Springer Proceedings in Advanced Robotics,,,,10th International Workshop on Human Friendly Robotics (HFR),"NOV 06-07, 2017","Naples, ITALY","Interdepartmental Center for Advances in Robotic Surgery,Consorzio Ric Energia, Automazione Tecnologie Elettromagnetismo Consortium,Dipartimento Ingn Elettrica & Tecnologie Informazione,Spar",,,,,,,,,"Charpillet, François/S-3367-2018",,,,,,,,,,,,,,2511-1256,2511-1264,978-3-319-89327-3; 978-3-319-89326-6,,,,2019,7,,,,,,181,196,,10.1007/978-3-319-89327-3_14,http://dx.doi.org/10.1007/978-3-319-89327-3_14,,,,,,,,,,,,,WOS:000455354000014,View Full Record in Web of Science
C,"Jarin-Lipschitz, L; Paulos, J; Bjorkman, R; Kumar, V",,,IEEE,"Jarin-Lipschitz, Laura; Paulos, James; Bjorkman, Raymond; Kumar, Vijay",,,Dispersion-Minimizing Motion Primitives for Search-Based Motion Planning,2021 IEEE INTERNATIONAL CONFERENCE ON ROBOTICS AND AUTOMATION (ICRA 2021),IEEE International Conference on Robotics and Automation ICRA,,,,IEEE International Conference on Robotics and Automation (ICRA),"MAY 30-JUN 05, 2021","Xian, PEOPLES R CHINA","IEEE,IEEE Robot & Automat Soc,So Univ Sci & Technol,Harbin Inst Technol,Xian Jiaotong Univ,Univ Toronto,Nat Sci & Engn Res Council Canada,Chinese Univ Hong Kong,DJI,Biomimet Intelligence & Robot,Toyota Res Inst,Baidu,Mech Mind Robot Technologies,Facebook AI,Nokov,Manycore,Franka Emika,Zhejiang Univ, Huzhou Inst,Jing Tian,ATI Ind Automat,Amber,Direct Drive Tech,Inceptio,Flexiv,Deeproute AI,Unitree,Waymo,Kuka,Pudu Robot,Deep Robot,Nvidia,MathWorks",,,,,,,,,"Kumar, Vijay/AAM-8545-2020",,,,,,,,,,,,,,1050-4729,2577-087X,978-1-7281-9077-8,,,,2021,,,,,,,12625,12631,,10.1109/ICRA48506.2021.9561840,http://dx.doi.org/10.1109/ICRA48506.2021.9561840,,,,,,,,,,,,,WOS:000771405404075,View Full Record in Web of Science
C,"Gams, A; Ude, A; Morimoto, J",,,IEEE,"Gams, Andrej; Ude, Ales; Morimoto, Jun",,,Accelerating Synchronization of Movement Primitives: Dual-Arm Discrete-Periodic Motion of a Humanoid Robot,2015 IEEE/RSJ INTERNATIONAL CONFERENCE ON INTELLIGENT ROBOTS AND SYSTEMS (IROS),IEEE International Conference on Intelligent Robots and Systems,,,,IEEE/RSJ International Conference on Intelligent Robots and Systems (IROS),"SEP 28-OCT 02, 2015","Hamburg, GERMANY","IEEE,RSJ,Univ Hamburg,DFG,RA,New Technol Fdn,SICE,KUKA,DJI,Rethink Robot,BOSCH,Chinese Acad Sci, SIAT,Boozhong,Adept,Automatica,HIT,Ascending Technol,OPTOFORCE,DST Robot,BA Syst,Rainbow Robot,SIA,CLEARPATH Robot,Swiss Natl Ctr Competence Res Robot,SINEVA,Dyson,SICK,Robocept,Force Dimension,Open Unit Robot,Luoyang Natl Univ Sci Park,Fuzhou Univ,Synapticon,Google,Technishce Univ Munchen,iRobot,Echord++,Khalifa Univ,Pan Robot,FESTO,Kinova Robot,SCHUNK,ies",,,,,,,,,"Ude, Aleš/ABB-7839-2020","Gams, Andrej/0000-0002-9803-3593; Ude, Ales/0000-0003-3677-3972",,,,,,,,,,,,,2153-0858,,978-1-4799-9994-1,,,,2015,,,,,,,2754,2760,,,,,,,,,,,,,,,,WOS:000371885402139,View Full Record in Web of Science
C,"Batinica, A; Nemec, B; Santos-Victor, J; Gams, A; Rakovic, M",,,IEEE,"Batinica, Aleksandar; Nemec, Bojan; Santos-Victor, Jose; Gams, Andrej; Rakovic, Mirko",,,Generalization of Task Model using Compliant Movement Primitives in a Bimanual Setting,2017 IEEE INTERNATIONAL CONFERENCE ON ROBOTICS AND BIOMIMETICS (IEEE ROBIO 2017),,,,,IEEE International Conference on Robotics and Biomimetics (ROBIO),"DEC 05-08, 2017","Macau, PEOPLES R CHINA","IEEE,IEEE Robot & Automat Soc,City Univ Hong Kong,Beijing Inst Technol,Univ Hong Kong,Univ Macau,Shenzhen Acad Robot",,,,,,,,,"Raković, Mirko/U-5860-2017; Santos-Victor, Jose/K-2093-2012","Santos-Victor, Jose/0000-0002-9036-1728; Gams, Andrej/0000-0002-9803-3593",,,,,,,,,,,,,,,978-1-5386-3742-5,,,,2017,,,,,,,1967,1972,,,,,,,,,,,,,,,,WOS:000576754200321,View Full Record in Web of Science
C,"Lu, ZY; Wang, N; Li, M; Yang, CG",,,IEEE,"Lu, Zhenyu; Wang, Ning; Li, Miao; Yang, Chenguang",,,A Novel Dynamic Movement Primitives-based Skill Learning and Transfer Framework for Multi-Tool Use,"2022 IEEE 17TH INTERNATIONAL CONFERENCE ON CONTROL & AUTOMATION, ICCA",IEEE International Conference on Control and Automation ICCA,,,,IEEE 17th International Conference on Control and Automation (ICCA),"JUN 27-30, 2022","Naples, ITALY",IEEE,,,,,,,,,"lu, zhenyu/AAH-5454-2019","zhenyu, lu/0000-0002-5446-7285",,,,,,,,,,,,,1948-3449,,978-1-6654-9572-1,,,,2022,,,,,,,1,8,,10.1109/ICCA54724.2022.9831826,http://dx.doi.org/10.1109/ICCA54724.2022.9831826,,,,,,,,,,,,,WOS:001300401300002,View Full Record in Web of Science
J,"Liao, ZW; Zhao, F; Jiang, GD; Mei, XS",,,,"Liao, Zhiwei; Zhao, Fei; Jiang, Gedong; Mei, Xuesong",,,Extended DMPs Framework for Position and Decoupled Quaternion Learning and Generalization,CHINESE JOURNAL OF MECHANICAL ENGINEERING,,,,,,,,,,,,,,,,,,,,,,,,,,,,,,,1000-9345,2192-8258,,,,DEC,2022,35,1,,,,,,,95,10.1186/s10033-022-00761-w,http://dx.doi.org/10.1186/s10033-022-00761-w,,,,,,,,,,,,,WOS:000826160600002,View Full Record in Web of Science
C,"He, HL; Lu, CL; Wen, YS; Saunders, G; Yang, PH; Schoonover, J; Wason, J; Julius, A; Wen, JT",,,IEEE,"He, Honglu; Lu, Chen-lung; Wen, Yunshi; Saunders, Glenn; Yang, Pinghai; Schoonover, Jeffrey; Wason, John; Julius, Agung; Wen, John T.",,,High-Speed High-Accuracy Spatial Curve Tracking Using Motion Primitives in Industrial Robots,2023 IEEE INTERNATIONAL CONFERENCE ON ROBOTICS AND AUTOMATION (ICRA 2023),IEEE International Conference on Robotics and Automation ICRA,,,,IEEE International Conference on Robotics and Automation (ICRA),"MAY 29-JUN 02, 2023","London, ENGLAND","IEEE,IEEE Robot & Automat Soc",,,,,,,,,"He, Honglu/KZU-9307-2024; Yang, Pinghai/G-2292-2012; Wen, John/B-4474-2008",,,,,,,,,,,,,,1050-4729,2577-087X,979-8-3503-2365-8,,,,2023,,,,,,,12289,12295,,10.1109/ICRA48891.2023.10161022,http://dx.doi.org/10.1109/ICRA48891.2023.10161022,,,,,,,,,,,,,WOS:001048371104059,View Full Record in Web of Science
C,"Rosado, J; Silva, F; Santos, V",,"Lau, N; Moreira, AP; Ventura, R; Faria, BM",,"Rosado, Jose; Silva, Filipe; Santos, Vitor",,,Motion Generalization from a Single Demonstration Using Dynamic Primitives,2014 IEEE INTERNATIONAL CONFERENCE ON AUTONOMOUS ROBOT SYSTEMS AND COMPETITIONS (ICARSC),IEEE International Conference on Autonomous Robot Systems and Competitions ICARSC,,,,IEEE International Conference on Autonomous Robot Systems and Competitions (ICARSC),"MAY 14-15, 2014","Espinho, PORTUGAL","IEEE,Sociedade Portuguesa Robotica,IEEE Portugal Sect RA Chapter,IEEE Robot & Automat Soc,Caixa Geral Depositos,Camara Municipal Espinho,Museu Municipal Espinho & Solverde",,,,,,,,,"Silva, Filipe/AAJ-2527-2020; Santos, Vitor/D-2973-2013","Rosado, Jose/0000-0001-5610-7147; Silva, Filipe/0000-0001-6191-0727; Santos, Vitor/0000-0003-1283-7388",,,,,,,,,,,,,2573-9360,2573-9387,978-1-4799-4254-1,,,,2014,,,,,,,327,332,,,,,,,,,,,,,,,,WOS:000343584000055,View Full Record in Web of Science
C,"Klancar, G; Loknar, M; Blazic, S",,,,"Klancar, Gregor; Loknar, Martina; Blazic, Saso",,,Towards Time-Optimal CACD Motion Primitives with Smooth Transitions,IFAC PAPERSONLINE,,,,,21st IFAC World Congress on Automatic Control - Meeting Societal Challenges,"JUL 11-17, 2020",ELECTR NETWORK,"Int Federat Automat Control,Siemens,Bayer,ABB,MathWorks,Phoenix Contact,Ifak Technol,Berlin Heart,Elsevier,De Gruyter,Tele Medi GmbH",,,,,,,,,"Blazic, Saso/A-2803-2008",,,,,,,,,,,,,,2405-8963,,,,,,2020,53,2,,,,,15544,15549,,10.1016/j.ifacol.2020.12.2398,http://dx.doi.org/10.1016/j.ifacol.2020.12.2398,,,,,,,,,,,,,WOS:000652593600370,View Full Record in Web of Science
C,"Caldarelli, E; Chatalic, A; Colomé, A; Rosasco, L; Torras, C",,"Tan, J; Toussaint, M; Darvish, K",,"Caldarelli, Edoardo; Chatalic, Antoine; Colome, Adria; Rosasco, Lorenzo; Torras, Carme",,,Heteroscedastic Gaussian Processes and Random Features: Scalable Motion Primitives with Guarantees,"CONFERENCE ON ROBOT LEARNING, VOL 229",Proceedings of Machine Learning Research,,,,7th Conference on Robot Learning (CoRL),"NOV 06-09, 2023","Atlanta, GA",,,,,,,,,,"Torras, Carme/M-1794-2014",,,,,,,,,,,,,,2640-3498,,,,,,2023,229,,,,,,,,,,,,,,,,,,,,,,,WOS:001221201503005,View Full Record in Web of Science
C,"Hu, HP; Li, AJ; Zhang, N; Lou, YJ",,,IEEE,"Hu, Haopeng; Li, Ajian; Zhang, Nan; Lou, Yunjiang",,,Robot Programming by Demonstration with Oral Instructions for Assembly,2020 IEEE INTERNATIONAL CONFERENCE ON REAL-TIME COMPUTING AND ROBOTICS (IEEE-RCAR 2020),,,,,IEEE International Conference on Real-time Computing and Robotics (IEEE-RCAR),"SEP 28-29, 2020",ELECTR NETWORK,IEEE,,,,,,,,,"Lou, Yunjiang/JVZ-3794-2024",,,,,,,,,,,,,,,,978-1-7281-7293-4,,,,2020,,,,,,,521,526,,10.1109/rcar49640.2020.9303282,http://dx.doi.org/10.1109/rcar49640.2020.9303282,,,,,,,,,,,,,WOS:000676374700089,View Full Record in Web of Science
J,"Iori, F; Perovic, G; Cini, F; Mazzeo, A; Falotico, E; Controzzi, M",,,,"Iori, Francesco; Perovic, Gojko; Cini, Francesca; Mazzeo, Angela; Falotico, Egidio; Controzzi, Marco",,,DMP-Based Reactive Robot-to-Human Handover in Perturbed Scenarios,INTERNATIONAL JOURNAL OF SOCIAL ROBOTICS,,,,,,,,,,,,,,,,,"Perovic, Gojko/LFU-0990-2024; Controzzi, Marco/F-4787-2010","Iori, Francesco/0000-0001-9860-1901; Falotico, Egidio/0000-0001-8060-8080; PEROVIC, Gojko/0000-0002-6079-1559",,,,,,,,,,,,,1875-4791,1875-4805,,,,FEB,2023,15,2,,,,,233,248,,10.1007/s12369-022-00960-4,http://dx.doi.org/10.1007/s12369-022-00960-4,,JAN 2023,,,,,,,,,,,WOS:000916638200002,View Full Record in Web of Science
C,"Xiao, XS; Dufek, J; Murphy, R",,,IEEE,"Xiao, Xuesu; Dufek, Jan; Murphy, Robin",,,Benchmarking Tether-based UAV Motion Primitives,"2019 IEEE INTERNATIONAL SYMPOSIUM ON SAFETY, SECURITY, AND RESCUE ROBOTICS (SSRR)",IEEE International Symposium on Safety Security and Rescue Robotics,,,,"IEEE International Symposium on Safety, Security, and Rescue Robotics (SSRR)","SEP 02-04, 2019","Wurzburg, GERMANY",IEEE,,,,,,,,,,,,,,,,,,,,,,,2374-3247,,978-1-7281-0778-3,,,,2019,,,,,,,50,55,,10.1109/ssrr.2019.8848946,http://dx.doi.org/10.1109/ssrr.2019.8848946,,,,,,,,,,,,,WOS:000594143400008,View Full Record in Web of Science
J,"Pahic, R; Gams, A; Ude, A",,,,"Pahic, Rok; Gams, Andrej; Ude, Ales",,,Reconstructing Spatial Aspects of Motion by Image-to-Path Deep Neural Networks,IEEE ROBOTICS AND AUTOMATION LETTERS,,,,,,,,,,,,,,,,,"Ude, Aleš/ABB-7839-2020","Pahic, Rok/0000-0003-0985-9439; Ude, Ales/0000-0003-3677-3972; Gams, Andrej/0000-0002-9803-3593",,,,,,,,,,,,,2377-3766,,,,,JAN,2021,6,1,,,,,255,262,,10.1109/LRA.2020.3039937,http://dx.doi.org/10.1109/LRA.2020.3039937,,,,,,,,,,,,,WOS:000596000200005,View Full Record in Web of Science
J,"Huang, R; Cheng, H; Guo, HL; Lin, XC; Zhang, JW",,,,"Huang, Rui; Cheng, Hong; Guo, Hongliang; Lin, Xichuan; Zhang, Jianwei",,,Hierarchical learning control with physical human-exoskeleton interaction,INFORMATION SCIENCES,,,,,,,,,,,,,,,,,"Guo, Hongliang/JQV-5537-2023",,,,,,,,,,,,,,0020-0255,1872-6291,,,,MAR,2018,432,,,,,,584,595,,10.1016/j.ins.2017.09.068,http://dx.doi.org/10.1016/j.ins.2017.09.068,,,,,,,,,,,,,WOS:000424188400037,View Full Record in Web of Science
C,"Rosado, J; Silva, F; Santos, V",,"Cunha, B; Lima, J; Silva, M; Leitao, P",,"Rosado, Jose; Silva, Filipe; Santos, Vitor",,,Motion Primitives for Human-to-Humanoid Skill Transfer Under Balance Constraint,2016 IEEE INTERNATIONAL CONFERENCE ON AUTONOMOUS ROBOT SYSTEMS AND COMPETITIONS (ICARSC 2016),IEEE International Conference on Autonomous Robot Systems and Competitions ICARSC,,,,IEEE International Conference on Autonomous Robot Systems and Competitions (ICARSC),"MAY 04-06, 2016","Braganca, PORTUGAL","IEEE,IEEE Comp Soc,Sociedade Portuguesa Robotica,Fundacao para Ciencia Tecnologia,Inst Politecnico Braganca,IEEE Portugal Sect,IEEE Portugal Sect RA Chapter,IEEE Robot & Automat Soc,INESCTEC,Com Alto Patrocinio Sua Excelencia,Braganca Municipio,Brigantia,Univ Aveiro,ieeta,Inst Superior Engenharia Porto",,,,,,,,,"Silva, Filipe/AAJ-2527-2020; Santos, Vitor/D-2973-2013","Silva, Filipe/0000-0001-6191-0727; Rosado, Jose/0000-0001-5610-7147; Santos, Vitor/0000-0003-1283-7388",,,,,,,,,,,,,2573-9360,2573-9387,978-1-5090-2255-7,,,,2016,,,,,,,72,79,,10.1109/ICARSC.2016.53,http://dx.doi.org/10.1109/ICARSC.2016.53,,,,,,,,,,,,,WOS:000391301600012,View Full Record in Web of Science
J,"Mueller, MW; Hehn, M; D'Andrea, R",,,,"Mueller, Mark W.; Hehn, Markus; D'Andrea, Raffaello",,,A Computationally Efficient Motion Primitive for Quadrocopter Trajectory Generation,IEEE TRANSACTIONS ON ROBOTICS,,,,,,,,,,,,,,,,,,"Mueller, Mark/0000-0002-0557-5677",,,,,,,,,,,,,1552-3098,1941-0468,,,,DEC,2015,31,6,,,,,1294,1310,,10.1109/TRO.2015.2479878,http://dx.doi.org/10.1109/TRO.2015.2479878,,,,,,,,,,,,,WOS:000366663300003,View Full Record in Web of Science
C,"Davoodi, M; Cloud, JM; Iqbal, A; Beksi, WJ; Gans, NR",,,,"Davoodi, Mohammadreza; Cloud, Joseph M.; Iqbal, Asif; Beksi, William J.; Gans, Nicholas R.",,,Safe Human-Robot Coetaneousness Through Model Predictive Control Barrier Functions and Motion Distributions,IFAC PAPERSONLINE,,,,,"Modeling, Estimation and Control Conference (MECC)","OCT 24-27, 2021",ELECTR NETWORK,"Amer Automat Control Council,Int Federat Automat Control, Tech Comm 4 2 Mechatron Syst,Int Federat Automat Control, Tech Comm 7 1 Automot Control",,,,,,,,,"Iqbal, Asif/AAR-9363-2021; Davoodi, Mohammadreza/IXN-1405-2023","Davoodi, Mohammadreza/0000-0001-6035-1759; Iqbal, Asif/0000-0001-9726-9863",,,,,,,,,,,,,2405-8963,,,,,OCT,2021,54,20,,,,,271,277,,10.1016/j.ifacol.2021.11.186,http://dx.doi.org/10.1016/j.ifacol.2021.11.186,,DEC 2021,,,,,,,,,,,WOS:000730606300043,View Full Record in Web of Science
C,"Ewerton, M; Maeda, G; Neumann, G; Kisner, V; Kollegger, G; Wiemeyer, J; Peters, J",,"Okamura, A; Menciassi, A; Ude, A; Burschka, D; Lee, D; Arrichiello, F; Liu, H; Moon, H; Neira, J; Sycara, K; Yokoi, K; Martinet, P; Oh, P; Valdastri, P; Krovi, V",,"Ewerton, Marco; Maeda, Guilherme; Neumann, Gerhard; Kisner, Viktor; Kollegger, Gerrit; Wiemeyer, Josef; Peters, Jan",,,Movement Primitives with Multiple Phase Parameters,2016 IEEE INTERNATIONAL CONFERENCE ON ROBOTICS AND AUTOMATION (ICRA),IEEE International Conference on Robotics and Automation ICRA,,,,IEEE International Conference on Robotics and Automation (ICRA),"MAY 16-21, 2016","Royal Inst Technol, Ctr Autonomous Syst, Stockholm, SWEDEN","IEEE,IEEE Robot & Automat Soc,ABB,DJI,KUKA,Husqvarna,iRobot,Khalifa Univ,Kinova Univ,MOOG,PAL Robot,UBER,Amazon","Royal Inst Technol, Ctr Autonomous Syst",,,,,,,,"Peters, Jan/D-5068-2009","Wiemeyer, Josef/0000-0003-2958-7653; Neumann, Gerhard/0000-0002-5483-4225",,,,,,,,,,,,,1050-4729,2577-087X,978-1-4673-8026-3,,,,2016,,,,,,,201,206,,,,,,,,,,,,,,,,WOS:000389516200025,View Full Record in Web of Science
C,"Hung, PN; Yoshimi, T",,,IEEE,"Hung, P. N.; Yoshimi, Takashi",,,An approach to learn hand movements for robot actions from human demonstrations,2016 IEEE/SICE INTERNATIONAL SYMPOSIUM ON SYSTEM INTEGRATION (SII),IEEE/SICE International Symposium on System Integration,,,,IEEE/SICE International Symposium on System Integration (SII),"DEC 13-15, 2016","Sapporo, JAPAN","IEEE,SICE,SICE Syst Integrat Div,IEEE Robot & Automat Soc,IEEE ind Elect Soc,Hokkaido Univ, Grad Sch Informat Sci & Technol",,,,,,,,,,,,,,,,,,,,,,,2474-2317,,978-1-5090-3329-4,,,,2016,,,,,,,711,716,,,,,,,,,,,,,,,,WOS:000401914000116,View Full Record in Web of Science
J,"Zou, CB; Huang, R; Qiu, J; Chen, QM; Cheng, H",,,,"Zou, Chaobin; Huang, Rui; Qiu, Jing; Chen, Qiming; Cheng, Hong",,,Slope Gradient Adaptive Gait Planning for Walking Assistance Lower Limb Exoskeletons,IEEE TRANSACTIONS ON AUTOMATION SCIENCE AND ENGINEERING,,,,,,,,,,,,,,,,,"Zou, Chaobin/HZL-0077-2023","Qiu, Jing/0000-0003-4393-4084; Zou, Chaobin/0000-0003-3457-6369",,,,,,,,,,,,,1545-5955,1558-3783,,,,APR,2021,18,2,,,,,405,413,,10.1109/TASE.2020.3037973,http://dx.doi.org/10.1109/TASE.2020.3037973,,,,,,,,,,,,,WOS:000638401500003,View Full Record in Web of Science
C,"Zou, CB; Huang, R; Cheng, H; Chen, QM; Qiu, J",,"Howard, A; Althoefer, K; Arai, F; Arrichiello, F; Caputo, B; Castellanos, J; Hauser, K; Isler, V; Kim, J; Liu, H; Oh, P; Santos, V; Scaramuzza, D; Ude, A; Voyles, R; Yamane, K; Okamura, A",IEEE,"Zou, Chaobin; Huang, Rui; Cheng, Hong; Chen, Qiming; Qiu, Jing",,,Adaptive Gait Planning for Walking Assistance Lower Limb Exoskeletons in Slope Scenarios,2019 INTERNATIONAL CONFERENCE ON ROBOTICS AND AUTOMATION (ICRA),IEEE International Conference on Robotics and Automation ICRA,,,,IEEE International Conference on Robotics and Automation (ICRA),"MAY 20-24, 2019","Montreal, CANADA","Bosch,DJI,Kinova,Mercedes Benz,Samsung,Argo AI,Clearpath Robot,Element AI,Fetch Robot,Huawei,iRobot,KUKA,Quanser,SICK,Toyota Res Inst,Uber,Waymo,Zhejiang Lab,Amazon,Applanix,Cloudminds,Honda Res Inst,MathWorks,Ouster",,,,,,,,,"Zou, Chaobin/HZL-0077-2023",,,,,,,,,,,,,,1050-4729,2577-087X,978-1-5386-6026-3,,,,2019,,,,,,,5083,5089,,10.1109/icra.2019.8793863,http://dx.doi.org/10.1109/icra.2019.8793863,,,,,,,,,,,,,WOS:000494942303100,View Full Record in Web of Science
C,"Yan, MY; Li, G; Zhu, YL; Bohg, J",,,IEEE,"Yan, Mengyuan; Li, Gen; Zhu, Yilin; Bohg, Jeannette",,,Learning Topological Motion Primitives for Knot Planning,2020 IEEE/RSJ INTERNATIONAL CONFERENCE ON INTELLIGENT ROBOTS AND SYSTEMS (IROS),IEEE International Conference on Intelligent Robots and Systems,,,,IEEE/RSJ International Conference on Intelligent Robots and Systems (IROS),"OCT 24-JAN 24, 2020-2021",ELECTR NETWORK,"IEEE,RSJ",,,,,,,,,"Zhu, Yilin/KHZ-1896-2024; Bohg, Jeannette/AAD-4010-2019; Yan, Mengyuan/AAJ-9435-2021","Li, Gen/0009-0005-9782-7649; Bohg, Jeannette/0000-0002-4921-7193",,,,,,,,,,,,,2153-0858,,978-1-7281-6212-6,,,,2020,,,,,,,9457,9464,,10.1109/IROS45743.2020.9341330,http://dx.doi.org/10.1109/IROS45743.2020.9341330,,,,,,,,,,,,,WOS:000724145803058,View Full Record in Web of Science
C,"Denisa, M; Ude, A",,"Rodic, A; Borangiu, T",,"Denisa, Miha; Ude, Ales",,,Movement Recognition and Cooperative Task Synthesis Through Hierarchical Database Search,ADVANCES IN ROBOT DESIGN AND INTELLIGENT CONTROL,Advances in Intelligent Systems and Computing,,,,25th International Conference on Robotics in Alpe-Adria-Danube Region (RAAD),"JUN 30-JUL 02, 2016","Belgrade, SERBIA",,,,,,,,,,"Deniša, Miha/AAE-5331-2019; Ude, Aleš/ABB-7839-2020","Ude, Ales/0000-0003-3677-3972; Denisa, Miha/0000-0002-9478-4656",,,,,,,,,,,,,2194-5357,,978-3-319-49058-8; 978-3-319-49057-1,,,,2017,540,,,,,,430,437,,10.1007/978-3-319-49058-8_47,http://dx.doi.org/10.1007/978-3-319-49058-8_47,,,,,,,,,,,,,WOS:000413022000047,View Full Record in Web of Science
C,"Nakanishi, J; Morimoto, J; Endo, G; Cheng, G; Schaal, S; Kawato, M",,,IEEE,"Nakanishi, J; Morimoto, J; Endo, G; Cheng, G; Schaal, S; Kawato, M",,,A framework for learning biped locomotion with dynamical movement primitives,"2004 4TH IEEE/RAS INTERNATIONAL CONFERENCE ON HUMANOID ROBOTS, VOLS 1 AND 2, PROCEEDINGS",IEEE-RAS International Conference on Humanoid Robots,,,,4th IEEE/RAS International Conference on Humanoid Robots,"NOV 10-12, 2004","Santa Monica, CA","IEEE Robot & Automat Soc,Robit Soc Japan",,,,,,,,,"Cheng, Gordon/AAH-3554-2020; Endo/AAX-8584-2020","Cheng, Gordon/0000-0003-0770-8717",,,,,,,,,,,,,2164-0572,,0-7803-8863-1,,,,2004,,,,,,,925,940,,,,,,,,,,,,,,,,WOS:000228484200058,View Full Record in Web of Science
J,"Basa, D; Schneider, A",,,,"Basa, Daniel; Schneider, Axel",,,Learning point-to-point movements on an elastic limb using dynamic movement primitives,ROBOTICS AND AUTONOMOUS SYSTEMS,,,,,,,,,,,,,,,,,,"Schneider, Axel/0000-0002-6632-3473",,,,,,,,,,,,,0921-8890,1872-793X,,,,APR,2015,66,,,,,,55,63,,10.1016/j.robot.2014.12.011,http://dx.doi.org/10.1016/j.robot.2014.12.011,,,,,,,,,,,,,WOS:000350931500006,View Full Record in Web of Science
J,"Camci, E; Kayacan, E",,,,"Camci, Efe; Kayacan, Erdal",,,Learning motion primitives for planning swift maneuvers of quadrotor,AUTONOMOUS ROBOTS,,,,,,,,,,,,,,,,,"CAMCI, EFE/LRT-0223-2024; Kayacan, Erdal/D-6256-2014","Camci, Efe/0000-0002-5342-5163; Kayacan, Erdal/0000-0002-7143-8777",,,,,,,,,,,,,0929-5593,1573-7527,,,,OCT,2019,43,7,,,,,1733,1745,,10.1007/s10514-019-09831-w,http://dx.doi.org/10.1007/s10514-019-09831-w,,,,,,,,,,,,,WOS:000482455800007,View Full Record in Web of Science
J,"Lu, ZY; Wang, N; Shi, DH",,,,"Lu, Zhenyu; Wang, Ning; Shi, Donghao",,,DMPs-based skill learning for redundant dual-arm robotic synchronized cooperative manipulation,COMPLEX & INTELLIGENT SYSTEMS,,,,,,,,,,,,,,,,,"Wang, Han/A-5016-2011","Wang, Ning/0000-0002-3264-1852",,,,,,,,,,,,,2199-4536,2198-6053,,,,AUG,2022,8,4,,,,,2873,2882,,10.1007/s40747-021-00429-3,http://dx.doi.org/10.1007/s40747-021-00429-3,,JUN 2021,,,,,,,,,,,WOS:000662814700004,View Full Record in Web of Science
J,"Zhou, J; Peng, HF; Zheng, MX; Wei, Z; Fan, T; Song, R",,,,"Zhou, Jie; Peng, Huanfeng; Zheng, Manxu; Wei, Zhe; Fan, Tao; Song, Rong",,,Trajectory Deformation-Based Multi-Modal Adaptive Compliance Control for a Wearable Lower Limb Rehabilitation Robot,IEEE TRANSACTIONS ON NEURAL SYSTEMS AND REHABILITATION ENGINEERING,,,,,,,,,,,,,,,,,"Zhou, Jie/HOH-0640-2023","Zhou, Jie/0000-0003-2335-3573; Fan, Tao/0000-0002-5694-8752; Zheng, Manxu/0000-0003-2906-2857",,,,,,,,,,,,,1534-4320,1558-0210,,,,,2024,32,,,,,,314,324,,10.1109/TNSRE.2023.3348332,http://dx.doi.org/10.1109/TNSRE.2023.3348332,,,,,,,,38165796,,,,,WOS:001144547700006,View Full Record in Web of Science
C,"Velasco, O; Blanco, PJA; Valente, J",,"Gusikhin, O; Madani, K",,"Velasco, Omar; Blanco, Pablo J. Alhama; Valente, Joao",,,Smooth Autonomous Take-off and Landing Maneuvers over a Double-hulled Watercraft,"ICINCO: PROCEEDINGS OF THE 14TH INTERNATIONAL CONFERENCE ON INFORMATICS IN CONTROL, AUTOMATION AND ROBOTICS - VOL 2",,,,,"14th International Conference on Informatics in Control, Automation and Robotics (ICINCO)","JUL 26-28, 2017","Madrid, SPAIN",,,,,,,,,,,"Velasco Anrar, Omar/0000-0002-8233-7189",,,,,,,,,,,,,,,978-989-758-304-9,,,,2017,,,,,,,389,396,,10.5220/0006435303890396,http://dx.doi.org/10.5220/0006435303890396,,,,,,,,,,,,,WOS:000668104700045,View Full Record in Web of Science
J,"Sanzari, M; Ntouskos, V; Pirri, F",,,,"Sanzari, Marta; Ntouskos, Valsamis; Pirri, Fiora",,,Discovery and recognition of motion primitives in human activities,PLOS ONE,,,,,,,,,,,,,,,,,"Sanzari, Marta/KOD-1386-2024; Ntouskos, Valsamis/J-2593-2019; PIRRI, Fiora/N-6783-2019; NTOUSKOS, VALSAMIS/F-7414-2016","Sanzari, Marta/0000-0002-4640-9122; NTOUSKOS, VALSAMIS/0000-0003-1810-7802",,,,,,,,,,,,,1932-6203,,,,,APR 1,2019,14,4,,,,,,,e0214499,10.1371/journal.pone.0214499,http://dx.doi.org/10.1371/journal.pone.0214499,,,,,,,,30933990,,,,,WOS:000462867000017,View Full Record in Web of Science
J,"Xu, WJ; Feng, SQ; Yao, BT; Ji, ZR; Liu, ZH",,,,"Xu, Wenjun; Feng, Siqi; Yao, Bitao; Ji, Zhenrui; Liu, Zhihao",,,Turn-Taking Prediction for Human-Robot Collaborative Assembly Considering Human Uncertainty,JOURNAL OF MANUFACTURING SCIENCE AND ENGINEERING-TRANSACTIONS OF THE ASME,,,,,,,,,,,,,,,,,"Feng, Siqi/LTZ-7302-2024; Liu, Zhihao/R-8927-2018",,,,,,,,,,,,,,1087-1357,1528-8935,,,,DEC 1,2023,145,12,,,,,,,121007,10.1115/1.4063231,http://dx.doi.org/10.1115/1.4063231,,,,,,,,,,,,,WOS:001096188900011,View Full Record in Web of Science
C,"Huang, YL; Silvério, J; Rozo, L; Caldwell, DG",,,IEEE,"Huang, Yanlong; Silverio, Joao; Rozo, Leonel; Caldwell, Darwin G.",,,Hybrid Probabilistic Trajectory Optimization Using Null-Space Exploration,2018 IEEE INTERNATIONAL CONFERENCE ON ROBOTICS AND AUTOMATION (ICRA),IEEE International Conference on Robotics and Automation ICRA,,,,IEEE International Conference on Robotics and Automation (ICRA),"MAY 21-25, 2018","Brisbane, AUSTRALIA","IEEE,CSIRO,Australian Govt, Dept Def Sci & Technol,DJI,Queensland Univ Technol,Woodside,Baidu,Bosch,Houston Mechatron,Kinova Robot,KUKA,Hit Robot Grp,Honda Res Inst,iRobot,Mathworks,NuTonomy,Ouster,Uber",,,,,,,,,"Rozo, Leonel/HTP-2045-2023; Caldwell, Darwin/E-9954-2018",,,,,,,,,,,,,,1050-4729,,978-1-5386-3081-5,,,,2018,,,,,,,7226,7232,,,,,,,,,,,,,,,,WOS:000446394505072,View Full Record in Web of Science
C,"Prada, M; Remazeilles, A; Koene, A; Endo, S",,,IEEE,"Prada, Miguel; Remazeilles, Anthony; Koene, Ansgar; Endo, Satoshi",,,Implementation and experimental validation of Dynamic Movement Primitives for object handover,2014 IEEE/RSJ INTERNATIONAL CONFERENCE ON INTELLIGENT ROBOTS AND SYSTEMS (IROS 2014),IEEE International Conference on Intelligent Robots and Systems,,,,IEEE/RSJ International Conference on Intelligent Robots and Systems (IROS),"SEP 14-18, 2014","Chicago, IL","IEEE,Robot Soc Japan,RA,SICE,IES,New Technol Fdn",,,,,,,,,"Koene, Ansgar/P-8404-2014; Remazeilles, Anthony/V-7345-2017","Koene, Ansgar/0000-0002-7608-623X; Endo, Satoshi/0000-0002-0692-4234; Prada, Miguel/0000-0002-1217-6914; Remazeilles, Anthony/0000-0001-5257-2228",,,,,,,,,,,,,2153-0858,,978-1-4799-6934-0,,,,2014,,,,,,,2146,2153,,,,,,,,,,,,,,,,WOS:000349834602040,View Full Record in Web of Science
C,"Löw, T; Bandyopadhyay, T; Borges, PVK",,,IEEE,"Low, Tobias; Bandyopadhyay, Tirthankar; Borges, Paulo V. K.",,,Identification of Effective Motion Primitives for Ground Vehicles,2020 IEEE/RSJ INTERNATIONAL CONFERENCE ON INTELLIGENT ROBOTS AND SYSTEMS (IROS),IEEE International Conference on Intelligent Robots and Systems,,,,IEEE/RSJ International Conference on Intelligent Robots and Systems (IROS),"OCT 24-JAN 24, 2020-2021",ELECTR NETWORK,"IEEE,RSJ",,,,,,,,,"Borges, Paulo/B-7538-2011; Bandyopadhyay, Tirthankar/B-5053-2014",,,,,,,,,,,,,,2153-0858,,978-1-7281-6212-6,,,,2020,,,,,,,2027,2034,,10.1109/IROS45743.2020.9341708,http://dx.doi.org/10.1109/IROS45743.2020.9341708,,,,,,,,,,,,,WOS:000714033800089,View Full Record in Web of Science
C,"Xu, HC; Ding, XL",,"Deng, Z; Li, H",,"Xu, Hongcheng; Ding, Xilun",,,Human-Like Task Planning for a Dual-Arm Robot Based on Motion Primitives,PROCEEDINGS OF THE 2015 CHINESE INTELLIGENT AUTOMATION CONFERENCE: INTELLIGENT TECHNOLOGY AND SYSTEMS,Lecture Notes in Electrical Engineering,,,,Chinese Intelligent Automation Conference (CIAC),2015,"Fuzhou, PEOPLES R CHINA",,,,,,,,,,,,,,,,,,,,,,,,1876-1100,1876-1119,978-3-662-46466-3; 978-3-662-46465-6,,,,2015,338,,,,,,411,421,,10.1007/978-3-662-46466-3_41,http://dx.doi.org/10.1007/978-3-662-46466-3_41,,,,,,,,,,,,,WOS:000380449400041,View Full Record in Web of Science
C,"Kulic, D; Lee, D; Ott, C; Nakamura, Y",,,IEEE,"Kulic, Dana; Lee, Dongheui; Ott, Christian; Nakamura, Yoshihiko",,,Incremental Learning of Full Body Motion Primitives for Humanoid Robots,2008 8TH IEEE-RAS INTERNATIONAL CONFERENCE ON HUMANOID ROBOTS (HUMANOIDS 2008),IEEE-RAS International Conference on Humanoid Robots,,,,8th IEEE/RAS International Conference on Humanoid Robots,"DEC 01-03, 2008","Daejeon, SOUTH KOREA","IEEE,RAS",,,,,,,,,"Nakamura, Yoshihiko/M-1019-2014","Nakamura, Yoshihiko/0000-0001-7162-5102; Kulic, Dana/0000-0002-4169-2141; Ott, Christian/0000-0003-0987-7493",,,,,,,,,,,,,2164-0572,,978-1-4244-2821-2,,,,2008,,,,,,,508,+,,,,,,,,,,,,,,,,WOS:000267052300078,View Full Record in Web of Science
C,"Wang, H; He, HY; Shang, WW; Kan, Z",,,IEEE,"Wang, Hao; He, Haoyuan; Shang, Weiwei; Kan, Zhen",,,Temporal Logic Guided Motion Primitives for Complex Manipulation Tasks with User Preferences,2022 IEEE INTERNATIONAL CONFERENCE ON ROBOTICS AND AUTOMATION (ICRA 2022),,,,,IEEE International Conference on Robotics and Automation (ICRA),"MAY 23-27, 2022","Philadelphia, PA","IEEE,IEEE Robot & Automat Soc",,,,,,,,,,,,,,,,,,,,,,,,,978-1-7281-9681-7,,,,2022,,,,,,,4305,4311,,10.1109/ICRA46639.2022.9811707,http://dx.doi.org/10.1109/ICRA46639.2022.9811707,,,,,,,,,,,,,WOS:000941265702085,View Full Record in Web of Science
C,"Rakovic, M; Borovac, B; Savic, S; Nikolic, M",,,IEEE,"Rakovic, Mirko; Borovac, Branislav; Savic, Srdan; Nikolic, Milutin",,,Parameters Adaptation of Motion Primitives for Achieving more Efficient Humanoid Walk,2014 IEEE 12TH INTERNATIONAL SYMPOSIUM ON INTELLIGENT SYSTEMS AND INFORMATICS (SISY),International Symposium on Intelligent Systems and Informatics,,,,12th IEEE International Symposium on Intelligent Systems and Informatics (SISY),"SEP 11-13, 2014","Subotica, SERBIA",IEEE,,,,,,,,,"Savic, Stevan/AAD-5748-2020; Rakovic, Mirko/U-5860-2017","Savic, Srdan/0000-0003-1385-2854; Rakovic, Mirko/0000-0002-8818-2739",,,,,,,,,,,,,1949-047X,,978-1-4799-5996-9,,,,2014,,,,,,,233,237,,,,,,,,,,,,,,,,WOS:000358412300042,View Full Record in Web of Science
C,"Fu, J; Wei, SJ; Ning, L; Xiang, K",,,IEEE,"Fu, Jian; Wei, Sujuan; Ning, Li; Xiang, Kui",,,GMR Based Forcing Term Learning for DMPs,2015 CHINESE AUTOMATION CONGRESS (CAC),Chinese Automation Congress,,,,Chinese Automation Congress (CAC),"NOV 27-29, 2015","Wuhan, PEOPLES R CHINA","IEEE,Naval Univ Engn,Hubei Assoc Automat,wuhan Univ Technol,Chinese Assoc Automat",,,,,,,,,"Fu, Jian/AFY-2041-2022; ning, li/KJM-0865-2024",,,,,,,,,,,,,,2688-092X,2688-0938,978-1-4673-7189-6,,,,2015,,,,,,,437,442,,,,,,,,,,,,,,,,WOS:000380546900082,View Full Record in Web of Science
C,"Gomez-Gonzalez, S; Neumann, G; Schölkopf, B; Peters, J",,"Asfour, T; Billard, A; Harada, K; Kulic, D; Ude, A; Venture, G; Yamane, K; Yokoi, K; Yoshida, E",,"Gomez-Gonzalez, Sebastian; Neumann, Gerhard; Schoelkopf, Bernhard; Peters, Jan",,,Using Probabilistic Movement Primitives for Striking Movements,2016 IEEE-RAS 16TH INTERNATIONAL CONFERENCE ON HUMANOID ROBOTS (HUMANOIDS),IEEE-RAS International Conference on Humanoid Robots,,,,16th IEEE-RAS International Conference on Humanoid Robots (Humanoids),"NOV 15-17, 2016","Mexican Assoc Comp Vis Robot & Neural Comp, Cancun, MEXICO","IEEE Robot & Automat Soc,Disney Res,ROBOTIS,INTEL,PAL,MACVNR,CONACYT,CINVESTAV",Mexican Assoc Comp Vis Robot & Neural Comp,,,,,,,,"Peters, Jan/D-5068-2009; Scholkopf, Bernhard/A-7570-2013","Scholkopf, Bernhard/0000-0002-8177-0925; Neumann, Gerhard/0000-0002-5483-4225",,,,,,,,,,,,,2164-0572,,978-1-5090-4718-5,,,,2016,,,,,,,502,508,,,,,,,,,,,,,,,,WOS:000403009300077,View Full Record in Web of Science
C,"Lemme, A; Reinhart, RF; Steil, JJ",,,IEEE,"Lemme, Andre; Reinhart, Rene Felix; Steil, Jochen Jakob",,,Self-supervised Bootstrapping of a Movement Primitive Library from Complex Trajectories,2014 14TH IEEE-RAS INTERNATIONAL CONFERENCE ON HUMANOID ROBOTS (HUMANOIDS),IEEE-RAS International Conference on Humanoid Robots,,,,14th IEEE-RAS International Conference on Humanoid Robots (Humanoids),"NOV 18-20, 2014","Madrid, SPAIN",IEEE RAS,,,,,,,,,,,,,,,,,,,,,,,2164-0572,,978-1-4799-7174-9,,,,2014,,,,,,,726,732,,,,,,,,,,,,,,,,WOS:000392843800116,View Full Record in Web of Science
C,"Vonásek, V; Saska, M; Kosnar, K; Preucil, L",,,IEEE,"Vonasek, Vojtech; Saska, Martin; Kosnar, Karel; Preucil, Libor",,,Global motion planning for modular robots with local motion primitives,2013 IEEE INTERNATIONAL CONFERENCE ON ROBOTICS AND AUTOMATION (ICRA),IEEE International Conference on Robotics and Automation ICRA,,,,IEEE International Conference on Robotics and Automation (ICRA),"MAY 06-10, 2013","Karlsruhe, GERMANY",IEEE,,,,,,,,,"Preucil, Libor/G-9530-2014; Saska, Martin/L-3669-2013; Vonásek, Vojtěch/GRJ-7653-2022; Kosnar, Karel/N-9312-2013","Vonasek, Vojtech/0000-0001-9224-2151; Kosnar, Karel/0000-0002-6362-4254",,,,,,,,,,,,,1050-4729,2577-087X,978-1-4673-5641-1; 978-1-4673-5643-5,,,,2013,,,,,,,2465,2470,,,,,,,,,,,,,,,,WOS:000337617302070,View Full Record in Web of Science
J,"Liu, ZZ; Fang, YC",,,,"Liu, Zezhi; Fang, Yongchun",,,A Novel DMPs Framework for Robot Skill Generalizing With Obstacle Avoidance: Taking Volume and Orientation Into Consideration,IEEE-ASME TRANSACTIONS ON MECHATRONICS,,,,,,,,,,,,,,,,,,"Liu, Zezhi/0009-0000-2422-8497",,,,,,,,,,,,,1083-4435,1941-014X,,,,2025 JAN 17,2025,,,,,,,,,,10.1109/TMECH.2024.3524207,http://dx.doi.org/10.1109/TMECH.2024.3524207,,JAN 2025,,,,,,,,,,,WOS:001400128000001,View Full Record in Web of Science
C,"Henderson, M; Ngo, TD",,,IEEE,"Henderson, Mark; Trung Dung Ngo",,,RRT-SMP: Socially-encoded Motion Primitives for Sampling-based Path Planning,2021 30TH IEEE INTERNATIONAL CONFERENCE ON ROBOT AND HUMAN INTERACTIVE COMMUNICATION (RO-MAN),IEEE RO-MAN,,,,30th IEEE International Conference on Robot and Human Interactive Communication (RO-MAN),"AUG 08-12, 2021",ELECTR NETWORK,IEEE,,,,,,,,,"Ngo, Trung/ITU-2233-2023; Henderson, Mark/P-6810-2018",,,,,,,,,,,,,,1944-9445,,978-1-6654-0492-1,,,,2021,,,,,,,330,336,,10.1109/RO-MAN50785.2021.9515460,http://dx.doi.org/10.1109/RO-MAN50785.2021.9515460,,,,,,,,,,,,,WOS:000709817200047,View Full Record in Web of Science
C,"Tomic, T; Maier, M; Haddadin, S",,,IEEE,"Tomic, Teodor; Maier, Moritz; Haddadin, Sami",,,Learning Quadrotor Maneuvers From Optimal Control and Generalizing in Real-Time,2014 IEEE INTERNATIONAL CONFERENCE ON ROBOTICS AND AUTOMATION (ICRA),IEEE International Conference on Robotics and Automation ICRA,,,,IEEE International Conference on Robotics and Automation (ICRA),"MAY 31-JUN 07, 2014","Hong Kong, PEOPLES R CHINA",IEEE,,,,,,,,,"Tomic, Teodor/J-8500-2019","Haddadin, Sami/0000-0001-7696-4955; Tomic, Teodor/0000-0002-8460-7568",,,,,,,,,,,,,1050-4729,2577-087X,978-1-4799-3685-4,,,,2014,,,,,,,1747,1754,,,,,,,,,,,,,,,,WOS:000377221101113,View Full Record in Web of Science
J,"Macedo, J; André, J; Santos, CP",,,,"Macedo, Joao; Andre, Joao; Santos, Cristina P.",,,Toward a flexible framework for learning: F3L,ROBOTICS AND AUTONOMOUS SYSTEMS,,,,,,,,,,,,,,,,,"Macedo, Joao/AAI-2019-2019; Santos, Cristina/L-8716-2014","Santos, Cristina/0000-0003-0023-7203",,,,,,,,,,,,,0921-8890,1872-793X,,,,DEC,2017,98,,,,,,276,291,,10.1016/j.robot.2017.06.007,http://dx.doi.org/10.1016/j.robot.2017.06.007,,,,,,,,,,,,,WOS:000414881500020,View Full Record in Web of Science
J,"Tang, ZL; Chen, BW; Lan, RS; Li, SM",,,,"Tang, Zhiling; Chen, Bowei; Lan, Rushi; Li, Simin",,,Vector Field Guided RRT* Based on Motion Primitives for Quadrotor Kinodynamic Planning,JOURNAL OF INTELLIGENT & ROBOTIC SYSTEMS,,,,,,,,,,,,,,,,,"Tang, Zhiling/KUD-9901-2024","Chen, Bowei/0000-0002-1811-8248",,,,,,,,,,,,,0921-0296,1573-0409,,,,DEC,2020,100,3-4,,,,,1325,1339,,10.1007/s10846-020-01231-y,http://dx.doi.org/10.1007/s10846-020-01231-y,,JUL 2020,,,,,,,,,,,WOS:000555668400001,View Full Record in Web of Science
J,"Clever, D; Harant, M; Koch, H; Mombaur, K; Endres, D",,,,"Clever, Debora; Harant, Monika; Koch, Henning; Mombaur, Katja; Endres, Dominik",,,A novel approach for the generation of complex humanoid walking sequences based on a combination of optimal control and learning of movement primitives,ROBOTICS AND AUTONOMOUS SYSTEMS,,,,,,,,,,,,,,,,,"Endres, Dominik/AAW-8412-2021","Clever, Debora/0000-0002-0542-3833",,,,,,,,,,,,,0921-8890,1872-793X,,,,SEP,2016,83,,,,,,287,298,,10.1016/j.robot.2016.06.001,http://dx.doi.org/10.1016/j.robot.2016.06.001,,,,,,,,,,,,,WOS:000382343800024,View Full Record in Web of Science
C,"Xu, DJ; Huang, PB; Li, ZJ; Feng, Y",,,IEEE,"Xu, Dianjun; Huang, Pengbo; Li, Zhijun; Feng, Ying",,,DMP-Based Motion Generation for a Walking Exoskeleton Robot Using Divergent Component of Motion,2022 INTERNATIONAL CONFERENCE ON ADVANCED ROBOTICS AND MECHATRONICS (ICARM 2022),,,,,7th IEEE International Conference on Advanced Robotics and Mechatronics,"JUL 09-11, 2022","Guilin, PEOPLES R CHINA","Guangxi Univ,Foshan Univ,So Univ Sci & Technol,IEEE Robot & Automat Soc,IEEE Syst Man & Cybernet Soc,IEEE RAS Tech Comm Neuro Robot Syst,IEEE SMC Tech Comm Bio Mechatron & Bio Robot Syst,Chinese Assoc Automat, Tech Comm Robot Intelligence,Beijing Inst Technol Press,MDPI, Machines,Springer,MDPI, Actuators,Gaitech Robot,Beijing Nokov Sci & Technol Co Ltd",,,,,,,,,"Li, Zhijun/ACT-9992-2022",,,,,,,,,,,,,,,,978-1-6654-8306-3,,,,2022,,,,,,,232,237,,10.1109/ICARM54641.2022.9959591,http://dx.doi.org/10.1109/ICARM54641.2022.9959591,,,,,,,,,,,,,WOS:000926398000038,View Full Record in Web of Science
C,"Otto, F; Celik, O; Zhou, HY; Ziesche, H; Vien, NA; Neumann, G",,"Liu, K; Kulic, D; Ichnowski, J",,"Otto, Fabian; Celik, Onur; Zhou, Hongyi; Ziesche, Hanna; Ngo Anh Vien; Neumann, Gerhard",,,Deep Black-Box Reinforcement Learning with Movement Primitives,"CONFERENCE ON ROBOT LEARNING, VOL 205",Proceedings of Machine Learning Research,,,,6th Conference on Robot Learning (CoRL),"DEC 14-18, 2022","Auckland, NEW ZEALAND",,,,,,,,,,"Zhou, Hong-Yi/A-5619-2010",,,,,,,,,,,,,,2640-3498,,,,,,2022,205,,,,,,1244,1265,,,,,,,,,,,,,,,,WOS:001232393400104,View Full Record in Web of Science
J,"Xue, XF; Zuo, L; Wang, N",,,,"Xue, Xianfa; Zuo, Lei; Wang, Ning",,,A Robot Human-Like Learning Framework Applied to Unknown Environment Interaction,COMPLEXITY,,,,,,,,,,,,,,,,,"Wang, Han/A-5016-2011","Wang, Ning/0000-0002-3264-1852",,,,,,,,,,,,,1076-2787,1099-0526,,,,MAR 1,2022,2022,,,,,,,,5648826,10.1155/2022/5648826,http://dx.doi.org/10.1155/2022/5648826,,,,,,,,,,,,,WOS:000777036500001,View Full Record in Web of Science
J,"Luo, LC; Foo, MJ; Ramanathan, M; Er, JK; Chiam, CH; Li, L; Yau, WY; Ang, WT",,,,"Luo, Lincong; Foo, Ming Jeat; Ramanathan, Manoj; Er, Jie Kai; Chiam, Chye Hsia; Li, Lei; Yau, Wei Yun; Ang, Wei Tech",,,Trajectory Generation and Control of a Lower Limb Exoskeleton for Gait Assistance,JOURNAL OF INTELLIGENT & ROBOTIC SYSTEMS,,,,,,,,,,,,,,,,,"Foo, Ming Jeat/HRC-8369-2023",,,,,,,,,,,,,,0921-0296,1573-0409,,,,NOV,2022,106,3,,,,,,,64,10.1007/s10846-022-01763-5,http://dx.doi.org/10.1007/s10846-022-01763-5,,,,,,,,,,,,,WOS:000883392400001,View Full Record in Web of Science
J,"Baumkircher, A; Seme, K; Munih, M; Mihelj, M",,,,"Baumkircher, Aljaz; Seme, Katja; Munih, Marko; Mihelj, Matjaz",,,Collaborative Robot Precision Task in Medical Microbiology Laboratory,SENSORS,,,,,,,,,,,,,,,,,,"Seme, Katja/0000-0003-4126-7644; Mihelj, Matjaz/0000-0003-2563-7094; Baumkircher, Aljaz/0000-0001-6825-1656",,,,,,,,,,,,,,1424-8220,,,,APR,2022,22,8,,,,,,,2862,10.3390/s22082862,http://dx.doi.org/10.3390/s22082862,,,,,,,,35458847,,,,,WOS:000785039600001,View Full Record in Web of Science
C,"Gams, A; Nemec, B; Zlajpah, L; Wächter, M; Ijspeert, A; Asfour, T; Ude, A",,"Amato, N",,"Gams, Andrej; Nemec, Bojan; Zlajpah, Leon; Waechter, Mirko; Ijspeert, Auke; Asfour, Tamim; Ude, Ales",,,Modulation of Motor Primitives using Force Feedback: Interaction with the Environment and Bimanual Tasks,2013 IEEE/RSJ INTERNATIONAL CONFERENCE ON INTELLIGENT ROBOTS AND SYSTEMS (IROS),IEEE International Conference on Intelligent Robots and Systems,,,,IEEE/RSJ International Conference on Intelligent Robots and Systems (IROS),"NOV 03-08, 2013","Tokyo, JAPAN","IEEE,IEEE Robot & Automat Soc,IEEE Ind Elect Soc,Robot Soc Japan,New Technol Fdn,Soc Instrument & Control Engineers,Kawada Robot,Reflexxes GmbH,Telecommunicat Advancement Fdn,Tateisi Sci & Technol Fdn",,,,,,,,,"Ude, Aleš/ABB-7839-2020","Ijspeert, Auke Jan/0000-0003-1417-9980; Gams, Andrej/0000-0002-9803-3593; Asfour, Tamim/0000-0003-4879-7680; Ude, Ales/0000-0003-3677-3972",,,,,,,,,,,,,2153-0858,,978-1-4673-6358-7,,,,2013,,,,,,,5629,5635,,,,,,,,,,,,,,,,WOS:000331367405103,View Full Record in Web of Science
J,"Gutow, G; Rogers, JD",,,,"Gutow, Geordan; Rogers, Jonathan D.",,,Koopman Operator Method for Chance-Constrained Motion Primitive Planning,IEEE ROBOTICS AND AUTOMATION LETTERS,,,,,,,,,,,,,,,,,,"Rogers, Jonathan/0000-0001-7196-1691; Gutow, Geordan/0000-0002-2137-6280",,,,,,,,,,,,,2377-3766,,,,,APR,2020,5,2,,,,,1572,1578,,10.1109/LRA.2020.2969187,http://dx.doi.org/10.1109/LRA.2020.2969187,,,,,,,,,,,,,WOS:000515851200002,View Full Record in Web of Science
J,"Cho, NJ; Lee, SH; Kim, JB; Suh, IH",,,,"Cho, Nam Jun; Lee, Sang Hyoung; Kim, Jong Bok; Suh, Il Hong",,,"Learning, Improving, and Generalizing Motor Skills for the Peg-in-Hole Tasks Based on Imitation Learning and Self-Learning",APPLIED SCIENCES-BASEL,,,,,,,,,,,,,,,,,,"Lee, Sang Hyoung/0000-0001-7695-8870; CHO, NAMJUN/0000-0002-1969-8344",,,,,,,,,,,,,,2076-3417,,,,FEB,2020,10,8,,,,,,,2719,10.3390/app10082719,http://dx.doi.org/10.3390/app10082719,,,,,,,,,,,,,WOS:000533352100083,View Full Record in Web of Science
J,"Pan, MZ; Deng, YW; Li, Z; Chen, Y; Liao, XL; Bian, GB",,,,"Pan, Ming-Zhang; Deng, Ya-Wen; Li, Zhen; Chen, Yuan; Liao, Xiao-Lan; Bian, Gui-Bin",,,Dynamic Multiaction Recognition and Expert Movement Mapping for Closed Pelvic Reduction,IEEE TRANSACTIONS ON INDUSTRIAL INFORMATICS,,,,,,,,,,,,,,,,,"Bian, Gui-Bin/ADZ-3133-2022","Bian, Gui-Bin/0000-0003-4708-2245; Li, Zhen/0000-0002-4033-8650",,,,,,,,,,,,,1551-3203,1941-0050,,,,AUG,2023,19,8,,,,,8667,8678,,10.1109/TII.2022.3220872,http://dx.doi.org/10.1109/TII.2022.3220872,,,,,,,,,,,,,WOS:001030673600011,View Full Record in Web of Science
C,"Kallmann, M; Bargmann, R; Mataric, M",,"Schaal, S; Ijspeert, A; Billard, A; Vijayakumar, S; Hallam, J; Meyer, JA",,"Kallmann, M; Bargmann, R; Mataric, M",,,Planning the sequencing of movement primitives,FROM ANIMALS TO ANIMATS 8,,,,,8th International Conference on Simulation of Adaptive Behavior (SAB 2004),"JUL 13-17, 2004","Los Angeles, CA",,,,,,,,,,,,,,,,,,,,,,,,,,0-262-69341-0,,,,2004,,,,,,,193,200,,,,,,,,,,,,,,,,WOS:000232494300021,View Full Record in Web of Science
C,"Çelikbilek, K; Välimäki, T; Ghabcheloo, R",,,IEEE,"Celikbilek, Kaan; Valimaki, Tuomas; Ghabcheloo, Reza",,,Trajectory Tracking via Probabilistic Movement Primitives for Hydraulic Manipulators,"2022 10TH INTERNATIONAL CONFERENCE ON CONTROL, MECHATRONICS AND AUTOMATION (ICCMA 2022)",,,,,"10th International Conference on Control, Mechatronics and Automation (ICCMA)","NOV 09-12, 2022","Luxembourg, LUXEMBOURG","IEEE,Univ Luxembourg,IEEE Robot & Automat Soc",,,,,,,,,"Ghabcheloo, Reza/B-7251-2015","Ghabcheloo, Reza/0000-0002-6043-4236; Valimaki, Tuomas/0000-0002-6361-5892; Celikbilek, Kaan/0000-0001-5170-8656",,,,,,,,,,,,,,,978-1-6654-9048-1,,,,2022,,,,,,,76,81,,10.1109/ICCMA56665.2022.10011592,http://dx.doi.org/10.1109/ICCMA56665.2022.10011592,,,,,,,,,,,,,WOS:000927573900014,View Full Record in Web of Science
J,"Yue, CF; Gao, T; Lu, L; Lin, T; Wu, YH",,,,"Yue, Chengfei; Gao, Tian; Lu, Lang; Lin, Tao; Wu, Yunhua",,,Probabilistic movement primitives based multi-task learning framework,COMPUTERS & INDUSTRIAL ENGINEERING,,,,,,,,,,,,,,,,,"YUE, Chengfei/AER-2412-2022","Yue, Chengfei/0000-0002-0058-2878; Tao, Lin/0009-0009-3065-3348",,,,,,,,,,,,,0360-8352,1879-0550,,,,MAY,2024,191,,,,,,,,110144,10.1016/j.cie.2024.110144,http://dx.doi.org/10.1016/j.cie.2024.110144,,APR 2024,,,,,,,,,,,WOS:001232007900001,View Full Record in Web of Science
J,"Guo, Y; Huang, HH; Guan, XP",,,,"Guo, Yi; Huang, Haohui; Guan, Xinping",,,Motion optimization for safe robot-environment interaction with force constraints,IET CONTROL THEORY AND APPLICATIONS,,,,,,,,,,,,,,,,,"Huang, Haohui/HLG-4006-2023; Guan, Xinping/U-1405-2017","Huang, Haohui/0000-0002-2669-3760",,,,,,,,,,,,,1751-8644,1751-8652,,,,OCT,2023,17,15,,,,,2056,2063,,10.1049/cth2.12424,http://dx.doi.org/10.1049/cth2.12424,,JAN 2023,,,,,,,,,,,WOS:000921494000001,View Full Record in Web of Science
J,"Paranjape, AA; Meier, KC; Shi, XC; Chung, SJ; Hutchinson, S",,,,"Paranjape, Aditya A.; Meier, Kevin C.; Shi, Xichen; Chung, Soon-Jo; Hutchinson, Seth",,,Motion primitives and 3D path planning for fast flight through a forest,INTERNATIONAL JOURNAL OF ROBOTICS RESEARCH,,,,,,,,,,,,,,,,,"Chung, Soon-Jo/GLS-2068-2022; Shi, Xichen/ABE-7680-2021","hutchinson, seth/0000-0002-3949-6061; Shi, Xichen/0000-0002-5366-9256; Chung, Soon-Jo/0000-0002-6657-3907",,,,,,,,,,,,,0278-3649,1741-3176,,,,MAR,2015,34,3,,,,,357,377,,10.1177/0278364914558017,http://dx.doi.org/10.1177/0278364914558017,,,,,,,,,,,,,WOS:000350472800007,View Full Record in Web of Science
C,"Ginesi, M; Meli, D; Roberti, A; Sansonetto, N; Fiorini, P",,,IEEE,"Ginesi, Michele; Meli, Daniele; Roberti, Andrea; Sansonetto, Nicola; Fiorini, Paolo",,,Autonomous task planning and situation awareness in robotic surgery,2020 IEEE/RSJ INTERNATIONAL CONFERENCE ON INTELLIGENT ROBOTS AND SYSTEMS (IROS),IEEE International Conference on Intelligent Robots and Systems,,,,IEEE/RSJ International Conference on Intelligent Robots and Systems (IROS),"OCT 24-JAN 24, 2020-2021",ELECTR NETWORK,"IEEE,RSJ",,,,,,,,,"Ginesi, Michele/HTP-7306-2023; Meli, Daniele/HJA-7415-2022","Ginesi, Michele/0000-0001-5845-3692",,,,,,,,,,,,,2153-0858,,978-1-7281-6212-6,,,,2020,,,,,,,3144,3150,,10.1109/IROS45743.2020.9341382,http://dx.doi.org/10.1109/IROS45743.2020.9341382,,,,,,,,,,,,,WOS:000714033801066,View Full Record in Web of Science
J,"Xie, HB; Mengersen, K; Di, CG; Zhang, YJ; Lipman, J; Van Huffel, S",,,,"Xie, Hongbo; Mengersen, Kerrie; Di, Changan; Zhang, Yongjian; Lipman, Justin; Van Huffel, Sabine",,,A Variational Bayesian Gaussian Mixture-Nonnegative Matrix Factorization Model to Extract Movement Primitives for Robust Control,IEEE TRANSACTIONS ON HUMAN-MACHINE SYSTEMS,,,,,,,,,,,,,,,,,"Lipman, Justin/AAX-5717-2020; Van Huffel, Sabine/T-2282-2017; Lipman, Justin/P-2268-2014","Van Huffel, Sabine/0000-0001-5939-0996; Mengersen, Kerrie/0000-0001-8625-9168; XIE, HONGBO/0000-0002-7739-3047; Zhang, Yongjian/0000-0002-8794-149X; Lipman, Justin/0000-0003-2877-1168",,,,,,,,,,,,,2168-2291,2168-2305,,,,DEC,2022,52,6,,,,,1258,1270,,10.1109/THMS.2022.3194593,http://dx.doi.org/10.1109/THMS.2022.3194593,,AUG 2022,,,,,,,,,,,WOS:000840474400001,View Full Record in Web of Science
C,"Penna, MF; Trigili, E; Amato, L; Eken, H; Dell'Agnello, F; Lanotte, F; Gruppioni, E; Vitiello, N; Crea, S",,,IEEE,"Penna, Michele Francesco; Trigili, Emilio; Amato, Lorenzo; Eken, Huseyin; Dell'Agnello, Filippo; Lanotte, Francesco; Gruppioni, Emanuele; Vitiello, Nicola; Crea, Simona",,,Decoding upper-limb movement intention through adaptive Dynamic Movement Primitives: a proof-of-concept study with a shoulder-elbow exoskeleton,"2023 INTERNATIONAL CONFERENCE ON REHABILITATION ROBOTICS, ICORR",International Conference on Rehabilitation Robotics ICORR,,,,International Conference on Rehabilitation Robotics (ICORR),"SEP 24-28, 2023","Singapore, SINGAPORE",,,,,,,,,,"PENNA, Michele Francesco/KII-6304-2024; Vitiello, Nicola/B-8960-2009; Amato, Lorenzo/KIE-5204-2024; Eken, Huseyin/KEH-6639-2024; Lanotte, Francesco/U-9575-2019","Dell'Agnello, Filippo/0000-0001-8166-3145; Eken, Huseyin/0000-0003-0891-9890; Lanotte, Francesco/0000-0001-8978-1074",,,,,,,,,,,,,1945-7898,,979-8-3503-4275-8,,,,2023,,,,,,,,,,10.1109/ICORR58425.2023.10304723,http://dx.doi.org/10.1109/ICORR58425.2023.10304723,,,,,,,,37941281,,,,,WOS:001103260000051,View Full Record in Web of Science
J,"Wu, HM; Xu, ZH; Yan, W; Su, QX; Li, S; Cheng, TB; Zhou, XF",,,,"Wu, Hongmin; Xu, Zhihao; Yan, Wu; Su, Qianxin; Li, Shuai; Cheng, Taobo; Zhou, Xuefeng",,,Incremental Learning Introspective Movement Primitives From Multimodal Unstructured Demonstrations,IEEE ACCESS,,,,,,,,,,,,,,,,,"Li, Shuai/ABD-5132-2021","Li, Shuai (Steven)/0009-0004-4499-0023",,,,,,,,,,,,,2169-3536,,,,,,2019,7,,,,,,159022,159036,,10.1109/ACCESS.2019.2947529,http://dx.doi.org/10.1109/ACCESS.2019.2947529,,,,,,,,,,,,,WOS:000497167600018,View Full Record in Web of Science
J,"Yang, L; Ariffin, MZ; Lou, BC; Lv, C; Campolo, D",,,,"Yang, Lin; Ariffin, Mohammad Zaidi; Lou, Baichuan; Lv, Chen; Campolo, Domenico",,,A Planning Framework for Robotic Insertion Tasks via Hydroelastic Contact Model,MACHINES,,,,,,,,,,,,,,,,,"Lou, Baichuan/AFH-8354-2022; Campolo, Domenico/G-5648-2010; Lv, Chen/N-7055-2018","YANG, Lin/0000-0001-5786-828X; Ariffin, Mohammad Zaidi/0000-0001-9131-5953; Lou, Baichuan/0000-0003-2770-4967; Campolo, Domenico/0000-0001-6930-0413; Lv, Chen/0000-0001-6897-4512",,,,,,,,,,,,,,2075-1702,,,,JUL,2023,11,7,,,,,,,741,10.3390/machines11070741,http://dx.doi.org/10.3390/machines11070741,,,,,,,,,,,,,WOS:001038654000001,View Full Record in Web of Science
J,"Ding, GW; Zang, XZ; Zhang, XH; Li, CL; Zhu, YH; Zhao, J",,,,"Ding, Guanwen; Zang, Xizhe; Zhang, Xuehe; Li, Changle; Zhu, Yanhe; Zhao, Jie",,,Robot Task-Constrained Optimization and Adaptation with Probabilistic Movement Primitives,BIOMIMETICS,,,,,,,,,,,,,,,,,"Li, Changle/HKO-4258-2023; zhu, yanhe/Q-1936-2015","Zhang, Xuehe/0000-0001-8138-2802; zhu, yanhe/0000-0002-1960-6278; Ding, Guanwen/0000-0002-3400-3037",,,,,,,,,,,,,,2313-7673,,,,DEC,2024,9,12,,,,,,,738,10.3390/biomimetics9120738,http://dx.doi.org/10.3390/biomimetics9120738,,,,,,,,39727742,,,,,WOS:001387720900001,View Full Record in Web of Science
J,"Escarabajal, RJ; Pulloquinga, JL; Zamora-Ortiz, P; Valera, A; Mata, V; Vallés, M",,,,"Escarabajal, Rafael J.; Pulloquinga, Jose L.; Zamora-Ortiz, Pau; Valera, Angel; Mata, Vicente; Valles, Marina",,,Imitation Learning-Based System for the Execution of Self-Paced Robotic-Assisted Passive Rehabilitation Exercises,IEEE ROBOTICS AND AUTOMATION LETTERS,,,,,,,,,,,,,,,,,"Pulloquinga Zapata, José Luis/AAU-1993-2020; Valera, Angel/Q-4476-2017; Mata-Amela, Vicente/C-6187-2016; Valles, Marina/H-9872-2018","Zamora Ortiz, Pau/0000-0002-7284-2181; Valera, Angel/0000-0001-6843-6394; Pulloquinga Zapata, Jose Luis/0000-0003-0403-4593; Mata-Amela, Vicente/0000-0003-2255-0567; Escarabajal Sanchez, Rafael Jose/0000-0001-6535-9098; Valles, Marina/0000-0002-6396-0098",,,,,,,,,,,,,2377-3766,,,,,JUL,2023,8,7,,,,,4283,4290,,10.1109/LRA.2023.3281884,http://dx.doi.org/10.1109/LRA.2023.3281884,,,,,,,,,,,,,WOS:001005624000010,View Full Record in Web of Science
J,"Reinhart, RF",,,,"Reinhart, Rene Felix",,,Autonomous exploration of motor skills by skill babbling,AUTONOMOUS ROBOTS,,,,,,,,,,,,,,,,,,"Reinhart, Felix/0000-0003-3305-1157",,,,,,,,,,,,,0929-5593,1573-7527,,,,OCT,2017,41,7,,,,,1521,1537,,10.1007/s10514-016-9613-x,http://dx.doi.org/10.1007/s10514-016-9613-x,,,,,,,,,,,,,WOS:000405513000004,View Full Record in Web of Science
C,"Pervez, A; Mao, YC; Lee, D",,,IEEE,"Pervez, Affan; Mao, Yuecheng; Lee, Dongheui",,,Learning Deep Movement Primitives using Convolutional Neural Networks,2017 IEEE-RAS 17TH INTERNATIONAL CONFERENCE ON HUMANOID ROBOTICS (HUMANOIDS),,,,,IEEE-RAS 17th International Conference on Humanoid Robotics (Humanoids),"NOV 15-17, 2017","Birmingham, ENGLAND","IEEE, RAS",,,,,,,,,,,,,,,,,,,,,,,,,978-1-5386-4678-6,,,,2017,,,,,,,191,197,,,,,,,,,,,,,,,,WOS:000427350100027,View Full Record in Web of Science
J,"Pervez, A; Latifee, H; Ryu, JH; Lee, D",,,,"Pervez, Affan; Latifee, Hiba; Ryu, Jee-Hwan; Lee, Dongheui",,,Motion encoding with asynchronous trajectories of repetitive teleoperation tasks and its extension to human-agent shared teleoperation,AUTONOMOUS ROBOTS,,,,,,,,,,,,,,,,,"Ryu, Jee-Hwan/AAI-1815-2019",,,,,,,,,,,,,,0929-5593,1573-7527,,,,DEC,2019,43,8,,,,,2055,2069,,10.1007/s10514-019-09853-4,http://dx.doi.org/10.1007/s10514-019-09853-4,,,,,,,,,,,,,WOS:000487951900008,View Full Record in Web of Science
C,"Sood, R; Vats, S; Likhachev, M",,,IEEE,"Sood, Raghav; Vats, Shivam; Likhachev, Maxim",,,Learning to Use Adaptive Motion Primitives in Search-Based Planning for Navigation,2020 IEEE/RSJ INTERNATIONAL CONFERENCE ON INTELLIGENT ROBOTS AND SYSTEMS (IROS),IEEE International Conference on Intelligent Robots and Systems,,,,IEEE/RSJ International Conference on Intelligent Robots and Systems (IROS),"OCT 24-JAN 24, 2020-2021",ELECTR NETWORK,"IEEE,RSJ",,,,,,,,,,,,,,,,,,,,,,,2153-0858,,978-1-7281-6212-6,,,,2020,,,,,,,6923,6929,,10.1109/IROS45743.2020.9341055,http://dx.doi.org/10.1109/IROS45743.2020.9341055,,,,,,,,,,,,,WOS:000724145801075,View Full Record in Web of Science
C,"Amirshirzad, N; Asada, M; Oztop, E",,,IEEE,"Amirshirzad, Negin; Asada, Minoru; Oztop, Erhan",,,Context based Echo State Networks for Robot Movement Primitives,"2023 32ND IEEE INTERNATIONAL CONFERENCE ON ROBOT AND HUMAN INTERACTIVE COMMUNICATION, RO-MAN",IEEE RO-MAN,,,,32nd IEEE International Conference on Robot and Human Interactive Communication (RO-MAN),"AUG 28-31, 2023","Busan, SOUTH KOREA",IEEE,,,,,,,,,"AMIRSHIRZAD, NEGIN/KBB-6386-2024; Oztop, Erhan/K-8111-2012",,,,,,,,,,,,,,1944-9445,,979-8-3503-3670-2,,,,2023,,,,,,,1077,1082,,10.1109/RO-MAN57019.2023.10309645,http://dx.doi.org/10.1109/RO-MAN57019.2023.10309645,,,,,,,,,,,,,WOS:001108678600127,View Full Record in Web of Science
C,"Gao, JF; Zhou, Y; Asfour, T",,"Asfour, T",,"Gao, Jianfeng; Zhou, You; Asfour, Tamim",,,Projected Force-Admittance Control for Compliant Bimanual Tasks,2018 IEEE-RAS 18TH INTERNATIONAL CONFERENCE ON HUMANOID ROBOTS (HUMANOIDS),IEEE-RAS International Conference on Humanoid Robots,,,,18th IEEE-RAS International Conference on Humanoid Robots (Humanoids),"NOV 06-09, 2018","Beijing Inst Technol, Beijing, PEOPLES R CHINA",IEEE RAS,Beijing Inst Technol,,,,,,,,,"Asfour, Tamim/0000-0003-4879-7680",,,,,,,,,,,,,2164-0572,,978-1-5386-7283-9,,,,2018,,,,,,,607,613,,,,,,,,,,,,,,,,WOS:000458689700087,View Full Record in Web of Science
C,"Spranger, J; Buzatoiu, R; Polydoros, A; Nalpantidis, L; Boukas, E",,,IEEE,"Spranger, Jordi; Buzatoiu, Roxana; Polydoros, Athanasios; Nalpantidis, Lazaros; Boukas, Evangelos",,,Human-Machine Interface for Remote Training of Robot Tasks,2018 IEEE INTERNATIONAL CONFERENCE ON IMAGING SYSTEMS AND TECHNIQUES (IST),IEEE International Conference on Imaging Systems and Techniques,,,,IEEE International Conference on Imaging Systems and Techniques (IST),"OCT 16-18, 2018","Krakow, POLAND","IEEE Instrumentat & Measurement,IEEE Advancing Technol Human",,,,,,,,,"Boukas, Evangelos/HPG-0014-2023; Polydoros, Athanasios S./M-2962-2019; Nalpantidis, Lazaros/AAV-9414-2021; Polydoros, Athanasios S./M-9081-2016","Polydoros, Athanasios S./0000-0002-4597-0567; Nalpantidis, Lazaros/0000-0002-3620-4123; Boukas, Evangelos/0000-0002-9919-5746",,,,,,,,,,,,,2471-6162,,978-1-5386-6628-9,,,,2018,,,,,,,243,247,,,,,,,,,,,,,,,,WOS:000455657200044,View Full Record in Web of Science
C,"Fang, C; Ding, XL",,,IEEE,"Fang, Cheng; Ding, Xilun",,,A Set of Basic Movement Primitives for Anthropomorphic Arms,2013 IEEE INTERNATIONAL CONFERENCE ON MECHATRONICS AND AUTOMATION (ICMA),,,,,10th IEEE International Conference on Mechatronics and Automation (ICMA),"AUG 04-07, 2013","Takamatsu, JAPAN","IEEE,IEEE Robot & Automat Soc,Kagawa Univ,Harbin Inst Technol, State Key Lab Robot & Syst,Robot Soc Japan,Japan Soc Mech Engineers,Japan Soc Precis Engn,Soc Instrument & Control Engineers,Beijing Inst Technol,Harbin Engn Univ,Univ Electro Commun,Univ Elect Sci & Technol China,Changchun Univ Sci & Technol,Tianjin Univ Technol",,,,,,,,,"Fang, Cheng/AAE-5813-2019","Fang, Cheng/0000-0002-8535-3774",,,,,,,,,,,,,,,978-1-4673-5560-5,,,,2013,,,,,,,639,644,,,,,,,,,,,,,,,,WOS:000335375900108,View Full Record in Web of Science
J,"Hwang, SH; Sun, DI; Han, J; Kim, WS",,,,"Hwang, Seung Hoon; Sun, Dong Ik; Han, Jeakweon; Kim, Wan-Soo",,,Gait pattern generation algorithm for lower-extremity rehabilitation-exoskeleton robot considering wearer's condition,INTELLIGENT SERVICE ROBOTICS,,,,,,,,,,,,,,,,,"Hwang, Seung-Hoon/T-8027-2018","Han, Jeakweon/0000-0003-0539-9519",,,,,,,,,,,,,1861-2776,1861-2784,,,,JUL,2021,14,3,,,SI,,345,355,,10.1007/s11370-020-00346-3,http://dx.doi.org/10.1007/s11370-020-00346-3,,FEB 2021,,,,,,,,,,,WOS:000614681800001,View Full Record in Web of Science
J,"Abu-Dakka, FJ; Valera, A; Escalera, JA; Abderrahim, M; Page, A; Mata, V",,,,"Abu-Dakka, Fares J.; Valera, Angel; Escalera, Juan A.; Abderrahim, Mohamed; Page, Alvaro; Mata, Vicente",,,Passive Exercise Adaptation for Ankle Rehabilitation Based on Learning Control Framework,SENSORS,,,,,,,,,,,,,,,,,"AbuDakka, Fares/M-2085-2019; Page, Álvaro/LZE-9512-2025; ESCALERA, JUAN ANTONIO/S-5460-2018; Abu-Dakka, Fares J./M-4099-2014; Valera, Angel/Q-4476-2017; Mata-Amela, Vicente/C-6187-2016; Abderrahim, Mohamed/E-3059-2017","ESCALERA, JUAN ANTONIO/0000-0003-1959-4366; Abu-Dakka, Fares J./0000-0001-9062-9416; Valera, Angel/0000-0001-6843-6394; Mata-Amela, Vicente/0000-0003-2255-0567; Abderrahim, Mohamed/0000-0003-4493-5927",,,,,,,,,,,,,,1424-8220,,,,NOV,2020,20,21,,,,,,,6215,10.3390/s20216215,http://dx.doi.org/10.3390/s20216215,,,,,,,,33142669,,,,,WOS:000593554700001,View Full Record in Web of Science
J,"Sloth, C; Kramberger, A; Iturrate, I",,,,"Sloth, Christoffer; Kramberger, Aljaz; Iturrate, Inigo",,,Towards easy setup of robotic assembly tasks,ADVANCED ROBOTICS,,,,,,,,,,,,,,,,,"Sloth, Christoffer Eg/F-5844-2011; Iturrate, Inigo/U-7913-2018; Kramberger, Aljaz/X-2654-2018","Sloth, Christoffer Eg/0000-0002-3309-6278; Iturrate, Inigo/0000-0001-7922-1946; Kramberger, Aljaz/0000-0002-4830-4885",,,,,,,,,,,,,0169-1864,1568-5535,,,,APR 17,2020,34,7-8,,,SI,,499,513,,10.1080/01691864.2019.1704869,http://dx.doi.org/10.1080/01691864.2019.1704869,,DEC 2019,,,,,,,,,,,WOS:000504523500001,View Full Record in Web of Science
C,"Hwang, S; Pati, T; Lee, H; Yong, SZ",,,,"Hwang, Seunghoon; Pati, Tarun; Lee, Hyunglae; Yong, Sze Zheng",,,Preventing Ankle Sprain: Integrating Preview Control Barrier Functions with Human Movement Primitive Prediction,IFAC PAPERSONLINE,,,,,5th IFAC Workshop on Cyber-Physical Human Systems,"DEC 12-13, 2024","Antalya, TURKEY","Int Federat Automatic Control (IFAC),Systems & Control Societal Impact,Adaptive & Learning Systems,Stochastic Systems,Optimal Control,Robust Control,Computers Control,Human Machine Systems,Aerospace,Transportation Systems,Economic, Business & Financial Systems,Control Smart Cities,Baykar,Amazon,FNSS,Aselsan,Harp",,,,,,,,,,,,,,,,,,,,,,,2405-8963,,,,,,2024,58,30,,,,,61,66,,10.1016/j.ifacol.2025.01.157,http://dx.doi.org/10.1016/j.ifacol.2025.01.157,,,,,,,,,,,,,WOS:001403404200011,View Full Record in Web of Science
J,"Chand, P; Veer, S; Poulakakis, I",,,,"Chand, Prem; Veer, Sushant; Poulakakis, Ioannis",,,Interactive Dynamic Walking: Learning Gait Switching Policies With Generalization Guarantees,IEEE ROBOTICS AND AUTOMATION LETTERS,,,,,,,,,,,,,,,,,"Veer, Sushant/AAG-4773-2019","Chand, Prem/0000-0002-9598-8669; Poulakakis, Ioannis/0000-0001-7045-1075",,,,,,,,,,,,,2377-3766,,,,,APR,2022,7,2,,,,,4149,4156,,10.1109/LRA.2022.3147006,http://dx.doi.org/10.1109/LRA.2022.3147006,,,,,,,,,,,,,WOS:000766269000001,View Full Record in Web of Science
C,"Theofanidis, M; Bozcuoglu, AK; Neumann, M; Cloud, J; Kyrarini, M; Makedon, F; Beetz, M",,,ACM,"Theofanidis, Michail; Bozcuoglu, Asil Kaan; Neumann, Michael; Cloud, Joe; Kyrarini, Maria; Makedon, Fillia; Beetz, Michael",,,Learning Visuomotor Policies with Deep Movement Primitives,"THE 14TH ACM INTERNATIONAL CONFERENCE ON PERVASIVE TECHNOLOGIES RELATED TO ASSISTIVE ENVIRONMENTS, PETRA 2021",,,,,14th ACM International Conference on Pervasive Technologies Related to Assistive Environments (PETRA),"JUN 29-JUL 01, 2021",ELECTR NETWORK,"Assoc Comp Machinery,Univ Texas Arlington, Coll Engn,Natl Sci Fdn,Univ Texas Arlington, Dept Comp Sci & Engn,Univ Texas Arlington, Human Centered Comp Lab,Univ Texas Arlington, iPerform Ind Univ NSF Ctr,Natl Ctr Sci Res,Sensors,Technologies",,,,,,,,,"Kyrarini, Maria/AAE-2453-2019","Beetz, Michael/0000-0002-7888-7444; Theofanidis, Michail/0009-0002-0669-216X; Kyrarini, Maria/0000-0003-0968-2477",,,,,,,,,,,,,,,978-1-4503-8792-7,,,,2021,,,,,,,140,146,,10.1145/3453892.3453899,http://dx.doi.org/10.1145/3453892.3453899,,,,,,,,,,,,,WOS:001119017800028,View Full Record in Web of Science
B,"Denisa, M; Petric, T; Gams, A; Ude, A",,"Hurtado, EG",,"Denisa, Miha; Petric, Tadej; Gams, Andrej; Ude, Ales",,,A Review of Compliant Movement Primitives,ROBOT CONTROL,,,,,,,,,,,,,,,,,"Ude, Aleš/ABB-7839-2020; Petric, Tadej/AAS-2471-2021; Deniša, Miha/AAE-5331-2019",,,,,,,,,,,,,,,,978-953-51-2685-0; 978-953-51-2684-3,,,,2016,,,,,,,1,17,,10.5772/64058,http://dx.doi.org/10.5772/64058,10.5772/61728,,,,,,,,,,,,WOS:000398806400002,View Full Record in Web of Science
J,"Gutow, G; Rogers, JD",,,,"Gutow, Geordan; Rogers, Jonathan D.",,,AND/OR search techniques for chance constrained motion primitive path planning,ROBOTICS AND AUTONOMOUS SYSTEMS,,,,,,,,,,,,,,,,,,"Gutow, Geordan/0000-0002-2137-6280",,,,,,,,,,,,,0921-8890,1872-793X,,,,MAR,2022,149,,,,,,,,103991,10.1016/j.robot.2021.103991,http://dx.doi.org/10.1016/j.robot.2021.103991,,JAN 2022,,,,,,,,,,,WOS:000788062200001,View Full Record in Web of Science
J,"Dou, SX; Xiao, JL; Zhao, W; Yuan, H; Liu, HT",,,,"Dou, Saixiong; Xiao, Juliang; Zhao, Wei; Yuan, Hang; Liu, Haitao",,,A Robot Skill Learning Framework Based on Compliant Movement Primitives,JOURNAL OF INTELLIGENT & ROBOTIC SYSTEMS,,,,,,,,,,,,,,,,,"liu, haitao/G-6290-2011","Xiao, Juliang/0000-0002-8221-8104",,,,,,,,,,,,,0921-0296,1573-0409,,,,MAR,2022,104,3,,,,,,,53,10.1007/s10846-022-01605-4,http://dx.doi.org/10.1007/s10846-022-01605-4,,,,,,,,,,,,,WOS:000767931700001,View Full Record in Web of Science
J,"Xue, HH; Herzog, R; Berger, TM; Bäeumer, T; Weissbach, A; Rueckert, E",,,,"Xue, Honghu; Herzog, Rebecca; Berger, Till M.; Baeumer, Tobias; Weissbach, Anne; Rueckert, Elmar",,,Using Probabilistic Movement Primitives in Analyzing Human Motion Differences Under Transcranial Current Stimulation,FRONTIERS IN ROBOTICS AND AI,,,,,,,,,,,,,,,,,,"Rueckert, Elmar/0000-0003-1221-8253; Herzog, Rebecca/0000-0002-5906-5947",,,,,,,,,,,,,2296-9144,,,,,SEP 14,2021,8,,,,,,,,721890,10.3389/frobt.2021.721890,http://dx.doi.org/10.3389/frobt.2021.721890,,,,,,,,34595209,,,,,WOS:000704587900001,View Full Record in Web of Science
C,"Park, RC; Jo, K",,"Lenarcic, J; Galletti, C",,"Park, RC; Jo, K",,,Movement primitives and principal component analysis,ON ADVANCES IN ROBOT KINEMATICS,,,,,9th International Symposium on Advances in Robot Kinematics,"JUN, 2004","Sestri Levante, ITALY","Univ Genova,Josef Stefan Inst,Int Federat Promot Mechanism & Machine Sci",,,,,,,,,,,,,,,,,,,,,,,,,1-4020-2248-4,,,,2004,,,,,,,421,430,,,,,,,,,,,,,,,,WOS:000222855800045,View Full Record in Web of Science
S,"Karg, M; Kulic, D",,"Westhead, DR; Vijayabaskar, MS",,"Karg, Michelle; Kulic, Dana",,,Modeling Movement Primitives with Hidden Markov Models for Robotic and Biomedical Applications,HIDDEN MARKOV MODELS: METHODS AND PROTOCOLS,Methods in Molecular Biology,,,,,,,,,,,,,,,,,"Kulic, Dana/0000-0002-4169-2141",,,,,,,,,,,,,1064-3745,1940-6029,978-1-4939-6753-7; 978-1-4939-6751-3,,,,2017,1552,,,,,,199,213,,10.1007/978-1-4939-6753-7_15,http://dx.doi.org/10.1007/978-1-4939-6753-7_15,10.1007/978-1-4939-6753-7,,,,,,,28224501,,,,,WOS:000412074400016,View Full Record in Web of Science
C,"Lee, D; Nakamura, Y",,,IEEE,"Lee, Dongheui; Nakamura, Yoshihiko",,,Stochastic model of imitating a new observed motion based on the acquired motion primitives,"2006 IEEE/RSJ INTERNATIONAL CONFERENCE ON INTELLIGENT ROBOTS AND SYSTEMS, VOLS 1-12",,,,,IEEE/RSJ International Conference on Intelligent Robots and Systems,"OCT 09-13, 2006","Beijing, PEOPLES R CHINA","IEEE,RSJ",,,,,,,,,"Nakamura, Yoshihiko/M-1019-2014","Nakamura, Yoshihiko/0000-0001-7162-5102",,,,,,,,,,,,,,,978-1-4244-0258-8,,,,2006,,,,,,,4994,+,,10.1109/IROS.2006.282525,http://dx.doi.org/10.1109/IROS.2006.282525,,,,,,,,,,,,,WOS:000245452405012,View Full Record in Web of Science
C,"Denisa, M; Gams, A; Ude, A; Petric, T",,"Kalkan, S; Saranli, U",,"Denisa, Miha; Gams, Andrej; Ude, Ales; Petric, Tadej",,,Generalization of Discrete Compliant Movement Primitives,PROCEEDINGS OF THE 17TH INTERNATIONAL CONFERENCE ON ADVANCED ROBOTICS (ICAR),,,,,International Conference on Advanced Robotics (ICAR),"JUL 27-31, 2015","Istanbul, TURKEY","ODTU METU,Kadir Has Univ,IEEE,IEEE Robotics & Automation Soc,Aselsan,TAI,ALDEBARAN,TeknodroM,FORD OTOSAN,SABLAB Simulation,bama teknolo,ODTU TEKNOKENT,MILVUS",,,,,,,,,"Deniša, Miha/AAE-5331-2019; Ude, Aleš/ABB-7839-2020; Petric, Tadej/AAS-2471-2021","Ude, Ales/0000-0003-3677-3972; Gams, Andrej/0000-0002-9803-3593; Denisa, Miha/0000-0002-9478-4656",,,,,,,,,,,,,,,978-1-4673-7509-2,,,,2015,,,,,,,565,572,,,,,,,,,,,,,,,,WOS:000380471000088,View Full Record in Web of Science
C,"Hauser, K; Bretl, T; Harada, K; Latombe, JC",,"Akella, S; Amato, NM; Huang, WH; Mishra, B",,"Hauser, Kris; Bretl, Timothy; Harada, Kensuke; Latombe, Jean-Claude",,,Using Motion Primitives in Probabilistic Sample-Based Planning for Humanoid Robots,ALGORITHMIC FOUNDATION OF ROBOTICS VII,Springer Tracts in Advanced Robotics,,,,7th International Workshop on Algorithmic Foundations of Robotics,"JUL 16-18, 2006","New York, NY",,,,,,,,,,"Harada, Kensuke/M-3376-2016","Harada, Kensuke/0000-0002-7576-756X",,,,,,,,,,,,,1610-7438,1610-742X,978-3-540-68404-6,,,,2008,47,,,,,,507,+,,,,,,,,,,,,,,,,WOS:000259690300032,View Full Record in Web of Science
C,"Butzke, J; Sapkota, K; Prasad, K; MacAllister, B; Likhachev, M",,,IEEE,"Butzke, Jonathan; Sapkota, Krishna; Prasad, Kush; MacAllister, Brian; Likhachev, Maxim",,,State Lattice with Controllers: Augmenting Lattice-Based Path Planning with Controller-Based Motion Primitives,2014 IEEE/RSJ INTERNATIONAL CONFERENCE ON INTELLIGENT ROBOTS AND SYSTEMS (IROS 2014),IEEE International Conference on Intelligent Robots and Systems,,,,IEEE/RSJ International Conference on Intelligent Robots and Systems (IROS),"SEP 14-18, 2014","Chicago, IL","IEEE,Robot Soc Japan,RA,SICE,IES,New Technol Fdn",,,,,,,,,,,,,,,,,,,,,,,2153-0858,,978-1-4799-6934-0,,,,2014,,,,,,,258,265,,,,,,,,,,,,,,,,WOS:000349834600039,View Full Record in Web of Science
C,"Hu, YD; Li, K; Wei, N",,,IEEE,"Hu, Yuandong; Li, Ke; Wei, Na",,,Learn to Grasp Objects with Dexterous Robot Manipulator from Human Demonstration,2022 INTERNATIONAL CONFERENCE ON ADVANCED ROBOTICS AND MECHATRONICS (ICARM 2022),,,,,7th IEEE International Conference on Advanced Robotics and Mechatronics,"JUL 09-11, 2022","Guilin, PEOPLES R CHINA","Guangxi Univ,Foshan Univ,So Univ Sci & Technol,IEEE Robot & Automat Soc,IEEE Syst Man & Cybernet Soc,IEEE RAS Tech Comm Neuro Robot Syst,IEEE SMC Tech Comm Bio Mechatron & Bio Robot Syst,Chinese Assoc Automat, Tech Comm Robot Intelligence,Beijing Inst Technol Press,MDPI, Machines,Springer,MDPI, Actuators,Gaitech Robot,Beijing Nokov Sci & Technol Co Ltd",,,,,,,,,"Li, Ke/AER-8942-2022",,,,,,,,,,,,,,,,978-1-6654-8306-3,,,,2022,,,,,,,1062,1067,,10.1109/ICARM54641.2022.9959710,http://dx.doi.org/10.1109/ICARM54641.2022.9959710,,,,,,,,,,,,,WOS:000926398000177,View Full Record in Web of Science
J,"Paraschos, A; Rueckert, E; Peters, J; Neumann, G",,,,"Paraschos, Alexandros; Rueckert, Elmar; Peters, Jan; Neumann, Gerhard",,,Probabilistic movement primitives under unknown system dynamics,ADVANCED ROBOTICS,,,,,,,,,,,,,,,,,"Peters, Jan/D-5068-2009","Rueckert, Elmar/0000-0003-1221-8253",,,,,,,,,,,,,0169-1864,1568-5535,,,,,2018,32,6,,,,,297,310,,10.1080/01691864.2018.1437674,http://dx.doi.org/10.1080/01691864.2018.1437674,,,,,,,,,,,,,WOS:000430933400002,View Full Record in Web of Science
J,"Yuan, YX; Li, ZJ; Zhao, T; Gan, D",,,,"Yuan, Yuxia; Li, Zhijun; Zhao, Ting; Gan, Di",,,DMP-Based Motion Generation for a Walking Exoskeleton Robot Using Reinforcement Learning,IEEE TRANSACTIONS ON INDUSTRIAL ELECTRONICS,,,,,,,,,,,,,,,,,"Li, Zhijun/ACT-9992-2022",,,,,,,,,,,,,,0278-0046,1557-9948,,,,MAY,2020,67,5,,,,,3830,3839,,10.1109/TIE.2019.2916396,http://dx.doi.org/10.1109/TIE.2019.2916396,,,,,,,,,,,,,WOS:000516608400048,View Full Record in Web of Science
C,"Veer, S; Poulakakis, I",,"Howard, A; Althoefer, K; Arai, F; Arrichiello, F; Caputo, B; Castellanos, J; Hauser, K; Isler, V; Kim, J; Liu, H; Oh, P; Santos, V; Scaramuzza, D; Ude, A; Voyles, R; Yamane, K; Okamura, A",IEEE,"Veer, Sushant; Poulakakis, Ioannis",,,Safe Adaptive Switching among Dynamical Movement Primitives: Application to 3D Limit-Cycle Walkers,2019 INTERNATIONAL CONFERENCE ON ROBOTICS AND AUTOMATION (ICRA),IEEE International Conference on Robotics and Automation ICRA,,,,IEEE International Conference on Robotics and Automation (ICRA),"MAY 20-24, 2019","Montreal, CANADA","Bosch,DJI,Kinova,Mercedes Benz,Samsung,Argo AI,Clearpath Robot,Element AI,Fetch Robot,Huawei,iRobot,KUKA,Quanser,SICK,Toyota Res Inst,Uber,Waymo,Zhejiang Lab,Amazon,Applanix,Cloudminds,Honda Res Inst,MathWorks,Ouster",,,,,,,,,"Veer, Sushant/AAG-4773-2019",,,,,,,,,,,,,,1050-4729,2577-087X,978-1-5386-6026-3,,,,2019,,,,,,,3719,3725,,10.1109/icra.2019.8793519,http://dx.doi.org/10.1109/icra.2019.8793519,,,,,,,,,,,,,WOS:000494942302109,View Full Record in Web of Science
J,"Zhou, CL; Wang, BX; Zhu, QG; Wu, J",,,,"Zhou, Chunlin; Wang, Boxing; Zhu, Qiuguo; Wu, Jun",,,An online gait generator for quadruped walking using motor primitives,INTERNATIONAL JOURNAL OF ADVANCED ROBOTIC SYSTEMS,,,,,,,,,,,,,,,,,"Wu, Jun/B-4660-2012",,,,,,,,,,,,,,1729-8814,,,,,NOV 18,2016,13,,,,,,,,,10.1177/1729881416657960,http://dx.doi.org/10.1177/1729881416657960,,,,,,,,,,,,,WOS:000394815200001,View Full Record in Web of Science
J,"Sakcak, B; Bascetta, L; Ferretti, G; Prandini, M",,,,"Sakcak, Basak; Bascetta, Luca; Ferretti, Gianni; Prandini, Maria",,,Sampling-based optimal kinodynamic planning with motion primitives,AUTONOMOUS ROBOTS,,,,,,,,,,,,,,,,,"Prandini, Maria/AAF-2949-2021; Bascetta, Luca/AAC-4639-2019","Bascetta, Luca/0000-0002-5029-1083; PRANDINI, MARIA/0000-0001-7443-4117; Sakcak, Basak/0000-0002-0388-6172",,,,,,,,,,,,,0929-5593,1573-7527,,,,OCT,2019,43,7,,,,,1715,1732,,10.1007/s10514-019-09830-x,http://dx.doi.org/10.1007/s10514-019-09830-x,,,,,,,,,,,,,WOS:000482455800006,View Full Record in Web of Science
J,"Paraschos, A; Daniel, C; Peters, J; Neumann, G",,,,"Paraschos, Alexandros; Daniel, Christian; Peters, Jan; Neumann, Gerhard",,,Using probabilistic movement primitives in robotics,AUTONOMOUS ROBOTS,,,,,,,,,,,,,,,,,"Peters, Jan/D-5068-2009",,,,,,,,,,,,,,0929-5593,1573-7527,,,,MAR,2018,42,3,,,,,529,551,,10.1007/s10514-017-9648-7,http://dx.doi.org/10.1007/s10514-017-9648-7,,,,,,,,,,,,,WOS:000425113800002,View Full Record in Web of Science
J,"Liao, ZW; Jiang, GD; Zhao, F; Wu, YQ; Yue, Y; Mei, XS",,,,"Liao, Zhiwei; Jiang, Gedong; Zhao, Fei; Wu, Yuqiang; Yue, Yang; Mei, Xuesong",,,Dynamic Skill Learning From Human Demonstration Based on the Human Arm Stiffness Estimation Model and Riemannian DMP,IEEE-ASME TRANSACTIONS ON MECHATRONICS,,,,,,,,,,,,,,,,,,"mei, xuesong/0000-0001-6505-2774; zhao, fei/0000-0002-1405-5593",,,,,,,,,,,,,1083-4435,1941-014X,,,,APR,2023,28,2,,,,,1149,1160,,10.1109/TMECH.2022.3212707,http://dx.doi.org/10.1109/TMECH.2022.3212707,,,,,,,,,,,,,WOS:001023409700049,View Full Record in Web of Science
C,"Ubellacker, W; Ames, AD",,,IEEE,"Ubellacker, Wyatt; Ames, Aaron D.",,,Robust Locomotion on Legged Robots through Planning on Motion Primitive Graphs,2023 IEEE INTERNATIONAL CONFERENCE ON ROBOTICS AND AUTOMATION (ICRA 2023),IEEE International Conference on Robotics and Automation ICRA,,,,IEEE International Conference on Robotics and Automation (ICRA),"MAY 29-JUN 02, 2023","London, ENGLAND","IEEE,IEEE Robot & Automat Soc",,,,,,,,,,,,,,,,,,,,,,,1050-4729,2577-087X,979-8-3503-2365-8,,,,2023,,,,,,,12142,12148,,10.1109/ICRA48891.2023.10160672,http://dx.doi.org/10.1109/ICRA48891.2023.10160672,,,,,,,,,,,,,WOS:001048371104038,View Full Record in Web of Science
C,"Nemec, B; Forte, D; Vuga, R; Tamosiunaite, M; Wörgötter, F; Ude, A",,,IEEE,"Nemec, Bojan; Forte, Denis; Vuga, Rok; Tamosiunaite, Minija; Woergoetter, Florentin; Ude, Ales",,,Applying statistical generalization to determine search direction for reinforcement learning of movement primitives,2012 12TH IEEE-RAS INTERNATIONAL CONFERENCE ON HUMANOID ROBOTS (HUMANOIDS),IEEE-RAS International Conference on Humanoid Robots,,,,12th IEEE-RAS International Conference on Humanoid Robots (Humanoids),"NOV 29-DEC 01, 2012","Osaka, JAPAN",IEEE RAS,,,,,,,,,"Ude, Aleš/ABB-7839-2020","Ude, Ales/0000-0003-3677-3972",,,,,,,,,,,,,2164-0572,,978-1-4673-1369-8,,,,2012,,,,,,,65,70,,,,,,,,,,,,,,,,WOS:000392842100010,View Full Record in Web of Science
J,"Sutanto, G; Rombach, K; Chebotar, Y; Su, Z; Schaal, S; Sukhatme, GS; Meier, F",,,,"Sutanto, Giovanni; Rombach, Katharina; Chebotar, Yevgen; Su, Zhe; Schaal, Stefan; Sukhatme, Gaurav S.; Meier, Franziska",,,Supervised learning and reinforcement learning of feedback models for reactive behaviors: Tactile feedback testbed,INTERNATIONAL JOURNAL OF ROBOTICS RESEARCH,,,,,,,,,,,,,,,,,"Sutanto, Giovanni/ABE-8297-2021",,,,,,,,,,,,,,0278-3649,1741-3176,,,,NOV,2022,41,13-14,,,,,1121,1145,,10.1177/02783649221143399,http://dx.doi.org/10.1177/02783649221143399,,,,,,,,,,,,,WOS:000893657100003,View Full Record in Web of Science
C,"Löw, T; Bandyopadhyay, T; Williams, J; Borges, PVK",,"Shell, DA; Toussaint, M; Hsieh, MA",,"Loew, Tobias; Bandyopadhyay, Tirthankar; Williams, Jason; Borges, Paulo V. K.",,,PROMPT: Probabilistic Motion Primitives based Trajectory Planning,ROBOTICS: SCIENCE AND SYSTEM XVII,Robotics - Science and Systems,,,,Conference on Robotics - Science and Systems,"JUL 12-16, 2021",ELECTR NETWORK,,,,,,,,,,"Borges, Paulo/B-7538-2011",,,,,,,,,,,,,,2330-7668,2330-765X,978-0-9923747-7-8,,,,2021,,,,,,,,,,,,,,,,,,,,,,,,WOS:000684604200058,View Full Record in Web of Science
J,"White, PJ; Yim, M",,,,"White, P. J.; Yim, M.",,,Reliable External Actuation for Full Reachability in Robotic Modular Self-reconfiguration,INTERNATIONAL JOURNAL OF ROBOTICS RESEARCH,,,,,11th International Symposium on Experimental Robotics (ISER),"JUL 13-16, 2008","Athens, GREECE",European Robot Res Network,,,,,,,,,"White, Peta/A-2273-2019",,,,,,,,,,,,,,0278-3649,1741-3176,,,,APR,2010,29,5,,,SI,,598,612,,10.1177/0278364909351942,http://dx.doi.org/10.1177/0278364909351942,,,,,,,,,,,,,WOS:000276644400008,View Full Record in Web of Science
C,"Vonásek, V; Penc, O; Kosnar, K; Preucil, L",,"Kozlowski, K; Tokhi, MO; Virk, GS",,"Vonasek, Vojtech; Penc, Ondrej; Kosnar, Karel; Preucil, Libor",,,OPTIMIZATION OF MOTION PRIMITIVES FOR HIGH-LEVEL MOTION PLANNING OF MODULAR ROBOTS,MOBILE SERVICE ROBOTICS,,,,,17th International Conference on Climbing and Walking Robots (CLAWAR),"JUL 21-23, 2014","Poznan, POLAND","IEEE Robot & Automat Soc,Int Federat Promot Mechanism & Machine Sci,Advancing Soc Med Technol,Assoc Advancement Med Instrumentat,Poznan Univ Technol,Warsaw Univ Technol,CLAWAR Assoc",,,,,,,,,"Vonásek, Vojtěch/GRJ-7653-2022; Preucil, Libor/G-9530-2014; Peralva, Bernardo/AAD-2086-2022; Kosnar, Karel/N-9312-2013; Penc, Ondrej/H-3032-2014","Kosnar, Karel/0000-0002-6362-4254; Penc, Ondrej/0000-0002-5433-3981; Vonasek, Vojtech/0000-0001-9224-2151",,,,,,,,,,,,,,,978-981-4623-34-6,,,,2014,,,,,,,109,+,,,,,,,,,,,,,,,,WOS:000342693100014,View Full Record in Web of Science
J,"Ude, A; Gams, A; Asfour, T; Morimoto, J",,,,"Ude, Ales; Gams, Andrej; Asfour, Tamim; Morimoto, Jun",,,Task-Specific Generalization of Discrete and Periodic Dynamic Movement Primitives,IEEE TRANSACTIONS ON ROBOTICS,,,,,,,,,,,,,,,,,"Ude, Aleš/ABB-7839-2020","Gams, Andrej/0000-0002-9803-3593; Asfour, Tamim/0000-0003-4879-7680; Ude, Ales/0000-0003-3677-3972",,,,,,,,,,,,,1552-3098,1941-0468,,,,OCT,2010,26,5,,,,,800,815,,10.1109/TRO.2010.2065430,http://dx.doi.org/10.1109/TRO.2010.2065430,,,,,,,,,,,,,WOS:000283373400003,View Full Record in Web of Science
C,"Petric, T; Goljat, R; Babic, J",,"Asfour, T; Billard, A; Harada, K; Kulic, D; Ude, A; Venture, G; Yamane, K; Yokoi, K; Yoshida, E",,"Petric, Tadej; Goljat, Rok; Babic, Jan",,,Cooperative human-robot control based on Fitts' law,2016 IEEE-RAS 16TH INTERNATIONAL CONFERENCE ON HUMANOID ROBOTS (HUMANOIDS),IEEE-RAS International Conference on Humanoid Robots,,,,16th IEEE-RAS International Conference on Humanoid Robots (Humanoids),"NOV 15-17, 2016","Mexican Assoc Comp Vis Robot & Neural Comp, Cancun, MEXICO","IEEE Robot & Automat Soc,Disney Res,ROBOTIS,INTEL,PAL,MACVNR,CONACYT,CINVESTAV",Mexican Assoc Comp Vis Robot & Neural Comp,,,,,,,,"Petric, Tadej/AAS-2471-2021",,,,,,,,,,,,,,2164-0572,,978-1-5090-4718-5,,,,2016,,,,,,,345,350,,,,,,,,,,,,,,,,WOS:000403009300054,View Full Record in Web of Science
C,"Maeda, G; Ewerton, M; Lioutikov, R; Ben Amor, H; Peters, J; Neumann, G",,,IEEE,"Maeda, Guilherme; Ewerton, Marco; Lioutikov, Rudolf; Ben Amor, Heni; Peters, Jan; Neumann, Gerhard",,,Learning Interaction for Collaborative Tasks with Probabilistic Movement Primitives,2014 14th IEEE-RAS International Conference on Humanoid Robots (Humanoids),IEEE-RAS International Conference on Humanoid Robots,,,,14th IEEE-RAS International Conference on Humanoid Robots (Humanoids),"NOV 18-20, 2014","Madrid, SPAIN",IEEE RAS,,,,,,,,,"Peters, Jan/D-5068-2009","Neumann, Gerhard/0000-0002-5483-4225",,,,,,,,,,,,,2164-0572,,978-1-4799-7174-9,,,,2014,,,,,,,527,534,,,,,,,,,,,,,,,,WOS:000392843800086,View Full Record in Web of Science
C,"Kulic, D; Imagawa, H; Nakamura, Y",,,IEEE,"Kulic, Dana; Imagawa, Hirotaka; Nakamura, Yoshihiko",,,Online Acquisition and Visualization of Motion Primitives for Humanoid Robots,"RO-MAN 2009: THE 18TH IEEE INTERNATIONAL SYMPOSIUM ON ROBOT AND HUMAN INTERACTIVE COMMUNICATION, VOLS 1 AND 2",,,,,18th IEEE International Symposium on Robot and Human Interactive Communication,"SEP 27-OCT 02, 2009","Toyama, JAPAN",IEEE,,,,,,,,,"Nakamura, Yoshihiko/M-1019-2014","Nakamura, Yoshihiko/0000-0001-7162-5102",,,,,,,,,,,,,,,978-1-4244-5080-0,,,,2009,,,,,,,277,+,,,,,,,,,,,,,,,,WOS:000279893100045,View Full Record in Web of Science
J,"Yang, ZG; Li, MT; Zha, FS; Wang, X; Wang, PF; Guo, W",,,,"Yang, Zeguo; Li, Mantian; Zha, Fusheng; Wang, Xin; Wang, Pengfei; Guo, Wei",,,Imitation learning of a wheeled mobile manipulator based on dynamical movement primitives,INDUSTRIAL ROBOT-THE INTERNATIONAL JOURNAL OF ROBOTICS RESEARCH AND APPLICATION,,,,,,,,,,,,,,,,,,,,,,,,,,,,,,,0143-991X,1758-5791,,,,AUG 19,2021,48,4,,,,,556,568,,10.1108/IR-11-2020-0255,http://dx.doi.org/10.1108/IR-11-2020-0255,,JUN 2021,,,,,,,,,,,WOS:000663047600001,View Full Record in Web of Science
J,"Liu, KD; Xie, B; Chen, ZY; Luo, ZH; Jiang, S; Gao, Z",,,,"Liu, Kaidong; Xie, Bin; Chen, Zhouyang; Luo, Zhenhao; Jiang, Shan; Gao, Zhen",,,Human-Robot Skill Transferring and Inverse Velocity Admittance Control for Soft Tissue Cutting Tasks,AGRICULTURE-BASEL,,,,,,,,,,,,,,,,,"chen, zhouyang/GRR-7271-2022","Liu, Kaidong/0000-0002-2689-8491",,,,,,,,,,,,,,2077-0472,,,,MAR,2024,14,3,,,,,,,394,10.3390/agriculture14030394,http://dx.doi.org/10.3390/agriculture14030394,,,,,,,,,,,,,WOS:001191837600001,View Full Record in Web of Science
C,"Petric, T; Gams, A",,"Rodic, A; Borangiu, T",,"Petric, Tadej; Gams, Andrej",,,Effect of Sequence Order on Autonomous Robotic Database Expansion,ADVANCES IN ROBOT DESIGN AND INTELLIGENT CONTROL,Advances in Intelligent Systems and Computing,,,,25th International Conference on Robotics in Alpe-Adria-Danube Region (RAAD),"JUN 30-JUL 02, 2016","Belgrade, SERBIA",,,,,,,,,,"Petric, Tadej/AAS-2471-2021","Gams, Andrej/0000-0002-9803-3593",,,,,,,,,,,,,2194-5357,,978-3-319-49058-8; 978-3-319-49057-1,,,,2017,540,,,,,,405,412,,10.1007/978-3-319-49058-8_44,http://dx.doi.org/10.1007/978-3-319-49058-8_44,,,,,,,,,,,,,WOS:000413022000044,View Full Record in Web of Science
J,"Rakovic, M; Savic, S; Santos-Victor, J; Nikolic, M; Borovac, B",,,,"Rakovic, Mirko; Savic, Srdjan; Santos-Victor, Jose; Nikolic, Milutin; Borovac, Branislav",,,Human-Inspired Online Path Planning and Biped Walking Realization in Unknown Environment,FRONTIERS IN NEUROROBOTICS,,,,,,,,,,,,,,,,,"Savic, Stevan/AAD-5748-2020; Santos-Victor, Jose/K-2093-2012; Rakovic, Mirko/U-5860-2017","Savic, Srdan/0000-0003-1385-2854; Santos-Victor, Jose/0000-0002-9036-1728; Rakovic, Mirko/0000-0002-8818-2739",,,,,,,,,,,,,1662-5218,,,,,JUN 4,2019,13,,,,,,,,36,10.3389/fnbot.2019.00036,http://dx.doi.org/10.3389/fnbot.2019.00036,,,,,,,,31214011,,,,,WOS:000469954600001,View Full Record in Web of Science
J,"Maessen, RES; Prendergast, JM; Peternel, L",,,,"Maessen, Rosa E. S.; Prendergast, J. Micah; Peternel, Luka",,,Robotic Skill Mutation in Robot-to-Robot Propagation During a Physically Collaborative Sawing Task,IEEE ROBOTICS AND AUTOMATION LETTERS,,,,,,,,,,,,,,,,,"Peternel, Luka/AAX-9766-2021","Peternel, Luka/0000-0002-8696-3689; Prendergast, Joseph/0000-0002-9888-3133",,,,,,,,,,,,,2377-3766,,,,,OCT,2023,8,10,,,,,6483,6490,,10.1109/LRA.2023.3307289,http://dx.doi.org/10.1109/LRA.2023.3307289,,,,,,,,,,,,,WOS:001060340900001,View Full Record in Web of Science
C,"Lee, D; Ott, C",,,IEEE,"Lee, Dongheui; Ott, Christian",,,Incremental Motion Primitive Learning by Physical Coaching Using Impedance Control,IEEE/RSJ 2010 INTERNATIONAL CONFERENCE ON INTELLIGENT ROBOTS AND SYSTEMS (IROS 2010),IEEE International Conference on Intelligent Robots and Systems,,,,IEEE/RSJ International Conference on Intelligent Robots and Systems,"OCT 18-22, 2010","Taipei, TAIWAN",,,,,,,,,,,"Ott, Christian/0000-0003-0987-7493",,,,,,,,,,,,,2153-0858,,978-1-4244-6675-7,,,,2010,,,,,,,4133,4140,,10.1109/IROS.2010.5650519,http://dx.doi.org/10.1109/IROS.2010.5650519,,,,,,,,,,,,,WOS:000287672004137,View Full Record in Web of Science
J,"Takano, W; Nakamura, Y",,,,"Takano, Wataru; Nakamura, Yoshihiko",,,Real-time Unsupervised Segmentation of human whole-body motion and its application to humanoid robot acquisition of motion symbols,ROBOTICS AND AUTONOMOUS SYSTEMS,,,,,,,,,,,,,,,,,"Nakamura, Yoshihiko/M-1019-2014","Nakamura, Yoshihiko/0000-0001-7162-5102",,,,,,,,,,,,,0921-8890,1872-793X,,,,JAN,2016,75,,B,,,,260,272,,10.1016/j.robot.2015.09.021,http://dx.doi.org/10.1016/j.robot.2015.09.021,,,,,,,,,,,,,WOS:000367763400011,View Full Record in Web of Science
J,"Franzese, G; Rosa, LD; Verburg, T; Peternel, L; Kober, J",,,,"Franzese, Giovanni; Rosa, Leandro de Souza; Verburg, Tim; Peternel, Luka; Kober, Jens",,,Interactive Imitation Learning of Bimanual Movement Primitives,IEEE-ASME TRANSACTIONS ON MECHATRONICS,,,,,,,,,,,,,,,,,"de Souza Rosa, Leandro/S-9345-2019; Peternel, Luka/AAX-9766-2021; Kober, Jens/I-9119-2017","Verburg, Tim/0000-0002-3931-3173; Kober, Jens/0000-0001-7257-5434; Peternel, Luka/0000-0002-8696-3689; de Souza Rosa, Leandro/0000-0003-3457-9164",,,,,,,,,,,,,1083-4435,1941-014X,,,,OCT,2024,29,5,,,,,4006,4018,,10.1109/TMECH.2023.3295249,http://dx.doi.org/10.1109/TMECH.2023.3295249,,AUG 2023,,,,,,,,,,,WOS:001051283200001,View Full Record in Web of Science
J,"Nemec, B; Likar, N; Gams, A; Ude, A",,,,"Nemec, Bojan; Likar, Nejc; Gams, Andrej; Ude, Ales",,,Human robot cooperation with compliance adaptation along the motion trajectory,AUTONOMOUS ROBOTS,,,,,,,,,,,,,,,,,"Ude, Aleš/ABB-7839-2020","Ude, Ales/0000-0003-3677-3972; Gams, Andrej/0000-0002-9803-3593",,,,,,,,,,,,,0929-5593,1573-7527,,,,JUN,2018,42,5,,,SI,,1023,1035,,10.1007/s10514-017-9676-3,http://dx.doi.org/10.1007/s10514-017-9676-3,,,,,,,,,,,,,WOS:000431669800006,View Full Record in Web of Science
C,"Ginesi, M; Meli, D; Nakawala, H; Roberti, A; Fiorini, P",,,IEEE,"Ginesi, Michele; Meli, Daniele; Nakawala, Hirenkumar; Roberti, Andrea; Fiorini, Paolo",,,A knowledge-based framework for task automation in surgery,2019 19TH INTERNATIONAL CONFERENCE ON ADVANCED ROBOTICS (ICAR),,,,,19th International Conference on Advanced Robotics (ICAR),"DEC 02-06, 2019","Belo Horizonte, BRAZIL",,,,,,,,,,"Ginesi, Michele/HTP-7306-2023; NAKAWALA, HIRENKUMAR/AAK-9853-2021; Meli, Daniele/HJA-7415-2022","Meli, Daniele/0000-0002-3162-388X; Ginesi, Michele/0000-0001-5845-3692",,,,,,,,,,,,,,,978-1-7281-2467-4,,,,2019,,,,,,,37,42,,10.1109/icar46387.2019.8981619,http://dx.doi.org/10.1109/icar46387.2019.8981619,,,,,,,,,,,,,WOS:000542960700006,View Full Record in Web of Science
C,"Kawano, H",,,IEEE,"Kawano, Hiroshi",,,Complete Reconfiguration Algorithm for Sliding Cube-shaped Modular Robots with only Sliding Motion Primitive,2015 IEEE/RSJ INTERNATIONAL CONFERENCE ON INTELLIGENT ROBOTS AND SYSTEMS (IROS),IEEE International Conference on Intelligent Robots and Systems,,,,IEEE/RSJ International Conference on Intelligent Robots and Systems (IROS),"SEP 28-OCT 02, 2015","Hamburg, GERMANY","IEEE,RSJ,Univ Hamburg,DFG,RA,New Technol Fdn,SICE,KUKA,DJI,Rethink Robot,BOSCH,Chinese Acad Sci, SIAT,Boozhong,Adept,Automatica,HIT,Ascending Technol,OPTOFORCE,DST Robot,BA Syst,Rainbow Robot,SIA,CLEARPATH Robot,Swiss Natl Ctr Competence Res Robot,SINEVA,Dyson,SICK,Robocept,Force Dimension,Open Unit Robot,Luoyang Natl Univ Sci Park,Fuzhou Univ,Synapticon,Google,Technishce Univ Munchen,iRobot,Echord++,Khalifa Univ,Pan Robot,FESTO,Kinova Robot,SCHUNK,ies",,,,,,,,,,,,,,,,,,,,,,,2153-0858,,978-1-4799-9994-1,,,,2015,,,,,,,3276,3283,,,,,,,,,,,,,,,,WOS:000371885403066,View Full Record in Web of Science
C,"Maeda, G",,,IEEE,"Maeda, Guilherme",,,Blending Primitive Policies in Shared Control for Assisted Teleoperation,"2022 IEEE INTERNATIONAL CONFERENCE ON ROBOTICS AND AUTOMATION, ICRA 2022",IEEE International Conference on Robotics and Automation ICRA,,,,IEEE International Conference on Robotics and Automation (ICRA),"MAY 23-27, 2022","Philadelphia, PA","IEEE,IEEE Robot & Automat Soc",,,,,,,,,,,,,,,,,,,,,,,1050-4729,2577-087X,978-1-7281-9681-7,,,,2022,,,,,,,9332,9338,,10.1109/ICRA46639.2022.9812414,http://dx.doi.org/10.1109/ICRA46639.2022.9812414,,,,,,,,,,,,,WOS:000941277602006,View Full Record in Web of Science
C,"Koç, O; Maeda, G; Neumann, G; Peters, J",,,IEEE,"Koc, Okan; Maeda, Guilherme; Neumann, Gerhard; Peters, Jan",,,Optimizing Robot Striking Movement Primitives with Iterative Learning Control,2015 IEEE-RAS 15TH INTERNATIONAL CONFERENCE ON HUMANOID ROBOTS (HUMANOIDS),IEEE-RAS International Conference on Humanoid Robots,,,,15th IEEE-RAS International Conference on Humanoid Robots (Humanoids),"NOV 03-05, 2015","Seoul, SOUTH KOREA","IEEE Robot & Automat Soc,IEEE",,,,,,,,,"Peters, Jan/D-5068-2009","Neumann, Gerhard/0000-0002-5483-4225",,,,,,,,,,,,,2164-0572,,978-1-4799-6885-5,,,,2015,,,,,,,80,87,,,,,,,,,,,,,,,,WOS:000377954900013,View Full Record in Web of Science
C,"Kober, J; Gienger, M; Steil, JJ",,,IEEE,"Kober, Jens; Gienger, Michael; Steil, Jochen J.",,,Learning Movement Primitives for Force Interaction Tasks,2015 IEEE INTERNATIONAL CONFERENCE ON ROBOTICS AND AUTOMATION (ICRA),IEEE International Conference on Robotics and Automation ICRA,,,,IEEE International Conference on Robotics and Automation (ICRA),"MAY 26-30, 2015","Seattle, WA",IEEE,,,,,,,,,"Kober, Jens/I-9119-2017","Kober, Jens/0000-0001-7257-5434",,,,,,,,,,,,,1050-4729,2577-087X,978-1-4799-6923-4,,,,2015,,,,,,,3192,3199,,,,,,,,,,,,,,,,WOS:000370974903029,View Full Record in Web of Science
J,"Fu, JY; Jin, ZH; Liu, AD; Zhang, WA; Yu, L",,,,"Fu, Jiayun; Jin, Zhehao; Liu, Andong; Zhang, Wen-An; Yu, Li",,,Non-parametric Gaussian process movement primitive with via-point constraint for effective and safe robot skill learning,NEUROCOMPUTING,,,,,,,,,,,,,,,,,"Jin, Zhehao/HOA-7661-2023","Jin, Zhehao/0000-0002-0871-9779; Fu, Jiayun/0009-0007-4824-007X",,,,,,,,,,,,,0925-2312,1872-8286,,,,JUL 7,2024,589,,,,,,,,127711,10.1016/j.neucom.2024.127711,http://dx.doi.org/10.1016/j.neucom.2024.127711,,APR 2024,,,,,,,,,,,WOS:001220965300002,View Full Record in Web of Science
C,"Lim, B; Ra, S; Park, FC",,,IEEE,"Lim, B; Ra, S; Park, FC",,,"Movement primitives, principal component analysis, and the efficient generation of natural motions","2005 IEEE INTERNATIONAL CONFERENCE ON ROBOTICS AND AUTOMATION (ICRA), VOLS 1-4",IEEE International Conference on Robotics and Automation ICRA,,,,IEEE International Conference on Robotics and Automation (ICRA),"APR 18-22, 2005","Barcelona, SPAIN",IEEE,,,,,,,,,,,,,,,,,,,,,,,1050-4729,2577-087X,0-7803-8914-X,,,,2005,,,,,,,4630,4635,,,,,,,,,,,,,,,,WOS:000235460103174,View Full Record in Web of Science
C,"Denisa, M; Ude, A; Gams, A",,"Borangiu, T",,"Denisa, Miha; Ude, Ales; Gams, Andrej",,,Adaptation of Motor Primitives to the Environment Through Learning and Statistical Generalization,ADVANCES IN ROBOT DESIGN AND INTELLIGENT CONTROL,Advances in Intelligent Systems and Computing,,,,24th International Conference on Robotics in Alpe-Adria-Danube Region (RAAD),"MAY 27-29, 2015","Bucharest, ROMANIA",,,,,,,,,,"Ude, Aleš/ABB-7839-2020; Deniša, Miha/AAE-5331-2019","Denisa, Miha/0000-0002-9478-4656; Ude, Ales/0000-0003-3677-3972; Gams, Andrej/0000-0002-9803-3593",,,,,,,,,,,,,2194-5357,2194-5365,978-3-319-21290-6; 978-3-319-21289-0,,,,2016,371,,,,,,449,457,,10.1007/978-3-319-21290-6_45,http://dx.doi.org/10.1007/978-3-319-21290-6_45,,,,,,,,,,,,,WOS:000381804400045,View Full Record in Web of Science
J,"Takano, W; Hamano, S; Nakamura, Y",,,,"Takano, Wataru; Hamano, Seiya; Nakamura, Yoshihiko",,,Correlated space formation for human whole-body motion primitives and descriptive word labels,ROBOTICS AND AUTONOMOUS SYSTEMS,,,,,,,,,,,,,,,,,"Nakamura, Yoshihiko/M-1019-2014","Nakamura, Yoshihiko/0000-0001-7162-5102",,,,,,,,,,,,,0921-8890,1872-793X,,,,APR,2015,66,,,,,,35,43,,10.1016/j.robot.2014.11.020,http://dx.doi.org/10.1016/j.robot.2014.11.020,,,,,,,,,,,,,WOS:000350931500004,View Full Record in Web of Science
J,"Lee, K; Choi, D; Kim, D",,,,"Lee, Kyuman; Choi, Daegyun; Kim, Donghoon",,,Incorporation of Potential Fields and Motion Primitives for the Collision Avoidance of Unmanned Aircraft,APPLIED SCIENCES-BASEL,,,,,,,,,,,,,,,,,"lee, kyuman/AAM-6979-2020; Kim, Donghoon/ABB-2696-2021","Choi, Daegyun/0000-0002-7149-0890; Lee, Kyuman/0000-0003-0755-9635",,,,,,,,,,,,,,2076-3417,,,,APR,2021,11,7,,,,,,,3103,10.3390/app11073103,http://dx.doi.org/10.3390/app11073103,,,,,,,,,,,,,WOS:000638328900001,View Full Record in Web of Science
C,"Stulp, F; Theodorou, E; Kalakrishnan, M; Pastor, P; Righetti, L; Schaal, S",,,IEEE,"Stulp, Freek; Theodorou, Evangelos; Kalakrishnan, Mrinal; Pastor, Peter; Righetti, Ludovic; Schaal, Stefan",,,Learning Motion Primitive Goals for Robust Manipulation,2011 IEEE/RSJ INTERNATIONAL CONFERENCE ON INTELLIGENT ROBOTS AND SYSTEMS,IEEE International Conference on Intelligent Robots and Systems,,,,IEEE/RSJ International Conference on Intelligent Robots and Systems,"SEP 25-30, 2011","San Francisco, CA","IEEE,Robot Soc Japan (RSJ),BOSCH,HONDA,KUKA,SRI Int,ABB,Willow Garage,ALDEBARAN,Google,INTUITIVE Surg,SCHUNK,IEEE Ind Elect Soc (IES),Soc Instrument & Control Engineers (SICE),New Technol Fdn (NTF),IEEE Robot & Automat Soc (RAS),Inst Control, Robto & Syst (ICROS)",,,,,,,,,"Righetti, Ludovic/P-1261-2018","Righetti, Ludovic/0000-0002-6458-9112; Kalakrishnan, Mrinal/0000-0003-4292-9857",,,,,,,,,,,,,2153-0858,,978-1-61284-455-8,,,,2011,,,,,,,325,331,,,,,,,,,,,,,,,,WOS:000297477500051,View Full Record in Web of Science
C,"Petric, T; Gams, A; Zlajpah, L; Ude, A; Morimoto, J",,,IEEE,"Petric, Tadej; Gams, Andrej; Zlajpah, Leon; Ude, Ales; Morimoto, Jun",,,Online approach for altering robot behaviors based on human in the loop coaching gestures,2014 IEEE INTERNATIONAL CONFERENCE ON ROBOTICS AND AUTOMATION (ICRA),IEEE International Conference on Robotics and Automation ICRA,,,,IEEE International Conference on Robotics and Automation (ICRA),"MAY 31-JUN 07, 2014","Hong Kong, PEOPLES R CHINA",IEEE,,,,,,,,,"Ude, Aleš/ABB-7839-2020; Petric, Tadej/AAS-2471-2021","Ude, Ales/0000-0003-3677-3972; Gams, Andrej/0000-0002-9803-3593; Petric, Tadej/0000-0002-3407-4206",,,,,,,,,,,,,1050-4729,2577-087X,978-1-4799-3685-4,,,,2014,,,,,,,4770,4776,,,,,,,,,,,,,,,,WOS:000377221104122,View Full Record in Web of Science
C,"Stulp, F; Kresse, I; Maldonado, A; Ruiz, F; Fedrizzi, A; Beetz, M",,,IEEE,"Stulp, Freek; Kresse, Ingo; Maldonado, Alexis; Ruiz, Federico; Fedrizzi, Andreas; Beetz, Michael",,,Compact Models of Human Reaching Motions for Robotic Control in Everyday Manipulation Tasks,2009 IEEE 8TH INTERNATIONAL CONFERENCE ON DEVELOPMENT AND LEARNING,,,,,8th IEEE International Conference on Development and Learning,"JUN 05-07, 2009","Shanghai, PEOPLES R CHINA",IEEE,,,,,,,,,,"Beetz, Michael/0000-0002-7888-7444; Maldonado, Alexis/0000-0003-3514-7494",,,,,,,,,,,,,,,978-1-4244-4117-4,,,,2009,,,,,,,34,40,,,,,,,,,,,,,,,,WOS:000273777200006,View Full Record in Web of Science
C,"Canal, G; Pignat, E; Alenyà, G; Calinon, S; Torras, C",,,IEEE,"Canal, Gerard; Pignat, Emmanuel; Alenya, Guillem; Calinon, Sylvain; Torras, Carme",,,Joining high-level symbolic planning with low-level motion primitives in adaptive HRI: application to dressing assistance,2018 IEEE INTERNATIONAL CONFERENCE ON ROBOTICS AND AUTOMATION (ICRA),IEEE International Conference on Robotics and Automation ICRA,,,,IEEE International Conference on Robotics and Automation (ICRA),"MAY 21-25, 2018","Brisbane, AUSTRALIA","IEEE,CSIRO,Australian Govt, Dept Def Sci & Technol,DJI,Queensland Univ Technol,Woodside,Baidu,Bosch,Houston Mechatron,Kinova Robot,KUKA,Hit Robot Grp,Honda Res Inst,iRobot,Mathworks,NuTonomy,Ouster,Uber",,,,,,,,,"Canal, Gerard/ABB-6224-2021; Calinon, Sylvain/I-7606-2014; Alenya, Guillem/ABH-1090-2020; Torras, Carme/M-1794-2014; Alenya, Guillem/A-5087-2010","Torras, Carme/0000-0002-2933-398X; Canal, Gerard/0000-0002-6718-1198; CALINON, Sylvain/0000-0002-9036-6799; Alenya, Guillem/0000-0002-6018-154X",,,,,,,,,,,,,1050-4729,,978-1-5386-3081-5,,,,2018,,,,,,,3273,3278,,,,,,,,,,,,,,,,WOS:000446394502078,View Full Record in Web of Science
C,"Seleem, IA; El-Hussieny, H; Assal, SFM",,,IEEE,"Seleem, Ibrahim A.; El-Hussieny, Haitham; Assal, Samy F. M.",,,Development of a Demonstration-Guided Motion Planning for Multi-section Continuum Robots,"2018 IEEE INTERNATIONAL CONFERENCE ON SYSTEMS, MAN, AND CYBERNETICS (SMC)",IEEE International Conference on Systems Man and Cybernetics Conference Proceedings,,,,"IEEE International Conference on Systems, Man, and Cybernetics (SMC)","OCT 07-10, 2018","IEEE Syst Man & Cybernet Soc, Miyazaki, JAPAN","IEEE,Sci Council Japan",IEEE Syst Man & Cybernet Soc,,,,,,,,"Seleem, Ibrahim/AAY-4848-2020; Assal, Samy/JGE-4513-2023; El-Hussieny, Haitham/HPB-7162-2023","Seleem, Ibrahim/0000-0002-3733-4982; El-Hussieny, Haitham/0000-0002-2296-616X; Assal, Samy F. M./0000-0002-7997-4363",,,,,,,,,,,,,1062-922X,,978-1-5386-6650-0,,,,2018,,,,,,,333,338,,10.1109/SMC.2018.00066,http://dx.doi.org/10.1109/SMC.2018.00066,,,,,,,,,,,,,WOS:000459884800056,View Full Record in Web of Science
C,"Hemes, B; Fehr, D; Papanikolopoulos, N",,"Chatila, R; Kelly, A; Merlet, JP",,"Hemes, Brett; Fehr, Duc; Papanikolopoulos, Nikolaos",,,Motion Primitives for a Tumbling Robot,"2008 IEEE/RSJ INTERNATIONAL CONFERENCE ON ROBOTS AND INTELLIGENT SYSTEMS, VOLS 1-3, CONFERENCE PROCEEDINGS",,,,,IEEE/RSJ International Conference on Intelligent Robots and Systems,"SEP 22-26, 2008","Nice, FRANCE","IEEE,Robot Soc Japan,IEEE Robot & Automat Soc,IEEE Ind Elect Soc,Soc Instrument & Control Engineers,Inst Natl Rech Informat & Automat,CNRS,Inst Control, Robot & Syst",,,,,,,,,"Papanikolopoulos, Nikos/ITW-0029-2023",,,,,,,,,,,,,,,,978-1-4244-2057-5,,,,2008,,,,,,,1471,1476,,10.1109/IROS.2008.4651072,http://dx.doi.org/10.1109/IROS.2008.4651072,,,,,,,,,,,,,WOS:000259998201015,View Full Record in Web of Science
C,"Yi, Y; Chu, JS; Chellali, R",,"Kheddar, A; Yoshida, E; Ge, SS; Suzuki, K; Cabibihan, JJ; Eyssel, F; He, H",,"Yi, Yang; Chu, Jishen; Chellali, Ryad",,,Motor Actions Prediction and Control for the Nao Robot Playing Hand Clapping Games,"SOCIAL ROBOTICS, ICSR 2017",Lecture Notes in Artificial Intelligence,,,,9th International Conference on Social Robotics (ICSR),"NOV 22-24, 2017","Tsukuba, JAPAN",,,,,,,,,,"chellali, ryad/KLC-5875-2024",,,,,,,,,,,,,,2945-9133,1611-3349,978-3-319-70022-9; 978-3-319-70021-2,,,,2017,10652,,,,,,432,442,,10.1007/978-3-319-70022-9_43,http://dx.doi.org/10.1007/978-3-319-70022-9_43,,,,,,,,,,,,,WOS:000449941100043,View Full Record in Web of Science
C,"Koch, KH; Clever, D; Mombaur, K; Endres, D",,,IEEE,"Koch, Kai Henning; Clever, Debora; Mombaur, Katja; Endres, Dominik",,,Learning Movement Primitives from Optimal and Dynamically Feasible Trajectories for Humanoid Walking,2015 IEEE-RAS 15TH INTERNATIONAL CONFERENCE ON HUMANOID ROBOTS (HUMANOIDS),IEEE-RAS International Conference on Humanoid Robots,,,,15th IEEE-RAS International Conference on Humanoid Robots (Humanoids),"NOV 03-05, 2015","Seoul, SOUTH KOREA","IEEE Robot & Automat Soc,IEEE",,,,,,,,,"Endres, Dominik/AAW-8412-2021","Clever, Debora/0000-0002-0542-3833",,,,,,,,,,,,,2164-0572,,978-1-4799-6885-5,,,,2015,,,,,,,866,873,,,,,,,,,,,,,,,,WOS:000377954900130,View Full Record in Web of Science
C,"Wei, X; Sun, FC; Yu, YL; Liu, CF; Fang, B; Jing, MX",,,IEEE,"Wei, Xiang; Sun, Fuchun; Yu, Yuanlong; Liu, Chunfang; Fang, Bin; Jing, Mingxuan",,,Robotic Skills Learning based on Dynamical Movement Primitives using a Wearable Device,2017 IEEE INTERNATIONAL CONFERENCE ON ROBOTICS AND BIOMIMETICS (IEEE ROBIO 2017),,,,,IEEE International Conference on Robotics and Biomimetics (ROBIO),"DEC 05-08, 2017","Macau, PEOPLES R CHINA","IEEE,IEEE Robot & Automat Soc,City Univ Hong Kong,Beijing Inst Technol,Univ Hong Kong,Univ Macau,Shenzhen Acad Robot",,,,,,,,,,,,,,,,,,,,,,,,,978-1-5386-3742-5,,,,2017,,,,,,,756,761,,,,,,,,,,,,,,,,WOS:000576754200124,View Full Record in Web of Science
C,"Lim, CS; Yang, JY; Kwon, DS",,,IEEE,"Lim, Chan-Soon; Yang, Jeong-Yean; Kwon, Dong-Soo",,,Learning a Dynamic Horse Walking Model for a Simulator using Dynamical Movement Primitives,2016 13TH INTERNATIONAL CONFERENCE ON UBIQUITOUS ROBOTS AND AMBIENT INTELLIGENCE (URAI),International Conference on Ubiquitous Robots and Ambient Intelligence,,,,13th International Conference on Ubiquitous Robots and Ambient Intelligence (URAI),"AUG 19-22, 2016","Xian, PEOPLES R CHINA","Korea Robot Soc,DMCCVES CIMTME,Xian Jiaotong Univ,Robot Ind Alliance Shaanxi Prov,Shaanxi Key Lab Intelligent Robot,Key Lab Educ Minist Modern Design & Rotor Bearing Syst,IEEE,IEEE Robot & Automat Soc,Robot Soc Taiwan,RECURDYN,Adv Technol Inc,Ctr Human Centered Interact Coexistence,KNR Syst Inc,YUJIN ROBOT,Korea Inst Ind Technol",,,,,,,,,"Kwon, Dong-Soo/C-1540-2011",,,,,,,,,,,,,,2325-033X,,978-1-5090-0821-6,,,,2016,,,,,,,174,177,,,,,,,,,,,,,,,,WOS:000387249900042,View Full Record in Web of Science
C,"Kramberger, A; Gams, A; Nemec, B; Ude, A",,"Asfour, T; Billard, A; Harada, K; Kulic, D; Ude, A; Venture, G; Yamane, K; Yokoi, K; Yoshida, E",,"Kramberger, Aljaz; Gams, Andrej; Nemec, Bojan; Ude, Ales",,,Generalization of Orientational Motion in Unit Quaternion Space,2016 IEEE-RAS 16TH INTERNATIONAL CONFERENCE ON HUMANOID ROBOTS (HUMANOIDS),IEEE-RAS International Conference on Humanoid Robots,,,,16th IEEE-RAS International Conference on Humanoid Robots (Humanoids),"NOV 15-17, 2016","Mexican Assoc Comp Vis Robot & Neural Comp, Cancun, MEXICO","IEEE Robot & Automat Soc,Disney Res,ROBOTIS,INTEL,PAL,MACVNR,CONACYT,CINVESTAV",Mexican Assoc Comp Vis Robot & Neural Comp,,,,,,,,"Ude, Aleš/ABB-7839-2020; Kramberger, Aljaz/X-2654-2018","Ude, Ales/0000-0003-3677-3972; Gams, Andrej/0000-0002-9803-3593; Kramberger, Aljaz/0000-0002-4830-4885",,,,,,,,,,,,,2164-0572,,978-1-5090-4718-5,,,,2016,,,,,,,808,813,,,,,,,,,,,,,,,,WOS:000403009300121,View Full Record in Web of Science
J,"Takano, W; Imagawa, H; Nakamura, Y",,,,"Takano, Wataru; Imagawa, Hirotaka; Nakamura, Yoshihiko",,,Spatio-temporal structure of human motion primitives and its application to motion prediction,ROBOTICS AND AUTONOMOUS SYSTEMS,,,,,,,,,,,,,,,,,"Nakamura, Yoshihiko/M-1019-2014","Nakamura, Yoshihiko/0000-0001-7162-5102",,,,,,,,,,,,,0921-8890,1872-793X,,,,JAN,2016,75,,B,,,,288,296,,10.1016/j.robot.2015.09.017,http://dx.doi.org/10.1016/j.robot.2015.09.017,,,,,,,,,,,,,WOS:000367763400013,View Full Record in Web of Science
J,"Lee, D; Ott, C",,,,"Lee, Dongheui; Ott, Christian",,,Incremental kinesthetic teaching of motion primitives using the motion refinement tube,AUTONOMOUS ROBOTS,,,,,,,,,,,,,,,,,,"Ott, Christian/0000-0003-0987-7493",,,,,,,,,,,,,0929-5593,1573-7527,,,,OCT,2011,31,2-3,,,,,115,131,,10.1007/s10514-011-9234-3,http://dx.doi.org/10.1007/s10514-011-9234-3,,,,,,,,,,,,,WOS:000294787500001,View Full Record in Web of Science
C,"Colomé, A; Torras, C",,"Bicchi, A; Okamura, A",,"Colome, Adria; Torras, Carme",,,"Demonstration-Free Contextualized Probabilistic Movement Primitives, Further Enhanced with Obstacle Avoidance",2017 IEEE/RSJ INTERNATIONAL CONFERENCE ON INTELLIGENT ROBOTS AND SYSTEMS (IROS),IEEE International Conference on Intelligent Robots and Systems,,,,IEEE/RSJ International Conference on Intelligent Robots and Systems (IROS),"SEP 24-28, 2017","Vancouver, CANADA","IEEE,RSJ,IEEE Robot & Automat Soc,IEEE IES,SICE,New Technol Fdn",,,,,,,,,"Torras, Carme/M-1794-2014","Torras, Carme/0000-0002-2933-398X",,,,,,,,,,,,,2153-0858,,978-1-5386-2682-5,,,,2017,,,,,,,3190,3195,,,,,,,,,,,,,,,,WOS:000426978203032,View Full Record in Web of Science
J,"Prados, A; Espinoza, G; Moreno, L; Barber, R",,,,"Prados, Adrian; Espinoza, Gonzalo; Moreno, Luis; Barber, Ramon",,,"Segment, Compare, and Learn: Creating Movement Libraries of Complex Task for Learning from Demonstration",BIOMIMETICS,,,,,,,,,,,,,,,,,"Moreno, Luis/AAG-2015-2019; Barber, Ramon/L-6669-2014","Barber, Ramon/0000-0003-2800-2457; Moreno, Luis/0000-0002-4450-680X; Espinoza Chonlon, Gonzalo/0009-0006-1700-3197; Prados, Adrian/0000-0003-4703-7858",,,,,,,,,,,,,,2313-7673,,,,JAN,2025,10,1,,,,,,,64,10.3390/biomimetics10010064,http://dx.doi.org/10.3390/biomimetics10010064,,,,,,,,39851780,,,,,WOS:001404551500001,View Full Record in Web of Science
J,"Gomez-Gonzalez, S; Neumann, G; Schölkopf, B; Peters, J",,,,"Gomez-Gonzalez, Sebastian; Neumann, Gerhard; Schoelkopf, Bernhard; Peters, Jan",,,Adaptation and Robust Learning of Probabilistic Movement Primitives,IEEE TRANSACTIONS ON ROBOTICS,,,,,,,,,,,,,,,,,"Schölkopf, Bernhard/A-7570-2013; Peters, Jan/D-5068-2009","Peters, Jan/0000-0002-5266-8091",,,,,,,,,,,,,1552-3098,1941-0468,,,,APR,2020,36,2,,,,,366,379,,10.1109/TRO.2019.2937010,http://dx.doi.org/10.1109/TRO.2019.2937010,,,,,,,,,,,,,WOS:000561120700004,View Full Record in Web of Science
J,"Argall, BD; Browning, B; Veloso, MM",,,,"Argall, Brenna D.; Browning, Brett; Veloso, Manuela M.",,,Teacher feedback to scaffold and refine demonstrated motion primitives on a mobile robot,ROBOTICS AND AUTONOMOUS SYSTEMS,,,,,,,,,,,,,,,,,"Argall, Brenna/G-2543-2011",,,,,,,,,,,,,,0921-8890,1872-793X,,,,MAR-APR,2011,59,3-4,,,,,243,255,,10.1016/j.robot.2010.11.004,http://dx.doi.org/10.1016/j.robot.2010.11.004,,,,,,,,,,,,,WOS:000288844200008,View Full Record in Web of Science
C,"Rueckert, E; Mundo, J; Paraschos, A; Peters, J; Neumann, G",,,IEEE,"Rueckert, Elmar; Mundo, Jan; Paraschos, Alexandros; Peters, Jan; Neumann, Gerhard",,,Extracting Low-Dimensional Control Variables for Movement Primitives,2015 IEEE INTERNATIONAL CONFERENCE ON ROBOTICS AND AUTOMATION (ICRA),IEEE International Conference on Robotics and Automation ICRA,,,,IEEE International Conference on Robotics and Automation (ICRA),"MAY 26-30, 2015","Seattle, WA",IEEE,,,,,,,,,"Peters, Jan/D-5068-2009","Rueckert, Elmar/0000-0003-1221-8253; Neumann, Gerhard/0000-0002-5483-4225",,,,,,,,,,,,,1050-4729,2577-087X,978-1-4799-6923-4,,,,2015,,,,,,,1511,1518,,,,,,,,,,,,,,,,WOS:000370974901075,View Full Record in Web of Science
J,"Xu, XH; You, MY; Zhou, HJ; Qian, ZF; Xu, WS; He, B",,,,"Xu, Xuanhui; You, Mingyu; Zhou, Hongjun; Qian, Zhifeng; Xu, Weisheng; He, Bin",,,GAN-Based Editable Movement Primitive From High-Variance Demonstrations,IEEE ROBOTICS AND AUTOMATION LETTERS,,,,,,,,,,,,,,,,,"he, bin/AAV-6319-2021; You, Mingyu/IYS-1568-2023","hongjun, zhou/0000-0002-6256-2485; Qian, Zhifeng/0000-0001-9724-6928; Xu, Xuanhui/0000-0003-0394-8713",,,,,,,,,,,,,2377-3766,,,,,AUG,2023,8,8,,,,,4593,4600,,10.1109/LRA.2023.3285473,http://dx.doi.org/10.1109/LRA.2023.3285473,,,,,,,,,,,,,WOS:001017231400012,View Full Record in Web of Science
J,"Chatzilygeroudis, K; Vassiliades, V; Stulp, F; Calinon, S; Mouret, JB",,,,"Chatzilygeroudis, Konstantinos; Vassiliades, Vassilis; Stulp, Freek; Calinon, Sylvain; Mouret, Jean-Baptiste",,,A Survey on Policy Search Algorithms for Learning Robot Controllers in a Handful of Trials,IEEE TRANSACTIONS ON ROBOTICS,,,,,,,,,,,,,,,,,"Calinon, Sylvain/I-7606-2014; Chatzilygeroudis, Konstantinos/GVU-1982-2022; Mouret, Jean-Baptiste/B-5166-2019","Mouret, Jean-Baptiste/0000-0002-2513-027X; Stulp, Freek/0000-0001-9555-9517; Vassiliades, Vassilis/0000-0002-1336-5629; CALINON, Sylvain/0000-0002-9036-6799",,,,,,,,,,,,,1552-3098,1941-0468,,,,APR,2020,36,2,,,,,328,347,,10.1109/TRO.2019.2958211,http://dx.doi.org/10.1109/TRO.2019.2958211,,,,,,,,,,,,,WOS:000561120700002,View Full Record in Web of Science
J,"Huang, YL; Rozo, L; Silvério, J; Caldwell, DG",,,,"Huang, Yanlong; Rozo, Leonel; Silverio, Joao; Caldwell, Darwin G.",,,Kernelized movement primitives,INTERNATIONAL JOURNAL OF ROBOTICS RESEARCH,,,,,,,,,,,,,,,,,"Rozo, Leonel/HTP-2045-2023; Caldwell, Darwin/E-9954-2018",,,,,,,,,,,,,,0278-3649,1741-3176,,,,JUN,2019,38,7,,,,,833,852,,10.1177/0278364919846363,http://dx.doi.org/10.1177/0278364919846363,,,,,,,,,,,,,WOS:000469824000004,View Full Record in Web of Science
J,"Sakcak, B; Bascetta, L; Ferretti, G; Prandini, M",,,,"Sakcak, Basak; Bascetta, Luca; Ferretti, Gianni; Prandini, Maria",,,An Admissible Heuristic to Improve Convergence in Kinodynamic Planners Using Motion Primitives,IEEE CONTROL SYSTEMS LETTERS,,,,,,,,,,,,,,,,,"Bascetta, Luca/AAC-4639-2019; Prandini, Maria/AAF-2949-2021","Bascetta, Luca/0000-0002-5029-1083; Sakcak, Basak/0000-0002-0388-6172; Ferretti, Gianni/0000-0001-5321-8992; PRANDINI, MARIA/0000-0001-7443-4117",,,,,,,,,,,,,2475-1456,,,,,JAN,2020,4,1,,,,,175,180,,10.1109/LCSYS.2019.2922166,http://dx.doi.org/10.1109/LCSYS.2019.2922166,,,,,,,,,,,,,WOS:000619281800030,View Full Record in Web of Science
C,"Montebelli, A; Steinmetz, F; Kyrki, V",,,IEEE,"Montebelli, Alberto; Steinmetz, Franz; Kyrki, Ville",,,On Handing Down Our Tools to Robots: Single-Phase Kinesthetic Teaching for Dynamic In-Contact Tasks,2015 IEEE INTERNATIONAL CONFERENCE ON ROBOTICS AND AUTOMATION (ICRA),IEEE International Conference on Robotics and Automation ICRA,,,,IEEE International Conference on Robotics and Automation (ICRA),"MAY 26-30, 2015","Seattle, WA",IEEE,,,,,,,,,"Steinmetz, Franz/AAW-7116-2020; Kyrki, Ville/F-3034-2011","Kyrki, Ville/0000-0002-5230-5549; Montebelli, Alberto/0000-0002-8400-5153",,,,,,,,,,,,,1050-4729,2577-087X,978-1-4799-6923-4,,,,2015,,,,,,,5628,5634,,,,,,,,,,,,,,,,WOS:000370974905084,View Full Record in Web of Science
J,"Qiao, GF; Zhang, Y; Wen, XL; Wei, Z; Cui, JY",,,,"Qiao, Guifang; Zhang, Ying; Wen, Xiulan; Wei, Zhong; Cui, Junyu",,,Triple-layered central pattern generator-based controller for 3D locomotion control of snake-like robots,INTERNATIONAL JOURNAL OF ADVANCED ROBOTIC SYSTEMS,,,,,,,,,,,,,,,,,,"Wei, Zhong/0000-0003-3815-944X",,,,,,,,,,,,,1729-8814,,,,,NOV 14,2017,14,6,,,,,,,1729881417738101,10.1177/1729881417738101,http://dx.doi.org/10.1177/1729881417738101,,,,,,,,,,,,,WOS:000415357000001,View Full Record in Web of Science
J,"Yang, CG; Chen, CZ; Wang, N; Ju, ZJ; Fu, J; Wang, M",,,,"Yang, Chenguang; Chen, Chuize; Wang, Ning; Ju, Zhaojie; Fu, Jian; Wang, Min",,,Biologically Inspired Motion Modeling and Neural Control for Robot Learning From Demonstrations,IEEE TRANSACTIONS ON COGNITIVE AND DEVELOPMENTAL SYSTEMS,,,,,,,,,,,,,,,,,"Ju, Zhaojie/AAA-5872-2019; Wang, Han/A-5016-2011; Fu, Jian/AFY-2041-2022; Yang, Chenguang/AAJ-2509-2020","Yang, Chenguang/0000-0001-5255-5559; Ju, Zhaojie/0000-0002-9524-7609; Wang, Ning/0000-0002-3264-1852",,,,,,,,,,,,,2379-8920,2379-8939,,,,JUN,2019,11,2,,,SI,,281,291,,10.1109/TCDS.2018.2866477,http://dx.doi.org/10.1109/TCDS.2018.2866477,,,,,,,,,,,,,WOS:000471119200013,View Full Record in Web of Science
J,"André, J; Teixeira, C; Santos, CP; Costa, L",,,,"Andre, Joao; Teixeira, Carlos; Santos, Cristina P.; Costa, Lino",,,Adapting Biped Locomotion to Sloped Environments,JOURNAL OF INTELLIGENT & ROBOTIC SYSTEMS,,,,,,,,,,,,,,,,,"Costa, Lino/D-2248-2009; Santos, Cristina/L-8716-2014","Costa, Lino/0000-0003-4772-4404; Andre, Joao/0000-0002-3666-4453; Santos, Cristina/0000-0003-0023-7203",,,,,,,,,,,,,0921-0296,1573-0409,,,,DEC,2015,80,3-4,,,SI,,625,640,,10.1007/s10846-015-0196-0,http://dx.doi.org/10.1007/s10846-015-0196-0,,,,,,,,,,,,,WOS:000363981000019,View Full Record in Web of Science
C,"Vorndamme, J; Carvalho, J; Laha, R; Koert, D; Figueredo, L; Peters, J; Haddadin, S",,,IEEE,"Vorndamme, Jonathan; Carvalho, Joao; Laha, Riddhiman; Koert, Dorothea; Figueredo, Luis; Peters, Jan; Haddadin, Sami",,,Integrated Bi-Manual Motion Generation and Control shaped for Probabilistic Movement Primitives,2022 IEEE-RAS 21ST INTERNATIONAL CONFERENCE ON HUMANOID ROBOTS (HUMANOIDS),IEEE-RAS International Conference on Humanoid Robots,,,,IEEE-RAS 21st International Conference on Humanoid Robots (Humanoids),"NOV 28-30, 2022","Ginowan, JAPAN","IEEE,IEEE Robot & Automat Soc",,,,,,,,,"Figueredo, Luis/AAX-5621-2020; Vorndamme, Jonathan/MHQ-7459-2025; Laha, Riddhiman/HTN-7809-2023",,,,,,,,,,,,,,2164-0572,,979-8-3503-0979-9,,,,2022,,,,,,,202,209,,,,,,,,,,,,,,,,WOS:000925894300027,View Full Record in Web of Science
C,"Steinmetz, F; Montebelli, A; Kyrki, V",,,IEEE,"Steinmetz, Franz; Montebelli, Alberto; Kyrki, Ville",,,Simultaneous Kinesthetic Teaching of Positional and Force Requirements for Sequential In-Contact Tasks,2015 IEEE-RAS 15TH INTERNATIONAL CONFERENCE ON HUMANOID ROBOTS (HUMANOIDS),IEEE-RAS International Conference on Humanoid Robots,,,,15th IEEE-RAS International Conference on Humanoid Robots (Humanoids),"NOV 03-05, 2015","Seoul, SOUTH KOREA","IEEE Robot & Automat Soc,IEEE",,,,,,,,,"Steinmetz, Franz/AAW-7116-2020; Kyrki, Ville/F-3034-2011","Kyrki, Ville/0000-0002-5230-5549",,,,,,,,,,,,,2164-0572,,978-1-4799-6885-5,,,,2015,,,,,,,202,209,,,,,,,,,,,,,,,,WOS:000377954900031,View Full Record in Web of Science
J,"Wang, N; Chen, CZ; Di Nuovo, A",,,,"Wang, Ning; Chen, Chuize; Di Nuovo, Alessandro",,,A Framework of Hybrid Force/Motion Skills Learning for Robots,IEEE TRANSACTIONS ON COGNITIVE AND DEVELOPMENTAL SYSTEMS,,,,,,,,,,,,,,,,,"Di Nuovo, Alessandro/F-5659-2011; Wang, Han/A-5016-2011","Di Nuovo, Alessandro/0000-0003-2677-2650; Wang, Ning/0000-0002-3264-1852",,,,,,,,,,,,,2379-8920,2379-8939,,,,MAR,2021,13,1,,,,,162,170,,10.1109/TCDS.2020.2968056,http://dx.doi.org/10.1109/TCDS.2020.2968056,,,,,,,,,,,,,WOS:000628911300015,View Full Record in Web of Science
C,"Saha, I; Ramaithitima, R; Kumar, V; Pappas, GJ; Seshia, SA",,,IEEE,"Saha, Indranil; Ramaithitima, Rattanachai; Kumar, Vijay; Pappas, George J.; Seshia, Sanjit A.",,,Automated Composition of Motion Primitives for Multi-Robot Systems from Safe LTL Specifications,2014 IEEE/RSJ INTERNATIONAL CONFERENCE ON INTELLIGENT ROBOTS AND SYSTEMS (IROS 2014),IEEE International Conference on Intelligent Robots and Systems,,,,IEEE/RSJ International Conference on Intelligent Robots and Systems (IROS),"SEP 14-18, 2014","Chicago, IL","IEEE,Robot Soc Japan,RA,SICE,IES,New Technol Fdn",,,,,,,,,"Kumar, Vijay/AAM-8545-2020; Pappas, George/J-5774-2016","Kumar, Vijay/0000-0002-3902-9391; Pappas, George/0000-0001-9081-0637",,,,,,,,,,,,,2153-0858,,978-1-4799-6934-0,,,,2014,,,,,,,1525,1532,,,,,,,,,,,,,,,,WOS:000349834601092,View Full Record in Web of Science
C,"Sidiropoulos, A; Doulgeri, Z",,,IEEE,"Sidiropoulos, Antonis; Doulgeri, Zoe",,,From RGB images to Dynamic Movement Primitives for planar tasks,"2023 IEEE-RAS 22ND INTERNATIONAL CONFERENCE ON HUMANOID ROBOTS, HUMANOIDS",IEEE-RAS International Conference on Humanoid Robots,,,,IEEE-RAS 22nd International Conference on Humanoid Robots (Humanoids),"DEC 12-14, 2023","Austin, TX",IEEE RAS,,,,,,,,,,,,,,,,,,,,,,,2164-0572,,979-8-3503-0327-8,,,,2023,,,,,,,,,,10.1109/HUMANOIDS57100.2023.10375217,http://dx.doi.org/10.1109/HUMANOIDS57100.2023.10375217,,,,,,,,,,,,,WOS:001156965200078,View Full Record in Web of Science
J,"Wu, YF; Sun, YR; Yu, XB; Zhang, DW; He, W",,,,"Wu, Yifan; Sun, Yingru; Yu, Xinbo; Zhang, Dawei; He, Wei",,,Intelligent Experiment Robotic Systems Design for Material Preparation and Detection,IEEE TRANSACTIONS ON SYSTEMS MAN CYBERNETICS-SYSTEMS,,,,,,,,,,,,,,,,,"He, Wei/ADP-7281-2022",,,,,,,,,,,,,,2168-2216,2168-2232,,,,FEB,2025,55,2,,,,,1241,1251,,10.1109/TSMC.2024.3501318,http://dx.doi.org/10.1109/TSMC.2024.3501318,,DEC 2024,,,,,,,,,,,WOS:001377380500001,View Full Record in Web of Science
C,"Seleem, I; El-Hussieny, H; Assal, SFM",,"Cabibihan, JJ; Mastrogiovanni, F; Pandey, AK; Rossi, S; Staffa, M",,"Seleem, Ibrahim; El-Hussieny, Haitham; Assal, Samy F. M.",,,Motion Planning for Continuum Robots: A Learning from Demonstration Approach,2018 27TH IEEE INTERNATIONAL SYMPOSIUM ON ROBOT AND HUMAN INTERACTIVE COMMUNICATION (IEEE RO-MAN 2018),IEEE RO-MAN,,,,27th IEEE International Symposium on Robot and Human Interactive Communication (IEEE RO-MAN),"AUG 27-31, 2018","Nanjing, PEOPLES R CHINA","IEEE,IEEE Robot & Automat Soc,Robot Soc Japan,Korea Robot Soc,Nanjing Forestry Univ",,,,,,,,,"El-Hussieny, Haitham/HPB-7162-2023; Assal, Samy/JGE-4513-2023; Seleem, Ibrahim/AAY-4848-2020","Assal, Samy F. M./0000-0002-7997-4363; El-Hussieny, Haitham/0000-0002-2296-616X; Seleem, Ibrahim/0000-0002-3733-4982",,,,,,,,,,,,,1944-9445,,978-1-5386-7980-7,,,,2018,,,,,,,868,873,,,,,,,,,,,,,,,,WOS:000494315600138,View Full Record in Web of Science
C,"Vieira, HL; Grassi, V",,"Osorio, FS; Romero, RAF; Grassi, V; Wolf, DF; Branco, KC; Becker, M",,"Vieira, Hiparco Lins; Grassi, Valdir, Jr.",,,Improving RRT's Efficiency Through Motion Primitives Generation Optimization,2014 2ND BRAZILIAN ROBOTICS SYMPOSIUM (SBR) / 11TH LATIN AMERICAN ROBOTICS SYMPOSIUM (LARS) / 6TH ROBOCONTROL WORKSHOP ON APPLIED ROBOTICS AND AUTOMATION,,,,,2nd Brazilian Robotics Symposium (SBR) / 11th Latin American Robotics Symposium (LARS) / 6th Robocontrol Workshop on Applied Robotics and Automation,"OCT 18-23, 2014","Sao Carlos, BRAZIL","Natl Council Sci & Technological Dev,Sao Paulo Res Fdn",,,,,,,,,"Vieira, Hiparco/AAE-8191-2020; Grassi Jr, Valdir/I-7595-2014","Grassi Jr, Valdir/0000-0001-6753-139X",,,,,,,,,,,,,,,978-1-4799-6711-7,,,,2014,,,,,,,37,42,,10.1109/SBR.LARS.Robocontrol.2014.20,http://dx.doi.org/10.1109/SBR.LARS.Robocontrol.2014.20,,,,,,,,,,,,,WOS:000380555500007,View Full Record in Web of Science
J,"Zhou, Y; Gao, JF; Asfour, T",,,,"Zhou, You; Gao, Jianfeng; Asfour, Tamim",,,Movement Primitive Learning and Generalization: Using Mixture Density Networks,IEEE ROBOTICS & AUTOMATION MAGAZINE,,,,,,,,,,,,,,,,,,"Gao, Jianfeng/0000-0002-6371-505X; Asfour, Tamim/0000-0003-4879-7680",,,,,,,,,,,,,1070-9932,1558-223X,,,,JUN,2020,27,2,,,,,22,32,,10.1109/MRA.2020.2980591,http://dx.doi.org/10.1109/MRA.2020.2980591,,,,,,,,,,,,,WOS:000542932400008,View Full Record in Web of Science
J,"Wang, JQ; Gao, YZ; Wu, DM; Dong, W",,,,"Wang, Jiaqi; Gao, Yongzhuo; Wu, Dongmei; Dong, Wei",,,Probabilistic movement primitive based motion learning for a lower limb exoskeleton with black-box optimization,FRONTIERS OF INFORMATION TECHNOLOGY & ELECTRONIC ENGINEERING,,,,,,,,,,,,,,,,,"Wu, Dongmei/AAS-6647-2020; Dong, Wei/J-5171-2013; wang, jiaqi/HGF-2290-2022; Gao, Yongzhuo/HHM-2832-2022",,,,,,,,,,,,,,2095-9184,2095-9230,,,,JAN,2023,24,1,,,,,104,116,,10.1631/FITEE.2200065,http://dx.doi.org/10.1631/FITEE.2200065,,,,,,,,,,,,,WOS:000919769400006,View Full Record in Web of Science
J,"Dall'Alba, D; Busellato, L; Savarimuthu, TR; Cheng, ZQ; Iturrate, I",,,,"Dall'Alba, Diego; Busellato, Lorenzo; Savarimuthu, Thiusius Rajeeth; Cheng, Zhuoqi; Iturrate, Inigo",,,Imitation Learning of Compression Pattern in Robotic-Assisted Ultrasound Examination Using Kernelized Movement Primitives,IEEE TRANSACTIONS ON MEDICAL ROBOTICS AND BIONICS,,,,,,,,,,,,,,,,,"Cheng, Zhuoqi/AAH-5232-2019; Savarimuthu, Thiusius Rajeeth/J-7766-2015; Iturrate, Inigo/U-7913-2018","Savarimuthu, Thiusius Rajeeth/0000-0002-2478-8694; Cheng, Zhuoqi/0000-0002-4267-6928; Busellato, Lorenzo/0009-0004-0603-601X; Iturrate, Inigo/0000-0001-7922-1946",,,,,,,,,,,,,,2576-3202,,,,NOV,2024,6,4,,,,,1567,1580,,10.1109/TMRB.2024.3472856,http://dx.doi.org/10.1109/TMRB.2024.3472856,,,,,,,,,,,,,WOS:001355780400026,View Full Record in Web of Science
J,"Hu, HP; Yan, HY; Yang, XS; Lou, YJ",,,,"Hu, Haopeng; Yan, Hengyuan; Yang, Xiansheng; Lou, Yunjiang",,,Robot Learning From Demonstration for Assembly With Sequential Assembly Movement Primitives,IEEE-ASME TRANSACTIONS ON MECHATRONICS,,,,,,,,,,,,,,,,,"Yang, Xiansheng/M-9406-2019","Yang, Xiansheng/0000-0002-7123-6745; Hu, Haopeng/0000-0002-4069-6431; Yan, Hengyuan/0000-0002-6836-4498",,,,,,,,,,,,,1083-4435,1941-014X,,,,AUG,2024,29,4,,,,,2685,2696,,10.1109/TMECH.2023.3336520,http://dx.doi.org/10.1109/TMECH.2023.3336520,,DEC 2023,,,,,,,,,,,WOS:001126127600001,View Full Record in Web of Science
J,"Seyhan, SS; Alpaslan, FN; Yavas, M",,,,"Seyhan, Seyit Sabri; Alpaslan, Ferda Nur; Yavas, Mustafa",,,Simple and complex behavior learning using behavior hidden Markov model and CobART,NEUROCOMPUTING,,,,,,,,,,,,,,,,,"YAVAS, Mustafa/MGT-5702-2025; Alpaslan, Ferda/ABA-4259-2020","ALPASLAN, FERDANUR/0000-0002-9806-1543",,,,,,,,,,,,,0925-2312,1872-8286,,,,MAR 1,2013,103,,,,,,121,131,,10.1016/j.neucom.2012.09.013,http://dx.doi.org/10.1016/j.neucom.2012.09.013,,,,,,,,,,,,,WOS:000313374500013,View Full Record in Web of Science
C,"Niekum, S; Osentoski, S; Konidaris, G; Barto, AG",,,IEEE; Robotics Society of Japan,"Niekum, Scott; Osentoski, Sarah; Konidaris, George; Barto, Andrew G.",,,Learning and Generalization of Complex Tasks from Unstructured Demonstrations,2012 IEEE/RSJ INTERNATIONAL CONFERENCE ON INTELLIGENT ROBOTS AND SYSTEMS (IROS),IEEE International Conference on Intelligent Robots and Systems,,,,25th IEEE\RSJ International Conference on Intelligent Robots and Systems (IROS),"OCT 07-12, 2012","Algarve, PORTUGAL","IEEE Robot & Automat Soc (RAS),IEEE Ind Elect Soc (IES),Robot Soc Japan (RSJ),Soc Instrument & Control Engineers (SICE),New technol Fdn (NTF),Inst Control, Robot & Syst,IEEE,Adept MobileRobots,Willow Garage,Aldebaran Robot,Natl Instruments,Reflexxes GmbH,Schunk Intec S L U",,,,,,,,,,,,,,,,,,,,,,,2153-0858,,978-1-4673-1736-8,,,,2012,,,,,,,5239,5246,,,,,,,,,,,,,,,,WOS:000317042705132,View Full Record in Web of Science
C,"Nakaoka, S; Nakazawa, A; Yokoi, K; Ikeuchi, K",,,IEEE,"Nakaoka, S; Nakazawa, A; Yokoi, K; Ikeuchi, K",,,Leg motion primitives for a dancing humanoid robot,"2004 IEEE INTERNATIONAL CONFERENCE ON ROBOTICS AND AUTOMATION, VOLS 1- 5, PROCEEDINGS",IEEE International Conference on Robotics and Automation ICRA,,,,IEEE International Conference on Robotics and Automation,"APR 26-MAY 01, 2004","New Orleans, LA","IEEE Robot & Automat Soc,IEEE",,,,,,,,,,,,,,,,,,,,,,,1050-4729,2577-087X,0-7803-8232-3,,,,2004,,,,,,,610,615,,10.1109/ROBOT.2004.1307216,http://dx.doi.org/10.1109/ROBOT.2004.1307216,,,,,,,,,,,,,WOS:000221794800097,View Full Record in Web of Science
C,"Stulp, F; Theodorou, E; Buchli, J; Schaal, S",,,IEEE,"Stulp, Freek; Theodorou, Evangelos; Buchli, Jonas; Schaal, Stefan",,,Learning to Grasp under Uncertainty,2011 IEEE INTERNATIONAL CONFERENCE ON ROBOTICS AND AUTOMATION (ICRA),IEEE International Conference on Robotics and Automation ICRA,,,,IEEE International Conference on Robotics and Automation (ICRA),"MAY 09-13, 2011","Shanghai, PEOPLES R CHINA","IEEE,Robot & Automat Soc,Minist Educ China,Minist Sci & Technol China,Natl Nat Sci Fdn China,Sci & Technol Commiss Shanghai Municipal,Shanghai Jiao Tong Univ, State Key Lab Mech Syst & Vibrat,Huazhong Univ Sci & Technol, State Key Lab Digital Mfg Equipment & Technol,Harbin Inst Technol, State Key Lab Robot & Syst,Zhejiang Univ, Inst Cyber-Syst & Control,Chinese Acad Sci, Shenyang Inst Automat,Beihang Univ, Robotics Inst,Beijing Res Inst Automat Machinery Ind,Tianjin Univ, Sch Mech Engn,ABB,YASKAWA Elect,KUKA,Willow Garage,Googol Tech.,Adept Mobile Robots,Harbin Boshi Automat,Natl Instruments,Beijing Universal Pioneering Technol,Real-Time Control & Instrumentat Lab, GE Global Res,ALDEBARAN Robot,Int Federat Robot (IFR),Shanghai Jiao Tong Univ",,,,,,,,,,,,,,,,,,,,,,,1050-4729,2577-087X,978-1-61284-385-8,,,,2011,,,,,,,,,,,,,,,,,,,,,,,,WOS:000324383404144,View Full Record in Web of Science
J,"Zhou, P; Zhao, XW; Tao, B; Ding, H",,,,"Zhou, Pei; Zhao, Xingwei; Tao, Bo; Ding, Han",,,Combination of Dynamical Movement Primitives With Trajectory Segmentation and Node Mapping for Robot Machining Motion Learning,IEEE-ASME TRANSACTIONS ON MECHATRONICS,,,,,,,,,,,,,,,,,"Bo, Tao/AFE-7417-2022","Zhou, Pei/0000-0002-0320-8363",,,,,,,,,,,,,1083-4435,1941-014X,,,,FEB,2023,28,1,,,,,175,185,,10.1109/TMECH.2022.3196036,http://dx.doi.org/10.1109/TMECH.2022.3196036,,AUG 2022,,,,,,,,,,,WOS:000842754000001,View Full Record in Web of Science
C,"Luo, DS; Han, XQ; Ding, YX; Ma, Y; Liu, Z; Wu, XH",,,IEEE,"Luo, Dingsheng; Han, Xiaoqiang; Ding, Yaoxiang; Ma, Yang; Liu, Zhan; Wu, Xihong",,,Learning Push Recovery for a Bipedal Humanoid Robot with Dynamical Movement Primitives,2015 IEEE-RAS 15TH INTERNATIONAL CONFERENCE ON HUMANOID ROBOTS (HUMANOIDS),IEEE-RAS International Conference on Humanoid Robots,,,,15th IEEE-RAS International Conference on Humanoid Robots (Humanoids),"NOV 03-05, 2015","Seoul, SOUTH KOREA","IEEE Robot & Automat Soc,IEEE",,,,,,,,,,,,,,,,,,,,,,,2164-0572,,978-1-4799-6885-5,,,,2015,,,,,,,1013,1019,,,,,,,,,,,,,,,,WOS:000377954900153,View Full Record in Web of Science
J,"Koç, O; Peters, J",,,,"Koc, Okan; Peters, Jan",,,Learning to Serve: An Experimental Study for a New Learning From Demonstrations Framework,IEEE ROBOTICS AND AUTOMATION LETTERS,,,,,,,,,,,,,,,,,"Peters, Jan/D-5068-2009","Peters, Jan/0000-0002-5266-8091",,,,,,,,,,,,,2377-3766,,,,,APR,2019,4,2,,,,,1784,1791,,10.1109/LRA.2019.2896466,http://dx.doi.org/10.1109/LRA.2019.2896466,,,,,,,,,,,,,WOS:000459701700004,View Full Record in Web of Science
C,"Cavazza, M; Shimono, T; Oboe, R",,,IEEE,"Cavazza, Marco; Shimono, Tomoyuki; Oboe, Roberto",,,Motion Copying Systems: Adaptation to Environment using Dynamic Movement Primitives,45TH ANNUAL CONFERENCE OF THE IEEE INDUSTRIAL ELECTRONICS SOCIETY (IECON 2019),IEEE Industrial Electronics Society,,,,45th Annual Conference of the IEEE Industrial Electronics Society (IECON),"OCT 14-17, 2019","Lisbon, PORTUGAL","IEEE,Univ Nova Lisboa,IEEE Ind Elect Soc",,,,,,,,,"Oboe, Roberto/AAF-6794-2021; Oboe, Roberto/K-2705-2017","Oboe, Roberto/0000-0003-3078-2915",,,,,,,,,,,,,1553-572X,,978-1-7281-4878-6,,,,2019,,,,,,,3627,3634,,,,,,,,,,,,,,,,WOS:000522050603103,View Full Record in Web of Science
C,"Fu, XC; Xiao, YF; Shan, TC; Zhao, J",,,IEEE,"Fu, Xiaochun; Xiao, Yongfei; Shan, Tiecheng; Zhao, Jie",,,An Improved Trajectory Learning Algorithm Based on DMPs,"2020 3RD INTERNATIONAL CONFERENCE ON ROBOTICS, CONTROL AND AUTOMATION ENGINEERING (RCAE 2020)",,,,,"3rd International Conference on Robotics, Control and Automation Engineering (RCAE)","NOV 05-08, 2020","Chongqing, PEOPLES R CHINA",IEEE,,,,,,,,,,,,,,,,,,,,,,,,,978-1-7281-8638-2,,,,2020,,,,,,,12,16,,10.1109/rcae51546.2020.9294667,http://dx.doi.org/10.1109/rcae51546.2020.9294667,,,,,,,,,,,,,WOS:000853363700003,View Full Record in Web of Science
J,"Huang, HF; Zeng, C; Cheng, L; Yang, CG",,,,"Huang, Haifeng; Zeng, Chao; Cheng, Long; Yang, Chenguang",,,Toward Generalizable Robotic Dual-Arm Flipping Manipulation,IEEE TRANSACTIONS ON INDUSTRIAL ELECTRONICS,,,,,,,,,,,,,,,,,"huang, haifeng/G-9256-2012; Yang, Chenguang/AAJ-2509-2020; Cheng, Long/G-5027-2011","Cheng, Long/0000-0001-7565-8788; Yang, Chenguang/0000-0001-5255-5559",,,,,,,,,,,,,0278-0046,1557-9948,,,,MAY,2024,71,5,,,,,4954,4962,,10.1109/TIE.2023.3288189,http://dx.doi.org/10.1109/TIE.2023.3288189,,JUN 2023,,,,,,,,,,,WOS:001127180600009,View Full Record in Web of Science
J,"Blazi, S; Klancar, G",,,,"Blazi, Saso; Klancar, Gregor",,,Effective Parametrization of Low Order Bezier Motion Primitives for Continuous-Curvature Path-Planning Applications,ELECTRONICS,,,,,,,,,,,,,,,,,"Blazic, Saso/A-2803-2008","Klancar, Gregor/0000-0002-1461-3321; Blazic, Saso/0000-0002-9347-8534",,,,,,,,,,,,,,2079-9292,,,,JUN,2022,11,11,,,,,,,1709,10.3390/electronics11111709,http://dx.doi.org/10.3390/electronics11111709,,,,,,,,,,,,,WOS:000808790700001,View Full Record in Web of Science
C,"Karlsson, M; Robertsson, A; Johansson, R",,,,"Karlsson, Martin; Robertsson, Anders; Johansson, Rolf",,,Temporally Coupled Dynamical Movement Primitives in Cartesian Space,IFAC PAPERSONLINE,,,,,21st IFAC World Congress on Automatic Control - Meeting Societal Challenges,"JUL 11-17, 2020",ELECTR NETWORK,"Int Federat Automat Control,Siemens,Bayer,ABB,MathWorks,Phoenix Contact,Ifak Technol,Berlin Heart,Elsevier,De Gruyter,Tele Medi GmbH",,,,,,,,,"Karlsson, Martin/HJA-5957-2022; Robertsson, Anders/D-2727-2013; Johansson, Rolf/C-1845-2013","Johansson, Rolf/0000-0002-0786-8561",,,,,,,,,,,,,2405-8963,,,,,,2020,53,2,,,,,9219,9226,,10.1016/j.ifacol.2020.12.2197,http://dx.doi.org/10.1016/j.ifacol.2020.12.2197,,,,,,,,,,,,,WOS:000652593100073,View Full Record in Web of Science
J,"Fang, B; Wei, X; Sun, FC; Huang, HM; Yu, YL; Liu, HP",,,,"Fang, Bin; Wei, Xiang; Sun, Fuchun; Huang, Haiming; Yu, Yuanlong; Liu, Huaping",,,Skill Learning for Human-Robot Interaction Using Wearable Device,TSINGHUA SCIENCE AND TECHNOLOGY,,,,,,,,,,,,,,,,,,,,,,,,,,,,,,,1007-0214,1878-7606,,,,DEC,2019,24,6,,,,,654,662,,10.26599/TST.2018.9010096,http://dx.doi.org/10.26599/TST.2018.9010096,,,,,,,,,,,,,WOS:000495080400002,View Full Record in Web of Science
C,"Gong, SQ; Zhao, J; Xie, BY",,,IEEE,"Gong, Shiqiu; Zhao, Jing; Xie, Biyun",,,Robot Motion Planning with Human-Like Motion Patterns based on Human Arm Movement Primitive Chains,2021 IEEE INTERNATIONAL CONFERENCE ON ROBOTICS AND AUTOMATION (ICRA 2021),IEEE International Conference on Robotics and Automation ICRA,,,,IEEE International Conference on Robotics and Automation (ICRA),"MAY 30-JUN 05, 2021","Xian, PEOPLES R CHINA","IEEE,IEEE Robot & Automat Soc,So Univ Sci & Technol,Harbin Inst Technol,Xian Jiaotong Univ,Univ Toronto,Nat Sci & Engn Res Council Canada,Chinese Univ Hong Kong,DJI,Biomimet Intelligence & Robot,Toyota Res Inst,Baidu,Mech Mind Robot Technologies,Facebook AI,Nokov,Manycore,Franka Emika,Zhejiang Univ, Huzhou Inst,Jing Tian,ATI Ind Automat,Amber,Direct Drive Tech,Inceptio,Flexiv,Deeproute AI,Unitree,Waymo,Kuka,Pudu Robot,Deep Robot,Nvidia,MathWorks",,,,,,,,,,"Xie, Biyun/0000-0003-0538-1466",,,,,,,,,,,,,1050-4729,2577-087X,978-1-7281-9077-8,,,,2021,,,,,,,8373,8379,,10.1109/ICRA48506.2021.9560921,http://dx.doi.org/10.1109/ICRA48506.2021.9560921,,,,,,,,,,,,,WOS:000771405401121,View Full Record in Web of Science
J,"Abu-Dakka, F; Saveriano, M; Peternel, L",,,,"Abu-Dakka, Fares; Saveriano, Matteo; Peternel, Luka",,,Learning periodic skills for robotic manipulation: Insights on orientation and impedance,ROBOTICS AND AUTONOMOUS SYSTEMS,,,,,,,,,,,,,,,,,"Peternel, Luka/AAX-9766-2021; AbuDakka, Fares/M-2085-2019; Abu-Dakka, Fares J./M-4099-2014","Peternel, Luka/0000-0002-8696-3689; Saveriano, Matteo/0000-0002-9784-3973; Abu-Dakka, Fares J./0000-0001-9062-9416",,,,,,,,,,,,,0921-8890,1872-793X,,,,OCT,2024,180,,,,,,,,104763,10.1016/j.robot.2024.104763,http://dx.doi.org/10.1016/j.robot.2024.104763,,AUG 2024,,,,,,,,,,,WOS:001290496500001,View Full Record in Web of Science
C,"Hung, PN; Yoshimi, T",,,IEEE,"Pham Ngoc Hung; Yoshimi, Takashi",,,Programming Everyday Task by Demonstration using Primitive Skills for a Manipulator,"2017 IEEE 7TH ANNUAL INTERNATIONAL CONFERENCE ON CYBER TECHNOLOGY IN AUTOMATION, CONTROL, AND INTELLIGENT SYSTEMS (CYBER)",IEEE Annual International Conference on Cyber Technology in Automation Control and Intelligent Systems,,,,"7th IEEE Annual International Conference on CYBER Technology in Automation, Control, and Intelligent Systems (CYBER)","JUL 31-AUG 04, 2017","Honolulu, HI","IEEE,IEEE Robot & Automat Soc,Shenzhen Acad Robot,Shenyang Inst Automat",,,,,,,,,,,,,,,,,,,,,,,2379-7711,,978-1-5386-0490-8,,,,2017,,,,,,,321,325,,,,,,,,,,,,,,,,WOS:000447628700060,View Full Record in Web of Science
C,"Kormushev, P; Calinon, S; Caldwell, DG",,,IEEE,"Kormushev, Petar; Calinon, Sylvain; Caldwell, Darwin G.",,,Robot Motor Skill Coordination with EM-based Reinforcement Learning,IEEE/RSJ 2010 INTERNATIONAL CONFERENCE ON INTELLIGENT ROBOTS AND SYSTEMS (IROS 2010),IEEE International Conference on Intelligent Robots and Systems,,,,IEEE/RSJ International Conference on Intelligent Robots and Systems,"OCT 18-22, 2010","Taipei, TAIWAN",,,,,,,,,,"Caldwell, Darwin/E-9954-2018; Calinon, Sylvain/I-7606-2014; Kormushev, Petar/E-9172-2011","Kormushev, Petar/0000-0002-6677-3044",,,,,,,,,,,,,2153-0858,,978-1-4244-6675-7,,,,2010,,,,,,,3232,3237,,10.1109/IROS.2010.5649089,http://dx.doi.org/10.1109/IROS.2010.5649089,,,,,,,,,,,,,WOS:000287672004039,View Full Record in Web of Science
J,"Chi, MS; Liu, YX; Zhang, Q; Zeng, C",,,,"Chi, Mingshan; Liu, Yaxin; Zhang, Qiang; Zeng, Chao",,,A demonstration trajectory segmentation approach for wheelchair-mounted assistive robots,CAAI TRANSACTIONS ON INTELLIGENCE TECHNOLOGY,,,,,,,,,,,,,,,,,,,,,,,,,,,,,,,2468-6557,2468-2322,,,,2024 JUN 23,2024,,,,,,,,,,10.1049/cit2.12358,http://dx.doi.org/10.1049/cit2.12358,,JUN 2024,,,,,,,,,,,WOS:001253958700001,View Full Record in Web of Science
C,"Manschitz, S; Kober, J; Gienger, M; Peters, J",,,IEEE,"Manschitz, Simon; Kober, Jens; Gienger, Michael; Peters, Jan",,,Probabilistic Progress Prediction and Sequencing of Concurrent Movement Primitives,2015 IEEE/RSJ INTERNATIONAL CONFERENCE ON INTELLIGENT ROBOTS AND SYSTEMS (IROS),IEEE International Conference on Intelligent Robots and Systems,,,,IEEE/RSJ International Conference on Intelligent Robots and Systems (IROS),"SEP 28-OCT 02, 2015","Hamburg, GERMANY","IEEE,RSJ,Univ Hamburg,DFG,RA,New Technol Fdn,SICE,KUKA,DJI,Rethink Robot,BOSCH,Chinese Acad Sci, SIAT,Boozhong,Adept,Automatica,HIT,Ascending Technol,OPTOFORCE,DST Robot,BA Syst,Rainbow Robot,SIA,CLEARPATH Robot,Swiss Natl Ctr Competence Res Robot,SINEVA,Dyson,SICK,Robocept,Force Dimension,Open Unit Robot,Luoyang Natl Univ Sci Park,Fuzhou Univ,Synapticon,Google,Technishce Univ Munchen,iRobot,Echord++,Khalifa Univ,Pan Robot,FESTO,Kinova Robot,SCHUNK,ies",,,,,,,,,"Peters, Jan/D-5068-2009; Kober, Jens/I-9119-2017","Kober, Jens/0000-0001-7257-5434",,,,,,,,,,,,,2153-0858,,978-1-4799-9994-1,,,,2015,,,,,,,449,455,,,,,,,,,,,,,,,,WOS:000371885400065,View Full Record in Web of Science
J,"Wu, QC; Zheng, LL; Zhu, YH; Xu, ZH; Zhang, Q; Wu, HT",,,,"Wu, Qingcong; Zheng, Linliang; Zhu, Yanghui; Xu, Zihan; Zhang, Qiang; Wu, Hongtao",,,Development of a Reconfigurable 7-DOF Upper Limb Rehabilitation Exoskeleton With Gravity Compensation Based on DMP,IEEE TRANSACTIONS ON MEDICAL ROBOTICS AND BIONICS,,,,,,,,,,,,,,,,,"Zhu, Yanghui/AAA-6942-2021","Zhu, Yanghui/0000-0003-3476-0561",,,,,,,,,,,,,,2576-3202,,,,FEB,2025,7,1,,,,,303,314,,10.1109/TMRB.2024.3517157,http://dx.doi.org/10.1109/TMRB.2024.3517157,,,,,,,,,,,,,WOS:001435470100029,View Full Record in Web of Science
C,"Nordmann, A; Wrede, S; Steil, J",,,IEEE,"Nordmann, Arne; Wrede, Sebastian; Steil, Jochen",,,Modeling of Movement Control Architectures based on Motion Primitives using Domain-Specific Languages,2015 IEEE INTERNATIONAL CONFERENCE ON ROBOTICS AND AUTOMATION (ICRA),IEEE International Conference on Robotics and Automation ICRA,,,,IEEE International Conference on Robotics and Automation (ICRA),"MAY 26-30, 2015","Seattle, WA",IEEE,,,,,,,,,"Nordmann, Arne/L-3114-2016","Wrede, Sebastian/0000-0003-0029-8188; Nordmann, Arne/0000-0002-0179-1655",,,,,,,,,,,,,1050-4729,,978-1-4799-6923-4,,,,2015,,,,,,,5032,5039,,,,,,,,,,,,,,,,WOS:000370974904142,View Full Record in Web of Science
C,"Sutanto, G; Su, Z; Schaal, S; Meier, F",,,IEEE,"Sutanto, Giovanni; Su, Zhe; Schaal, Stefan; Meier, Franziska",,,Learning Sensor Feedback Models from Demonstrations via Phase-Modulated Neural Networks,2018 IEEE INTERNATIONAL CONFERENCE ON ROBOTICS AND AUTOMATION (ICRA),IEEE International Conference on Robotics and Automation ICRA,,,,IEEE International Conference on Robotics and Automation (ICRA),"MAY 21-25, 2018","Brisbane, AUSTRALIA","IEEE,CSIRO,Australian Govt, Dept Def Sci & Technol,DJI,Queensland Univ Technol,Woodside,Baidu,Bosch,Houston Mechatron,Kinova Robot,KUKA,Hit Robot Grp,Honda Res Inst,iRobot,Mathworks,NuTonomy,Ouster,Uber",,,,,,,,,"Sutanto, Giovanni/ABE-8297-2021",,,,,,,,,,,,,,1050-4729,2577-087X,978-1-5386-3081-5,,,,2018,,,,,,,1142,1149,,,,,,,,,,,,,,,,WOS:000446394500124,View Full Record in Web of Science
C,"Preda, N; Manurung, A; Lambercy, O; Gassert, R; Bonfè, M",,,IEEE,"Preda, Nicola; Manurung, Auralius; Lambercy, Olivier; Gassert, Roger; Bonfe, Marcello",,,Motion Planning for a Multi-Arm Surgical Robot Using Both Sampling-based Algorithms and Motion Primitives,2015 IEEE/RSJ INTERNATIONAL CONFERENCE ON INTELLIGENT ROBOTS AND SYSTEMS (IROS),IEEE International Conference on Intelligent Robots and Systems,,,,IEEE/RSJ International Conference on Intelligent Robots and Systems (IROS),"SEP 28-OCT 02, 2015","Hamburg, GERMANY","IEEE,RSJ,Univ Hamburg,DFG,RA,New Technol Fdn,SICE,KUKA,DJI,Rethink Robot,BOSCH,Chinese Acad Sci, SIAT,Boozhong,Adept,Automatica,HIT,Ascending Technol,OPTOFORCE,DST Robot,BA Syst,Rainbow Robot,SIA,CLEARPATH Robot,Swiss Natl Ctr Competence Res Robot,SINEVA,Dyson,SICK,Robocept,Force Dimension,Open Unit Robot,Luoyang Natl Univ Sci Park,Fuzhou Univ,Synapticon,Google,Technishce Univ Munchen,iRobot,Echord++,Khalifa Univ,Pan Robot,FESTO,Kinova Robot,SCHUNK,ies",,,,,,,,,"Gassert, Roger/I-1591-2019; Bonfè, Marcello/AAC-2434-2019; Manurung, Auralius/ABF-1552-2020; Gassert, Roger/B-6351-2011","Manurung, Auralius/0000-0002-0931-7720; Gassert, Roger/0000-0002-6373-8518",,,,,,,,,,,,,2153-0858,,978-1-4799-9994-1,,,,2015,,,,,,,1422,1427,,,,,,,,,,,,,,,,WOS:000371885401085,View Full Record in Web of Science
C,"Iturrate, I; Schwaner, KL; Savarimuthu, TR; Cheng, ZQ",,"Ude, A; Petric, T; Zlajpah, L",,"Iturrate, Inigo; Schwaner, Kim Lindberg; Savarimuthu, Thiusius Rajeeth; Cheng, Zhuoqi",,,A Handheld Forceps-Like Tracker for Learning Robotic Surgical Tasks from Demonstration,"ADVANCES IN SERVICE AND INDUSTRIAL ROBOTICS, RAAD 2023",Mechanisms and Machine Science,,,,31st International Conference on Robotics in Alpe-Adria-Danube Region (RAAD),"JUN 14-16, 2023","Bled, SLOVENIA","Int Federat Promot Mech & Machine Sci,Inst Elect & Elect Engineers, Austrian Sect,SCHUNK Intec GmbH,ABB AG,Universal Robots GmbH",,,,,,,,,"Schwaner, Kim/R-6881-2018; Cheng, Zhuoqi/AAH-5232-2019; Iturrate, Inigo/U-7913-2018; Savarimuthu, Thiusius Rajeeth/J-7766-2015","Schwaner, Kim/0000-0001-5296-3712; Iturrate, Inigo/0000-0001-7922-1946; Savarimuthu, Thiusius Rajeeth/0000-0002-2478-8694; Cheng, Zhuoqi/0000-0002-4267-6928",,,,,,,,,,,,,2211-0984,2211-0992,978-3-031-32608-0; 978-3-031-32606-6; 978-3-031-32605-9,,,,2023,135,,,,,,229,236,,10.1007/978-3-031-32606-6_27,http://dx.doi.org/10.1007/978-3-031-32606-6_27,,,,,,,,,,,,,WOS:001300049300027,View Full Record in Web of Science
S,"Mukovskiy, A; Taubert, N; Endres, D; Vassallo, C; Naveau, M; Stasse, O; Souères, P; Giese, MA",,"Laumond, JP; Mansard, N; Lasserre, JB",,"Mukovskiy, Albert; Taubert, Nick; Endres, Dominik; Vassallo, Christian; Naveau, Maximilien; Stasse, Olivier; Soueres, Philippe; Giese, Martin A.",,,Modeling of Coordinated Human Body Motion by Learning of Structured Dynamic Representations,GEOMETRIC AND NUMERICAL FOUNDATIONS OF MOVEMENTS,Springer Tracts in Advanced Robotics,,,,,,,,,,,,,,,,"Endres, Dominik/AAW-8412-2021; Stasse, Olivier/E-6220-2010","Giese, Martin/0000-0003-1178-2768; STASSE, Olivier/0000-0001-8569-6155",,,,,,,,,,,,,1610-7438,1610-742X,978-3-319-51547-2; 978-3-319-51546-5,,,,2017,117,,,,,,237,267,,10.1007/978-3-319-51547-2_11,http://dx.doi.org/10.1007/978-3-319-51547-2_11,10.1007/978-3-319-51547-2,,,,,,,,,,,,WOS:000428983900013,View Full Record in Web of Science
J,"Moro, FL; Spröwitz, A; Tuleu, A; Vespignani, M; Tsagarakis, NG; Ijspeert, AJ; Caldwell, DG",,,,"Moro, Federico L.; Sproewitz, Alexander; Tuleu, Alexandre; Vespignani, Massimo; Tsagarakis, Nikos G.; Ijspeert, Auke J.; Caldwell, Darwin G.",,,"Horse-like walking, trotting, and galloping derived from kinematic Motion Primitives (kMPs) and their application to walk/trot transitions in a compliant quadruped robot",BIOLOGICAL CYBERNETICS,,,,,,,,,,,,,,,,,"Vespignani, Massimo/I-4195-2019; Caldwell, Darwin/E-9954-2018","MORO, FEDERICO LORENZO/0000-0003-1841-7130; Caldwell, Darwin/0000-0002-6233-9961; Ijspeert, Auke Jan/0000-0003-1417-9980; Badri-Sprowitz, Alexander/0000-0002-3864-7307; Vespignani, Massimo/0000-0003-1408-7517",,,,,,,,,,,,,0340-1200,1432-0770,,,,JUN,2013,107,3,,,,,309,320,,10.1007/s00422-013-0551-9,http://dx.doi.org/10.1007/s00422-013-0551-9,,,,,,,,23463501,,,,,WOS:000319348300003,View Full Record in Web of Science
J,"Wang, Y; Chen, C; Peng, FY; Zheng, ZY; Gao, ZT; Yan, R; Tang, XW",,,,"Wang, Yu; Chen, Chen; Peng, Fangyu; Zheng, Zhouyi; Gao, Zhitao; Yan, Rong; Tang, Xiaowei",,,AL-ProMP: Force-relevant skills learning and generalization method for robotic polishing,ROBOTICS AND COMPUTER-INTEGRATED MANUFACTURING,,,,,,,,,,,,,,,,,,"Wang, Yu/0009-0000-8211-1713",,,,,,,,,,,,,0736-5845,1879-2537,,,,AUG,2023,82,,,,,,,,102538,10.1016/j.rcim.2023.102538,http://dx.doi.org/10.1016/j.rcim.2023.102538,,FEB 2023,,,,,,,,,,,WOS:000927413900001,View Full Record in Web of Science
J,"Kim, JH; Roberts, DP; Meusch, J; Rahmatalla, S",,,,"Kim, Joo H.; Roberts, Dustyn P.; Meusch, John; Rahmatalla, Salam",,,KINEMATIC AND KINETIC EVALUATION OF A THROWING MODEL USING MOTION PRIMITIVES,INTERNATIONAL JOURNAL OF ROBOTICS & AUTOMATION,,,,,,,,,,,,,,,,,"Kim, Joo/I-9517-2012; Roberts, Dustyn/E-9493-2010","Kim, Joo H./0000-0003-0305-5405; Roberts, Dustyn/0000-0002-5898-8555",,,,,,,,,,,,,0826-8185,1925-7090,,,,,2015,30,1,,,,,98,109,,10.2316/Journal.206.2015.1.206-4280,http://dx.doi.org/10.2316/Journal.206.2015.1.206-4280,,,,,,,,,,,,,WOS:000349599300010,View Full Record in Web of Science
J,"Liu, YX; Liu, Y; Yao, YF; Zhong, M",,,,"Liu, Yaxin; Liu, Yan; Yao, Yufeng; Zhong, Ming",,,Object Affordance-Based Implicit Interaction for Wheelchair-Mounted Robotic Arm Using a Laser Pointer,SENSORS,,,,,,,,,,,,,,,,,,"YAO, Yufeng/0000-0001-9595-4322; Liu, Yan/0000-0002-8655-5335; Liu, Yaxin/0000-0003-3694-9800; Zhong, Ming/0000-0002-1612-0459",,,,,,,,,,,,,,1424-8220,,,,MAY 4,2023,23,9,,,,,,,4477,10.3390/s23094477,http://dx.doi.org/10.3390/s23094477,,,,,,,,37177680,,,,,WOS:000987080000001,View Full Record in Web of Science
J,"Chen, N; Wan, LC; Pan, YJ",,,,"Chen, Nuo; Wan, Lucas; Pan, Ya-Jun",,,Robust and Adaptive Dexterous Manipulation With Vision-Based Learning From Multiple Demonstrations,IEEE TRANSACTIONS ON INDUSTRIAL ELECTRONICS,,,,,,,,,,,,,,,,,"Pan, Yajun/AAQ-3127-2020; Wan, Lucas/AAU-3001-2021","Wan, Lucas/0000-0002-4239-0110; Pan, Ya-Jun/0000-0002-8700-0956",,,,,,,,,,,,,0278-0046,1557-9948,,,,2024 DEC 4,2024,,,,,,,,,,10.1109/TIE.2024.3503610,http://dx.doi.org/10.1109/TIE.2024.3503610,,DEC 2024,,,,,,,,,,,WOS:001371977100001,View Full Record in Web of Science
C,"Xie, PM; Huang, S; Lv, C; Xie, LH",,,IEEE,"Xie, Peimin; Huang, Shuangyuan; Lv, Chen; Xie, Longhan",,,Imitation Learning Control Strategy Based on Probabilistic Motor primitive for Upper Limb Rehabilitation Training,"2024 IEEE INTERNATIONAL CONFERENCE ON CYBERNETICS AND INTELLIGENT SYSTEMS, CIS AND IEEE INTERNATIONAL CONFERENCE ON ROBOTICS, AUTOMATION AND MECHATRONICS, RAM, CIS-RAM 2024",IEEE Conference on Cybernetics and Intelligent Systems,,,,"11th IEEE International Conference on Cybernetics and Intelligent Systems (CIS) / 11th IEEE International Conference on Robotics, Automation and Mechatronics (RAM)","AUG 08-11, 2024","Hangzhou, PEOPLES R CHINA","IEEE,IEEE Singapore Sect,IEEE Robot & Automat Soc, Singapore Chapter,IEEE Syst, Man, & Cybernet Soc Singapore Chapter,IEEE Robot & Automat Soc, Nanjing Chapter,Zhejiang Univ,Hangzhou Dianzi Univ,Nanhu Brain Comp Interface Inst,State Key Lab Brain Machine Intelligence,Agile X,AITEN,Deep Robot,Energy Land Universe,Nokov Mot Capture,Tengzhao Technol",,,,,,,,,,,,,,,,,,,,,,,,,979-8-3503-6420-0; 979-8-3503-6419-4,,,,2024,,,,,,,1,6,,10.1109/CIS-RAM61939.2024.10673394,http://dx.doi.org/10.1109/CIS-RAM61939.2024.10673394,,,,,,,,,,,,,WOS:001324541400001,View Full Record in Web of Science
C,"Duminy, N; Nguyen, SM; Duhaut, D",,,IEEE,"Duminy, Nicolas; Sao Mai Nguyen; Duhaut, Dominique",,,Strategic and interactive learning of a hierarchical set of tasks by the Poppy humanoid robot,2016 JOINT IEEE INTERNATIONAL CONFERENCE ON DEVELOPMENT AND LEARNING AND EPIGENETIC ROBOTICS (ICDL-EPIROB),Joint IEEE International Conference on Development and Learning and Epigenetic Robotics ICDL-EpiRob,,,,IEEE Joint International Conference on Development and Learning and Epigenetic Robotics (ICDL-EpiRob),"SEP 19-22, 2016","Paris, FRANCE",IEEE,,,,,,,,,"Nguyen, Sao/AAC-2982-2020","Nguyen, Sao Mai/0000-0003-0929-0019",,,,,,,,,,,,,2161-9484,,978-1-5090-5069-7,,,,2016,,,,,,,204,209,,,,,,,,,,,,,,,,WOS:000401474000043,View Full Record in Web of Science
J,"Maeda, GJ; Neumann, G; Ewerton, M; Lioutikov, R; Kroemer, O; Peters, J",,,,"Maeda, Guilherme J.; Neumann, Gerhard; Ewerton, Marco; Lioutikov, Rudolf; Kroemer, Oliver; Peters, Jan",,,Probabilistic movement primitives for coordination of multiple human-robot collaborative tasks,AUTONOMOUS ROBOTS,,,,,,,,,,,,,,,,,"Peters, Jan/D-5068-2009","Neumann, Gerhard/0000-0002-5483-4225",,,,,,,,,,,,,0929-5593,1573-7527,,,,MAR,2017,41,3,,,SI,,593,612,,10.1007/s10514-016-9556-2,http://dx.doi.org/10.1007/s10514-016-9556-2,,,,,,,,,,,,,WOS:000394957900006,View Full Record in Web of Science
C,"Benton, A; Solowjow, E; Akella, P",,,IEEE,"Benton, Andrew; Solowjow, Eugen; Akella, Prithvi",,,Verifiable Learned Behaviors via Motion Primitive Composition: Applications to Scooping of Granular Media,"2024 IEEE INTERNATIONAL CONFERENCE ON ROBOTICS AND AUTOMATION, ICRA 2024",IEEE International Conference on Robotics and Automation ICRA,,,,IEEE International Conference on Robotics and Automation (ICRA),"MAY 13-17, 2024","Yokohama, JAPAN","IEEE,IEEE Robot & Automat Soc",,,,,,,,,,,,,,,,,,,,,,,1050-4729,2577-087X,979-8-3503-8458-1; 979-8-3503-8457-4,,,,2024,,,,,,,2549,2555,,10.1109/ICRA57147.2024.10611279,http://dx.doi.org/10.1109/ICRA57147.2024.10611279,,,,,,,,,,,,,WOS:001294576202020,View Full Record in Web of Science
J,"Wei, Y; Zhao, J",,,,"Wei, Yuan; Zhao, Jing",,,Designing Human-like Behaviors for Anthropomorphic Arm in Humanoid Robot NAO,ROBOTICA,,,,,,,,,,,,,,,,,,"Wei, Yuan/0000-0002-3891-4006",,,,,,,,,,,,,0263-5747,1469-8668,,,,JUL,2020,38,7,,,,,1205,1226,PII S026357471900136X,10.1017/S026357471900136X,http://dx.doi.org/10.1017/S026357471900136X,,,,,,,,,,,,,WOS:000540757700004,View Full Record in Web of Science
C,"Cohen, BJ; Subramanian, G; Chitta, S; Likhachev, M",,,IEEE,"Cohen, Benjamin J.; Subramanian, Gokul; Chitta, Sachin; Likhachev, Maxim",,,Planning for Manipulation with Adaptive Motion Primitives,2011 IEEE INTERNATIONAL CONFERENCE ON ROBOTICS AND AUTOMATION (ICRA),IEEE International Conference on Robotics and Automation ICRA,,,,IEEE International Conference on Robotics and Automation (ICRA),"MAY 09-13, 2011","Shanghai, PEOPLES R CHINA","IEEE,Robot & Automat Soc,Minist Educ China,Minist Sci & Technol China,Natl Nat Sci Fdn China,Sci & Technol Commiss Shanghai Municipal,Shanghai Jiao Tong Univ, State Key Lab Mech Syst & Vibrat,Huazhong Univ Sci & Technol, State Key Lab Digital Mfg Equipment & Technol,Harbin Inst Technol, State Key Lab Robot & Syst,Zhejiang Univ, Inst Cyber-Syst & Control,Chinese Acad Sci, Shenyang Inst Automat,Beihang Univ, Robotics Inst,Beijing Res Inst Automat Machinery Ind,Tianjin Univ, Sch Mech Engn,ABB,YASKAWA Elect,KUKA,Willow Garage,Googol Tech.,Adept Mobile Robots,Harbin Boshi Automat,Natl Instruments,Beijing Universal Pioneering Technol,Real-Time Control & Instrumentat Lab, GE Global Res,ALDEBARAN Robot,Int Federat Robot (IFR),Shanghai Jiao Tong Univ",,,,,,,,,,,,,,,,,,,,,,,1050-4729,2577-087X,978-1-61284-385-8,,,,2011,,,,,,,,,,,,,,,,,,,,,,,,WOS:000324383404110,View Full Record in Web of Science
C,"Abbatematteo, B; Rosen, E; Tellex, S; Konidaris, G",,,IEEE,"Abbatematteo, Ben; Rosen, Eric; Tellex, Stefanie; Konidaris, George",,,Bootstrapping Motor Skill Learning with Motion Planning,2021 IEEE/RSJ INTERNATIONAL CONFERENCE ON INTELLIGENT ROBOTS AND SYSTEMS (IROS),IEEE International Conference on Intelligent Robots and Systems,,,,IEEE/RSJ International Conference on Intelligent Robots and Systems (IROS),"SEP 27-OCT 01, 2021",ELECTR NETWORK,"IEEE,RSJ",,,,,,,,,,,,,,,,,,,,,,,2153-0858,,978-1-6654-1714-3,,,,2021,,,,,,,4926,4933,,10.1109/IROS51168.2021.9636661,http://dx.doi.org/10.1109/IROS51168.2021.9636661,,,,,,,,,,,,,WOS:000755125503135,View Full Record in Web of Science
C,"Abu-Dakka, FJ; Saveriano, M; Peternel, L",,,IEEE,"Abu-Dakka, Fares J.; Saveriano, Matteo; Peternel, Luka",,,Periodic DMP formulation for Quaternion Trajectories,2021 20TH INTERNATIONAL CONFERENCE ON ADVANCED ROBOTICS (ICAR),,,,,20th International Conference on Advanced Robotics (ICAR),"DEC 07-10, 2021",ELECTR NETWORK,"IEEE Robot & Automat Soc,Jozef Stefan Inst,Univ Ljubljana, Fac Elect Engn,Univ Verona, Dept Comp Sci",,,,,,,,,"Peternel, Luka/AAX-9766-2021; AbuDakka, Fares/M-2085-2019; Abu-Dakka, Fares J./M-4099-2014","Abu-Dakka, Fares J./0000-0001-9062-9416; Peternel, Luka/0000-0002-8696-3689",,,,,,,,,,,,,,,978-1-6654-3684-7,,,,2021,,,,,,,658,663,,10.1109/ICAR53236.2021.9659319,http://dx.doi.org/10.1109/ICAR53236.2021.9659319,,,,,,,,,,,,,WOS:000766318900100,View Full Record in Web of Science
C,"Przystupa, M; Haghverd, F; Jagersand, M; Tosatto, S",,,IEEE,"Przystupa, Michael; Haghverd, Faezeh; Jagersand, Martin; Tosatto, Samuele",,,Deep Probabilistic Movement Primitives with a Bayesian Aggregator,"2023 IEEE/RSJ INTERNATIONAL CONFERENCE ON INTELLIGENT ROBOTS AND SYSTEMS, IROS",IEEE International Conference on Intelligent Robots and Systems,,,,IEEE/RSJ International Conference on Intelligent Robots and Systems (IROS),"OCT 01-05, 2023","Detroit, MI","IEEE,RSJ",,,,,,,,,,,,,,,,,,,,,,,2153-0858,,978-1-6654-9190-7,,,,2023,,,,,,,3704,3711,,10.1109/IROS55552.2023.10342441,http://dx.doi.org/10.1109/IROS55552.2023.10342441,,,,,,,,,,,,,WOS:001133658802107,View Full Record in Web of Science
J,"Yang, XN; Agrawal, A; Sreenath, K; Michael, N",,,,"Yang, Xuning; Agrawal, Ayush; Sreenath, Koushil; Michael, Nathan",,,Online adaptive teleoperation via motion primitives for mobile robots,AUTONOMOUS ROBOTS,,,,,,,,,,,,,,,,,"Agrawal, Ayush/LNQ-2394-2024",,,,,,,,,,,,,,0929-5593,1573-7527,,,,AUG,2019,43,6,,,,,1357,1373,,10.1007/s10514-018-9753-2,http://dx.doi.org/10.1007/s10514-018-9753-2,,,,,,,,,,,,,WOS:000474366100005,View Full Record in Web of Science
C,"Tan, Z; Lyu, Y; Lu, HC; Pan, Q",,,IEEE,"Tan, Zheng; Lyu, Yang; Lu, Hanchen; Pan, Quan",,,Motion primitives-based and Two-phase Motion Planning for Fixed-wing UAV,"2022 17TH INTERNATIONAL CONFERENCE ON CONTROL, AUTOMATION, ROBOTICS AND VISION (ICARCV)",International Conference on Control Automation Robotics and Vision,,,,"17th International Conference on Control, Automation, Robotics and Vision (ICARCV)","DEC 11-13, 2022","Singapore, SINGAPORE",,,,,,,,,,,"Tan, Zheng/0000-0002-3336-747X",,,,,,,,,,,,,2474-2953,,978-1-6654-7687-4,,,,2022,,,,,,,511,517,,10.1109/ICARCV57592.2022.10004234,http://dx.doi.org/10.1109/ICARCV57592.2022.10004234,,,,,,,,,,,,,WOS:000947265600085,View Full Record in Web of Science
J,"Guo, PY; Zhang, ZJ; Liu, Y; Liu, YJ; Zhu, DS; Shao, C",,,,"Guo, Pengyue; Zhang, Zhijing; Liu, Yan; Liu, Yujun; Zhu, Dongsheng; Shao, Chao",,,A Skill Programming Method Based on Assembly Motion Primitive for Modular Assembly System,IEEE ACCESS,,,,,,,,,,,,,,,,,,,,,,,,,,,,,,,2169-3536,,,,,,2021,9,,,,,,101369,101380,,10.1109/ACCESS.2021.3080838,http://dx.doi.org/10.1109/ACCESS.2021.3080838,,,,,,,,,,,,,WOS:000678316500001,View Full Record in Web of Science
C,"Botros, A; Smith, SL",,,IEEE,"Botros, Alexander; Smith, Stephen L.",,,Computing a Minimal Set of t-Spanning Motion Primitives for Lattice Planners,2019 IEEE/RSJ INTERNATIONAL CONFERENCE ON INTELLIGENT ROBOTS AND SYSTEMS (IROS),IEEE International Conference on Intelligent Robots and Systems,,,,IEEE/RSJ International Conference on Intelligent Robots and Systems (IROS),"NOV 04-08, 2019","Macau, PEOPLES R CHINA","IEEE,RSJ",,,,,,,,,"Smith, Stephen/JDC-8309-2023","Smith, Stephen/0000-0002-8636-407X",,,,,,,,,,,,,2153-0858,,978-1-7281-4004-9,,,,2019,,,,,,,2328,2335,,10.1109/iros40897.2019.8968150,http://dx.doi.org/10.1109/iros40897.2019.8968150,,,,,,,,,,,,,WOS:000544658401138,View Full Record in Web of Science
J,"Dahlin, A; Karayiannidis, Y",,,,"Dahlin, Albin; Karayiannidis, Yiannis",,,Adaptive Trajectory Generation Under Velocity Constraints Using Dynamical Movement Primitives,IEEE CONTROL SYSTEMS LETTERS,,,,,,,,,,,,,,,,,,"Karayiannidis, Yiannis/0000-0001-5129-342X; Dahlin, Albin/0000-0002-1481-8757",,,,,,,,,,,,,2475-1456,,,,,APR,2020,4,2,,,,,438,443,,10.1109/LCSYS.2019.2946761,http://dx.doi.org/10.1109/LCSYS.2019.2946761,,,,,,,,,,,,,WOS:000618810600008,View Full Record in Web of Science
C,"Knaust, M; Koert, D",,,IEEE,"Knaust, Moritz; Koert, Dorothea",,,Guided Robot Skill Learning: A User-Study on Learning Probabilistic Movement Primitives with Non-Experts,PROCEEDINGS OF THE 2020 IEEE-RAS 20TH INTERNATIONAL CONFERENCE ON HUMANOID ROBOTS (HUMANOIDS 2020),IEEE-RAS International Conference on Humanoid Robots,,,,20th IEEE-RAS International Conference on Humanoid Robots (HUMANOIDS),"JUL 19-21, 2021",ELECTR NETWORK,"IEEE,IEEE Robot & Automat Soc",,,,,,,,,,,,,,,,,,,,,,,2164-0572,,978-1-7281-9372-4,,,,2021,,,,,,,514,521,,10.1109/HUMANOIDS47582.2021.9555785,http://dx.doi.org/10.1109/HUMANOIDS47582.2021.9555785,,,,,,,,,,,,,WOS:000728400200057,View Full Record in Web of Science
J,"Ruan, SP; Liu, WX; Wang, XL; Meng, X; Chirikjian, GS",,,,"Ruan, Sipu; Liu, Weixiao; Wang, Xiaoli; Meng, Xin; Chirikjian, Gregory S.",,,PRIMP: PRobabilistically-Informed Motion Primitives for Efficient Affordance Learning From Demonstration,IEEE TRANSACTIONS ON ROBOTICS,,,,,,,,,,,,,,,,,"Ruan, Sipu/HGC-1277-2022; Liu, Weixiao/ISV-2475-2023","Meng, Xin/0009-0007-7211-9405; Ruan, Sipu/0000-0001-5075-6728; Liu, Weixiao/0000-0002-1189-8050; Wang, Xiaoli/0000-0003-4608-2892",,,,,,,,,,,,,1552-3098,1941-0468,,,,,2024,40,,,,,,2868,2887,,10.1109/TRO.2024.3390052,http://dx.doi.org/10.1109/TRO.2024.3390052,,,,,,,,,,,,,WOS:001226170900001,View Full Record in Web of Science
J,"Davchev, T; Luck, KS; Burke, M; Meier, F; Schaal, S; Ramamoorthy, S",,,,"Davchev, Todor; Luck, Kevin Sebastian; Burke, Michael; Meier, Franziska; Schaal, Stefan; Ramamoorthy, Subramanian",,,Residual Learning From Demonstration: Adapting DMPs for Contact-Rich Manipulation,IEEE ROBOTICS AND AUTOMATION LETTERS,,,,,,,,,,,,,,,,,"Burke, Michael/AAI-8023-2020; Davchev, Todor/HSG-8262-2023","Ramamoorthy, Subramanian/0000-0002-6300-5103; Davchev, Todor/0000-0002-0584-5163; Burke, Michael/0000-0001-7426-1498; Luck, Kevin Sebastian/0000-0003-2228-203X",,,,,,,,,,,,,2377-3766,,,,,APR,2022,7,2,,,,,4488,4495,,10.1109/LRA.2022.3150024,http://dx.doi.org/10.1109/LRA.2022.3150024,,,,,,,,,,,,,WOS:000761228500032,View Full Record in Web of Science
J,"Ding, L; Xing, HJ; Torabi, A; Mehr, JK; Sharifi, M; Gao, HB; Mushahwar, VK; Tavakoli, M",,,,"Ding, Liang; Xing, Hongjun; Torabi, Ali; Mehr, Javad K.; Sharifi, Mojtaba; Gao, Haibo; Mushahwar, Vivian K.; Tavakoli, Mahdi",,,Intelligent assistance for older adults via an admittance-controlled wheeled mobile manipulator with task-dependent end-effectors,MECHATRONICS,,,,,,,,,,,,,,,,,"Xing, Hongjun/AGC-4660-2022; Tavakoli/I-7778-2012","Tavakoli, Mahdi/0000-0002-7427-6961; Sharifi, Mojtaba/0000-0002-9363-0540; Mushahwar, Vivian/0000-0001-9873-611X; Xing, Hongjun/0000-0002-2683-0964",,,,,,,,,,,,,0957-4158,,,,,AUG,2022,85,,,,,,,,102821,10.1016/j.mechatronics.2022.102821,http://dx.doi.org/10.1016/j.mechatronics.2022.102821,,MAY 2022,,,,,,,,,,,WOS:000806145000001,View Full Record in Web of Science
J,"Tavassoli, M; Katyara, S; Pozzi, M; Deshpande, N; Caldwell, DG; Prattichizzo, D",,,,"Tavassoli, Mehrdad; Katyara, Sunny; Pozzi, Maria; Deshpande, Nikhil; Caldwell, Darwin G.; Prattichizzo, Domenico",,,Learning Skills From Demonstrations: A Trend From Motion Primitives to Experience Abstraction,IEEE TRANSACTIONS ON COGNITIVE AND DEVELOPMENTAL SYSTEMS,,,,,,,,,,,,,,,,,"Pozzi, Maria/AFN-4208-2022; Deshpande, Nikhil/AAF-6753-2020; Caldwell, Darwin/E-9954-2018; Katyara, Sunny/Y-2197-2018","Deshpande, Nikhil/0000-0003-4851-5655; Caldwell, Darwin/0000-0002-6233-9961",,,,,,,,,,,,,2379-8920,2379-8939,,,,FEB,2024,16,1,,,,,57,74,,10.1109/TCDS.2023.3296166,http://dx.doi.org/10.1109/TCDS.2023.3296166,,,,,,,,,,,,,WOS:001167556100021,View Full Record in Web of Science
C,"Hess, D; Althoff, M; Sattel, T",,,IEEE,"Hess, Daniel; Althoff, Matthias; Sattel, Thomas",,,Formal Verification of Maneuver Automata for Parameterized Motion Primitives,2014 IEEE/RSJ INTERNATIONAL CONFERENCE ON INTELLIGENT ROBOTS AND SYSTEMS (IROS 2014),IEEE International Conference on Intelligent Robots and Systems,,,,IEEE/RSJ International Conference on Intelligent Robots and Systems (IROS),"SEP 14-18, 2014","Chicago, IL","IEEE,Robot Soc Japan,RA,SICE,IES,New Technol Fdn",,,,,,,,,"Althoff, Matthias/C-2311-2014",,,,,,,,,,,,,,2153-0858,,978-1-4799-6934-0,,,,2014,,,,,,,1474,1481,,,,,,,,,,,,,,,,WOS:000349834601085,View Full Record in Web of Science
J,"Zhou, J; Sun, Y; Luo, LB; Zhang, WX; Wei, Z",,,,"Zhou, Jie; Sun, Yao; Luo, Laibin; Zhang, Wenxin; Wei, Zhe",,,Human-Robot Cooperation Control Strategy Design Based on Trajectory Deformation Algorithm and Dynamic Movement Primitives for Lower Limb Rehabilitation Robots,PROCESSES,,,,,,,,,,,,,,,,,"Zhang, Wenxin/AAY-3189-2020; Zhou, Jie/HOH-0640-2023","Zhou, Jie/0000-0003-2335-3573",,,,,,,,,,,,,,2227-9717,,,,MAY,2024,12,5,,,,,,,924,10.3390/pr12050924,http://dx.doi.org/10.3390/pr12050924,,,,,,,,,,,,,WOS:001233142400001,View Full Record in Web of Science
J,"Chen, CS; Chen, SK; Lai, CC; Lin, CT",,,,"Chen, Chin-Sheng; Chen, Shih-Kang; Lai, Chun-Chi; Lin, Chin-Teng",,,Sequential Motion Primitives Recognition of Robotic Arm Task via Human Demonstration Using Hierarchical BiLSTM Classifier,IEEE ROBOTICS AND AUTOMATION LETTERS,,,,,,,,,,,,,,,,,"Chen, Chin Sheng/ABG-6314-2021; Lin, Chin-Teng (CT)/G-8129-2017","Lin, Chin-Teng (CT)/0000-0001-8371-8197; Chen, Chin Sheng/0000-0001-7060-1344",,,,,,,,,,,,,2377-3766,,,,,APR,2021,6,2,,,,,502,509,,10.1109/LRA.2020.3047772,http://dx.doi.org/10.1109/LRA.2020.3047772,,,,,,,,,,,,,WOS:000607799600005,View Full Record in Web of Science
C,"Lim, B; Kim, B; Park, FC; Hong, DW",,,IEEE,"Lim, Bokman; Kim, Beobkyoon; Park, F. C.; Hong, D. W.",,,Movement Primitives for Three-legged Locomotion over Uneven Terrain,"ICRA: 2009 IEEE INTERNATIONAL CONFERENCE ON ROBOTICS AND AUTOMATION, VOLS 1-7",IEEE International Conference on Robotics and Automation ICRA,,,,IEEE International Conference on Robotics and Automation,"MAY 12-17, 2009","Kobe, JAPAN",IEEE,,,,,,,,,,,,,,,,,,,,,,,1050-4729,2577-087X,978-1-4244-2788-8,,,,2009,,,,,,,3240,3245,,,,,,,,,,,,,,,,WOS:000276080401209,View Full Record in Web of Science
J,"Alcaide, JO; Damone, A; Dario, P; Ciuti, G",,,,"Alcaide, Joan Ortega; Damone, Angelo; Dario, Paolo; Ciuti, Gastone",,,Motion Primitives for Low Contact Force Magnetically-Driven Navigation of Endoscopic Capsules,IEEE TRANSACTIONS ON MEDICAL ROBOTICS AND BIONICS,,,,,,,,,,,,,,,,,"CIUTI, Gastone/T-6377-2018","CIUTI, Gastone/0000-0002-0855-7976; Damone, Angelo/0000-0001-9640-5907",,,,,,,,,,,,,,2576-3202,,,,NOV,2023,5,4,,,,,1000,1015,,10.1109/TMRB.2023.3315484,http://dx.doi.org/10.1109/TMRB.2023.3315484,,,,,,,,,,,,,WOS:001105153800028,View Full Record in Web of Science
C,"Vuga, R; Nemec, B; Ude, A",,,IEEE,"Vuga, Rok; Nemec, Bojan; Ude, Ales",,,Speed profile optimization through directed explorative learning,2014 14TH IEEE-RAS INTERNATIONAL CONFERENCE ON HUMANOID ROBOTS (HUMANOIDS),IEEE-RAS International Conference on Humanoid Robots,,,,14th IEEE-RAS International Conference on Humanoid Robots (Humanoids),"NOV 18-20, 2014","Madrid, SPAIN",IEEE RAS,,,,,,,,,"Ude, Aleš/ABB-7839-2020","Ude, Ales/0000-0003-3677-3972",,,,,,,,,,,,,2164-0572,,978-1-4799-7174-9,,,,2014,,,,,,,547,553,,,,,,,,,,,,,,,,WOS:000392843800089,View Full Record in Web of Science
C,"Dimeas, F; Fotiadis, F; Papageorgiou, D; Sidiropoulos, A; Doulgeri, Z",,"Ficuciello, F; Ruggiero, F; Finzi, A",,"Dimeas, Fotios; Fotiadis, Filippos; Papageorgiou, Dimitrios; Sidiropoulos, Antonis; Doulgeri, Zoe",,,Towards Progressive Automation of Repetitive Tasks Through Physical Human-Robot Interaction,HUMAN FRIENDLY ROBOTICS,Springer Proceedings in Advanced Robotics,,,,10th International Workshop on Human Friendly Robotics (HFR),"NOV 06-07, 2017","Naples, ITALY","Interdepartmental Center for Advances in Robotic Surgery,Consorzio Ric Energia, Automazione Tecnologie Elettromagnetismo Consortium,Dipartimento Ingn Elettrica & Tecnologie Informazione,Spar",,,,,,,,,"Papageorgiou, Dimitrios/T-6051-2019","Papageorgiou, Dimitrios/0000-0003-0361-8757",,,,,,,,,,,,,2511-1256,2511-1264,978-3-319-89327-3; 978-3-319-89326-6,,,,2019,7,,,,,,151,163,,10.1007/978-3-319-89327-3_12,http://dx.doi.org/10.1007/978-3-319-89327-3_12,,,,,,,,,,,,,WOS:000455354000012,View Full Record in Web of Science
C,"Silahli, A; Kramberger, A; Silva, TR",,,IEEE,"Silahli, Anahide; Kramberger, Aljaz; Silva, Thiago Rocha",,,A Domain-Specific Language Framework for Specification and Generalization of Robot Motion,"2024 IEEE 20TH INTERNATIONAL CONFERENCE ON AUTOMATION SCIENCE AND ENGINEERING, CASE 2024",IEEE International Conference on Automation Science and Engineering,,,,IEEE 20th International Conference on Automation Science and Engineering (CASE),"AUG 28-SEP 01, 2024","Bari, ITALY",IEEE,,,,,,,,,,,,,,,,,,,,,,,2161-8070,,979-8-3503-5851-3; 979-8-3503-5852-0,,,,2024,,,,,,,3733,3739,,10.1109/CASE59546.2024.10711461,http://dx.doi.org/10.1109/CASE59546.2024.10711461,,,,,,,,,,,,,WOS:001361783103026,View Full Record in Web of Science
J,"Flasskamp, K; Ober-Blöbaum, S; Worthmann, K",,,,"Flasskamp, Kathrin; Ober-Bloebaum, Sina; Worthmann, Karl",,,Symmetry and motion primitives in model predictive control,MATHEMATICS OF CONTROL SIGNALS AND SYSTEMS,,,,,,,,,,,,,,,,,,"Worthmann, Karl/0000-0002-2394-5731; Flasskamp, Kathrin/0000-0001-5983-1907; Worthmann, Karl/0000-0002-1450-2373",,,,,,,,,,,,,0932-4194,1435-568X,,,,DEC,2019,31,4,,,,,455,485,,10.1007/s00498-019-00246-7,http://dx.doi.org/10.1007/s00498-019-00246-7,,,,,,,,,,,,,WOS:000493657600002,View Full Record in Web of Science
J,"Qian, K; Liu, H; Miro, JV; Jing, XS; Zhou, B",,,,"Qian, Kun; Liu, Huan; Valls Miro, Jaime; Jing, Xingshuo; Zhou, Bo",,,Hierarchical and parameterized learning of pick-and-place manipulation from under-specified human demonstrations,ADVANCED ROBOTICS,,,,,,,,,,,,,,,,,"Miro, Jaime/G-2656-2017; Zhou, Bo/HRA-1731-2023; Jing, Xingshuo/HHN-6982-2022","Jing, Xingshuo/0000-0002-1328-4706; Qian, Kun/0000-0001-7429-1742; Valls Miro, Jaime/0000-0002-0083-7797",,,,,,,,,,,,,0169-1864,1568-5535,,,,JUL 2,2020,34,13,,,SI,,858,872,,10.1080/01691864.2020.1778523,http://dx.doi.org/10.1080/01691864.2020.1778523,,JUN 2020,,,,,,,,,,,WOS:000545764900001,View Full Record in Web of Science
J,"Wang, LK; Jia, SY; Wang, GY; Turner, A; Ratchev, S",,,,"Wang, Likun; Jia, Shuya; Wang, Guoyan; Turner, Alison; Ratchev, Svetan",,,Enhancing learning capabilities of movement primitives under distributed probabilistic framework for flexible assembly tasks,NEURAL COMPUTING & APPLICATIONS,,,,,,,,,,,,,,,,,,"Ratchev, Svetan/0000-0001-9955-2806",,,,,,,,,,,,,0941-0643,1433-3058,,,,NOV,2023,35,32,,,SI,,23453,23464,,10.1007/s00521-021-06543-0,http://dx.doi.org/10.1007/s00521-021-06543-0,,OCT 2021,,,,,,,,,,,WOS:000702618200002,View Full Record in Web of Science
C,"Iwata, K; Nakamura, T; Nagai, T",,"Strand, M; Dillmann, R; Menegatti, E; Ghidoni, S",,"Iwata, Kensuke; Nakamura, Tomoaki; Nagai, Takayuki",,,Learning of Motion Primitives Using Reference-Point-Dependent GP-HSMM for Domestic Service Robots,"INTELLIGENT AUTONOMOUS SYSTEMS 15, IAS-15",Advances in Intelligent Systems and Computing,,,,15th International Conference on Intelligent Autonomous Systems (IAS),"JUN 11-15, 2018","Baden-Baden, GERMANY","DHBW,KIT,FZI,Sick AG,Bosch AG,Intel",,,,,,,,,,,,,,,,,,,,,,,2194-5357,2194-5365,978-3-030-01370-7; 978-3-030-01369-1,,,,2019,867,,,,,,440,451,,10.1007/978-3-030-01370-7_35,http://dx.doi.org/10.1007/978-3-030-01370-7_35,,,,,,,,,,,,,WOS:000833525300035,View Full Record in Web of Science
J,"Simonic, M; Petric, T; Ude, A; Nemec, B",,,,"Simonic, Mihael; Petric, Tadej; Ude, Ales; Nemec, Bojan",,,Analysis of Methods for Incremental Policy Refinement by Kinesthetic Guidance,JOURNAL OF INTELLIGENT & ROBOTIC SYSTEMS,,,,,,,,,,,,,,,,,"Petric, Tadej/AAS-2471-2021; Ude, Aleš/ABB-7839-2020","Ude, Ales/0000-0003-3677-3972; Petric, Tadej/0000-0002-3407-4206",,,,,,,,,,,,,0921-0296,1573-0409,,,,MAY,2021,102,1,,,,,,,5,10.1007/s10846-021-01328-y,http://dx.doi.org/10.1007/s10846-021-01328-y,,,,,,,,,,,,,WOS:000641463700002,View Full Record in Web of Science
J,"Lauretti, C; Cordella, F; Ciancio, AL; Trigili, E; Catalan, JM; Badesa, FJ; Crea, S; Pagliara, SM; Sterzi, S; Vitiello, N; Aracil, NG; Zollo, L",,,,"Lauretti, Clemente; Cordella, Francesca; Ciancio, Anna Lisa; Trigili, Emilio; Catalan, Jose Maria; Badesa, Francisco Javier; Crea, Simona; Pagliara, Silvio Marcello; Sterzi, Silvia; Vitiello, Nicola; Aracil, Nicolas Garcia; Zollo, Loredana",,,Learning by Demonstration for Motion Planning of Upper-Limb Exoskeletons,FRONTIERS IN NEUROROBOTICS,,,,,,,,,,,,,,,,,"Vitiello, Nicola/B-8960-2009; Pagliara, Silvio/IWM-6716-2023; Sterzi, Silvia/AAJ-3940-2020; Lauretti, Clemente/ACO-6470-2022; Zollo, Loredana/AAB-9645-2020; Badesa, Francisco Javier/K-4477-2014; Cordella, Francesca/K-1793-2018; Catalan Orts, Jose Maria/AAX-3051-2021","Crea, Simona/0000-0001-9833-4401; Badesa, Francisco Javier/0000-0003-0149-6469; Cordella, Francesca/0000-0002-6946-0377; Sterzi, Silvia/0000-0002-2347-7544; Ciancio, Anna Lisa/0000-0003-0488-0546; Pagliara, Silvio Marcello/0000-0002-0175-5160; Lauretti, Clemente/0000-0003-0760-642X; Zollo, Loredana/0000-0002-8015-010X; Catalan Orts, Jose Maria/0000-0002-3608-1039; Trigili, Emilio/0000-0002-3725-5694",,,,,,,,,,,,,1662-5218,,,,,FEB 23,2018,12,,,,,,,,5,10.3389/fnbot.2018.00005,http://dx.doi.org/10.3389/fnbot.2018.00005,,,,,,,,29527161,,,,,WOS:000425992600001,View Full Record in Web of Science
C,"Shyam, RBA; Lightbody, P; Das, G; Liu, PC; Gomez-Gonzalez, S; Neumann, G",,,IEEE,"Shyam, R. B. Ashith; Lightbody, Peter; Das, Gautham; Liu, Pengcheng; Gomez-Gonzalez, Sebastian; Neumann, Gerhard",,,Improving Local Trajectory Optimisation using Probabilistic Movement Primitives,2019 IEEE/RSJ INTERNATIONAL CONFERENCE ON INTELLIGENT ROBOTS AND SYSTEMS (IROS),IEEE International Conference on Intelligent Robots and Systems,,,,IEEE/RSJ International Conference on Intelligent Robots and Systems (IROS),"NOV 04-08, 2019","Macau, PEOPLES R CHINA","IEEE,RSJ",,,,,,,,,"Liu, Pengcheng/J-1425-2019; Das, Gautham/AAK-4331-2021; R Babu, Ashith Shyam/F-9418-2018","R Babu, Ashith Shyam/0000-0001-8990-672X; Das, Gautham/0000-0001-5351-9533",,,,,,,,,,,,,2153-0858,,978-1-7281-4004-9,,,,2019,,,,,,,2666,2671,,10.1109/iros40897.2019.8967980,http://dx.doi.org/10.1109/iros40897.2019.8967980,,,,,,,,,,,,,WOS:000544658402041,View Full Record in Web of Science
C,"Kulak, T; Silvério, J; Calinon, S",,"Toussaint, M; Bicchi, A; Hermans, T",,"Kulak, Thibaut; Silverio, Joao; Calinon, Sylvain",,,Fourier movement primitives: an approach for learning rhythmic robot skills from demonstrations,ROBOTICS: SCIENCE AND SYSTEMS XVI,,,,,16th Conference on Robotics - Science and Systems (RSS),"JUL 12-16, 2020",ELECTR NETWORK,,,,,,,,,,,,,,,,,,,,,,,,,,978-0-9923747-6-1,,,,2020,,,,,,,,,,,,,,,,,,,,,,,,WOS:000570976900056,View Full Record in Web of Science
C,"Feldman, Z; Ziesche, H; Vien, NA; Di Castro, D",,,IEEE,"Feldman, Zohar; Ziesche, Hanna; Vien, Ngo Anh; Di Castro, Dotan",,,A Hybrid Approach for Learning to Shift and Grasp with Elaborate Motion Primitives,"2022 IEEE INTERNATIONAL CONFERENCE ON ROBOTICS AND AUTOMATION, ICRA 2022",IEEE International Conference on Robotics and Automation ICRA,,,,IEEE International Conference on Robotics and Automation (ICRA),"MAY 23-27, 2022","Philadelphia, PA","IEEE,IEEE Robot & Automat Soc",,,,,,,,,,,,,,,,,,,,,,,1050-4729,2577-087X,978-1-7281-9681-7,,,,2022,,,,,,,6365,6371,,10.1109/ICRA46639.2022.9811735,http://dx.doi.org/10.1109/ICRA46639.2022.9811735,,,,,,,,,,,,,WOS:000941277600025,View Full Record in Web of Science
C,"Gesel, P; Begum, M; La Roche, D",,"Howard, A; Althoefer, K; Arai, F; Arrichiello, F; Caputo, B; Castellanos, J; Hauser, K; Isler, V; Kim, J; Liu, H; Oh, P; Santos, V; Scaramuzza, D; Ude, A; Voyles, R; Yamane, K; Okamura, A",IEEE,"Gesel, Paul; Begum, Momotaz; La Roche, Dain",,,Learning Motion Trajectories from Phase Space Analysis of the Demonstration,2019 INTERNATIONAL CONFERENCE ON ROBOTICS AND AUTOMATION (ICRA),IEEE International Conference on Robotics and Automation ICRA,,,,IEEE International Conference on Robotics and Automation (ICRA),"MAY 20-24, 2019","Montreal, CANADA","Bosch,DJI,Kinova,Mercedes Benz,Samsung,Argo AI,Clearpath Robot,Element AI,Fetch Robot,Huawei,iRobot,KUKA,Quanser,SICK,Toyota Res Inst,Uber,Waymo,Zhejiang Lab,Amazon,Applanix,Cloudminds,Honda Res Inst,MathWorks,Ouster",,,,,,,,,"LaRoche, Dain/L-8837-2016",,,,,,,,,,,,,,1050-4729,2577-087X,978-1-5386-6026-3,,,,2019,,,,,,,7055,7061,,10.1109/icra.2019.8794381,http://dx.doi.org/10.1109/icra.2019.8794381,,,,,,,,,,,,,WOS:000494942305023,View Full Record in Web of Science
C,"Lopera, C; Tomé, H; Tsouroukdissian, AR; Stulp, F",,,IEEE,"Lopera, Carmen; Tome, Hilario; Rodriguez Tsouroukdissian, Adolfo; Stulp, Freek",,,Comparing Motion Generation and Motion Recall for Everyday Robotic Tasks,2012 12TH IEEE-RAS INTERNATIONAL CONFERENCE ON HUMANOID ROBOTS (HUMANOIDS),IEEE-RAS International Conference on Humanoid Robots,,,,12th IEEE-RAS International Conference on Humanoid Robots (Humanoids),"NOV 29-DEC 01, 2012","Osaka, JAPAN",IEEE RAS,,,,,,,,,,,,,,,,,,,,,,,2164-0572,,978-1-4673-1369-8,,,,2012,,,,,,,146,152,,,,,,,,,,,,,,,,WOS:000392842100022,View Full Record in Web of Science
C,"Wang, BX; Zhou, CL",,"Su, H; Wang, T; Tokhi, MO; Virk, GS",,"Wang, Boxing; Zhou, Chunlin",,,CONTROL OF QUADRUPED WALKING ROBOTS USING MOTOR PRIMITIVES,ASSISTIVE ROBOTICS,,,,,18th Climbing and Walking Robots Conference (CLAWAR),"SEP 06-09, 2015","Hangzhou, PEOPLES R CHINA","State Key Lab Indl Control Technol,Zhejiang Assoc Automat,GUOZI Robot Co,Zhejiang Univ,HangZhou Assoc Sci & Technol,HangZhou Automat Soc,CLAWAR Assoc",,,,,,,,,,,,,,,,,,,,,,,,,978-981-4725-23-1,,,,2016,,,,,,,207,214,,,,,,,,,,,,,,,,WOS:000391656500028,View Full Record in Web of Science
C,"Ghalamzan, AM; Paxton, C; Hager, GD; Bascetta, L",,,IEEE,"Ghalamzan E, Amir M.; Paxton, Chris; Hager, Gregory D.; Bascetta, Luca",,,An Incremental Approach to Learning Generalizable Robot Tasks from Human Demonstration,2015 IEEE INTERNATIONAL CONFERENCE ON ROBOTICS AND AUTOMATION (ICRA),IEEE International Conference on Robotics and Automation ICRA,,,,IEEE International Conference on Robotics and Automation (ICRA),"MAY 26-30, 2015","Seattle, WA",IEEE,,,,,,,,,"Hager, Gregory/A-3222-2010; Bascetta, Luca/AAC-4639-2019; Ghalamzan-E, Amir/HIR-8945-2022","Bascetta, Luca/0000-0002-5029-1083; Ghalamzan Esfahani, Amir M./0000-0003-4589-0185",,,,,,,,,,,,,1050-4729,2577-087X,978-1-4799-6923-4,,,,2015,,,,,,,5616,5621,,,,,,,,,,,,,,,,WOS:000370974905082,View Full Record in Web of Science
J,"Krug, R; Dimitrov, D",,,,"Krug, Robert; Dimitrov, Dimitar",,,Model Predictive Motion Control based on Generalized Dynamical Movement Primitives,JOURNAL OF INTELLIGENT & ROBOTIC SYSTEMS,,,,,16th International Conference on Advanced Robotics (ICAR),"NOV 25-29, 2013","Univ Republica, Montevideo, URUGUAY","Univ Republica, Fac Ingn,IEEE",Univ Republica,,,,,,,,,,,,,,,,,,,,,,0921-0296,1573-0409,,,,JAN,2015,77,1,,,SI,,17,35,,10.1007/s10846-014-0100-3,http://dx.doi.org/10.1007/s10846-014-0100-3,,,,,,,,,,,,,WOS:000346172800004,View Full Record in Web of Science
J,"Yao, XY; Chen, YH; Tripp, B",,,,"Yao, Xueyang; Chen, Yinghan; Tripp, Bryan",,,Improved Generalization of Probabilistic Movement Primitives for Manipulation Trajectories,IEEE ROBOTICS AND AUTOMATION LETTERS,,,,,,,,,,,,,,,,,,"Tripp, Bryan/0000-0002-2150-297X; Chen, Yinghan/0009-0000-6922-3358",,,,,,,,,,,,,2377-3766,,,,,JAN,2024,9,1,,,,,287,294,,10.1109/LRA.2023.3333741,http://dx.doi.org/10.1109/LRA.2023.3333741,,,,,,,,,,,,,WOS:001119940200004,View Full Record in Web of Science
J,"Shi, DH; Li, QC; Yang, CG; Lu, ZY",,,,"Shi, Donghao; Li, Qinchuan; Yang, Chenguang; Lu, Zhenyu",,,A constrained framework based on IBLF for robot learning with human supervision,ROBOTICA,,,,,,,,,,,,,,,,,"Yang, Chenguang/ABE-7755-2020; Lu, Zhenyu/AAA-5077-2019","shi, donghao/0000-0002-2189-837X; Yang, Chenguang/0000-0001-5255-5559",,,,,,,,,,,,,0263-5747,1469-8668,,,,AUG,2023,41,8,,,,,2451,2463,PII S0263574723000462,10.1017/S0263574723000462,http://dx.doi.org/10.1017/S0263574723000462,,APR 2023,,,,,,,,,,,WOS:000974761400001,View Full Record in Web of Science
C,"Wang, XY; Meng, FC; Li, K",,,IEEE,"Wang, Xiaoyu; Meng, Fanchang; Li, Ke",,,A Novel Fingertip Tactile Sensory System for Humanoid Full-Hand Robotic Grasping,"2024 INTERNATIONAL CONFERENCE ON ADVANCED ROBOTICS AND MECHATRONICS, ICARM 2024",International Conference on Advanced Robotics and Mechatronics ICARM,,,,9th IEEE International Conference on Advanced Robotics and Mechatronics (ICARM),"JUL 08-10, 2024","Tokyo, JAPAN","IEEE,lEEE Syst, Man & Cybernet Soc,lEEE Robot & Automat Soc,IEEE SMC Tech Comm Bio Mechatrons & Bio Robot Syst,IEEE RAS Tech Comm Neuro Robot Syst,Chinese Assoc Automat, Tech Comm Robot Intelligence",,,,,,,,,,,,,,,,,,,,,,,2993-4982,,979-8-3503-8573-1; 979-8-3503-8572-4,,,,2024,,,,,,,574,579,,10.1109/ICARM62033.2024.10715973,http://dx.doi.org/10.1109/ICARM62033.2024.10715973,,,,,,,,,,,,,WOS:001345014800095,View Full Record in Web of Science
J,"Wang, JQ; Wu, DM; Gao, YZ; Dong, W",,,,"Wang, Jiaqi; Wu, Dongmei; Gao, Yongzhuo; Dong, Wei",,,Interaction learning control with movement primitives for lower limb exoskeleton,FRONTIERS IN NEUROROBOTICS,,,,,,,,,,,,,,,,,"wang, jiaqi/HGF-2290-2022; Dong, Wei/J-5171-2013; Gao, Yongzhuo/HHM-2832-2022",,,,,,,,,,,,,,1662-5218,,,,,DEC 20,2022,16,,,,,,,,1086578,10.3389/fnbot.2022.1086578,http://dx.doi.org/10.3389/fnbot.2022.1086578,,,,,,,,36605521,,,,,WOS:000906149700001,View Full Record in Web of Science
J,"Qiu, SY; Guo, W; Caldwell, D; Chen, F",,,,"Qiu, Shiyin; Guo, Wei; Caldwell, Darwin; Chen, Fei",,,Exoskeleton Online Learning and Estimation of Human Walking Intention Based on Dynamical Movement Primitives,IEEE TRANSACTIONS ON COGNITIVE AND DEVELOPMENTAL SYSTEMS,,,,,,,,,,,,,,,,,"Caldwell, Darwin/E-9954-2018; Guo, Wei/KJM-4941-2024","Caldwell, Darwin/0000-0002-6233-9961; Chen, Fei/0000-0003-4397-0931",,,,,,,,,,,,,2379-8920,2379-8939,,,,MAR,2021,13,1,,,,,67,79,,10.1109/TCDS.2020.2968845,http://dx.doi.org/10.1109/TCDS.2020.2968845,,,,,,,,,,,,,WOS:000628911300007,View Full Record in Web of Science
C,"Chen, SK; Chen, CS",,,IEEE,"Chen, Shih-Kang; Chen, Chin-Sheng",,,Motion Primitive Recognition on Human Guided Robotic Arm using Machine Learning,"2019 19TH INTERNATIONAL CONFERENCE ON CONTROL, AUTOMATION AND SYSTEMS (ICCAS 2019)",International Conference on Control Automation and Systems,,,,"19th International Conference on Control, Automation and Systems (ICCAS)","OCT 15-18, 2019","Jeju, SOUTH KOREA","IEEE,SICE,SCS,ACA,ECTI Assoc,ISR,AAI,Korea Tourism Org,Korean Federat Sci & Technol Soc,Jeju Convent & Visitors Bur,RS Automat,LG Chern,LSIS,SK Incheon,Inst Control Robot & Syst",,,,,,,,,"Chen, Chin Sheng/ABG-6314-2021","Chen, Shih-Kang/0000-0002-1895-2144; Chen, Chin Sheng/0000-0001-7060-1344",,,,,,,,,,,,,2093-7121,,978-89-93215-18-2,,,,2019,,,,,,,955,960,,10.23919/iccas47443.2019.8971755,http://dx.doi.org/10.23919/iccas47443.2019.8971755,,,,,,,,,,,,,WOS:000555707100135,View Full Record in Web of Science
J,"Qian, K; Yue, ZK; Bai, JS",,,,"Qian, Kun; Yue, Zhaokun; Bai, Jishen",,,Hierarchical kernelized movement primitives for learning human-robot collaborative trajectories in referred object handover,APPLIED INTELLIGENCE,,,,,,,,,,,,,,,,,,,,,,,,,,,,,,,0924-669X,1573-7497,,,,JAN,2025,55,1,,,,,,,38,10.1007/s10489-024-05902-3,http://dx.doi.org/10.1007/s10489-024-05902-3,,,,,,,,,,,,,WOS:001365462200002,View Full Record in Web of Science
C,"Vukosavljev, M; Kroeze, Z; Broucke, ME; Schoellig, AP",,"Bicchi, A; Okamura, A",,"Vukosavljev, Marijan; Kroeze, Zachary; Broucke, Mireille E.; Schoellig, Angela P.",,,A Framework for Multi-Vehicle Navigation using Feedback-Based Motion Primitives,2017 IEEE/RSJ INTERNATIONAL CONFERENCE ON INTELLIGENT ROBOTS AND SYSTEMS (IROS),IEEE International Conference on Intelligent Robots and Systems,,,,IEEE/RSJ International Conference on Intelligent Robots and Systems (IROS) / Workshop on Machine Learning Methods for High-Level Cognitive Capabilities in Robotics,"SEP 24-28, 2017","Vancouver, CANADA","IEEE,RSJ,IEEE Robot & Automat Soc,IEEE IES,SICE,New Technol Fdn",,,,,,,,,"Schoellig, Angela/D-2358-2016","Schoellig, Angela/0000-0003-4012-4668",,,,,,,,,,,,,2153-0858,,978-1-5386-2682-5,,,,2017,,,,,,,223,229,,,,,,,,,,,,,,,,WOS:000426978200032,View Full Record in Web of Science
C,"Stulp, F; Colomé, A; Torras, C",,,IEEE,"Stulp, Freek; Colome, Adria; Torras, Carme",,,Fitting Parameters of Linear Dynamical Systems to Regularize Forcing Terms in Dynamical Movement Primitives,2024 IEEE INTERNATIONAL CONFERENCE ON ROBOTICS AND AUTOMATION (ICRA 2024),IEEE International Conference on Robotics and Automation ICRA,,,,IEEE International Conference on Robotics and Automation (ICRA),"MAY 13-17, 2024","Yokohama, JAPAN","IEEE,IEEE Robot & Automat Soc",,,,,,,,,"Torras, Carme/M-1794-2014","Torras, Carme/0000-0002-2933-398X",,,,,,,,,,,,,1050-4729,2577-087X,979-8-3503-8458-1; 979-8-3503-8457-4,,,,2024,,,,,,,15024,15030,,10.1109/ICRA57147.2024.10610581,http://dx.doi.org/10.1109/ICRA57147.2024.10610581,,,,,,,,,,,,,WOS:001369728004084,View Full Record in Web of Science
J,"Xu, BZ; Din, MU; Hussain, I",,,,"Xu, Binzhao; Din, Muhayy Ud; Hussain, Irfan",,,Conditional variational auto encoder based dynamic motion for multitask imitation learning,SCIENTIFIC REPORTS,,,,,,,,,,,,,,,,,,,,,,,,,,,,,,,2045-2322,,,,,MAR 17,2025,15,1,,,,,,,9196,10.1038/s41598-025-93888-4,http://dx.doi.org/10.1038/s41598-025-93888-4,,,,,,,,40097597,,,,,WOS:001446950000042,View Full Record in Web of Science
J,"Sharifi, M; Zakerimanesh, A; Mehr, JK; Torabi, A; Mushahwar, VK; Tavakoli, M",,,,"Sharifi, Mojtaba; Zakerimanesh, Amir; Mehr, Javad K.; Torabi, Ali; Mushahwar, Vivian K.; Tavakoli, Mahdi",,,Impedance Variation and Learning Strategies in Human-Robot Interaction,IEEE TRANSACTIONS ON CYBERNETICS,,,,,,,,,,,,,,,,,"Zakerimanesh, Amir/AAB-6968-2021; Tavakoli/I-7778-2012","Sharifi, Mojtaba/0000-0002-9363-0540; Tavakoli, Mahdi/0000-0002-7427-6961; zakerimanesh, amir/0000-0002-6256-8289; Torabi, Ali/0000-0001-5090-7856; Mushahwar, Vivian/0000-0001-9873-611X; Khodaei Mehr, Javad/0000-0002-7748-8935",,,,,,,,,,,,,2168-2267,2168-2275,,,,JUL,2022,52,7,,,,,6462,6475,,10.1109/TCYB.2020.3043798,http://dx.doi.org/10.1109/TCYB.2020.3043798,,JAN 2021,,,,,,,,,,,WOS:000732210600001,View Full Record in Web of Science
J,"Pedrosa, MVA; Schneider, T; Flasskamp, K",,,,"Pedrosa, Matheus V. A.; Schneider, Tristan; Flasskamp, Kathrin",,,Learning Motion Primitives Automata for Autonomous Driving Applications,MATHEMATICAL AND COMPUTATIONAL APPLICATIONS,,,,,,,,,,,,,,,,,,"Pedrosa, Matheus/0000-0001-5238-7786; Schneider, Tristan/0000-0002-4804-3902",,,,,,,,,,,,,1300-686X,2297-8747,,,,AUG,2022,27,4,,,,,,,54,10.3390/mca27040054,http://dx.doi.org/10.3390/mca27040054,,,,,,,,,,,,,WOS:000845528500001,View Full Record in Web of Science
C,"Nemec, B; Likar, N; Gams, A; Ude, A",,"Asfour, T; Billard, A; Harada, K; Kulic, D; Ude, A; Venture, G; Yamane, K; Yokoi, K; Yoshida, E",,"Nemec, Bojan; Likar, Nejc; Gams, Andrej; Ude, Ales",,,Bimanual Human Robot Cooperation with Adaptive Stiffness Control,2016 IEEE-RAS 16TH INTERNATIONAL CONFERENCE ON HUMANOID ROBOTS (HUMANOIDS),IEEE-RAS International Conference on Humanoid Robots,,,,16th IEEE-RAS International Conference on Humanoid Robots (Humanoids),"NOV 15-17, 2016","Mexican Assoc Comp Vis Robot & Neural Comp, Cancun, MEXICO","IEEE Robot & Automat Soc,Disney Res,ROBOTIS,INTEL,PAL,MACVNR,CONACYT,CINVESTAV",Mexican Assoc Comp Vis Robot & Neural Comp,,,,,,,,"Ude, Aleš/ABB-7839-2020","Ude, Ales/0000-0003-3677-3972; Gams, Andrej/0000-0002-9803-3593",,,,,,,,,,,,,2164-0572,,978-1-5090-4718-5,,,,2016,,,,,,,607,613,,,,,,,,,,,,,,,,WOS:000403009300092,View Full Record in Web of Science
J,"Borovac, BA; Rakovic, MM",,,,"Borovac, Branislav A.; Rakovic, Mirko M.",,,INSTANTANEOUS ON-LINE MODIFICATION OF BIPED WALK COMPOSED FROM RECONFIGURABLE ADAPTIVE MOTION PRIMITIVES,THERMAL SCIENCE,,,,,PSU-UNS International Conferences on Engineering and Technology (ICET),"JUN 19-20, 2015",THAILAND,"Prince Songkla Univ,Univ Novi Sad",,,,,,,,,"Rakovic, Mirko/U-5860-2017","Rakovic, Mirko/0000-0002-8818-2739",,,,,,,,,,,,,0354-9836,2334-7163,,,,,2016,20,,,2,SI,,S513,S523,,10.2298/TSCI151214034B,http://dx.doi.org/10.2298/TSCI151214034B,,,,,,,,,,,,,WOS:000381952700016,View Full Record in Web of Science
C,"Nikolajevic, K; Belanger, N",,,IEEE,"Nikolajevic, Konstanca; Belanger, Nicolas",,,A New Method Based on Motion Primitives to Compute 3D Path Planning Close to Helicopters' Flight Dynamics Limits,"PROCEEDINGS OF 2016 7TH INTERNATIONAL CONFERENCE ON MECHANICAL AND AEROSPACE ENGINEERING, (ICMAE)",,,,,7th International Conference on Mechanical and Aerospace Engineering (ICMAE),"JUL 18-20, 2016","London, ENGLAND",IEEE,,,,,,,,,,,,,,,,,,,,,,,,,978-1-4673-8829-0,,,,2016,,,,,,,411,415,,,,,,,,,,,,,,,,WOS:000390417000077,View Full Record in Web of Science
C,"Su, H; Hu, YB; Li, ZJ; Knoll, A; Ferrigno, G; De Momi, E",,,IEEE,"Su, Hang; Hu, Yingbai; Li, Zhijun; Knoll, Alois; Ferrigno, Giancarlo; De Momi, Elena",,,Reinforcement Learning Based Manipulation Skill Transferring for Robot-assisted Minimally Invasive Surgery,2020 IEEE INTERNATIONAL CONFERENCE ON ROBOTICS AND AUTOMATION (ICRA),IEEE International Conference on Robotics and Automation ICRA,,,,IEEE International Conference on Robotics and Automation (ICRA),"MAY 31-JUN 15, 2020",ELECTR NETWORK,IEEE,,,,,,,,,"Knoll, Alois/AAN-8417-2021; De Momi, Elena/D-7375-2016; Li, Zhijun/ACT-9992-2022; Ferrigno, Giancarlo/JBJ-7692-2023; Su, Hang/Z-1713-2019",,,,,,,,,,,,,,1050-4729,2577-087X,978-1-7281-7395-5,,,,2020,,,,,,,2203,2208,,10.1109/icra40945.2020.9196588,http://dx.doi.org/10.1109/icra40945.2020.9196588,,,,,,,,,,,,,WOS:000712319501089,View Full Record in Web of Science
C,"Schäle, D; Stoelen, MF; Kyrkjebo, E",,,IEEE,"Schale, Daniel; Stoelen, Martin F.; Kyrkjebo, Erik",,,Continuous and Incremental Learning in physical Human-Robot Cooperation using Probabilistic Movement Primitives,2022 31ST IEEE INTERNATIONAL CONFERENCE ON ROBOT AND HUMAN INTERACTIVE COMMUNICATION (IEEE RO-MAN 2022),,,,,"31st IEEE International Conference on Robot and Human Interactive Communication (RO-MAN) - Social, Asocial, and Antisocial Robots","AUG 29-SEP 02, 2022","Napoli, ITALY","IEEE,LuxAI,Furhat Robot,Navel Robot,PAL Robot,Prensilia s r l,Naver Labs,Paladyn Journal Behav Robot,DIETI UNINA,PERSE,EurAi,IEEE Robot & Automat Soc,Robot Soc Japan,Korea Robot Soc",,,,,,,,,,,,,,,,,,,,,,,,,978-1-7281-8859-1,,,,2022,,,,,,,1216,1223,,10.1109/RO-MAN53752.2022.9900547,http://dx.doi.org/10.1109/RO-MAN53752.2022.9900547,,,,,,,,,,,,,WOS:000885903300174,View Full Record in Web of Science
C,"Shon, S; Beh, J; Yang, C; Han, DK; Ko, H",,,IEEE,"Shon, Suwon; Beh, Jounghoon; Yang, Cheoljong; Han, David K.; Ko, Hanseok",,,Motion Primitives for Designing Flexible Gesture Set in Human-Robot Interface,"2011 11TH INTERNATIONAL CONFERENCE ON CONTROL, AUTOMATION AND SYSTEMS (ICCAS)",,,,,"11th International Conference on Control, Automation and Systems (ICCAS)/Robot World Conference","OCT 26-29, 2011",SOUTH KOREA,"Minist Knowledge Econ (MKE),KRC,SICE,IEEE,ACA,Korean Federat Sci & Technol Soc,Korea Natl Tourism Org,POSCO ICT,Samsung Heavy Ind Co Ltd,Hyundai Motor Co,Hyundai Heavy Ind Co Ltd,POSCO,Mando Corp,Hanwha Corp,Shinho Syst Co Ltd,LS Ind Syst Co Ltd,AAI,CAA,ISA,CAC,Inst Control, Robot & Syst (ICROS)",,,,,,,,,"Ko, Hanseok/ADQ-8523-2022","Ko, Hanseok/0000-0002-8744-4514",,,,,,,,,,,,,,,978-89-93215-03-8,,,,2011,,,,,,,1501,1504,,,,,,,,,,,,,,,,WOS:000300490000291,View Full Record in Web of Science
C,"Kulic, D; Lee, D; Nakamura, Y",,,IEEE,"Kulic, Dana; Lee, Dongheui; Nakamura, Yoshihiko",,,Whole Body Motion Primitive Segmentation from Monocular Video,"ICRA: 2009 IEEE INTERNATIONAL CONFERENCE ON ROBOTICS AND AUTOMATION, VOLS 1-7",IEEE International Conference on Robotics and Automation ICRA,,,,IEEE International Conference on Robotics and Automation,"MAY 12-17, 2009","Kobe, JAPAN",IEEE,,,,,,,,,"Nakamura, Yoshihiko/M-1019-2014","Nakamura, Yoshihiko/0000-0001-7162-5102; Kulic, Dana/0000-0002-4169-2141",,,,,,,,,,,,,1050-4729,2577-087X,978-1-4244-2788-8,,,,2009,,,,,,,558,564,,,,,,,,,,,,,,,,WOS:000276080400091,View Full Record in Web of Science
J,"Takano, W",,,,"Takano, Wataru",,,Annotation Generation From IMU-Based Human Whole-Body Motions in Daily Life Behavior,IEEE TRANSACTIONS ON HUMAN-MACHINE SYSTEMS,,,,,,,,,,,,,,,,,,,,,,,,,,,,,,,2168-2291,2168-2305,,,,FEB,2020,50,1,,,,,13,21,,10.1109/THMS.2019.2960630,http://dx.doi.org/10.1109/THMS.2019.2960630,,,,,,,,,,,,,WOS:000508380700002,View Full Record in Web of Science
C,"Liu, PD; Zhang, B",,"Li, Z; Sun, J",,"Liu, Pudong; Zhang, Bo",,,An Autonomous Quadrotor Exploration Combining Frontier and Sampling for Environments with Narrow Entrances,2022 41ST CHINESE CONTROL CONFERENCE (CCC),Chinese Control Conference,,,,41st Chinese Control Conference (CCC),"JUL 25-27, 2022","Hefei, PEOPLES R CHINA","Chinese Assoc Automat, Tech Comm Control Theory,Syst Engn Soc China,Univ Sci & Technol China,Chinese Acad Sci, Acad Math & Syst Sci,China Soc Ind & Appl Math,Asian Control Assoc,IEEE Control Syst Soc,Inst Control, Robot & Syst,Soc Instrument & Control Engineers,Hefei Univ Technol,Anhui Univ,Univ Sci & Technol China, Inst Adv Technol,Hefei Comprehens Natl Sci Ctr, Inst Artificial Intelligence,Anhui Prov Assoc Automat,Anhui Robot Assoc",,,,,,,,,"Zhang, Bo/LYO-2794-2024",,,,,,,,,,,,,,2161-2927,,978-988-75815-3-6,,,,2022,,,,,,,3656,3661,,,,,,,,,,,,,,,,WOS:000932071603132,View Full Record in Web of Science
C,"Dutta, S; Kumar, S; Behera, L",,,IEEE,"Dutta, Samrat; Kumar, Swagat; Behera, Laxmidhar",,,Learning Stable Movement Primitives by Finding a Suitable Fuzzy Lyapunov Function from Kinesthetic Demonstrations,2018 INTERNATIONAL JOINT CONFERENCE ON NEURAL NETWORKS (IJCNN),IEEE International Joint Conference on Neural Networks (IJCNN),,,,International Joint Conference on Neural Networks (IJCNN),"JUL 08-13, 2018","Rio de Janeiro, BRAZIL",,,,,,,,,,"Behera, Laxmidhar/J-3423-2017",,,,,,,,,,,,,,2161-4393,,978-1-5090-6014-6,,,,2018,,,,,,,,,,,,,,,,,,,,,,,,WOS:000585967405027,View Full Record in Web of Science
C,"Moro, FL; Tsagarakis, NG; Caldwell, DG",,,IEEE,"Moro, Federico L.; Tsagarakis, Nikos G.; Caldwell, Darwin G.",,,Efficient Human-Like Walking for the COmpliant huMANoid COMAN based on Kinematic Motion Primitives (kMPs),2012 IEEE INTERNATIONAL CONFERENCE ON ROBOTICS AND AUTOMATION (ICRA),IEEE International Conference on Robotics and Automation ICRA,,,,IEEE International Conference on Robotics and Automation (ICRA),"MAY 14-18, 2012","St Paul, MN",IEEE,,,,,,,,,"Caldwell, Darwin/E-9954-2018","Caldwell, Darwin/0000-0002-6233-9961; MORO, FEDERICO LORENZO/0000-0003-1841-7130",,,,,,,,,,,,,1050-4729,2577-087X,978-1-4673-1405-3,,,,2012,,,,,,,2007,2014,,,,,,,,,,,,,,,,WOS:000309406702003,View Full Record in Web of Science
C,"Ashley, JA; Kennedy, DJ; Xie, B",,,IEEE,"Ashley, Joshua A.; Kennedy, Daniel J.; Xie, Biyun",,,Kinodynamic Motion Planning for Robotic Arms Based on Learned Motion Primitives from Demonstrations,"2023 IEEE/ASME INTERNATIONAL CONFERENCE ON ADVANCED INTELLIGENT MECHATRONICS, AIM",IEEE ASME International Conference on Advanced Intelligent Mechatronics,,,,IEEE/ASME International Conference on Advanced Intelligent Mechatronics (AIM),"JUN 28-30, 2023","Seattle, WA","IEEE,ASME",,,,,,,,,,"Xie, Biyun/0000-0003-0538-1466",,,,,,,,,,,,,2159-6255,,978-1-6654-7633-1,,,,2023,,,,,,,221,227,,10.1109/AIM46323.2023.10196178,http://dx.doi.org/10.1109/AIM46323.2023.10196178,,,,,,,,,,,,,WOS:001051263900029,View Full Record in Web of Science
J,"Xu, JJ; Xu, LS; Ji, AH; Li, YF; Cao, K",,,,"Xu, Jiajun; Xu, Linsen; Ji, Aihong; Li, Youfu; Cao, Kai",,,A DMP-Based Motion Generation Scheme for Robotic Mirror Therapy,IEEE-ASME TRANSACTIONS ON MECHATRONICS,,,,,,,,,,,,,,,,,"Xu, LS/AAI-6954-2020; XU, Jiajun/IQU-6535-2023","xu, lin sen/0000-0001-6951-5633; Ji, Aihong/0000-0002-1905-0564; XU, Jiajun/0000-0002-9517-1042; LI, You Fu/0000-0002-5227-1326",,,,,,,,,,,,,1083-4435,1941-014X,,,,DEC,2023,28,6,,,,,3120,3131,,10.1109/TMECH.2023.3255218,http://dx.doi.org/10.1109/TMECH.2023.3255218,,MAR 2023,,,,,,,,,,,WOS:000965766800001,View Full Record in Web of Science
C,"Karlsson, M; Robertsson, A; Johansson, R",,,IEEE,"Karlsson, Martin; Robertsson, Anders; Johansson, Rolf",,,Convergence of Dynamical Movement Primitives with Temporal Coupling,2018 EUROPEAN CONTROL CONFERENCE (ECC),,,,,European Control Conference (ECC),"JUN 12-15, 2018","Limassol, CYPRUS",,,,,,,,,,"Johansson, Rolf/C-1845-2013; Robertsson, Anders/D-2727-2013; Karlsson, Martin/HJA-5957-2022","Johansson, Rolf/0000-0002-0786-8561",,,,,,,,,,,,,,,978-3-9524-2698-2,,,,2018,,,,,,,32,39,,,,,,,,,,,,,,,,WOS:000467725300006,View Full Record in Web of Science
C,"Kramberger, A; Iturrate, I; Denisa, M; Mathiesen, S; Sloth, C",,,IEEE,"Kramberger, Aljaz; Iturrate, Inigo; Denisa, Miha; Mathiesen, Simon; Sloth, Christoffer",,,Adapting Learning by Demonstration for Robot Based Part Feeding Applications,2020 IEEE/SICE INTERNATIONAL SYMPOSIUM ON SYSTEM INTEGRATION (SII),IEEE/SICE International Symposium on System Integration,,,,IEEE/SICE International Symposium on System Integration (SII),"JAN 12-15, 2020","Honolulu, HI","IEEE,SICE",,,,,,,,,"Deniša, Miha/AAE-5331-2019; Iturrate, Inigo/U-7913-2018; Sloth, Christoffer Eg/F-5844-2011; Mathiesen, Simon Faarvang/R-6912-2018; Kramberger, Aljaz/X-2654-2018","Iturrate, Inigo/0000-0001-7922-1946; Denisa, Miha/0000-0002-9478-4656; Sloth, Christoffer Eg/0000-0002-3309-6278; Mathiesen, Simon Faarvang/0000-0002-7764-5849; Kramberger, Aljaz/0000-0002-4830-4885",,,,,,,,,,,,,2474-2317,,978-1-7281-6667-4,,,,2020,,,,,,,954,959,,10.1109/sii46433.2020.9026191,http://dx.doi.org/10.1109/sii46433.2020.9026191,,,,,,,,,,,,,WOS:000565648500167,View Full Record in Web of Science
C,"Paraschos, A; Rueckert, E; Peters, J; Neumann, G",,,IEEE,"Paraschos, Alexandros; Rueckert, Elmar; Peters, Jan; Neumann, Gerhard",,,Model-Free Probabilistic Movement Primitives for Physical Interaction,2015 IEEE/RSJ INTERNATIONAL CONFERENCE ON INTELLIGENT ROBOTS AND SYSTEMS (IROS),IEEE International Conference on Intelligent Robots and Systems,,,,IEEE/RSJ International Conference on Intelligent Robots and Systems (IROS),"SEP 28-OCT 02, 2015","Hamburg, GERMANY","IEEE,RSJ,Univ Hamburg,DFG,RA,New Technol Fdn,SICE,KUKA,DJI,Rethink Robot,BOSCH,Chinese Acad Sci, SIAT,Boozhong,Adept,Automatica,HIT,Ascending Technol,OPTOFORCE,DST Robot,BA Syst,Rainbow Robot,SIA,CLEARPATH Robot,Swiss Natl Ctr Competence Res Robot,SINEVA,Dyson,SICK,Robocept,Force Dimension,Open Unit Robot,Luoyang Natl Univ Sci Park,Fuzhou Univ,Synapticon,Google,Technishce Univ Munchen,iRobot,Echord++,Khalifa Univ,Pan Robot,FESTO,Kinova Robot,SCHUNK,ies",,,,,,,,,"Peters, Jan/D-5068-2009","Rueckert, Elmar/0000-0003-1221-8253; Neumann, Gerhard/0000-0002-5483-4225",,,,,,,,,,,,,2153-0858,,978-1-4799-9994-1,,,,2015,,,,,,,2860,2866,,,,,,,,,,,,,,,,WOS:000371885403005,View Full Record in Web of Science
J,"Bottasso, CL; Leonello, D; Savini, B",,,,"Bottasso, Carlo L.; Leonello, Domenico; Savini, Barbara",,,Path Planning for Autonomous Vehicles by Trajectory Smoothing Using Motion Primitives,IEEE TRANSACTIONS ON CONTROL SYSTEMS TECHNOLOGY,,,,,,,,,,,,,,,,,"Bottasso, Carlo Luigi/F-9813-2012","Bottasso, Carlo Luigi/0000-0002-9931-4389",,,,,,,,,,,,,1063-6536,1558-0865,,,,NOV,2008,16,6,,,,,1152,1168,,10.1109/TCST.2008.917870,http://dx.doi.org/10.1109/TCST.2008.917870,,,,,,,,,,,,,WOS:000260385200005,View Full Record in Web of Science
C,"Manschitz, S; Gienger, M; Kober, J; Peters, J",,,IEEE,"Manschitz, Simon; Gienger, Michael; Kober, Jens; Peters, Jan",,,Probabilistic Decomposition of Sequential Force Interaction Tasks into Movement Primitives,2016 IEEE/RSJ INTERNATIONAL CONFERENCE ON INTELLIGENT ROBOTS AND SYSTEMS (IROS 2016),,,,,IEEE/RSJ International Conference on Intelligent Robots and Systems (IROS),"OCT 09-14, 2016","Daejeon, SOUTH KOREA","IEEE,RSJ",,,,,,,,,"Peters, Jan/D-5068-2009; Kober, Jens/I-9119-2017","Kober, Jens/0000-0001-7257-5434",,,,,,,,,,,,,,,978-1-5090-3762-9,,,,2016,,,,,,,3920,3927,,,,,,,,,,,,,,,,WOS:000391921703140,View Full Record in Web of Science
C,"Nuevo-Gallardo, C; Traver, JE; Tejado, I; Vinagre, BM",,"Palma, LB; Neves-Silva, R; Gomes, L",,"Nuevo-Gallardo, Cristina; Emilio Traver, Jose; Tejado, Ines; Vinagre, Blas M.",,,Path Following for Purcell's Swimmers: An Event-Based Control Approach,CONTROLO 2022,Lecture Notes in Electrical Engineering,,,,15th APCA International Conference on Automatic Control and Soft Computing (CONTROLO),"JUL 06-08, 2022","Caparica, PORTUGAL","APCA,Int Federat Automat Control,Comite Espanol Automatica,Soc Brasileira Automatica,Soc Portuguesa Robotica,Soc Portuguesa Educacao Engn,Int Soc Automat, Portugal Sect",,,,,,,,,"Nuevo-Gallardo, Cristina/AAG-5161-2021; Tejado, Ines/H-5285-2015; Traver, José/L-6364-2019",,,,,,,,,,,,,,1876-1100,1876-1119,978-3-031-10047-5; 978-3-031-10046-8,,,,2022,930,,,,,,487,497,,10.1007/978-3-031-10047-5_43,http://dx.doi.org/10.1007/978-3-031-10047-5_43,,,,,,,,,,,,,WOS:000877082000043,View Full Record in Web of Science
C,"Kohrt, C; Pipe, AG; Kiely, J; Stamp, R; Schiedermeier, G",,,IEEE,"Kohrt, C.; Pipe, A. G.; Kiely, J.; Stamp, R.; Schiedermeier, G.",,,A Cell Based Voronoi Roadmap for Motion Planning of Articulated Robots Using Movement Primitives,2012 IEEE INTERNATIONAL CONFERENCE ON ROBOTICS AND BIOMIMETICS (ROBIO 2012),,,,,IEEE International Conference on Robotics and Biomimetics (ROBIO),"DEC 11-14, 2012","Guangzhou, PEOPLES R CHINA","IEEE,IEEE Robot & Automat Soc,S China Univ Technol (SCUT),Natl Nat Sci Fdn China,HIT, State Key Lab Robot & Syst,IEEE Syst, Man, & Cybernet Soc,Robot Soc Japan,Japan Soc Mech Engineers,Guangdong Mech Engn Soc (GDMES)",,,,,,,,,,,,,,,,,,,,,,,,,978-1-4673-2127-3; 978-1-4673-2125-9,,,,2012,,,,,,,,,,,,,,,,,,,,,,,,WOS:000321004000261,View Full Record in Web of Science
J,"Manschitz, S; Kober, J; Gienger, M; Peters, J",,,,"Manschitz, Simon; Kober, Jens; Gienger, Michael; Peters, Jan",,,Learning movement primitive attractor goals and sequential skills from kinesthetic demonstrations,ROBOTICS AND AUTONOMOUS SYSTEMS,,,,,,,,,,,,,,,,,"Peters, Jan/D-5068-2009; Kober, Jens/I-9119-2017","Kober, Jens/0000-0001-7257-5434",,,,,,,,,,,,,0921-8890,1872-793X,,,,DEC,2015,74,,A,,,,97,107,,10.1016/j.robot.2015.07.005,http://dx.doi.org/10.1016/j.robot.2015.07.005,,,,,,,,,,,,,WOS:000366070700009,View Full Record in Web of Science
C,"Vital, F; Vasco, M; Sardinha, A; Melo, F",,,IEEE,"Vital, Fabio; Vasco, Miguel; Sardinha, Alberto; Melo, Francisco",,,"Perceive, Represent, Generate: Translating Multimodal Information to Robotic Motion Trajectories",2022 IEEE/RSJ INTERNATIONAL CONFERENCE ON INTELLIGENT ROBOTS AND SYSTEMS (IROS),IEEE International Conference on Intelligent Robots and Systems,,,,IEEE/RSJ International Conference on Intelligent Robots and Systems (IROS),"OCT 23-27, 2022","Kyoto, JAPAN","IEEE,Royal Soc Japan,IEEE Robot & Automat Soc,IES,SICE,New Technol Fdn",,,,,,,,,"Melo, Francisco/B-5434-2016; Sardinha, Alberto/L-9553-2015","Vasco, Miguel/0000-0002-5761-4105",,,,,,,,,,,,,2153-0858,,978-1-6654-7927-1,,,,2022,,,,,,,5855,5860,,10.1109/IROS47612.2022.9981788,http://dx.doi.org/10.1109/IROS47612.2022.9981788,,,,,,,,,,,,,WOS:000908368204023,View Full Record in Web of Science
C,"Guerra, J; Uddin, J; Nilsen, D; Mclnerney, J; Fadoo, A; Omofuma, IB; Hughes, S; Agrawal, S; Allen, P; Schambra, HM",,"Amirabdollahian, F; Burdet, E; Masia, L",,"Guerra, Jorge; Uddin, Jasim; Nilsen, Dawn; Mclnerney, James; Fadoo, Ammarah; Omofuma, Isirame B.; Hughes, Shatif; Agrawal, Sunil; Allen, Peter; Schambra, Heidi M.",,,"Capture, Learning, and Classification of Upper Extremity Movement Primitives in Healthy Controls and Stroke Patients",2017 INTERNATIONAL CONFERENCE ON REHABILITATION ROBOTICS (ICORR),International Conference on Rehabilitation Robotics ICORR,,,,International Conference on Rehabilitation Robotics (ICORR),"JUL 17-20, 2017","London, ENGLAND",,,,,,,,,,,,,,,,,,,,,,,,1945-7898,,978-1-5386-2296-4,,,,2017,,,,,,,547,554,,,,,,,,,,,28813877,,,,,WOS:000426850800094,View Full Record in Web of Science
J,"Zhang, Y; Xue, T; Razmjoo, A; Calinon, S",,,,"Zhang, Yan; Xue, Teng; Razmjoo, Amirreza; Calinon, Sylvain",,,Logic Learning From Demonstrations for Multi-Step Manipulation Tasks in Dynamic Environments,IEEE ROBOTICS AND AUTOMATION LETTERS,,,,,,,,,,,,,,,,,,"ZHANG, Yan/0000-0002-5311-9828",,,,,,,,,,,,,2377-3766,,,,,AUG,2024,9,8,,,,,7214,7221,,10.1109/LRA.2024.3418276,http://dx.doi.org/10.1109/LRA.2024.3418276,,,,,,,,,,,,,WOS:001263373000004,View Full Record in Web of Science
C,"Sanni, O; Bonvicini, G; Khan, MA; Lopez-Custodio, PC; Nazari, K; Ghalamzan, AM",,,Assoc Advancement Artificial Intelligence,"Sanni, Oluwatoyin; Bonvicini, Giorgio; Khan, Muhammad Arshad; Lopez-Custodio, Pablo C.; Nazari, Kiyanoush; Ghalamzan E, Amir M.",,,Deep Movement Primitives: Toward Breast Cancer Examination Robot,THIRTY-SIXTH AAAI CONFERENCE ON ARTIFICIAL INTELLIGENCE / THIRTY-FOURTH CONFERENCE ON INNOVATIVE APPLICATIONS OF ARTIFICIAL INTELLIGENCE / TWELVETH SYMPOSIUM ON EDUCATIONAL ADVANCES IN ARTIFICIAL INTELLIGENCE,AAAI Conference on Artificial Intelligence,,,,36th AAAI Conference on Artificial Intelligence / 34th Conference on Innovative Applications of Artificial Intelligence / 12th Symposium on Educational Advances in Artificial Intelligence,"FEB 22-MAR 01, 2022",ELECTR NETWORK,Assoc Advancement Artificial Intelligence,,,,,,,,,,"Nazari, Kiyanoush/0000-0002-5916-809X",,,,,,,,,,,,,2159-5399,2374-3468,978-1-57735-876-3,,,,2022,,,,,,,12126,12134,,,,,,,,,,,,,,,,WOS:000893639105017,View Full Record in Web of Science
J,"Nope, SE; Loaiza, H; Caicedo, E",,,,"Nope, Sandra E.; Loaiza, Humberto; Caicedo, Eduardo",,,Bio-Inspired Model for Gestures Recognition through Vision-based Movement Primitives,REVISTA IBEROAMERICANA DE AUTOMATICA E INFORMATICA INDUSTRIAL,,,,,,,,,,,,,,,,,"Loaiza Correa, Humberto/LMN-4206-2024; Caicedo Bravo, Eduardo Francisco/LGZ-6841-2024","Loaiza Correa, Humberto/0000-0001-7206-7333; Caicedo Bravo, Eduardo Francisco/0000-0003-0727-2917",,,,,,,,,,,,,1697-7912,,,,,OCT,2008,5,4,,,,,69,+,,10.1016/S1697-7912(08)70179-1,http://dx.doi.org/10.1016/S1697-7912(08)70179-1,,,,,,,,,,,,,WOS:000260546900008,View Full Record in Web of Science
C,"Tuan, TM; Souères, P; Taïx, M; Sreenivasa, MN; Halgand, C",,,IEEE,"Tran Minh Tuan; Soueres, Philippe; Taix, Michel; Sreenivasa, Manish N.; Halgand, Christophe",,,Humanoid human-like reaching control based on movement primitives,2010 IEEE RO-MAN,,,,,19th IEEE International Conference on Robot and Human Interactive Communication (RO-MAN),"SEP 13-15, 2010","Viareggio, ITALY","IEEE,Scuola Super SantAnna, CEIICP Inst,IEEE Inst Elect Soc (IES),IEEE Robot & Automat Soc (RA),IEEE Syst Man & Cybernet Soc (IEEE SMC),Robot Soc Japan (RSJ),EU SKILLS Integrated Project,IEEE Robot & Automat Soc, Italian Chapter (I-RAS),Korea Robot Soc (KROS),Movimento Italiano Modellist Simulazione (MIMOS),Soc Italiana Docenti Ricercatori Automat,Guger Technol (G.Tec),Aldebaran Robot",,,,,,,,,"Sreenivasa, Manish/P-6311-2018","Sreenivasa, Manish/0000-0002-0979-5706",,,,,,,,,,,,,,,978-1-4244-7990-0,,,,2010,,,,,,,546,551,,,,,,,,,,,,,,,,WOS:000300610200095,View Full Record in Web of Science
C,"Li, WB; Fritz, M",,,IEEE,"Li, Wenbin; Fritz, Mario",,,Teaching Robots the Use of Human Tools from Demonstration with Non-Dexterous End-Effectors,2015 IEEE-RAS 15TH INTERNATIONAL CONFERENCE ON HUMANOID ROBOTS (HUMANOIDS),IEEE-RAS International Conference on Humanoid Robots,,,,15th IEEE-RAS International Conference on Humanoid Robots (Humanoids),"NOV 03-05, 2015","Seoul, SOUTH KOREA","IEEE Robot & Automat Soc,IEEE",,,,,,,,,"Li, Wenbin/HKW-6312-2023",,,,,,,,,,,,,,2164-0572,,978-1-4799-6885-5,,,,2015,,,,,,,547,553,,,,,,,,,,,,,,,,WOS:000377954900081,View Full Record in Web of Science
C,"Vignolo, A; Noceti, N; Sciutti, A; Odone, F; Sandini, G",,,IEEE COMP SOC,"Vignolo, Alessia; Noceti, Nicoletta; Sciutti, Alessandra; Odone, Francesca; Sandini, Giulio",,,Learning dictionaries of kinematic primitives for action classification,2020 25TH INTERNATIONAL CONFERENCE ON PATTERN RECOGNITION (ICPR),International Conference on Pattern Recognition,,,,25th International Conference on Pattern Recognition (ICPR),"JAN 10-15, 2021",ELECTR NETWORK,"Int Assoc Pattern Recognit,IEEE Comp Soc,Italian Assoc Comp Vis Pattern Recognit & Machine Learning",,,,,,,,,"Sciutti, Alessandra/E-4291-2017",,,,,,,,,,,,,,1051-4651,,978-1-7281-8808-9,,,,2021,,,,,,,5965,5972,,10.1109/ICPR48806.2021.9412363,http://dx.doi.org/10.1109/ICPR48806.2021.9412363,,,,,,,,,,,,,WOS:000678409206014,View Full Record in Web of Science
C,"Wang, RH; Wu, Y; Chan, WL; Tee, KP",,,IEEE,"Wang, Ruohan; Wu, Yan; Chan, Wei Liang; Tee, Keng Peng",,,Dynamic Movement Primitives Plus: for Enhanced Reproduction Quality and Efficient Trajectory Modification Using Truncated Kernels and Local Biases,2016 IEEE/RSJ INTERNATIONAL CONFERENCE ON INTELLIGENT ROBOTS AND SYSTEMS (IROS 2016),,,,,IEEE/RSJ International Conference on Intelligent Robots and Systems (IROS),"OCT 09-14, 2016","Daejeon, SOUTH KOREA","IEEE,RSJ",,,,,,,,,"Yan, Wu/JYO-9522-2024; Wang, Ruohan/IQU-5145-2023","Wu, Yan/0000-0002-4644-0664",,,,,,,,,,,,,,,978-1-5090-3762-9,,,,2016,,,,,,,3765,3771,,,,,,,,,,,,,,,,WOS:000391921703117,View Full Record in Web of Science
J,"Dawood, F; Loo, CK",,,,"Dawood, Farhan; Loo, Chu Kiong",,,Developmental Approach for Behavior Learning Using Primitive Motion Skills,INTERNATIONAL JOURNAL OF NEURAL SYSTEMS,,,,,,,,,,,,,,,,,"Loo, Chu Kiong/F-4360-2011; Dawood, Farhan/G-9105-2011","Dawood, Farhan/0000-0002-6968-1671",,,,,,,,,,,,,0129-0657,1793-6462,,,,MAY,2018,28,4,,,,,,,1750038,10.1142/S0129065717500381,http://dx.doi.org/10.1142/S0129065717500381,,,,,,,,29022403,,,,,WOS:000427254300001,View Full Record in Web of Science
J,"Lai, YJ; Paul, G; Cui, YD; Matsubara, T",,,,"Lai, Yujun; Paul, Gavin; Cui, Yunduan; Matsubara, Takamitsu",,,User intent estimation during robot learning using physical human robot interaction primitives,AUTONOMOUS ROBOTS,,,,,,,,,,,,,,,,,"Cui, Yunduan/KRQ-2861-2024","Paul, Gavin/0000-0002-3478-0020; Lai, Yujun/0000-0002-9381-5836",,,,,,,,,,,,,0929-5593,1573-7527,,,,FEB,2022,46,2,,,,,421,436,,10.1007/s10514-021-10030-9,http://dx.doi.org/10.1007/s10514-021-10030-9,,JAN 2022,,,,,,,,,,,WOS:000743431000001,View Full Record in Web of Science
C,"Nakazawa, A; Nakaoka, S; Shiratori, T; Ikeuchi, K",,,IEEE; IEEE,"Nakazawa, A; Nakaoka, S; Shiratori, T; Ikeuchi, K",,,Analysis and synthesis of human dance motions,PROCEEDINGS OF THE IEEE INTERNATIONAL CONFERENCE ON MULTISENSOR FUSION AND INTEGRATION FOR INTELLIGENT SYSTEMS,,,,,IEEE International Conference on Multisensor Fusion and Integration for Intelligent Systems,"JUL 30-AUG 01, 2003","TOKYO, JAPAN","IEEE Ind Elect Soc,IEEE Robot & Automat Soc,Soc Instrument & Control Engineers Japan,Robot Soc Japan",,,,,,,,,,,,,,,,,,,,,,,,,0-7803-7987-X,,,,2003,,,,,,,83,88,,10.1109/MFI-2003.2003.1232637,http://dx.doi.org/10.1109/MFI-2003.2003.1232637,,,,,,,,,,,,,WOS:000185947600015,View Full Record in Web of Science
C,"Gesel, P; Mikulis-Borsoi, F; LaRoche, D; Arthanat, S; Begum, M",,,IEEE,"Gesel, Paul; Mikulis-Borsoi, Francesco; LaRoche, Dain; Arthanat, Sajay; Begum, Momotaz",,,Learning Optimized Human Motion via Phase Space Analysis,2020 IEEE/RSJ INTERNATIONAL CONFERENCE ON INTELLIGENT ROBOTS AND SYSTEMS (IROS),IEEE International Conference on Intelligent Robots and Systems,,,,IEEE/RSJ International Conference on Intelligent Robots and Systems (IROS),"OCT 24-JAN 24, 2020-2021",ELECTR NETWORK,"IEEE,RSJ",,,,,,,,,"LaRoche, Dain/L-8837-2016","LaRoche, Dain/0000-0001-9321-438X",,,,,,,,,,,,,2153-0858,,978-1-7281-6212-6,,,,2020,,,,,,,8329,8335,,10.1109/IROS4743.2020.9340773,http://dx.doi.org/10.1109/IROS4743.2020.9340773,,,,,,,,,,,,,WOS:000724145802081,View Full Record in Web of Science
J,"Lee, H; Kim, H; Kim, W; Kim, HJ",,,,"Lee, Hyeonbeom; Kim, Hyoin; Kim, Woojin; Kim, H. Jin",,,An Integrated Framework for Cooperative Aerial Manipulators in Unknown Environments,IEEE ROBOTICS AND AUTOMATION LETTERS,,,,,,,,,,,,,,,,,"Kim, Hyoin/ABC-8449-2020",,,,,,,,,,,,,,2377-3766,,,,,JUL,2018,3,3,,,,,2307,2314,,10.1109/LRA.2018.2807486,http://dx.doi.org/10.1109/LRA.2018.2807486,,,,,,,,,,,,,WOS:000429019800006,View Full Record in Web of Science
C,"Rosado, J; Silva, F; Santos, V",,"Kozlowski, K; Tokhi, MO; Virk, GS",,"Rosado, Jose; Silva, Filipe; Santos, Vitor",,,MOTION GENERALIZATION WITH DYNAMIC PRIMITIVES,MOBILE SERVICE ROBOTICS,,,,,17th International Conference on Climbing and Walking Robots (CLAWAR),"JUL 21-23, 2014","Poznan, POLAND","IEEE Robot & Automat Soc,Int Federat Promot Mechanism & Machine Sci,Advancing Soc Med Technol,Assoc Advancement Med Instrumentat,Poznan Univ Technol,Warsaw Univ Technol,CLAWAR Assoc",,,,,,,,,"Silva, Filipe/AAJ-2527-2020; Santos, Vitor/D-2973-2013","Santos, Vitor/0000-0003-1283-7388; Rosado, Jose/0000-0001-5610-7147; Silva, Filipe/0000-0001-6191-0727",,,,,,,,,,,,,,,978-981-4623-34-6,,,,2014,,,,,,,215,+,,,,,,,,,,,,,,,,WOS:000342693100027,View Full Record in Web of Science
J,"Lee, H; Son, CY; Kim, HJ",,,,"Lee, Hyeonbeom; Son, Clark Youngdong; Kim, H. Jin",,,Collision-Free Path Planning for Cooperative Aerial Manipulators Under Velocity and Curvature Constraints,IEEE ACCESS,,,,,,,,,,,,,,,,,,"Kim, H Jin/0000-0002-6819-1136; Son, Clark Youngdong/0000-0003-0626-4173; lee, Hyeonbeom/0000-0003-4647-8424",,,,,,,,,,,,,2169-3536,,,,,,2019,7,,,,,,171153,171162,,10.1109/ACCESS.2019.2946273,http://dx.doi.org/10.1109/ACCESS.2019.2946273,,,,,,,,,,,,,WOS:000509358000017,View Full Record in Web of Science
C,"Schwaner, KL; Dall'Alba, D; Jensen, PT; Fiorini, P; Savarimuthu, TR",,,IEEE,"Schwaner, Kim L.; Dall'Alba, Diego; Jensen, Pernille T.; Fiorini, Paolo; Savarimuthu, Thiusius R.",,,Autonomous Needle Manipulation for Robotic Surgical Suturing Based on Skills Learned from Demonstration,2021 IEEE 17TH INTERNATIONAL CONFERENCE ON AUTOMATION SCIENCE AND ENGINEERING (CASE),IEEE International Conference on Automation Science and Engineering,,,,17th IEEE International Conference on Automation Science and Engineering (CASE),"AUG 23-27, 2021","Lyon, FRANCE",IEEE,,,,,,,,,"Schwaner, Kim/R-6881-2018; Jensen, Pernille/L-9973-2018; Savarimuthu, Thiusius Rajeeth/J-7766-2015","Savarimuthu, Thiusius Rajeeth/0000-0002-2478-8694; Schwaner, Kim/0000-0001-5296-3712; Jensen, Pernille Tine/0000-0002-1637-6040",,,,,,,,,,,,,2161-8070,,978-1-6654-1873-7,,,,2021,,,,,,,235,241,,10.1109/CASE49439.2021.9551569,http://dx.doi.org/10.1109/CASE49439.2021.9551569,,,,,,,,,,,,,WOS:000878693200031,View Full Record in Web of Science
J,"Gutow, G; Rogers, JD",,,,"Gutow, Geordan; Rogers, Jonathan D.",,,Sparse Integration Schemes for Chance-Constrained Motion Primitive Path Planning,IEEE ROBOTICS AND AUTOMATION LETTERS,,,,,,,,,,,,,,,,,,"Gutow, Geordan/0000-0002-2137-6280",,,,,,,,,,,,,2377-3766,,,,,JUL,2022,7,3,,,,,6431,6438,,10.1109/LRA.2022.3173045,http://dx.doi.org/10.1109/LRA.2022.3173045,,,,,,,,,,,,,WOS:000797439500001,View Full Record in Web of Science
J,"Li, X; Gilitschenski, I; Rosman, G; Karaman, S; Rus, D",,,,"Li, Xiao; Gilitschenski, Igor; Rosman, Guy; Karaman, Sertac; Rus, Daniela",,,Multi-Abstractive Neural Controller: An Efficient Hierarchical Control Architecture for Interactive Driving,IEEE ROBOTICS AND AUTOMATION LETTERS,,,,,,,,,,,,,,,,,"Rosman, Guy/JXN-4008-2024","Rus, Daniela/0000-0001-5473-3566; Gilitschenski, Igor/0000-0001-6426-365X; /0000-0002-9334-1706",,,,,,,,,,,,,2377-3766,,,,,AUG,2023,8,8,,,,,4737,4744,,10.1109/LRA.2023.3273421,http://dx.doi.org/10.1109/LRA.2023.3273421,,,,,,,,,,,,,WOS:001022085500007,View Full Record in Web of Science
C,"Holcomb, S; Alba-Flores, R",,,IEEE,"Holcomb, Sterling; Alba-Flores, Rocio",,,Relating Movement Primitive Length to Accuracy in Imitation Learning,SOUTHEASTCON 2017,IEEE SoutheastCon-Proceedings,,,,IEEE SoutheastCon Conference,"MAR 30-APR 02, 2017","Charlotte, NC",IEEE,,,,,,,,,,,,,,,,,,,,,,,1558-058X,,978-1-5386-1539-3,,,,2017,,,,,,,,,,,,,,,,,,,,,,,,WOS:000403420500075,View Full Record in Web of Science
C,"Vidakovic, J; Jerbic, B; Sekoranja, B; Svaco, M; Suligoj, F",,"Berns, K; Gorges, D",,"Vidakovic, Josip; Jerbic, Bojan; Sekoranja, Bojan; Svaco, Marko; Suligoj, Filip",,,Task Dependent Trajectory Learning from Multiple Demonstrations Using Movement Primitives,ADVANCES IN SERVICE AND INDUSTRIAL ROBOTICS,Advances in Intelligent Systems and Computing,,,,28th International Conference on Robotics in Alpe-Adria-Danube Region (RAAD),"JUN 19-21, 2019","Tech Univ Kaiserslautern, Kaiserslautern, GERMANY","Fraunhofer Zentrum Kaiserslautern,Deutsche Forschungsgemeinschaft",Tech Univ Kaiserslautern,,,,,,,,"Jerbić, Bojan/ACJ-5813-2022; Šuligoj, Filip/ABH-8705-2020; Svaco, Marko/O-1111-2015","Suligoj, Filip/0000-0002-8596-1972; Vidakovic, Josip/0000-0001-6189-1730; Svaco, Marko/0000-0002-6761-4336; Jerbic, Bojan/0000-0003-1811-5669",,,,,,,,,,,,,2194-5357,2194-5365,978-3-030-19648-6; 978-3-030-19647-9,,,,2020,980,,,,,,275,282,,10.1007/978-3-030-19648-6_32,http://dx.doi.org/10.1007/978-3-030-19648-6_32,,,,,,,,,,,,,WOS:000489761000032,View Full Record in Web of Science
C,"Settimi, A; Caporale, D; Kryczka, P; Ferrati, M; Pallottino, L",,"Asfour, T; Billard, A; Harada, K; Kulic, D; Ude, A; Venture, G; Yamane, K; Yokoi, K; Yoshida, E",,"Settimi, Alessandro; Caporale, Danilo; Kryczka, Przemyslaw; Ferrati, Mirko; Pallottino, Lucia",,,Motion Primitive Based Random Planning for Loco-Manipulation Tasks,2016 IEEE-RAS 16TH INTERNATIONAL CONFERENCE ON HUMANOID ROBOTS (HUMANOIDS),IEEE-RAS International Conference on Humanoid Robots,,,,16th IEEE-RAS International Conference on Humanoid Robots (Humanoids),"NOV 15-17, 2016","Mexican Assoc Comp Vis Robot & Neural Comp, Cancun, MEXICO","IEEE Robot & Automat Soc,Disney Res,ROBOTIS,INTEL,PAL,MACVNR,CONACYT,CINVESTAV",Mexican Assoc Comp Vis Robot & Neural Comp,,,,,,,,"PALLOTTINO, LUCIA/AAS-2058-2020","Caporale, Danilo/0000-0003-2665-3950; PALLOTTINO, LUCIA/0000-0002-9480-8857; Settimi, Alessandro/0000-0002-6232-7311",,,,,,,,,,,,,2164-0572,,978-1-5090-4718-5,,,,2016,,,,,,,1059,1066,,,,,,,,,,,,,,,,WOS:000403009300157,View Full Record in Web of Science
J,"Klancar, G; Seder, M; Blazic, S; Skrjanc, I; Petrovic, I",,,,"Klancar, Gregor; Seder, Marija; Blazic, Saso; Skrjanc, Igor; Petrovic, Ivan",,,Drivable Path Planning Using Hybrid Search Algorithm Based on E* and Bernstein-Bezier Motion Primitives,IEEE TRANSACTIONS ON SYSTEMS MAN CYBERNETICS-SYSTEMS,,,,,,,,,,,,,,,,,"Blazic, Saso/A-2803-2008; Seder, Marija/I-3555-2019; Petrovic, Ivan/AAJ-9398-2021","Seder, Marija/0000-0002-1418-255X; Klancar, Gregor/0000-0002-1461-3321; Petrovic, Ivan/0000-0001-9961-5627; Skrjanc, Igor/0000-0002-0502-5376; Blazic, Saso/0000-0002-9347-8534",,,,,,,,,,,,,2168-2216,2168-2232,,,,AUG,2021,51,8,,,,,4868,4882,,10.1109/TSMC.2019.2945110,http://dx.doi.org/10.1109/TSMC.2019.2945110,,,,,,,,,,,,,WOS:000673624500024,View Full Record in Web of Science
C,"Park, S; Chung, WK",,,IEEE,"Park, Scongsik; Chung, Wan Kyun",,,Autonomous Segmentation of Motion Primitive including Muscular Activation using Variational Bayesian Mixture of Gaussian,2013 10TH INTERNATIONAL CONFERENCE ON UBIQUITOUS ROBOTS AND AMBIENT INTELLIGENCE (URAI),International Conference on Ubiquitous Robots and Ambient Intelligence,,,,10th International Conference on Ubiquitous Robots and Ambient Intelligence (URAI),"OCT 30-NOV 02, 2013","Jeju, SOUTH KOREA","Korea Robot Soc,Sungkyunkwan Univ,IEEE,IEEE Robot & Automat Soc,Robot Soc Japan,Robot Soc Taiwan,Chinese Inst Measurement Technol Mech Engn,Korea Tourism Org,KOFST,Jeju Convent & Visitors Bur",,,,,,,,,"Park, Seongsik/K-2973-2019","park, seongsik/0000-0003-4281-4080; Park, Seongsik/0000-0002-1051-3593",,,,,,,,,,,,,2325-033X,,978-1-4799-1197-4; 978-1-4799-1195-0,,,,2013,,,,,,,5,9,,,,,,,,,,,,,,,,WOS:000333801000002,View Full Record in Web of Science
C,"Upadhyay, S; Richardson, T; Richards, A",,,IEEE,"Upadhyay, Saurabh; Richardson, Thomas; Richards, Arthur",,,Fast Generation of Obstacle-Avoiding Motion Primitives for Quadrotors,2021 IEEE/RSJ INTERNATIONAL CONFERENCE ON INTELLIGENT ROBOTS AND SYSTEMS (IROS),IEEE International Conference on Intelligent Robots and Systems,,,,IEEE/RSJ International Conference on Intelligent Robots and Systems (IROS),"SEP 27-OCT 01, 2021",ELECTR NETWORK,"IEEE,RSJ",,,,,,,,,"Upadhyay, Saurabh/P-9174-2019","Upadhyay, Saurabh/0000-0002-2030-1594",,,,,,,,,,,,,2153-0858,,978-1-6654-1714-3,,,,2021,,,,,,,4726,4731,,10.1109/IROS51168.2021.9636002,http://dx.doi.org/10.1109/IROS51168.2021.9636002,,,,,,,,,,,,,WOS:000755125503111,View Full Record in Web of Science
J,"Liao, ZW; Tassi, F; Gong, CW; Leonori, M; Zhao, F; Jiang, GD; Ajoudani, A",,,,"Liao, Zhiwei; Tassi, Francesco; Gong, Chenwei; Leonori, Mattia; Zhao, Fei; Jiang, Gedong; Ajoudani, Arash",,,"Simultaneously Learning of Motion, Stiffness, and Force From Human Demonstration Based on Riemannian DMP and QP Optimization",IEEE TRANSACTIONS ON AUTOMATION SCIENCE AND ENGINEERING,,,,,,,,,,,,,,,,,"TASSI, FRANCESCO/MGV-5990-2025",,,,,,,,,,,,,,1545-5955,1558-3783,,,,2024 OCT 16,2024,,,,,,,,,,10.1109/TASE.2024.3469961,http://dx.doi.org/10.1109/TASE.2024.3469961,,OCT 2024,,,,,,,,,,,WOS:001337432600001,View Full Record in Web of Science
C,"Kurne, TD; Juvvi, MS; Vaishnavi, J; Jagtap, P",,,IEEE COMPUTER SOC,"Kurne, Tushar Dilip; Juvvi, Manas Sashank; Vaishnavi, J.; Jagtap, Pushpak",,,Poster Abstract: Signal Temporal Logic Compliant Motion Planning using Reinforcement Learning,"PROCEEDINGS 15TH ACM/IEEE INTERNATIONAL CONFERENCE ON CYBER-PHYSICAL SYSTEMS, ICCPS 2024",,,,,15th ACM/IEEE International Conference on Cyber-Physical Systems (ICCPS),"MAY 13-16, 2024","Hong Kong, PEOPLES R CHINA","IEEE,ACM",,,,,,,,,"Jagtap, Pushpak/HPG-1592-2023",,,,,,,,,,,,,,,,979-8-3503-6927-4; 979-8-3503-6928-1,,,,2024,,,,,,,283,284,,10.1109/ICCPS61052.2024.00037,http://dx.doi.org/10.1109/ICCPS61052.2024.00037,,,,,,,,,,,,,WOS:001267260500016,View Full Record in Web of Science
J,"Colomé, A; Torras, C",,,,"Colome, Adria; Torras, Carme",,,A topological extension of movement primitives for curvature modulation and sampling of robot motion,AUTONOMOUS ROBOTS,,,,,,,,,,,,,,,,,"; Torras, Carme/M-1794-2014","Colome, Adria/0000-0001-9715-4062; Torras, Carme/0000-0002-2933-398X",,,,,,,,,,,,,0929-5593,1573-7527,,,,JUN,2021,45,5,,,SI,,725,735,,10.1007/s10514-021-09976-7,http://dx.doi.org/10.1007/s10514-021-09976-7,,JUL 2021,,,,,,,,,,,WOS:000672951700001,View Full Record in Web of Science
J,"Zhang, HK; Huang, YY; Han, W; Chen, HB; Xiong, D; Zhang, CF; Medeiros, EP; de Albuquerque, VHC",,,,"Zhang, Haoke; Huang, Yiyong; Han, Wei; Chen, Hongbo; Xiong, Dan; Zhang, Chuanfu; Medeiros, Elias Paulino; de Albuquerque, Victor Hugo C.",,,A novel teacher-student hierarchical approach for learning primitive information,EXPERT SYSTEMS WITH APPLICATIONS,,,,,,,,,,,,,,,,,"Han, Wei/L-7391-2016; de Albuquerque, Victor/C-3677-2016","Paulino Medeiros, Elias/0000-0003-4619-0746",,,,,,,,,,,,,0957-4174,1873-6793,,,,JUL 15,2024,246,,,,,,,,123129,10.1016/j.eswa.2023.123129,http://dx.doi.org/10.1016/j.eswa.2023.123129,,JAN 2024,,,,,,,,,,,WOS:001164169600001,View Full Record in Web of Science
J,"Stulp, F; Theodorou, EA; Schaal, S",,,,"Stulp, Freek; Theodorou, Evangelos A.; Schaal, Stefan",,,Reinforcement Learning With Sequences of Motion Primitives for Robust Manipulation,IEEE TRANSACTIONS ON ROBOTICS,,,,,,,,,,,,,,,,,,,,,,,,,,,,,,,1552-3098,1941-0468,,,,DEC,2012,28,6,,,,,1360,1370,,10.1109/TRO.2012.2210294,http://dx.doi.org/10.1109/TRO.2012.2210294,,,,,,,,,,,,,WOS:000312104400012,View Full Record in Web of Science
J,"Sun, D; Liao, QF; Loutfi, A",,,,"Sun, Da; Liao, Qianfang; Loutfi, Amy",,,Type-2 Fuzzy Model-Based Movement Primitives for Imitation Learning,IEEE TRANSACTIONS ON ROBOTICS,,,,,,,,,,,,,,,,,"SUN, DA/HZI-4173-2023; Loutfi, Amy/R-7032-2019","Sun, Da/0000-0002-0334-2554; LIAO, QIANFANG/0000-0001-8119-0843; Loutfi, Amy/0000-0002-3122-693X",,,,,,,,,,,,,1552-3098,1941-0468,,,,AUG,2022,38,4,,,,,2462,2480,,10.1109/TRO.2022.3152685,http://dx.doi.org/10.1109/TRO.2022.3152685,,MAR 2022,,,,,,,,,,,WOS:000767854700001,View Full Record in Web of Science
J,"Zhang, RY; Chen, JH; Wang, ZY; Yang, ZQ; Ren, YX; Shi, PL; Calo, J; Lam, K; Purkayastha, S; Lo, BY",,,,"Zhang, Ruiyang; Chen, Junhong; Wang, Zeyu; Yang, Ziqi; Ren, Yunxiao; Shi, Peilun; Calo, James; Lam, Kyle; Purkayastha, Sanjay; Lo, Benny",,,A Step Towards Conditional Autonomy-Robotic Appendectomy,IEEE ROBOTICS AND AUTOMATION LETTERS,,,,,,,,,,,,,,,,,"ren, yun/HJA-4248-2022; wang, zeyu/GQQ-5965-2022; Lo, Benny/F-2155-2015","Lam, Kyle/0000-0001-6407-4912; Calo, James/0000-0002-7321-1840; Lo, Benny/0000-0002-5080-108X; Chen, Junhong/0009-0000-9122-4859",,,,,,,,,,,,,2377-3766,,,,,MAY,2023,8,5,,,,,2429,2436,,10.1109/LRA.2023.3254859,http://dx.doi.org/10.1109/LRA.2023.3254859,,,,,,,,,,,,,WOS:000953696700002,View Full Record in Web of Science
J,"Wang, N; Chen, CZ; Yang, CG",,,,"Wang, Ning; Chen, Chuize; Yang, Chenguang",,,A robot learning framework based on adaptive admittance control and generalizable motion modeling with neural network controller,NEUROCOMPUTING,,,,,,,,,,,,,,,,,"Yang, Chenguang/AAJ-2509-2020","Yang, Chenguang/0000-0001-5255-5559",,,,,,,,,,,,,0925-2312,1872-8286,,,,MAY 21,2020,390,,,,,,260,267,,10.1016/j.neucom.2019.04.100,http://dx.doi.org/10.1016/j.neucom.2019.04.100,,,,,,,,,,,,,WOS:000531728800006,View Full Record in Web of Science
C,"Kawano, H",,"Okamura, A; Menciassi, A; Ude, A; Burschka, D; Lee, D; Arrichiello, F; Liu, H; Moon, H; Neira, J; Sycara, K; Yokoi, K; Martinet, P; Oh, P; Valdastri, P; Krovi, V",,"Kawano, Hiroshi",,,Full-resolution Reconfiguration Planning for Heterogeneous Cube-shaped Modular Robots with only Sliding Motion Primitive,2016 IEEE INTERNATIONAL CONFERENCE ON ROBOTICS AND AUTOMATION (ICRA),IEEE International Conference on Robotics and Automation ICRA,,,,IEEE International Conference on Robotics and Automation (ICRA),"MAY 16-21, 2016","Royal Inst Technol, Ctr Autonomous Syst, Stockholm, SWEDEN","IEEE,IEEE Robot & Automat Soc,ABB,DJI,KUKA,Husqvarna,iRobot,Khalifa Univ,Kinova Univ,MOOG,PAL Robot,UBER,Amazon","Royal Inst Technol, Ctr Autonomous Syst",,,,,,,,,,,,,,,,,,,,,,1050-4729,2577-087X,978-1-4673-8026-3,,,,2016,,,,,,,5222,5229,,,,,,,,,,,,,,,,WOS:000389516204066,View Full Record in Web of Science
J,"Zhou, T; Lyu, E; Cen, GD; Zha, ZQ; Qi, SM; Wang, JL; Meng, MQH",,,,"Zhou, Tong; Lyu, Erli; Cen, Guangdu; Zha, Ziqi; Qi, Senmao; Wang, Jiaole; Meng, Max Q. -H.",,,Towards High Efficient Long-Horizon Planning With Expert-Guided Motion-Encoding Tree Search,IEEE ROBOTICS AND AUTOMATION LETTERS,,,,,,,,,,,,,,,,,"meng, meng/GWZ-7461-2022; wang, jiale/GPX-1361-2022","Meng, Max Q.-H./0000-0002-5255-5898",,,,,,,,,,,,,2377-3766,,,,,JUL,2024,9,7,,,,,6272,6279,,10.1109/LRA.2024.3401683,http://dx.doi.org/10.1109/LRA.2024.3401683,,,,,,,,,,,,,WOS:001235498200004,View Full Record in Web of Science
C,"Zhou, HY; Jiang, YW; Gao, S; Wang, SY; Kazanzides, P; Fischer, GS",,,IEEE,"Zhou, Haoying; Jiang, Yiwei; Gao, Shang; Wang, Shiyue; Kazanzides, Peter; Fischer, Gregory S.",,,Suturing Tasks Automation Based on Skills Learned From Demonstrations: A Simulation Study,"2024 INTERNATIONAL SYMPOSIUM ON MEDICAL ROBOTICS, ISMR 2024",International Symposium on Medical Robotics,,,,International Symposium on Medical Robotics (ISMR),"JUN 03-05, 2024","Atlanta, GA",IEEE,,,,,,,,,"Kazanzides, Peter/A-3358-2010","Gao, Shang/0000-0001-9921-7899",,,,,,,,,,,,,2831-3690,2771-9049,979-8-3503-7711-8; 979-8-3503-7712-5,,,,2024,,,,,,,,,,10.1109/ISMR63436.2024.10586017,http://dx.doi.org/10.1109/ISMR63436.2024.10586017,,,,,,,,,,,,,WOS:001270850300034,View Full Record in Web of Science
J,"Angulo, B; Panov, A; Yakovlev, K",,,,"Angulo, Brian; Panov, Aleksandr; Yakovlev, Konstantin",,,Policy Optimization to Learn Adaptive Motion Primitives in Path Planning With Dynamic Obstacles,IEEE ROBOTICS AND AUTOMATION LETTERS,,,,,,,,,,,,,,,,,"Angulo Yauri, Brian Florian/KAZ-9767-2024; Yakovlev, Konstantin/J-5636-2015; Panov, Aleksandr I./L-9171-2013","Angulo Yauri, Brian Florian/0000-0003-1722-7220; Yakovlev, Konstantin/0000-0002-4377-321X; Panov, Aleksandr I./0000-0002-9747-3837",,,,,,,,,,,,,2377-3766,,,,,FEB,2023,8,2,,,,,824,831,,10.1109/LRA.2022.3233261,http://dx.doi.org/10.1109/LRA.2022.3233261,,,,,,,,,,,,,WOS:000910168800001,View Full Record in Web of Science
J,"Zhao, H; Powell, MJ; Ames, AD",,,,"Zhao, H.; Powell, M. J.; Ames, A. D.",,,Human-inspired motion primitives and transitions for bipedal robotic locomotion in diverse terrain,OPTIMAL CONTROL APPLICATIONS & METHODS,,,,,,,,,,,,,,,,,,"Ames, Aaron/0000-0003-0848-3177",,,,,,,,,,,,,0143-2087,1099-1514,,,,NOV-DEC,2014,35,6,,,,,730,755,,10.1002/oca.2099,http://dx.doi.org/10.1002/oca.2099,,,,,,,,,,,,,WOS:000343822500007,View Full Record in Web of Science
J,"Zhao, J; Wang, CY; Xie, BY",,,,"Zhao, Jing; Wang, Chengyun; Xie, Biyun",,,Human-like motion planning of robotic arms based on human arm motion patterns,ROBOTICA,,,,,,,,,,,,,,,,,,"Wang, Chengyun/0000-0002-4027-1206; Xie, Biyun/0000-0003-0538-1466",,,,,,,,,,,,,0263-5747,1469-8668,,,,JAN,2023,41,1,,,,,259,276,PII S0263574722001278,10.1017/S0263574722001278,http://dx.doi.org/10.1017/S0263574722001278,,,,,,,,,,,,,WOS:000975729800001,View Full Record in Web of Science
S,"Yu, X; Yang, SX",,"Xiang, Y; ChaibDraa, B",,"Yu, X; Yang, SX",,,Motion recognition from video sequences,"ADVANCES IN ARTIFICIAL INTELLIGENCE, PROCEEDINGS",LECTURE NOTES IN ARTIFICIAL INTELLIGENCE,,,,16th Conference of the Canadian-Society-for-Computational-Studies-of-Intelligence,"JUN 11-13, 2003","HALIFAX, CANADA","Canadian Soc Computat Studies Intelligence,Natl Res Council Canada",,,,,,,,,"Yang, Simon X./A-4399-2008","Yang, Simon X./0000-0002-6888-7993",,,,,,,,,,,,,0302-9743,,3-540-40300-0,,,,2003,2671,,,,,,532,536,,,,,,,,,,,,,,,,WOS:000184853500044,View Full Record in Web of Science
J,"Liu, HK; Zhu, YN; Kato, K; Tsukahara, A; Kondo, I; Aoyama, T; Hasegawa, Y",,,,"Liu, Haokun; Zhu, Yaonan; Kato, Kenji; Tsukahara, Atsushi; Kondo, Izumi; Aoyama, Tadayoshi; Hasegawa, Yasuhisa",,,Enhancing the LLM-Based Robot Manipulation Through Human-Robot Collaboration,IEEE ROBOTICS AND AUTOMATION LETTERS,,,,,,,,,,,,,,,,,"Hasegawa, Yasuhisa/AAE-6062-2019; Aoyama, Tadayoshi/D-8423-2012","Kato, Kenji/0000-0002-9417-6685; Hasegawa, Yasuhisa/0000-0001-9917-098X; HAOKUN, LIU/0009-0009-9018-3720; Zhu, Yaonan/0000-0002-2806-014X; Aoyama, Tadayshi/0000-0001-7860-0725",,,,,,,,,,,,,2377-3766,,,,,AUG,2024,9,8,,,,,6904,6911,,10.1109/LRA.2024.3415931,http://dx.doi.org/10.1109/LRA.2024.3415931,,,,,,,,,,,,,WOS:001256416500006,View Full Record in Web of Science
C,"Colomé, A; Neumann, G; Peters, J; Torras, C",,,IEEE,"Colome, Adria; Neumann, Gerhard; Peters, Jan; Torras, Carme",,,Dimensionality Reduction for Probabilistic Movement Primitives,2014 14TH IEEE-RAS INTERNATIONAL CONFERENCE ON HUMANOID ROBOTS (HUMANOIDS),IEEE-RAS International Conference on Humanoid Robots,,,,14th IEEE-RAS International Conference on Humanoid Robots (Humanoids),"NOV 18-20, 2014","Madrid, SPAIN",IEEE RAS,,,,,,,,,"Peters, Jan/D-5068-2009; Torras, Carme/M-1794-2014","Torras, Carme/0000-0002-2933-398X",,,,,,,,,,,,,2164-0572,,978-1-4799-7174-9,,,,2014,,,,,,,794,800,,,,,,,,,,,,,,,,WOS:000392843800127,View Full Record in Web of Science
C,"Calinan, S; Li, ZB; Alizadeh, T; Tsagarakis, NG; Caldwell, DG",,,IEEE,"Calinan, Sylvain; Li, Zhibin; Alizadeh, Tahid; Tsagarakis, Nikas G.; Caldwell, Darwin G.",,,Statistical dynamical systems for skills acquisition in humanoids,2012 12TH IEEE-RAS INTERNATIONAL CONFERENCE ON HUMANOID ROBOTS (HUMANOIDS),IEEE-RAS International Conference on Humanoid Robots,,,,12th IEEE-RAS International Conference on Humanoid Robots (Humanoids),"NOV 29-DEC 01, 2012","Osaka, JAPAN",IEEE RAS,,,,,,,,,"Caldwell, Darwin/E-9954-2018; Calinon, Sylvain/I-7606-2014; zhibin, Li/GQH-6384-2022; Alizadeh, Tohid/D-6155-2014","Alizadeh, Tohid/0000-0002-9717-3009; Caldwell, Darwin/0000-0002-6233-9961; CALINON, Sylvain/0000-0002-9036-6799",,,,,,,,,,,,,2164-0572,,978-1-4673-1369-8,,,,2012,,,,,,,323,329,,,,,,,,,,,,,,,,WOS:000392842100049,View Full Record in Web of Science
J,"Paraschos, A; Lioutikov, R; Peters, J; Neumann, G",,,,"Paraschos, Alexandros; Lioutikov, Rudolf; Peters, Jan; Neumann, Gerhard",,,Probabilistic Prioritization of Movement Primitives,IEEE ROBOTICS AND AUTOMATION LETTERS,,,,,,,,,,,,,,,,,"Peters, Jan/D-5068-2009",,,,,,,,,,,,,,2377-3766,,,,,OCT,2017,2,4,,,,,2294,2301,,10.1109/LRA.2017.2725440,http://dx.doi.org/10.1109/LRA.2017.2725440,,,,,,,,,,,,,WOS:000413741800061,View Full Record in Web of Science
J,"Liu, AD; Zhan, SW; Jin, ZH; Zhang, WA",,,,"Liu, Andong; Zhan, Shuwen; Jin, Zhehao; Zhang, Wen-An",,,A Variable Impedance Skill Learning Algorithm Based on Kernelized Movement Primitives,IEEE TRANSACTIONS ON INDUSTRIAL ELECTRONICS,,,,,,,,,,,,,,,,,"Jin, Zhehao/HOA-7661-2023","Zhang, Wen-An/0000-0002-4355-2783",,,,,,,,,,,,,0278-0046,1557-9948,,,,JAN,2024,71,1,,,,,870,879,,10.1109/TIE.2023.3250746,http://dx.doi.org/10.1109/TIE.2023.3250746,,,,,,,,,,,,,WOS:001037241000081,View Full Record in Web of Science
C,"Reiner, B; Ertel, W; Posenauer, H; Schneider, M",,,IEEE,"Reiner, Benjamin; Ertel, Wolfgang; Posenauer, Heiko; Schneider, Markus",,,LAT: A Simple Learning from Demonstration Method,2014 IEEE/RSJ INTERNATIONAL CONFERENCE ON INTELLIGENT ROBOTS AND SYSTEMS (IROS 2014),IEEE International Conference on Intelligent Robots and Systems,,,,IEEE/RSJ International Conference on Intelligent Robots and Systems (IROS),"SEP 14-18, 2014","Chicago, IL","IEEE,Robot Soc Japan,RA,SICE,IES,New Technol Fdn",,,,,,,,,"Ertel, Wolfgang/HSH-3041-2023","Ertel, Wolfgang/0009-0005-8967-3766",,,,,,,,,,,,,2153-0858,,978-1-4799-6934-0,,,,2014,,,,,,,4436,4441,,,,,,,,,,,,,,,,WOS:000349834604082,View Full Record in Web of Science
C,"Wang, JY; Payandeh, S",,"Bebis, G; Boyle, R; Parvin, B; Koracin, D; Pavlidis, I; Feris, R; McGraw, T; Elendt, M; Kopper, R; Ragan, E; Ye, Z; Weber, G",,"Wang, Jingya; Payandeh, Shahram",,,A Study of Hand Motion/Posture Recognition in Two-Camera Views,"ADVANCES IN VISUAL COMPUTING, PT II (ISVC 2015)",Lecture Notes in Computer Science,,,,11th International Symposium on Visual Computing (ISVC),"DEC 14-16, 2015","Las Vegas, NV","UNR,Desert Res Inst,LBNL,NASA Ames,BAE Syst,Intel,Ford,Hewlett Packard,Mitsubishi Elec Res Labs,Toyota,Gen Elect,Berkeley Lab",,,,,,,,,"Payandeh, Shahram/IZQ-1865-2023",,,,,,,,,,,,,,0302-9743,1611-3349,978-3-319-27863-6; 978-3-319-27862-9,,,,2015,9475,,,,,,314,323,,10.1007/978-3-319-27863-6_29,http://dx.doi.org/10.1007/978-3-319-27863-6_29,,,,,,,,,,,,,WOS:000376401000029,View Full Record in Web of Science
C,"Pivtoraiko, M; Kelly, A",,,IEEE,"Pivtoraiko, Mihail; Kelly, Alonzo",,,Kinodynamic Motion Planning with State Lattice Motion Primitives,2011 IEEE/RSJ INTERNATIONAL CONFERENCE ON INTELLIGENT ROBOTS AND SYSTEMS,IEEE International Conference on Intelligent Robots and Systems,,,,IEEE/RSJ International Conference on Intelligent Robots and Systems,"SEP 25-30, 2011","San Francisco, CA","IEEE,Robot Soc Japan (RSJ),BOSCH,HONDA,KUKA,SRI Int,ABB,Willow Garage,ALDEBARAN,Google,INTUITIVE Surg,SCHUNK,IEEE Ind Elect Soc (IES),Soc Instrument & Control Engineers (SICE),New Technol Fdn (NTF),IEEE Robot & Automat Soc (RAS),Inst Control, Robto & Syst (ICROS)",,,,,,,,,,,,,,,,,,,,,,,2153-0858,,978-1-61284-455-8,,,,2011,,,,,,,,,,,,,,,,,,,,,,,,WOS:000297477502080,View Full Record in Web of Science
C,"Chen, DP; He, JL; Chen, GY; Yu, XP; He, ML; Yang, YW; Li, JS; Zhou, XY",,,IEEE,"Chen, Dingping; He, Jilin; Chen, Guanyu; Yu, Xiaopeng; He, Miaolei; Yang, Youwen; Li, Junsong; Zhou, Xuanyi",,,Human-robot skill transfer systems for mobile robot based on multi sensor fusion,2020 29TH IEEE INTERNATIONAL CONFERENCE ON ROBOT AND HUMAN INTERACTIVE COMMUNICATION (RO-MAN),IEEE RO-MAN,,,,29th IEEE International Conference on Robot and Human Interactive Communication (IEEE RO-MAN),"AUG 31-SEP 04, 2020",ELECTR NETWORK,"IEEE,IEEE Robot & Automat Soc,Robot Soc Japan,Korean Robot Soc,Furhat Robot,EurAi,Assoc Italiana Lingusitica Computazionale,Assoc Italiana Scienze Voce,Springer,Robotics",,,,,,,,,"Yu, Xiaopeng/W-9679-2019; Chen, Guanyu/U-6514-2019; he, jilin/JEP-0002-2023; ZHOU, Xuanyi/N-1033-2015","Zhou, Xuanyi/0000-0001-9584-9426",,,,,,,,,,,,,1944-9445,,978-1-7281-6075-7,,,,2020,,,,,,,1354,1359,,,,,,,,,,,,,,,,WOS:000598571700197,View Full Record in Web of Science
J,"Su, H; Mariani, A; Ovur, SE; Menciassi, A; Ferrigno, G; De Momi, E",,,,"Su, Hang; Mariani, Andrea; Ovur, Salih Ertug; Menciassi, Arianna; Ferrigno, Giancarlo; De Momi, Elena",,,Toward Teaching by Demonstration for Robot-Assisted Minimally Invasive Surgery,IEEE TRANSACTIONS ON AUTOMATION SCIENCE AND ENGINEERING,,,,,,,,,,,,,,,,,"OVUR, Salih Ertug/AAW-6009-2021; Ferrigno, Giancarlo/JBJ-7692-2023; Su, Hang/Z-1713-2019; DE MOMI, ELENA/D-7375-2016; Ferrigno, Giancarlo/O-5833-2015","menciassi, arianna/0000-0001-6348-1081; DE MOMI, ELENA/0000-0002-8819-2734; Ferrigno, Giancarlo/0000-0001-5913-9451; Mariani, Andrea/0000-0002-9606-7378",,,,,,,,,,,,,1545-5955,1558-3783,,,,APR,2021,18,2,,,,,484,494,,10.1109/TASE.2020.3045655,http://dx.doi.org/10.1109/TASE.2020.3045655,,,,,,,,,,,,,WOS:000638401500010,View Full Record in Web of Science
J,"Lu, ZY; Wang, N; Li, QC; Yang, CG",,,,"Lu, Zhenyu; Wang, Ning; Li, Qinchuan; Yang, Chenguang",,,A trajectory and force dual-incremental robot skill learning and generalization framework using improved dynamical movement primitives and adaptive neural network control,NEUROCOMPUTING,,,,,,,,,,,,,,,,,"lu, zhenyu/AAH-5454-2019; Yang, Chenguang/AAJ-2509-2020","Yang, Chenguang/0000-0001-5255-5559; zhenyu, lu/0000-0002-5446-7285",,,,,,,,,,,,,0925-2312,1872-8286,,,,FEB 7,2023,521,,,,,,146,159,,10.1016/j.neucom.2022.11.076,http://dx.doi.org/10.1016/j.neucom.2022.11.076,,DEC 2022,,,,,,,,,,,WOS:000905138700013,View Full Record in Web of Science
C,"Huang, HF; Zeng, C; Xu, S; Yang, CG",,,IEEE,"Huang, Haifeng; Zeng, Chao; Xu, Sheng; Yang, Chenguang",,,Skill Generalization for Dual-Arm Robot Flipping Manipulation Using OLC-DMP Method,2022 INTERNATIONAL CONFERENCE ON ADVANCED ROBOTICS AND MECHATRONICS (ICARM 2022),,,,,7th IEEE International Conference on Advanced Robotics and Mechatronics,"JUL 09-11, 2022","Guilin, PEOPLES R CHINA","Guangxi Univ,Foshan Univ,So Univ Sci & Technol,IEEE Robot & Automat Soc,IEEE Syst Man & Cybernet Soc,IEEE RAS Tech Comm Neuro Robot Syst,IEEE SMC Tech Comm Bio Mechatron & Bio Robot Syst,Chinese Assoc Automat, Tech Comm Robot Intelligence,Beijing Inst Technol Press,MDPI, Machines,Springer,MDPI, Actuators,Gaitech Robot,Beijing Nokov Sci & Technol Co Ltd",,,,,,,,,"huang, haifeng/G-9256-2012; Yang, Chenguang/ABE-7755-2020","Yang, Chenguang/0000-0001-5255-5559",,,,,,,,,,,,,,,978-1-6654-8306-3,,,,2022,,,,,,,477,482,,10.1109/ICARM54641.2022.9959121,http://dx.doi.org/10.1109/ICARM54641.2022.9959121,,,,,,,,,,,,,WOS:000926398000078,View Full Record in Web of Science
C,"Luo, RC; Mai, LC",,,IEEE,"Luo, Ren C.; Mai, Licong",,,Dual-Filtering for On-Line Simultaneously Estimate Weights and Phase Parameter of Probabilistic Movement Primitives for Human-Robot Collaboration,2021 IEEE/RSJ INTERNATIONAL CONFERENCE ON INTELLIGENT ROBOTS AND SYSTEMS (IROS),IEEE International Conference on Intelligent Robots and Systems,,,,IEEE/RSJ International Conference on Intelligent Robots and Systems (IROS),"SEP 27-OCT 01, 2021",ELECTR NETWORK,"IEEE,RSJ",,,,,,,,,,,,,,,,,,,,,,,2153-0858,,978-1-6654-1714-3,,,,2021,,,,,,,784,790,,10.1109/IROS51168.2021.9636654,http://dx.doi.org/10.1109/IROS51168.2021.9636654,,,,,,,,,,,,,WOS:000755125500078,View Full Record in Web of Science
J,"Takamatsu, J; Ogawara, K; Kimura, H; Ikeuchi, K",,,,"Takamatsu, Jun; Ogawara, Koichi; Kimura, Hiroshi; Ikeuchi, Katsushi",,,Recognizing assembly tasks through human demonstration,INTERNATIONAL JOURNAL OF ROBOTICS RESEARCH,,,,,,,,,,,,,,,,,,,,,,,,,,,,,,,0278-3649,1741-3176,,,,JUL,2007,26,7,,,,,641,659,,10.1177/0278364907080736,http://dx.doi.org/10.1177/0278364907080736,,,,,,,,,,,,,WOS:000247914900002,View Full Record in Web of Science
C,"Moon, Y; Bae, J; Yim, M; Seo, T",,,IEEE,"Moon, Yecheol; Bae, Jangho; Yim, Mark; Seo, TaeWon",,,Simulation Study on the Locomotion Algorithm of Variable Topology Truss Robot based on Motion Primitives,2022 19TH INTERNATIONAL CONFERENCE ON UBIQUITOUS ROBOTS (UR),,,,,19th International Conference on Ubiquitous Robots (UR),"JUL 04-06, 2022","Jeju, SOUTH KOREA",,,,,,,,,,,,,,,,,,,,,,,,,,978-1-6654-8253-0,,,,2022,,,,,,,219,224,,10.1109/UR55393.2022.9826275,http://dx.doi.org/10.1109/UR55393.2022.9826275,,,,,,,,,,,,,WOS:000922068300035,View Full Record in Web of Science
J,"Sun, YH; Hu, JP; Peng, ZA; Ghosh, BK",,,,"Sun, Yaohui; Hu, Jiangping; Peng, Zhinan; Ghosh, Bijoy K.",,,Hierarchical critic learning optimal control for lower limb exoskeleton robots with prescribed constraints,INTERNATIONAL JOURNAL OF ROBUST AND NONLINEAR CONTROL,,,,,,,,,,,,,,,,,"sun, yaohui/KUD-6980-2024; Hu, Jiangping/G-6897-2011","Sun, yaohui/0000-0002-0078-6459; Hu, Jiangping/0000-0002-7559-8604",,,,,,,,,,,,,1049-8923,1099-1239,,,,FEB,2024,34,3,,,,,2162,2183,,10.1002/rnc.7075,http://dx.doi.org/10.1002/rnc.7075,,NOV 2023,,,,,,,,,,,WOS:001093860400001,View Full Record in Web of Science
J,"Liu, ZM; Ai, QS; Liu, HJ; Meng, W; Liu, Q",,,,"Liu, Zemin; Ai, Qingsong; Liu, Haojie; Meng, Wei; Liu, Quan",,,Human-Like Trajectory Planning Based on Postural Synergistic Kernelized Movement Primitives for Robot-Assisted Rehabilitation,IEEE TRANSACTIONS ON HUMAN-MACHINE SYSTEMS,,,,,,,,,,,,,,,,,"Meng, Wei/V-5855-2019; liu, haojie/AAQ-8201-2021","Zemin, Liu/0000-0002-2261-2812; Ai, Qingsong/0000-0003-4283-2289",,,,,,,,,,,,,2168-2291,2168-2305,,,,APR,2024,54,2,,,,,152,161,,10.1109/THMS.2024.3360111,http://dx.doi.org/10.1109/THMS.2024.3360111,,FEB 2024,,,,,,,,,,,WOS:001178969500001,View Full Record in Web of Science
J,"Wang, LK; Chen, CF; Dong, W; Du, ZJ; Shen, Y; Zhao, GY",,,,"Wang, Likun; Chen, Chaofeng; Dong, Wei; Du, Zhijiang; Shen, Yi; Zhao, Guangyu",,,Locomotion Stability Analysis of Lower Extremity Augmentation Device,JOURNAL OF BIONIC ENGINEERING,,,,,,,,,,,,,,,,,"Dong, Wei/J-5171-2013; Shen, Yi/GRS-3602-2022",,,,,,,,,,,,,,1672-6529,2543-2141,,,,JAN,2019,16,1,,,,,99,114,,10.1007/s42235-019-0010-y,http://dx.doi.org/10.1007/s42235-019-0010-y,,,,,,,,,,,,,WOS:000455921700010,View Full Record in Web of Science
C,"Si, WY; Yue, TQ; Guan, Y; Wang, N; Yang, CG",,,IEEE,"Si, Weiyong; Yue, Tianqi; Guan, Yuan; Wang, Ning; Yang, Chenguang",,,A Novel Robot Skill Learning Framework Based on Bilateral Teleoperation,2022 IEEE 18TH INTERNATIONAL CONFERENCE ON AUTOMATION SCIENCE AND ENGINEERING (CASE),IEEE International Conference on Automation Science and Engineering,,,,IEEE 18th International Conference on Automation Science and Engineering (IEEE CASE),"AUG 20-24, 2022","Mexico City, MEXICO",IEEE,,,,,,,,,"Yang, Chenguang/ABE-7755-2020; SI, WEIYONG/KIB-2268-2024","Si, Weiyong/0000-0003-4531-2596; Yang, Chenguang/0000-0001-5255-5559",,,,,,,,,,,,,2161-8070,,978-1-6654-9042-9,,,,2022,,,,,,,758,763,,10.1109/CASE49997.2022.9926526,http://dx.doi.org/10.1109/CASE49997.2022.9926526,,,,,,,,,,,,,WOS:000927622400084,View Full Record in Web of Science
J,"Jenkins, OC; Serrano, GG; Loper, MM",,,,"Jenkins, Odest Chadwicke; Serrano, German Gonzalez; Loper, Matthew M.",,,Interactive human pose and action recognition using dynamical motion primitives,INTERNATIONAL JOURNAL OF HUMANOID ROBOTICS,,,,,,,,,,,,,,,,,"Gonzalez, German/G-8677-2019","Gonzalez, German/0000-0001-9694-0766",,,,,,,,,,,,,0219-8436,1793-6942,,,,JUN,2007,4,2,,,,,365,385,,10.1142/S0219843607001060,http://dx.doi.org/10.1142/S0219843607001060,,,,,,,,,,,,,WOS:000249759700007,View Full Record in Web of Science
J,"Shao, XM; Xie, L; Li, WQ; Liu, CJ",,,,"Shao, Xingmao; Xie, Lun; Li, Weiqiang; Liu, Chenjun",,,Robot teleoperation assisted by composite virtual fixtures in dynamic environment,INDUSTRIAL ROBOT-THE INTERNATIONAL JOURNAL OF ROBOTICS RESEARCH AND APPLICATION,,,,,,,,,,,,,,,,,"Li, Weiqiang/JHU-9143-2023",,,,,,,,,,,,,,0143-991X,1758-5791,,,,2024 DEC 12,2024,,,,,,,,,,10.1108/IR-10-2024-0473,http://dx.doi.org/10.1108/IR-10-2024-0473,,DEC 2024,,,,,,,,,,,WOS:001373346900001,View Full Record in Web of Science
J,"Weitschat, R; Aschemann, H",,,,"Weitschat, Roman; Aschemann, Harald",,,Safe and Efficient Human-Robot Collaboration Part II: Optimal Generalized Human-in-the-Loop Real-Time Motion Generation,IEEE ROBOTICS AND AUTOMATION LETTERS,,,,,,,,,,,,,,,,,,"Weitschat, Roman/0000-0002-3871-5306",,,,,,,,,,,,,2377-3766,,,,,OCT,2018,3,4,,,,,3781,3788,,10.1109/LRA.2018.2856531,http://dx.doi.org/10.1109/LRA.2018.2856531,,,,,,,,,,,,,WOS:000441444700014,View Full Record in Web of Science
C,"Lee, B; Lee, Y; Kim, S; Son, M; Park, FC",,"Tan, J; Toussaint, M; Darvish, K",,"Lee, Byeongho; Lee, Yonghyeon; Kim, Seungyeon; Son, Minjun; Park, Frank C.",,,Equivariant Motion Manifold Primitives,"CONFERENCE ON ROBOT LEARNING, VOL 229",Proceedings of Machine Learning Research,,,,7th Conference on Robot Learning (CoRL),"NOV 06-09, 2023","Atlanta, GA",,,,,,,,,,,,,,,,,,,,,,,,2640-3498,,,,,,2023,229,,,,,,,,,,,,,,,,,,,,,,,WOS:001221201501013,View Full Record in Web of Science
J,"Chen, ZY; Fan, K",,,,"Chen, Ziyang; Fan, Ke",,,An online trajectory guidance framework via imitation learning and interactive feedback in robot-assisted surgery,NEURAL NETWORKS,,,,,,,,,,,,,,,,,,,,,,,,,,,,,,,0893-6080,1879-2782,,,,MAY,2025,185,,,,,,,,107197,10.1016/j.neunet.2025.107197,http://dx.doi.org/10.1016/j.neunet.2025.107197,,,,,,,,39919525,,,,,WOS:001423844000001,View Full Record in Web of Science
J,"Zhang, X; Li, JH; Qi, W; Zhou, XY; Hu, YB; Quan, H; Wang, Z",,,,"Zhang, Xin; Li, Jiehao; Qi, Wen; Zhou, Xuanyi; Hu, Yingbai; Quan, Hao; Wang, Zhen",,,A Novel Human-Like Control Framework for Mobile Medical Service Robot,COMPLEXITY,,,,,,,,,,,,,,,,,"qi, wen/AAE-5175-2022; ZHOU, Xuanyi/N-1033-2015; Zhang, Xinlei/AAL-8246-2020","Li, Jiehao/0000-0002-4946-4434; Hu, Yingbai/0000-0003-2452-3570; Zhou, Xuanyi/0000-0001-9584-9426; Quan, Hao/0000-0002-1107-0069",,,,,,,,,,,,,1076-2787,1099-0526,,,,OCT 27,2020,2020,,,,,,,,2905841,10.1155/2020/2905841,http://dx.doi.org/10.1155/2020/2905841,,,,,,,,,,,,,WOS:000591012100001,View Full Record in Web of Science
C,"Hung, PN; Yoshimi, T",,,IEEE,"Pham Ngoc Hung; Yoshimi, Takashi",,,Programming Everyday Task Using Primitive Skills and Generative Model of Movement Demonstrated by Human,2017 INTERNATIONAL CONFERENCE ON ADVANCED ROBOTICS AND INTELLIGENT SYSTEMS (ARIS),International Conference on Advanced Robotics and Intelligent Systems,,,,International Conference on Advanced Robotics and Intelligent Systems (ARIS),"SEP 06-08, 2017","Robot Soc Taiwan, Taipei, TAIWAN","Natl Chung Hsing Univ,IEEE Syst Man & Cybernet Soc,Minist Sci & Technol,Minist Econ Affairs, Bur Foreign Trade,Taiwan Automat Intelligence & Robot Assoc,Korea Robot Soc,IEEE Robot & Automat Soc,Int Fuzzy Syst Assoc,Chinese Automat Control Soc",Robot Soc Taiwan,,,,,,,,,,,,,,,,,,,,,,2374-3255,,978-1-5386-2419-7,,,,2017,,,,,,,26,32,,,,,,,,,,,,,,,,WOS:000455110300008,View Full Record in Web of Science
C,"Han, CR; Zhang, LE; Yang, Z",,,IEEE,"Han, Chirui; Zhang, Lue; Yang, Zhan",,,Motor Skills Learning for CNT Pick-up of Micro-Nano Robotic Manipulator in SEM,2021 IEEE 21ST INTERNATIONAL CONFERENCE ON NANOTECHNOLOGY (IEEE NANO 2021),IEEE International Conference on Nanotechnology,,,,21st IEEE International Conference on Nanotechnology (IEEE NANO),"JUL 28-30, 2021",ELECTR NETWORK,IEEE,,,,,,,,,"Yang, Zhan/GQG-9995-2022",,,,,,,,,,,,,,1944-9399,1944-9380,978-1-6654-4156-8,,,,2021,,,,,,,217,220,,10.1109/NANO51122.2021.9514297,http://dx.doi.org/10.1109/NANO51122.2021.9514297,,,,,,,,,,,,,WOS:000702270900042,View Full Record in Web of Science
J,"Guan, XQ; Hu, T; Zhang, Z; Wang, YX; Liu, YF; Wang, Y; Hao, J; Li, G",,,,"Guan, Xiaoqing; Hu, Tao; Zhang, Ziang; Wang, Yixu; Liu, Yifan; Wang, You; Hao, Jie; Li, Guang",,,Multi-layer perceptron-particle swarm optimization: A lightweight optimization algorithm for the model predictive control local planner,INTERNATIONAL JOURNAL OF ADVANCED ROBOTIC SYSTEMS,,,,,,,,,,,,,,,,,"Hu, Tao/JOZ-6744-2023; 李, 光灿/IYS-1526-2023; Wang, Yixu/AAE-3686-2022",", WANG/0000-0003-0665-0736",,,,,,,,,,,,,1729-8814,,,,,NOV,2024,21,6,,,,,,,1.72988062413016E+016,10.1177/17298806241301581,http://dx.doi.org/10.1177/17298806241301581,,,,,,,,,,,,,WOS:001372077900001,View Full Record in Web of Science
J,"Luo, J; Liu, WB; Qi, W; Hu, JW; Chen, JM; Yang, CG",,,,"Luo, Jing; Liu, Weibin; Qi, Wen; Hu, Jianwen; Chen, Junming; Yang, Chenguang",,,A vision-based virtual fixture with robot learning for teleoperation,ROBOTICS AND AUTONOMOUS SYSTEMS,,,,,,,,,,,,,,,,,"Chen, JunMing/IRZ-3794-2023; Yang, Chenguang/AAJ-2509-2020","Luo, Jing/0000-0003-0646-743X; Yang, Chenguang/0000-0001-5255-5559",,,,,,,,,,,,,0921-8890,1872-793X,,,,JUN,2023,164,,,,,,,,104414,10.1016/j.robot.2023.104414,http://dx.doi.org/10.1016/j.robot.2023.104414,,APR 2023,,,,,,,,,,,WOS:000972030400001,View Full Record in Web of Science
C,"Stark, S; Peters, J; Rueckert, E",,,IEEE,"Stark, Svenja; Peters, Jan; Rueckert, Elmar",,,Experience Reuse with Probabilistic Movement Primitives,2019 IEEE/RSJ INTERNATIONAL CONFERENCE ON INTELLIGENT ROBOTS AND SYSTEMS (IROS),IEEE International Conference on Intelligent Robots and Systems,,,,IEEE/RSJ International Conference on Intelligent Robots and Systems (IROS),"NOV 04-08, 2019","Macau, PEOPLES R CHINA","IEEE,RSJ",,,,,,,,,"Peters, Jan/D-5068-2009","Rueckert, Elmar/0000-0003-1221-8253",,,,,,,,,,,,,2153-0858,,978-1-7281-4004-9,,,,2019,,,,,,,1210,1217,,10.1109/iros40897.2019.8968545,http://dx.doi.org/10.1109/iros40897.2019.8968545,,,,,,,,,,,,,WOS:000544658401002,View Full Record in Web of Science
C,"Denisa, M; Schwaner, KL; Iturrate, I; Savarimuthu, TR",,,IEEE,"Denisa, Miha; Schwaner, Kim Lindberg; Iturrate, Inigo; Savarimuthu, Thiusius Rajeeth",,,Semi-Autonomous Cooperative Tasks in a Multi-Arm Robotic Surgical Domain,2021 20TH INTERNATIONAL CONFERENCE ON ADVANCED ROBOTICS (ICAR),,,,,20th International Conference on Advanced Robotics (ICAR),"DEC 07-10, 2021",ELECTR NETWORK,"IEEE Robot & Automat Soc,Jozef Stefan Inst,Univ Ljubljana, Fac Elect Engn,Univ Verona, Dept Comp Sci",,,,,,,,,"Schwaner, Kim/R-6881-2018; Deniša, Miha/AAE-5331-2019; Savarimuthu, Thiusius Rajeeth/J-7766-2015; Iturrate, Inigo/U-7913-2018","Savarimuthu, Thiusius Rajeeth/0000-0002-2478-8694; Iturrate, Inigo/0000-0001-7922-1946; Denisa, Miha/0000-0002-9478-4656; Schwaner, Kim/0000-0001-5296-3712",,,,,,,,,,,,,,,978-1-6654-3684-7,,,,2021,,,,,,,134,141,,10.1109/ICAR53236.2021.9659445,http://dx.doi.org/10.1109/ICAR53236.2021.9659445,,,,,,,,,,,,,WOS:000766318900021,View Full Record in Web of Science
C,"Batinica, A; Nemec, B; Ude, A; Rakovic, M; Gams, A",,,IEEE,"Batinica, Aleksandar; Nemec, Bojan; Ude, Ales; Rakovic, Mirko; Gams, Andrej",,,Compliant Movement Primitives in a Bimanual Setting,2017 IEEE-RAS 17TH INTERNATIONAL CONFERENCE ON HUMANOID ROBOTICS (HUMANOIDS),,,,,IEEE-RAS 17th International Conference on Humanoid Robotics (Humanoids),"NOV 15-17, 2017","Birmingham, ENGLAND","IEEE, RAS",,,,,,,,,"Ude, Aleš/ABB-7839-2020; Rakovic, Mirko/U-5860-2017","Gams, Andrej/0000-0002-9803-3593; Rakovic, Mirko/0000-0002-8818-2739",,,,,,,,,,,,,,,978-1-5386-4678-6,,,,2017,,,,,,,365,371,,,,,,,,,,,,,,,,WOS:000427350100052,View Full Record in Web of Science
C,"Mühlig, M; Hayashi, A; Gienger, M; Iba, S; Yoshiike, T",,,IEEE,"Muehlig, Manuel; Hayashi, Akinobu; Gienger, Michael; Iba, Soshi; Yoshiike, Takahide",,,Receding Horizon Optimization of Robot Motions generated by Hierarchical Movement Primitives,2014 IEEE/RSJ INTERNATIONAL CONFERENCE ON INTELLIGENT ROBOTS AND SYSTEMS (IROS 2014),IEEE International Conference on Intelligent Robots and Systems,,,,IEEE/RSJ International Conference on Intelligent Robots and Systems (IROS),"SEP 14-18, 2014","Chicago, IL","IEEE,Robot Soc Japan,RA,SICE,IES,New Technol Fdn",,,,,,,,,,,,,,,,,,,,,,,2153-0858,,978-1-4799-6934-0,,,,2014,,,,,,,129,135,,,,,,,,,,,,,,,,WOS:000349834600020,View Full Record in Web of Science
C,"Straizys, A; Burke, M; Ramamoorthy, S",,,IEEE,"Straizys, Arturas; Burke, Michael; Ramamoorthy, Subramanian",,,Surfing on an uncertain edge: Precision cutting of soft tissue using torque-based medium classification,2020 IEEE INTERNATIONAL CONFERENCE ON ROBOTICS AND AUTOMATION (ICRA),IEEE International Conference on Robotics and Automation ICRA,,,,IEEE International Conference on Robotics and Automation (ICRA),"MAY 31-JUN 15, 2020",ELECTR NETWORK,IEEE,,,,,,,,,,,,,,,,,,,,,,,1050-4729,2577-087X,978-1-7281-7395-5,,,,2020,,,,,,,4623,4629,,10.1109/icra40945.2020.9196623,http://dx.doi.org/10.1109/icra40945.2020.9196623,,,,,,,,,,,,,WOS:000712319503037,View Full Record in Web of Science
C,"Koert, D; Trick, S; Ewerton, M; Lutter, M; Peters, J",,"Asfour, T",,"Koert, Dorothea; Trick, Susanne; Ewerton, Marco; Lutter, Michael; Peters, Jan",,,Online Learning of an Open-Ended Skill Library for Collaborative Tasks,2018 IEEE-RAS 18TH INTERNATIONAL CONFERENCE ON HUMANOID ROBOTS (HUMANOIDS),IEEE-RAS International Conference on Humanoid Robots,,,,18th IEEE-RAS International Conference on Humanoid Robots (Humanoids),"NOV 06-09, 2018","Beijing Inst Technol, Beijing, PEOPLES R CHINA",IEEE RAS,Beijing Inst Technol,,,,,,,,"Peters, Jan/D-5068-2009",,,,,,,,,,,,,,2164-0572,,978-1-5386-7283-9,,,,2018,,,,,,,599,606,,,,,,,,,,,,,,,,WOS:000458689700086,View Full Record in Web of Science
J,"Wen, J; Zhang, XB; Gao, HM; Yuan, J; Fang, YC",,,,"Wen, Jian; Zhang, Xuebo; Gao, Haiming; Yuan, Jing; Fang, Yongchun",,,E3MoP: Efficient Motion Planning Based on Heuristic-Guided Motion Primitives Pruning and Path Optimization With Sparse-Banded Structure,IEEE TRANSACTIONS ON AUTOMATION SCIENCE AND ENGINEERING,,,,,,,,,,,,,,,,,"Gao, Haiming/LRB-4474-2024","Wen, Jian/0000-0001-6952-6375; Gao, Haiming/0000-0001-7720-1749",,,,,,,,,,,,,1545-5955,1558-3783,,,,OCT,2022,19,4,,,,,2762,2775,,10.1109/TASE.2021.3128521,http://dx.doi.org/10.1109/TASE.2021.3128521,,NOV 2021,,,,,,,,,,,WOS:000732371800001,View Full Record in Web of Science
C,"Lober, R; Padois, V; Sigaud, O",,,IEEE,"Lober, Ryan; Padois, Vincent; Sigaud, Olivier",,,Multiple Task Optimization using Dynamical Movement Primitives for Whole-Body Reactive Control,2014 14TH IEEE-RAS INTERNATIONAL CONFERENCE ON HUMANOID ROBOTS (HUMANOIDS),IEEE-RAS International Conference on Humanoid Robots,,,,14th IEEE-RAS International Conference on Humanoid Robots (Humanoids),"NOV 18-20, 2014","Madrid, SPAIN",IEEE RAS,,,,,,,,,,"Padois, Vincent/0000-0002-1875-2097",,,,,,,,,,,,,2164-0572,,978-1-4799-7174-9,,,,2014,,,,,,,193,198,,,,,,,,,,,,,,,,WOS:000392843800032,View Full Record in Web of Science
J,"Zhou, XY; He, JL; Chen, DP; Li, JS; Jiang, CS; Ji, MY; He, ML",,,,"Zhou, Xuanyi; He, Jilin; Chen, Dingping; Li, Junsong; Jiang, Chunshan; Ji, Mengyuan; He, Miaolei",,,Human-robot skills transfer interface for UAV-based precision pesticide in dynamic environments,ASSEMBLY AUTOMATION,,,,,,,,,,,,,,,,,"ZHOU, Xuanyi/N-1033-2015; he, jilin/JEP-0002-2023","Zhou, Xuanyi/0000-0001-9584-9426",,,,,,,,,,,,,0144-5154,1758-4078,,,,JUL 22,2021,41,3,,,SI,,345,357,,10.1108/AA-11-2020-0161,http://dx.doi.org/10.1108/AA-11-2020-0161,,MAY 2021,,,,,,,,,,,WOS:000649376900001,View Full Record in Web of Science
J,"Song, CW; Liu, GF; Zhang, XH; Zang, XZ; Xu, CC; Zhao, J",,,,"Song, Caiwei; Liu, Gangfeng; Zhang, Xuehe; Zang, Xizhe; Xu, Congcong; Zhao, Jie",,,Robot complex motion learning based on unsupervised trajectory segmentation and movement primitives,ISA TRANSACTIONS,,,,,,,,,,,,,,,,,"Liu, Gangfeng/S-5546-2016","Liu, Gangfeng/0000-0003-0078-0281",,,,,,,,,,,,,0019-0578,1879-2022,,,,FEB,2020,97,,,,,,325,335,,10.1016/j.isatra.2019.08.007,http://dx.doi.org/10.1016/j.isatra.2019.08.007,,,,,,,,31395285,,,,,WOS:000525754600028,View Full Record in Web of Science
C,"Freymuth, N; Schreiber, N; Becker, P; Taranovic, A; Neumann, G",,"Liu, K; Kulic, D; Ichnowski, J",,"Freymuth, Niklas; Schreiber, Nicolas; Becker, Philipp; Taranovic, Aleksandar; Neumann, Gerhard",,,Inferring Versatile Behavior from Demonstrations by Matching Geometric Descriptors,"CONFERENCE ON ROBOT LEARNING, VOL 205",Proceedings of Machine Learning Research,,,,6th Conference on Robot Learning (CoRL),"DEC 14-18, 2022","Auckland, NEW ZEALAND",,,,,,,,,,,,,,,,,,,,,,,,2640-3498,,,,,,2022,205,,,,,,1379,1389,,,,,,,,,,,,,,,,WOS:001232393400115,View Full Record in Web of Science
C,"Lundell, J; Hazara, M; Kyrki, V",,"Gao, Y; Fallah, S; Jin, Y; Lekakou, C",,"Lundell, Jens; Hazara, Murtaza; Kyrki, Ville",,,Generalizing Movement Primitives to New Situations,TOWARDS AUTONOMOUS ROBOTIC SYSTEMS (TAROS 2017),Lecture Notes in Computer Science,,,,18th Annual Conference on Towards Autonomous Robotics (TAROS),"JUL 19-21, 2017","Univ Surrey, Guildford, ENGLAND","Airbus Def & Space,Chinese Acad Sci,IET,Springer,UK Robot Autonomous Syst Network",Univ Surrey,,,,,,,,"; Kyrki, Ville/F-3034-2011","Hazara, Murtaza/0000-0003-0477-3767; Lundell, Jens/0000-0002-8299-0057; Kyrki, Ville/0000-0002-5230-5549",,,,,,,,,,,,,0302-9743,1611-3349,978-3-319-64107-2; 978-3-319-64106-5,,,,2017,10454,,,,,,16,31,,10.1007/978-3-319-64107-2_2,http://dx.doi.org/10.1007/978-3-319-64107-2_2,,,,,,,,,,,,,WOS:000453217100002,View Full Record in Web of Science
C,"Li, K; D'Andrea, R",,,IEEE,"Li, Keyong; D'Andrea, Raffaello",,,Trajectory design of autonomous vehicles based on motion primitives and heuristic cost-to-go functions,"PROCEEDINGS OF THE 45TH IEEE CONFERENCE ON DECISION AND CONTROL, VOLS 1-14",IEEE Conference on Decision and Control,,,,45th IEEE Conference on Decision and Control,"DEC 13-15, 2006","San Diego, CA",IEEE,,,,,,,,,,,,,,,,,,,,,,,0743-1546,,978-1-4244-0170-3,,,,2006,,,,,,,3345,3350,,10.1109/CDC.2006.377530,http://dx.doi.org/10.1109/CDC.2006.377530,,,,,,,,,,,,,WOS:000252251602144,View Full Record in Web of Science
C,"Escudero-Rodrigo, D; Alquezar, R",,"Armengol, E; Boixader, D; Grimaldo, F",,"Escudero-Rodrigo, Diego; Alquezar, Rene",,,Distance-based Kernels for Dynamical Movement Primitives,ARTIFICIAL INTELLIGENCE RESEARCH AND DEVELOPMENT,Frontiers in Artificial Intelligence and Applications,,,,18th International Conference of the Catalan-Association-for-Artificial-Intelligence (CCIA),"OCT, 2015","Univ Valencia, Escola Tecnica Super Enginyeria, Valencia, SPAIN","Catalan Assoc Artificial Intelligence,Generalitat Valenciana, Consellria Educacio Cultura Esport,Catedra Divulgacio Ciencia,Inst Estvdis Catalans","Univ Valencia, Escola Tecnica Super Enginyeria",,,,,,,,,,,,,,,,,,,,,,0922-6389,1879-8314,978-1-61499-578-4; 978-1-61499-577-7,,,,2015,277,,,,,,133,142,,10.3233/978-1-61499-578-4-133,http://dx.doi.org/10.3233/978-1-61499-578-4-133,,,,,,,,,,,,,WOS:000569631200013,View Full Record in Web of Science
J,"Zhang, N; Zhao, YJ; Dai, SL",,,,"Zhang, Ning; Zhao, Yongjia; Dai, Shuling",,,A generic manipulation task instruction framework using interactive digital twin environment,INTERNATIONAL JOURNAL OF ADVANCED MANUFACTURING TECHNOLOGY,,,,,,,,,,,,,,,,,,,,,,,,,,,,,,,0268-3768,1433-3015,,,,MAR,2025,137,1-2,,,,,547,562,,10.1007/s00170-025-15138-1,http://dx.doi.org/10.1007/s00170-025-15138-1,,FEB 2025,,,,,,,,,,,WOS:001423013600001,View Full Record in Web of Science
J,"Yi, JB; Kim, J; Kang, T; Song, D; Park, J; Yi, SJ",,,,"Yi, Jae-Bong; Kim, Joonyoung; Kang, Taewoong; Song, Dongwoon; Park, Jinwoo; Yi, Seung-Joon",,,Anthropomorphic Grasping of Complex-Shaped Objects Using Imitation Learning,APPLIED SCIENCES-BASEL,,,,,,,,,,,,,,,,,,"KANG, TAEWOONG/0000-0001-8018-584X; Kim, Joonyoung/0000-0001-8184-7059",,,,,,,,,,,,,,2076-3417,,,,DEC,2022,12,24,,,,,,,12861,10.3390/app122412861,http://dx.doi.org/10.3390/app122412861,,,,,,,,,,,,,WOS:000900282400001,View Full Record in Web of Science
C,"Lioutikov, R; Kroemer, O; Maeda, G; Peters, J",,"Menegatti, E; Michael, N; Berns, K; Yamaguchi, H",,"Lioutikov, Rudolf; Kroemer, Oliver; Maeda, Guilherme; Peters, Jan",,,Learning Manipulation by Sequencing Motor Primitives with a Two-Armed Robot,INTELLIGENT AUTONOMOUS SYSTEMS 13,Advances in Intelligent Systems and Computing,,,,13th International Conference on Intelligent Autonomous Systems (IAS),"JUL 15-18, 2014","Centro Congressi Padova, Padova, ITALY",Univ Padova,Centro Congressi Padova,,,,,,,,"Peters, Jan/D-5068-2009",,,,,,,,,,,,,,2194-5357,2194-5365,978-3-319-08338-4; 978-3-319-08337-7,,,,2016,302,,,,,,1601,1611,,10.1007/978-3-319-08338-4_115,http://dx.doi.org/10.1007/978-3-319-08338-4_115,,,,,,,,,,,,,WOS:000377956900115,View Full Record in Web of Science
J,"Fu, J; Du, JY; Teng, X; Fu, YX; Wu, L",,,,"Fu, Jian; Du, Jinyu; Teng, Xiang; Fu, Yuxiang; Wu, Lu",,,Adaptive Multi-Task Human-Robot Interaction Based on Human Behavioral Intention,IEEE ACCESS,,,,,,,,,,,,,,,,,"Fu, Jian/AFY-2041-2022; Fu, Yu/LBI-0598-2024",,,,,,,,,,,,,,2169-3536,,,,,,2021,9,,,,,,133762,133773,,10.1109/ACCESS.2021.3115756,http://dx.doi.org/10.1109/ACCESS.2021.3115756,,,,,,,,,,,,,WOS:000704098600001,View Full Record in Web of Science
C,"Saxena, DM; Saleem, MS; Likhachev, M",,,IEEE,"Saxena, Dhruv Mauria; Saleem, Muhammad Suhail; Likhachev, Maxim",,,Manipulation Planning Among Movable Obstacles Using Physics-Based Adaptive Motion Primitives,2021 IEEE INTERNATIONAL CONFERENCE ON ROBOTICS AND AUTOMATION (ICRA 2021),IEEE International Conference on Robotics and Automation ICRA,,,,IEEE International Conference on Robotics and Automation (ICRA),"MAY 30-JUN 05, 2021","Xian, PEOPLES R CHINA","IEEE,IEEE Robot & Automat Soc,So Univ Sci & Technol,Harbin Inst Technol,Xian Jiaotong Univ,Univ Toronto,Nat Sci & Engn Res Council Canada,Chinese Univ Hong Kong,DJI,Biomimet Intelligence & Robot,Toyota Res Inst,Baidu,Mech Mind Robot Technologies,Facebook AI,Nokov,Manycore,Franka Emika,Zhejiang Univ, Huzhou Inst,Jing Tian,ATI Ind Automat,Amber,Direct Drive Tech,Inceptio,Flexiv,Deeproute AI,Unitree,Waymo,Kuka,Pudu Robot,Deep Robot,Nvidia,MathWorks",,,,,,,,,,,,,,,,,,,,,,,1050-4729,2577-087X,978-1-7281-9077-8,,,,2021,,,,,,,6570,6576,,10.1109/ICRA48506.2021.9561221,http://dx.doi.org/10.1109/ICRA48506.2021.9561221,,,,,,,,,,,,,WOS:000765738804133,View Full Record in Web of Science
J,"Clever, D; Harant, M; Motnbaur, K; Naveau, M; Stasse, O; Endres, D",,,,"Clever, Debora; Harant, Monika; Motnbaur, Kaija; Naveau, Maxitnilien; Stasse, Olivier; Endres, Doininik",,,"COCoMoPL: A Novel Approach for Humanoid Walking Generation Combining Optimal Control, Movement Primitives and Learning and its Transfer to the Real Robot HRP-2",IEEE ROBOTICS AND AUTOMATION LETTERS,,,,,,,,,,,,,,,,,"Stasse, Olivier/E-6220-2010","STASSE, Olivier/0000-0001-8569-6155; Clever, Debora/0000-0002-0542-3833",,,,,,,,,,,,,2377-3766,,,,,APR,2017,2,2,,,,,977,984,,10.1109/LRA.2017.2657000,http://dx.doi.org/10.1109/LRA.2017.2657000,,,,,,,,,,,,,WOS:000413736600079,View Full Record in Web of Science
C,"Cohen, BJ; Chitta, S; Likhachev, M",,,IEEE,"Cohen, Benjamin J.; Chitta, Sachin; Likhachev, Maxim",,,Search-based Planning for Manipulation with Motion Primitives,2010 IEEE INTERNATIONAL CONFERENCE ON ROBOTICS AND AUTOMATION (ICRA),IEEE International Conference on Robotics and Automation ICRA,,,,IEEE International Conference on Robotics and Automation (ICRA),"MAY 03-08, 2010","Anchorage, AK",IEEE,,,,,,,,,,,,,,,,,,,,,,,1050-4729,2577-087X,978-1-4244-5040-4,,,,2010,,,,,,,2902,2908,,10.1109/ROBOT.2010.5509685,http://dx.doi.org/10.1109/ROBOT.2010.5509685,,,,,,,,,,,,,WOS:000284150003114,View Full Record in Web of Science
J,"Ren, DM; Bian, FF",,,,"Ren, Danmei; Bian, Feifei",,,Policy improvement of the dynamical movement primitives and stiffness primitives framework for robot learning variable stiffness manipulation,INDUSTRIAL ROBOT-THE INTERNATIONAL JOURNAL OF ROBOTICS RESEARCH AND APPLICATION,,,,,,,,,,,,,,,,,,,,,,,,,,,,,,,0143-991X,1758-5791,,,,MAR 4,2025,52,2,,,,,174,182,,10.1108/IR-04-2024-0168,http://dx.doi.org/10.1108/IR-04-2024-0168,,OCT 2024,,,,,,,,,,,WOS:001329787400001,View Full Record in Web of Science
C,"Davoodi, M; Iqbal, A; Cloud, JM; Beksi, WJ; Gans, NR",,,IEEE,"Davoodi, Mohammadreza; Iqbal, Asif; Cloud, Joseph M.; Beksi, William J.; Gans, Nicholas R.",,,Probabilistic Movement Primitive Control via Control Barrier Functions,2021 IEEE 17TH INTERNATIONAL CONFERENCE ON AUTOMATION SCIENCE AND ENGINEERING (CASE),IEEE International Conference on Automation Science and Engineering,,,,17th IEEE International Conference on Automation Science and Engineering (CASE),"AUG 23-27, 2021","Lyon, FRANCE",IEEE,,,,,,,,,"Davoodi, Mohammadreza/IXN-1405-2023; Iqbal, Asif/AAR-9363-2021","Gans, Nicholas/0000-0003-3462-4199; Davoodi, Mohammadreza/0000-0001-6035-1759",,,,,,,,,,,,,2161-8070,,978-1-6654-1873-7,,,,2021,,,,,,,697,703,,10.1109/CASE49439.2021.9551540,http://dx.doi.org/10.1109/CASE49439.2021.9551540,,,,,,,,,,,,,WOS:000878693200088,View Full Record in Web of Science
J,"Gong, SQ; Zhao, J; Zhang, ZQ; Xie, BY",,,,"Gong, Shiqiu; Zhao, Jing; Zhang, Ziqiang; Xie, Biyun",,,Task motion planning for anthropomorphic arms based on human arm movement primitives,INDUSTRIAL ROBOT-THE INTERNATIONAL JOURNAL OF ROBOTICS RESEARCH AND APPLICATION,,,,,,,,,,,,,,,,,,"Xie, Biyun/0000-0003-0538-1466",,,,,,,,,,,,,0143-991X,1758-5791,,,,,2020,47,5,,,,,669,681,,10.1108/IR-12-2019-0261,http://dx.doi.org/10.1108/IR-12-2019-0261,,JUN 2020,,,,,,,,,,,WOS:000541810200001,View Full Record in Web of Science
J,"Thelasingha, N; Julius, AA; Kim, MJ",,,,"Thelasingha, Neelanga; Julius, A. Agung; Kim, Min Jun",,,Ensemble control of spatial variance of microbot systems through sequencing of motion primitives from optimal control trajectories,INTELLIGENT SERVICE ROBOTICS,,,,,,,,,,,,,,,,,"Kim, Minjun/IVV-7956-2023","KIM, MINJUN/0000-0002-0819-1644",,,,,,,,,,,,,1861-2776,1861-2784,,,,APR,2022,15,2,,,SI,,215,230,,10.1007/s11370-022-00421-x,http://dx.doi.org/10.1007/s11370-022-00421-x,,APR 2022,,,,,,,,,,,WOS:000789080200001,View Full Record in Web of Science
C,"Macedo, J; Santos, C; Costa, L",,"Lau, N; Moreira, AP; Ventura, R; Faria, BM",,"Macedo, Joao; Santos, Cristina; Costa, Lino",,,Using Cost-regularized Kernel Regression with a High Number of Samples,2014 IEEE INTERNATIONAL CONFERENCE ON AUTONOMOUS ROBOT SYSTEMS AND COMPETITIONS (ICARSC),IEEE International Conference on Autonomous Robot Systems and Competitions ICARSC,,,,IEEE International Conference on Autonomous Robot Systems and Competitions (ICARSC),"MAY 14-15, 2014","Espinho, PORTUGAL","IEEE,Sociedade Portuguesa Robotica,IEEE Portugal Sect RA Chapter,IEEE Robot & Automat Soc,Caixa Geral Depositos,Camara Municipal Espinho,Museu Municipal Espinho & Solverde",,,,,,,,,"Costa, Lino/D-2248-2009; Macedo, Joao/AAI-2019-2019; Santos, Cristina/L-8716-2014","Costa, Lino/0000-0003-4772-4404; Santos, Cristina/0000-0003-0023-7203",,,,,,,,,,,,,2573-9360,2573-9387,978-1-4799-4254-1,,,,2014,,,,,,,199,204,,,,,,,,,,,,,,,,WOS:000343584000034,View Full Record in Web of Science
C,"Dimeas, F; Kastritsi, T; Papageorgiou, D; Doulgeri, Z",,"Ferraguti, F; Villani, V; Sabattini, L; Bonfe, M",,"Dimeas, Fotios; Kastritsi, Theodora; Papageorgiou, Dimitris; Doulgeri, Zoe",,,Progressive Automation of Periodic Movements,HUMAN-FRIENDLY ROBOTICS 2019,Springer Proceedings in Advanced Robotics,,,,12th International Workshop on Human-Friendly Robotics (HFR),"OCT 24-25, 2019","Modena, ITALY",,,,,,,,,,"Kastritsi, Theodora/AAG-6361-2019; Papageorgiou, Dimitrios/T-6051-2019",,,,,,,,,,,,,,2511-1256,2511-1264,978-3-030-42026-0; 978-3-030-42025-3,,,,2020,12,,,,,,58,72,,10.1007/978-3-030-42026-0_5,http://dx.doi.org/10.1007/978-3-030-42026-0_5,,,,,,,,,,,,,WOS:000659339900005,View Full Record in Web of Science
C,"Lee, D; Ott, C; Nakamura, Y",,,IEEE,"Lee, Dongheui; Ott, Christian; Nakamura, Yoshihiko",,,Mimetic Communication with Impedance Control for Physical Human-Robot Interaction,"ICRA: 2009 IEEE INTERNATIONAL CONFERENCE ON ROBOTICS AND AUTOMATION, VOLS 1-7",IEEE International Conference on Robotics and Automation ICRA,,,,IEEE International Conference on Robotics and Automation,"MAY 12-17, 2009","Kobe, JAPAN",IEEE,,,,,,,,,"Nakamura, Yoshihiko/M-1019-2014","Nakamura, Yoshihiko/0000-0001-7162-5102; Ott, Christian/0000-0003-0987-7493",,,,,,,,,,,,,1050-4729,2577-087X,978-1-4244-2788-8,,,,2009,,,,,,,4281,+,,,,,,,,,,,,,,,,WOS:000276080402071,View Full Record in Web of Science
J,"Nakanishi, J; Morimoto, J; Endo, G; Cheng, G; Schaal, S; Kawato, M",,,,"Nakanishi, J; Morimoto, J; Endo, G; Cheng, G; Schaal, S; Kawato, M",,,Learning from demonstration and adaptation of biped locomotion,ROBOTICS AND AUTONOMOUS SYSTEMS,,,,,IEEE/RSJ International Conference on Intelligent Robots and Systems,"OCT 27-31, 2003","LAS VEGAS, NV","IEEE Robot & Automat Soc,IEEE Ind Elect Soc,Robot Soc Japan,Soc Instruments & Control Engineers,New Technol Fdn",,,,,,,,,"Endo/AAX-8584-2020; Cheng, Gordon/AAH-3554-2020","Endo, Gen/0000-0001-7958-5395; Cheng, Gordon/0000-0003-0770-8717",,,,,,,,,,,,,0921-8890,1872-793X,,,,JUN 30,2004,47,2-3,,,,,79,91,,10.1016/j.robot.2004.03.003,http://dx.doi.org/10.1016/j.robot.2004.03.003,,,,,,,,,,,,,WOS:000222333500003,View Full Record in Web of Science
C,"Zhou, Y; Do, MT; Asfour, T",,"Asfour, T; Billard, A; Harada, K; Kulic, D; Ude, A; Venture, G; Yamane, K; Yokoi, K; Yoshida, E",,"Zhou, You; Do, Martin; Asfour, Tamim",,,Learning and Force Adaptation for Interactive Actions,2016 IEEE-RAS 16TH INTERNATIONAL CONFERENCE ON HUMANOID ROBOTS (HUMANOIDS),IEEE-RAS International Conference on Humanoid Robots,,,,16th IEEE-RAS International Conference on Humanoid Robots (Humanoids),"NOV 15-17, 2016","Mexican Assoc Comp Vis Robot & Neural Comp, Cancun, MEXICO","IEEE Robot & Automat Soc,Disney Res,ROBOTIS,INTEL,PAL,MACVNR,CONACYT,CINVESTAV",Mexican Assoc Comp Vis Robot & Neural Comp,,,,,,,,,"Asfour, Tamim/0000-0003-4879-7680",,,,,,,,,,,,,2164-0572,,978-1-5090-4718-5,,,,2016,,,,,,,1129,1134,,,,,,,,,,,,,,,,WOS:000403009300167,View Full Record in Web of Science
J,"Rouse, N; Daltorio, K",,,,"Rouse, Natasha; Daltorio, Kathryn",,,Stable Heteroclinic Channel-Based Movement Primitives: Tuning Trajectories Using Saddle Parameters,APPLIED SCIENCES-BASEL,,,,,,,,,,,,,,,,,,"Daltorio, Kathryn/0000-0001-6994-1536; Rouse, Natasha/0000-0001-9929-4026",,,,,,,,,,,,,,2076-3417,,,,MAR,2024,14,6,,,,,,,2523,10.3390/app14062523,http://dx.doi.org/10.3390/app14062523,,,,,,,,,,,,,WOS:001191352000001,View Full Record in Web of Science
C,"Krug, R; Dimitrov, D",,,IEEE,"Krug, Robert; Dimitrov, Dimitar",,,Representing Movement Primitives as Implicit Dynamical Systems learned from Multiple Demonstrations,2013 16TH INTERNATIONAL CONFERENCE ON ADVANCED ROBOTICS (ICAR),,,,,16th International Conference on Advanced Robotics (ICAR),"NOV 25-29, 2013","Univ Republica, Montevideo, URUGUAY","Univ Republica, Fac Ingn,IEEE",Univ Republica,,,,,,,,,,,,,,,,,,,,,,,,978-1-4799-2722-7,,,,2013,,,,,,,,,,,,,,,,,,,,,,,,WOS:000349898600056,View Full Record in Web of Science
C,"Paxton, C; Jonathan, F; Kobilarov, M; Hager, GD",,,IEEE,"Paxton, Chris; Jonathan, Felix; Kobilarov, Marin; Hager, Gregory D.",,,"Do What I Want, Not What I Did: Imitation of Skills by Planning Sequences of Actions",2016 IEEE/RSJ INTERNATIONAL CONFERENCE ON INTELLIGENT ROBOTS AND SYSTEMS (IROS 2016),,,,,IEEE/RSJ International Conference on Intelligent Robots and Systems (IROS),"OCT 09-14, 2016","Daejeon, SOUTH KOREA","IEEE,RSJ",,,,,,,,,"Hager, Gregory/A-3222-2010; Kobilarov, Marin/G-4085-2012",,,,,,,,,,,,,,,,978-1-5090-3762-9,,,,2016,,,,,,,3778,3785,,,,,,,,,,,,,,,,WOS:000391921703119,View Full Record in Web of Science
C,"Dawood, F; Loo, CK",,,IEEE,"Dawood, Farhan; Loo, Chu Kiong",,,Autonomous Motion Primitive Segmentation of Actions for Incremental Imitative Learning of Humanoid,2014 IEEE SYMPOSIUM ON ROBOTIC INTELLIGENCE IN INFORMATIONALLY STRUCTURED SPACE (RIISS),,,,,Robotic Intelligence In Informationally Structured Space (RiiSS),"DEC 09-12, 2014","Orlando, FL",,,,,,,,,,"Loo, Chu Kiong/F-4360-2011; Dawood, Farhan/G-9105-2011",,,,,,,,,,,,,,,,978-1-4799-4464-4,,,,2014,,,,,,,47,54,,,,,,,,,,,,,,,,WOS:000380467700008,View Full Record in Web of Science
C,"Hori, C; Peng, PY; Harwath, D; Liu, XY; Ota, K; Jain, S; Corcodel, R; Jha, D; Romeres, D; Le Roux, J",,,Int Speech Commun Assoc,"Hori, Chiori; Peng, Puyuan; Harwath, David; Liu, Xinyu; Ota, Kei; Jain, Siddarth; Corcodel, Radu; Jha, Devesh; Romeres, Diego; Le Roux, Jonathan",,,Style-transfer based Speech and Audio-visual Scene understanding for Robot Action Sequence Acquisition from Videos,INTERSPEECH 2023,Interspeech,,,,Interspeech Conference,"AUG 20-24, 2023","Dublin, IRELAND",,,,,,,,,,,,,,,,,,,,,,,,2308-457X,,,,,,2023,,,,,,,4663,4667,,10.21437/Interspeech.2023-1983,http://dx.doi.org/10.21437/Interspeech.2023-1983,,,,,,,,,,,,,WOS:001186650304165,View Full Record in Web of Science
C,"Lioutikov, R; Maeda, G; Veiga, F; Kersting, K; Peters, J",,,IEEE,"Lioutikov, Rudolf; Maeda, Guilherme; Veiga, Filipe; Kersting, Kristian; Peters, Jan",,,Inducing Probabilistic Context-Free Grammars for the Sequencing of Movement Primitives,2018 IEEE INTERNATIONAL CONFERENCE ON ROBOTICS AND AUTOMATION (ICRA),IEEE International Conference on Robotics and Automation ICRA,,,,IEEE International Conference on Robotics and Automation (ICRA),"MAY 21-25, 2018","Brisbane, AUSTRALIA","IEEE,CSIRO,Australian Govt, Dept Def Sci & Technol,DJI,Queensland Univ Technol,Woodside,Baidu,Bosch,Houston Mechatron,Kinova Robot,KUKA,Hit Robot Grp,Honda Res Inst,iRobot,Mathworks,NuTonomy,Ouster,Uber",,,,,,,,,"Peters, Jan/D-5068-2009","Fernandes Veiga, Filipe/0009-0006-5530-9525",,,,,,,,,,,,,1050-4729,,978-1-5386-3081-5,,,,2018,,,,,,,5651,5658,,,,,,,,,,,,,,,,WOS:000446394504037,View Full Record in Web of Science
C,"Warrier, RB; Devasia, S","Kosecka, J","Maciejewski, AA; Okamura, A; Bicchi, A; Stachniss, C; Song, DZ; Lee, DH; Chaumette, F; Ding, H; Li, JS; Wen, J; Roberts, J; Masamune, K; Chong, NY; Amato, N; Tsagwarakis, N; Rocco, P; Asfour, T; Chung, WK; Yasuyoshi, Y; Sun, Y; Maciekeski, T; Althoefer, K; AndradeCetto, J; Chung, WK; Demircan, E; Dias, J; Fraisse, P; Gross, R; Harada, H; Hasegawa, Y; Hayashibe, M; Kiguchi, K; Kim, K; Kroeger, T; Li, Y; Ma, S; Mochiyama, H; Monje, CA; Rekleitis, I; Roberts, R; Stulp, F; Tsai, CHD; Zollo, L",,"Warrier, Rahul B.; Devasia, Santosh","Kosecka, J",,Kernel-based human-dynamics inversion for precision robot motion-primitives,2018 IEEE/RSJ INTERNATIONAL CONFERENCE ON INTELLIGENT ROBOTS AND SYSTEMS (IROS),IEEE International Conference on Intelligent Robots and Systems,,,,25th IEEE/RSJ International Conference on Intelligent Robots and Systems (IROS),"OCT 01-05, 2018","Madrid, SPAIN","IEEE Robot & Automat Soc,IEEE Ind Elect Soc,Robot Soc Japan,Soc Instrument & Control Engineers,New Technol Fdn,IEEE,Adept MobileRobots,Willow Garage,Aldebaran Robot,Natl Instruments,Reflexxes GmbH,Schunk Intec S L U,Univ Carlos III Madrid,BOSCH,JD COM,Pal Robot,KUKA,Santander,Squirrel AI Learning,Baidu,Generat Robots,KINOVA Robot,Ouster,Univ Pablo Olavide Sevilla,Rapyuta Robot,SICK,TOYOTA,UP,Amazon,ARGO,Built Robot,Disney Res,Easy Mile,Hitachi,Robot,Khalifa Univ,Magazino,MathWorks,New Dexterity,Schunk,nuTonomy,PILZ,Prophesee,Rootnik,Saga Robot,Shadow,Soft Bank Robot,Anyverse,GalTech,Generat Robot,IEEE CAA Journal Automatica Sinica,Sci Robot, AAAS,TERAS",,,,,,,,,"Warrier, Rahul/AAE-4840-2020",,,,,,,,,,,,,,2153-0858,,978-1-5386-8094-0,,,,2018,,,,,,,6037,6042,,,,,,,,,,,,,,,,WOS:000458872705079,View Full Record in Web of Science
J,"Kulic, D; Nakamura, Y",,,,"Kulic, Dana; Nakamura, Yoshihiko",,,Incremental Learning and Memory Consolidation of Whole Body Human Motion Primitives,ADAPTIVE BEHAVIOR,,,,,,,,,,,,,,,,,"Nakamura, Yoshihiko/M-1019-2014","Nakamura, Yoshihiko/0000-0001-7162-5102; Kulic, Dana/0000-0002-4169-2141",,,,,,,,,,,,,1059-7123,1741-2633,,,,DEC,2009,17,6,,,,,484,507,,10.1177/1059712309342487,http://dx.doi.org/10.1177/1059712309342487,,,,,,,,,,,,,WOS:000271946800002,View Full Record in Web of Science
J,"Callens, T; van der Have, A; Van Rossom, S; De Schutter, J; Aertbeliën, E",,,,"Callens, Thomas; van der Have, Arthur; Van Rossom, Sam; De Schutter, Joris; Aertbelien, Erwin",,,A Framework for Recognition and Prediction of Human Motions in Human-Robot Collaboration Using Probabilistic Motion Models,IEEE ROBOTICS AND AUTOMATION LETTERS,,,,,,,,,,,,,,,,,"Van+Rossom, Sam/L-2255-2019; van der Have, Tuur/IUO-7480-2023; Aertbelien, Erwin/L-5547-2018","De Schutter, Joris/0000-0001-9619-5815; Aertbelien, Erwin/0000-0002-4514-0934; Callens, Thomas/0000-0002-7208-0746; van der Have, Arthur/0000-0001-7770-5269",,,,,,,,,,,,,2377-3766,,,,,OCT.,2020,5,4,,,,,5151,5158,,10.1109/LRA.2020.3005892,http://dx.doi.org/10.1109/LRA.2020.3005892,,,,,,,,,,,,,WOS:000548751400002,View Full Record in Web of Science
C,"Chernik, C; Tajvar, P; Tumova, J",,,IEEE,"Chernik, Charles; Tajvar, Pouria; Tumova, Jana",,,Robust Feedback Motion Primitives for Exploration of Unknown Terrains,2021 IEEE/RSJ INTERNATIONAL CONFERENCE ON INTELLIGENT ROBOTS AND SYSTEMS (IROS),IEEE International Conference on Intelligent Robots and Systems,,,,IEEE/RSJ International Conference on Intelligent Robots and Systems (IROS),"SEP 27-OCT 01, 2021",ELECTR NETWORK,"IEEE,RSJ",,,,,,,,,,"Tajvar, Pouria/0000-0001-9516-6764; Chernik, Charles/0000-0003-3072-8425",,,,,,,,,,,,,2153-0858,,978-1-6654-1714-3,,,,2021,,,,,,,8173,8179,,10.1109/IROS51168.2021.9636521,http://dx.doi.org/10.1109/IROS51168.2021.9636521,,,,,,,,,,,,,WOS:000755125506066,View Full Record in Web of Science
J,"Pérez-Dattari, R; Della Santina, C; Kober, J",,,,"Perez-Dattari, Rodrigo; Della Santina, Cosimo; Kober, Jens",,,PUMA: Deep Metric Imitation Learning for Stable Motion Primitives,ADVANCED INTELLIGENT SYSTEMS,,,,,,,,,,,,,,,,,"Della Santina, Cosimo/GLS-8924-2022; Kober, Jens/I-9119-2017","Della Santina, Cosimo/0000-0003-1067-1134; Kober, Jens/0000-0001-7257-5434; Perez Dattari, Rodrigo/0000-0002-9503-7783",,,,,,,,,,,,,,2640-4567,,,,NOV,2024,6,11,,,,,,,,10.1002/aisy.202400144,http://dx.doi.org/10.1002/aisy.202400144,,OCT 2024,,,,,,,,,,,WOS:001331647300001,View Full Record in Web of Science
J,"Kim, BS; Lee, MC",,,,"Kim, Byung Su; Lee, Min Cheol",,,A Novel Approach to Coupling Terms to Avoid Obstacles in a Manipulator Movement Reproduction,INTERNATIONAL JOURNAL OF CONTROL AUTOMATION AND SYSTEMS,,,,,,,,,,,,,,,,,"LEE, JUNGUN/GLR-9927-2022; Kim, Jung Oh/JDC-5061-2023",,,,,,,,,,,,,,1598-6446,2005-4092,,,,APR,2024,22,4,,,,,1289,1300,,10.1007/s12555-023-0419-2,http://dx.doi.org/10.1007/s12555-023-0419-2,,,,,,,,,,,,,WOS:001197001700020,View Full Record in Web of Science
C,"Powell, MJ; Zhao, HH; Ames, AD",,,IEEE,"Powell, Matthew J.; Zhao, Huihua; Ames, Aaron D.",,,Motion Primitives for Human-Inspired Bipedal Robotic Locomotion: Walking and Stair Climbing,2012 IEEE INTERNATIONAL CONFERENCE ON ROBOTICS AND AUTOMATION (ICRA),IEEE International Conference on Robotics and Automation ICRA,,,,IEEE International Conference on Robotics and Automation (ICRA),"MAY 14-18, 2012","St Paul, MN",IEEE,,,,,,,,,,"Ames, Aaron/0000-0003-0848-3177",,,,,,,,,,,,,1050-4729,2577-087X,978-1-4673-1405-3,,,,2012,,,,,,,543,549,,,,,,,,,,,,,,,,WOS:000309406700081,View Full Record in Web of Science
C,"Zhang, HW; Han, XN; Zhang, W; Zhou, WJ",,,IEEE,"Zhang, Huiwen; Han, Xiaoning; Zhang, Wei; Zhou, Weijia",,,Complex Sequential Tasks Learning with Bayesian Inference and Gaussian Mixture Model,2018 IEEE INTERNATIONAL CONFERENCE ON ROBOTICS AND BIOMIMETICS (ROBIO),,,,,IEEE International Conference on Robotics and Biomimetics (ROBIO),"DEC 12-15, 2018","Kuala Lumpur, MALAYSIA","IEEE,IEEE Robot & Automat Soc,Shenzhen Hans Robot Co Ltd,Guangdong Univ Technol,Guangzhou Univ,Guangdong Inst Intelligent Mfg,Foshan Biowin Robot & Automat Co Ltd",,,,,,,,,"Zhang, Wei/LJL-8562-2024",,,,,,,,,,,,,,,,978-1-7281-0377-8,,,,2018,,,,,,,1927,1934,,,,,,,,,,,,,,,,WOS:000468772200303,View Full Record in Web of Science
C,"Zhuang, C; Zhou, HJ; Sakane, S",,,IEEE,"Zhuang, Chao; Zhou, Hongjun; Sakane, Shigeyuki",,,Learning by Showing: An End-to-end Imitation Leaning Approach for Robot Action Recognition and Generation,2016 IEEE INTERNATIONAL CONFERENCE ON ROBOTICS AND BIOMIMETICS (ROBIO),,,,,IEEE International Conference on Robotics and Biomimetics (IEEE ROBIO),"DEC 03-07, 2016","Qingdao, PEOPLES R CHINA","IEEE,IEEE Robot & Automat Soc,Qingdao Natl High Tech Ind Dev Zone,Ritsumeikan,Tainjin Univ,SRS",,,,,,,,,,,,,,,,,,,,,,,,,978-1-5090-4364-4,,,,2016,,,,,,,173,178,,,,,,,,,,,,,,,,WOS:000405724600030,View Full Record in Web of Science
J,"Davoodi, M; Iqbal, A; Cloud, JM; Beksi, WJ; Gans, NR",,,,"Davoodi, Mohammadreza; Iqbal, Asif; Cloud, Joseph M.; Beksi, William J.; Gans, Nicholas R.",,,Rule-Based Safe Probabilistic Movement Primitive Control via Control Barrier Functions,IEEE TRANSACTIONS ON AUTOMATION SCIENCE AND ENGINEERING,,,,,,,,,,,,,,,,,"Iqbal, Asif/AAR-9363-2021; Davoodi, Mohammadreza/IXN-1405-2023","Gans, Nicholas/0000-0003-3462-4199; Iqbal, Asif/0000-0001-9726-9863; Davoodi, Mohammadreza/0000-0001-6035-1759; Beksi, William/0000-0001-5377-2627",,,,,,,,,,,,,1545-5955,1558-3783,,,,JUL,2023,20,3,,,,,1500,1514,,10.1109/TASE.2022.3217468,http://dx.doi.org/10.1109/TASE.2022.3217468,,NOV 2022,,,,,,,,,,,WOS:000881974600001,View Full Record in Web of Science
J,"Kim, YL; Ahn, KH; Song, JB",,,,"Kim, Young-Loul; Ahn, Kuk-Hyun; Song, Jae-Bok",,,Reinforcement learning based on movement primitives for contact tasks,ROBOTICS AND COMPUTER-INTEGRATED MANUFACTURING,,,,,,,,,,,,,,,,,"Song, Jae-Bok/AAQ-5591-2021","Song, Jae-Bok/0000-0002-5818-1938",,,,,,,,,,,,,0736-5845,1879-2537,,,,APR,2020,62,,,,,,,,101863,10.1016/j.rcim.2019.101863,http://dx.doi.org/10.1016/j.rcim.2019.101863,,,,,,,,,,,,,WOS:000501405400003,View Full Record in Web of Science
C,"Si, WY; Guo, C; Dong, JL; Lu, ZY; Yang, CG",,"Borja, P; DellaSantina, C; Peternel, L; Torta, E",,"Si, Weiyong; Guo, Cheng; Dong, Jiale; Lu, Zhenyu; Yang, Chenguang",,,Deformation-Aware Contact-Rich Manipulation Skills Learning and Compliant Control,"HUMAN-FRIENDLY ROBOTICS, HFR, 2022",Springer Proceedings in Advanced Robotics,,,,15th International Workshop on Human-Friendly Robotics (HFR),"SEP 22-23, 2022","Delft, NETHERLANDS","Franka Emika,Fizyr,RoboHouse,TU Delft Robot Inst",,,,,,,,,"Yang, Chenguang/ABE-7755-2020; lu, zhenyu/AAH-5454-2019; Guo, Cheng/ABC-6045-2021; SI, WEIYONG/KIB-2268-2024","zhenyu, lu/0000-0002-5446-7285; Si, Weiyong/0000-0003-4531-2596; Yang, Chenguang/0000-0001-5255-5559",,,,,,,,,,,,,2511-1256,2511-1264,978-3-031-22733-2; 978-3-031-22731-8; 978-3-031-22730-1,,,,2023,26,,,,,,90,104,,10.1007/978-3-031-22731-8_7,http://dx.doi.org/10.1007/978-3-031-22731-8_7,,,,,,,,,,,,,WOS:000968175000007,View Full Record in Web of Science
C,"Petric, T; Gams, A; Zlajpah, L; Ude, A",,,IEEE,"Petric, Tadej; Gams, Andrej; Zlajpah, Leon; Ude, Ales",,,Online Learning of Task-Specific Dynamics for Periodic Tasks,2014 IEEE/RSJ INTERNATIONAL CONFERENCE ON INTELLIGENT ROBOTS AND SYSTEMS (IROS 2014),IEEE International Conference on Intelligent Robots and Systems,,,,IEEE/RSJ International Conference on Intelligent Robots and Systems (IROS),"SEP 14-18, 2014","Chicago, IL","IEEE,Robot Soc Japan,RA,SICE,IES,New Technol Fdn",,,,,,,,,"Petric, Tadej/AAS-2471-2021; Ude, Aleš/ABB-7839-2020","Gams, Andrej/0000-0002-9803-3593; Petric, Tadej/0000-0002-3407-4206; Ude, Ales/0000-0003-3677-3972",,,,,,,,,,,,,2153-0858,,978-1-4799-6934-0,,,,2014,,,,,,,1790,1795,,,,,,,,,,,,,,,,WOS:000349834601132,View Full Record in Web of Science
C,"Dharmadhikari, M; Dang, T; Solanka, L; Loje, J; Nguyen, H; Khedekar, N; Alexis, K",,,IEEE,"Dharmadhikari, Mihir; Dang, Tung; Solanka, Lukas; Loje, Johannes; Huan Nguyen; Khedekar, Nikhil; Alexis, Kostas",,,Motion Primitives-based Path Planning for Fast and Agile Exploration using Aerial Robots,2020 IEEE INTERNATIONAL CONFERENCE ON ROBOTICS AND AUTOMATION (ICRA),IEEE International Conference on Robotics and Automation ICRA,,,,IEEE International Conference on Robotics and Automation (ICRA),"MAY 31-JUN 15, 2020",ELECTR NETWORK,IEEE,,,,,,,,,"Dharmadhikari, Mihir/JKJ-0652-2023; Dang, Tung/AAP-9675-2020; Alexis, Kostas/HKM-4911-2023","Alexis, Kostas/0000-0002-9989-298X",,,,,,,,,,,,,1050-4729,2577-087X,978-1-7281-7395-5,,,,2020,,,,,,,179,185,,10.1109/icra40945.2020.9196964,http://dx.doi.org/10.1109/icra40945.2020.9196964,,,,,,,,,,,,,WOS:000712319500018,View Full Record in Web of Science
C,"Poubel, LP; Sakka, S; Cehajic, D; Creusot, D",,,IEEE,"Poubel, Louise Penna; Sakka, Sophie; Cehajic, Denis; Creusot, Denis",,,Support Changes during Online Human Motion Imitation by a Humanoid Robot using Task Specification,2014 IEEE INTERNATIONAL CONFERENCE ON ROBOTICS AND AUTOMATION (ICRA),IEEE International Conference on Robotics and Automation ICRA,,,,IEEE International Conference on Robotics and Automation (ICRA),"MAY 31-JUN 07, 2014","Hong Kong, PEOPLES R CHINA",IEEE,,,,,,,,,,,,,,,,,,,,,,,1050-4729,2577-087X,978-1-4799-3685-4,,,,2014,,,,,,,1782,1787,,,,,,,,,,,,,,,,WOS:000377221101118,View Full Record in Web of Science
C,"Onda, H; Suehiro, T; Kitagaki, K",,,IEEE; IEEE,"Onda, H; Suehiro, T; Kitagaki, K",,,Teaching by demonstration of assembly motion in VR - Detection of non-deterministic search-type motion and developing of its skillful motion primitive,"IECON-2002: PROCEEDINGS OF THE 2002 28TH ANNUAL CONFERENCE OF THE IEEE INDUSTRIAL ELECTRONICS SOCIETY, VOLS 1-4",IEEE Industrial Electronics Society,,,,28th Annual Conference of the IEEE Industrial-Electronics-Society,"NOV 05-08, 2002","SEVILLE, SPAIN","IEEE IES,SICE,Univ Sevilla",,,,,,,,,"Onda, Hiromu/M-3382-2016; Kitagaki, Kosei/M-5346-2016","Kitagaki, Kosei/0000-0003-0067-0410",,,,,,,,,,,,,1553-572X,,0-7803-7474-6,,,,2002,,,,,,,2640,2645,,10.1109/IECON.2002.1182810,http://dx.doi.org/10.1109/IECON.2002.1182810,,,,,,,,,,,,,WOS:000181518100461,View Full Record in Web of Science
C,"Zhang, HW; Fu, ML; Luo, HT; Zhou, WJ",,"Huang, Y; Wu, H; Liu, H; Yin, Z",,"Zhang, Huiwen; Fu, Mingliang; Luo, Haitao; Zhou, Weijia",,,Robust Human Action Recognition Using Dynamic Movement Features,"INTELLIGENT ROBOTICS AND APPLICATIONS, ICIRA 2017, PT I",Lecture Notes in Artificial Intelligence,,,,10th International Conference on Intelligent Robotics and Applications (ICIRA,"AUG 16-18, 2017","Huazhong Univ Sci & Technol, Wuhan, PEOPLES R CHINA",,Huazhong Univ Sci & Technol,,,,,,,,,,,,,,,,,,,,,,0302-9743,1611-3349,978-3-319-65289-4; 978-3-319-65288-7,,,,2017,10462,,,,,,474,484,,10.1007/978-3-319-65289-4_45,http://dx.doi.org/10.1007/978-3-319-65289-4_45,,,,,,,,,,,,,WOS:000725225700045,View Full Record in Web of Science
C,"Wilson, A; Jiang, HL; Lian, WZ; Yuan, WZ",,,IEEE,"Wilson, Achu; Jiang, Helen; Lian, Wenzhao; Yuan, Wenzhen",,,Cable Routing and Assembly using Tactile-driven Motion Primitives,2023 IEEE INTERNATIONAL CONFERENCE ON ROBOTICS AND AUTOMATION (ICRA 2023),IEEE International Conference on Robotics and Automation ICRA,,,,IEEE International Conference on Robotics and Automation (ICRA),"MAY 29-JUN 02, 2023","London, ENGLAND","IEEE,IEEE Robot & Automat Soc",,,,,,,,,,"Yuan, Wenzhen/0000-0001-8014-356X",,,,,,,,,,,,,1050-4729,2577-087X,979-8-3503-2365-8,,,,2023,,,,,,,10408,10414,,10.1109/ICRA48891.2023.10161069,http://dx.doi.org/10.1109/ICRA48891.2023.10161069,,,,,,,,,,,,,WOS:001048371103017,View Full Record in Web of Science
C,"Pignat, E; Girgin, H; Calinon, S",,"Kober, J; Ramos, F; Tomlin, C",,"Pignat, Emmanuel; Girgin, Hakan; Calinon, Sylvain",,,Generative adversarial training of product of policies for robust and adaptive movement primitives,"CONFERENCE ON ROBOT LEARNING, VOL 155",Proceedings of Machine Learning Research,,,,4th Conference on Robot Learning (CoRL),"NOV 16-18, 2020",ELECTR NETWORK,,,,,,,,,,,,,,,,,,,,,,,,2640-3498,,,,,,2020,155,,,,,,1456,1470,,,,,,,,,,,,,,,,WOS:001237128900101,View Full Record in Web of Science
C,"Kulic, D; Takano, W; Nakamura, Y",,,IEEE,"Kulic, Dana; Takano, Wataru; Nakamura, Yoshihiko",,,Combining automated on-line segmentation and incremental clustering for whole body motions,"2008 IEEE INTERNATIONAL CONFERENCE ON ROBOTICS AND AUTOMATION, VOLS 1-9",IEEE International Conference on Robotics and Automation ICRA,,,,IEEE International Conference on Robotics and Automation,"MAY 19-23, 2008","Pasadena, CA",IEEE,,,,,,,,,"Nakamura, Yoshihiko/M-1019-2014","Nakamura, Yoshihiko/0000-0001-7162-5102; Kulic, Dana/0000-0002-4169-2141",,,,,,,,,,,,,1050-4729,2577-087X,978-1-4244-1646-2,,,,2008,,,,,,,2591,2598,,10.1109/ROBOT.2008.4543603,http://dx.doi.org/10.1109/ROBOT.2008.4543603,,,,,,,,,,,,,WOS:000258095001213,View Full Record in Web of Science
C,"Kordia, AH; Melo, FS",,,IEEE,"Kordia, Ali H.; Melo, Francisco S.",,,Movement recognition and prediction using DMPs,2021 IEEE INTERNATIONAL CONFERENCE ON ROBOTICS AND AUTOMATION (ICRA 2021),IEEE International Conference on Robotics and Automation ICRA,,,,IEEE International Conference on Robotics and Automation (ICRA),"MAY 30-JUN 05, 2021","Xian, PEOPLES R CHINA","IEEE,IEEE Robot & Automat Soc,So Univ Sci & Technol,Harbin Inst Technol,Xian Jiaotong Univ,Univ Toronto,Nat Sci & Engn Res Council Canada,Chinese Univ Hong Kong,DJI,Biomimet Intelligence & Robot,Toyota Res Inst,Baidu,Mech Mind Robot Technologies,Facebook AI,Nokov,Manycore,Franka Emika,Zhejiang Univ, Huzhou Inst,Jing Tian,ATI Ind Automat,Amber,Direct Drive Tech,Inceptio,Flexiv,Deeproute AI,Unitree,Waymo,Kuka,Pudu Robot,Deep Robot,Nvidia,MathWorks",,,,,,,,,"Melo, Francisco/B-5434-2016",,,,,,,,,,,,,,1050-4729,2577-087X,978-1-7281-9077-8,,,,2021,,,,,,,8544,8550,,10.1109/ICRA48506.2021.9562001,http://dx.doi.org/10.1109/ICRA48506.2021.9562001,,,,,,,,,,,,,WOS:000771405401138,View Full Record in Web of Science
C,"Bakolas, E; Tsiotras, P",,,IEEE,"Bakolas, Efstathios; Tsiotras, Panagiotis",,,"On-Line, Kinodynamic Trajectory Generation Through Rectangular Channels Using Path and Motion Primitives","47TH IEEE CONFERENCE ON DECISION AND CONTROL, 2008 (CDC 2008)",IEEE Conference on Decision and Control,,,,47th IEEE Conference on Decision and Control,"DEC 09-11, 2008","IEEE Control Syst Soc (CSS), Cancun, MEXICO","IEEE,Soc Ind & Appl Math (SIAM),Inst Operat Res & Management Sci (INFORMS),Japanese Soc Instrument & Control Engn (SICE),European Union Control Assoc (EUCA),Taylor & Francis Grp,StatoilHydro",IEEE Control Syst Soc (CSS),,,,,,,,"Bakolas, Efstathios/H-8472-2013; Tsiotras, Panagiotis/L-4776-2019",,,,,,,,,,,,,,0743-1546,,978-1-4244-3124-3,,,,2008,,,,,,,3725,3730,,10.1109/CDC.2008.4738712,http://dx.doi.org/10.1109/CDC.2008.4738712,,,,,,,,,,,,,WOS:000307311603141,View Full Record in Web of Science
C,"Kulic, D; Nakamura, Y",,"Chatila, R; Kelly, A; Merlet, JP",,"Kulic, Dana; Nakamura, Yoshihiko",,,Scaffolding On-line Segmentation of Full Body Human Motion Patterns,"2008 IEEE/RSJ INTERNATIONAL CONFERENCE ON ROBOTS AND INTELLIGENT SYSTEMS, VOLS 1-3, CONFERENCE PROCEEDINGS",,,,,IEEE/RSJ International Conference on Intelligent Robots and Systems,"SEP 22-26, 2008","Nice, FRANCE","IEEE,Robot Soc Japan,IEEE Robot & Automat Soc,IEEE Ind Elect Soc,Soc Instrument & Control Engineers,Inst Natl Rech Informat & Automat,CNRS,Inst Control, Robot & Syst",,,,,,,,,"; Nakamura, Yoshihiko/M-1019-2014","Kulic, Dana/0000-0002-4169-2141; Nakamura, Yoshihiko/0000-0001-7162-5102",,,,,,,,,,,,,,,978-1-4244-2057-5,,,,2008,,,,,,,2860,2866,,10.1109/IROS.2008.4650619,http://dx.doi.org/10.1109/IROS.2008.4650619,,,,,,,,,,,,,WOS:000259998202013,View Full Record in Web of Science
J,"Dahlin, A; Karayiannidis, Y",,,,"Dahlin, Albin; Karayiannidis, Yiannis",,,Temporal Coupling of Dynamical Movement Primitives for Constrained Velocities and Accelerations,IEEE ROBOTICS AND AUTOMATION LETTERS,,,,,,,,,,,,,,,,,,"Dahlin, Albin/0000-0002-1481-8757; Karayiannidis, Yiannis/0000-0001-5129-342X",,,,,,,,,,,,,2377-3766,,,,,APR,2021,6,2,,,,,2233,2239,,10.1109/LRA.2021.3058874,http://dx.doi.org/10.1109/LRA.2021.3058874,,,,,,,,,,,,,WOS:000629731200018,View Full Record in Web of Science
J,"Lin, JFS; Karg, M; Kulic, D",,,,"Lin, Jonathan Feng-Shun; Karg, Michelle; Kulic, Dana",,,Movement Primitive Segmentation for Human Motion Modeling: A Framework for Analysis,IEEE TRANSACTIONS ON HUMAN-MACHINE SYSTEMS,,,,,,,,,,,,,,,,,"Lin, Jonathan/I-4346-2019","Kulic, Dana/0000-0002-4169-2141; Lin, Jonathan/0000-0002-0008-7199",,,,,,,,,,,,,2168-2291,2168-2305,,,,JUN,2016,46,3,,,,,325,339,,10.1109/THMS.2015.2493536,http://dx.doi.org/10.1109/THMS.2015.2493536,,,,,,,,,,,,,WOS:000376110800001,View Full Record in Web of Science
J,"Shi, F; Zhao, M; Anzai, T; Ito, K; Chen, XY; Nozawa, S; Okadaa, K; Inabaa, M",,,,"Shi, Fan; Zhao, Moju; Anzai, Tomoki; Ito, Keita; Chen, Xiangyu; Nozawa, Shunichi; Okadaa, Kei; Inabaa, Masayuki",,,Multi-rigid-body dynamics and online model predictive control for transformable multi-links aerial robot*,ADVANCED ROBOTICS,,,,,,,,,,,,,,,,,,,,,,,,,,,,,,,0169-1864,1568-5535,,,,OCT 2,2019,33,19,,,,,971,984,,10.1080/01691864.2019.1660710,http://dx.doi.org/10.1080/01691864.2019.1660710,,SEP 2019,,,,,,,,,,,WOS:000485897800001,View Full Record in Web of Science
J,"Lai, SP; Lan, ML; Chen, B",,,,"Lai, Shupeng; Lan, Menglu; Chen, Ben M.",,,Model Predictive Local Motion Planning With Boundary State Constrained Primitives,IEEE ROBOTICS AND AUTOMATION LETTERS,,,,,,,,,,,,,,,,,"lai, shupeng/AAE-5636-2022; Chen, Ben/I-4469-2013","Lai, Shupeng/0000-0003-2597-5392",,,,,,,,,,,,,2377-3766,,,,,OCT,2019,4,4,,,,,3577,3584,,10.1109/LRA.2019.2928255,http://dx.doi.org/10.1109/LRA.2019.2928255,,,,,,,,,,,,,WOS:000477983400022,View Full Record in Web of Science
C,"Vonásek, V; Vick, A; Saska, M",,,IEEE,"Vonasek, Vojtech; Vick, Axel; Saska, Martin",,,Motion Planning with Motion Primitives for Industrial Bin Picking,2017 22ND IEEE INTERNATIONAL CONFERENCE ON EMERGING TECHNOLOGIES AND FACTORY AUTOMATION (ETFA),IEEE International Conference on Emerging Technologies and Factory Automation-ETFA,,,,22nd IEEE International Conference on Emerging Technologies and Factory Automation (ETFA),"SEP 12-15, 2017","Limassol, CYPRUS","IEEE,ABB,ies,Univ Cyprus,Dept Elect Comp Engn",,,,,,,,,"Saska, Martin/L-3669-2013; Vonásek, Vojtěch/GRJ-7653-2022",,,,,,,,,,,,,,1946-0740,1946-0759,978-1-5090-6505-9,,,,2017,,,,,,,,,,,,,,,,,,,,,,,,WOS:000427812000194,View Full Record in Web of Science
J,"Denisa, M; Gams, A; Ude, A; Petric, T",,,,"Denisa, Miha; Gams, Andrej; Ude, Ales; Petric, Tadej",,,Learning Compliant Movement Primitives Through Demonstration and Statistical Generalization,IEEE-ASME TRANSACTIONS ON MECHATRONICS,,,,,,,,,,,,,,,,,"Deniša, Miha/AAE-5331-2019; Petric, Tadej/AAS-2471-2021; Ude, Aleš/ABB-7839-2020","Ude, Ales/0000-0003-3677-3972; Denisa, Miha/0000-0002-9478-4656; Petric, Tadej/0000-0002-3407-4206; Gams, Andrej/0000-0002-9803-3593",,,,,,,,,,,,,1083-4435,1941-014X,,,,OCT,2016,21,5,,,,,2581,2594,,10.1109/TMECH.2015.2510165,http://dx.doi.org/10.1109/TMECH.2015.2510165,,,,,,,,,,,,,WOS:000382472600033,View Full Record in Web of Science
J,"Zhang, N; Zhao, YJ; Dai, SL",,,,"Zhang, Ning; Zhao, Yongjia; Dai, Shuling",,,A Code-Free Interactive Task Programming Interface for Robot Skill Construction,ARABIAN JOURNAL FOR SCIENCE AND ENGINEERING,,,,,,,,,,,,,,,,,"Zhang, Ning/J-8879-2015; Zhao, Yongjia/JSK-6472-2023","Zhao, Yongjia/0000-0002-4557-9066",,,,,,,,,,,,,2193-567X,2191-4281,,,,2024 SEP 19,2024,,,,,,,,,,10.1007/s13369-024-09592-4,http://dx.doi.org/10.1007/s13369-024-09592-4,,SEP 2024,,,,,,,,,,,WOS:001321099300002,View Full Record in Web of Science
J,"Perovic, G; Iori, F; Mazzeo, A; Controzzi, M; Falotico, E",,,,"Perovic, Gojko; Iori, Francesco; Mazzeo, Angela; Controzzi, Marco; Falotico, Egidio",,,Adaptive Robot-Human Handovers With Preference Learning,IEEE ROBOTICS AND AUTOMATION LETTERS,,,,,,,,,,,,,,,,,"Controzzi, Marco/F-4787-2010; Perovic, Gojko/LFU-0990-2024","PEROVIC, Gojko/0000-0002-6079-1559; controzzi, marco/0000-0003-2135-0707; Iori, Francesco/0000-0001-9860-1901; Falotico, Egidio/0000-0001-8060-8080",,,,,,,,,,,,,2377-3766,,,,,OCT,2023,8,10,,,,,6331,6338,,10.1109/LRA.2023.3306280,http://dx.doi.org/10.1109/LRA.2023.3306280,,,,,,,,,,,,,WOS:001059582500001,View Full Record in Web of Science
J,"Shao, L; Migimatsu, T; Zhang, Q; Yang, KR; Bohg, J",,,,"Shao, Lin; Migimatsu, Toki; Zhang, Qiang; Yang, Karen; Bohg, Jeannette",,,Concept2Robot: Learning manipulation concepts from instructions and human demonstrations,INTERNATIONAL JOURNAL OF ROBOTICS RESEARCH,,,,,,,,,,,,,,,,,"Zhang, Qiang/IWU-5000-2023; Bohg, Jeannette/AAD-4010-2019","Shao, Lin/0000-0002-3412-5755; Bohg, Jeannette/0000-0002-4921-7193",,,,,,,,,,,,,0278-3649,1741-3176,,,,DEC,2021,40,12-14,,,SI,,1419,1434,2783649211046285,10.1177/02783649211046285,http://dx.doi.org/10.1177/02783649211046285,,OCT 2021,,,,,,,,,,,WOS:000709456500001,View Full Record in Web of Science
C,"Wang, LK; Jia, SY; Wang, GY; Turner, A; Ratchev, S",,,IEEE,"Wang, Likun; Jia, Shuya; Wang, Guoyan; Turner, Alison; Ratchev, Svetan",,,Enhancing Learning Capabilities of Movement Primitives under Distributed Probabilistic Framework for Assembly Tasks,"2020 IEEE INTERNATIONAL CONFERENCE ON SYSTEMS, MAN, AND CYBERNETICS (SMC)",IEEE International Conference on Systems Man and Cybernetics Conference Proceedings,,,,"IEEE International Conference on Systems, Man, and Cybernetics (SMC)","OCT 11-14, 2020",ELECTR NETWORK,"IEEE,IEEE Syst Man & Cybernet Soc,IEEE Brain,Intheon,Guger Technologies",,,,,,,,,,"Ratchev, Svetan/0000-0001-9955-2806",,,,,,,,,,,,,1062-922X,,978-1-7281-8526-2,,,,2020,,,,,,,3832,3838,,10.1109/smc42975.2020.9283066,http://dx.doi.org/10.1109/smc42975.2020.9283066,,,,,,,,,,,,,WOS:000687430603135,View Full Record in Web of Science
J,"Ijspeert, AJ; Nakanishi, J; Hoffmann, H; Pastor, P; Schaal, S",,,,"Ijspeert, Auke Jan; Nakanishi, Jun; Hoffmann, Heiko; Pastor, Peter; Schaal, Stefan",,,Dynamical Movement Primitives: Learning Attractor Models for Motor Behaviors,NEURAL COMPUTATION,,,,,,,,,,,,,,,,,"NAKANISHI, Jun/H-2616-2011","Ijspeert, Auke Jan/0000-0003-1417-9980; Hoffmann, Heiko/0000-0003-3817-5626",,,,,,,,,,,,,0899-7667,1530-888X,,,,FEB,2013,25,2,,,,,328,373,,10.1162/NECO_a_00393,http://dx.doi.org/10.1162/NECO_a_00393,,,,,,,,23148415,,,,,WOS:000313403600002,View Full Record in Web of Science
C,"Wang, JS; Li, K",,,IEEE,"Wang, Jiashuai; Li, Ke",,,Humanoid Grasping with Multi-Finger Dexterous Hands Based on DM-KMP,"2024 WRC SYMPOSIUM ON ADVANCED ROBOTICS AND AUTOMATION, WRC SARA",WRC Symposium on Advanced Robotics and Automation,,,,6th World Robot Conference (WRC) / Symposium on Advanced Robotics and Automation (SARA),"AUG 23, 2024","Beijing, PEOPLES R CHINA","IEEE,IEEE Robot & Automat Soc,Chinese Inst Elect,Univ Hong Kong,Tohoku Univ,Chinese Acad Sci, Shenyang Inst Automat,So Univ Sci & Technol,Chiba Inst Technol,Texas State Univ,City Univ Hong Kong,Carl Ossietzky Univ Oldenburg,S Univ Sci & Technol China,Beihang Univ,Beijing Univ Posts & Telecommunicat,Chinese Univ Hong Kong",,,,,,,,,,,,,,,,,,,,,,,2835-3366,,979-8-3315-0610-0,,,,2024,,,,,,,34,39,,10.1109/WRCSARA64167.2024.10685732,http://dx.doi.org/10.1109/WRCSARA64167.2024.10685732,,,,,,,,,,,,,WOS:001327761400006,View Full Record in Web of Science
C,"Mghames, S; Hanheide, M; Ghalamzan, EA",,,IEEE,"Mghames, Sariah; Hanheide, Marc; Ghalamzan, Amir E.",,,Interactive Movement Primitives: Planning to Push Occluding Pieces for Fruit Picking,2020 IEEE/RSJ INTERNATIONAL CONFERENCE ON INTELLIGENT ROBOTS AND SYSTEMS (IROS),IEEE International Conference on Intelligent Robots and Systems,,,,IEEE/RSJ International Conference on Intelligent Robots and Systems (IROS),"OCT 24-JAN 24, 2020-2021",ELECTR NETWORK,"IEEE,RSJ",,,,,,,,,"Hanheide, Marc/AAO-9299-2021; Ghalamzan-E, Amir/HIR-8945-2022","Mghames, Sariah/0000-0001-8197-8016; Ghalamzan Esfahani, Amir M./0000-0003-4589-0185; Hanheide, Marc/0000-0001-7728-1849",,,,,,,,,,,,,2153-0858,,978-1-7281-6212-6,,,,2020,,,,,,,2616,2623,,10.1109/IROS45743.2020.9341728,http://dx.doi.org/10.1109/IROS45743.2020.9341728,,,,,,,,,,,,,WOS:000714033801010,View Full Record in Web of Science
J,"Qiu, SY; Guo, W; Zha, FS; Deng, J; Wang, X",,,,"Qiu, Shiyin; Guo, Wei; Zha, Fusheng; Deng, Jing; Wang, Xin",,,Exoskeleton Active Walking Assistance Control Framework Based on Frequency Adaptive Dynamics Movement Primitives,FRONTIERS IN NEUROROBOTICS,,,,,,,,,,,,,,,,,"Guo, Wei/KJM-4941-2024",,,,,,,,,,,,,,1662-5218,,,,,MAY 20,2021,15,,,,,,,,672582,10.3389/fnbot.2021.672582,http://dx.doi.org/10.3389/fnbot.2021.672582,,,,,,,,34093160,,,,,WOS:000657305600001,View Full Record in Web of Science
J,"Prakash, R; Behera, L",,,,"Prakash, Ravi; Behera, Laxmidhar",,,Neural Optimal Control for Constrained Visual Servoing via Learning From Demonstration,IEEE TRANSACTIONS ON AUTOMATION SCIENCE AND ENGINEERING,,,,,,,,,,,,,,,,,"Prakash, Ravi/JYP-0200-2024; Behera, Laxmidhar/J-3423-2017","Behera, Laxmidhar/0000-0003-1879-5609; Prakash, Ravi/0000-0002-9058-434X",,,,,,,,,,,,,1545-5955,1558-3783,,,,JUL,2024,21,3,1,,,,2987,3000,,10.1109/TASE.2023.3272739,http://dx.doi.org/10.1109/TASE.2023.3272739,,,,,,,,,,,,,WOS:001335808200073,View Full Record in Web of Science
C,"Mao, R; Yang, YZ; Fermüller, C; Aloimonos, Y; Baras, JS",,,IEEE,"Mao, Ren; Yang, Yezhou; Fermueller, Cornelia; Aloimonos, Yiannis; Baras, John S.",,,Learning Hand Movements from Markerless Demonstrations for Humanoid Tasks,2014 14TH IEEE-RAS INTERNATIONAL CONFERENCE ON HUMANOID ROBOTS (HUMANOIDS),IEEE-RAS International Conference on Humanoid Robots,,,,14th IEEE-RAS International Conference on Humanoid Robots (Humanoids),"NOV 18-20, 2014","Madrid, SPAIN",IEEE RAS,,,,,,,,,"Aloimonos, Yiannis/AAI-2969-2020",,,,,,,,,,,,,,2164-0572,,978-1-4799-7174-9,,,,2014,,,,,,,938,943,,,,,,,,,,,,,,,,WOS:000392843800149,View Full Record in Web of Science
J,"Frank, F; Paraschos, A; van der Smagt, P; Cseke, B",,,,"Frank, Felix; Paraschos, Alexandros; van der Smagt, Patrick; Cseke, Botond",,,Constrained Probabilistic Movement Primitives for Robot Trajectory Adaptation,IEEE TRANSACTIONS ON ROBOTICS,,,,,,,,,,,,,,,,,,"van der Smagt, Patrick/0000-0003-4418-4916; Frank, Felix/0000-0002-7224-5838",,,,,,,,,,,,,1552-3098,1941-0468,,,,AUG,2022,38,4,,,,,2276,2294,,10.1109/TRO.2021.3127108,http://dx.doi.org/10.1109/TRO.2021.3127108,,,,,,,,,,,,,WOS:000836666300022,View Full Record in Web of Science
J,"Su, JH; Meng, Y; Wang, LL; Yang, X",,,,"Su, Jianhua; Meng, Yan; Wang, Lili; Yang, Xu",,,Learning to Assemble Noncylindrical Parts Using Trajectory Learning and Force Tracking,IEEE-ASME TRANSACTIONS ON MECHATRONICS,,,,,,,,,,,,,,,,,"wang, lili/HDL-7210-2022; Meng, Yan/JQV-7519-2023","su, jian hua/0000-0002-3865-0493; Yang, Xu/0000-0003-0553-4581",,,,,,,,,,,,,1083-4435,1941-014X,,,,OCT,2022,27,5,,,,,3132,3143,,10.1109/TMECH.2021.3110825,http://dx.doi.org/10.1109/TMECH.2021.3110825,,SEP 2021,,,,,,,,,,,WOS:000731658700001,View Full Record in Web of Science
C,"Abu-Dakk, FJ; Valera, A; Escalera, JA; Vallés, M; Mata, V; Abderrahim, M",,"Liu, H; Kubota, N; Zhu, X; Dillmann, R; Zhou, D",,"Abu-Dakk, Fares J.; Valera, A.; Escalera, J. A.; Valles, M.; Mata, V.; Abderrahim, M.",,,Trajectory Adaptation and Learning for Ankle Rehabilitation Using a 3-PRS Parallel Robot,"INTELLIGENT ROBOTICS AND APPLICATIONS (ICIRA 2015), PT II",Lecture Notes in Artificial Intelligence,,,,8th International Conference on Intelligent Robotics and Applications (ICIRA),"AUG 24-27, 2015","Portsmouth, ENGLAND",,,,,,,,,,"AbuDakka, Fares/M-2085-2019; Escalera, Juan/S-5460-2018; Abu-Dakka, Fares J./M-4099-2014; Mata-Amela, Vicente/C-6187-2016; Valera, Angel/Q-4476-2017; Abderrahim, Mohamed/E-3059-2017; Valles, Marina/H-9872-2018","Abu-Dakka, Fares J./0000-0001-9062-9416; Mata-Amela, Vicente/0000-0003-2255-0567; Valera, Angel/0000-0001-6843-6394; Abderrahim, Mohamed/0000-0003-4493-5927; Valles, Marina/0000-0002-6396-0098",,,,,,,,,,,,,0302-9743,1611-3349,978-3-319-22876-1; 978-3-319-22875-4,,,,2015,9245,,,,,,483,494,,10.1007/978-3-319-22876-1_41,http://dx.doi.org/10.1007/978-3-319-22876-1_41,,,,,,,,,,,,,WOS:000363957900041,View Full Record in Web of Science
C,"Gorges, N; Gaa, S; Wörn, H","Filipe, J","Cetto, JA; Ferrier, JL",,"Gorges, Nicolas; Gaa, Stefan; Woern, Heinz","Filipe, J",,Object exploration with a humanoid robot -: Using tactile and kinesthetic feedback,"ICINCO 2008: PROCEEDINGS OF THE FIFTH INTERNATIONAL CONFERENCE ON INFORMATICS IN CONTROL, AUTOMATION AND ROBOTICS, VOL RA-1: ROBOTICS AND AUTOMATION, VOL 1",,,,,"5th International Conference on Informatics in Control, Automation and Robotics","MAY 11-15, 2008","Funchal, PORTUGAL","Inst Syst & Technologies Informat, Control & Commun,Univ Madeira,IEEE Syst, Man & Cybernet Soc,Int Federat Automat Control,Assoc Advancement Artificial Intelligence",,,,,,,,,,,,,,,,,,,,,,,,,978-989-8111-31-9,,,,2008,,,,,,,274,281,,,,,,,,,,,,,,,,WOS:000258900100041,View Full Record in Web of Science
S,"Petric, T; Gams, A; Likar, N; Zlajpah, L",,"Carbone, G; GomezBravo, F",,"Petric, T.; Gams, A.; Likar, N.; Zlajpah, L.",,,Obstacle Avoidance with Industrial Robots,MOTION AND OPERATION PLANNING OF ROBOTIC SYSTEMS: BACKGROUND AND PRACTICAL APPROACHES,Mechanisms and Machine Science,,,,,,,,,,,,,,,,"Petric, Tadej/AAS-2471-2021","Gams, Andrej/0000-0002-9803-3593; Petric, Tadej/0000-0002-3407-4206",,,,,,,,,,,,,2211-0984,2211-0992,978-3-319-14705-5; 978-3-319-14704-8,,,,2015,29,,,,,,113,145,,10.1007/978-3-319-14705-5_5,http://dx.doi.org/10.1007/978-3-319-14705-5_5,10.1007/978-3-319-14705-5,,,,,,,,,,,,WOS:000372415500006,View Full Record in Web of Science
C,"Tan, DP; Cao, GZ; Zhang, YP; Chen, JC; Li, LL",,,IEEE,"Tan, Dong-Po; Cao, Guang-Zhong; Zhang, Yue-Peng; Chen, Jiang-Cheng; Li, Ling-Long",,,Safe Movement Planning with DMP and CBF for Lower Limb Rehabilitation Exoskeleton,2022 19TH INTERNATIONAL CONFERENCE ON UBIQUITOUS ROBOTS (UR),,,,,19th International Conference on Ubiquitous Robots (UR),"JUL 04-06, 2022","Jeju, SOUTH KOREA",,,,,,,,,,"Chen, Jiangcheng/LZF-9002-2025",,,,,,,,,,,,,,,,978-1-6654-8253-0,,,,2022,,,,,,,231,236,,10.1109/UR55393.2022.9826262,http://dx.doi.org/10.1109/UR55393.2022.9826262,,,,,,,,,,,,,WOS:000922068300037,View Full Record in Web of Science
J,"Brescianini, D; D'Andrea, R",,,,"Brescianini, Dario; D'Andrea, Raffaello",,,Computationally Efficient Trajectory Generation for Fully Actuated Multirotor Vehicles,IEEE TRANSACTIONS ON ROBOTICS,,,,,,,,,,,,,,,,,,"D'Andrea, Raffaello/0000-0001-5287-7849",,,,,,,,,,,,,1552-3098,1941-0468,,,,JUN,2018,34,3,,,,,555,571,,10.1109/TRO.2018.2813373,http://dx.doi.org/10.1109/TRO.2018.2813373,,,,,,,,,,,,,WOS:000435196800002,View Full Record in Web of Science
C,"Singla, A; Bhattaeharya, S; Dholakiya, D; Bhatnagar, S; Ghosal, A; Amrutur, B; Kolathaya, S",,"Howard, A; Althoefer, K; Arai, F; Arrichiello, F; Caputo, B; Castellanos, J; Hauser, K; Isler, V; Kim, J; Liu, H; Oh, P; Santos, V; Scaramuzza, D; Ude, A; Voyles, R; Yamane, K; Okamura, A",IEEE,"Singla, Abhik; Bhattaeharya, Shounak; Dholakiya, Dhaivat; Bhatnagar, Shalabh; Ghosal, Ashitava; Amrutur, Bharadwaj; Kolathaya, Shishir",,,Realizing Learned Quadruped Locomotion Behaviors through Kinematic Motion Primitives,2019 INTERNATIONAL CONFERENCE ON ROBOTICS AND AUTOMATION (ICRA),IEEE International Conference on Robotics and Automation ICRA,,,,IEEE International Conference on Robotics and Automation (ICRA),"MAY 20-24, 2019","Montreal, CANADA","Bosch,DJI,Kinova,Mercedes Benz,Samsung,Argo AI,Clearpath Robot,Element AI,Fetch Robot,Huawei,iRobot,KUKA,Quanser,SICK,Toyota Res Inst,Uber,Waymo,Zhejiang Lab,Amazon,Applanix,Cloudminds,Honda Res Inst,MathWorks,Ouster",,,,,,,,,,"Singla, Abhik/0000-0001-7846-7610; Bhatnagar, Shalabh/0000-0001-7644-3914; Nadubettu Yadukumar Kolathaya, Shishir/0000-0001-8689-2318",,,,,,,,,,,,,1050-4729,2577-087X,978-1-5386-6026-3,,,,2019,,,,,,,7434,7440,,10.1109/icra.2019.8794179,http://dx.doi.org/10.1109/icra.2019.8794179,,,,,,,,,,,,,WOS:000494942305062,View Full Record in Web of Science
C,"Garcia, M; Stasse, O; Hayet, JB; Esteves, C; Laumond, JP",,,IEEE,"Garcia, Mauricio; Stasse, Olivier; Hayet, Jean-Bernard; Esteves, Claudia; Laumond, Jean-Paul",,,Vision-based motion primitives for reactive walking,2013 13TH IEEE-RAS INTERNATIONAL CONFERENCE ON HUMANOID ROBOTS (HUMANOIDS),IEEE-RAS International Conference on Humanoid Robots,,,,13th IEEE-RAS International Conference on Humanoid Robots (Humanoids),"OCT 15-17, 2013","Atlanta, GA",IEEE RAS,,,,,,,,,"Hayet, Jean-Bernard/AAQ-8527-2020; Stasse, Olivier/E-6220-2010","STASSE, Olivier/0000-0001-8569-6155",,,,,,,,,,,,,2164-0572,,978-1-4799-2619-0,,,,2013,,,,,,,286,291,,,,,,,,,,,,,,,,WOS:000396584300043,View Full Record in Web of Science
J,"Zhu, YH; Wu, QC; Chen, B; Zhang, Q; Li, Q; Zheng, LL; Wu, HT",,,,"Zhu, Yanghui; Wu, Qingcong; Chen, Bai; Zhang, Qiang; Li, Qiang; Zheng, Linliang; Wu, Hongtao",,,A Real-Time Gait Recognition and Trajectory Prediction Scheme for Exoskeleton During Continuous Multilocomotion Tasks,IEEE TRANSACTIONS ON INSTRUMENTATION AND MEASUREMENT,,,,,,,,,,,,,,,,,,,,,,,,,,,,,,,0018-9456,1557-9662,,,,,2025,74,,,,,,,,7502511,10.1109/TIM.2025.3545854,http://dx.doi.org/10.1109/TIM.2025.3545854,,,,,,,,,,,,,WOS:001442806700005,View Full Record in Web of Science
C,"Onda, H",,,IEEE; IEEE,"Onda, H",,,Teaching of assembly motion by demonstration - Artificial constrained motion primitives and its implementation using virtual small faces,PROCEEDINGS OF THE 2001 IEEE INTERNATIONAL SYMPOSIUM ON ASSEMBLY AND TASK PLANNING (ISATP2001): ASSEMBLY AND DISASSEMBLY IN THE TWENTY-FIRST CENTURY,,,,,4th IEEE International Symposium on Assembly and Task Planning (ISATP2001),"MAY 28-29, 2001","FUKUOKA, JAPAN","IEEE Robotics & Automat Soc,IEEE Japan,Int Inst Prod Engn Res,Japan Assoc Automat Advancement,Japan Robot Assoc,Japan Soc Mech Engineers,Japan Soc Precis Engn,Mfg Sci Technol Ctr,Robotics Soc Japan,Sensing Instrument Control Engn,Soc Automobile Engineers Japan",,,,,,,,,"Onda, Hiromu/M-3382-2016",,,,,,,,,,,,,,,,0-7803-7004-X,,,,2001,,,,,,,142,147,,10.1109/ISATP.2001.928980,http://dx.doi.org/10.1109/ISATP.2001.928980,,,,,,,,,,,,,WOS:000169644600024,View Full Record in Web of Science
C,"Akmandor, NÜ; Li, HY; Lvov, G; Dusel, E; Padir, T",,,IEEE,"Akmandor, Neset Unver; Li, Hongyu; Lvov, Gary; Dusel, Eric; Padir, Taskin",,,Deep Reinforcement Learning based Robot Navigation in Dynamic Environments using Occupancy Values of Motion Primitives,2022 IEEE/RSJ INTERNATIONAL CONFERENCE ON INTELLIGENT ROBOTS AND SYSTEMS (IROS),IEEE International Conference on Intelligent Robots and Systems,,,,IEEE/RSJ International Conference on Intelligent Robots and Systems (IROS),"OCT 23-27, 2022","Kyoto, JAPAN","IEEE,Royal Soc Japan,IEEE Robot & Automat Soc,IES,SICE,New Technol Fdn",,,,,,,,,"Padir, Taskin/JCE-6459-2023; Li, Hongyu/KGL-4818-2024","Li, Hongyu/0000-0002-4588-9929",,,,,,,,,,,,,2153-0858,,978-1-6654-7927-1,,,,2022,,,,,,,11687,11694,,10.1109/IROS47612.2022.9982133,http://dx.doi.org/10.1109/IROS47612.2022.9982133,,,,,,,,,,,,,WOS:000909405303065,View Full Record in Web of Science
C,"Orduño, C; Becker, A; Bretl, T",,,IEEE; Robotics Society of Japan,"Orduno, Carlos; Becker, Aaron; Bretl, Timothy",,,Motion Primitives for Path Following with a Self-Assembled Robotic Swimmer,2012 IEEE/RSJ INTERNATIONAL CONFERENCE ON INTELLIGENT ROBOTS AND SYSTEMS (IROS),IEEE International Conference on Intelligent Robots and Systems,,,,25th IEEE\RSJ International Conference on Intelligent Robots and Systems (IROS),"OCT 07-12, 2012","Algarve, PORTUGAL","IEEE Robot & Automat Soc (RAS),IEEE Ind Elect Soc (IES),Robot Soc Japan (RSJ),Soc Instrument & Control Engineers (SICE),New technol Fdn (NTF),Inst Control, Robot & Syst,IEEE,Adept MobileRobots,Willow Garage,Aldebaran Robot,Natl Instruments,Reflexxes GmbH,Schunk Intec S L U",,,,,,,,,"Becker, Aaron/G-6665-2019","Becker, Aaron/0000-0001-7614-6282",,,,,,,,,,,,,2153-0858,,978-1-4673-1736-8,,,,2012,,,,,,,1440,1446,,,,,,,,,,,,,,,,WOS:000317042702001,View Full Record in Web of Science
J,"He, HL; Lu, CL; Saunders, G; Wason, J; Yang, PH; Schoonover, J; Ajdelsztajn, L; Paternain, S; Julius, A; Wen, JT",,,,"He, Honglu; Lu, Chen-Lung; Saunders, Glenn; Wason, John; Yang, Pinghai; Schoonover, Jeffrey; Ajdelsztajn, Leo; Paternain, Santiago; Julius, Agung; Wen, John T.",,,Fast and Accurate Relative Motion Tracking for Dual Industrial Robots,IEEE ROBOTICS AND AUTOMATION LETTERS,,,,,,,,,,,,,,,,,"Yang, Pinghai/G-2292-2012; He, Honglu/KZU-9307-2024; Wen, John/B-4474-2008","Julius, Anak Agung/0000-0002-0970-3226; Wen, John/0000-0002-5123-5411",,,,,,,,,,,,,2377-3766,,,,,NOV,2024,9,11,,,,,10153,10160,,10.1109/LRA.2024.3471455,http://dx.doi.org/10.1109/LRA.2024.3471455,,,,,,,,,,,,,WOS:001336021900026,View Full Record in Web of Science
C,"Zhao, Y; Xiong, R; Tong, HJ; Li, C; Fang, L",,"Behnke, S; Veloso, M; Visser, A; Xiong, R",,"Zhao, Yue; Xiong, Rong; Tong, Hangjun; Li, Chuan; Fang, Li",,,ZJUNlict: RoboCup 2013 Small Size League Champion,ROBOCUP 2013: ROBOT WORLD CUP XVII,Lecture Notes in Artificial Intelligence,,,,17th International Symposium on Robot World Cup (RoboCup),"JUN 24-JUL 01, 2013","Eindhoven Univ Technol, Eindhoven, NETHERLANDS",,Eindhoven Univ Technol,,,,,,,,"Xiong, Rong/L-4422-2013",,,,,,,,,,,,,,0302-9743,1611-3349,978-3-662-44468-9; 978-3-662-44467-2,,,,2014,8371,,,,,,92,103,,,,,,,,,,,,,,,,WOS:000349024200009,View Full Record in Web of Science
C,"Innes, C; Ramamoorthy, S",,"Toussaint, M; Bicchi, A; Hermans, T",,"Innes, Craig; Ramamoorthy, Subramanian",,,Elaborating on Learned Demonstrations with Temporal Logic Specifications,ROBOTICS: SCIENCE AND SYSTEMS XVI,,,,,16th Conference on Robotics - Science and Systems,"JUL 12-16, 2020",ELECTR NETWORK,,,,,,,,,,,,,,,,,,,,,,,,,,978-0-9923747-6-1,,,,2020,,,,,,,,,,,,,,,,,,,,,,,,WOS:000570976900004,View Full Record in Web of Science
C,"Fu, J; Wang, CQ; Du, JY; Luo, F; Yang, CG",,,IEEE,"Fu, Jian; Wang, Chaoqi; Du, Jinyu; Luo, Fan; Yang, Chenguang",,,Robot Motion Skills Acquisition Method Based on GU-ProMPs and Reinforcement Learning,2019 WORLD ROBOT CONFERENCE SYMPOSIUM ON ADVANCED ROBOTICS AND AUTOMATION (WRC SARA 2019),,,,,2nd World Robot Conference (WRC) / Symposium on Advanced Robotics and Automation (WRC SARA),"AUG 21, 2019","Beijing, PEOPLES R CHINA","IEEE,Chinese Institute of Electronics,IEEE Robotics & Automation Society,Tohoku Univ,Chiba Inst Technol",,,,,,,,,"Yang, Chenguang/AAJ-2509-2020; Fu, Jian/AFY-2041-2022","Yang, Chenguang/0000-0001-5255-5559",,,,,,,,,,,,,,,978-1-7281-5552-4,,,,2019,,,,,,,302,308,,,,,,,,,,,,,,,,WOS:000526063400050,View Full Record in Web of Science
C,"Oikonomou, P; Dometios, A; Khamassi, M; Tzafestas, CS",,,IEEE,"Oikonomou, Paris; Dometios, Athanasios; Khamassi, Mehdi; Tzafestas, Costas S.",,,Online prediction of novel trajectories using a library of movement primitives,"2024 IEEE INTERNATIONAL CONFERENCE ON DEVELOPMENT AND LEARNING, ICDL 2024",IEEE International Conference on Development and Learning,,,,IEEE International Conference on Development and Learning (ICDL),"MAY 20-23, 2024","Austin, TX","IEEE,IEEE Computat Intelligence Soc,Univ Texas Austin, Dept Psychol, Coll Liberal Arts,Indiana Univ, Luddy Artificial Intelligence Ctr",,,,,,,,,"Khamassi, Mehdi/B-2425-2012",,,,,,,,,,,,,,,,979-8-3503-4856-9; 979-8-3503-4855-2,,,,2024,,,,,,,,,,10.1109/ICDL61372.2024.10644595,http://dx.doi.org/10.1109/ICDL61372.2024.10644595,,,,,,,,,,,,,WOS:001338553000016,View Full Record in Web of Science
J,"Vuga, R; Nemec, B; Ude, A",,,,"Vuga, Rok; Nemec, Bojan; Ude, Ales",,,Enhanced Policy Adaptation Through Directed Explorative Learning,INTERNATIONAL JOURNAL OF HUMANOID ROBOTICS,,,,,14th IEEE-RAS International Conference on Humanoid Robots - Humans and Humanoids Face to Face,"NOV 18-20, 2014","Madrid, SPAIN",Univ Carlos III Madrid,,,,,,,,,"Ude, Aleš/ABB-7839-2020","Ude, Ales/0000-0003-3677-3972",,,,,,,,,,,,,0219-8436,1793-6942,,,,SEP,2015,12,3,,,SI,,,,1550028,10.1142/S0219843615500280,http://dx.doi.org/10.1142/S0219843615500280,,,,,,,,,,,,,WOS:000361569800006,View Full Record in Web of Science
C,"Conkey, A; Hermans, T",,,IEEE,"Conkey, Adam; Hermans, Tucker",,,Active Learning of Probabilistic Movement Primitives,2019 IEEE-RAS 19TH INTERNATIONAL CONFERENCE ON HUMANOID ROBOTS (HUMANOIDS),IEEE-RAS International Conference on Humanoid Robots,,,,IEEE-RAS 19th International Conference on Humanoid Robots (Humanoids),"OCT 15-17, 2019","Toronto, CANADA","IEEE, RAS",,,,,,,,,,,,,,,,,,,,,,,2164-0572,,978-1-5386-7630-1,,,,2019,,,,,,,425,432,,10.1109/humanoids43949.2019.9035026,http://dx.doi.org/10.1109/humanoids43949.2019.9035026,,,,,,,,,,,,,WOS:000563479900053,View Full Record in Web of Science
C,"Nemec, B; Ude, A",,"Rodic, A; Pisla, D; Bleuler, H",,"Nemec, Bojan; Ude, Ales",,,Robot Skill Acquisition by Demonstration and Explorative Learning,NEW TRENDS IN MEDICAL AND SERVICE ROBOTS: CHALLENGES AND SOLUTIONS,Mechanisms and Machine Science,,,,2nd Workshop on New Trends in Medical and Service Robotics (MeSRoB),"JUL, 2013","Belgrade, SERBIA",Inst Mihailo Pupin,,,,,,,,,"Ude, Aleš/ABB-7839-2020","Ude, Ales/0000-0003-3677-3972",,,,,,,,,,,,,2211-0984,2211-0992,978-3-319-05431-5; 978-3-319-05430-8,,,,2014,20,,,,,,163,175,,10.1007/978-3-319-05431-5_11,http://dx.doi.org/10.1007/978-3-319-05431-5_11,,,,,,,,,,,,,WOS:000390825000011,View Full Record in Web of Science
J,"Matos, V; Santos, CP",,,,"Matos, Vitor; Santos, Cristina P.",,,Towards goal-directed biped locomotion: Combining CPGs and motion primitives,ROBOTICS AND AUTONOMOUS SYSTEMS,,,,,,,,,,,,,,,,,"Santos, Cristina/L-8716-2014","Santos, Cristina/0000-0003-0023-7203",,,,,,,,,,,,,0921-8890,1872-793X,,,,DEC,2014,62,12,,,,,1669,1690,,10.1016/j.robot.2014.08.010,http://dx.doi.org/10.1016/j.robot.2014.08.010,,,,,,,,,,,,,WOS:000344131000001,View Full Record in Web of Science
J,"Zeng, C; Li, S; Fang, B; Chen, ZP; Zhang, JW",,,,"Zeng, Chao; Li, Shuang; Fang, Bin; Chen, Zhaopeng; Zhang, Jianwei",,,Generalization of Robot Force-Relevant Skills Through Adapting Compliant Profiles,IEEE ROBOTICS AND AUTOMATION LETTERS,,,,,,,,,,,,,,,,,,,,,,,,,,,,,,,2377-3766,,,,,APR,2022,7,2,,,,,1055,1062,,10.1109/LRA.2021.3137907,http://dx.doi.org/10.1109/LRA.2021.3137907,,,,,,,,,,,,,WOS:000736739800010,View Full Record in Web of Science
J,"Wei, Y",,,,"Wei, Yuan",,,An Intelligent Human-like Motion Planner for Anthropomorphic Arms Based on Diversified Arm Motion Models,ELECTRONICS,,,,,,,,,,,,,,,,,,,,,,,,,,,,,,,,2079-9292,,,,MAR,2023,12,6,,,,,,,1316,10.3390/electronics12061316,http://dx.doi.org/10.3390/electronics12061316,,,,,,,,,,,,,WOS:000955778700001,View Full Record in Web of Science
C,"Rozo, L; Dave, V",,"Faust, A; Hsu, D; Neumann, G",,"Rozo, Leonel; Dave, Vedant",,,Orientation Probabilistic Movement Primitives on Riemannian Manifolds,"CONFERENCE ON ROBOT LEARNING, VOL 164",Proceedings of Machine Learning Research,,,,5th Conference on Robot Learning (CoRL),"NOV 08-11, 2021","London, ENGLAND",,,,,,,,,,"Rozo, Leonel/HTP-2045-2023","Dave, Vedant/0009-0009-9992-3713",,,,,,,,,,,,,2640-3498,,,,,,2021,164,,,,,,373,383,,,,,,,,,,,,,,,,WOS:001234872300035,View Full Record in Web of Science
C,"Ridge, B; Pahic, R; Ude, A; Morimoto, J",,"Howard, A; Althoefer, K; Arai, F; Arrichiello, F; Caputo, B; Castellanos, J; Hauser, K; Isler, V; Kim, J; Liu, H; Oh, P; Santos, V; Scaramuzza, D; Ude, A; Voyles, R; Yamane, K; Okamura, A",IEEE,"Ridge, Barry; Pahic, Rok; Ude, Ales; Morimoto, Jun",,,Learning to Write Anywhere with Spatial Transformer Image-to-Motion Encoder-Decoder Networks,2019 INTERNATIONAL CONFERENCE ON ROBOTICS AND AUTOMATION (ICRA),IEEE International Conference on Robotics and Automation ICRA,,,,IEEE International Conference on Robotics and Automation (ICRA),"MAY 20-24, 2019","Montreal, CANADA","Bosch,DJI,Kinova,Mercedes Benz,Samsung,Argo AI,Clearpath Robot,Element AI,Fetch Robot,Huawei,iRobot,KUKA,Quanser,SICK,Toyota Res Inst,Uber,Waymo,Zhejiang Lab,Amazon,Applanix,Cloudminds,Honda Res Inst,MathWorks,Ouster",,,,,,,,,"Ude, Aleš/ABB-7839-2020; Ridge, Barry/KGK-3581-2024","Ridge, Barry/0000-0002-7240-8182",,,,,,,,,,,,,1050-4729,2577-087X,978-1-5386-6026-3,,,,2019,,,,,,,2111,2117,,10.1109/icra.2019.8794253,http://dx.doi.org/10.1109/icra.2019.8794253,,,,,,,,,,,,,WOS:000494942301093,View Full Record in Web of Science
C,"Lippi, V; Deimel, R",,"Gusikhin, O; Madani, K; Zaytoon, J",,"Lippi, Vittorio; Deimel, Raphael",,,"Phase Distribution in Probabilistic Movement Primitives, Representing Time Variability for the Recognition and Reproduction of Human Movements","ICINCO: PROCEEDINGS OF THE 16TH INTERNATIONAL CONFERENCE ON INFORMATICS IN CONTROL, AUTOMATION AND ROBOTICS, VOL 1",,,,,"16th International Conference on Informatics in Control, Automation and Robotics (ICINCO)","JUL 29-31, 2019","Prague, CZECH REPUBLIC",,,,,,,,,,"lippi, vittorio/JOK-7267-2023","Lippi, Vittorio/0000-0001-5520-8974",,,,,,,,,,,,,,,978-989-758-380-3,,,,2019,,,,,,,571,578,,10.5220/0007750205710578,http://dx.doi.org/10.5220/0007750205710578,,,,,,,,,,,,,WOS:000571063100066,View Full Record in Web of Science
C,"Papageorgiou, D; Argiropoulos, DE; Doulgeri, Z",,,IEEE,"Papageorgiou, Dimitrios; Argiropoulos, Despina Ekaterini; Doulgeri, Zoe",,,Dirichlet-based Dynamic Movement Primitives for encoding periodic motions with predefined accuracy,2022 31ST IEEE INTERNATIONAL CONFERENCE ON ROBOT AND HUMAN INTERACTIVE COMMUNICATION (IEEE RO-MAN 2022),,,,,"31st IEEE International Conference on Robot and Human Interactive Communication (RO-MAN) - Social, Asocial, and Antisocial Robots","AUG 29-SEP 02, 2022","Napoli, ITALY","IEEE,LuxAI,Furhat Robot,Navel Robot,PAL Robot,Prensilia s r l,Naver Labs,Paladyn Journal Behav Robot,DIETI UNINA,PERSE,EurAi,IEEE Robot & Automat Soc,Robot Soc Japan,Korea Robot Soc",,,,,,,,,"Papageorgiou, Dimitrios/T-6051-2019","ARGIROPOULOS, DESPINA - EKATERINI/0000-0001-8298-6384; Papageorgiou, Dimitrios/0000-0003-0361-8757",,,,,,,,,,,,,,,978-1-7281-8859-1,,,,2022,,,,,,,1146,1152,,10.1109/RO-MAN53752.2022.9900755,http://dx.doi.org/10.1109/RO-MAN53752.2022.9900755,,,,,,,,,,,,,WOS:000885903300164,View Full Record in Web of Science
C,"Karlsson, M; Carlson, FB; Robertsson, A; Johansson, R",,,,"Karlsson, Martin; Carlson, Fredrik Bagge; Robertsson, Anders; Johansson, Rolf",,,Two-Degree-of-Freedom Control for Trajectory Tracking and Perturbation Recovery during Execution of Dynamical Movement Primitives,IFAC PAPERSONLINE,,,,,20th World Congress of the International-Federation-of-Automatic-Control (IFAC),"JUL 09-14, 2017","Toulouse, FRANCE","Int Federat Automat Control,Continental Automot,Occitanie Reg,Toulouse Metropole,CNES,Univ Toulouse III,Paul Sabatier,Inria,CNRS,OPTITRACK,MDPI,ISAE Supaero,iCODE,EECI,Int Journal Automat & Comp,IEEE CAA Journal Automatica Sinica,Moveo",,,,,,,,,"Johansson, Rolf/C-1845-2013; Carlson, Fredrik/AAD-8765-2019; Karlsson, Martin/HJA-5957-2022","Johansson, Rolf/0000-0002-0786-8561",,,,,,,,,,,,,2405-8963,,,,,,2017,50,1,,,,,1923,1930,,10.1016/j.ifacol.2017.08.383,http://dx.doi.org/10.1016/j.ifacol.2017.08.383,,,,,,,,,,,,,WOS:000423845200311,View Full Record in Web of Science
J,"Moro, FL; Tsagarakis, NG; Caldwell, DG",,,,"Moro, Federico L.; Tsagarakis, Nikos G.; Caldwell, Darwin G.",,,Walking in the resonance with the COMAN robot with trajectories based on human kinematic motion primitives (kMPs),AUTONOMOUS ROBOTS,,,,,,,,,,,,,,,,,"Caldwell, Darwin/E-9954-2018","MORO, FEDERICO LORENZO/0000-0003-1841-7130; Caldwell, Darwin/0000-0002-6233-9961",,,,,,,,,,,,,0929-5593,1573-7527,,,,APR,2014,36,4,,,,,331,347,,10.1007/s10514-013-9357-9,http://dx.doi.org/10.1007/s10514-013-9357-9,,,,,,,,,,,,,WOS:000331978600003,View Full Record in Web of Science
C,"Haddadin, S; Weitschat, R; Huber, F; Özparpucu, MC; Mansfeld, N; Albu-Schäffer, A",,"Inaba, M; Corke, P",,"Haddadin, Sami; Weitschat, Roman; Huber, Felix; Oezparpucu, Mehmet Can; Mansfeld, Nico; Albu-Schaeffer, Alin",,,Optimal Control for Viscoelastic Robots and Its Generalization in Real-Time,"ROBOTICS RESEARCH, ISRR",Springer Tracts in Advanced Robotics,,,,16th International Symposium on Robotics Research (ISSR),"DEC 16-19, 2013","Singapore, SINGAPORE","A STAR Agcy Sci, Technol & Res,Int Fdn Robot Res,Toyota,KUKA",,,,,,,,,"; Albu-Schaffer, Alin/I-6736-2016","Haddadin, Sami/0000-0001-7696-4955; Albu-Schaffer, Alin/0000-0001-5343-9074",,,,,,,,,,,,,1610-7438,,978-3-319-28872-7; 978-3-319-28870-3,,,,2016,114,,,,,,131,148,,10.1007/978-3-319-28872-7_8,http://dx.doi.org/10.1007/978-3-319-28872-7_8,,,,,,,,,,,,,WOS:000386325300008,View Full Record in Web of Science
J,"Lu, ZY; Chen, L; Dai, HT; Li, HR; Zhao, Z; Zheng, BF; Lepora, NF; Yang, CG",,,,"Lu, Zhenyu; Chen, Lu; Dai, Hengtai; Li, Haoran; Zhao, Zhou; Zheng, Bofang; Lepora, Nathan F. F.; Yang, Chenguang",,,Visual-Tactile Robot Grasping Based on Human Skill Learning From Demonstrations Using a Wearable Parallel Hand Exoskeleton,IEEE ROBOTICS AND AUTOMATION LETTERS,,,,,,,,,,,,,,,,,"Yang, Chenguang/ABE-7755-2020; Lepora, Nathan/IUP-6849-2023; lu, zhenyu/AAH-5454-2019; Chen, Lu/L-8052-2019; Wang, Wen/HKV-9621-2023","zhenyu, lu/0000-0002-5446-7285; Lepora, Nathan/0000-0001-5327-1523; Yang, Chenguang/0000-0001-5255-5559; Li, Haoran/0000-0001-8815-073X",,,,,,,,,,,,,2377-3766,,,,,SEP,2023,8,9,,,,,5384,5391,,10.1109/LRA.2023.3295296,http://dx.doi.org/10.1109/LRA.2023.3295296,,,,,,,,,,,,,WOS:001036073300004,View Full Record in Web of Science
C,"Solak, G; Jamone, L",,,IEEE,"Solak, Gokhan; Jamone, Lorenzo",,,Learning by Demonstration and Robust Control of Dexterous In-Hand Robotic Manipulation Skills,2019 IEEE/RSJ INTERNATIONAL CONFERENCE ON INTELLIGENT ROBOTS AND SYSTEMS (IROS),IEEE International Conference on Intelligent Robots and Systems,,,,IEEE/RSJ International Conference on Intelligent Robots and Systems (IROS),"NOV 04-08, 2019","Macau, PEOPLES R CHINA","IEEE,RSJ",,,,,,,,,"Jamone, Lorenzo/Q-8633-2016",,,,,,,,,,,,,,2153-0858,,978-1-7281-4004-9,,,,2019,,,,,,,8246,8251,,10.1109/iros40897.2019.8967567,http://dx.doi.org/10.1109/iros40897.2019.8967567,,,,,,,,,,,,,WOS:000544658406087,View Full Record in Web of Science
C,"Hammoud, A; Diouf, A; Perdereau, V",,,IEEE,"Hammoud, Ali; Diouf, Alioune; Perdereau, Veronique",,,A robotic in-hand manipulation dictionary based on human data,2021 20TH INTERNATIONAL CONFERENCE ON ADVANCED ROBOTICS (ICAR),,,,,20th International Conference on Advanced Robotics (ICAR),"DEC 07-10, 2021",ELECTR NETWORK,"IEEE Robot & Automat Soc,Jozef Stefan Inst,Univ Ljubljana, Fac Elect Engn,Univ Verona, Dept Comp Sci",,,,,,,,,,,,,,,,,,,,,,,,,978-1-6654-3684-7,,,,2021,,,,,,,961,967,,10.1109/ICAR53236.2021.9659421,http://dx.doi.org/10.1109/ICAR53236.2021.9659421,,,,,,,,,,,,,WOS:000766318900145,View Full Record in Web of Science
J,"Kulak, T; Girgin, H; Odobez, JM; Calinon, S",,,,"Kulak, Thibaut; Girgin, Hakan; Odobez, Jean-Marc; Calinon, Sylvain",,,Active Learning of Bayesian Probabilistic Movement Primitives,IEEE ROBOTICS AND AUTOMATION LETTERS,,,,,,,,,,,,,,,,,"Odobez, Jean-Marc/B-1426-2010","Odobez, Jean-Marc/0000-0002-9537-9898; Girgin, Hakan/0000-0002-4776-7888",,,,,,,,,,,,,2377-3766,,,,,APR,2021,6,2,,,,,2163,2170,,10.1109/LRA.2021.3060414,http://dx.doi.org/10.1109/LRA.2021.3060414,,,,,,,,,,,,,WOS:000629731200009,View Full Record in Web of Science
C,"Reinhart, RF; Steil, JJ",,,IEEE,"Reinhart, Rene Felix; Steil, Jochen Jakob",,,Efficient Policy Search with a Parameterized Skill Memory,2014 IEEE/RSJ INTERNATIONAL CONFERENCE ON INTELLIGENT ROBOTS AND SYSTEMS (IROS 2014),IEEE International Conference on Intelligent Robots and Systems,,,,IEEE/RSJ International Conference on Intelligent Robots and Systems (IROS),"SEP 14-18, 2014","Chicago, IL","IEEE,Robot Soc Japan,RA,SICE,IES,New Technol Fdn",,,,,,,,,,,,,,,,,,,,,,,2153-0858,,978-1-4799-6934-0,,,,2014,,,,,,,1400,1407,,,,,,,,,,,,,,,,WOS:000349834601074,View Full Record in Web of Science
C,"Wang, YK; Wang, HP",,,IEEE,"Wang, Yikai; Wang, Haoping",,,Gait Learning for Lower Limb Rehabilitation Exoskeleton using Dynamical Movement Primitives based on General Regression Neural Networks,2020 CHINESE AUTOMATION CONGRESS (CAC 2020),Chinese Automation Congress,,,,Chinese Automation Congress (CAC),"NOV 06-08, 2020","Shanghai, PEOPLES R CHINA","IEEE,CAA,IEEE Syst, Man, & Cybernet Soc",,,,,,,,,"Wang, Haoping/A-5455-2013",,,,,,,,,,,,,,2688-092X,2688-0938,978-1-7281-7687-1,,,,2020,,,,,,,7046,7051,,10.1109/CAC51589.2020.9326899,http://dx.doi.org/10.1109/CAC51589.2020.9326899,,,,,,,,,,,,,WOS:000678697007029,View Full Record in Web of Science
J,"Abondance, S; Teeple, CB; Wood, RJ",,,,"Abondance, Sylvain; Teeple, Clark B.; Wood, Robert J.",,,A Dexterous Soft Robotic Hand for Delicate In-Hand Manipulation,IEEE ROBOTICS AND AUTOMATION LETTERS,,,,,,,,,,,,,,,,,,"Teeple, Clark/0000-0003-3789-4944",,,,,,,,,,,,,2377-3766,,,,,OCT,2020,5,4,,,,,5502,5509,,10.1109/LRA.2020.3007411,http://dx.doi.org/10.1109/LRA.2020.3007411,,,,,,,,,,,,,WOS:000552652100013,View Full Record in Web of Science
C,"Cappelleri, DJ; Fu, ZB",,,IEEE,"Cappelleri, David J.; Fu, Zhenbo",,,"Towards Flexible, Automated Microassembly with Caging Micromanipulation",2013 IEEE INTERNATIONAL CONFERENCE ON ROBOTICS AND AUTOMATION (ICRA),IEEE International Conference on Robotics and Automation ICRA,,,,IEEE International Conference on Robotics and Automation (ICRA),"MAY 06-10, 2013","Karlsruhe, GERMANY",IEEE,,,,,,,,,,,,,,,,,,,,,,,1050-4729,2577-087X,978-1-4673-5641-1; 978-1-4673-5643-5,,,,2013,,,,,,,1427,1432,,,,,,,,,,,,,,,,WOS:000337617301064,View Full Record in Web of Science
J,"Seleem, IA; El-Hussieny, H; Assal, SFM; Ishii, H",,,,"Seleem, Ibrahim A.; El-Hussieny, Haitham; Assal, Samy F. M.; Ishii, Hiroyuki",,,Development and Stability Analysis of an Imitation Learning-Based Pose Planning Approach for Multi-Section Continuum Robot,IEEE ACCESS,,,,,,,,,,,,,,,,,"Seleem, Ibrahim/AAY-4848-2020; Assal, Samy/JGE-4513-2023; El-Hussieny, Haitham/HPB-7162-2023","Assal, Samy F. M./0000-0002-7997-4363; Seleem, Ibrahim/0000-0002-3733-4982; El-Hussieny, Haitham/0000-0002-2296-616X",,,,,,,,,,,,,2169-3536,,,,,,2020,8,,,,,,99366,99379,,10.1109/ACCESS.2020.2997636,http://dx.doi.org/10.1109/ACCESS.2020.2997636,,,,,,,,,,,,,WOS:000541127800037,View Full Record in Web of Science
C,"Paranjape, AA; Meier, KC; Shi, XC; Chung, SJ; Hutchinson, S",,"Amato, N",,"Paranjape, Aditya A.; Meier, Kevin C.; Shi, Xichen; Chung, Soon-Jo; Hutchinson, Seth",,,Motion Primitives and 3-D Path Planning for Fast Flight through a Forest,2013 IEEE/RSJ INTERNATIONAL CONFERENCE ON INTELLIGENT ROBOTS AND SYSTEMS (IROS),IEEE International Conference on Intelligent Robots and Systems,,,,IEEE/RSJ International Conference on Intelligent Robots and Systems (IROS),"NOV 03-08, 2013","Tokyo, JAPAN","IEEE,IEEE Robot & Automat Soc,IEEE Ind Elect Soc,Robot Soc Japan,New Technol Fdn,Soc Instrument & Control Engineers,Kawada Robot,Reflexxes GmbH,Telecommunicat Advancement Fdn,Tateisi Sci & Technol Fdn",,,,,,,,,"Chung, Soon-Jo/GLS-2068-2022; Shi, Xichen/ABE-7680-2021","Chung, Soon-Jo/0000-0002-6657-3907; Shi, Xichen/0000-0002-5366-9256; hutchinson, seth/0000-0002-3949-6061",,,,,,,,,,,,,2153-0858,,978-1-4673-6358-7,,,,2013,,,,,,,2940,2947,,,,,,,,,,,,,,,,WOS:000331367403003,View Full Record in Web of Science
C,"Shao, L; Migimatsu, T; Zhang, Q; Yang, KR; Bohg, J",,"Toussaint, M; Bicchi, A; Hermans, T",,"Shao, Lin; Migimatsu, Toki; Zhang, Qiang; Yang, Karen; Bohg, Jeannette",,,Concept2Robot: Learning Manipulation Concepts from Instructions and Human Demonstrations,ROBOTICS: SCIENCE AND SYSTEMS XVI,,,,,16th Conference on Robotics - Science and Systems (RSS),"JUL 12-16, 2020",ELECTR NETWORK,,,,,,,,,,"Zhang, Qiang/IWU-5000-2023; Bohg, Jeannette/AAD-4010-2019","Bohg, Jeannette/0000-0002-4921-7193",,,,,,,,,,,,,,,978-0-9923747-6-1,,,,2020,,,,,,,,,,,,,,,,,,,,,,,,WOS:000570976900082,View Full Record in Web of Science
C,"White, PJ; Yim, M",,"Khatib, O; Kumar, V; Pappas, GJ",,"White, Paul J.; Yim, Mark",,,Reliable External Actuation for Extending Reachable Robotic Modular Self-Reconfiguration,EXPERIMENTAL ROBOTICS,Springer Tracts in Advanced Robotics,,,,11th International Symposium on Experimental Robotics (ISER),"JUL 13-16, 2008","Athens, GREECE",European Robot Res Network,,,,,,,,,,,,,,,,,,,,,,,1610-7438,1610-742X,978-3-642-00195-6,,,,2009,54,,,,,,13,23,,,,,,,,,,,,,,,,WOS:000268803300002,View Full Record in Web of Science
J,"Pairet, E; Ardón, P; Mistry, M; Petillot, Y",,,,"Pairet, Eric; Ardon, Paola; Mistry, Michael; Petillot, Yvan",,,Learning Generalizable Coupling Terms for Obstacle Avoidance via Low-Dimensional Geometric Descriptors,IEEE ROBOTICS AND AUTOMATION LETTERS,,,,,,,,,,,,,,,,,"Petillot, Yvan/D-4971-2009; Pairet Artau, Eric/K-8998-2017","Petillot, Yvan/0000-0002-1596-289X; Pairet Artau, Eric/0000-0002-3363-0426; Ardon, Paola/0000-0002-3026-0706",,,,,,,,,,,,,2377-3766,,,,,OCT,2019,4,4,,,,,3979,3986,,10.1109/LRA.2019.2930431,http://dx.doi.org/10.1109/LRA.2019.2930431,,,,,,,,,,,,,WOS:000480311300029,View Full Record in Web of Science
J,"Li, WD; Wang, YQ; Liang, YC; Pham, DT",,,,"Li, Weidong; Wang, Yuqi; Liang, Yuchen; Pham, Duc Truong",,,Learning from demonstration for autonomous generation of robotic trajectory: Status quo and forward-looking overview,ADVANCED ENGINEERING INFORMATICS,,,,,,,,,,,,,,,,,"Pham, Duc/H-1516-2011","Li, Weidong/0000-0001-5559-7834",,,,,,,,,,,,,1474-0346,1873-5320,,,,OCT,2024,62,,A,,,,,,102625,10.1016/j.aei.2024.102625,http://dx.doi.org/10.1016/j.aei.2024.102625,,JUN 2024,,,,,,,,,,,WOS:001251467800001,View Full Record in Web of Science
J,"Ti, BY; Gao, YS; Shi, M; Zhao, J",,,,"Ti, Boyang; Gao, Yongsheng; Shi, Ming; Zhao, Jie",,,Generalization of orientation trajectories and force-torque profiles for learning human assembly skill,ROBOTICS AND COMPUTER-INTEGRATED MANUFACTURING,,,,,,,,,,,,,,,,,,"Ti, Boyang/0000-0002-0303-8317",,,,,,,,,,,,,0736-5845,1879-2537,,,,AUG,2022,76,,,,,,,,102325,10.1016/j.rcim.2022.102325,http://dx.doi.org/10.1016/j.rcim.2022.102325,,FEB 2022,,,,,,,,,,,WOS:000791334600002,View Full Record in Web of Science
C,"Seker, MY; Imre, M; Piater, J; Ugur, E",,"Bicchi, A; KressGazit, H; Hutchinson, S",,"Seker, M. Yunus; Imre, Mert; Piater, Justus; Ugur, Emre",,,Conditional Neural Movement Primitives,ROBOTICS: SCIENCE AND SYSTEMS XV,,,,,15th Conference on Robotics - Science and Systems,"JUN 22-26, 2019","Univ Freiburg, Freiburg im Breisgau, GERMANY",,Univ Freiburg,,,,,,,,"Ugur, Emre/A-6011-2017",,,,,,,,,,,,,,,,978-0-9923747-5-4,,,,2019,,,,,,,,,,,,,,,,,,,,,,,,WOS:000570976800070,View Full Record in Web of Science
C,"Apostolopoulos, S; Leibold, M; Buss, M",,"Okamura, A; Menciassi, A; Ude, A; Burschka, D; Lee, D; Arrichiello, F; Liu, H; Moon, H; Neira, J; Sycara, K; Yokoi, K; Martinet, P; Oh, P; Valdastri, P; Krovi, V",,"Apostolopoulos, Sotiris; Leibold, Marion; Buss, Martin",,,Online Motion Planning over Uneven Terrain with Walking Primitives and Regression,2016 IEEE INTERNATIONAL CONFERENCE ON ROBOTICS AND AUTOMATION (ICRA),IEEE International Conference on Robotics and Automation ICRA,,,,IEEE International Conference on Robotics and Automation (ICRA),"MAY 16-21, 2016","Royal Inst Technol, Ctr Autonomous Syst, Stockholm, SWEDEN","IEEE,IEEE Robot & Automat Soc,ABB,DJI,KUKA,Husqvarna,iRobot,Khalifa Univ,Kinova Univ,MOOG,PAL Robot,UBER,Amazon","Royal Inst Technol, Ctr Autonomous Syst",,,,,,,,,"Leibold, Marion/0000-0002-2802-5600",,,,,,,,,,,,,1050-4729,2577-087X,978-1-4673-8026-3,,,,2016,,,,,,,3799,3805,,,,,,,,,,,,,,,,WOS:000389516203045,View Full Record in Web of Science
J,"Celemin, C; Maeda, G; Ruiz-del-Solar, J; Peters, J; Kober, J",,,,"Celemin, Carlos; Maeda, Guilherme; Ruiz-del-Solar, Javier; Peters, Jan; Kober, Jens",,,Reinforcement learning of motor skills using Policy Search and human corrective advice,INTERNATIONAL JOURNAL OF ROBOTICS RESEARCH,,,,,,,,,,,,,,,,,"Peters, Jan/D-5068-2009; Ruiz-del-Solar, Javier/H-5214-2013; Kober, Jens/I-9119-2017","Ruiz-del-Solar, Javier/0000-0003-2965-633X; Kober, Jens/0000-0001-7257-5434",,,,,,,,,,,,,0278-3649,1741-3176,,,,DEC,2019,38,14,,,,,1560,1580,278364919871998,10.1177/0278364919871998,http://dx.doi.org/10.1177/0278364919871998,,SEP 2019,,,,,,,,,,,WOS:000491040700001,View Full Record in Web of Science
J,"Rakovic, M; Borovac, B; Nikolic, M; Savic, S",,,,"Rakovic, Mirko; Borovac, Branislav; Nikolic, Milutin; Savic, Srdran",,,Realization of Biped Walking in Unstructured Environment Using Motion Primitives,IEEE TRANSACTIONS ON ROBOTICS,,,,,,,,,,,,,,,,,"Savić, Srđan/J-5809-2017; Rakovic, Mirko/U-5860-2017","Rakovic, Mirko/0000-0002-8818-2739; Savic, Srdan/0000-0003-1385-2854",,,,,,,,,,,,,1552-3098,1941-0468,,,,DEC,2014,30,6,,,,,1318,1332,,10.1109/TRO.2014.2344431,http://dx.doi.org/10.1109/TRO.2014.2344431,,,,,,,,,,,,,WOS:000346070400003,View Full Record in Web of Science
C,"Arduini, R; Michel, Y; Singh, H; Klodmann, J; Lee, D",,,IEEE,"Arduini, Riccardo; Michel, Youssef; Singh, Harsimran; Klodmann, Julian; Lee, Dongheui",,,Learning From Demonstration of Robot Motions And Stiffness Behaviors For Surgical Blunt Dissection,"2024 33RD IEEE INTERNATIONAL CONFERENCE ON ROBOT AND HUMAN INTERACTIVE COMMUNICATION, ROMAN 2024",IEEE RO-MAN,,,,33rd IEEE International Conference on Robot and Human Interactive Communication (IEEE RO-MAN) - Embracing Human-Centered HRI,"AUG 26-30, 2024","Pasadena, CA","IEEE,IEEE Robot & Automat Soc,Robot Soc Japan,Korea Robot Soc,UBTECH,FUTRONICS",,,,,,,,,,,,,,,,,,,,,,,1944-9445,,979-8-3503-7503-9; 979-8-3503-7502-2,,,,2024,,,,,,,1491,1496,,10.1109/RO-MAN60168.2024.10731313,http://dx.doi.org/10.1109/RO-MAN60168.2024.10731313,,,,,,,,,,,,,WOS:001348918600194,View Full Record in Web of Science
J,"Lu, ZY; Wang, N; Yang, CG",,,,"Lu, Zhenyu; Wang, Ning; Yang, Chenguang",,,A Constrained DMPs Framework for Robot Skills Learning and Generalization From Human Demonstrations,IEEE-ASME TRANSACTIONS ON MECHATRONICS,,,,,,,,,,,,,,,,,"Wang, Han/A-5016-2011; lu, zhenyu/AAH-5454-2019; Yang, Chenguang/ABE-7755-2020","Yang, Chenguang/0000-0001-5255-5559; Wang, Ning/0000-0002-3264-1852; zhenyu, lu/0000-0002-5446-7285",,,,,,,,,,,,,1083-4435,1941-014X,,,,DEC,2021,26,6,,,,,3265,3275,,10.1109/TMECH.2021.3057022,http://dx.doi.org/10.1109/TMECH.2021.3057022,,,,,,,,,,,,,WOS:000730420400044,View Full Record in Web of Science
J,"Guo, Y; Huang, TY; Huang, HH; Zhao, HT; Liu, WT",,,,"Guo, Yi; Huang, TianYi; Huang, Haohui; Zhao, Huangting; Liu, Weitao",,,Motion optimization based on hierarchical iterative parameter learning for complicated trajectory,ROBOTIC INTELLIGENCE AND AUTOMATION,,,,,,,,,,,,,,,,,"Huang, Haohui/HLG-4006-2023; Huang, Tianyi/AAE-7731-2019; guo, yi/KHC-4669-2024",,,,,,,,,,,,,,2754-6969,2754-6977,,,,JUL 18,2024,44,4,,,,,594,606,,10.1108/RIA-11-2023-0168,http://dx.doi.org/10.1108/RIA-11-2023-0168,,JUN 2024,,,,,,,,,,,WOS:001238445100001,View Full Record in Web of Science
S,"Kulic, D; Nakamura, Y",,"Sigaud, O; Peters, J",,"Kulic, Dana; Nakamura, Yoshihiko",,,Incremental Learning of Full Body Motion Primitives,FROM MOTOR LEARNING TO INTERACTION LEARNING IN ROBOTS,Studies in Computational Intelligence,,,,,,,,,,,,,,,,"; Nakamura, Yoshihiko/M-1019-2014","Kulic, Dana/0000-0002-4169-2141; Nakamura, Yoshihiko/0000-0001-7162-5102",,,,,,,,,,,,,1860-949X,1860-9503,978-3-642-05180-7,,,,2010,264,,,,,,383,406,,,,10.1007/978-3-642-05181-4,,,,,,,,,,,,WOS:000274523000016,View Full Record in Web of Science
C,"Hu, Y; Tavakoli, M",,,IEEE,"Hu, Yi; Tavakoli, Mahdi",,,Autonomous ultrasound scanning towards standard plane using interval interaction probabilistic movement primitives,"2023 IEEE/RSJ INTERNATIONAL CONFERENCE ON INTELLIGENT ROBOTS AND SYSTEMS, IROS",IEEE International Conference on Intelligent Robots and Systems,,,,IEEE/RSJ International Conference on Intelligent Robots and Systems (IROS),"OCT 01-05, 2023","Detroit, MI","IEEE,RSJ",,,,,,,,,,,,,,,,,,,,,,,2153-0858,,978-1-6654-9190-7,,,,2023,,,,,,,3719,3724,,10.1109/IROS55552.2023.10341685,http://dx.doi.org/10.1109/IROS55552.2023.10341685,,,,,,,,,,,,,WOS:001133658802109,View Full Record in Web of Science
J,"Li, JH; Wang, JZ; Wang, SK; Yang, CG",,,,"Li, Jiehao; Wang, Junzheng; Wang, Shoukun; Yang, Chenguang",,,Human-robot skill transmission for mobile robot via learning by demonstration,NEURAL COMPUTING & APPLICATIONS,,,,,,,,,,,,,,,,,"Yang, Chenguang/ABE-7755-2020; Li, Jiehao/AAH-9089-2021","Yang, Chenguang/0000-0001-5255-5559",,,,,,,,,,,,,0941-0643,1433-3058,,,,NOV,2023,35,32,,,SI,,23441,23451,,10.1007/s00521-021-06449-x,http://dx.doi.org/10.1007/s00521-021-06449-x,,SEP 2021,,,,,,34566265,,,,,WOS:000698329800001,View Full Record in Web of Science
J,"Guan, Y; Wang, N; Yang, CG",,,,"Guan, Yuan; Wang, Ning; Yang, Chenguang",,,An Improvement of Robot Stiffness-Adaptive Skill Primitive Generalization Using the Surface Electromyography in Human-Robot Collaboration,FRONTIERS IN NEUROSCIENCE,,,,,,,,,,,,,,,,,"Yang, Chenguang/AAJ-2509-2020","Yang, Chenguang/0000-0001-5255-5559",,,,,,,,,,,,,,1662-453X,,,,SEP 14,2021,15,,,,,,,,694914,10.3389/fnins.2021.694914,http://dx.doi.org/10.3389/fnins.2021.694914,,,,,,,,34594181,,,,,WOS:000704873700001,View Full Record in Web of Science
C,"Iwata, K; Aoki, T; Horii, T; Nakamura, T; Nagai, T","Kosecka, J","Maciejewski, AA; Okamura, A; Bicchi, A; Stachniss, C; Song, DZ; Lee, DH; Chaumette, F; Ding, H; Li, JS; Wen, J; Roberts, J; Masamune, K; Chong, NY; Amato, N; Tsagwarakis, N; Rocco, P; Asfour, T; Chung, WK; Yasuyoshi, Y; Sun, Y; Maciekeski, T; Althoefer, K; AndradeCetto, J; Chung, WK; Demircan, E; Dias, J; Fraisse, P; Gross, R; Harada, H; Hasegawa, Y; Hayashibe, M; Kiguchi, K; Kim, K; Kroeger, T; Li, Y; Ma, S; Mochiyama, H; Monje, CA; Rekleitis, I; Roberts, R; Stulp, F; Tsai, CHD; Zollo, L",,"Iwata, Kensuke; Aoki, Tatsuya; Horii, Takato; Nakamura, Tomoaki; Nagai, Takayuki","Kosecka, J",,Learning and Generation of Actions from Teleoperation for Domestic Service Robots,2018 IEEE/RSJ INTERNATIONAL CONFERENCE ON INTELLIGENT ROBOTS AND SYSTEMS (IROS),IEEE International Conference on Intelligent Robots and Systems,,,,25th IEEE/RSJ International Conference on Intelligent Robots and Systems (IROS),"OCT 01-05, 2018","Madrid, SPAIN","IEEE Robot & Automat Soc,IEEE Ind Elect Soc,Robot Soc Japan,Soc Instrument & Control Engineers,New Technol Fdn,IEEE,Adept MobileRobots,Willow Garage,Aldebaran Robot,Natl Instruments,Reflexxes GmbH,Schunk Intec S L U,Univ Carlos III Madrid,BOSCH,JD COM,Pal Robot,KUKA,Santander,Squirrel AI Learning,Baidu,Generat Robots,KINOVA Robot,Ouster,Univ Pablo Olavide Sevilla,Rapyuta Robot,SICK,TOYOTA,UP,Amazon,ARGO,Built Robot,Disney Res,Easy Mile,Hitachi,Robot,Khalifa Univ,Magazino,MathWorks,New Dexterity,Schunk,nuTonomy,PILZ,Prophesee,Rootnik,Saga Robot,Shadow,Soft Bank Robot,Anyverse,GalTech,Generat Robot,IEEE CAA Journal Automatica Sinica,Sci Robot, AAAS,TERAS",,,,,,,,,,,,,,,,,,,,,,,2153-0858,,978-1-5386-8094-0,,,,2018,,,,,,,8184,8191,,,,,,,,,,,,,,,,WOS:000458872707057,View Full Record in Web of Science
C,"Hönig, W; Ortiz-Haro, J; Toussaint, M",,,IEEE,"Honig, Wolfgang; Ortiz-Haro, Joaquim; Toussaint, Marc",,,db-A*: Discontinuity-bounded Search for Kinodynamic Mobile Robot Motion Planning,2022 IEEE/RSJ INTERNATIONAL CONFERENCE ON INTELLIGENT ROBOTS AND SYSTEMS (IROS),IEEE International Conference on Intelligent Robots and Systems,,,,IEEE/RSJ International Conference on Intelligent Robots and Systems (IROS),"OCT 23-27, 2022","Kyoto, JAPAN","IEEE,Royal Soc Japan,IEEE Robot & Automat Soc,IES,SICE,New Technol Fdn",,,,,,,,,,,,,,,,,,,,,,,2153-0858,,978-1-6654-7927-1,,,,2022,,,,,,,13540,13547,,10.1109/IROS47612.2022.9981577,http://dx.doi.org/10.1109/IROS47612.2022.9981577,,,,,,,,,,,,,WOS:000909405304081,View Full Record in Web of Science
J,"Sun, JH; Feng, QC; Zhang, YF; Ru, MF; Li, YJ; Li, T; Zhao, CJ",,,,"Sun, Jiahui; Feng, Qingchun; Zhang, Yifan; Ru, Mengfei; Li, Yajun; Li, Tao; Zhao, Chunjiang",,,Fruit flexible collecting trajectory planning based on manual skill imitation for grape harvesting robot,COMPUTERS AND ELECTRONICS IN AGRICULTURE,,,,,,,,,,,,,,,,,"li, tao/AAG-7354-2020; li, yajun/GWZ-7500-2022",,,,,,,,,,,,,,0168-1699,1872-7107,,,,OCT,2024,225,,,,,,,,109332,10.1016/j.compag.2024.109332,http://dx.doi.org/10.1016/j.compag.2024.109332,,AUG 2024,,,,,,,,,,,WOS:001297538100001,View Full Record in Web of Science
C,"Lee, SH; Suh, IH",,"Amato, N",,"Lee, Sang Hyoung; Suh, Il Hong",,,Skill Learning and Inference Framework for Skilligent Robot,2013 IEEE/RSJ INTERNATIONAL CONFERENCE ON INTELLIGENT ROBOTS AND SYSTEMS (IROS),IEEE International Conference on Intelligent Robots and Systems,,,,IEEE/RSJ International Conference on Intelligent Robots and Systems (IROS),"NOV 03-08, 2013","Tokyo, JAPAN","IEEE,IEEE Robot & Automat Soc,IEEE Ind Elect Soc,Robot Soc Japan,New Technol Fdn,Soc Instrument & Control Engineers,Kawada Robot,Reflexxes GmbH,Telecommunicat Advancement Fdn,Tateisi Sci & Technol Fdn",,,,,,,,,,,,,,,,,,,,,,,2153-0858,,978-1-4673-6358-7,,,,2013,,,,,,,108,115,,,,,,,,,,,,,,,,WOS:000331367400017,View Full Record in Web of Science
C,"Oikonomou, P; Dometios, A; Khamassi, M; Tzafestas, CS",,,IEEE,"Oikonomou, Paris; Dometios, Athanasios; Khamassi, Mehdi; Tzafestas, Costas S.",,,Task Driven Skill Learning in a Soft-Robotic Arm,2021 IEEE/RSJ INTERNATIONAL CONFERENCE ON INTELLIGENT ROBOTS AND SYSTEMS (IROS),IEEE International Conference on Intelligent Robots and Systems,,,,IEEE/RSJ International Conference on Intelligent Robots and Systems (IROS),"SEP 27-OCT 01, 2021",ELECTR NETWORK,"IEEE,RSJ",,,,,,,,,"Tzafestas, Costas/Q-8230-2019; Khamassi, Mehdi/B-2425-2012","DOMETIOS, ATHANASIOS/0000-0002-6897-830X; Khamassi, Mehdi/0000-0002-2515-1046",,,,,,,,,,,,,2153-0858,,978-1-6654-1714-3,,,,2021,,,,,,,1716,1723,,10.1109/IROS51168.2021.9636812,http://dx.doi.org/10.1109/IROS51168.2021.9636812,,,,,,,,,,,,,WOS:000755125501053,View Full Record in Web of Science
C,"Zhang, T; Li, ZJ; Li, QJ; Feng, Y",,,IEEE,"Zhang, Tao; Li, Zhijun; Li, Qinjian; Feng, Ying",,,Dynamical Movement Primitives of Crossing over Obstacles for a Lower-Limb Prosthesis,2021 6TH IEEE INTERNATIONAL CONFERENCE ON ADVANCED ROBOTICS AND MECHATRONICS (ICARM 2021),,,,,6th IEEE International Conference on Advanced Robotics and Mechatronics (ICARM),"JUL 03-05, 2021","Chongqing, PEOPLES R CHINA","IEEE,Chongqing Univ,IEEE Robot & Automat Soc,IEEE Syst Man & Cybernet Soc,IEEE RAS Tech Comm Neuro Robot Syst,IEEE SMC Tech Comm Bio Mechatron & Bio Robot Syst,Chinese Assoc Automat, Tech Comm Robot Intelligence,Sensors,Unitree Robot,Springer,Publishing House Elect Ind,Quanser,Gaitech Robot",,,,,,,,,"Li, Zhijun/ACT-9992-2022; Li, Qinjian/AAO-1119-2021",,,,,,,,,,,,,,,,978-0-7381-3364-5,,,,2021,,,,,,,759,764,,10.1109/ICARM52023.2021.9536102,http://dx.doi.org/10.1109/ICARM52023.2021.9536102,,,,,,,,,,,,,WOS:000728141500128,View Full Record in Web of Science
J,"Oikonomou, P; Dometios, A; Khamassi, M; Tzafestas, CS",,,,"Oikonomou, Paris; Dometios, Athanasios; Khamassi, Mehdi; Tzafestas, Costas S.",,,Zero-shot model-free learning of periodic movements for a bio-inspired soft-robotic arm,FRONTIERS IN ROBOTICS AND AI,,,,,,,,,,,,,,,,,"Tzafestas, Costas/Q-8230-2019; Khamassi, Mehdi/B-2425-2012",,,,,,,,,,,,,,2296-9144,,,,,OCT 19,2023,10,,,,,,,,1256763,10.3389/frobt.2023.1256763,http://dx.doi.org/10.3389/frobt.2023.1256763,,,,,,,,37929074,,,,,WOS:001091635700001,View Full Record in Web of Science
C,"de Andrés, MO; Ardakani, MMG; Robertsson, A",,,IEEE,"de Andres, Marco Ojer; Ardakani, M. Mahdi Ghazaei; Robertsson, Anders",,,Reinforcement Learning for 4-Finger-Gripper Manipulation,2018 IEEE INTERNATIONAL CONFERENCE ON ROBOTICS AND AUTOMATION (ICRA),IEEE International Conference on Robotics and Automation ICRA,,,,IEEE International Conference on Robotics and Automation (ICRA),"MAY 21-25, 2018","Brisbane, AUSTRALIA","IEEE,CSIRO,Australian Govt, Dept Def Sci & Technol,DJI,Queensland Univ Technol,Woodside,Baidu,Bosch,Houston Mechatron,Kinova Robot,KUKA,Hit Robot Grp,Honda Res Inst,iRobot,Mathworks,NuTonomy,Ouster,Uber",,,,,,,,,"Robertsson, Anders/D-2727-2013",,,,,,,,,,,,,,1050-4729,,978-1-5386-3081-5,,,,2018,,,,,,,4257,4262,,,,,,,,,,,,,,,,WOS:000446394503037,View Full Record in Web of Science
J,"Jamsek, M; Kunavar, T; Bobek, U; Rueckert, E; Babic, J",,,,"Jamsek, Marko; Kunavar, Tjasa; Bobek, Urban; Rueckert, Elmar; Babic, Jan",,,Predictive Exoskeleton Control for Arm-Motion Augmentation Based on Probabilistic Movement Primitives Combined With a Flow Controller,IEEE ROBOTICS AND AUTOMATION LETTERS,,,,,,,,,,,,,,,,,,"Rueckert, Elmar/0000-0003-1221-8253; Jamsek, Marko/0000-0001-9471-4837",,,,,,,,,,,,,2377-3766,,,,,JUL,2021,6,3,,,,,4417,4424,,10.1109/LRA.2021.3068892,http://dx.doi.org/10.1109/LRA.2021.3068892,,,,,,,,,,,,,WOS:000639767800021,View Full Record in Web of Science
J,"Chen, Y; Miao, S; Chen, G; Ye, J; Fu, CL; Liang, B; Song, SJ; Li, X",,,,"Chen, Yu; Miao, Shu; Chen, Gong; Ye, Jing; Fu, Chenglong; Liang, Bin; Song, Shiji; Li, Xiang",,,Learning to Assist Different Wearers in Multitasks: Efficient and Individualized Human-in-the-Loop Adaptation Framework for Lower-Limb Exoskeleton,IEEE TRANSACTIONS ON ROBOTICS,,,,,,,,,,,,,,,,,"miao, shu/IUQ-6446-2023; Fu, Chenglong/ITU-3027-2023; Liang, Bin/JHU-0581-2023","miao, shu/0000-0002-5136-6569; Fu, Chenglong/0000-0002-8955-5429; Liang, Bin/0000-0002-7163-345X",,,,,,,,,,,,,1552-3098,1941-0468,,,,,2024,40,,,,,,4699,4718,,10.1109/TRO.2024.3468768,http://dx.doi.org/10.1109/TRO.2024.3468768,,,,,,,,,,,,,WOS:001335490300006,View Full Record in Web of Science
C,"Ren, HR; Huang, KH; Zhou, ZQ; Li, X; Zhou, ZT",,,IEEE,"Ren, Haoran; Huang, Kaihong; Zhou, Zhiqian; Li, Xiao; Zhou, Zongtan",,,Fast and Efficient Trajectory Generation for Ball Interception Using Motion Primitives,2021 IEEE INTERNATIONAL CONFERENCE ON ROBOTICS AND BIOMIMETICS (IEEE-ROBIO 2021),,,,,IEEE International Conference on Robotics and Biomimetics (IEEE ROBIO),"DEC 27-31, 2021","Sanya, PEOPLES R CHINA","IEEE,IEEE Robot & Automat Soc,Chiba Inst Technol,Nankai Univ,Texas State Univ,Nokov,NE Univ",,,,,,,,,"Ren, Haoran/G-1173-2013; zhou, zhiqian/KLD-2110-2024",,,,,,,,,,,,,,,,978-1-6654-0535-5,,,,2021,,,,,,,692,698,,10.1109/ROBIO54168.2021.9739220,http://dx.doi.org/10.1109/ROBIO54168.2021.9739220,,,,,,,,,,,,,WOS:000812286900113,View Full Record in Web of Science
S,"Colomé, A; Torras, C","Colome, A; Torras, C",,,"Colome, Adria; Torras, Carme","Colome, A; Torras, C",,Dimensionality Reduction with Movement Primitives,REINFORCEMENT LEARNING OF BIMANUAL ROBOT SKILLS,Springer Tracts in Advanced Robotics,,,,,,,,,,,,,,,,"Torras, Carme/M-1794-2014","Torras, Carme/0000-0002-2933-398X",,,,,,,,,,,,,1610-7438,1610-742X,978-3-030-26326-3; 978-3-030-26325-6,,,,2020,134,,,,,,109,146,,10.1007/978-3-030-26326-3_7,http://dx.doi.org/10.1007/978-3-030-26326-3_7,10.1007/978-3-030-26326-3,,,,,,,,,,,,WOS:000853713200009,View Full Record in Web of Science
J,"Knizhnik, G; DeZonia, P; Yim, M",,,,"Knizhnik, Gedaliah; DeZonia, Philip; Yim, Mark",,,Pauses Provide Effective Control for an Underactuated Oscillating Swimming Robot,IEEE ROBOTICS AND AUTOMATION LETTERS,,,,,,,,,,,,,,,,,,"deZonia, Philip/0000-0001-7434-0276; Knizhnik, Gedaliah/0000-0003-4274-6882",,,,,,,,,,,,,2377-3766,,,,,OCT.,2020,5,4,,,,,5075,5080,,10.1109/LRA.2020.3005383,http://dx.doi.org/10.1109/LRA.2020.3005383,,,,,,,,,,,,,WOS:000546884500010,View Full Record in Web of Science
C,"Takano, W; Nakamura, Y",,,IEEE,"Takano, Wataru; Nakamura, Yoshihiko",,,Motion synthesis from stochastically encoded motion primitives for anthropomorphic robotic arm,2014 11TH INTERNATIONAL CONFERENCE ON UBIQUITOUS ROBOTS AND AMBIENT INTELLIGENCE (URAI),International Conference on Ubiquitous Robots and Ambient Intelligence,,,,11th International Conference on Ubiquitous Robots and Ambient Intelligence (URAI),"NOV 12-15, 2014","Kuala Lumpur, MALAYSIA","Korean Robot Soc,Univ Kuala Lumpur,Korea Inst Sci & Technol,Ctr Human Centered Intecat Coexistence,IEEE,Robot Soc Japan,Robot Soc India,Robot Soc Taiwan,CIMTME,Korea Inst Robot Ind Advancement,Korea Assoc Robot Ind",,,,,,,,,"Nakamura, Yoshihiko/M-1019-2014","Nakamura, Yoshihiko/0000-0001-7162-5102",,,,,,,,,,,,,2325-033X,,978-1-4799-5333-2,,,,2014,,,,,,,356,358,,,,,,,,,,,,,,,,WOS:000383742100088,View Full Record in Web of Science
C,"Rakovic, M; Borvac, B; Santos-Victor, J; Batinica, A; Nikolic, M; Savic, S",,"Asfour, T; Billard, A; Harada, K; Kulic, D; Ude, A; Venture, G; Yamane, K; Yokoi, K; Yoshida, E",,"Rakovic, Mirko; Borvac, Branislav; Santos-Victor, Jose; Batinica, Aleksandar; Nikolic, Milutin; Savic, Srdan",,,Biped Walking and Stairs Climbing using Reconfigurable Adaptive Motion Primitives,2016 IEEE-RAS 16TH INTERNATIONAL CONFERENCE ON HUMANOID ROBOTS (HUMANOIDS),IEEE-RAS International Conference on Humanoid Robots,,,,16th IEEE-RAS International Conference on Humanoid Robots (Humanoids),"NOV 15-17, 2016","Mexican Assoc Comp Vis Robot & Neural Comp, Cancun, MEXICO","IEEE Robot & Automat Soc,Disney Res,ROBOTIS,INTEL,PAL,MACVNR,CONACYT,CINVESTAV",Mexican Assoc Comp Vis Robot & Neural Comp,,,,,,,,"Savić, Srđan/J-5809-2017; Rakovic, Mirko/U-5860-2017; Santos-Victor, Jose/K-2093-2012","Rakovic, Mirko/0000-0002-8818-2739; Santos-Victor, Jose/0000-0002-9036-1728; Savic, Srdan/0000-0003-1385-2854",,,,,,,,,,,,,2164-0572,,978-1-5090-4718-5,,,,2016,,,,,,,57,62,,,,,,,,,,,,,,,,WOS:000403009300009,View Full Record in Web of Science
C,"Chao, PD; Han, CR; Fan, XJ; Yang, Z",,,IEEE,"Chao, Peidong; Han, Chirui; Fan, Xinjian; Yang, Zhan",,,DMP Based Nanomanipulation Robot Trajectory Learning and Planning for Nanowire/tube Assembly,2022 INTERNATIONAL CONFERENCE ON ADVANCED ROBOTICS AND MECHATRONICS (ICARM 2022),,,,,7th IEEE International Conference on Advanced Robotics and Mechatronics,"JUL 09-11, 2022","Guilin, PEOPLES R CHINA","Guangxi Univ,Foshan Univ,So Univ Sci & Technol,IEEE Robot & Automat Soc,IEEE Syst Man & Cybernet Soc,IEEE RAS Tech Comm Neuro Robot Syst,IEEE SMC Tech Comm Bio Mechatron & Bio Robot Syst,Chinese Assoc Automat, Tech Comm Robot Intelligence,Beijing Inst Technol Press,MDPI, Machines,Springer,MDPI, Actuators,Gaitech Robot,Beijing Nokov Sci & Technol Co Ltd",,,,,,,,,"Fan, Xinjian/JUF-4635-2023",,,,,,,,,,,,,,,,978-1-6654-8306-3,,,,2022,,,,,,,331,336,,10.1109/ICARM54641.2022.9959531,http://dx.doi.org/10.1109/ICARM54641.2022.9959531,,,,,,,,,,,,,WOS:000926398000055,View Full Record in Web of Science
J,"Manschitz, S; Gienger, M; Kober, J; Peters, J",,,,"Manschitz, Simon; Gienger, Michael; Kober, Jens; Peters, Jan",,,Mixture of Attractors: A Novel Movement Primitive Representation for Learning Motor Skills From Demonstrations,IEEE ROBOTICS AND AUTOMATION LETTERS,,,,,,,,,,,,,,,,,"Peters, Jan/D-5068-2009; Kober, Jens/I-9119-2017","Peters, Jan/0000-0002-5266-8091; Kober, Jens/0000-0001-7257-5434",,,,,,,,,,,,,2377-3766,,,,,APR,2018,3,2,,,,,926,933,,10.1109/LRA.2018.2792531,http://dx.doi.org/10.1109/LRA.2018.2792531,,,,,,,,,,,,,WOS:000424646100011,View Full Record in Web of Science
C,"Silvério, J; Huang, YL; Abu-Dakka, FJ; Rozo, L; Caldwell, DG",,,IEEE,"Silverio, Joao; Huang, Yanlong; Abu-Dakka, Fares J.; Rozo, Leonel; Caldwell, Darwin G.",,,Uncertainty-Aware Imitation Learning using Kernelized Movement Primitives,2019 IEEE/RSJ INTERNATIONAL CONFERENCE ON INTELLIGENT ROBOTS AND SYSTEMS (IROS),IEEE International Conference on Intelligent Robots and Systems,,,,IEEE/RSJ International Conference on Intelligent Robots and Systems (IROS),"NOV 04-08, 2019","Macau, PEOPLES R CHINA","IEEE,RSJ",,,,,,,,,"AbuDakka, Fares/M-2085-2019; Rozo, Leonel/HTP-2045-2023; Caldwell, Darwin/E-9954-2018; Abu-Dakka, Fares J./M-4099-2014","Abu-Dakka, Fares J./0000-0001-9062-9416",,,,,,,,,,,,,2153-0858,,978-1-7281-4004-9,,,,2019,,,,,,,90,97,,10.1109/iros40897.2019.8967996,http://dx.doi.org/10.1109/iros40897.2019.8967996,,,,,,,,,,,,,WOS:000544658400009,View Full Record in Web of Science
J,"Barekatain, A; Habibi, H; Voos, H",,,,"Barekatain, Alireza; Habibi, Hamed; Voos, Holger",,,DFL-TORO: A One-Shot Demonstration Framework for Learning Time-Optimal Robotic Manufacturing Tasks,IEEE ACCESS,,,,,,,,,,,,,,,,,"Habibi, Hamed/E-8925-2017","Habibi, Hamed/0000-0002-7393-6235; Voos, Holger/0000-0002-9600-8386",,,,,,,,,,,,,2169-3536,,,,,,2024,12,,,,,,161164,161184,,10.1109/ACCESS.2024.3486615,http://dx.doi.org/10.1109/ACCESS.2024.3486615,,,,,,,,,,,,,WOS:001349774300001,View Full Record in Web of Science
C,"Straizys, A; Burke, M; Ramamoorthy, S",,,IEEE,"Straizys, Arturas; Burke, Michael; Ramamoorthy, Subramanian",,,Learning robotic cutting from demonstration: Non-holonomic DMPs using the Udwadia-Kalaba method,"2023 IEEE INTERNATIONAL CONFERENCE ON ROBOTICS AND AUTOMATION, ICRA",IEEE International Conference on Robotics and Automation ICRA,,,,IEEE International Conference on Robotics and Automation (ICRA),"MAY 29-JUN 02, 2023","London, ENGLAND","IEEE,IEEE Robot & Automat Soc",,,,,,,,,"Burke, Michael/AAI-8023-2020",,,,,,,,,,,,,,1050-4729,2577-087X,979-8-3503-2365-8,,,,2023,,,,,,,5034,5040,,10.1109/ICRA48891.2023.10160917,http://dx.doi.org/10.1109/ICRA48891.2023.10160917,,,,,,,,,,,,,WOS:001036713004002,View Full Record in Web of Science
C,"Nemec, B; Gams, A; Ude, A",,,IEEE,"Nemec, Bojan; Gams, Andrej; Ude, Ales",,,Velocity adaptation for self-improvement of skills learned from user demonstrations,2013 13TH IEEE-RAS INTERNATIONAL CONFERENCE ON HUMANOID ROBOTS (HUMANOIDS),IEEE-RAS International Conference on Humanoid Robots,,,,13th IEEE-RAS International Conference on Humanoid Robots (Humanoids),"OCT 15-17, 2013","Atlanta, GA",IEEE RAS,,,,,,,,,"Ude, Aleš/ABB-7839-2020",,,,,,,,,,,,,,2164-0572,,978-1-4799-2619-0,,,,2013,,,,,,,423,428,,,,,,,,,,,,,,,,WOS:000396584300063,View Full Record in Web of Science
J,"Savic, SZ; Rakovic, MM; Borovac, BA; Nikolic, MN",,,,"Savic, Srdjan Z.; Rakovic, Mirko M.; Borovac, Branislav A.; Nikolic, Milutin N.",,,HYBRID MOTION CONTROL OF HUMANOID ROBOT FOR LEADER-FOLLOWER CO-OPERATIVE TASKS,THERMAL SCIENCE,,,,,PSU-UNS International Conferences on Engineering and Technology (ICET),"JUN 19-20, 2015",THAILAND,"Prince Songkla Univ,Univ Novi Sad",,,,,,,,,"Savic, Stevan/AAD-5748-2020; Rakovic, Mirko/U-5860-2017","Savic, Srdan/0000-0003-1385-2854; Rakovic, Mirko/0000-0002-8818-2739",,,,,,,,,,,,,0354-9836,2334-7163,,,,,2016,20,,,2,SI,,S549,S561,,10.2298/TSCI151005037S,http://dx.doi.org/10.2298/TSCI151005037S,,,,,,,,,,,,,WOS:000381952700019,View Full Record in Web of Science
C,"Scherzinger, S; Becker, P; Roennau, A; Dillmann, R",,,IEEE,"Scherzinger, Stefan; Becker, Pascal; Roennau, Arne; Dillmann, Rüdiger",,,Motion Macro Programming on Assistive Robotic Manipulators: Three Skill Types for Everyday Tasks,"2023 20TH INTERNATIONAL CONFERENCE ON UBIQUITOUS ROBOTS, UR",,,,,20th International Conference on Ubiquitous Robots (UR),"JUN 25-28, 2023","Honolulu, HI",,,,,,,,,,,"Becker, Pascal/0000-0003-0482-8377",,,,,,,,,,,,,,,979-8-3503-3517-0,,,,2023,,,,,,,792,799,,10.1109/UR57808.2023.10202357,http://dx.doi.org/10.1109/UR57808.2023.10202357,,,,,,,,,,,,,WOS:001051003700095,View Full Record in Web of Science
C,"Tajvar, P; Barbosa, FS; Tumova, J",,,IEEE,"Tajvar, Pouria; Barbosa, Fernando S.; Tumova, Jana",,,Safe Motion Planning for an Uncertain Non-Holonomic System with Temporal Logic Specification,2020 IEEE 16TH INTERNATIONAL CONFERENCE ON AUTOMATION SCIENCE AND ENGINEERING (CASE),IEEE International Conference on Automation Science and Engineering,,,,16th IEEE International Conference on Automation Science and Engineering (CASE),"AUG 20-21, 2020",ELECTR NETWORK,IEEE,,,,,,,,,"Barbosa, Fernando/DXW-3185-2022","Tajvar, Pouria/0000-0001-9516-6764",,,,,,,,,,,,,2161-8070,,978-1-7281-6904-0,,,,2020,,,,,,,349,354,,10.1109/case48305.2020.9216891,http://dx.doi.org/10.1109/case48305.2020.9216891,,,,,,,,,,,,,WOS:000612200600050,View Full Record in Web of Science
C,"Joshi, RP; Shibata, T; Ogata, K; Matsumoto, Y",,,IEEE,"Joshi, Ravi Prakash; Shibata, Tomohiro; Ogata, Kunihiro; Matsumoto, Yoshio",,,Quantitative Evaluation of Clothing Assistance using Whole-Body Robotic Simulator of the Elderly,2019 28TH IEEE INTERNATIONAL CONFERENCE ON ROBOT AND HUMAN INTERACTIVE COMMUNICATION (RO-MAN),IEEE RO-MAN,,,,28th IEEE International Conference on Robot and Human Interactive Communication (RO-MAN),"OCT 14-18, 2019","New Delhi, INDIA",IEEE,,,,,,,,,"Joshi, Ravi Prakash/S-4845-2019","Joshi, Ravi Prakash/0000-0003-1264-6100",,,,,,,,,,,,,1944-9445,,978-1-7281-2622-7,,,,2019,,,,,,,,,,10.1109/ro-man46459.2019.8956308,http://dx.doi.org/10.1109/ro-man46459.2019.8956308,,,,,,,,,,,,,WOS:000533896300024,View Full Record in Web of Science
J,"Xu, FS; Huang, R; Cheng, H; Qiu, J; Xiang, SQ; Shi, CB; Ma, WH",,,,"Xu, Fashu; Huang, Rui; Cheng, Hong; Qiu, Jing; Xiang, Shiqiang; Shi, Congbin; Ma, Wenhao",,,Stair-ascent strategies and performance evaluation for a lower limb exoskeleton,INTERNATIONAL JOURNAL OF INTELLIGENT ROBOTICS AND APPLICATIONS,,,,,,,,,,,,,,,,,"Xu, Fashu/JVN-8560-2024","Xu, Fashu/0000-0001-9696-3933",,,,,,,,,,,,,2366-5971,2366-598X,,,,SEP,2020,4,3,,,,,278,293,,10.1007/s41315-020-00123-6,http://dx.doi.org/10.1007/s41315-020-00123-6,,APR 2020,,,,,,,,,,,WOS:000523093000002,View Full Record in Web of Science
J,"Lauretti, C; Cordella, F; Guglielmelli, E; Zollo, L",,,,"Lauretti, Clemente; Cordella, Francesca; Guglielmelli, Eugenio; Zollo, Loredana",,,Learning by Demonstration for Planning Activities of Daily Living in Rehabilitation and Assistive Robotics,IEEE ROBOTICS AND AUTOMATION LETTERS,,,,,,,,,,,,,,,,,"Zollo, Loredana/AAB-9645-2020; Cordella, Francesca/K-1793-2018; Lauretti, Clemente/ACO-6470-2022","Lauretti, Clemente/0000-0003-0760-642X; Zollo, Loredana/0000-0002-8015-010X",,,,,,,,,,,,,2377-3766,,,,,JUL,2017,2,3,,,,,1375,1382,,10.1109/LRA.2017.2669369,http://dx.doi.org/10.1109/LRA.2017.2669369,,,,,,,,,,,,,WOS:000413739500019,View Full Record in Web of Science
C,"Huan, NY; Fyhn, SH; De Petris, P; Alexis, K",,,IEEE,"Huan, Nguyen; Fyhn, Sondre Holm; De Petris, Paolo; Alexis, Kostas",,,Motion Primitives-based Navigation Planning using Deep Collision Prediction,"2022 IEEE INTERNATIONAL CONFERENCE ON ROBOTICS AND AUTOMATION, ICRA 2022",IEEE International Conference on Robotics and Automation ICRA,,,,IEEE International Conference on Robotics and Automation (ICRA),"MAY 23-27, 2022","Philadelphia, PA","IEEE,IEEE Robot & Automat Soc",,,,,,,,,"Alexis, Kostas/HKM-4911-2023",,,,,,,,,,,,,,1050-4729,2577-087X,978-1-7281-9681-7,,,,2022,,,,,,,9660,9667,,10.1109/ICRA46639.2022.9812231,http://dx.doi.org/10.1109/ICRA46639.2022.9812231,,,,,,,,,,,,,WOS:000941277602033,View Full Record in Web of Science
J,"Field, M; Stirling, D; Pan, ZX; Naghdy, F",,,,"Field, Matthew; Stirling, David; Pan, Zengxi; Naghdy, Fazel",,,Learning Trajectories for Robot Programing by Demonstration Using a Coordinated Mixture of Factor Analyzers,IEEE TRANSACTIONS ON CYBERNETICS,,,,,,,,,,,,,,,,,"pan, zengxi/AAO-2505-2020; Field, Matthew/J-2810-2015","pan, zengxi/0000-0002-1788-2543; Field, Matthew/0000-0002-6169-6721",,,,,,,,,,,,,2168-2267,2168-2275,,,,MAR,2016,46,3,,,,,706,717,,10.1109/TCYB.2015.2414277,http://dx.doi.org/10.1109/TCYB.2015.2414277,,,,,,,,25826815,,,,,WOS:000370963500011,View Full Record in Web of Science
J,"Löckel, S; Peters, J; van Vliet, P",,,,"Lockel, Stefan; Peters, Jan; van Vliet, Peter",,,A Probabilistic Framework for Imitating Human Race Driver Behavior,IEEE ROBOTICS AND AUTOMATION LETTERS,,,,,,,,,,,,,,,,,"Peters, Jan/D-5068-2009","Peters, Jan/0000-0002-5266-8091",,,,,,,,,,,,,2377-3766,,,,,APR,2020,5,2,,,,,2086,2093,,10.1109/LRA.2020.2970620,http://dx.doi.org/10.1109/LRA.2020.2970620,,,,,,,,,,,,,WOS:000526521400007,View Full Record in Web of Science
C,"Fu, J; Wang, CQ; Du, JY; Luo, F",,"Yu, H; Liu, J; Liu, L; Ju, Z; Liu, Y; Zhou, D",,"Fu, Jian; Wang, ChaoQi; Du, JinYu; Luo, Fan",,,Concurrent Probabilistic Motion Primitives for Obstacle Avoidance and Human-Robot Collaboration,"INTELLIGENT ROBOTICS AND APPLICATIONS, ICIRA 2019, PART VI",Lecture Notes in Artificial Intelligence,,,,12th International Conference on Intelligent Robotics and Applications (ICIRA),"AUG 08-11, 2019","Shenyang, PEOPLES R CHINA","Natl Nat Sci Fdn China,Springer,Chinese Acad Sci, Shenyang Inst Automat,Huazhong Univ Sci & Technol,Shanghai Jiao Tong Univ,Univ Portsmouth,Shenyang Assoc Sci & Technol",,,,,,,,,"Fu, Jian/AFY-2041-2022",,,,,,,,,,,,,,0302-9743,1611-3349,978-3-030-27529-7; 978-3-030-27528-0,,,,2019,11745,,,,,,701,714,,10.1007/978-3-030-27529-7_59,http://dx.doi.org/10.1007/978-3-030-27529-7_59,,,,,,,,,,,,,WOS:000719783200059,View Full Record in Web of Science
C,"Wang, JP; Miao, R; Ma, J; Shi, H",,,IEEE,"Wang, Jiangping; Miao, Rui; Ma, Jia; Shi, Hang",,,Search-based motion planning with task-space motion primitives for hyper-redundant manipulators in cluttered environment,"2024 6TH INTERNATIONAL CONFERENCE ON RECONFIGURABLE MECHANISMS AND ROBOTS, REMAR 2024",,,,,6th International Conference on Reconfigurable Mechanisms and Robots (ReMAR),"JUN 23-26, 2024","Chicago, IL","IEEE,IEEE Robot & Automat Soc,Purdue Univ,IFToMM",,,,,,,,,,,,,,,,,,,,,,,,,979-8-3503-9597-6; 979-8-3503-9596-9,,,,2024,,,,,,,554,559,,10.1109/REMAR61031.2024.10618160,http://dx.doi.org/10.1109/REMAR61031.2024.10618160,,,,,,,,,,,,,WOS:001299035800082,View Full Record in Web of Science
J,"Zhang, HJ; Zhang, YD; Liu, CK; Zhang, ZY",,,,"Zhang, Haojie; Zhang, Yudong; Liu, Chuankai; Zhang, Zuoyu",,,Energy efficient path planning for autonomous ground vehicles with ackermann steering?,ROBOTICS AND AUTONOMOUS SYSTEMS,,,,,,,,,,,,,,,,,"Zhang, Haojie/F-9037-2011","Zhang, Haojie/0000-0002-4486-4754",,,,,,,,,,,,,0921-8890,1872-793X,,,,APR,2023,162,,,,,,,,104366,10.1016/j.robot.2023.104366,http://dx.doi.org/10.1016/j.robot.2023.104366,,FEB 2023,,,,,,,,,,,WOS:000927896600001,View Full Record in Web of Science
C,"Nakazawa, A; Nakaoka, S; Ikeuchi, K; Yokoi, K",,,IEEE; IEEE,"Nakazawa, A; Nakaoka, S; Ikeuchi, K; Yokoi, K",,,Imitating human dance motions through motion structure analysis,"2002 IEEE/RSJ INTERNATIONAL CONFERENCE ON INTELLIGENT ROBOTS AND SYSTEMS, VOLS 1-3, PROCEEDINGS",,,,,IEEE/RSJ International Conference on Intelligent Robots and Systems (IROS 2002),"SEP 30-OCT 04, 2002","LAUSANNE, SWITZERLAND","IEEE Robot & Automat Soc,IEEE Ind Electr Soc,Robot Soc Japan,Soc Instruments & Control Engineers,INRIA Rhone Alpes Grenoble,EPFL Lausanne",,,,,,,,,,,,,,,,,,,,,,,,,0-7803-7398-7,,,,2002,,,,,,,2539,2544,,,,,,,,,,,,,,,,WOS:000179289100414,View Full Record in Web of Science
C,"Hu, YB; Chen, G; Ning, XY; Dong, JH; Liu, S; Knoll, A",,,IEEE,"Hu, Yingbai; Chen, Guang; Ning, Xiangyu; Dong, Jinhu; Liu, Shu; Knoll, Alois",,,Mobile Robot Learning from Human Demonstrations with Nonlinear Model Predictive Control,2019 IEEE/RSJ INTERNATIONAL CONFERENCE ON INTELLIGENT ROBOTS AND SYSTEMS (IROS),IEEE International Conference on Intelligent Robots and Systems,,,,IEEE/RSJ International Conference on Intelligent Robots and Systems (IROS),"NOV 04-08, 2019","Macau, PEOPLES R CHINA","IEEE,RSJ",,,,,,,,,"Chen, Guang/I-4799-2019; Liu, Shu/AFT-1390-2022; Knoll, Alois/AAN-8417-2021","CHen, Guang/0000-0002-7416-592X; Knoll, Alois/0000-0003-4840-076X",,,,,,,,,,,,,2153-0858,,978-1-7281-4004-9,,,,2019,,,,,,,5057,5062,,10.1109/iros40897.2019.8968277,http://dx.doi.org/10.1109/iros40897.2019.8968277,,,,,,,,,,,,,WOS:000544658404022,View Full Record in Web of Science
C,"Yao, YF; Chi, MS; Liu, YX; Du, QL; Wang, ZM",,,IEEE,Yao Yufeng; Chi Mingshan; Liu Yaxin; Du Qilong; Wang Zhaomin,,,WMRA Skill Learning Through Segmentation of Demonstration,2017 2ND INTERNATIONAL CONFERENCE ON ADVANCED ROBOTICS AND MECHATRONICS (ICARM),,,,,2nd International Conference on Advanced Robotics and Mechatronics (ICARM),"AUG 27-31, 2017","Hefei, PEOPLES R CHINA","Univ Sci & Technol China,IEEE Syst Man & Cybernet Soc,IEEE Robot & Automat Soc,HIT Robot Grp Int Inst Res & Innovat,Hefei State Hi Tech Ind Dev Zone,AAI,Taishan District Govt Taian,South China Univ Technol,IEEE Syst Man & Cybernet Soc Tech Comm Bio Mechatron & Bio Robot Syst,IEEE Robot & Automat Soc Tech Comm Neuro Robot Syst,China Speech Valley,China Search,Shanghai NewReal Auto Syst Co Ltd,Chinese Assoc Artificial Intelligence,IEEE Control Syst Soc,IEEE Control Syst Soc, Beijing Chapter",,,,,,,,,"Du, Qilong/IUN-7914-2023",,,,,,,,,,,,,,,,978-1-5386-3260-4,,,,2017,,,,,,,540,545,,,,,,,,,,,,,,,,WOS:000426453700096,View Full Record in Web of Science
J,"Zhang, HJ; Jiang, F; Li, Q",,,,"Zhang, Haojie; Jiang, Feng; Li, Qing",,,An improved path planning and tracking control method for planetary exploration rovers with traversable tolerance,BIOMIMETIC INTELLIGENCE AND ROBOTICS,,,,,,,,,,,,,,,,,,,,,,,,,,,,,,,2097-0242,2667-3797,,,,JUN,2025,5,2,,,,,,,100219,10.1016/j.birob.2025.100219,http://dx.doi.org/10.1016/j.birob.2025.100219,,,,,,,,,,,,,WOS:001437444300001,View Full Record in Web of Science
J,"Martin, P; Johnson, E; Murphey, T; Egerstedt, M",,,,"Martin, Patrick; Johnson, Elliot; Murphey, Todd; Egerstedt, Magnus",,,Constructing and Implementing Motion Programs for Robotic Marionettes,IEEE TRANSACTIONS ON AUTOMATIC CONTROL,,,,,,,,,,,,,,,,,"Murphey, Todd/C-9815-2009","Murphey, Todd/0000-0003-2262-8176; Martin, Patrick/0000-0002-5896-828X",,,,,,,,,,,,,0018-9286,1558-2523,,,,APR,2011,56,4,,,,,902,907,,10.1109/TAC.2011.2105312,http://dx.doi.org/10.1109/TAC.2011.2105312,,,,,,,,,,,,,WOS:000289203300019,View Full Record in Web of Science
C,"Huang, YL; Abu-Dakka, FJ; Silvério, J; Caldwell, DG",,"Howard, A; Althoefer, K; Arai, F; Arrichiello, F; Caputo, B; Castellanos, J; Hauser, K; Isler, V; Kim, J; Liu, H; Oh, P; Santos, V; Scaramuzza, D; Ude, A; Voyles, R; Yamane, K; Okamura, A",IEEE,"Huang, Yanlong; Abu-Dakka, Fares J.; Silverio, Joao; Caldwell, Darwin G.",,,Generalized Orientation Learning in Robot Task Space,2019 INTERNATIONAL CONFERENCE ON ROBOTICS AND AUTOMATION (ICRA),IEEE International Conference on Robotics and Automation ICRA,,,,IEEE International Conference on Robotics and Automation (ICRA),"MAY 20-24, 2019","Montreal, CANADA","Bosch,DJI,Kinova,Mercedes Benz,Samsung,Argo AI,Clearpath Robot,Element AI,Fetch Robot,Huawei,iRobot,KUKA,Quanser,SICK,Toyota Res Inst,Uber,Waymo,Zhejiang Lab,Amazon,Applanix,Cloudminds,Honda Res Inst,MathWorks,Ouster",,,,,,,,,"Caldwell, Darwin/E-9954-2018; AbuDakka, Fares/M-2085-2019; Abu-Dakka, Fares J./M-4099-2014","Abu-Dakka, Fares J./0000-0001-9062-9416",,,,,,,,,,,,,1050-4729,2577-087X,978-1-5386-6026-3,,,,2019,,,,,,,2531,2537,,10.1109/icra.2019.8793540,http://dx.doi.org/10.1109/icra.2019.8793540,,,,,,,,,,,,,WOS:000494942301137,View Full Record in Web of Science
C,"Pitchai, M; Xiong, XF; Thor, M; Billeschou, P; Mailänder, PL; Leung, B; Kulvicius, T; Manoonpong, P",,"Tetko, IV; Kurkova, V; Karpov, P; Theis, F",,"Pitchai, Matheshwaran; Xiong, Xiaofeng; Thor, Mathias; Billeschou, Peter; Mailander, Peter Lukas; Leung, Binggwong; Kulvicius, Tomas; Manoonpong, Poramate",,,CPG Driven RBF Network Control with Reinforcement Learning for Gait Optimization of a Dung Beetle-Like Robot,"ARTIFICIAL NEURAL NETWORKS AND MACHINE LEARNING - ICANN 2019: THEORETICAL NEURAL COMPUTATION, PT I",Lecture Notes in Computer Science,,,,28th International Conference on Artificial Neural Networks (ICANN),"SEP 17-19, 2019","Tech Univ Munchen, Klinikum Rechts Isar, Munich, GERMANY",,"Tech Univ Munchen, Klinikum Rechts Isar",,,,,,,,"Xiong, Xiaofeng/AAE-5443-2019; Thor, Mathias/AAE-1022-2019; Billeschou, Peter/B-5149-2019; Manoonpong, Poramate/Y-8479-2018","Leung, Binggwong/0000-0001-8955-0663; Billeschou, Peter/0000-0002-7578-3412; Thor, Mathias/0000-0002-6329-8583; Pitchai, Matheshwaran/0000-0002-0639-4691; Xiong, Xiaofeng/0000-0001-5358-3498; Manoonpong, Poramate/0000-0002-4806-7576",,,,,,,,,,,,,0302-9743,1611-3349,978-3-030-30487-4; 978-3-030-30486-7,,,,2019,11727,,,,,,698,710,,10.1007/978-3-030-30487-4_53,http://dx.doi.org/10.1007/978-3-030-30487-4_53,,,,,,,,,,,,,WOS:000546494000053,View Full Record in Web of Science
J,"Herzog, S; Wörgötter, F; Kulvicius, T",,,,"Herzog, Sebastian; Woergoetter, Florentin; Kulvicius, Tomas",,,Generation of movements with boundary conditions based on optimal control theory,ROBOTICS AND AUTONOMOUS SYSTEMS,,,,,,,,,,,,,,,,,"Herzog, Sebastian/AAA-4073-2022","Woergoetter, Florentin/0000-0001-8206-9738; Herzog, Sebastian/0000-0002-3827-7799",,,,,,,,,,,,,0921-8890,1872-793X,,,,AUG,2017,94,,,,,,1,11,,10.1016/j.robot.2017.04.006,http://dx.doi.org/10.1016/j.robot.2017.04.006,,,,,,,,,,,,,WOS:000404201700001,View Full Record in Web of Science
J,"Ko, KE; Sim, KB",,,,"Ko, K. E.; Sim, K. B.",,,Unsupervised stochastic segmentation of behaviour for learning by demonstration,ELECTRONICS LETTERS,,,,,,,,,,,,,,,,,,,,,,,,,,,,,,,0013-5194,1350-911X,,,,OCT 13,2016,52,21,,,,,,,,10.1049/el.2016.2548,http://dx.doi.org/10.1049/el.2016.2548,,,,,,,,,,,,,WOS:000385960800019,View Full Record in Web of Science
J,"Landi, CT; Ferraguti, F; Fantuzzi, C; Secchi, C",,,,"Landi, Chiara Talignani; Ferraguti, Federica; Fantuzzi, Cesare; Secchi, Cristian",,,A Passivity-Based Strategy for Manual Corrections in Human-Robot Coaching,ELECTRONICS,,,,,,,,,,,,,,,,,"Secchi, Cristian/ABD-4900-2020; Ferraguti, Federica/AAJ-6717-2021; Landi, Chiara/AAI-6979-2020; Fantuzzi, Cesare/E-6332-2016","Secchi, Cristian/0000-0002-2098-0099",,,,,,,,,,,,,2079-9292,,,,,MAR,2019,8,3,,,,,,,320,10.3390/electronics8030320,http://dx.doi.org/10.3390/electronics8030320,,,,,,,,,,,,,WOS:000465642600005,View Full Record in Web of Science
C,"Colombo, M; Beretta, L; Zanchettin, AM; Rocco, P",,,IEEE,"Colombo, Matteo; Beretta, Luca; Zanchettin, Andrea Maria; Rocco, Paolo",,,Manipulation and Handover Planning for Dual-Arm Robots,"2024 IEEE 20TH INTERNATIONAL CONFERENCE ON AUTOMATION SCIENCE AND ENGINEERING, CASE 2024",IEEE International Conference on Automation Science and Engineering,,,,IEEE 20th International Conference on Automation Science and Engineering (CASE),"AUG 28-SEP 01, 2024","Bari, ITALY",IEEE,,,,,,,,,,,,,,,,,,,,,,,2161-8070,,979-8-3503-5851-3; 979-8-3503-5852-0,,,,2024,,,,,,,941,947,,10.1109/CASE59546.2024.10711713,http://dx.doi.org/10.1109/CASE59546.2024.10711713,,,,,,,,,,,,,WOS:001361783100119,View Full Record in Web of Science
C,"Noseworthy, M; Paul, R; Roy, S; Park, D; Roy, N",,"Kaelbling, LP; Kragic, D; Sugiura, K",,"Noseworthy, Michael; Paul, Rohan; Roy, Subhro; Park, Daehyung; Roy, Nicholas",,,Task-Conditioned Variational Autoencoders for Learning Movement Primitives,"CONFERENCE ON ROBOT LEARNING, VOL 100",Proceedings of Machine Learning Research,,,,3rd Conference on Robot Learning (CoRL),"OCT 30-NOV 01, 2019","Osaka, JAPAN",,,,,,,,,,,,,,,,,,,,,,,,2640-3498,,,,,,2019,100,,,,,,,,,,,,,,,,,,,,,,,WOS:001228521000070,View Full Record in Web of Science
C,"Shiratori, T; Nakazawa, A; Ikeuchi, K",,,IEEE; IEEE,"Shiratori, T; Nakazawa, A; Ikeuchi, K",,,Rhythmic motion analysis using motion capture and musical information,PROCEEDINGS OF THE IEEE INTERNATIONAL CONFERENCE ON MULTISENSOR FUSION AND INTEGRATION FOR INTELLIGENT SYSTEMS,,,,,IEEE International Conference on Multisensor Fusion and Integration for Intelligent Systems,"JUL 30-AUG 01, 2003","TOKYO, JAPAN","IEEE Ind Elect Soc,IEEE Robot & Automat Soc,Soc Instrument & Control Engineers Japan,Robot Soc Japan",,,,,,,,,,,,,,,,,,,,,,,,,0-7803-7987-X,,,,2003,,,,,,,89,94,,10.1109/MFI-2003.2003.1232638,http://dx.doi.org/10.1109/MFI-2003.2003.1232638,,,,,,,,,,,,,WOS:000185947600016,View Full Record in Web of Science
J,"Abu-Dakka, FJ; Nemec, B; Jorgensen, JA; Savarimuthu, TR; Krüger, N; Ude, A",,,,"Abu-Dakka, Fares J.; Nemec, Bojan; Jorgensen, Jimmy A.; Savarimuthu, Thiusius R.; Kruger, Norbert; Ude, Ales",,,Adaptation of manipulation skills in physical contact with the environment to reference force profiles,AUTONOMOUS ROBOTS,,,,,,,,,,,,,,,,,"Savarimuthu, Thiusius/J-7766-2015; AbuDakka, Fares/M-2085-2019; Ude, Aleš/ABB-7839-2020; Kruger, Norbert/P-6315-2015","ABU-DAKKA, FARES JAWAD MOH D/0000-0003-0719-703X",,,,,,,,,,,,,0929-5593,1573-7527,,,,AUG,2015,39,2,,,,,199,217,,10.1007/s10514-015-9435-2,http://dx.doi.org/10.1007/s10514-015-9435-2,,,,,,,,,,,,,WOS:000357652400006,View Full Record in Web of Science
C,"Fu, J; Shen, SY; Cao, C; Li, C",,"Yu, H; Liu, J; Liu, L; Ju, Z; Liu, Y; Zhou, D",,"Fu, Jian; Shen, Siyuan; Cao, Ce; Li, Cong",,,Fast Robot Motor Skill Acquisition Based on Bayesian Inspired Policy Improvement,"INTELLIGENT ROBOTICS AND APPLICATIONS, ICIRA 2019, PART VI",Lecture Notes in Artificial Intelligence,,,,12th International Conference on Intelligent Robotics and Applications (ICIRA),"AUG 08-11, 2019","Shenyang, PEOPLES R CHINA","Natl Nat Sci Fdn China,Springer,Chinese Acad Sci, Shenyang Inst Automat,Huazhong Univ Sci & Technol,Shanghai Jiao Tong Univ,Univ Portsmouth,Shenyang Assoc Sci & Technol",,,,,,,,,"Fu, Jian/AFY-2041-2022",,,,,,,,,,,,,,0302-9743,1611-3349,978-3-030-27529-7; 978-3-030-27528-0,,,,2019,11745,,,,,,356,367,,10.1007/978-3-030-27529-7_31,http://dx.doi.org/10.1007/978-3-030-27529-7_31,,,,,,,,,,,,,WOS:000719783200031,View Full Record in Web of Science
C,"Saveriano, M; An, SI; Lee, D",,,IEEE,"Saveriano, Matteo; An, Sang-ik; Lee, Dongheui",,,Incremental Kinesthetic Teaching of End-Effector and Null-Space Motion Primitives,2015 IEEE INTERNATIONAL CONFERENCE ON ROBOTICS AND AUTOMATION (ICRA),IEEE International Conference on Robotics and Automation ICRA,,,,IEEE International Conference on Robotics and Automation (ICRA),"MAY 26-30, 2015","Seattle, WA",IEEE,,,,,,,,,,"Saveriano, Matteo/0000-0002-9784-3973",,,,,,,,,,,,,1050-4729,2577-087X,978-1-4799-6923-4,,,,2015,,,,,,,3570,3575,,,,,,,,,,,,,,,,WOS:000370974903084,View Full Record in Web of Science
J,"Wang, Y; Beltran-Hernandez, CC; Wan, WW; Harada, K",,,,"Wang, Yan; Beltran-Hernandez, Cristian C.; Wan, Weiwei; Harada, Kensuke",,,An Adaptive Imitation Learning Framework for Robotic Complex Contact-Rich Insertion Tasks,FRONTIERS IN ROBOTICS AND AI,,,,,,,,,,,,,,,,,"Beltran-Hernandez, Cristian/AAS-2713-2021; Wan, Weiwei/M-3333-2016; Harada, Kensuke/M-3376-2016","Wan, Weiwei/0000-0002-0058-2819; Harada, Kensuke/0000-0002-7576-756X; Beltran-Hernandez, Cristian Camilo/0000-0002-1134-009X",,,,,,,,,,,,,2296-9144,,,,,JAN 11,2022,8,,,,,,,,777363,10.3389/frobt.2021.777363,http://dx.doi.org/10.3389/frobt.2021.777363,,,,,,,,35087872,,,,,WOS:000748035200001,View Full Record in Web of Science
J,"Wen, H; Fu, W; Chen, W; Huan, JL; Li, CS; Duan, XG",,,,"Wen, Hao; Fu, Wen; Chen, Wu; Huan, Jiale; Li, Changsheng; Duan, Xingguang",,,Imitation Learning and Teleoperation Shared Control With Unit Tangent Fuzzy Movement Primitives,IEEE TRANSACTIONS ON FUZZY SYSTEMS,,,,,,,,,,,,,,,,,,,,,,,,,,,,,,,1063-6706,1941-0034,,,,NOV,2024,32,11,,,,,6252,6266,,10.1109/TFUZZ.2024.3443713,http://dx.doi.org/10.1109/TFUZZ.2024.3443713,,,,,,,,,,,,,WOS:001348284400046,View Full Record in Web of Science
J,"Colomé, A; Torras, C",,,,"Colome, Adria; Torras, Carme",,,Dimensionality Reduction in Learning Gaussian Mixture Models of Movement Primitives for Contextualized Action Selection and Adaptation,IEEE ROBOTICS AND AUTOMATION LETTERS,,,,,,,,,,,,,,,,,"Torras, Carme/M-1794-2014","Torras, Carme/0000-0002-2933-398X; Colome, Adria/0000-0001-9715-4062",,,,,,,,,,,,,2377-3766,,,,,OCT,2018,3,4,,,,,3922,3929,,10.1109/LRA.2018.2857921,http://dx.doi.org/10.1109/LRA.2018.2857921,,,,,,,,,,,,,WOS:000441444700032,View Full Record in Web of Science
J,"Nguiadem, C; Raison, M; Achiche, S",,,,"Nguiadem, Clautilde; Raison, Maxime; Achiche, Sofiane",,,Motion Planning of Upper-Limb Exoskeleton Robots: A Review,APPLIED SCIENCES-BASEL,,,,,,,,,,,,,,,,,"Achiche, Sofiane/A-7154-2012","Raison, Maxime/0000-0002-0311-456X",,,,,,,,,,,,,,2076-3417,,,,NOV,2020,10,21,,,,,,,7626,10.3390/app10217626,http://dx.doi.org/10.3390/app10217626,,,,,,,,,,,,,WOS:000588937200001,View Full Record in Web of Science
J,"Toner, T; Tilbury, DM; Barton, K",,,,"Toner, Tyler; Tilbury, Dawn M.; Barton, Kira",,,PRF: A Program Reuse Framework for Automated Programming by Learning from Existing Robot Programs,ROBOTICS,,,,,,,,,,,,,,,,,,"Barton, Kira/0000-0003-1047-8078",,,,,,,,,,,,,,2218-6581,,,,AUG,2024,13,8,,,,,,,118,10.3390/robotics13080118,http://dx.doi.org/10.3390/robotics13080118,,,,,,,,,,,,,WOS:001304652800001,View Full Record in Web of Science
J,"Xu, HC; Ding, XL",,,,"Xu, Hongcheng; Ding, Xilun",,,Human-Like Motion Planning for a 4-DOF Anthropomorphic Arm Based on Arm's Inherent Characteristics,INTERNATIONAL JOURNAL OF HUMANOID ROBOTICS,,,,,,,,,,,,,,,,,,,,,,,,,,,,,,,0219-8436,1793-6942,,,,DEC,2017,14,4,,,,,,,1750005,10.1142/S0219843617500050,http://dx.doi.org/10.1142/S0219843617500050,,,,,,,,,,,,,WOS:000415365600001,View Full Record in Web of Science
C,"Tajvar, P; Varava, A; Kragic, D; Tumova, J",,"Asfour, T; Yoshida, E; Park, J; Christensen, H; Khatib, O",,"Tajvar, Pouria; Varava, Anastasiia; Kragic, Danica; Tumova, Jana",,,Robust Motion Planning for Non-holonomic Robots with Planar Geometric Constraints,ROBOTICS RESEARCH: THE 19TH INTERNATIONAL SYMPOSIUM ISRR,Springer Proceedings in Advanced Robotics,,,,19th International Symposium of Robotics Research (ISRR),"OCT 06-10, 2019","Hanoi, VIETNAM",Int Fdn Robot Res,,,,,,,,,,"Tajvar, Pouria/0000-0001-9516-6764",,,,,,,,,,,,,2511-1256,2511-1264,978-3-030-95459-8; 978-3-030-95458-1,,,,2022,20,,,,,,850,866,,10.1007/978-3-030-95459-8_52,http://dx.doi.org/10.1007/978-3-030-95459-8_52,,,,,,,,,,,,,WOS:000771723700052,View Full Record in Web of Science
J,"Yousefizadeh, S; Mendez, JDF; Bak, T",,,,"Yousefizadeh, Shirin; Mendez, Juan de Dios Flores; Bak, Thomas",,,Trajectory adaptation for an impedance controlled cooperative robot according to an operator's force,AUTOMATION IN CONSTRUCTION,,,,,,,,,,,,,,,,,"Bak, Thomas/A-2029-2011","Bak, Thomas/0000-0002-8282-5932; Yousefizadeh, Shirin/0000-0003-0425-3630",,,,,,,,,,,,,0926-5805,1872-7891,,,,JUL,2019,103,,,,,,213,220,,10.1016/j.autcon.2019.01.006,http://dx.doi.org/10.1016/j.autcon.2019.01.006,,,,,,,,,,,,,WOS:000466828500015,View Full Record in Web of Science
C,"Kadam, S; Joshi, K; Gupta, N; Katdare, P; Banavar, R",,"Bicchi, A; Okamura, A",,"Kadam, Sudin; Joshi, Kedar; Gupta, Naman; Katdare, Pulkit; Banavar, Ravi",,,Trajectory Tracking Using Motion Primitives for the Purcell's Swimmer,2017 IEEE/RSJ INTERNATIONAL CONFERENCE ON INTELLIGENT ROBOTS AND SYSTEMS (IROS),IEEE International Conference on Intelligent Robots and Systems,,,,IEEE/RSJ International Conference on Intelligent Robots and Systems (IROS),"SEP 24-28, 2017","Vancouver, CANADA","IEEE,RSJ,IEEE Robot & Automat Soc,IEEE IES,SICE,New Technol Fdn",,,,,,,,,"Joshi, Kedar/K-3241-2019; Gupta, Naman/AAI-6409-2020",,,,,,,,,,,,,,2153-0858,,978-1-5386-2682-5,,,,2017,,,,,,,3246,3251,,,,,,,,,,,,,,,,WOS:000426978203040,View Full Record in Web of Science
C,"Wang, JR; Zhang, XB; Gao, HM; Fang, YC",,,IEEE,"Wang, Jiarui; Zhang, Xuebo; Gao, Haiming; Fang, Yongchun",,,Time-Optimal Motion Planning for a Nonholonomic Mobile Robot on a Barcode Map,2017 IEEE INTERNATIONAL CONFERENCE ON ROBOTICS AND BIOMIMETICS (IEEE ROBIO 2017),,,,,IEEE International Conference on Robotics and Biomimetics (ROBIO),"DEC 05-08, 2017","Macau, PEOPLES R CHINA","IEEE,IEEE Robot & Automat Soc,City Univ Hong Kong,Beijing Inst Technol,Univ Hong Kong,Univ Macau,Shenzhen Acad Robot",,,,,,,,,"Gao, Haiming/LRB-4474-2024; WANG, JIARUI/B-1740-2016","Gao, Haiming/0000-0001-7720-1749",,,,,,,,,,,,,,,978-1-5386-3742-5,,,,2017,,,,,,,215,220,,,,,,,,,,,,,,,,WOS:000576754200036,View Full Record in Web of Science
C,"Monica, R; Aleotti, J; Piccinini, D",,,IEEE,"Monica, Riccardo; Aleotti, Jacopo; Piccinini, Davide",,,Humanoid Robot Next Best View Planning Under Occlusions Using Body Movement Primitives,2019 IEEE/RSJ INTERNATIONAL CONFERENCE ON INTELLIGENT ROBOTS AND SYSTEMS (IROS),IEEE International Conference on Intelligent Robots and Systems,,,,IEEE/RSJ International Conference on Intelligent Robots and Systems (IROS),"NOV 04-08, 2019","Macau, PEOPLES R CHINA","IEEE,RSJ",,,,,,,,,,,,,,,,,,,,,,,2153-0858,,978-1-7281-4004-9,,,,2019,,,,,,,2493,2500,,10.1109/iros40897.2019.8968239,http://dx.doi.org/10.1109/iros40897.2019.8968239,,,,,,,,,,,,,WOS:000544658402017,View Full Record in Web of Science
J,"Pérez-Dattari, R; Kober, J",,,,"Perez-Dattari, Rodrigo; Kober, Jens",,,Stable Motion Primitives via Imitation and Contrastive Learning,IEEE TRANSACTIONS ON ROBOTICS,,,,,,,,,,,,,,,,,"Kober, Jens/I-9119-2017","Kober, Jens/0000-0001-7257-5434; Perez Dattari, Rodrigo/0000-0002-9503-7783",,,,,,,,,,,,,1552-3098,1941-0468,,,,OCT,2023,39,5,,,,,3909,3928,,10.1109/TRO.2023.3289597,http://dx.doi.org/10.1109/TRO.2023.3289597,,AUG 2023,,,,,,,,,,,WOS:001051286800001,View Full Record in Web of Science
J,"Koert, D; Trick, S; Ewerton, M; Lutter, M; Peters, J",,,,"Koert, Dorothea; Trick, Susanne; Ewerton, Marco; Lutter, Michael; Peters, Jan",,,Incremental Learning of an Open-Ended Collaborative Skill Library,INTERNATIONAL JOURNAL OF HUMANOID ROBOTICS,,,,,,,,,,,,,,,,,"Peters, Jan/D-5068-2009","Koert, Dorothea/0000-0002-3571-6848",,,,,,,,,,,,,0219-8436,1793-6942,,,,FEB,2020,17,1,,,SI,,,,2050001,10.1142/S0219843620500012,http://dx.doi.org/10.1142/S0219843620500012,,,,,,,,,,,,,WOS:000521150600008,View Full Record in Web of Science
C,"Xin, J; Jiao, XL; Yang, Y; Liu, D",,"Chen, J; Zhao, Q",,Xin Jing; Jiao Xiao-liang; Yang Yin; Liu Ding,,,Visual Navigation for Mobile Robot with Kinect Camera in Dynamic Environment,PROCEEDINGS OF THE 35TH CHINESE CONTROL CONFERENCE 2016,Chinese Control Conference,,,,35th Chinese Control Conference (CCC),"JUL 27-29, 2016","Chengdu, PEOPLES R CHINA","Chinese Assoc Automat, Tech Comm Control Theory,Syst Engn Soc China,SW Jiaotong Univ,Chinese Acad Sci, Acad Math & Syst Sci,China Soc Indu & Appl Math,Univ Elect Sci & Technol China,Sichuan Univ,Asian Control Assocn,IEEE Control Syst Soc,Inst Control Robot & Syst,Soc Instrument & Control Engineers,Sichuan Soc Automat & Instrument",,,,,,,,,"Xin, Jing/HTT-2632-2023",,,,,,,,,,,,,,2161-2927,,978-9-8815-6391-0,,,,2016,,,,,,,4757,4764,,,,,,,,,,,,,,,,WOS:000400282201041,View Full Record in Web of Science
J,"YAN, XT; CASE, K; WESTON, RH",,,,"YAN, XT; CASE, K; WESTON, RH",,,A GENERALIZED-APPROACH TO THE MODELING OF MODULAR MACHINES,PROCEEDINGS OF THE INSTITUTION OF MECHANICAL ENGINEERS PART B-JOURNAL OF ENGINEERING MANUFACTURE,,,,,,,,,,,,,,,,,,,,,,,,,,,,,,,0954-4054,,,,,,1994,208,3,,,,,191,203,,10.1243/PIME_PROC_1994_208_078_02,http://dx.doi.org/10.1243/PIME_PROC_1994_208_078_02,,,,,,,,,,,,,WOS:A1994PA85400005,View Full Record in Web of Science
C,"Ravichandar, HC; Thota, PK; Dani, AP",,,IEEE,"Ravichandar, Harish Chaandar; Thota, Pavan Kumar; Dani, Ashwin P.",,,Learning Periodic Motions from Human Demonstrations using Transverse Contraction Analysis,2016 AMERICAN CONTROL CONFERENCE (ACC),Proceedings of the American Control Conference,,,,American Control Conference (ACC),"JUL 06-08, 2016","Boston, MA",Amer Automat Control Council,,,,,,,,,,"Ravichandar, Harish/0000-0002-6635-2637",,,,,,,,,,,,,0743-1619,2378-5861,978-1-4673-8682-1,,,,2016,,,,,,,4853,4858,,,,,,,,,,,,,,,,WOS:000388376104153,View Full Record in Web of Science
C,"Wen, YS; He, HL; Julius, A; Wen, JT",,,IEEE,"Wen, Yunshi; He, Honglu; Julius, Agung; Wen, John T.",,,Motion Profile Optimization in Industrial Robots using Reinforcement Learning,"2023 IEEE/ASME INTERNATIONAL CONFERENCE ON ADVANCED INTELLIGENT MECHATRONICS, AIM",IEEE ASME International Conference on Advanced Intelligent Mechatronics,,,,IEEE/ASME International Conference on Advanced Intelligent Mechatronics (AIM),"JUN 28-30, 2023","Seattle, WA","IEEE,ASME",,,,,,,,,"He, Honglu/KZU-9307-2024; Wen, John/B-4474-2008",,,,,,,,,,,,,,2159-6255,,978-1-6654-7633-1,,,,2023,,,,,,,1309,1316,,10.1109/AIM46323.2023.10196247,http://dx.doi.org/10.1109/AIM46323.2023.10196247,,,,,,,,,,,,,WOS:001051263900183,View Full Record in Web of Science
C,"Kunori, H; Lee, DH; Nakamura, Y",,,IEEE,"Kunori, Hirotoshi; Lee, Dongheui; Nakamura, Yoshihiko",,,Associating and Reshaping of Whole Body Motions for Object Manipulation,2009 IEEE-RSJ INTERNATIONAL CONFERENCE ON INTELLIGENT ROBOTS AND SYSTEMS,,,,,IEEE RSJ International Conference on Intelligent Robots and Systems,"OCT 10-15, 2009","St Louis, MO","IEEE Robot & Automat Soc (RA),Robot Soc Japan (RSJ),Soc Instruments & Control Engn,IEEE Ind Elect Soc,Inst Control, Robot & Syst Korea,ABB,Barrett Technol, Inc,Willow Garage,ROBOTIS,Aldebaran Robot",,,,,,,,,"Nakamura, Yoshihiko/M-1019-2014","Nakamura, Yoshihiko/0000-0001-7162-5102",,,,,,,,,,,,,,,978-1-4244-3803-7,,,,2009,,,,,,,5240,5247,,10.1109/IROS.2009.5354022,http://dx.doi.org/10.1109/IROS.2009.5354022,,,,,,,,,,,,,WOS:000285372903022,View Full Record in Web of Science
C,"Lentini, G; Grioli, G; Catalano, MG; Bicchi, A",,,IEEE,"Lentini, Gianluca; Grioli, Giorgio; Catalano, Manuel G.; Bicchi, Antonio",,,Robot Programming without Coding,2020 IEEE INTERNATIONAL CONFERENCE ON ROBOTICS AND AUTOMATION (ICRA),IEEE International Conference on Robotics and Automation ICRA,,,,IEEE International Conference on Robotics and Automation (ICRA),"MAY 31-JUN 15, 2020",ELECTR NETWORK,IEEE,,,,,,,,,"Grioli, Giorgio/AAI-7548-2020; Catalano, Manuel Giuseppe/K-4412-2018","Catalano, Manuel Giuseppe/0000-0003-1950-6186; Grioli, Giorgio/0000-0002-5310-2997",,,,,,,,,,,,,1050-4729,2577-087X,978-1-7281-7395-5,,,,2020,,,,,,,7576,7582,,10.1109/icra40945.2020.9196904,http://dx.doi.org/10.1109/icra40945.2020.9196904,,,,,,,,,,,,,WOS:000712319505003,View Full Record in Web of Science
C,"Mangin, O; Oudeyer, PY",,,IEEE; Robotics Society of Japan,"Mangin, Olivier; Oudeyer, Pierre-Yves",,,Learning to recognize parallel combinations of human motion primitives with linguistic descriptions using non-negative matrix factorization,2012 IEEE/RSJ INTERNATIONAL CONFERENCE ON INTELLIGENT ROBOTS AND SYSTEMS (IROS),IEEE International Conference on Intelligent Robots and Systems,,,,25th IEEE\RSJ International Conference on Intelligent Robots and Systems (IROS),"OCT 07-12, 2012","Algarve, PORTUGAL","IEEE Robot & Automat Soc (RAS),IEEE Ind Elect Soc (IES),Robot Soc Japan (RSJ),Soc Instrument & Control Engineers (SICE),New technol Fdn (NTF),Inst Control, Robot & Syst,IEEE,Adept MobileRobots,Willow Garage,Aldebaran Robot,Natl Instruments,Reflexxes GmbH,Schunk Intec S L U",,,,,,,,,,,,,,,,,,,,,,,2153-0858,,978-1-4673-1736-8,,,,2012,,,,,,,3270,3277,,,,,,,,,,,,,,,,WOS:000317042703132,View Full Record in Web of Science
C,"Moon, S; Kwak, D; Kim, HJ",,,IEEE,"Moon, Sungwon; Kwak, Dongjun; Kim, H. Jin",,,Cooperative control of differential wheeled mobile robots for box pushing problem,"2012 12TH INTERNATIONAL CONFERENCE ON CONTROL, AUTOMATION AND SYSTEMS (ICCAS)",,,,,"12th International Conference on Control, Automation and Systems (ICCAS)","OCT 17-21, 2012","ICC, Jeju, SOUTH KOREA","IES,RA,CSS,SICE,ACA,AAI,CAA,ISA,CAC",ICC,,,,,,,,,,,,,,,,,,,,,,,,978-89-93215-04-5,,,,2012,,,,,,,140,144,,,,,,,,,,,,,,,,WOS:000346513400028,View Full Record in Web of Science
J,"Caccavale, R; Saveriano, M; Finzi, A; Lee, D",,,,"Caccavale, Riccardo; Saveriano, Matteo; Finzi, Alberto; Lee, Dongheui",,,Kinesthetic teaching and attentional supervision of structured tasks in human-robot interaction,AUTONOMOUS ROBOTS,,,,,,,,,,,,,,,,,"Finzi, Alberto/P-4895-2019","FINZI, Alberto/0000-0001-6255-6221; Saveriano, Matteo/0000-0002-9784-3973",,,,,,,,,,,,,0929-5593,1573-7527,,,,AUG,2019,43,6,,,,,1291,1307,,10.1007/s10514-018-9706-9,http://dx.doi.org/10.1007/s10514-018-9706-9,,,,,,,,,,,,,WOS:000474366100001,View Full Record in Web of Science
C,"Singh, J; Zhou, J; Beferull-Lozano, B; Yan, S; Khan, S",,,IEEE,"Singh, Jayant; Zhou, Jing; Beferull-Lozano, Baltasar; Yan, Shijun; Khan, Shalman",,,Haptic Teleoperation Framework for Learning Task Space Fine Manipulation Skills,"2024 IEEE 19TH CONFERENCE ON INDUSTRIAL ELECTRONICS AND APPLICATIONS, ICIEA 2024",IEEE Conference on Industrial Electronics and Applications,,,,IEEE 19th Conference on Industrial Electronics and Applications (ICIEA),"AUG 05-08, 2024","Kristiansand, NORWAY",IEEE,,,,,,,,,,,,,,,,,,,,,,,2156-2318,,979-8-3503-6087-5; 979-8-3503-6086-8,,,,2024,,,,,,,,,,10.1109/ICIEA61579.2024.10665270,http://dx.doi.org/10.1109/ICIEA61579.2024.10665270,,,,,,,,,,,,,WOS:001323563900343,View Full Record in Web of Science
J,"Saimek, S; Li, PY",,,,"Saimek, S; Li, PY",,,Motion planning and control of a swimming machine,INTERNATIONAL JOURNAL OF ROBOTICS RESEARCH,,,,,American Control Conference,"JUN, 2001","ARLINGTON, VA",,,,,,,,,,,"Li, Perry/0000-0001-6433-3945",,,,,,,,,,,,,0278-3649,1741-3176,,,,JAN,2004,23,1,,,,,27,53,,10.1177/0278364904038366,http://dx.doi.org/10.1177/0278364904038366,,,,,,,,,,,,,WOS:000188589700002,View Full Record in Web of Science
J,"Yu, HC; Cao, S; Wu, XN; Peng, YF; Liu, JK; Wang, XK",,,,"Yu, Huangchao; Cao, Su; Wu, Xinning; Peng, Yufan; Liu, Jikai; Wang, Xiangke",,,A Novel Brain-inspired Architecture and Flight Experiments for Autonomous Maneuvering Flight of Unmanned Aerial Vehicles,JOURNAL OF INTELLIGENT & ROBOTIC SYSTEMS,,,,,,,,,,,,,,,,,"Wang, Xiangke/AFW-1440-2022; Yu, Huangchao/GZK-8030-2022","cao, su/0000-0002-7702-6378",,,,,,,,,,,,,0921-0296,1573-0409,,,,AUG,2023,108,4,,,,,,,75,10.1007/s10846-023-01897-0,http://dx.doi.org/10.1007/s10846-023-01897-0,,,,,,,,,,,,,WOS:001038128100001,View Full Record in Web of Science
J,"André, J; Santos, C; Costa, L",,,,"Andre, Joao; Santos, Cristina; Costa, Lino",,,Skill Memory in Biped Locomotion,JOURNAL OF INTELLIGENT & ROBOTIC SYSTEMS,,,,,,,,,,,,,,,,,"Costa, Lino/D-2248-2009; Santos, Cristina/L-8716-2014","Andre, Joao/0000-0002-3666-4453; Santos, Cristina/0000-0003-0023-7203; Costa, Lino/0000-0003-4772-4404",,,,,,,,,,,,,0921-0296,1573-0409,,,,JUN,2016,82,3-4,,,,,379,397,,10.1007/s10846-015-0197-z,http://dx.doi.org/10.1007/s10846-015-0197-z,,,,,,,,,,,,,WOS:000376095800004,View Full Record in Web of Science
J,"Xu, SQ; Zhang, H; Wang, ZP",,,,"Xu, Shuqi; Zhang, Hao; Wang, Zhuping",,,Learning to Perform Trajectory Generation From Low-Quality Demonstrations,IEEE TRANSACTIONS ON NEURAL NETWORKS AND LEARNING SYSTEMS,,,,,,,,,,,,,,,,,,"Wang, Zhuping/0000-0002-0334-4082; Xu, Shuqi/0000-0001-9494-4077",,,,,,,,,,,,,2162-237X,2162-2388,,,,2024 JUN 28,2024,,,,,,,,,,10.1109/TNNLS.2024.3414470,http://dx.doi.org/10.1109/TNNLS.2024.3414470,,JUN 2024,,,,,,38941199,,,,,WOS:001258784200001,View Full Record in Web of Science
J,"Niu, H; Zhao, X; Jin, HZ; Zhang, XL",,,,"Niu, Hao; Zhao, Xin; Jin, Hongzhe; Zhang, Xiuli",,,A Whole-Body Coordinated Motion Control Method for Highly Redundant Degrees of Freedom Mobile Humanoid Robots,BIOMIMETICS,,,,,,,,,,,,,,,,,"Jin, Hongzhe/LXA-1456-2024","zhang, xiuli/0009-0005-6203-3101; Jin, Hongzhe/0000-0002-7469-6907",,,,,,,,,,,,,,2313-7673,,,,DEC,2024,9,12,,,,,,,766,10.3390/biomimetics9120766,http://dx.doi.org/10.3390/biomimetics9120766,,,,,,,,39727770,,,,,WOS:001387739300001,View Full Record in Web of Science
C,"Harada, K; Hauser, K; Bretl, T; Latombe, JC",,,IEEE,"Harada, Kensuke; Hauser, Kris; Bretl, Tim; Latombe, Jean-Claude",,,Natural motion generation for humanoid robots,"2006 IEEE/RSJ INTERNATIONAL CONFERENCE ON INTELLIGENT ROBOTS AND SYSTEMS, VOLS 1-12",,,,,IEEE/RSJ International Conference on Intelligent Robots and Systems,"OCT 09-13, 2006","Beijing, PEOPLES R CHINA","IEEE,RSJ",,,,,,,,,"Harada, Kensuke/M-3376-2016","Harada, Kensuke/0000-0002-7576-756X",,,,,,,,,,,,,,,978-1-4244-0258-8,,,,2006,,,,,,,833,+,,10.1109/IROS.2006.281733,http://dx.doi.org/10.1109/IROS.2006.281733,,,,,,,,,,,,,WOS:000245452400137,View Full Record in Web of Science
J,"Yan, ZC; He, W; Wang, YH; Sun, L; Yu, XB; He, W",,,,"Yan, Zichen; He, Wei; Wang, Yuanhang; Sun, Liang; Yu, Xinbo; He, Wei",,,Probabilistic Motion Prediction and Skill Learning for Human-to-Cobot Dual-Arm Handover Control,IEEE TRANSACTIONS ON NEURAL NETWORKS AND LEARNING SYSTEMS,,,,,,,,,,,,,,,,,"He, Wei/B-2355-2016; He, Wei/K-4900-2019; Sun, Liang/N-4935-2015","Zhang, Donghao/0000-0003-1513-686X; Sun, Liang/0000-0003-1107-7081",,,,,,,,,,,,,2162-237X,2162-2388,,,,JAN,2024,35,1,,,,,1192,1204,,10.1109/TNNLS.2022.3182973,http://dx.doi.org/10.1109/TNNLS.2022.3182973,,JUN 2022,,,,,,35771786,,,,,WOS:000824713900001,View Full Record in Web of Science
C,"Petric, T; Gams, A; Tomsic, M; Zlajpah, L",,,IEEE,"Petric, Tadej; Gams, Andrej; Tomsic, Martin; Zlajpah, Leon",,,Control of rhythmic robotic movements through synchronization with human muscle activity,2011 IEEE INTERNATIONAL CONFERENCE ON ROBOTICS AND AUTOMATION (ICRA),IEEE International Conference on Robotics and Automation ICRA,,,,IEEE International Conference on Robotics and Automation (ICRA),"MAY 09-13, 2011","Shanghai, PEOPLES R CHINA","IEEE,Robot & Automat Soc,Minist Educ China,Minist Sci & Technol China,Natl Nat Sci Fdn China,Sci & Technol Commiss Shanghai Municipal,Shanghai Jiao Tong Univ, State Key Lab Mech Syst & Vibrat,Huazhong Univ Sci & Technol, State Key Lab Digital Mfg Equipment & Technol,Harbin Inst Technol, State Key Lab Robot & Syst,Zhejiang Univ, Inst Cyber-Syst & Control,Chinese Acad Sci, Shenyang Inst Automat,Beihang Univ, Robotics Inst,Beijing Res Inst Automat Machinery Ind,Tianjin Univ, Sch Mech Engn,ABB,YASKAWA Elect,KUKA,Willow Garage,Googol Tech.,Adept Mobile Robots,Harbin Boshi Automat,Natl Instruments,Beijing Universal Pioneering Technol,Real-Time Control & Instrumentat Lab, GE Global Res,ALDEBARAN Robot,Int Federat Robot (IFR),Shanghai Jiao Tong Univ",,,,,,,,,"Petric, Tadej/AAS-2471-2021","Petric, Tadej/0000-0002-3407-4206; Gams, Andrej/0000-0002-9803-3593",,,,,,,,,,,,,1050-4729,2577-087X,978-1-61284-385-8,,,,2011,,,,,,,2172,2177,,,,,,,,,,,,,,,,WOS:000324383401061,View Full Record in Web of Science
C,"Pervez, A; Ali, A; Ryu, JH; Lee, D","Gerling, G","Otaduy, MA; Ryu, JH",,"Pervez, Affan; Ali, Arslan; Ryu, Jee-Hwan; Lee, Dongheui","Gerling, G",,Novel Learning From Demonstration Approach for Repetitive Teleoperation Tasks,2017 IEEE WORLD HAPTICS CONFERENCE (WHC),,,,,IEEE World Haptics Conference (WHC),"MAR 25-28, 2018","San francisco, CA","IEEE,IEEE Robotics Automation Soc,Euro Haptics,Haptics Tech Committee,DFG,TUM,Force Dimension,Ultra Haptics,Polytec,Gotouchyr,Hap2U,Disney Res,Immersion,Tanvas,Haption,Actronika,Tactile Labs,Lofelt,Oculus,Alto,Springer",,,,,,,,,"Ryu, Jee-Hwan/AAI-1815-2019",,,,,,,,,,,,,,,,978-1-5090-1425-5,,,,2017,,,,,,,60,65,,,,,,,,,,,,,,,,WOS:000426705900011,View Full Record in Web of Science
J,"Liu, YW; Zhang, X; Qu, TG; Yin, D; Deng, SW",,,,"Liu, Yiwen; Zhang, Xian; Qu, Taiguo; Yin, Dong; Deng, Shaowei",,,Intelligent robot motion trajectory planning based on machine vision,INTERNATIONAL JOURNAL OF SYSTEM ASSURANCE ENGINEERING AND MANAGEMENT,,,,,,,,,,,,,,,,,,,,,,,,,,,,,,,0975-6809,0976-4348,,,,APR,2023,14,2,,,SI,,776,785,,10.1007/s13198-021-01559-0,http://dx.doi.org/10.1007/s13198-021-01559-0,,JAN 2022,,,,,,,,,,,WOS:000748455500004,View Full Record in Web of Science
J,"Baronov, D; Baillieul, J",,,,"Baronov, Dimitar; Baillieul, John",,,A Motion Description Language for Robotic Reconnaissance of Unknown Fields,EUROPEAN JOURNAL OF CONTROL,,,,,,,,,,,,,,,,,,"Baillieul, John/0000-0002-5009-0708",,,,,,,,,,,,,0947-3580,1435-5671,,,,SEP-DEC,2011,17,5-6,,,SI,,512,525,,10.3166/EJC.17.512-525,http://dx.doi.org/10.3166/EJC.17.512-525,,,,,,,,,,,,,WOS:000298456800005,View Full Record in Web of Science
J,"Si, WY; Guan, Y; Wang, N",,,,"Si, Weiyong; Guan, Yuan; Wang, Ning",,,Adaptive Compliant Skill Learning for Contact-Rich Manipulation With Human in the Loop,IEEE ROBOTICS AND AUTOMATION LETTERS,,,,,,,,,,,,,,,,,"Wang, Han/A-5016-2011; SI, WEIYONG/KIB-2268-2024","Wang, Ning/0000-0002-3264-1852; Guan, Yuan/0000-0001-9040-3169; Si, Weiyong/0000-0003-4531-2596",,,,,,,,,,,,,2377-3766,,,,,JUL,2022,7,3,,,,,5834,5841,,10.1109/LRA.2022.3159163,http://dx.doi.org/10.1109/LRA.2022.3159163,,,,,,,,,,,,,WOS:000778903600004,View Full Record in Web of Science
J,"Soleymani, A; Ou, YF; Li, XY; Tavakoli, M",,,,"Soleymani, Abed; Ou, Yafei; Li, Xingyu; Tavakoli, Mahdi",,,Virtual attention points: Bridging human movement characteristics and dexterous robot motion generation,ROBOTICS AND AUTONOMOUS SYSTEMS,,,,,,,,,,,,,,,,,,,,,,,,,,,,,,,0921-8890,1872-793X,,,,JUN,2025,188,,,,,,,,104946,10.1016/j.robot.2025.104946,http://dx.doi.org/10.1016/j.robot.2025.104946,,,,,,,,,,,,,WOS:001440686700001,View Full Record in Web of Science
C,"Sobti, S; Shome, R; Chaudhuri, S; Kavraki, LE",,,IEEE,"Sobti, Shlok; Shome, Rahul; Chaudhuri, Swarat; Kavraki, Lydia E.",,,A Sampling-based Motion Planning Framework for Complex Motor Actions,2021 IEEE/RSJ INTERNATIONAL CONFERENCE ON INTELLIGENT ROBOTS AND SYSTEMS (IROS),IEEE International Conference on Intelligent Robots and Systems,,,,IEEE/RSJ International Conference on Intelligent Robots and Systems (IROS),"SEP 27-OCT 01, 2021",ELECTR NETWORK,"IEEE,RSJ",,,,,,,,,"Kavraki, Lydia/N-6325-2018","Kavraki, Lydia/0000-0003-0699-8038; Shome, Rahul/0000-0002-1689-9220",,,,,,,,,,,,,2153-0858,,978-1-6654-1714-3,,,,2021,,,,,,,6928,6934,,10.1109/IROS51168.2021.9636395,http://dx.doi.org/10.1109/IROS51168.2021.9636395,,,,,,,,,,,,,WOS:000755125505080,View Full Record in Web of Science
C,"Chi, WQ; Liu, JD; Abdelaziz, MEMK; Dagnino, G; Riga, C; Bicknell, C; Yang, GZ","Kosecka, J","Maciejewski, AA; Okamura, A; Bicchi, A; Stachniss, C; Song, DZ; Lee, DH; Chaumette, F; Ding, H; Li, JS; Wen, J; Roberts, J; Masamune, K; Chong, NY; Amato, N; Tsagwarakis, N; Rocco, P; Asfour, T; Chung, WK; Yasuyoshi, Y; Sun, Y; Maciekeski, T; Althoefer, K; AndradeCetto, J; Chung, WK; Demircan, E; Dias, J; Fraisse, P; Gross, R; Harada, H; Hasegawa, Y; Hayashibe, M; Kiguchi, K; Kim, K; Kroeger, T; Li, Y; Ma, S; Mochiyama, H; Monje, CA; Rekleitis, I; Roberts, R; Stulp, F; Tsai, CHD; Zollo, L",,"Chi, Wenqiang; Liu, Jindong; Abdelaziz, Mohamed E. M. K.; Dagnino, Giulio; Riga, Celia; Bicknell, Colin; Yang, Guang-Zhong","Kosecka, J",,Trajectory Optimization of Robot-Assisted Endovascular Catheterization with Reinforcement Learning,2018 IEEE/RSJ INTERNATIONAL CONFERENCE ON INTELLIGENT ROBOTS AND SYSTEMS (IROS),IEEE International Conference on Intelligent Robots and Systems,,,,25th IEEE/RSJ International Conference on Intelligent Robots and Systems (IROS),"OCT 01-05, 2018","Madrid, SPAIN","IEEE Robot & Automat Soc,IEEE Ind Elect Soc,Robot Soc Japan,Soc Instrument & Control Engineers,New Technol Fdn,IEEE,Adept MobileRobots,Willow Garage,Aldebaran Robot,Natl Instruments,Reflexxes GmbH,Schunk Intec S L U,Univ Carlos III Madrid,BOSCH,JD COM,Pal Robot,KUKA,Santander,Squirrel AI Learning,Baidu,Generat Robots,KINOVA Robot,Ouster,Univ Pablo Olavide Sevilla,Rapyuta Robot,SICK,TOYOTA,UP,Amazon,ARGO,Built Robot,Disney Res,Easy Mile,Hitachi,Robot,Khalifa Univ,Magazino,MathWorks,New Dexterity,Schunk,nuTonomy,PILZ,Prophesee,Rootnik,Saga Robot,Shadow,Soft Bank Robot,Anyverse,GalTech,Generat Robot,IEEE CAA Journal Automatica Sinica,Sci Robot, AAAS,TERAS",,,,,,,,,"Yang, Guangzhong/ABB-7316-2021","Abdelaziz, Mohamed E. M. K./0000-0003-2763-8998; Dagnino, Giulio/0000-0002-1613-1051",,,,,,,,,,,,,2153-0858,,978-1-5386-8094-0,,,,2018,,,,,,,3875,3881,,,,,,,,,,,,,,,,WOS:000458872703088,View Full Record in Web of Science
C,"Hiratsuka, M; Makondo, N; Rosman, B; Hasegawa, O",,,IEEE,"Hiratsuka, Michihisa; Makondo, Ndivhuwo; Rosman, Benjamin; Hasegawa, Osamu",,,Trajectory Learning from Human Demonstrations via Manifold Mapping,2016 IEEE/RSJ INTERNATIONAL CONFERENCE ON INTELLIGENT ROBOTS AND SYSTEMS (IROS 2016),,,,,IEEE/RSJ International Conference on Intelligent Robots and Systems (IROS),"OCT 09-14, 2016","Daejeon, SOUTH KOREA","IEEE,RSJ",,,,,,,,,"Rosman, Benjamin/ABF-3933-2020","Rosman, Benjamin/0000-0002-0284-4114",,,,,,,,,,,,,,,978-1-5090-3762-9,,,,2016,,,,,,,3935,3940,,,,,,,,,,,,,,,,WOS:000391921703142,View Full Record in Web of Science
C,"Wang, W; Zhang, ZM; Suga, Y; Iwata, H; Sugano, S",,,IEEE,"Wang, Wei; Zhang, Zeming; Suga, Yuki; Iwata, Hiroyasu; Sugano, Shigeki",,,Intuitive Operation of A Wheelchair Mounted Robotic Arm for The Upper Limb Disabled: The Mouth-only Approach,2012 IEEE INTERNATIONAL CONFERENCE ON ROBOTICS AND BIOMIMETICS (ROBIO 2012),,,,,IEEE International Conference on Robotics and Biomimetics (ROBIO),"DEC 11-14, 2012","Guangzhou, PEOPLES R CHINA","IEEE,IEEE Robot & Automat Soc,S China Univ Technol (SCUT),Natl Nat Sci Fdn China,HIT, State Key Lab Robot & Syst,IEEE Syst, Man, & Cybernet Soc,Robot Soc Japan,Japan Soc Mech Engineers,Guangdong Mech Engn Soc (GDMES)",,,,,,,,,,,,,,,,,,,,,,,,,978-1-4673-2127-3; 978-1-4673-2125-9,,,,2012,,,,,,,,,,,,,,,,,,,,,,,,WOS:000321004000292,View Full Record in Web of Science
C,"Amadio, F; Laghi, M; Raiano, L; Rollo, F; Zunino, A; Raiola, G; Ajoudani, A",,,IEEE,"Amadio, Fabio; Laghi, Marco; Raiano, Luigi; Rollo, Federico; Zunino, Andrea; Raiola, Gennaro; Ajoudani, Arash",,,Target-Referred DMPs for Learning Bimanual Tasks from Shared-Autonomy Telemanipulation,2022 IEEE-RAS 21ST INTERNATIONAL CONFERENCE ON HUMANOID ROBOTS (HUMANOIDS),IEEE-RAS International Conference on Humanoid Robots,,,,IEEE-RAS 21st International Conference on Humanoid Robots (Humanoids),"NOV 28-30, 2022","Ginowan, JAPAN","IEEE,IEEE Robot & Automat Soc",,,,,,,,,"Zunino, Andrea/P-7367-2015",,,,,,,,,,,,,,2164-0572,,979-8-3503-0979-9,,,,2022,,,,,,,496,503,,,,,,,,,,,,,,,,WOS:000925894300065,View Full Record in Web of Science
J,"Sharma, B; Pillai, BM; Suthakorn, J",,,,"Sharma, Bibhu; Pillai, Branesh M.; Suthakorn, Jackrit",,,Biomechanical Trajectory Optimization of Human Sit-to-Stand Motion With Stochastic Motion Planning Framework,IEEE TRANSACTIONS ON MEDICAL ROBOTICS AND BIONICS,,,,,,,,,,,,,,,,,"Madhavan Pillai, Branesh/AAX-6437-2021; Sharma, Bibhu/ABM-0094-2022; Madhavan Pillai, Branesh/D-1706-2017","Sharma, Bibhu/0000-0002-6017-6847; Madhavan Pillai, Branesh/0000-0002-4850-5812; Suthakorn, Jackrit/0000-0003-1333-3982",,,,,,,,,,,,,,2576-3202,,,,NOV,2022,4,4,,,,,1022,1033,,10.1109/TMRB.2022.3205509,http://dx.doi.org/10.1109/TMRB.2022.3205509,,,,,,,,,,,,,WOS:000896703400015,View Full Record in Web of Science
C,"Han, WQ; Jasour, A; Williams, B",,,IEEE,"Han, Weiqiao; Jasour, Ashkan; Williams, Brian",,,Real-Time Tube-Based Non-Gaussian Risk Bounded Motion Planning for Stochastic Nonlinear Systems in Uncertain Environments via Motion Primitives,"2023 IEEE/RSJ INTERNATIONAL CONFERENCE ON INTELLIGENT ROBOTS AND SYSTEMS, IROS",IEEE International Conference on Intelligent Robots and Systems,,,,IEEE/RSJ International Conference on Intelligent Robots and Systems (IROS),"OCT 01-05, 2023","Detroit, MI","IEEE,RSJ",,,,,,,,,,,,,,,,,,,,,,,2153-0858,,978-1-6654-9190-7,,,,2023,,,,,,,2885,2892,,10.1109/IROS55552.2023.10342429,http://dx.doi.org/10.1109/IROS55552.2023.10342429,,,,,,,,,,,,,WOS:001133658802018,View Full Record in Web of Science
J,"Vidakovic, J; Jerbic, B; Sekoranja, B; Svaco, M; Suligoj, F",,,,"Vidakovic, Josip; Jerbic, Bojan; Sekoranja, Bojan; Svaco, Marko; Suligoj, Filip",,,Learning from Demonstration Based on a Classification of Task Parameters and Trajectory Optimization,JOURNAL OF INTELLIGENT & ROBOTIC SYSTEMS,,,,,,,,,,,,,,,,,"Šuligoj, Filip/ABH-8705-2020; Jerbić, Bojan/ACJ-5813-2022; Svaco, Marko/O-1111-2015","Suligoj, Filip/0000-0002-8596-1972; Svaco, Marko/0000-0002-6761-4336; Jerbic, Bojan/0000-0003-1811-5669; Vidakovic, Josip/0000-0001-6189-1730",,,,,,,,,,,,,0921-0296,1573-0409,,,,AUG,2020,99,2,,,,,261,275,,10.1007/s10846-019-01101-2,http://dx.doi.org/10.1007/s10846-019-01101-2,,,,,,,,,,,,,WOS:000548658300005,View Full Record in Web of Science
J,"Vuga, R; Nemec, B; Ude, A",,,,"Vuga, Rok; Nemec, Bojan; Ude, Ales",,,Speed adaptation for self-improvement of skills learned from user demonstrations,ROBOTICA,,,,,,,,,,,,,,,,,"Ude, Aleš/ABB-7839-2020","Ude, Ales/0000-0003-3677-3972",,,,,,,,,,,,,0263-5747,1469-8668,,,,DEC,2016,34,12,,,,,2806,2822,,10.1017/S0263574715000405,http://dx.doi.org/10.1017/S0263574715000405,,,,,,,,,,,,,WOS:000387670800009,View Full Record in Web of Science
C,"Hoffmann, H; Pastor, P; Park, DH; Schaal, S",,,IEEE,"Hoffmann, Heiko; Pastor, Peter; Park, Dae-Hyung; Schaal, Stefan",,,Biologically-inspired dynamical systems for movement generation: automatic real-time goal adaptation and obstacle avoidance,"ICRA: 2009 IEEE INTERNATIONAL CONFERENCE ON ROBOTICS AND AUTOMATION, VOLS 1-7",IEEE International Conference on Robotics and Automation ICRA,,,,IEEE International Conference on Robotics and Automation,"MAY 12-17, 2009","Kobe, JAPAN",IEEE,,,,,,,,,"Park, Daehyung/JVO-4513-2024","Hoffmann, Heiko/0000-0003-3817-5626",,,,,,,,,,,,,1050-4729,2577-087X,978-1-4244-2788-8,,,,2009,,,,,,,1534,+,,,,,,,,,,,,,,,,WOS:000276080400248,View Full Record in Web of Science
C,"Sentis, L; Khatib, O",,,IEEE,"Sentis, L; Khatib, O",,,Control of free-floating humanoid robots through task prioritization,"2005 IEEE INTERNATIONAL CONFERENCE ON ROBOTICS AND AUTOMATION (ICRA), VOLS 1-4",IEEE International Conference on Robotics and Automation ICRA,,,,IEEE International Conference on Robotics and Automation (ICRA),"APR 18-22, 2005","Barcelona, SPAIN",IEEE,,,,,,,,,"Sentis, Luis/I-4391-2015","Khatib, Oussama/0000-0003-0482-1415",,,,,,,,,,,,,1050-4729,2577-087X,0-7803-8914-X,,,,2005,,,,,,,1718,1723,,,,,,,,,,,,,,,,WOS:000235460101083,View Full Record in Web of Science
J,"Lanotte, F; McKinney, Z; Grazi, L; Chen, BJ; Crea, S; Vitiello, N",,,,"Lanotte, Francesco; McKinney, Zach; Grazi, Lorenzo; Chen, Baojun; Crea, Simona; Vitiello, Nicola",,,Adaptive Control Method for Dynamic Synchronization of Wearable Robotic Assistance to Discrete Movements: Validation for Use Case of Lifting Tasks,IEEE TRANSACTIONS ON ROBOTICS,,,,,,,,,,,,,,,,,"Vitiello, Nicola/B-8960-2009; Grazi, Lorenzo/AAQ-2261-2021; Lanotte, Francesco/U-9575-2019; Chen, Baojun/AAT-9482-2020","Lanotte, Francesco/0000-0001-8978-1074; Vitiello, Nicola/0000-0001-8636-7716; Grazi, Lorenzo/0000-0003-4899-9346; McKinney, Zach/0000-0001-7336-9050; Chen, Baojun/0000-0002-2840-7617",,,,,,,,,,,,,1552-3098,1941-0468,,,,DEC,2021,37,6,,,,,2193,2209,,10.1109/TRO.2021.3073836,http://dx.doi.org/10.1109/TRO.2021.3073836,,,,,,,,,,,,,WOS:000725804900025,View Full Record in Web of Science
C,"Pastor, P; Righetti, L; Kalakrishnan, M; Schaal, S",,,IEEE,"Pastor, Peter; Righetti, Ludovic; Kalakrishnan, Mrinal; Schaal, Stefan",,,Online movement adaptation based on previous sensor experiences,2011 IEEE/RSJ INTERNATIONAL CONFERENCE ON INTELLIGENT ROBOTS AND SYSTEMS,IEEE International Conference on Intelligent Robots and Systems,,,,IEEE/RSJ International Conference on Intelligent Robots and Systems,"SEP 25-30, 2011","San Francisco, CA","IEEE,Robot Soc Japan (RSJ),BOSCH,HONDA,KUKA,SRI Int,ABB,Willow Garage,ALDEBARAN,Google,INTUITIVE Surg,SCHUNK,IEEE Ind Elect Soc (IES),Soc Instrument & Control Engineers (SICE),New Technol Fdn (NTF),IEEE Robot & Automat Soc (RAS),Inst Control, Robto & Syst (ICROS)",,,,,,,,,"Righetti, Ludovic/P-1261-2018","Righetti, Ludovic/0000-0002-6458-9112; Kalakrishnan, Mrinal/0000-0003-4292-9857",,,,,,,,,,,,,2153-0858,,978-1-61284-455-8,,,,2011,,,,,,,365,371,,,,,,,,,,,,,,,,WOS:000297477500057,View Full Record in Web of Science
J,"Xiao, S; Chen, XY; Lu, YK; Ye, JH; Wu, HB",,,,"Xiao, Sa; Chen, Xuyang; Lu, Yuankai; Ye, Jinhua; Wu, Haibin",,,A KMP-based interactive learning approach for robot trajectory adaptation with obstacle avoidance,INDUSTRIAL ROBOT-THE INTERNATIONAL JOURNAL OF ROBOTICS RESEARCH AND APPLICATION,,,,,,,,,,,,,,,,,"Chen, Xuyang/JEO-6530-2023","Xiao, Sa/0000-0003-3893-0126",,,,,,,,,,,,,0143-991X,1758-5791,,,,FEB 23,2024,51,2,,,,,326,339,,10.1108/IR-11-2023-0284,http://dx.doi.org/10.1108/IR-11-2023-0284,,JAN 2024,,,,,,,,,,,WOS:001142943400001,View Full Record in Web of Science
C,"Qiu, ZJ; Eiband, T; Li, SL; Lee, D",,,IEEE,"Qiu, Zeju; Eiband, Thomas; Li, Shile; Lee, Dongheui",,,Hand Pose-based Task Learning from Visual Observations with Semantic Skill Extraction,2020 29TH IEEE INTERNATIONAL CONFERENCE ON ROBOT AND HUMAN INTERACTIVE COMMUNICATION (RO-MAN),IEEE RO-MAN,,,,29th IEEE International Conference on Robot and Human Interactive Communication (IEEE RO-MAN),"AUG 31-SEP 04, 2020",ELECTR NETWORK,"IEEE,IEEE Robot & Automat Soc,Robot Soc Japan,Korean Robot Soc,Furhat Robot,EurAi,Assoc Italiana Lingusitica Computazionale,Assoc Italiana Scienze Voce,Springer,Robotics",,,,,,,,,,,,,,,,,,,,,,,1944-9445,,978-1-7281-6075-7,,,,2020,,,,,,,596,603,,,,,,,,,,,,,,,,WOS:000598571700086,View Full Record in Web of Science
J,"Yu, M; Luo, JJ; Wang, MM; Li, JT; Liu, CK; Sun, J",,,,"Yu, Min; Luo, Jianjun; Wang, Mingming; Li, Jintao; Liu, Chuankai; Sun, Jun",,,Directly skill-transferred DMP-based trajectory planning for robot soft-capture of space tumbling targets,ACTA ASTRONAUTICA,,,,,,,,,,,,,,,,,"Luo, Jianjun/AAG-6929-2021","Wang, Mingming/0000-0002-1287-2733",,,,,,,,,,,,,0094-5765,1879-2030,,,,MAR,2023,204,,,,,,611,629,,10.1016/j.actaastro.2022.11.043,http://dx.doi.org/10.1016/j.actaastro.2022.11.043,,MAR 2023,,,,,,,,,,,WOS:000990991600001,View Full Record in Web of Science
C,"Nakamura, A; Nagata, K; Harada, K; Yamanobe, N; Tsuji, T; Foissotte, T; Kawai, Y",,"Amato, N",,"Nakamura, Akira; Nagata, Kazuyuki; Harada, Kensuke; Yamanobe, Natsuki; Tsuji, Tokuo; Foissotte, Torea; Kawai, Yoshihiro",,,Error Recovery Using Task Stratification and Error Classification for Manipulation Robots in Various Fields,2013 IEEE/RSJ INTERNATIONAL CONFERENCE ON INTELLIGENT ROBOTS AND SYSTEMS (IROS),IEEE International Conference on Intelligent Robots and Systems,,,,IEEE/RSJ International Conference on Intelligent Robots and Systems (IROS),"NOV 03-08, 2013","Tokyo, JAPAN","IEEE,IEEE Robot & Automat Soc,IEEE Ind Elect Soc,Robot Soc Japan,New Technol Fdn,Soc Instrument & Control Engineers,Kawada Robot,Reflexxes GmbH,Telecommunicat Advancement Fdn,Tateisi Sci & Technol Fdn",,,,,,,,,"Tsuji, Tokuo/I-5112-2017; Nakamura, Akira/M-3854-2016; Kawai, Yoshihiro/M-3378-2016; Yamanobe, Natsuki/M-5389-2016; Nagata, Kazuyuki/M-3760-2016; Harada, Kensuke/M-3376-2016","Nakamura, Akira/0000-0002-9063-7026; Kawai, Yoshihiro/0000-0002-9847-0072; Yamanobe, Natsuki/0000-0001-8885-3064; Nagata, Kazuyuki/0000-0002-8912-0943; Harada, Kensuke/0000-0002-7576-756X",,,,,,,,,,,,,2153-0858,,978-1-4673-6358-7,,,,2013,,,,,,,3535,3542,,,,,,,,,,,,,,,,WOS:000331367403089,View Full Record in Web of Science
C,"Son, B; Kim, C; Kim, C; Lee, D",,,IEEE,"Son, Bukun; Kim, ChangU; Kim, Changmuk; Lee, Dongjun",,,Expert-Emulating Excavation Trajectory Planning for Autonomous Robotic Industrial Excavator,2020 IEEE/RSJ INTERNATIONAL CONFERENCE ON INTELLIGENT ROBOTS AND SYSTEMS (IROS),IEEE International Conference on Intelligent Robots and Systems,,,,IEEE/RSJ International Conference on Intelligent Robots and Systems (IROS),"OCT 24-JAN 24, 2020-2021",ELECTR NETWORK,"IEEE,RSJ",,,,,,,,,,,,,,,,,,,,,,,2153-0858,,978-1-7281-6212-6,,,,2020,,,,,,,2656,2662,,10.1109/IROS45743.2020.9341036,http://dx.doi.org/10.1109/IROS45743.2020.9341036,,,,,,,,,,,,,WOS:000714033801016,View Full Record in Web of Science
C,"Sharma, RS; Shukla, S; Karki, H; Shukla, A; Behera, L; Venkatesh, KS",,"Howard, A; Althoefer, K; Arai, F; Arrichiello, F; Caputo, B; Castellanos, J; Hauser, K; Isler, V; Kim, J; Liu, H; Oh, P; Santos, V; Scaramuzza, D; Ude, A; Voyles, R; Yamane, K; Okamura, A",IEEE,"Sharma, Radhe Shyam; Shukla, Santosh; Karki, Hamad; Shukla, Amit; Behera, Laxmidhar; Venkatesh, K. S.",,,DMP Based Trajectory Tracking for a Nonholonomic Mobile Robot With Automatic Goal Adaptation and Obstacle Avoidance,2019 INTERNATIONAL CONFERENCE ON ROBOTICS AND AUTOMATION (ICRA),IEEE International Conference on Robotics and Automation ICRA,,,,IEEE International Conference on Robotics and Automation (ICRA),"MAY 20-24, 2019","Montreal, CANADA","Bosch,DJI,Kinova,Mercedes Benz,Samsung,Argo AI,Clearpath Robot,Element AI,Fetch Robot,Huawei,iRobot,KUKA,Quanser,SICK,Toyota Res Inst,Uber,Waymo,Zhejiang Lab,Amazon,Applanix,Cloudminds,Honda Res Inst,MathWorks,Ouster",,,,,,,,,"Behera, Laxmidhar/J-3423-2017","Behera, Laxmidhar/0000-0003-1879-5609",,,,,,,,,,,,,1050-4729,2577-087X,978-1-5386-6026-3,,,,2019,,,,,,,8613,8619,,10.1109/icra.2019.8793911,http://dx.doi.org/10.1109/icra.2019.8793911,,,,,,,,,,,,,WOS:000494942306047,View Full Record in Web of Science
J,"Zang, YJ; Wang, PF; Zha, FS; Guo, W; Zheng, C; Sun, LN",,,,"Zang, Yajing; Wang, Pengfei; Zha, Fusheng; Guo, Wei; Zheng, Chao; Sun, Lining",,,Peg-in-hole assembly skill imitation learning method based on ProMPs under task geometric representation,FRONTIERS IN NEUROROBOTICS,,,,,,,,,,,,,,,,,"Guo, Wei/KJM-4941-2024",,,,,,,,,,,,,,1662-5218,,,,,NOV 9,2023,17,,,,,,,,1320251,10.3389/fnbot.2023.1320251,http://dx.doi.org/10.3389/fnbot.2023.1320251,,,,,,,,38023454,,,,,WOS:001105187000001,View Full Record in Web of Science
C,"Oikonomou, P; Dometios, A; Khamassi, M; Tzafestas, CS",,,IEEE,"Oikonomou, Paris; Dometios, Athanasios; Khamassi, Mehdi; Tzafestas, Costas S.",,,Reproduction of Human Demonstrations with a Soft-Robotic Arm based on a Library of Learned Probabilistic Movement Primitives,2022 IEEE INTERNATIONAL CONFERENCE ON ROBOTICS AND AUTOMATION (ICRA 2022),,,,,IEEE International Conference on Robotics and Automation (ICRA),"MAY 23-27, 2022","Philadelphia, PA","IEEE,IEEE Robot & Automat Soc",,,,,,,,,"Tzafestas, Costas/Q-8230-2019; Khamassi, Mehdi/B-2425-2012",,,,,,,,,,,,,,,,978-1-7281-9681-7,,,,2022,,,,,,,5212,5218,,10.1109/ICRA46639.2022.9811627,http://dx.doi.org/10.1109/ICRA46639.2022.9811627,,,,,,,,,,,,,WOS:000941265703025,View Full Record in Web of Science
J,"Xiang, S; Gao, HB; Liu, Z; Gosselin, C",,,,"Xiang, Sheng; Gao, Haibo; Liu, Zhen; Gosselin, Clement",,,Dynamic Point-To-Point Trajectory Planning for Three Degrees-of-Freedom Cable-Suspended Parallel Robots Using Rapidly Exploring Random Tree Search,JOURNAL OF MECHANISMS AND ROBOTICS-TRANSACTIONS OF THE ASME,,,,,,,,,,,,,,,,,,"Gosselin, Clement/0000-0001-7422-4515",,,,,,,,,,,,,1942-4302,1942-4310,,,,AUG 1,2020,12,4,,,,,,,41007,10.1115/1.4045848,http://dx.doi.org/10.1115/1.4045848,,,,,,,,,,,,,WOS:000556700200012,View Full Record in Web of Science
C,"Weitschat, R; Haddadin, S; Huber, F; Albu-Schäffer, A",,"Amato, N",,"Weitschat, Roman; Haddadin, Sami; Huber, Felix; Albu-Schaeffer, Alin",,,Dynamic Optimality in Real-Time: A Learning Framework for Near-Optimal Robot Motions,2013 IEEE/RSJ INTERNATIONAL CONFERENCE ON INTELLIGENT ROBOTS AND SYSTEMS (IROS),IEEE International Conference on Intelligent Robots and Systems,,,,IEEE/RSJ International Conference on Intelligent Robots and Systems (IROS),"NOV 03-08, 2013","Tokyo, JAPAN","IEEE,IEEE Robot & Automat Soc,IEEE Ind Elect Soc,Robot Soc Japan,New Technol Fdn,Soc Instrument & Control Engineers,Kawada Robot,Reflexxes GmbH,Telecommunicat Advancement Fdn,Tateisi Sci & Technol Fdn",,,,,,,,,"Albu-Schaffer, Alin/I-6736-2016","Albu-Schaffer, Alin/0000-0001-5343-9074; Haddadin, Sami/0000-0001-7696-4955",,,,,,,,,,,,,2153-0858,,978-1-4673-6358-7,,,,2013,,,,,,,5636,5643,,,,,,,,,,,,,,,,WOS:000331367405104,View Full Record in Web of Science
C,"Lin, HI; Chen, WK; Huang, CN; Wang, HW",,,IEEE,"Lin, Hsien-, I; Chen, Wei-Kai; Huang, C. N.; Wang, H. W.",,,Semantic Recognition of Human Gestures Based on Spatial and Temporal Reasoning,"2013 13TH INTERNATIONAL CONFERENCE ON CONTROL, AUTOMATION AND SYSTEMS (ICCAS 2013)",,,,,"13th International Conference on Control, Automation and Systems (ICCAS)","OCT 20-23, 2013","Gwangju, SOUTH KOREA","Inst Control, Robot & Syst,Korean Federat Sci & Technol Soc,Gwangju Convent & Visitors Bur,Korea Tourism Org,Chonnam Natl Univ, Robot Res Initiat,POSCO ICT,Samsung Heavy Ind Co Ltd,LS Ind Syst Co Ltd,Bukook Steel Co Ltd,TAEHA Co Ltd,LeeChunTek Orthopaed Specialty Hosp,Dongbu Robot Co Ltd,Future Robot Co Ltd,SICE,IEEE,ACA,AAI,CAA,ISA,CAC",,,,,,,,,"Lin, Hsien-I/GPW-8803-2022","Lin, Hsien-I/0000-0002-6195-3353",,,,,,,,,,,,,,,978-89-93215-05-2,,,,2013,,,,,,,946,950,,,,,,,,,,,,,,,,WOS:000347178200199,View Full Record in Web of Science
J,"Lee, D; Nakamura, Y",,,,"Lee, Dongheui; Nakamura, Yoshihiko",,,Motion recognition and recovery from occluded monocular observations,ROBOTICS AND AUTONOMOUS SYSTEMS,,,,,,,,,,,,,,,,,"Nakamura, Yoshihiko/M-1019-2014","Nakamura, Yoshihiko/0000-0001-7162-5102",,,,,,,,,,,,,0921-8890,1872-793X,,,,JUN,2014,62,6,,,,,818,832,,10.1016/j.robot.2014.02.002,http://dx.doi.org/10.1016/j.robot.2014.02.002,,,,,,,,,,,,,WOS:000336468400008,View Full Record in Web of Science
C,"Li, X; Si, WY; Yang, CG",,,IEEE,"Li, Xian; Si, Weiyong; Yang, Chenguang",,,An Observation Based Method for Human Robot Writing Skill Transfer,"2022 IEEE 17TH INTERNATIONAL CONFERENCE ON CONTROL & AUTOMATION, ICCA",IEEE International Conference on Control and Automation ICCA,,,,IEEE 17th International Conference on Control and Automation (ICCA),"JUN 27-30, 2022","Naples, ITALY",IEEE,,,,,,,,,"SI, WEIYONG/KIB-2268-2024","Yang, Chenguang/0000-0001-5255-5559; Si, Weiyong/0000-0003-4531-2596",,,,,,,,,,,,,1948-3449,,978-1-6654-9572-1,,,,2022,,,,,,,412,417,,10.1109/ICCA54724.2022.9831836,http://dx.doi.org/10.1109/ICCA54724.2022.9831836,,,,,,,,,,,,,WOS:001300401300068,View Full Record in Web of Science
J,"Petric, T; Zlajpah, L",,,,"Petric, Tadej; Zlajpah, Leon",,,Smooth continuous transition between tasks on a kinematic control level: Obstacle avoidance as a control problem,ROBOTICS AND AUTONOMOUS SYSTEMS,,,,,,,,,,,,,,,,,"Petric, Tadej/AAS-2471-2021","Petric, Tadej/0000-0002-3407-4206",,,,,,,,,,,,,0921-8890,1872-793X,,,,SEP,2013,61,9,,,,,948,959,,10.1016/j.robot.2013.04.019,http://dx.doi.org/10.1016/j.robot.2013.04.019,,,,,,,,,,,,,WOS:000328012200004,View Full Record in Web of Science
C,"Menon, A; Cohen, B; Likhachev, M",,,IEEE,"Menon, Arjun; Cohen, Benjamin; Likhachev, Maxim",,,Motion Planning for Smooth Pickup of Moving Objects,2014 IEEE INTERNATIONAL CONFERENCE ON ROBOTICS AND AUTOMATION (ICRA),IEEE International Conference on Robotics and Automation ICRA,,,,IEEE International Conference on Robotics and Automation (ICRA),"MAY 31-JUN 07, 2014","Hong Kong, PEOPLES R CHINA",IEEE,,,,,,,,,,,,,,,,,,,,,,,1050-4729,2577-087X,978-1-4799-3685-4,,,,2014,,,,,,,453,460,,,,,,,,,,,,,,,,WOS:000377221100067,View Full Record in Web of Science
C,"Hermann, A; Mauch, F; Fischnaller, K; Klemm, S; Roennau, A; Dillmann, R",,,IEEE,"Hermann, Andreas; Mauch, Felix; Fischnaller, Klaus; Klemm, Sebastian; Roennau, Arne; Dillmann, Ruediger",,,Anticipate your Surroundings: Predictive Collision Detection between Dynamic Obstacles and Planned Robot Trajectories on the GPU,2015 EUROPEAN CONFERENCE ON MOBILE ROBOTS (ECMR),,,,,European Conference on Mobile Robots,"SEP 02-04, 2015","Lincoln, ENGLAND",IEEE Robot & Automat Soc,,,,,,,,,,"Roennau, Arne/0000-0002-6090-607X",,,,,,,,,,,,,,,978-1-4673-9163-4,,,,2015,,,,,,,,,,,,,,,,,,,,,,,,WOS:000380213600002,View Full Record in Web of Science
J,"Mavsar, M; Ridge, B; Pahic, R; Morimoto, J; Ude, A",,,,"Mavsar, Matija; Ridge, Barry; Pahic, Rok; Morimoto, Jun; Ude, Ales",,,Simulation-Aided Handover Prediction From Video Using Recurrent Image-to-Motion Networks,IEEE TRANSACTIONS ON NEURAL NETWORKS AND LEARNING SYSTEMS,,,,,,,,,,,,,,,,,"Ude, Aleš/ABB-7839-2020; Ridge, Barry/KGK-3581-2024","Ude, Ales/0000-0003-3677-3972; Ridge, Barry/0000-0002-7240-8182; Pahic, Rok/0000-0003-0985-9439; Mavsar, Matija/0000-0002-1617-4908",,,,,,,,,,,,,2162-237X,2162-2388,,,,JAN,2024,35,1,,,,,494,506,,10.1109/TNNLS.2022.3175720,http://dx.doi.org/10.1109/TNNLS.2022.3175720,,MAY 2022,,,,,,35635818,,,,,WOS:000805799300001,View Full Record in Web of Science
J,"Prakash, R; Behera, L; Mohan, S; Jagannathan, S",,,,"Prakash, Ravi; Behera, Laxmidhar; Mohan, Santhakumar; Jagannathan, Sarangapani",,,Dynamic Trajectory Generation and a Robust Controller to Intercept a Moving Ball in a Game Setting,IEEE TRANSACTIONS ON CONTROL SYSTEMS TECHNOLOGY,,,,,,,,,,,,,,,,,"Mohan, Santhakumar/ABG-6078-2020; Prakash, Ravi/JYP-0200-2024; Behera, Laxmidhar/J-3423-2017; Mohan, Santhakumar/D-1191-2015","Sarangapani, Jagannathan/0000-0002-2310-3737; Prakash, Ravi/0000-0002-9058-434X; Behera, Laxmidhar/0000-0003-1879-5609; Mohan, Santhakumar/0000-0003-1264-990X",,,,,,,,,,,,,1063-6536,1558-0865,,,,JUL,2020,28,4,,,,,1418,1432,,10.1109/TCST.2019.2913129,http://dx.doi.org/10.1109/TCST.2019.2913129,,,,,,,,,,,,,WOS:000542930400019,View Full Record in Web of Science
C,"Fu, J; Chen, SM",,"Wang, P; Chen, W; Xu, L",,"Fu, Jian; Chen, Siming",,,Various Robot Motor Skills Learning With PI 2- GMR,"2016 2ND INTERNATIONAL CONFERENCE ON INDUSTRIAL INFORMATICS - COMPUTING TECHNOLOGY, INTELLIGENT TECHNOLOGY, INDUSTRIAL INFORMATION INTEGRATION (ICIICII)",,,,,"2nd International Conference on Industrial Informatics - Computing Technology, Intelligent Technology, Industrial Information Integration (ICIICII)","DEC 03-04, 2016","Wuhan, PEOPLES R CHINA","Wuhan Univ Technol,Chinese Assoc Artificial Intelligence, Tech Comm Intelligent Robot,Huazhong Univ Sci & Technol,Old Dominion Univ,Key Lab Digital Signal & Image Proc Guangdong Prov,IEEE SMC Soc Tech Comm Enterprise Informat Syst,IFIP TC8 WG8 9",,,,,,,,,"Fu, Jian/AFY-2041-2022",,,,,,,,,,,,,,,,978-1-5090-3575-5,,,,2016,,,,,,,246,250,,10.1109/ICIICII.2016.67,http://dx.doi.org/10.1109/ICIICII.2016.67,,,,,,,,,,,,,WOS:000393580300057,View Full Record in Web of Science
C,"Pan, ZR; Manocha, D",,,IEEE,"Pan, Zherong; Manocha, Dinesh",,,Realtime Planning for High-DOF Deformable Bodies using Two-Stage Learning,2018 IEEE INTERNATIONAL CONFERENCE ON ROBOTICS AND AUTOMATION (ICRA),IEEE International Conference on Robotics and Automation ICRA,,,,IEEE International Conference on Robotics and Automation (ICRA),"MAY 21-25, 2018","Brisbane, AUSTRALIA","IEEE,CSIRO,Australian Govt, Dept Def Sci & Technol,DJI,Queensland Univ Technol,Woodside,Baidu,Bosch,Houston Mechatron,Kinova Robot,KUKA,Hit Robot Grp,Honda Res Inst,iRobot,Mathworks,NuTonomy,Ouster,Uber",,,,,,,,,,,,,,,,,,,,,,,1050-4729,,978-1-5386-3081-5,,,,2018,,,,,,,5582,5589,,,,,,,,,,,,,,,,WOS:000446394504030,View Full Record in Web of Science
C,"Cheng, XY; Huang, E; Hou, YF; Mason, MT",,,IEEE,"Cheng, Xianyi; Huang, Eric; Hou, Yifan; Mason, Matthew T.",,,Contact Mode Guided Sampling-Based Planning for Quasistatic Dexterous Manipulation in 2D,2021 IEEE INTERNATIONAL CONFERENCE ON ROBOTICS AND AUTOMATION (ICRA 2021),IEEE International Conference on Robotics and Automation ICRA,,,,IEEE International Conference on Robotics and Automation (ICRA),"MAY 30-JUN 05, 2021","Xian, PEOPLES R CHINA","IEEE,IEEE Robot & Automat Soc,So Univ Sci & Technol,Harbin Inst Technol,Xian Jiaotong Univ,Univ Toronto,Nat Sci & Engn Res Council Canada,Chinese Univ Hong Kong,DJI,Biomimet Intelligence & Robot,Toyota Res Inst,Baidu,Mech Mind Robot Technologies,Facebook AI,Nokov,Manycore,Franka Emika,Zhejiang Univ, Huzhou Inst,Jing Tian,ATI Ind Automat,Amber,Direct Drive Tech,Inceptio,Flexiv,Deeproute AI,Unitree,Waymo,Kuka,Pudu Robot,Deep Robot,Nvidia,MathWorks",,,,,,,,,,"Hou, Yifan/0000-0001-8446-941X",,,,,,,,,,,,,1050-4729,2577-087X,978-1-7281-9077-8,,,,2021,,,,,,,6520,6526,,10.1109/ICRA48506.2021.9560766,http://dx.doi.org/10.1109/ICRA48506.2021.9560766,,,,,,,,,,,,,WOS:000765738804126,View Full Record in Web of Science
J,"Wei, Y; Zhao, J",,,,"Wei, Yuan; Zhao, Jing",,,Designing robot behavior in human robot interaction based on emotion expression,INDUSTRIAL ROBOT-THE INTERNATIONAL JOURNAL OF ROBOTICS RESEARCH AND APPLICATION,,,,,,,,,,,,,,,,,,,,,,,,,,,,,,,0143-991X,1758-5791,,,,,2016,43,4,,,,,380,389,,10.1108/IR-08-2015-0164,http://dx.doi.org/10.1108/IR-08-2015-0164,,,,,,,,,,,,,WOS:000381360100005,View Full Record in Web of Science
J,"Takano, W; Jodan, T; Nakamura, Y",,,,"Takano, Wataru; Jodan, Tatsuhiro; Nakamura, Yoshihiko",,,Recursive process of motion recognition and generation for action-based interaction,ADVANCED ROBOTICS,,,,,,,,,,,,,,,,,"Nakamura, Yoshihiko/M-1019-2014","Nakamura, Yoshihiko/0000-0001-7162-5102",,,,,,,,,,,,,0169-1864,1568-5535,,,,FEB 16,2015,29,4,,,,,287,299,,10.1080/01691864.2014.977946,http://dx.doi.org/10.1080/01691864.2014.977946,,,,,,,,,,,,,WOS:000349522600002,View Full Record in Web of Science
C,"Colomé, A; Planells, A; Torras, C",,,IEEE,"Colome, Adria; Planells, Antoni; Torras, Carme",,,A Friction-model-based Framework for Reinforcement Learning of Robotic Tasks in Non-rigid Environments,2015 IEEE INTERNATIONAL CONFERENCE ON ROBOTICS AND AUTOMATION (ICRA),IEEE International Conference on Robotics and Automation ICRA,,,,IEEE International Conference on Robotics and Automation (ICRA),"MAY 26-30, 2015","Seattle, WA",IEEE,,,,,,,,,"; Torras, Carme/M-1794-2014","Colome, Adria/0000-0001-9715-4062; Torras, Carme/0000-0002-2933-398X",,,,,,,,,,,,,1050-4729,,978-1-4799-6923-4,,,,2015,,,,,,,5649,5654,,,,,,,,,,,,,,,,WOS:000370974905087,View Full Record in Web of Science
J,"Ma, H; Yang, ZY; Liu, HY",,,,"Ma, Hao; Yang, Zaiyue; Liu, Haoyang",,,Fine-Grained Unsupervised Temporal Action Segmentation and Distributed Representation for Skeleton-Based Human Motion Analysis,IEEE TRANSACTIONS ON CYBERNETICS,,,,,,,,,,,,,,,,,"Yang, Zaiyue/AHB-2796-2022","Ma, Hao/0000-0002-4985-3368",,,,,,,,,,,,,2168-2267,2168-2275,,,,DEC,2022,52,12,,,,,13411,13424,,10.1109/TCYB.2021.3132016,http://dx.doi.org/10.1109/TCYB.2021.3132016,,DEC 2021,,,,,,34932492,,,,,WOS:000734081200001,View Full Record in Web of Science
C,"Gillula, JH; Huang, HM; Vitus, MP; Tomlin, CJ",,"Pradalier, C; Siegwart, R; Hirzinger, G",,"Gillula, Jeremy H.; Huang, Haomiao; Vitus, Michael P.; Tomlin, Claire J.",,,"Design and Analysis of Hybrid Systems, with Applications to Robotic Aerial Vehicles",ROBOTICS RESEARCH,Springer Tracts in Advanced Robotics,,,,14th International Symposium on Robotics Research (ISSR),"AUG 31-SEP 03, 2009","Lucerne, SWITZERLAND",Int Fdn Robot Res,,,,,,,,,,,,,,,,,,,,,,,1610-7438,1610-742X,978-3-642-19456-6,,,,2011,70,,,,,,139,+,,,,,,,,,,,,,,,,WOS:000309893200009,View Full Record in Web of Science
S,"Thurau, C; Bauckhage, C; Sagerer, G",,"Rasmussen, CE; Bulthoff, HH; Giese, MA; Scholkopf, B",,"Thurau, C; Bauckhage, C; Sagerer, G",,,Synthesizing movements for computer game characters,PATTERN RECOGNITION,Lecture Notes in Computer Science,,,,26th Annual Pattern Recognition of the German-Association-for-Pattern-Recognition,"AUG 30-SEP 01, 2004","Tubingen, GERMANY",German Assoc Pattern Recognit,,,,,,,,,"Bauckhage, Christian/M-7872-2014","Bauckhage, Christian/0000-0001-6615-2128",,,,,,,,,,,,,0302-9743,1611-3349,3-540-22945-0,,,,2004,3175,,,,,,179,186,,,,,,,,,,,,,,,,WOS:000223798300022,View Full Record in Web of Science
C,"Argall, B; Browning, B; Veloso, M",,"Pradalier, C; Siegwart, R; Hirzinger, G",,"Argall, Brenna; Browning, Brett; Veloso, Manuela",,,Learning Mobile Robot Motion Control from Demonstrated Primitives and Human Feedback,ROBOTICS RESEARCH,Springer Tracts in Advanced Robotics,,,,14th International Symposium on Robotics Research (ISSR),"AUG 31-SEP 03, 2009","Lucerne, SWITZERLAND",Int Fdn Robot Res,,,,,,,,,"Argall, Brenna/G-2543-2011",,,,,,,,,,,,,,1610-7438,1610-742X,978-3-642-19456-6,,,,2011,70,,,,,,417,+,,,,,,,,,,,,,,,,WOS:000309893200025,View Full Record in Web of Science
J,"Hu, K; Zhang, JW; Wu, D",,,,"Hu, Kui; Zhang, Jiwen; Wu, Dan",,,Kernelized gradient descent method for learning from demonstration,NEUROCOMPUTING,,,,,,,,,,,,,,,,,"Hu, Kui/JYP-2855-2024",,,,,,,,,,,,,,0925-2312,1872-8286,,,,NOV 14,2023,558,,,,,,,,126781,10.1016/j.neucom.2023.126781,http://dx.doi.org/10.1016/j.neucom.2023.126781,,SEP 2023,,,,,,,,,,,WOS:001081418600001,View Full Record in Web of Science
J,"Spröwitz, AT; Ajallooeian, M; Tuleu, A; Ijspeert, AJ",,,,"Sproewitz, Alexander T.; Ajallooeian, Mostafa; Tuleu, Alexandre; Ijspeert, Auke Jan",,,Kinematic primitives for walking and trotting gaits of a quadruped robot with compliant legs,FRONTIERS IN COMPUTATIONAL NEUROSCIENCE,,,,,,,,,,,,,,,,,,,,,,,,,,,,,,,1662-5188,,,,,MAR 7,2014,8,,,,,,,,27,10.3389/fncom.2014.00027,http://dx.doi.org/10.3389/fncom.2014.00027,,,,,,,,24639645,,,,,WOS:000332606000001,View Full Record in Web of Science
C,"Hazara, M; Kyrki, V",,"Asfour, T; Billard, A; Harada, K; Kulic, D; Ude, A; Venture, G; Yamane, K; Yokoi, K; Yoshida, E",,"Hazara, Murtaza; Kyrki, Ville",,,Reinforcement learning for improving imitated in-contact skills,2016 IEEE-RAS 16TH INTERNATIONAL CONFERENCE ON HUMANOID ROBOTS (HUMANOIDS),IEEE-RAS International Conference on Humanoid Robots,,,,16th IEEE-RAS International Conference on Humanoid Robots (Humanoids),"NOV 15-17, 2016","Mexican Assoc Comp Vis Robot & Neural Comp, Cancun, MEXICO","IEEE Robot & Automat Soc,Disney Res,ROBOTIS,INTEL,PAL,MACVNR,CONACYT,CINVESTAV",Mexican Assoc Comp Vis Robot & Neural Comp,,,,,,,,"; Kyrki, Ville/F-3034-2011","Hazara, Murtaza/0000-0003-0477-3767; Kyrki, Ville/0000-0002-5230-5549",,,,,,,,,,,,,2164-0572,,978-1-5090-4718-5,,,,2016,,,,,,,194,201,,,,,,,,,,,,,,,,WOS:000403009300032,View Full Record in Web of Science
C,"Mastalli, C; Cappelletto, J; Acuña, R; Terrones, A; Fernández-López, G",,"Azad, AKM; Cowan, NJ; Tokhi, MO; Virk, GS; Eastman, RD",,"Mastalli, C.; Cappelletto, J.; Acuna, R.; Terrones, A.; Fernandez-Lopez, G.",,,AN IMITATION LEARNING APPROACH FOR TRUCK LOADING OPERATIONS IN BACKHOE MACHINES,ADAPTIVE MOBILE ROBOTICS,,,,,15th International Conference on Climbing and Walking Robots and the Support Technologies for Mobile Machines,"JUL 23-26, 2012","Baltimore, MD","Assoc Advancement Med Instrumentat,Inst Mech Engineers,No Illinois Univ,Johns Hopkins Univ,CLAWAR Assoc,Loyola Univ,Univ Maryland,Natl Inst Stand & Technol",,,,,,,,,"Mastalli, Carlos/AAC-3190-2021; Cappelletto, Jose/AAB-5149-2022","Mastalli, Carlos/0000-0002-0725-4279; Fernandez-Lopez, Gerardo/0000-0002-3608-8564; Cappelletto, Jose/0000-0002-8891-6915",,,,,,,,,,,,,,,978-981-4415-94-1,,,,2012,,,,,,,821,830,,,,,,,,,,,,,,,,WOS:000352212900104,View Full Record in Web of Science
C,"Zhao, HH; Reher, J; Horn, J; Paredes, V; Ames, AD",,"Yu, HY; Braun, D; Campolo, D",,"Zhao, Huihua; Reher, Jacob; Horn, Jonathan; Paredes, Victor; Ames, Aaron D.",,,Realization of Stair Ascent and Motion Transitions on Prostheses utilizing Optimization-Based Control and Intent Recognition,PROCEEDINGS OF THE IEEE/RAS-EMBS INTERNATIONAL CONFERENCE ON REHABILITATION ROBOTICS (ICORR 2015),International Conference on Rehabilitation Robotics ICORR,,,,14th IEEE/RAS-EMBS International Conference on Rehabilitation Robotics (ICORR),"AUG 11-14, 2015","Nanyang Technol Univ, Singapore, SINGAPORE","IEEE Robot & Automat Soc,IEEE EMB",Nanyang Technol Univ,,,,,,,,"; Paredes, Victor/C-3456-2019","Ames, Aaron/0000-0003-0848-3177; Paredes Cauna, Victor/0000-0002-1539-7667; Paredes, Victor/0000-0002-1076-9898",,,,,,,,,,,,,1945-7898,,978-1-4799-1808-9,,,,2015,,,,,,,265,270,,,,,,,,,,,,,,,,WOS:000376086400045,View Full Record in Web of Science
C,"Greenberg, RI; Thiruvathukal, GK",,,IEEE,"Greenberg, Ronald I.; Thiruvathukal, George K.",,,Exercises Integrating High School Mathematics with Robot Motion Planning,2019 IEEE FRONTIERS IN EDUCATION CONFERENCE (FIE 2019),Frontiers in Education Conference,,,,49th IEEE Frontiers in Education Conference (FIE),"OCT 16-19, 2019","Univ Cincinnati, Cincinnati, OH","Inst Elect & Elect Engineers,IEEE Comp Soc,IEEE Educ Soc,Amer Soc Engn Educ, Educ Res Methods Div",Univ Cincinnati,,,,,,,,,,,,,,,,,,,,,,0190-5848,,978-1-7281-1746-1,,,,2019,,,,,,,,,,10.1109/fie43999.2019.9028394,http://dx.doi.org/10.1109/fie43999.2019.9028394,,,,,,,,,,,,,WOS:000565244800045,View Full Record in Web of Science
J,"Li, BQ; Liu, X; Liu, ZX; Huang, PF",,,,"Li, Bingqian; Liu, Xing; Liu, Zhengxiong; Huang, Panfeng",,,Episode-Fuzzy-COACH Method for Fast Robot Skill Learning,IEEE TRANSACTIONS ON INDUSTRIAL ELECTRONICS,,,,,,,,,,,,,,,,,"刘, 星/JPY-1840-2023; Liu, Zhengxiong/B-4709-2019","Liu, Zhengxiong/0000-0002-9427-4066; Li, Bingqian/0000-0001-7103-9103",,,,,,,,,,,,,0278-0046,1557-9948,,,,JUN,2024,71,6,,,,,5931,5940,,10.1109/TIE.2023.3294600,http://dx.doi.org/10.1109/TIE.2023.3294600,,,,,,,,,,,,,WOS:001167814000070,View Full Record in Web of Science
C,"Phung, AS; Malzahn, J; Hoffmann, F; Bertram, T",,,IEEE,"Phung, A. S.; Malzahn, J.; Hoffmann, F.; Bertram, T.",,,Tool Centered Learning from Demonstration for Robotic Arms with Visual Feedback,2012 IEEE INTERNATIONAL CONFERENCE ON ROBOTICS AND BIOMIMETICS (ROBIO 2012),,,,,IEEE International Conference on Robotics and Biomimetics (ROBIO),"DEC 11-14, 2012","Guangzhou, PEOPLES R CHINA","IEEE,IEEE Robot & Automat Soc,S China Univ Technol (SCUT),Natl Nat Sci Fdn China,HIT, State Key Lab Robot & Syst,IEEE Syst, Man, & Cybernet Soc,Robot Soc Japan,Japan Soc Mech Engineers,Guangdong Mech Engn Soc (GDMES)",,,,,,,,,"Bertram, Torsten/AAA-1554-2019",,,,,,,,,,,,,,,,978-1-4673-2127-3; 978-1-4673-2125-9,,,,2012,,,,,,,,,,,,,,,,,,,,,,,,WOS:000321004000193,View Full Record in Web of Science
C,"Yang, JY; Zhang, JW; Settle, C; Rai, A; Antonova, R; Bohg, J",,,IEEE,"Yang, Jingyun; Zhang, Junwu; Settle, Connor; Rai, Akshara; Antonova, Rika; Bohg, Jeannette",,,Learning Periodic Tasks from Human Demonstrations,"2022 IEEE INTERNATIONAL CONFERENCE ON ROBOTICS AND AUTOMATION, ICRA 2022",IEEE International Conference on Robotics and Automation ICRA,,,,IEEE International Conference on Robotics and Automation (ICRA),"MAY 23-27, 2022","Philadelphia, PA","IEEE,IEEE Robot & Automat Soc",,,,,,,,,"Bohg, Jeannette/AAD-4010-2019","Bohg, Jeannette/0000-0002-4921-7193",,,,,,,,,,,,,1050-4729,2577-087X,978-1-7281-9681-7,,,,2022,,,,,,,8658,8665,,10.1109/ICRA46639.2022.9812402,http://dx.doi.org/10.1109/ICRA46639.2022.9812402,,,,,,,,,,,,,WOS:000941277601091,View Full Record in Web of Science
J,"Papageorgiou, D; Kastritsi, T; Doulgeri, Z",,,,"Papageorgiou, D.; Kastritsi, T.; Doulgeri, Z.",,,A passive robot controller aiding human coaching for kinematic behavior modifications,ROBOTICS AND COMPUTER-INTEGRATED MANUFACTURING,,,,,,,,,,,,,,,,,"Kastritsi, Theodora/AAG-6361-2019; Papageorgiou, Dimitrios/T-6051-2019","Doulgeri, Zoe/0000-0003-2188-9358; Kastritsi, Theodora/0000-0002-5379-0259; Papageorgiou, Dimitrios/0000-0003-0361-8757",,,,,,,,,,,,,0736-5845,1879-2537,,,,FEB,2020,61,,,,,,,,101824,10.1016/j.rcim.2019.101824,http://dx.doi.org/10.1016/j.rcim.2019.101824,,,,,,,,,,,,,WOS:000496834800022,View Full Record in Web of Science
J,"Narkhede, KS; Motahar, MS; Veer, S; Poulakakis, I",,,,"Narkhede, Kunal Sanjay; Motahar, Mohamad Shafiee; Veer, Sushant; Poulakakis, Ioannis",,,Reactive Gait Composition With Stability: Dynamic Walking Amidst Static and Moving Obstacles,JOURNAL OF DYNAMIC SYSTEMS MEASUREMENT AND CONTROL-TRANSACTIONS OF THE ASME,,,,,,,,,,,,,,,,,"Veer, Sushant/AAG-4773-2019",,,,,,,,,,,,,,0022-0434,1528-9028,,,,SEP 1,2024,146,5,,,,,,,51001,10.1115/1.4063997,http://dx.doi.org/10.1115/1.4063997,,,,,,,,,,,,,WOS:001275093000002,View Full Record in Web of Science
J,"Zhu, TH; Zhou, Y; Xia, ZY; Dong, JQ; Zhao, QF",,,,"Zhu, Tehao; Zhou, Yue; Xia, Zeyang; Dong, Jiaqi; Zhao, Qunfei",,,Progressive Filtering Approach for Early Human Action Recognition,INTERNATIONAL JOURNAL OF CONTROL AUTOMATION AND SYSTEMS,,,,,,,,,,,,,,,,,,"w, yufan/0000-0003-2609-4706",,,,,,,,,,,,,1598-6446,2005-4092,,,,OCT,2018,16,5,,,,,2393,2404,,10.1007/s12555-017-0532-1,http://dx.doi.org/10.1007/s12555-017-0532-1,,,,,,,,,,,,,WOS:000447512000037,View Full Record in Web of Science
C,"Du, XT; Luis, CE; Vukosavljev, M; Schoellig, AP",,"Howard, A; Althoefer, K; Arai, F; Arrichiello, F; Caputo, B; Castellanos, J; Hauser, K; Isler, V; Kim, J; Liu, H; Oh, P; Santos, V; Scaramuzza, D; Ude, A; Voyles, R; Yamane, K; Okamura, A",IEEE,"Du, Xintong; Luis, Carlos E.; Vukosavljev, Marijan; Schoellig, Angela P.",,,Fast and In Sync: Periodic Swarm Patterns for Quadrotors,2019 INTERNATIONAL CONFERENCE ON ROBOTICS AND AUTOMATION (ICRA),IEEE International Conference on Robotics and Automation ICRA,,,,IEEE International Conference on Robotics and Automation (ICRA),"MAY 20-24, 2019","Montreal, CANADA","Bosch,DJI,Kinova,Mercedes Benz,Samsung,Argo AI,Clearpath Robot,Element AI,Fetch Robot,Huawei,iRobot,KUKA,Quanser,SICK,Toyota Res Inst,Uber,Waymo,Zhejiang Lab,Amazon,Applanix,Cloudminds,Honda Res Inst,MathWorks,Ouster",,,,,,,,,"Schoellig, Angela/D-2358-2016","Schoellig, Angela/0000-0003-4012-4668",,,,,,,,,,,,,1050-4729,2577-087X,978-1-5386-6026-3,,,,2019,,,,,,,9143,9149,,10.1109/icra.2019.8794017,http://dx.doi.org/10.1109/icra.2019.8794017,,,,,,,,,,,,,WOS:000494942306105,View Full Record in Web of Science
J,"Zou, KF; Guan, XR; Li, Z; Li, HB; Gao, XN; Zhu, M; Tong, W; Wang, XR",,,,"Zou, Kaifan; Guan, Xiaorong; Li, Zhong; Li, Huibin; Gao, Xin'an; Zhu, Meng; Tong, Wei; Wang, Xinrui",,,A Path Planning Strategy of Wearable Manipulators with Target Pointing End Effectors,ELECTRONICS,,,,,,,,,,,,,,,,,"tong, wei/KRW-0913-2024","Guan, Xiaorong/0000-0001-5493-3699",,,,,,,,,,,,,,2079-9292,,,,MAY,2022,11,10,,,,,,,1615,10.3390/electronics11101615,http://dx.doi.org/10.3390/electronics11101615,,,,,,,,,,,,,WOS:000801374800001,View Full Record in Web of Science
J,"Dagenais, P; Hensman, S; Haechler, V; Milinkovitch, MC",,,,"Dagenais, Paule; Hensman, Sean; Haechler, Valerie; Milinkovitch, Michel C.",,,Elephants evolved strategies reducing the biomechanical complexity of their trunk,CURRENT BIOLOGY,,,,,,,,,,,,,,,,,,"Dagenais, Paule/0000-0001-8192-6240",,,,,,,,,,,,,0960-9822,1879-0445,,,,NOV 8,2021,31,21,,,,,4727,+,,10.1016/j.cub.2021.08.029,http://dx.doi.org/10.1016/j.cub.2021.08.029,,NOV 2021,,,,,,34428468,,,,,WOS:000718168300005,View Full Record in Web of Science
C,"Nagasaka, K; Miyamoto, A; Nagano, M; Shirado, H",,"Chatila, R; Kelly, A; Merlet, JP",,"Nagasaka, Ken'ichiro; Miyamoto, Atsushi; Nagano, Masakuni; Shirado, Hirokazu",,,Motion Control of a Virtual Humanoid that can Perform Real Physical Interactions with a Human,"2008 IEEE/RSJ INTERNATIONAL CONFERENCE ON ROBOTS AND INTELLIGENT SYSTEMS, VOLS 1-3, CONFERENCE PROCEEDINGS",,,,,IEEE/RSJ International Conference on Intelligent Robots and Systems,"SEP 22-26, 2008","Nice, FRANCE","IEEE,Robot Soc Japan,IEEE Robot & Automat Soc,IEEE Ind Elect Soc,Soc Instrument & Control Engineers,Inst Natl Rech Informat & Automat,CNRS,Inst Control, Robot & Syst",,,,,,,,,,,,,,,,,,,,,,,,,978-1-4244-2057-5,,,,2008,,,,,,,2303,2310,,10.1109/IROS.2008.4650680,http://dx.doi.org/10.1109/IROS.2008.4650680,,,,,,,,,,,,,WOS:000259998201148,View Full Record in Web of Science
C,"Olikkal, P; Pei, DY; Adali, T; Banerjee, N; Vinjamuri, R",,,IEEE,"Olikkal, Parthan; Pei, Dingyi; Adali, Tulay; Banerjee, Nilanjan; Vinjamuri, Ramana",,,Musculoskeletal Synergies in the Grasping Hand,"2022 44TH ANNUAL INTERNATIONAL CONFERENCE OF THE IEEE ENGINEERING IN MEDICINE & BIOLOGY SOCIETY, EMBC",IEEE Engineering in Medicine and Biology Society Conference Proceedings,,,,44th Annual International Conference of the IEEE-Engineering-in-Medicine-and-Biology-Society (EMBC),"JUL 11-15, 2022","Glasgow, SCOTLAND","IEEE,IEEE Engn Med & Biol Soc,Verasonics",,,,,,,,,,"Sathishkumar Olikkal, Parthan/0000-0002-5513-1150; Pei, Dingyi/0000-0001-7756-3678",,,,,,,,,,,,,1557-170X,1558-4615,978-1-7281-2782-8,,,,2022,,,,,,,3649,3652,,10.1109/EMBC48229.2022.9871023,http://dx.doi.org/10.1109/EMBC48229.2022.9871023,,,,,,,,36086381,,,,,WOS:001251147203103,View Full Record in Web of Science
J,"Lee, D; Woo, J",,,,"Lee, Dongwoo; Woo, Joohyun",,,Reactive Collision Avoidance of an Unmanned Surface Vehicle through Gaussian Mixture Model-Based Online Mapping,JOURNAL OF MARINE SCIENCE AND ENGINEERING,,,,,,,,,,,,,,,,,,"Lee, Dongwoo/0000-0002-9846-8378",,,,,,,,,,,,,,2077-1312,,,,APR,2022,10,4,,,,,,,472,10.3390/jmse10040472,http://dx.doi.org/10.3390/jmse10040472,,,,,,,,,,,,,WOS:000787433800001,View Full Record in Web of Science
J,"Meola, VC; Caligiore, D; Sperati, V; Zollo, L; Ciancio, AL; Taffoni, F; Guglielmelli, E; Baldassarre, G",,,,"Meola, Valentina Cristina; Caligiore, Daniele; Sperati, Valerio; Zollo, Loredana; Ciancio, Anna Lisa; Taffoni, Fabrizio; Guglielmelli, Eugenio; Baldassarre, Gianluca",,,Interplay of Rhythmic and Discrete Manipulation Movements During Development: A Policy-Search Reinforcement-Learning Robot Model,IEEE TRANSACTIONS ON COGNITIVE AND DEVELOPMENTAL SYSTEMS,,,,,,,,,,,,,,,,,"Zollo, Loredana/AAB-9645-2020; Caligiore, Daniele/AAX-1887-2020; Taffoni, Fabrizio/AAC-2572-2019; Baldassarre, Gianluca/AAY-1081-2020","sperati, valerio/0000-0002-0135-1078; Ciancio, Anna Lisa/0000-0003-0488-0546; Zollo, Loredana/0000-0002-8015-010X; Baldassarre, Gianluca/0000-0002-1277-4447",,,,,,,,,,,,,2379-8920,2379-8939,,,,SEP,2016,8,3,,,,,152,170,,10.1109/TAMD.2015.2494460,http://dx.doi.org/10.1109/TAMD.2015.2494460,,,,,,,,,,,,,WOS:000390557300002,View Full Record in Web of Science
J,"Stüber, J; Zito, C; Stolkin, R",,,,"Stuber, Jochen; Zito, Claudio; Stolkin, Rustam",,,Let's Push Things Forward: A Survey on Robot Pushing,FRONTIERS IN ROBOTICS AND AI,,,,,,,,,,,,,,,,,,,,,,,,,,,,,,,2296-9144,,,,,FEB 6,2020,7,,,,,,,,8,10.3389/frobt.2020.00008,http://dx.doi.org/10.3389/frobt.2020.00008,,,,,,,,33501177,,,,,WOS:000517175300001,View Full Record in Web of Science
C,"Candido, S; Kim, YT; Hutchinson, S",,,IEEE,"Candido, Salvatore; Kim, Yong-Tae; Hutchinson, Seth",,,An Improved Hierarchical Motion Planner for Humanoid Robots,2008 8TH IEEE-RAS INTERNATIONAL CONFERENCE ON HUMANOID ROBOTS (HUMANOIDS 2008),IEEE-RAS International Conference on Humanoid Robots,,,,8th IEEE/RAS International Conference on Humanoid Robots,"DEC 01-03, 2008","Daejeon, SOUTH KOREA","IEEE,RAS",,,,,,,,,"Kim, Yong Tae/CKE-7709-2022",,,,,,,,,,,,,,2164-0572,,978-1-4244-2821-2,,,,2008,,,,,,,642,+,,,,,,,,,,,,,,,,WOS:000267052300099,View Full Record in Web of Science
C,"Hu, YB; Chen, G; Zhang, LB; Su, H; Li, MY; Schmirander, Y; Cao, H; Knoll, A",,,IEEE,"Hu, Yingbai; Chen, Guang; Zhang, Longbin; Su, Hang; Li, Mengyao; Schmirander, Yunus; Cao, Hu; Knoll, Alois",,,Fuzzy Adaptive Control-based Real-time Obstacle Avoidance under Uncertain Perturbations,2020 5TH INTERNATIONAL CONFERENCE ON ADVANCED ROBOTICS AND MECHATRONICS (ICARM 2020),,,,,5th IEEE International Conference on Advanced Robotics and Mechatronics (ICARM),"DEC 18-21, 2020","Shenzhen, PEOPLES R CHINA","IEEE,IEEE Syst, Man & Cybernet Soc,IEEE Robot & Automat Soc,IEEE SMC Tech Comm Bio Mechatron & Bio Robot Syst,IEEE RAS Tech Comm Neuro Robot Syst,Shenzhen Univ,Artificial Intelligence & Robot Assoc Guangdong Prov,Anhui Robot Soc,IEEE CAA Journal Automatica Sinica,Deltason",,,,,,,,,"Su, Hang/Z-1713-2019; Knoll, Alois/AAN-8417-2021; Chen, Guang/I-4799-2019; Cao, Hu/HJP-8442-2023","CHen, Guang/0000-0002-7416-592X",,,,,,,,,,,,,,,978-1-7281-6479-3,,,,2020,,,,,,,50,55,,10.1109/icarm49381.2020.9195366,http://dx.doi.org/10.1109/icarm49381.2020.9195366,,,,,,,,,,,,,WOS:000728183800010,View Full Record in Web of Science
C,"Englert, P; Toussaint, M",,,IEEE,"Englert, Peter; Toussaint, Marc",,,Reactive Phase and Task Space Adaptation for Robust Motion Execution,2014 IEEE/RSJ INTERNATIONAL CONFERENCE ON INTELLIGENT ROBOTS AND SYSTEMS (IROS 2014),IEEE International Conference on Intelligent Robots and Systems,,,,IEEE/RSJ International Conference on Intelligent Robots and Systems (IROS),"SEP 14-18, 2014","Chicago, IL","IEEE,Robot Soc Japan,RA,SICE,IES,New Technol Fdn",,,,,,,,,,,,,,,,,,,,,,,2153-0858,,978-1-4799-6934-0,,,,2014,,,,,,,109,116,,,,,,,,,,,,,,,,WOS:000349834600017,View Full Record in Web of Science
J,"Zou, CB; Huang, R; Cheng, H; Qiu, J",,,,"Zou, Chaobin; Huang, Rui; Cheng, Hong; Qiu, Jing",,,Learning Gait Models With Varying Walking Speeds,IEEE ROBOTICS AND AUTOMATION LETTERS,,,,,,,,,,,,,,,,,"Zou, Chaobin/HZL-0077-2023","Zou, Chaobin/0000-0003-3457-6369",,,,,,,,,,,,,2377-3766,,,,,JAN,2021,6,1,,,,,183,190,,10.1109/LRA.2020.3006818,http://dx.doi.org/10.1109/LRA.2020.3006818,,,,,,,,,,,,,WOS:000594627000002,View Full Record in Web of Science
C,"Beaver, LE",,,IEEE,"Beaver, Logan E.",,,LQ-OCP: Energy-Optimal Control for LQ Problems,"2024 AMERICAN CONTROL CONFERENCE, ACC 2024",Proceedings of the American Control Conference,,,,American Control Conference (ACC),"JUL 10-12, 2024","Toronto, CANADA","Boeing,Elsevier,Halliburton,Mathworks,Mitsubishi Elect,Quanser,Gen Motors,Multidisciplinary Digital Publishing Inst,Soc Ind & Appl Math,Unitree Robot,Wiley,Franklin Open,Robust Engn Syst",,,,,,,,,,,,,,,,,,,,,,,0743-1619,2378-5861,979-8-3503-8266-2; 979-8-3503-8265-5,,,,2024,,,,,,,821,826,,,,,,,,,,,,,,,,WOS:001310893800118,View Full Record in Web of Science
J,"Seleem, IA; Assal, SFM; Ishii, H; El-Hussieny, H",,,,"Seleem, Ibrahim A.; Assal, Samy F. M.; Ishii, Hiroyuki; El-Hussieny, Haitham",,,Demonstration-Guided Pose Planning and Tracking for Multi-Section Continuum Robots Considering Robot Dynamics,IEEE ACCESS,,,,,,,,,,,,,,,,,"Seleem, Ibrahim/AAY-4848-2020; Assal, Samy/JGE-4513-2023; El-Hussieny, Haitham/HPB-7162-2023","El-Hussieny, Haitham/0000-0002-2296-616X; Seleem, Ibrahim/0000-0002-3733-4982; Assal, Samy F. M./0000-0002-7997-4363",,,,,,,,,,,,,2169-3536,,,,,,2019,7,,,,,,166690,166703,,10.1109/ACCESS.2019.2953122,http://dx.doi.org/10.1109/ACCESS.2019.2953122,,,,,,,,,,,,,WOS:000509585900041,View Full Record in Web of Science
B,"Gams, A; Nemec, B; Petric, T; Ude, A",,"Lenarcic, J; Khatib, O",,"Gams, Andrej; Nemec, Bojan; Petric, Tadej; Ude, Ales",,,Coupling of Trajectories for Human-Robot Cooperative Tasks,ADVANCES IN ROBOT KINEMATICS,,,,,,,,,,,,,,,,,"Petric, Tadej/AAS-2471-2021; Ude, Aleš/ABB-7839-2020",,,,,,,,,,,,,,,,978-3-319-06698-1; 978-3-319-06697-4,,,,2014,,,,,,,537,544,,10.1007/978-3-319-06698-1_55,http://dx.doi.org/10.1007/978-3-319-06698-1_55,10.1007/978-3-319-06698-1,,,,,,,,,,,,WOS:000454861500056,View Full Record in Web of Science
C,"Moreno, VH; Fernandez, L; Carmichael, MG; Deuse, J",,,IEEE,"Moreno, Victor Hernandez; Fernandez, Louis; Carmichael, Marc G.; Deuse, Jochen",,,Multi-volume Potential Fields for Effective Learning from Demonstration,"2024 IEEE 20TH INTERNATIONAL CONFERENCE ON AUTOMATION SCIENCE AND ENGINEERING, CASE 2024",IEEE International Conference on Automation Science and Engineering,,,,IEEE 20th International Conference on Automation Science and Engineering (CASE),"AUG 28-SEP 01, 2024","Bari, ITALY",IEEE,,,,,,,,,,,,,,,,,,,,,,,2161-8070,,979-8-3503-5851-3; 979-8-3503-5852-0,,,,2024,,,,,,,2342,2347,,10.1109/CASE59546.2024.1071139,http://dx.doi.org/10.1109/CASE59546.2024.1071139,,,,,,,,,,,,,WOS:001361783102003,View Full Record in Web of Science
C,"Paraschos, A; Neumann, G; Peters, J",,,IEEE,"Paraschos, Alexandros; Neumann, Gerhard; Peters, Jan",,,A Probabilistic Approach to Robot Trajectory Generation,2013 13TH IEEE-RAS INTERNATIONAL CONFERENCE ON HUMANOID ROBOTS (HUMANOIDS),IEEE-RAS International Conference on Humanoid Robots,,,,13th IEEE-RAS International Conference on Humanoid Robots (Humanoids),"OCT 15-17, 2013","Atlanta, GA",IEEE RAS,,,,,,,,,"Peters, Jan/D-5068-2009",,,,,,,,,,,,,,2164-0572,,978-1-4799-2619-0,,,,2013,,,,,,,477,483,,,,,,,,,,,,,,,,WOS:000396584300071,View Full Record in Web of Science
J,"Jankowski, J; Racca, M; Calinon, S",,,,"Jankowski, Julius; Racca, Mattia; Calinon, Sylvain",,,From Key Positions to Optimal Basis Functions for Probabilistic Adaptive Control,IEEE ROBOTICS AND AUTOMATION LETTERS,,,,,,,,,,,,,,,,,,"Racca, Mattia/0000-0001-7811-4209; Jankowski, Julius/0000-0003-0890-1965",,,,,,,,,,,,,2377-3766,,,,,APR,2022,7,2,,,,,3242,3249,,10.1109/LRA.2022.3146614,http://dx.doi.org/10.1109/LRA.2022.3146614,,,,,,,,,,,,,WOS:000753553400011,View Full Record in Web of Science
C,"Girgin, H; Ugur, E","Kosecka, J","Maciejewski, AA; Okamura, A; Bicchi, A; Stachniss, C; Song, DZ; Lee, DH; Chaumette, F; Ding, H; Li, JS; Wen, J; Roberts, J; Masamune, K; Chong, NY; Amato, N; Tsagwarakis, N; Rocco, P; Asfour, T; Chung, WK; Yasuyoshi, Y; Sun, Y; Maciekeski, T; Althoefer, K; AndradeCetto, J; Chung, WK; Demircan, E; Dias, J; Fraisse, P; Gross, R; Harada, H; Hasegawa, Y; Hayashibe, M; Kiguchi, K; Kim, K; Kroeger, T; Li, Y; Ma, S; Mochiyama, H; Monje, CA; Rekleitis, I; Roberts, R; Stulp, F; Tsai, CHD; Zollo, L",,"Girgin, Hakan; Ugur, Emre","Kosecka, J",,Associative Skill Memory Models,2018 IEEE/RSJ INTERNATIONAL CONFERENCE ON INTELLIGENT ROBOTS AND SYSTEMS (IROS),IEEE International Conference on Intelligent Robots and Systems,,,,25th IEEE/RSJ International Conference on Intelligent Robots and Systems (IROS),"OCT 01-05, 2018","Madrid, SPAIN","IEEE Robot & Automat Soc,IEEE Ind Elect Soc,Robot Soc Japan,Soc Instrument & Control Engineers,New Technol Fdn,IEEE,Adept MobileRobots,Willow Garage,Aldebaran Robot,Natl Instruments,Reflexxes GmbH,Schunk Intec S L U,Univ Carlos III Madrid,BOSCH,JD COM,Pal Robot,KUKA,Santander,Squirrel AI Learning,Baidu,Generat Robots,KINOVA Robot,Ouster,Univ Pablo Olavide Sevilla,Rapyuta Robot,SICK,TOYOTA,UP,Amazon,ARGO,Built Robot,Disney Res,Easy Mile,Hitachi,Robot,Khalifa Univ,Magazino,MathWorks,New Dexterity,Schunk,nuTonomy,PILZ,Prophesee,Rootnik,Saga Robot,Shadow,Soft Bank Robot,Anyverse,GalTech,Generat Robot,IEEE CAA Journal Automatica Sinica,Sci Robot, AAAS,TERAS",,,,,,,,,"Ugur, Emre/A-6011-2017","Girgin, Hakan/0000-0002-4776-7888",,,,,,,,,,,,,2153-0858,,978-1-5386-8094-0,,,,2018,,,,,,,6043,6048,,,,,,,,,,,,,,,,WOS:000458872705080,View Full Record in Web of Science
C,"Dordevic, GS; Rasic, M; Kostic, D; Surdilovic, D",,,IEEE; IEEE,"Dordevic, GS; Rasic, M; Kostic, D; Surdilovic, D",,,Learning of inverse kinematics behavior of redundant robot,"ICRA '99: IEEE INTERNATIONAL CONFERENCE ON ROBOTICS AND AUTOMATION, VOLS 1-4, PROCEEDINGS",,,,,International Conference on Robotics and Automation (ICRA '99),"MAY 10-15, 1999","DETROIT, MI","IEEE, Robot & Automat Soc",,,,,,,,,,,,,,,,,,,,,,,,,0-7803-5180-0; 0-7803-5181-9,,,,1999,,,,,,,3165,3170,,,,,,,,,,,,,,,,WOS:000081625700502,View Full Record in Web of Science
C,"Shi, M; Gao, YS; Ti, BY; Zhao, J",,"Liu, XJ; Nie, Z; Yu, J; Xie, F; Song, R",,"Shi, Ming; Gao, Yongsheng; Ti, Boyang; Zhao, Jie",,,Obstacle Avoidance Methods Based on Geometric Information Under the DMPs Framework,"INTELLIGENT ROBOTICS AND APPLICATIONS, ICIRA 2021, PT II",Lecture Notes in Artificial Intelligence,,,,14th International Conference on Intelligent Robotics and Applications (ICIRA),"OCT 22-25, 2021","Yantai, PEOPLES R CHINA","Tsinghua Univ,Beihang Univ,Shandong Univ,YEDA,Yantai Univ,IFToMM China,Springer",,,,,,,,,,,,,,,,,,,,,,,0302-9743,1611-3349,978-3-030-89098-8; 978-3-030-89097-1,,,,2021,13014,,,,,,58,69,,10.1007/978-3-030-89098-8_6,http://dx.doi.org/10.1007/978-3-030-89098-8_6,,,,,,,,,,,,,WOS:000725394600006,View Full Record in Web of Science
C,"Albee, K; Espinoza, AT; Andreyeva, K; Werner, N; Chen, HW; Sarvary, T",,,IEEE,"Albee, Keenan; Espinoza, Antonio Teran; Andreyeva, Kristina; Werner, Nathan; Chen, Howei; Sarvary, Tamas",,,Motion Planning for Climbing Mobility with Implementation on a Wall-Climbing Robot,2019 IEEE AEROSPACE CONFERENCE,IEEE Aerospace Conference Proceedings,,,,IEEE Aerospace Conference,"MAR 02-09, 2019","Big Sky, MT",IEEE,,,,,,,,,,,,,,,,,,,,,,,1095-323X,,978-1-5386-6854-2,,,,2019,,,,,,,,,,,,,,,,,,,,,,,,WOS:000481648201004,View Full Record in Web of Science
C,"Katz, D; Kazemi, M; Bagnell, JA; Stentz, A",,,IEEE,"Katz, Dov; Kazemi, Moslem; Bagnell, J. Andrew; Stentz, Anthony",,,Clearing a Pile of Unknown Objects using Interactive Perception,2013 IEEE INTERNATIONAL CONFERENCE ON ROBOTICS AND AUTOMATION (ICRA),IEEE International Conference on Robotics and Automation ICRA,,,,IEEE International Conference on Robotics and Automation (ICRA),"MAY 06-10, 2013","Karlsruhe, GERMANY",IEEE,,,,,,,,,,,,,,,,,,,,,,,1050-4729,2577-087X,978-1-4673-5641-1; 978-1-4673-5643-5,,,,2013,,,,,,,154,161,,,,,,,,,,,,,,,,WOS:000337617300023,View Full Record in Web of Science
J,"Joshi, RP; Koganti, N; Shibata, T",,,,"Joshi, R. P.; Koganti, N.; Shibata, T.",,,A framework for robotic clothing assistance by imitation learning,ADVANCED ROBOTICS,,,,,,,,,,,,,,,,,"Joshi, Ravi Prakash/S-4845-2019","Joshi, Ravi Prakash/0000-0003-1264-6100",,,,,,,,,,,,,0169-1864,1568-5535,,,,NOV 17,2019,33,22,,,SI,,1156,1174,,10.1080/01691864.2019.1636715,http://dx.doi.org/10.1080/01691864.2019.1636715,,JUL 2019,,,,,,,,,,,WOS:000474968000001,View Full Record in Web of Science
C,"Spector, O; Zacksenhouse, M",,,IEEE,"Spector, Oren; Zacksenhouse, Miriam",,,Learning Contact-Rich Assembly Skills Using Residual Admittance Policy,2021 IEEE/RSJ INTERNATIONAL CONFERENCE ON INTELLIGENT ROBOTS AND SYSTEMS (IROS),IEEE International Conference on Intelligent Robots and Systems,,,,IEEE/RSJ International Conference on Intelligent Robots and Systems (IROS),"SEP 27-OCT 01, 2021",ELECTR NETWORK,"IEEE,RSJ",,,,,,,,,,,,,,,,,,,,,,,2153-0858,,978-1-6654-1714-3,,,,2021,,,,,,,6023,6030,,10.1109/IROS51168.2021.9636547,http://dx.doi.org/10.1109/IROS51168.2021.9636547,,,,,,,,,,,,,WOS:000755125504120,View Full Record in Web of Science
C,"Rai, A; Meier, F; Ijspeert, A; Schaal, S",,,IEEE,"Rai, Akshara; Meier, Franziska; Ijspeert, Auke; Schaal, Stefan",,,Learning Coupling Terms for Obstacle Avoidance,2014 14TH IEEE-RAS INTERNATIONAL CONFERENCE ON HUMANOID ROBOTS (HUMANOIDS),IEEE-RAS International Conference on Humanoid Robots,,,,14th IEEE-RAS International Conference on Humanoid Robots (Humanoids),"NOV 18-20, 2014","Madrid, SPAIN",IEEE RAS,,,,,,,,,,,,,,,,,,,,,,,2164-0572,,978-1-4799-7174-9,,,,2014,,,,,,,512,518,,,,,,,,,,,,,,,,WOS:000392843800083,View Full Record in Web of Science
J,"Liu, NL; Zhou, XD; Liu, ZM; Wang, HW; Cui, L",,,,"Liu, Nailong; Zhou, Xiaodong; Liu, Zhaoming; Wang, Hongwei; Cui, Long",,,Learning peg-in-hole assembly using Cartesian DMPs with feedback mechanism,ASSEMBLY AUTOMATION,,,,,,,,,,,,,,,,,,,,,,,,,,,,,,,0144-5154,1758-4078,,,,NOV 14,2020,40,6,,,,,895,904,,10.1108/AA-04-2020-0053,http://dx.doi.org/10.1108/AA-04-2020-0053,,OCT 2020,,,,,,,,,,,WOS:000583937200001,View Full Record in Web of Science
C,"Beik-Mohammadi, H; Kerzel, M; Pleintinger, B; Hulin, T; Reisich, P; Schmidt, A; Pereira, A; Wermter, S; Lii, NY",,,IEEE,"Beik-Mohammadi, Hadi; Kerzel, Matthias; Pleintinger, Benedikt; Hulin, Thomas; Reisich, Philipp; Schmidt, Annika; Pereira, Aaron; Wermter, Stefan; Lii, Neal Y.",,,Model Mediated Teleoperation with a Hand-Arm Exoskeleton in Long Time Delays Using Reinforcement Learning,2020 29TH IEEE INTERNATIONAL CONFERENCE ON ROBOT AND HUMAN INTERACTIVE COMMUNICATION (RO-MAN),IEEE RO-MAN,,,,29th IEEE International Conference on Robot and Human Interactive Communication (IEEE RO-MAN),"AUG 31-SEP 04, 2020",ELECTR NETWORK,"IEEE,IEEE Robot & Automat Soc,Robot Soc Japan,Korean Robot Soc,Furhat Robot,EurAi,Assoc Italiana Lingusitica Computazionale,Assoc Italiana Scienze Voce,Springer,Robotics",,,,,,,,,"Wermter, Stefan/IYJ-4916-2023","Wermter, Stefan/0000-0003-1343-4775",,,,,,,,,,,,,1944-9445,,978-1-7281-6075-7,,,,2020,,,,,,,713,720,,,,,,,,,,,,,,,,WOS:000598571700103,View Full Record in Web of Science
C,"Lin, JH; Zhou, T; Zhu, DL; Liu, JB; Meng, MQH",,,IEEE,"Lin, Jiahui; Zhou, Tong; Zhu, Delong; Liu, Jianbang; Meng, Max Q-H",,,Search-Based Online Trajectory Planning for Car-like Robots in Highly Dynamic Environments,2021 IEEE INTERNATIONAL CONFERENCE ON ROBOTICS AND AUTOMATION (ICRA 2021),IEEE International Conference on Robotics and Automation ICRA,,,,IEEE International Conference on Robotics and Automation (ICRA),"MAY 30-JUN 05, 2021","Xian, PEOPLES R CHINA","IEEE,IEEE Robot & Automat Soc,So Univ Sci & Technol,Harbin Inst Technol,Xian Jiaotong Univ,Univ Toronto,Nat Sci & Engn Res Council Canada,Chinese Univ Hong Kong,DJI,Biomimet Intelligence & Robot,Toyota Res Inst,Baidu,Mech Mind Robot Technologies,Facebook AI,Nokov,Manycore,Franka Emika,Zhejiang Univ, Huzhou Inst,Jing Tian,ATI Ind Automat,Amber,Direct Drive Tech,Inceptio,Flexiv,Deeproute AI,Unitree,Waymo,Kuka,Pudu Robot,Deep Robot,Nvidia,MathWorks",,,,,,,,,"meng, meng/GWZ-7461-2022",,,,,,,,,,,,,,1050-4729,2577-087X,978-1-7281-9077-8,,,,2021,,,,,,,8151,8157,,10.1109/ICRA48506.2021.9560852,http://dx.doi.org/10.1109/ICRA48506.2021.9560852,,,,,,,,,,,,,WOS:000771405401096,View Full Record in Web of Science
C,"Gams, A; Denisa, M; Ude, A",,,IEEE,"Gams, Andrej; Denisa, Miha; Ude, Ales",,,Learning of Parametric Coupling Terms for Robot-Environment Interaction,2015 IEEE-RAS 15TH INTERNATIONAL CONFERENCE ON HUMANOID ROBOTS (HUMANOIDS),IEEE-RAS International Conference on Humanoid Robots,,,,15th IEEE-RAS International Conference on Humanoid Robots (Humanoids),"NOV 03-05, 2015","Seoul, SOUTH KOREA","IEEE Robot & Automat Soc,IEEE",,,,,,,,,"Deniša, Miha/AAE-5331-2019; Ude, Aleš/ABB-7839-2020","Gams, Andrej/0000-0002-9803-3593; Ude, Ales/0000-0003-3677-3972; Denisa, Miha/0000-0002-9478-4656",,,,,,,,,,,,,2164-0572,,978-1-4799-6885-5,,,,2015,,,,,,,304,309,,,,,,,,,,,,,,,,WOS:000377954900046,View Full Record in Web of Science
C,"Franzese, G; Celemin, C; Kober, J",,"Kober, J; Ramos, F; Tomlin, C",,"Franzese, Giovanni; Celemin, Carlos; Kober, Jens",,,Learning Interactively to Resolve Ambiguity in Reference Frame Selection,"CONFERENCE ON ROBOT LEARNING, VOL 155",Proceedings of Machine Learning Research,,,,4th Conference on Robot Learning (CoRL),"NOV 16-18, 2020",ELECTR NETWORK,,,,,,,,,,"Kober, Jens/I-9119-2017",,,,,,,,,,,,,,2640-3498,,,,,,2020,155,,,,,,1298,1311,,,,,,,,,,,,,,,,WOS:001237128900090,View Full Record in Web of Science
C,"Takamatsu, J; Kimura, H; Ikeuchi, K",,,IEEE; IEEE,"Takamatsu, J; Kimura, H; Ikeuchi, K",,,Calculating optimal trajectories from contact transitions,"2002 IEEE/RSJ INTERNATIONAL CONFERENCE ON INTELLIGENT ROBOTS AND SYSTEMS, VOLS 1-3, PROCEEDINGS",,,,,IEEE/RSJ International Conference on Intelligent Robots and Systems (IROS 2002),"SEP 30-OCT 04, 2002","LAUSANNE, SWITZERLAND","IEEE Robot & Automat Soc,IEEE Ind Electr Soc,Robot Soc Japan,Soc Instruments & Control Engineers,INRIA Rhone Alpes Grenoble,EPFL Lausanne",,,,,,,,,,,,,,,,,,,,,,,,,0-7803-7398-7,,,,2002,,,,,,,1547,1552,,,,,,,,,,,,,,,,WOS:000179289100252,View Full Record in Web of Science
J,"Hauser, K; Bretl, T; Latombe, JC; Harada, K; Wilcox, B",,,,"Hauser, Kris; Bretl, Timothy; Latombe, Jean-Claude; Harada, Kensuke; Wilcox, Brian",,,Motion Planning for Legged Robots on Varied Terrain,INTERNATIONAL JOURNAL OF ROBOTICS RESEARCH,,,,,7th International Workshop on Algorithmic Foundations of Robotics,"JUL 16-18, 2006","New York, NY",,,,,,,,,,"Harada, Kensuke/M-3376-2016","Harada, Kensuke/0000-0002-7576-756X",,,,,,,,,,,,,0278-3649,1741-3176,,,,NOV,2008,27,11-12,,,,,1325,1349,,10.1177/0278364908098447,http://dx.doi.org/10.1177/0278364908098447,,,,,,,,,,,,,WOS:000261095700011,View Full Record in Web of Science
J,"Penco, L; Momose, K; McCrory, S; Anderson, D; Kitchel, N; Calvert, D; Griffin, RJ",,,,"Penco, Luigi; Momose, Kazuhiko; McCrory, Stephen; Anderson, Dexton; Kitchel, Nicholas; Calvert, Duncan; Griffin, Robert J.",,,Mixed Reality Teleoperation Assistance for Direct Control of Humanoids,IEEE ROBOTICS AND AUTOMATION LETTERS,,,,,,,,,,,,,,,,,,", Stephen McCrory/0009-0009-2262-0757; , Nicholas Kitchel/0009-0000-7059-9088; Momose, Kazuhiko/0000-0002-7612-2640; , Robert Griffin/0000-0002-1128-346X; Penco, Luigi/0000-0002-2938-2546",,,,,,,,,,,,,2377-3766,,,,,FEB,2024,9,2,,,,,1937,1944,,10.1109/LRA.2024.3349809,http://dx.doi.org/10.1109/LRA.2024.3349809,,,,,,,,,,,,,WOS:001166421100006,View Full Record in Web of Science
C,"Takano, W; Nakamura, Y",,,IEEE,"Takano, Wataru; Nakamura, Yoshihiko",,,Integrating Whole Body Motion Primitives and Natural Language for Humanoid Robots,2008 8TH IEEE-RAS INTERNATIONAL CONFERENCE ON HUMANOID ROBOTS (HUMANOIDS 2008),IEEE-RAS International Conference on Humanoid Robots,,,,8th IEEE/RAS International Conference on Humanoid Robots,"DEC 01-03, 2008","Daejeon, SOUTH KOREA","IEEE,RAS",,,,,,,,,"Nakamura, Yoshihiko/M-1019-2014","Nakamura, Yoshihiko/0000-0001-7162-5102",,,,,,,,,,,,,2164-0572,,978-1-4244-2821-2,,,,2008,,,,,,,355,360,,,,,,,,,,,,,,,,WOS:000267052300054,View Full Record in Web of Science
C,"Ra, S; Park, G; Kim, C; You, BJ",,,IEEE,"Ra, Syungkwon; Park, Galam; Kim, ChangHwan; You, Bum-Jae",,,PCA-based Genetic Operator for Evolving Movements of Humanoid Robot,"2008 IEEE CONGRESS ON EVOLUTIONARY COMPUTATION, VOLS 1-8",IEEE Congress on Evolutionary Computation,,,,IEEE Congress on Evolutionary Computation,"JUN 01-06, 2008","Hong Kong, PEOPLES R CHINA",IEEE,,,,,,,,,,,,,,,,,,,,,,,,,978-1-4244-1822-0,,,,2008,,,,,,,1219,1225,,10.1109/CEC.2008.4630952,http://dx.doi.org/10.1109/CEC.2008.4630952,,,,,,,,,,,,,WOS:000263406500185,View Full Record in Web of Science
J,"Wei, Y",,,,"Wei, Yuan",,,A Comprehensive Approach to the Generation of Human-Like Arm Movements on Robot NAO,IEEE ACCESS,,,,,,,,,,,,,,,,,,"Wei, Yuan/0000-0002-3891-4006",,,,,,,,,,,,,2169-3536,,,,,,2020,8,,,,,,172869,172881,,10.1109/ACCESS.2020.3025532,http://dx.doi.org/10.1109/ACCESS.2020.3025532,,,,,,,,,,,,,WOS:000575872900001,View Full Record in Web of Science
C,"Kastritsi, T; Sidiropoulos, A; Doulgeri, Z",,,IEEE,"Kastritsi, Theodora; Sidiropoulos, Antonis; Doulgeri, Zoe",,,A pHRI framework for modifying a robot's kinematic behaviour via varying stiffness and dynamical system synchronization,2018 26TH MEDITERRANEAN CONFERENCE ON CONTROL AND AUTOMATION (MED),Mediterranean Conference on Control and Automation,,,,26th Mediterranean Conference on Control and Automation (MED),"JUN 19-22, 2018","Zadar, CROATIA","Mediterranean Control Assoc,KoREMA Croatian Soc Communications Comp Electron Measurement & Control,IEEE,IEEE Robot & Automat Soc,IEEE Control Syst Soc",,,,,,,,,"Kastritsi, Theodora/AAG-6361-2019","Doulgeri, Zoe/0000-0003-2188-9358; Kastritsi, Theodora/0000-0002-5379-0259; Sidiropoulos, Antonis/0000-0002-6089-5980",,,,,,,,,,,,,2325-369X,,978-1-5386-7890-9,,,,2018,,,,,,,33,38,,,,,,,,,,,,,,,,WOS:000454718500006,View Full Record in Web of Science
C,"Zhang, DD; Wu, ZC; Chen, JH; Zhu, RQ; Munawar, A; Xiao, B; Guan, Y; Su, H; Hong, WZ; Guo, Y; Fischer, GS; Lo, B; Yang, GZ",,,IEEE,"Zhang, Dandan; Wu, Zicong; Chen, Junhong; Zhu, Ruiqi; Munawar, Adnan; Xiao, Bo; Guan, Yuan; Su, Hang; Hong, Wuzhou; Guo, Yao; Fischer, Gregory S.; Lo, Benny; Yang, Guang-Zhong",,,Human-Robot Shared Control for Surgical Robot Based on Context-Aware Sim-to-Real Adaptation,"2022 IEEE INTERNATIONAL CONFERENCE ON ROBOTICS AND AUTOMATION, ICRA 2022",IEEE International Conference on Robotics and Automation ICRA,,,,IEEE International Conference on Robotics and Automation (ICRA),"MAY 23-27, 2022","Philadelphia, PA","IEEE,IEEE Robot & Automat Soc",,,,,,,,,"Yang, Guangzhong/ABB-7316-2021; Zhang, Dandan/ABG-7595-2020; Lo, Benny/HRA-6992-2023; Lo, Benny/F-2155-2015","Lo, Benny/0000-0002-5080-108X; Wu, Zicong/0000-0002-9794-9401; AZAM, MUHAMMAD ASHIR/0000-0002-5950-5375; Zhang, Dandan/0000-0001-7649-7605",,,,,,,,,,,,,1050-4729,2577-087X,978-1-7281-9681-7,,,,2022,,,,,,,7694,7700,,10.1109/ICRA46639.2022.9812379,http://dx.doi.org/10.1109/ICRA46639.2022.9812379,,,,,,,,,,,,,WOS:000941277600138,View Full Record in Web of Science
C,"Pivtoraiko, M; Nesnas, IAD; Kelly, A",,,IEEE,"Pivtoraiko, Mihail; Nesnas, Issa A. D.; Kelly, Alonzo",,,Autonomous Robot Navigation using Advanced Motion Primitives,"2009 IEEE AEROSPACE CONFERENCE, VOLS 1-7",IEEE Aerospace Conference Proceedings,,,,2009 IEEE Aerospace Conference,"MAR 07-14, 2009","Big Sky, MT",,,,,,,,,,,,,,,,,,,,,,,,1095-323X,,978-1-4244-2621-8,,,,2009,,,,,,,72,+,,,,,,,,,,,,,,,,WOS:000271964000007,View Full Record in Web of Science
C,"Tosatto, S; Chalvatzaki, G; Peters, J",,,IEEE,"Tosatto, Samuele; Chalvatzaki, Georgia; Peters, Jan",,,Contextual Latent-Movements Off-Policy Optimization for Robotic Manipulation Skills,2021 IEEE INTERNATIONAL CONFERENCE ON ROBOTICS AND AUTOMATION (ICRA 2021),IEEE International Conference on Robotics and Automation ICRA,,,,IEEE International Conference on Robotics and Automation (ICRA),"MAY 30-JUN 05, 2021","Xian, PEOPLES R CHINA","IEEE,IEEE Robot & Automat Soc,So Univ Sci & Technol,Harbin Inst Technol,Xian Jiaotong Univ,Univ Toronto,Nat Sci & Engn Res Council Canada,Chinese Univ Hong Kong,DJI,Biomimet Intelligence & Robot,Toyota Res Inst,Baidu,Mech Mind Robot Technologies,Facebook AI,Nokov,Manycore,Franka Emika,Zhejiang Univ, Huzhou Inst,Jing Tian,ATI Ind Automat,Amber,Direct Drive Tech,Inceptio,Flexiv,Deeproute AI,Unitree,Waymo,Kuka,Pudu Robot,Deep Robot,Nvidia,MathWorks",,,,,,,,,"Chalvatzaki, Georgia/HTT-4855-2023",,,,,,,,,,,,,,1050-4729,2577-087X,978-1-7281-9077-8,,,,2021,,,,,,,10815,10821,,10.1109/ICRA48506.2021.9561870,http://dx.doi.org/10.1109/ICRA48506.2021.9561870,,,,,,,,,,,,,WOS:000771405403066,View Full Record in Web of Science
C,"Abdelrahman, AF; Mitrevski, A; Plöger, PG",,,IEEE,"Abdelrahman, Ahmed Faisal; Mitrevski, Alex; Ploeger, Paul G.",,,Context-Aware Task Execution Using Apprenticeship Learning,2020 IEEE INTERNATIONAL CONFERENCE ON ROBOTICS AND AUTOMATION (ICRA),IEEE International Conference on Robotics and Automation ICRA,,,,IEEE International Conference on Robotics and Automation (ICRA),"MAY 31-JUN 15, 2020",ELECTR NETWORK,IEEE,,,,,,,,,,"Abdelrahman, Ahmed/0009-0002-3436-7399; Mitrevski, Alex/0000-0003-3591-3160",,,,,,,,,,,,,1050-4729,2577-087X,978-1-7281-7395-5,,,,2020,,,,,,,1329,1335,,10.1109/icra40945.2020.9197476,http://dx.doi.org/10.1109/icra40945.2020.9197476,,,,,,,,,,,,,WOS:000712319501004,View Full Record in Web of Science
C,"Kulgod, S; Chen, WT; Huang, JD; Zhao, Y; Atanasov, N",,,IEEE,"Kulgod, Sutej; Chen, Wentao; Huang, Junda; Zhao, Ye; Atanasov, Nikolay",,,Temporal Logic Guided Locomotion Planning and Control in Cluttered Environments,2020 AMERICAN CONTROL CONFERENCE (ACC),Proceedings of the American Control Conference,,,,American Control Conference (ACC),"JUL 01-03, 2020","Denver, CO","Amer Automat Control Council,Int Federat Automat Control",,,,,,,,,,"Atanasov, Nikolay/0000-0003-0272-7580",,,,,,,,,,,,,0743-1619,2378-5861,978-1-5386-8266-1,,,,2020,,,,,,,5425,5432,,10.23919/acc45564.2020.9147621,http://dx.doi.org/10.23919/acc45564.2020.9147621,,,,,,,,,,,,,WOS:000618079805053,View Full Record in Web of Science
J,"Kumar, R; Gupta, V; Agarwal, S; Khatait, JP",,,,"Kumar, Rajesh; Gupta, Varan; Agarwal, Shantnav; Khatait, Jitendra P.",,,Design of Robotic Motion Platform Utilizing Continuous Contact Skating,JOURNAL OF MECHANISMS AND ROBOTICS-TRANSACTIONS OF THE ASME,,,,,,,,,,,,,,,,,"Khatait, Jitendra/JED-9031-2023",,,,,,,,,,,,,,1942-4302,1942-4310,,,,DEC 1,2021,13,6,,,,,,,61009,10.1115/1.4050827,http://dx.doi.org/10.1115/1.4050827,,,,,,,,,,,,,WOS:000700793900005,View Full Record in Web of Science
J,"Frego, M; Bevilacqua, P; Saccon, E; Palopoli, L; Fontanelli, D",,,,"Frego, Marco; Bevilacqua, Paolo; Saccon, Enrico; Palopoli, Luigi; Fontanelli, Daniele",,,An Iterative Dynamic Programming Approach to the Multipoint Markov-Dubins Problem,IEEE ROBOTICS AND AUTOMATION LETTERS,,,,,,,,,,,,,,,,,"Saccon, Enrico/JTW-5446-2023","Frego, Marco/0000-0003-2855-9052; Palopoli, Luigi/0000-0001-8813-8685; Fontanelli, Daniele/0000-0002-5486-9989; Bevilacqua, Paolo/0000-0003-0695-481X; Saccon, Enrico/0000-0002-2418-6618",,,,,,,,,,,,,2377-3766,,,,,APR,2020,5,2,,,,,2483,2490,,10.1109/LRA.2020.2972787,http://dx.doi.org/10.1109/LRA.2020.2972787,,,,,,,,,,,,,WOS:000526521500009,View Full Record in Web of Science
J,"Yang, T; Chui, CK; Liu, J; Huang, WM; Su, Y; Chang, SKY",,,,"Yang, Tao; Chui, Chee Kong; Liu, Jiang; Huang, Weimin; Su, Yi; Chang, Stephen K. Y.",,,Robotic learning of motion using demonstrations and statistical models for surgical simulation,INTERNATIONAL JOURNAL OF COMPUTER ASSISTED RADIOLOGY AND SURGERY,,,,,4th IPCAI Conference,2013,"Heidelberg, GERMANY",,,,,,,,,,"Chang, Stephen/KDM-6667-2024; LIU, JIANG/AHB-8921-2022","liu, jiang/0000-0001-6281-6505",,,,,,,,,,,,,1861-6410,1861-6429,,,,SEP,2014,9,5,,,SI,,813,823,,10.1007/s11548-013-0967-7,http://dx.doi.org/10.1007/s11548-013-0967-7,,,,,,,,24337811,,,,,WOS:000343130300007,View Full Record in Web of Science
C,"Vonásek, V; Neumann, S; Oertel, D; Wörn, H",,,IEEE,"Vonasek, Vojtech; Neumann, Sergej; Oertel, David; Woern, Heinz",,,Online Motion Planning for Failure Recovery of Modular Robotic Systems,2015 IEEE INTERNATIONAL CONFERENCE ON ROBOTICS AND AUTOMATION (ICRA),IEEE International Conference on Robotics and Automation ICRA,,,,IEEE International Conference on Robotics and Automation (ICRA),"MAY 26-30, 2015","Seattle, WA",IEEE,,,,,,,,,"Vonásek, Vojtěch/GRJ-7653-2022","Vonasek, Vojtech/0000-0001-9224-2151",,,,,,,,,,,,,1050-4729,,978-1-4799-6923-4,,,,2015,,,,,,,1905,1910,,,,,,,,,,,,,,,,WOS:000370974901132,View Full Record in Web of Science
C,"Kotecha, P; Sinha, P; Govindan, N",,,IEEE,"Kotecha, Prakrut; Sinha, Priyansh; Govindan, Nagamanikandan",,,"A Hierarchical Manipulation Planning Framework Combining Striking, Pushing, and Pick & Place Motion Primitives","2024 IEEE 20TH INTERNATIONAL CONFERENCE ON AUTOMATION SCIENCE AND ENGINEERING, CASE 2024",IEEE International Conference on Automation Science and Engineering,,,,IEEE 20th International Conference on Automation Science and Engineering (CASE),"AUG 28-SEP 01, 2024","Bari, ITALY",IEEE,,,,,,,,,,,,,,,,,,,,,,,2161-8070,,979-8-3503-5851-3; 979-8-3503-5852-0,,,,2024,,,,,,,956,961,,10.1109/CASE59546.2024.10711645,http://dx.doi.org/10.1109/CASE59546.2024.10711645,,,,,,,,,,,,,WOS:001361783100120,View Full Record in Web of Science
J,"Sosa-Ceron, AD; Gonzalez-Hernandez, HG; Reyes-Avendaño, JA",,,,"Daniel Sosa-Ceron, Arturo; Gustavo Gonzalez-Hernandez, Hugo; Antonio Reyes-Avendano, Jorge",,,Learning from Demonstrations in Human-Robot Collaborative Scenarios: A Survey,ROBOTICS,,,,,,,,,,,,,,,,,"Gonzalez-Hernandez, Hugo/S-6457-2019; Reyes Avendaño, Jorge Antonio/IQT-6298-2023; Gonzalez-Hernandez, Hugo G./E-8872-2017; Reyes-Avendano, Jorge Antonio/A-9251-2016; Sosa-Ceron, Arturo Daniel/HMP-7344-2023","Gonzalez-Hernandez, Hugo G./0000-0001-6495-9980; Reyes-Avendano, Jorge Antonio/0000-0002-2797-9381; Sosa-Ceron, Arturo Daniel/0000-0003-2429-6347",,,,,,,,,,,,,,2218-6581,,,,DEC,2022,11,6,,,,,,,126,10.3390/robotics11060126,http://dx.doi.org/10.3390/robotics11060126,,,,,,,,,,,,,WOS:000902946100001,View Full Record in Web of Science
J,"Zhang, HW; Liu, YW; Zhou, WJ",,,,"Zhang, Huiwen; Liu, Yuwang; Zhou, Weijia",,,Long Time Sequential Task Learning From Unstructured Demonstration,IEEE ACCESS,,,,,,,,,,,,,,,,,,,,,,,,,,,,,,,2169-3536,,,,,,2019,7,,,,,,96240,96252,,10.1109/ACCESS.2019.2929107,http://dx.doi.org/10.1109/ACCESS.2019.2929107,,,,,,,,,,,,,WOS:000478961900067,View Full Record in Web of Science
J,"Abdelrahman, A; Valdenegro-Toro, M; Bennewitz, M; Plöger, PG",,,,"Abdelrahman, Ahmed; Valdenegro-Toro, Matias; Bennewitz, Maren; Ploeger, Paul G.",,,A neuromorphic approach to obstacle avoidance in robot manipulation,INTERNATIONAL JOURNAL OF ROBOTICS RESEARCH,,,,,,,,,,,,,,,,,"Valdenegro, Matias/JCE-4985-2023","Bennewitz, Maren/0000-0003-4343-3028; Abdelrahman, Ahmed/0009-0002-3436-7399",,,,,,,,,,,,,0278-3649,1741-3176,,,,2024 NOV 14,2024,,,,,,,,,,10.1177/02783649241284058,http://dx.doi.org/10.1177/02783649241284058,,NOV 2024,,,,,,,,,,,WOS:001354727500001,View Full Record in Web of Science
C,"Nakamura, A; Kawai, Y",,"Sugisaka, M; Tanaka, H",,"Nakamura, Akira; Kawai, Yoshihiro",,,Recovery Technique from Classified Errors in Adjustment Tasks of Domestic Appliances,PROCEEDINGS OF THE SIXTEENTH INTERNATIONAL SYMPOSIUM ON ARTIFICIAL LIFE AND ROBOTICS (AROB 16TH '11),,,,,16th International Symposium on Artificial Life and Robotics (AROB 16th '11),"JAN 27-29, 2011","Beppu, JAPAN","Int Organiz Comm Int Symposium Artificial Life & Robot,ALife Robot Corp Ltd & Nippon Bunri Univ,Mitsubishi Elect Corp Adv Technol R&D Ctr,Oita Gas Co Ltd,ME System Co Ltd,SANWA SHURUI Co Ltd",,,,,,,,,"Kawai, Yoshihiro/M-3378-2016; Nakamura, Akira/M-3854-2016",,,,,,,,,,,,,,,,978-4-9902880-5-1,,,,2011,,,,,,,930,933,,,,,,,,,,,,,,,,WOS:000393365500225,View Full Record in Web of Science
J,"Zhang, JZ; Yang, S; Yang, GS; Bishop, AL; Gurumurthy, S; Ramanan, D; Manchester, Z",,,,"Zhang, John Z.; Yang, Shuo; Yang, Gengshan; Bishop, Arun L.; Gurumurthy, Swaminathan; Ramanan, Deva; Manchester, Zachary",,,SLoMo: A General System for Legged Robot Motion Imitation From Casual Videos,IEEE ROBOTICS AND AUTOMATION LETTERS,,,,,,,,,,,,,,,,,,"Bishop, Arun/0009-0004-3816-7268; Yang, Gengshan/0009-0009-8957-875X; Ramanan, Deva/0009-0008-9180-8983; Manchester, Zachary/0000-0002-3071-7091; Yang, Shuo/0000-0002-3291-9076; Zhang, John/0000-0002-7442-5920",,,,,,,,,,,,,2377-3766,,,,,NOV,2023,8,11,,,,,7154,7161,,10.1109/LRA.2023.3313937,http://dx.doi.org/10.1109/LRA.2023.3313937,,,,,,,,,,,,,WOS:001080527200004,View Full Record in Web of Science
C,"Michieletto, S; Tosello, E; Romanelli, F; Ferrara, V; Menegatti, E",,"Brugali, D; Broenink, JF; Kroeger, T; MacDonald, BA",,"Michieletto, Stefano; Tosello, Elisa; Romanelli, Fabrizio; Ferrara, Valentina; Menegatti, Emanuele",,,ROS-I Interface for COMAU Robots,"SIMULATION, MODELING, AND PROGRAMMING FOR AUTONOMOUS ROBOTS (SIMPAR 2014)",Lecture Notes in Computer Science,,,,"4th International Conference on Simulation, Modeling, and Programming for Autonomous Robots (SIMPAR)","OCT 20-23, 2014","Bergamo, ITALY",,,,,,,,,,"Romanelli, Fabrizio/HTN-0338-2023","Romanelli, Fabrizio/0000-0002-1888-7004; Menegatti, Emanuele/0000-0001-5794-9979; Michieletto, Stefano/0000-0001-8245-3430; Tosello, Elisa/0000-0003-4692-4279",,,,,,,,,,,,,0302-9743,1611-3349,978-3-319-11900-7; 978-3-319-11899-4,,,,2014,8810,,,,,,243,254,,,,,,,,,,,,,,,,WOS:000476862800021,View Full Record in Web of Science
C,"Chen, LY; Shi, BY; Seita, D; Cheng, R; Kollar, T; Held, D; Goldberg, K",,,IEEE,"Chen, Lawrence Yunliang; Shi, Baiyu; Seita, Daniel; Cheng, Richard; Kollar, Thomas; Held, David; Goldberg, Ken",,,AutoBag: Learning to Open Plastic Bags and Insert Objects,"2023 IEEE INTERNATIONAL CONFERENCE ON ROBOTICS AND AUTOMATION, ICRA",IEEE International Conference on Robotics and Automation ICRA,,,,IEEE International Conference on Robotics and Automation (ICRA),"MAY 29-JUN 02, 2023","London, ENGLAND","IEEE,IEEE Robot & Automat Soc",,,,,,,,,"Chen, Lawrence Yunliang/ACJ-4018-2022",,,,,,,,,,,,,,1050-4729,2577-087X,979-8-3503-2365-8,,,,2023,,,,,,,3918,3925,,10.1109/ICRA48891.2023.10161402,http://dx.doi.org/10.1109/ICRA48891.2023.10161402,,,,,,,,,,,,,WOS:001036713003045,View Full Record in Web of Science
J,"Artemiadis, PK; Kyriakopoulos, KJ",,,,"Artemiadis, Panagiotis K.; Kyriakopoulos, Kostas J.",,,EMG-Based Control of a Robot Arm Using Low-Dimensional Embeddings,IEEE TRANSACTIONS ON ROBOTICS,,,,,,,,,,,,,,,,,"Kyriakopoulos, Kostas/AAN-8453-2021; Artemiadis, Panagiotis/M-4432-2015","Kyriakopoulos, Kostas/0000-0002-1229-3029; Artemiadis, Panagiotis/0000-0001-9512-0803",,,,,,,,,,,,,1552-3098,1941-0468,,,,APR,2010,26,2,,,,,393,398,,10.1109/TRO.2009.2039378,http://dx.doi.org/10.1109/TRO.2009.2039378,,,,,,,,,,,,,WOS:000276272500016,View Full Record in Web of Science
J,"Liu, AD; Fu, JY; Zhan, SW; Jin, ZH; Zhang, WA",,,,"Liu, Andong; Fu, Jiayun; Zhan, Shuwen; Jin, Zhehao; Zhang, Wen-an",,,A Policy Searched-Based Optimization Algorithm for Obstacle Avoidance in Robot Manipulators,IEEE TRANSACTIONS ON INDUSTRIAL ELECTRONICS,,,,,,,,,,,,,,,,,"Jin, Zhehao/HOA-7661-2023","Zhang, Wen-An/0000-0002-4355-2783; Fu, Jiayun/0009-0007-4824-007X; Jin, Zhehao/0000-0002-0871-9779; wang, haoyu/0009-0001-2467-5331",,,,,,,,,,,,,0278-0046,1557-9948,,,,SEP,2024,71,9,,,,,11262,11271,,10.1109/TIE.2023.3344831,http://dx.doi.org/10.1109/TIE.2023.3344831,,JAN 2024,,,,,,,,,,,WOS:001137363100001,View Full Record in Web of Science
C,"Queisser, JF; Reinhart, RF; Steil, JJ",,"Asfour, T; Billard, A; Harada, K; Kulic, D; Ude, A; Venture, G; Yamane, K; Yokoi, K; Yoshida, E",,"Queisser, Jeffrey Frederic; Reinhart, Rene Felix; Steil, Jochen Jakob",,,Incremental Bootstrapping of Parameterized Motor Skills,2016 IEEE-RAS 16TH INTERNATIONAL CONFERENCE ON HUMANOID ROBOTS (HUMANOIDS),IEEE-RAS International Conference on Humanoid Robots,,,,16th IEEE-RAS International Conference on Humanoid Robots (Humanoids),"NOV 15-17, 2016","Mexican Assoc Comp Vis Robot & Neural Comp, Cancun, MEXICO","IEEE Robot & Automat Soc,Disney Res,ROBOTIS,INTEL,PAL,MACVNR,CONACYT,CINVESTAV",Mexican Assoc Comp Vis Robot & Neural Comp,,,,,,,,,"Queisser, Jeffrey/0000-0002-9725-6971",,,,,,,,,,,,,2164-0572,,978-1-5090-4718-5,,,,2016,,,,,,,223,229,,,,,,,,,,,,,,,,WOS:000403009300036,View Full Record in Web of Science
C,"Bazzi, S; Shammas, E; Asmar, D",,,IEEE,"Bazzi, Salah; Shammas, Elie; Asmar, Daniel",,,Relaxing Nonholonomic Constraints: Towards Continuous-Curvature Dubins Paths,2015 IEEE/ASME INTERNATIONAL CONFERENCE ON ADVANCED INTELLIGENT MECHATRONICS (AIM),IEEE ASME International Conference on Advanced Intelligent Mechatronics,,,,IEEE/ASME International Conference on Advanced Intelligent Mechatronics (AIM),"JUL 07-11, 2015","Busan, SOUTH KOREA","IEEE,ASME,Natl Robot Res Ctr,IEEE Ind Elect Soc,IEEE Robot & Automat Soc,ASME Dynam Syst & Control Div,Korea Robot Soc,Soc Instrument & Control Engineers,Inst Control Robot & Syst,JSME,IEEJ,JSPE,Robot Soc Japan,Creat Adv Robot Educ & Res Consortium,Busan Tourism Org,Korea Tourism Org",,,,,,,,,"Shammas, Elie/M-4591-2019","Bazzi, Salah/0000-0002-8631-0426; Asmar, Daniel/0000-0002-4932-9777; Shammas, Elie/0000-0002-3604-334X",,,,,,,,,,,,,2159-6255,,978-1-4673-9107-8,,,,2015,,,,,,,737,742,,,,,,,,,,,,,,,,WOS:000381493900128,View Full Record in Web of Science
J,"Qian, K; Xu, X; Liu, H; Bai, JS; Luo, S",,,,"Qian, Kun; Xu, Xin; Liu, Huan; Bai, Jishen; Luo, Shan",,,Environment-adaptive learning from demonstration for proactive assistance in human-robot collaborative tasks,ROBOTICS AND AUTONOMOUS SYSTEMS,,,,,,,,,,,,,,,,,"Luo, Shan/JEP-7010-2023","Luo, Shan/0000-0003-4760-0372; Qian, Kun/0000-0001-7429-1742",,,,,,,,,,,,,0921-8890,1872-793X,,,,MAY,2022,151,,,,,,,,104046,10.1016/j.robot.2022.104046,http://dx.doi.org/10.1016/j.robot.2022.104046,,FEB 2022,,,,,,,,,,,WOS:000820361300009,View Full Record in Web of Science
J,"Yan, XJ; Jiang, YP; Chen, C; Gong, LL; Ge, M; Zhang, T; Li, X",,,,"Yan, Xiangjie; Jiang, Yongpeng; Chen, Chen; Gong, Leiliang; Ge, Ming; Zhang, Tao; Li, Xiang",,,A Complementary Framework for Human-Robot Collaboration With a Mixed AR-Haptic Interface,IEEE TRANSACTIONS ON CONTROL SYSTEMS TECHNOLOGY,,,,,,,,,,,,,,,,,"Li, Xiang/P-3338-2018; Chen, Chen/LWI-7319-2024","Yan, Xiangjie/0000-0001-9713-5099; Chen, Chen/0000-0003-2588-7376; GONG, LEILIANG/0000-0003-4302-1592",,,,,,,,,,,,,1063-6536,1558-0865,,,,JAN,2024,32,1,,,,,112,127,,10.1109/TCST.2023.3301675,http://dx.doi.org/10.1109/TCST.2023.3301675,,AUG 2023,,,,,,,,,,,WOS:001051274900001,View Full Record in Web of Science
J,"Cao, S; Wang, XK; Zhang, RS; Yu, HC; Shen, LC",,,,"Cao, Su; Wang, Xiangke; Zhang, Renshan; Yu, Huangchao; Shen, Lincheng",,,"From Demonstration to Flight: Realization of Autonomous Aerobatic Maneuvers for Fast, Miniature Fixed-Wing UAVs",IEEE ROBOTICS AND AUTOMATION LETTERS,,,,,,,,,,,,,,,,,"Yu, Huangchao/GZK-8030-2022; Wang, Xiangke/AFW-1440-2022","cao, su/0000-0002-7702-6378; Wang, Xiangke/0000-0002-5074-7052; Zhang, Renshan/0000-0003-1833-9996",,,,,,,,,,,,,2377-3766,,,,,APR,2022,7,2,,,,,5771,5778,,10.1109/LRA.2022.3153987,http://dx.doi.org/10.1109/LRA.2022.3153987,,,,,,,,,,,,,WOS:000776183200012,View Full Record in Web of Science
C,"Alur, R; Moarref, S; Topcu, U",,,ACM,"Alur, Rajeev; Moarref, Salar; Topcu, Ufuk",,,Compositional Synthesis with Parametric Reactive Controllers,HSCC'16: PROCEEDINGS OF THE 19TH INTERNATIONAL CONFERENCE ON HYBRID SYSTEMS: COMPUTATION AND CONTROL,,,,,19th International Conference on Hybrid Systems - Computation and Control (HSCC),"APR 12-14, 2016","Vienna, AUSTRIA","ACM SIGBED,Assoc Comp Machinery,IEEE Control Syst Soc,ACM Special Interest Grp Embedded Syst",,,,,,,,,,"Topcu, Ufuk/0000-0003-0819-9985",,,,,,,,,,,,,,,978-1-4503-3955-1,,,,2016,,,,,,,215,224,,10.1145/2883817.2883842,http://dx.doi.org/10.1145/2883817.2883842,,,,,,,,,,,,,WOS:000390844400024,View Full Record in Web of Science
J,"Wu, HM; Yan, W; Xu, ZH; Li, S; Zhou, XF",,,,"Wu, Hongmin; Yan, Wu; Xu, Zhihao; Li, Shuai; Zhou, Xuefeng",,,Learning robot anomaly recovery skills from multiple time-driven demonstrations,NEUROCOMPUTING,,,,,,,,,,,,,,,,,"Li, Shuai/ABD-5132-2021","Li, Shuai (Steven)/0009-0004-4499-0023",,,,,,,,,,,,,0925-2312,1872-8286,,,,NOV 13,2021,464,,,,,,522,532,,10.1016/j.neucom.2021.08.036,http://dx.doi.org/10.1016/j.neucom.2021.08.036,,SEP 2021,,,,,,,,,,,WOS:000701814500008,View Full Record in Web of Science
C,"Goncalves, A; Kuppuswamy, N; Beaulieu, A; Uttamchandani, A; Tsui, KM; Alspach, A",,,IEEE,"Goncalves, Aimee; Kuppuswamy, Naveen; Beaulieu, Andrew; Uttamchandani, Avinash; Tsui, Katherine M.; Alspach, Alex",,,Punyo-1: Soft tactile-sensing upper-body robot for large object manipulation and physical human interaction,2022 IEEE 5TH INTERNATIONAL CONFERENCE ON SOFT ROBOTICS (ROBOSOFT),,,,,5th International Conference on Soft Robotics (RoboSoft),"APR 04-JUN 08, 2022","Edinburgh, ENGLAND",,,,,,,,,,,,,,,,,,,,,,,,,,978-1-6654-0828-8,,,,2022,,,,,,,844,851,,10.1109/ROBOSOFT54090.2022.9762117,http://dx.doi.org/10.1109/ROBOSOFT54090.2022.9762117,,,,,,,,,,,,,WOS:000945389700083,View Full Record in Web of Science
C,"Graziano, A; Ruffaldi, E; Avizzano, CA",,,IEEE,"Graziano, Alessandro; Ruffaldi, Emanuele; Avizzano, Carlo Alberto",,,An affordances based approach to assisted teleoperation,2017 22ND IEEE INTERNATIONAL CONFERENCE ON EMERGING TECHNOLOGIES AND FACTORY AUTOMATION (ETFA),IEEE International Conference on Emerging Technologies and Factory Automation-ETFA,,,,22nd IEEE International Conference on Emerging Technologies and Factory Automation (ETFA),"SEP 12-15, 2017","Limassol, CYPRUS","IEEE,ABB,ies,Univ Cyprus,Dept Elect Comp Engn",,,,,,,,,"Ruffaldi, Emanuele/A-2352-2009",,,,,,,,,,,,,,1946-0740,1946-0759,978-1-5090-6505-9,,,,2017,,,,,,,,,,,,,,,,,,,,,,,,WOS:000427812000091,View Full Record in Web of Science
J,"Zhou, F; De la Torre, F; Hodgins, JK",,,,"Zhou, Feng; De la Torre, Fernando; Hodgins, Jessica K.",,,Hierarchical Aligned Cluster Analysis for Temporal Clustering of Human Motion,IEEE TRANSACTIONS ON PATTERN ANALYSIS AND MACHINE INTELLIGENCE,,,,,,,,,,,,,,,,,,,,,,,,,,,,,,,0162-8828,1939-3539,,,,MAR,2013,35,3,,,,,582,596,,10.1109/TPAMI.2012.137,http://dx.doi.org/10.1109/TPAMI.2012.137,,,,,,,,22732658,,,,,WOS:000314792900006,View Full Record in Web of Science
J,"Maeda, G; Ewerton, M; Neumann, G; Lioutikov, R; Peters, J",,,,"Maeda, Guilherme; Ewerton, Marco; Neumann, Gerhard; Lioutikov, Rudolf; Peters, Jan",,,Phase estimation for fast action recognition and trajectory generation in human-robot collaboration,INTERNATIONAL JOURNAL OF ROBOTICS RESEARCH,,,,,,,,,,,,,,,,,"Peters, Jan/D-5068-2009",,,,,,,,,,,,,,0278-3649,1741-3176,,,,DEC,2017,36,13-14,,,SI,,1579,1594,,10.1177/0278364917693927,http://dx.doi.org/10.1177/0278364917693927,,,,,,,,,,,,,WOS:000418665200012,View Full Record in Web of Science
C,"Chung, WK; Xu, YS",,,IEEE,"Chung, Wing Kwong; Xu, Yangsheng",,,Path Planning Algorithm for Space Manipulator with a Minimum Energy Demand,2012 IEEE INTERNATIONAL CONFERENCE ON ROBOTICS AND BIOMIMETICS (ROBIO 2012),,,,,IEEE International Conference on Robotics and Biomimetics (ROBIO),"DEC 11-14, 2012","Guangzhou, PEOPLES R CHINA","IEEE,IEEE Robot & Automat Soc,S China Univ Technol (SCUT),Natl Nat Sci Fdn China,HIT, State Key Lab Robot & Syst,IEEE Syst, Man, & Cybernet Soc,Robot Soc Japan,Japan Soc Mech Engineers,Guangdong Mech Engn Soc (GDMES)",,,,,,,,,"Xu, Yangsheng/C-7528-2011",,,,,,,,,,,,,,,,978-1-4673-2127-3; 978-1-4673-2125-9,,,,2012,,,,,,,,,,,,,,,,,,,,,,,,WOS:000321004000263,View Full Record in Web of Science
C,"Pedrosa, MVA; Schneider, T; Flasskamp, K",,,IEEE,"Pedrosa, Matheus V. A.; Schneider, Tristan; Flasskamp, Kathrin",,,Graph-based Motion Planning with Primitives in a Continuous State Space Search,2021 6TH INTERNATIONAL CONFERENCE ON MECHANICAL ENGINEERING AND ROBOTICS RESEARCH (ICMERR),,,,,6th International Conference on Mechanical Engineering and Robotics Research (ICMERR),"DEC 11-13, 2021","AGH Univ, ELECTR NETWORK","IEEE,SW Univ,IEEE Robot & Automat Soc,RMIT Univ,Ibisc,Univ Evry,Univ Paris Scalay",AGH Univ,,,,,,,,,"Schneider, Tristan/0000-0002-4804-3902; Pedrosa, Matheus/0000-0001-5238-7786",,,,,,,,,,,,,,,978-1-6654-0642-0,,,,2021,,,,,,,30,+,,10.1109/ICMERR54363.2021.9680825,http://dx.doi.org/10.1109/ICMERR54363.2021.9680825,,,,,,,,,,,,,WOS:000784357000005,View Full Record in Web of Science
J,"Dhar, A; Ulfsjoo, CH; Lofberg, J; Axehill, D",,,,"Dhar, Abhishek; Ulfsjoo, Carl Hynen; Lofberg, Johan; Axehill, Daniel",,,Disturbance-Parametrized Robust Lattice-Based Motion Planning,IEEE TRANSACTIONS ON INTELLIGENT VEHICLES,,,,,,,,,,,,,,,,,"Dhar, Abhishek/Y-3017-2019","Dhar, Abhishek/0000-0001-6061-7860",,,,,,,,,,,,,2379-8858,2379-8904,,,,JAN,2024,9,1,,,,,3034,3046,,10.1109/TIV.2023.3296691,http://dx.doi.org/10.1109/TIV.2023.3296691,,,,,,,,,,,,,WOS:001173317800251,View Full Record in Web of Science
C,"Field, M; Stirling, D; Naghdy, F; Pan, ZX",,"Stoica, A; Tunstel, E; Huntsberger, T; Arslan, T; Vijayakumar, S; ElRayis, AO",,"Field, Matthew; Stirling, David; Naghdy, Fazel; Pan, Zengxi",,,Mixture model segmentation for gait recognition,"2008 ECSIS SYMPOSIUM ON LEARNING AND ADAPTIVE BEHAVIORS FOR ROBOTIC SYSTEMS - LAB-RS 2008, PROCEEDINGS",,,,,ECSIS Symposium on Learning and Adaptive Behaviors for Robotic Systems,"AUG 06-08, 2008","Univ Edinburgh, Edinburgh, SCOTLAND",European Ctr Secure Informat & Syst,Univ Edinburgh,,,,,,,,"pan, zengxi/AAO-2505-2020; Stirling, David/P-2622-2015; Field, Matthew/J-2810-2015","Stirling, David/0000-0003-1219-2794; Field, Matthew/0000-0002-6169-6721; pan, zengxi/0000-0002-1788-2543",,,,,,,,,,,,,,,978-0-7695-3272-1,,,,2008,,,,,,,3,8,,10.1109/LAB-RS.2008.26,http://dx.doi.org/10.1109/LAB-RS.2008.26,,,,,,,,,,,,,WOS:000258995800001,View Full Record in Web of Science
C,"Nakamura, A; Ogasawara, T; Kitagaki, K; Suehiro, T",,,IEEE; IEEE,"Nakamura, A; Ogasawara, T; Kitagaki, K; Suehiro, T",,,Using robust and simplified geometric models in skill-based manipulation,"IROS 2001: PROCEEDINGS OF THE 2001 IEEE/RJS INTERNATIONAL CONFERENCE ON INTELLIGENT ROBOTS AND SYSTEMS, VOLS 1-4: EXPANDING THE SOCIETAL ROLE OF ROBOTICS IN THE NEXT MILLENNIUM",,,,,IEEE Conference on Intelligent Robots and Systems (IROS 2001),"OCT 29-NOV 03, 2001","MAUI, HI","IEEE Ind Electr Soc,IEEE Robot & Automat Soc,Robot Soc Japan,Soc Instrument & Control Engineers",,,,,,,,,"; Kitagaki, Kosei/M-5346-2016; Nakamura, Akira/M-3854-2016","Ogasawara, Tsukasa/0000-0001-9767-6039; Kitagaki, Kosei/0000-0003-0067-0410; Nakamura, Akira/0000-0002-9063-7026",,,,,,,,,,,,,,,0-7803-6612-3,,,,2001,,,,,,,138,145,,,,,,,,,,,,,,,,WOS:000176593900023,View Full Record in Web of Science
C,"Grover, J; Vedova, D; Jain, N; Travers, M; Choset, H",,"Bicchi, A; KressGazit, H; Hutchinson, S",,"Grover, Jaskaran; Vedova, Daniel; Jain, Nalini; Travers, Matthew; Choset, Howie",,,"Motion Planning, Design Optimization and Fabrication of Ferromagnetic Swimmers",ROBOTICS: SCIENCE AND SYSTEMS XV,,,,,15th Conference on Robotics - Science and Systems,"JUN 22-26, 2019","Univ Freiburg, Freiburg im Breisgau, GERMANY",,Univ Freiburg,,,,,,,,"Grover, Jaskaran/KLE-4024-2024",,,,,,,,,,,,,,,,978-0-9923747-5-4,,,,2019,,,,,,,,,,,,,,,,,,,,,,,,WOS:000570976800078,View Full Record in Web of Science
C,"Saulnier, K; Atanasov, N; Pappas, GJ; Kumar, V",,,IEEE,"Saulnier, Kelsey; Atanasov, Nikolay; Pappas, George J.; Kumar, Vijay",,,Information Theoretic Active Exploration in Signed Distance Fields,2020 IEEE INTERNATIONAL CONFERENCE ON ROBOTICS AND AUTOMATION (ICRA),IEEE International Conference on Robotics and Automation ICRA,,,,IEEE International Conference on Robotics and Automation (ICRA),"MAY 31-JUN 15, 2020",ELECTR NETWORK,IEEE,,,,,,,,,"Kumar, Vinod/HOF-0388-2023; Pappas, George/J-5774-2016","Kumar, Vijay/0000-0002-3902-9391; Pappas, George/0000-0001-9081-0637",,,,,,,,,,,,,1050-4729,2577-087X,978-1-7281-7395-5,,,,2020,,,,,,,4080,4085,,10.1109/icra40945.2020.9196882,http://dx.doi.org/10.1109/icra40945.2020.9196882,,,,,,,,,,,,,WOS:000712319502120,View Full Record in Web of Science
J,"Koert, D; Pajarinen, J; Schotschneider, A; Trick, S; Rothkopf, C; Peters, J",,,,"Koert, Dorothea; Pajarinen, Joni; Schotschneider, Albert; Trick, Susanne; Rothkopf, Constantin; Peters, Jan",,,Learning Intention Aware Online Adaptation of Movement Primitives,IEEE ROBOTICS AND AUTOMATION LETTERS,,,,,,,,,,,,,,,,,"Pajarinen, Joni/V-3965-2019; Pajarinen, Joni/C-4189-2014; Peters, Jan/D-5068-2009","Schotschneider, Albert/0000-0002-6376-1793; Rothkopf, Constantin A./0000-0002-5636-0801; Koert, Dorothea/0000-0002-3571-6848; Pajarinen, Joni/0000-0003-4469-8191; Peters, Jan/0000-0002-5266-8091",,,,,,,,,,,,,2377-3766,,,,,OCT,2019,4,4,,,,,3719,3726,,10.1109/LRA.2019.2928760,http://dx.doi.org/10.1109/LRA.2019.2928760,,,,,,,,,,,,,WOS:000477983400040,View Full Record in Web of Science
J,"Agudo, A; Moreno-Noguer, F",,,,"Agudo, Antonio; Moreno-Noguer, Francesc",,,Robust Spatio-Temporal Clustering and Reconstruction of Multiple Deformable Bodies,IEEE TRANSACTIONS ON PATTERN ANALYSIS AND MACHINE INTELLIGENCE,,,,,,,,,,,,,,,,,"Agudo, Antonio/C-5147-2017","Agudo, Antonio/0000-0001-6845-4998",,,,,,,,,,,,,0162-8828,1939-3539,,,,APR,2019,41,4,,,,,971,984,,10.1109/TPAMI.2018.2823717,http://dx.doi.org/10.1109/TPAMI.2018.2823717,,,,,,,,29993925,,,,,WOS:000460583500014,View Full Record in Web of Science
C,"Soltoggio, A; Lemme, A; Steil, JJ",,,IEEE,"Soltoggio, Andrea; Lemme, Andre; Steil, Jochen J.",,,Using movement primitives in interpreting and decomposing complex trajectories in learning-by-doing,2012 IEEE INTERNATIONAL CONFERENCE ON ROBOTICS AND BIOMIMETICS (ROBIO 2012),,,,,IEEE International Conference on Robotics and Biomimetics (ROBIO),"DEC 11-14, 2012","Guangzhou, PEOPLES R CHINA","IEEE,IEEE Robot & Automat Soc,S China Univ Technol (SCUT),Natl Nat Sci Fdn China,HIT, State Key Lab Robot & Syst,IEEE Syst, Man, & Cybernet Soc,Robot Soc Japan,Japan Soc Mech Engineers,Guangdong Mech Engn Soc (GDMES)",,,,,,,,,"Soltoggio, Andrea/B-8690-2018",,,,,,,,,,,,,,,,978-1-4673-2127-3; 978-1-4673-2125-9,,,,2012,,,,,,,,,,,,,,,,,,,,,,,,WOS:000321004000243,View Full Record in Web of Science
C,"Colomé, A; Torras, C",,"Cortes, A; Grimaldo, F; Flaminio, T",,"Colome, Adria; Torras, Carme",,,Mutual Information Weighing for Probabilistic Movement Primitives,ARTIFICIAL INTELLIGENCE RESEARCH AND DEVELOPMENT,Frontiers in Artificial Intelligence and Applications,,,,24th International Conference of the Catalan-Association-for-Artificial-Intelligence (CCIA),"OCT 19-21, 2022","Stiges, SPAIN","Catalan Assoc Artificial Intelligence,Assoc Catalana Intel ligencia Artificial,Inst Investigacio Intel ligencia Artificial,Barcelona Supercomputing Ctr,Univ Valencia",,,,,,,,,"Torras, Carme/M-1794-2014","Torras, Carme/0000-0002-2933-398X",,,,,,,,,,,,,0922-6389,1879-8314,978-1-64368-326-3; 978-1-64368-327-0,,,,2022,356,,,,,,365,368,,10.3233/FAIA220359,http://dx.doi.org/10.3233/FAIA220359,,,,,,,,,,,,,WOS:001176468400050,View Full Record in Web of Science
C,"Cloud, J; Theofanidis, M; Brady, J; Makedon, F",,,ACM,"Cloud, Joe; Theofanidis, Michail; Brady, James; Makedon, Fillia",,,Importance of Effective Teaching in Robot Motor Skill Learning,12TH ACM INTERNATIONAL CONFERENCE ON PERVASIVE TECHNOLOGIES RELATED TO ASSISTIVE ENVIRONMENTS (PETRA 2019),,,,,12th ACM International Conference on PErvasive Technologies Related to Assistive Environments (PETRA),"JUN 05-07, 2019","Rhodes, GREECE",ACM,,,,,,,,,,"Theofanidis, Michail/0009-0002-0669-216X",,,,,,,,,,,,,,,978-1-4503-6232-0,,,,2019,,,,,,,489,492,,10.1145/3316782.3322775,http://dx.doi.org/10.1145/3316782.3322775,,,,,,,,,,,,,WOS:000693992500079,View Full Record in Web of Science
C,"Yue, X; Zhu, AB; Ma, PF; An, DL; Dang, DY; Zhang, YL",,,IEEE,"Yue, Xian; Zhu, Aibin; Ma, Peifeng; An, Delin; Dang, Diyang; Zhang, Yulin",,,Research on Lower Limb Rehabilitation Exoskeleton Control based on Improved Dynamic Motion Primitives,2022 INTERNATIONAL CONFERENCE ON ADVANCED ROBOTICS AND MECHATRONICS (ICARM 2022),,,,,7th IEEE International Conference on Advanced Robotics and Mechatronics,"JUL 09-11, 2022","Guilin, PEOPLES R CHINA","Guangxi Univ,Foshan Univ,So Univ Sci & Technol,IEEE Robot & Automat Soc,IEEE Syst Man & Cybernet Soc,IEEE RAS Tech Comm Neuro Robot Syst,IEEE SMC Tech Comm Bio Mechatron & Bio Robot Syst,Chinese Assoc Automat, Tech Comm Robot Intelligence,Beijing Inst Technol Press,MDPI, Machines,Springer,MDPI, Actuators,Gaitech Robot,Beijing Nokov Sci & Technol Co Ltd",,,,,,,,,,,,,,,,,,,,,,,,,978-1-6654-8306-3,,,,2022,,,,,,,443,448,,10.1109/ICARM54641.2022.9959156,http://dx.doi.org/10.1109/ICARM54641.2022.9959156,,,,,,,,,,,,,WOS:000926398000072,View Full Record in Web of Science
C,"Maray, N; Vemula, A; Likhachev, M",,,IEEE,"Maray, Nader; Vemula, Anirudh; Likhachev, Maxim",,,Improved Soft Duplicate Detection in Search-Based Motion Planning,2022 IEEE INTERNATIONAL CONFERENCE ON ROBOTICS AND AUTOMATION (ICRA 2022),,,,,IEEE International Conference on Robotics and Automation (ICRA),"MAY 23-27, 2022","Philadelphia, PA","IEEE,IEEE Robot & Automat Soc",,,,,,,,,,,,,,,,,,,,,,,,,978-1-7281-9681-7,,,,2022,,,,,,,5792,5798,,10.1109/ICRA46639.2022.9812206,http://dx.doi.org/10.1109/ICRA46639.2022.9812206,,,,,,,,,,,,,WOS:000941265703071,View Full Record in Web of Science
J,"Dordevic, GS; Rasic, M; Kostic, D; Potkonjak, V",,,,"Dordevic, GS; Rasic, M; Kostic, D; Potkonjak, V",,,Representation of robot motion control skill,IEEE TRANSACTIONS ON SYSTEMS MAN AND CYBERNETICS PART C-APPLICATIONS AND REVIEWS,,,,,,,,,,,,,,,,,,,,,,,,,,,,,,,1094-6977,1558-2442,,,,MAY,2000,30,2,,,,,219,238,,10.1109/5326.868444,http://dx.doi.org/10.1109/5326.868444,,,,,,,,,,,,,WOS:000089419100009,View Full Record in Web of Science
J,"Xie, G; Holladay, R; Chin, L; Rus, D",,,,"Xie, Gregory; Holladay, Rachel; Chin, Lillian; Rus, Daniela",,,In-Hand Manipulation With a Simple Belted Parallel-Jaw Gripper,IEEE ROBOTICS AND AUTOMATION LETTERS,,,,,,,,,,,,,,,,,,"Chin, Lillian/0000-0003-4083-5275; Holladay, Rachel/0000-0002-1947-4180; Rus, Daniela/0000-0001-5473-3566",,,,,,,,,,,,,2377-3766,,,,,FEB,2024,9,2,,,,,1334,1341,,10.1109/LRA.2023.3346750,http://dx.doi.org/10.1109/LRA.2023.3346750,,,,,,,,,,,,,WOS:001134444200006,View Full Record in Web of Science
C,"Schlechter, A; Henrich, D",,,VDI; VDI,"Schlechter, A; Henrich, D",,,Manipulating deformoble linear objects: Programming using different manipulation skills,ROBOTIK 2002,VDI BERICHTE,,,,Robotik 2002 Conference,"JUN 19-20, 2002","LUDWIGSBURG, GERMANY",VDI Gesell,,,,,,,,,,,,,,,,,,,,,,,0083-5560,,3-18-091679-6,,,,2002,1679,,,,,,47,52,,,,,,,,,,,,,,,,WOS:000180710200008,View Full Record in Web of Science
