"Authors","Author full names","Author(s) ID","Title","Year","Source title","Volume","Issue","Art. No.","Page start","Page end","Page count","Cited by","DOI","Link","Document Type","Publication Stage","Open Access","Source","EID"
"Abicht J.; Hellmich A.; Wiese T.; Harst S.; Ihlenfeldt S.","Abicht, J. (57211392821); Hellmich, A. (55203996200); Wiese, T. (57211333973); Harst, S. (55813042400); Ihlenfeldt, S. (6506721503)","57211392821; 55203996200; 57211333973; 55813042400; 6506721503","New automation solution for brownfield production – Cognitive robots for the emulation of operator capabilities","2024","CIRP Journal of Manufacturing Science and Technology","50","","","104","112","8","1","10.1016/j.cirpj.2024.02.007","https://www.scopus.com/inward/record.uri?eid=2-s2.0-85186577360&doi=10.1016%2fj.cirpj.2024.02.007&partnerID=40&md5=50df63c6a344710efb31cd912d8c60ef","Article","Final","All Open Access; Hybrid Gold Open Access","Scopus","2-s2.0-85186577360"
"Chen Z.; Fan K.","Chen, Ziyang (57771413600); Fan, Ke (57639247000)","57771413600; 57639247000","An online trajectory guidance framework via imitation learning and interactive feedback in robot-assisted surgery","2025","Neural Networks","185","","107197","","","","0","10.1016/j.neunet.2025.107197","https://www.scopus.com/inward/record.uri?eid=2-s2.0-85216927744&doi=10.1016%2fj.neunet.2025.107197&partnerID=40&md5=3d9bbd1000ecb023165b66969c435eee","Article","Final","","Scopus","2-s2.0-85216927744"
"Ding G.; Zang X.; Zhang X.; Li C.; Zhu Y.; Zhao J.","Ding, Guanwen (57217632734); Zang, Xizhe (13611954300); Zhang, Xuehe (57214758011); Li, Changle (58511792200); Zhu, Yanhe (9240483200); Zhao, Jie (57203289935)","57217632734; 13611954300; 57214758011; 58511792200; 9240483200; 57203289935","Robot Task-Constrained Optimization and Adaptation with Probabilistic Movement Primitives","2024","Biomimetics","9","12","738","","","","0","10.3390/biomimetics9120738","https://www.scopus.com/inward/record.uri?eid=2-s2.0-85213298185&doi=10.3390%2fbiomimetics9120738&partnerID=40&md5=1fbf03f8b0c02e92bd033f72ba042066","Article","Final","All Open Access; Gold Open Access","Scopus","2-s2.0-85213298185"
"","","","Scanning the Issue","2024","Proceedings of the IEEE","112","4","","302","304","2","0","10.1109/JPROC.2024.3406128","https://www.scopus.com/inward/record.uri?eid=2-s2.0-85196795368&doi=10.1109%2fJPROC.2024.3406128&partnerID=40&md5=96b31f19f58d052cf71676638af5350d","Article","Final","","Scopus","2-s2.0-85196795368"
"Guo Q.; Liu X.; Hui J.; Liu Z.; Huang P.","Guo, Qi (59590022300); Liu, Xing (56278821100); Hui, Jianjiang (52463659700); Liu, Zhengxiong (24450548800); Huang, Panfeng (8608333800)","59590022300; 56278821100; 52463659700; 24450548800; 8608333800","Utilizing Large Language Models for Robot Skill Reward Shaping in Reinforcement Learning","2025","Lecture Notes in Computer Science (including subseries Lecture Notes in Artificial Intelligence and Lecture Notes in Bioinformatics) ","15208 LNAI","","","3","17","14","0","10.1007/978-981-96-0783-9_1","https://www.scopus.com/inward/record.uri?eid=2-s2.0-85218453102&doi=10.1007%2f978-981-96-0783-9_1&partnerID=40&md5=f08e319361d15713968b594220be0cd3","Conference paper","Final","","Scopus","2-s2.0-85218453102"
"Yin Y.; Zheng P.; Li C.; Wan K.","Yin, Yue (57700194200); Zheng, Pai (56352424300); Li, Chengxi (57226701156); Wan, Ke (59047567100)","57700194200; 56352424300; 57226701156; 59047567100","Enhancing human-guided robotic assembly: AR-assisted DT for skill-based and low-code programming","2024","Journal of Manufacturing Systems","74","","","676","689","13","4","10.1016/j.jmsy.2024.04.016","https://www.scopus.com/inward/record.uri?eid=2-s2.0-85192255867&doi=10.1016%2fj.jmsy.2024.04.016&partnerID=40&md5=9c671d6bce22dce85e39ec990a418cc6","Article","Final","","Scopus","2-s2.0-85192255867"
"Lin C.; Fan J.; Wang Y.; Yang Z.; Chen Z.; Fang L.; Wang T.-H.; Zhou X.; Gan C.","Lin, Chunru (58779551200); Fan, Jugang (59632320600); Wang, Yian (57226199816); Yang, Zeyuan (59473397900); Chen, Zhehuan (57384534200); Fang, Lixing (59472544000); Wang, Tsun-Hsuan (57353547300); Zhou, Xian (57216703907); Gan, Chuang (57141834200)","58779551200; 59632320600; 57226199816; 59473397900; 57384534200; 59472544000; 57353547300; 57216703907; 57141834200","UBSOFT: A Simulation Platform for Robotic Skill Learning in Unbounded Soft Environments","2024","Proceedings of Machine Learning Research","270","","","4879","4894","15","0","","https://www.scopus.com/inward/record.uri?eid=2-s2.0-86000755341&partnerID=40&md5=a21c973f872ab3288ea90c2536425f46","Conference paper","Final","","Scopus","2-s2.0-86000755341"
"Hu S.; Li M.; Xu J.; Zhang H.; Zhang S.; Cui T.J.; del Hougne P.; Li L.","Hu, Shengguo (57812721800); Li, Mingyi (58804452100); Xu, Jiawen (58803993400); Zhang, Hongrui (57407855800); Zhang, Shanghang (57054535400); Cui, Tie Jun (58157893000); del Hougne, Philipp (56736952900); Li, Lianlin (8630029100)","57812721800; 58804452100; 58803993400; 57407855800; 57054535400; 58157893000; 56736952900; 8630029100","Electromagnetic metamaterial agent","2025","Light: Science and Applications","14","1","12","","","","0","10.1038/s41377-024-01678-w","https://www.scopus.com/inward/record.uri?eid=2-s2.0-85213810861&doi=10.1038%2fs41377-024-01678-w&partnerID=40&md5=9544155966ec6ae55323c204c36a3dec","Article","Final","","Scopus","2-s2.0-85213810861"
"Ning Y.; Li T.; Yao C.; Du W.; Zhang Y.; Huang Y.","Ning, Yuming (57215820895); Li, Tuanjie (55728909500); Yao, Cong (57897770900); Du, Wenqian (57214242204); Zhang, Yan (58873093500); Huang, Yonghua (58684778500)","57215820895; 55728909500; 57897770900; 57214242204; 58873093500; 58684778500","MT-RSL: A multitasking-oriented robot skill learning framework based on continuous dynamic movement primitives for improving efficiency and quality in robot-based intelligent operation","2024","Robotics and Computer-Integrated Manufacturing","90","","102817","","","","1","10.1016/j.rcim.2024.102817","https://www.scopus.com/inward/record.uri?eid=2-s2.0-85198010138&doi=10.1016%2fj.rcim.2024.102817&partnerID=40&md5=0ae704a287166bcaa7d573180fb0dc66","Article","Final","","Scopus","2-s2.0-85198010138"
"Zhang X.; Wang Y.; Li C.; Fahmy A.; Sienz J.","Zhang, Xuanming (58666529600); Wang, Ye (57264493300); Li, Chunxu (57191520275); Fahmy, Ashraf (56180466300); Sienz, Johann (6603625906)","58666529600; 57264493300; 57191520275; 56180466300; 6603625906","Innovative multi-dimensional learning algorithm and experiment design for human-robot cooperation","2024","Applied Mathematical Modelling","127","","","730","751","21","1","10.1016/j.apm.2024.01.001","https://www.scopus.com/inward/record.uri?eid=2-s2.0-85182521351&doi=10.1016%2fj.apm.2024.01.001&partnerID=40&md5=6e616b40e1f273e0803e00a1e2b2ca88","Article","Final","","Scopus","2-s2.0-85182521351"
"Colan J.; Sugita K.; Davila A.; Yamada Y.; Hasegawa Y.","Colan, Jacinto (57218291095); Sugita, Keisuke (59359160700); Davila, Ana (57210714895); Yamada, Yutaro (57437733300); Hasegawa, Yasuhisa (7403042933)","57218291095; 59359160700; 57210714895; 57437733300; 7403042933","Embedded Image-to-Image Translation for Efficient Sim-to-Real Transfer in Learning-based Robot-Assisted Soft Manipulation","2024","2024 International Symposium on Micro-NanoMehatronics and Human Science, MHS 2024","","","","","","","0","10.1109/MHS63891.2024.10856291","https://www.scopus.com/inward/record.uri?eid=2-s2.0-85218357259&doi=10.1109%2fMHS63891.2024.10856291&partnerID=40&md5=1d931695ff9d0befff79bdcbddbeaf5e","Conference paper","Final","All Open Access; Green Open Access","Scopus","2-s2.0-85218357259"
"Pang J.; Zhu X.","Pang, Jiahua (59664546600); Zhu, Xiaoqing (55696615900)","59664546600; 55696615900","Design and simulation of humanoid dexterous hand based on worm gear","2024","2024 International Conference on Intelligent Robotics and Automatic Control, IRAC 2024","","","","31","36","5","0","10.1109/IRAC63143.2024.10871583","https://www.scopus.com/inward/record.uri?eid=2-s2.0-85219570464&doi=10.1109%2fIRAC63143.2024.10871583&partnerID=40&md5=5eb6e7860509ac079b872e8f8c530855","Conference paper","Final","","Scopus","2-s2.0-85219570464"
"Ha H.; Gao Y.; Fu Z.; Tan J.; Song S.","Ha, Huy (57220950834); Gao, Yihuai (58959652900); Fu, Zipeng (57208401989); Tan, Jie (42262817800); Song, Shuran (59351225400)","57220950834; 58959652900; 57208401989; 42262817800; 59351225400","UMI on Legs: Making Manipulation Policies Mobile with Manipulation-Centric Whole-body Controllers","2024","Proceedings of Machine Learning Research","270","","","5254","5270","16","0","","https://www.scopus.com/inward/record.uri?eid=2-s2.0-86000790981&partnerID=40&md5=9861b5ab44d336c95b45f6c899572e3b","Conference paper","Final","","Scopus","2-s2.0-86000790981"
"Liu J.; Li Z.; Yu M.; Dong Z.; Calinon S.; Caldwell D.; Chen F.","Liu, Junjia (57219508398); Li, Zhuo (59562512100); Yu, Minghao (59379627500); Dong, Zhipeng (57188977148); Calinon, Sylvain (6507248533); Caldwell, Darwin (7202685497); Chen, Fei (56119292600)","57219508398; 59562512100; 59379627500; 57188977148; 6507248533; 7202685497; 56119292600","Human-Humanoid Robots' Cross-Embodiment Behavior-Skill Transfer Using Decomposed Adversarial Learning From Demonstration: HOTU, a Human-Humanoid Robots' Skill Transfer Framework","2025","IEEE Robotics and Automation Magazine","","","","","","","0","10.1109/MRA.2025.3527283","https://www.scopus.com/inward/record.uri?eid=2-s2.0-85219716667&doi=10.1109%2fMRA.2025.3527283&partnerID=40&md5=a7133edc02b2e799328a0f0d686366ac","Article","Article in press","","Scopus","2-s2.0-85219716667"
"Zhai X.; Jiang L.; Wu H.; Zheng H.; Liu D.; Wu X.; Xu Z.; Zhou X.","Zhai, Xueqian (58089446200); Jiang, Li (34770599200); Wu, Hongmin (56650300300); Zheng, Haochen (58637304800); Liu, Dong (59281176300); Wu, Xinyu (7407065301); Xu, Zhihao (57214001897); Zhou, Xuefeng (55743312800)","58089446200; 34770599200; 56650300300; 58637304800; 59281176300; 7407065301; 57214001897; 55743312800","Learning Target-Directed Skill and Variable Impedance Control From Interactive Demonstrations for Robot-Assisted Soft Tissue Puncture Tasks","2025","IEEE Transactions on Automation Science and Engineering","22","","","5238","5250","12","0","10.1109/TASE.2024.3418018","https://www.scopus.com/inward/record.uri?eid=2-s2.0-85197639115&doi=10.1109%2fTASE.2024.3418018&partnerID=40&md5=d9c45c99634f2c27ac976dad59438d2e","Article","Final","","Scopus","2-s2.0-85197639115"
"Ruppel P.; Zhang J.","Ruppel, Philipp (57205408108); Zhang, Jianwei (56039580400)","57205408108; 56039580400","Elastic Tactile Sensor Glove for Dexterous Teaching by Demonstration","2024","Sensors","24","6","1912","","","","0","10.3390/s24061912","https://www.scopus.com/inward/record.uri?eid=2-s2.0-85189014810&doi=10.3390%2fs24061912&partnerID=40&md5=f16b7869c0471127ffe2a611e4a7025c","Article","Final","All Open Access; Gold Open Access","Scopus","2-s2.0-85189014810"
"Xu M.; Xu Z.; Xu Y.; Chi C.; Wetzstein G.; Veloso M.; Song S.","Xu, Mengda (57219493054); Xu, Zhenjia (57221326530); Xu, Yinghao (57219692967); Chi, Cheng (57215560532); Wetzstein, Gordon (24462821700); Veloso, Manuela (7006520632); Song, Shuran (59351225400)","57219493054; 57221326530; 57219692967; 57215560532; 24462821700; 7006520632; 59351225400","Flow as the Cross-Domain Manipulation Interface","2024","Proceedings of Machine Learning Research","270","","","2475","2499","24","0","","https://www.scopus.com/inward/record.uri?eid=2-s2.0-86000741849&partnerID=40&md5=c04be2af1ec419f3ca65b314ef6e138a","Conference paper","Final","","Scopus","2-s2.0-86000741849"
"Duan J.; Yuan W.; Pumacay W.; Wang Y.R.; Ehsani K.; Fox D.; Krishna R.","Duan, Jiafei (57221152560); Yuan, Wentao (59437093100); Pumacay, Wilbert (58902873700); Wang, Yi Ru (59238907200); Ehsani, Kiana (57207777076); Fox, Dieter (7402074129); Krishna, Ranjay (57141831300)","57221152560; 59437093100; 58902873700; 59238907200; 57207777076; 7402074129; 57141831300","Manipulate-Anything: Automating Real-World Robots using Vision-Language Models","2024","Proceedings of Machine Learning Research","270","","","5326","5350","24","0","","https://www.scopus.com/inward/record.uri?eid=2-s2.0-86000786477&partnerID=40&md5=7386ff1690f7bd1c16db7f4035a562a6","Conference paper","Final","","Scopus","2-s2.0-86000786477"
"Khan M.I.; Yasmeen T.; Khan M.; Hadi N.U.; Asif M.; Farooq M.; Al-Ghamdi S.G.","Khan, M. Imran (57967740900); Yasmeen, Tabassam (57188548499); Khan, Mushtaq (57730210000); Hadi, Noor Ul (57202368934); Asif, Muhammad (55391027600); Farooq, Muhammad (57215544386); Al-Ghamdi, Sami G. (56439247500)","57967740900; 57188548499; 57730210000; 57202368934; 55391027600; 57215544386; 56439247500","Integrating industry 4.0 for enhanced sustainability: Pathways and prospects","2025","Sustainable Production and Consumption","54","","","149","189","40","0","10.1016/j.spc.2024.12.012","https://www.scopus.com/inward/record.uri?eid=2-s2.0-85214923351&doi=10.1016%2fj.spc.2024.12.012&partnerID=40&md5=aa5ebac91edc3b0f36a4d8abce59cf83","Review","Final","","Scopus","2-s2.0-85214923351"
"Tian Y.; Yu J.; Gu J.","Tian, Ying (57217830023); Yu, Jiamin (59223892100); Gu, Jieying (57204466544)","57217830023; 59223892100; 57204466544","Overview of Digital Twins in Mining Equipment","2024","Advances in Transdisciplinary Engineering","53","","","209","217","8","0","10.3233/ATDE240242","https://www.scopus.com/inward/record.uri?eid=2-s2.0-85198903811&doi=10.3233%2fATDE240242&partnerID=40&md5=0bc8594030e28d1f6da2c0ff0a5e6807","Conference paper","Final","All Open Access; Gold Open Access","Scopus","2-s2.0-85198903811"
"Nakamoto M.; Mees O.; Kumar A.; Levine S.","Nakamoto, Mitsuhiko (59429097500); Mees, Oier (57192430420); Kumar, Aviral (58221014600); Levine, Sergey (35731728100)","59429097500; 57192430420; 58221014600; 35731728100","Steering Your Generalists: Improving Robotic Foundation Models via Value Guidance","2024","Proceedings of Machine Learning Research","270","","","4996","5013","17","0","","https://www.scopus.com/inward/record.uri?eid=2-s2.0-86000764869&partnerID=40&md5=d773383f907424a7bc428d5430a56f4a","Conference paper","Final","","Scopus","2-s2.0-86000764869"
"Fu C.; Li L.; Gao Y.; Wan W.; Harada K.; Lu Z.; Yang C.","Fu, Chenfeng (59557828200); Li, Longnan (57425185700); Gao, Yuan (57927978400); Wan, Weiwei (56238867200); Harada, Kensuke (35446109900); Lu, Zhenyu (56411276300); Yang, Chenguang (55671767000)","59557828200; 57425185700; 57927978400; 56238867200; 35446109900; 56411276300; 55671767000","Image-Based Tactile Deformation Simulation and Pose Estimation for Robot Skill Learning","2025","Applied Sciences (Switzerland)","15","3","1099","","","","0","10.3390/app15031099","https://www.scopus.com/inward/record.uri?eid=2-s2.0-85217799306&doi=10.3390%2fapp15031099&partnerID=40&md5=453e6b759cecadedd2eeca15d600aec8","Article","Final","","Scopus","2-s2.0-85217799306"
"Zhang H.; Cheng L.; Zhang Y.; Wang Y.","Zhang, Haoyu (58127671100); Cheng, Long (7403337296); Zhang, Yu (57406979300); Wang, Yifan (57224990470)","58127671100; 7403337296; 57406979300; 57224990470","Neural Liénard system: learning periodic manipulation skills through dynamical systems","2024","Science China Information Sciences","67","12","222207","","","","0","10.1007/s11432-023-4219-8","https://www.scopus.com/inward/record.uri?eid=2-s2.0-85211452724&doi=10.1007%2fs11432-023-4219-8&partnerID=40&md5=94e44c9cf3eaa296c5e66c51c6b61f98","Article","Final","","Scopus","2-s2.0-85211452724"
"Cao Z.; He Y.","Cao, Zhijun (59681482400); He, Yan (57195280667)","59681482400; 57195280667","Imitation Learning Based Manipulator Skill Training for Home Environment","2024","Proceedings - 2024 China Automation Congress, CAC 2024","","","","6110","6115","5","0","10.1109/CAC63892.2024.10865776","https://www.scopus.com/inward/record.uri?eid=2-s2.0-86000789077&doi=10.1109%2fCAC63892.2024.10865776&partnerID=40&md5=609a3a89e797437f771357cb16e105e6","Conference paper","Final","","Scopus","2-s2.0-86000789077"
"Huang B.; Wang Y.; Yang X.; Luo Y.; Li Y.","Huang, Binghao (57816431100); Wang, Yixuan (58498035100); Yang, Xinyi (59451634100); Luo, Yiyue (59682238100); Li, Yunzhu (57207043064)","57816431100; 58498035100; 59451634100; 59682238100; 57207043064","3D-ViTac: Learning Fine-Grained Manipulation with Visuo-Tactile Sensing","2024","Proceedings of Machine Learning Research","270","","","2557","2578","21","0","","https://www.scopus.com/inward/record.uri?eid=2-s2.0-86000790695&partnerID=40&md5=2b0ed0ea379c996ba5581ccae957b765","Conference paper","Final","","Scopus","2-s2.0-86000790695"
"Haque A.K.M.N.; Sukkar F.; Tanz L.; Carmichael M.G.; Vidal-Calleja T.","Haque, A. K. M. Nadimul (58711825800); Sukkar, Fouad (57200695137); Tanz, Lukas (57224485195); Carmichael, Marc G. (36801255200); Vidal-Calleja, Teresa (6507021929)","58711825800; 57200695137; 57224485195; 36801255200; 6507021929","Constrained Bootstrapped Learning for Few-Shot Robot Skill Adaptation","2024","IEEE International Conference on Intelligent Robots and Systems","","","","5189","5194","5","0","10.1109/IROS58592.2024.10802705","https://www.scopus.com/inward/record.uri?eid=2-s2.0-85216505776&doi=10.1109%2fIROS58592.2024.10802705&partnerID=40&md5=c07655dc98de65ba310fff7e9fedb242","Conference paper","Final","","Scopus","2-s2.0-85216505776"
"Repiso E.; Garrell A.; Sanfeliu A.","Repiso, Ely (57028516500); Garrell, Anaís (35589794700); Sanfeliu, Alberto (7003840083)","57028516500; 35589794700; 7003840083","Adaptive Social Planner to Accompany People in Real-Life Dynamic Environments","2024","International Journal of Social Robotics","16","6","","1189","1221","32","3","10.1007/s12369-022-00937-3","https://www.scopus.com/inward/record.uri?eid=2-s2.0-85143265904&doi=10.1007%2fs12369-022-00937-3&partnerID=40&md5=c4ddbe71fdb48a75d2f52cf27639c42b","Article","Final","","Scopus","2-s2.0-85143265904"
"Asif S.; Bueno M.; Ferreira P.; Anandan P.; Zhang Z.; Yao Y.; Ragunathan G.; Tinkler L.; Sotoodeh-Bahraini M.; Lohse N.; Webb P.; Hutabarat W.; Tiwari A.","Asif, Seemal (56541158200); Bueno, Mikel (59315053000); Ferreira, Pedro (7202018234); Anandan, Paul (57192644920); Zhang, Ze (57223596210); Yao, Yue (59314655200); Ragunathan, Gautham (59314260900); Tinkler, Lloyd (55556401500); Sotoodeh-Bahraini, Masoud (59314854500); Lohse, Niels (6603252771); Webb, Phil (7202522411); Hutabarat, Windo (24338525900); Tiwari, Ashutosh (57203775028)","56541158200; 59315053000; 7202018234; 57192644920; 57223596210; 59314655200; 59314260900; 55556401500; 59314854500; 6603252771; 7202522411; 24338525900; 57203775028","Rapid and automated configuration of robot manufacturing cells","2025","Robotics and Computer-Integrated Manufacturing","92","","102862","","","","0","10.1016/j.rcim.2024.102862","https://www.scopus.com/inward/record.uri?eid=2-s2.0-85203192901&doi=10.1016%2fj.rcim.2024.102862&partnerID=40&md5=713765d1bd8a979c470beb008bd52a01","Article","Final","All Open Access; Hybrid Gold Open Access","Scopus","2-s2.0-85203192901"
"Chen H.; Abuduweili A.; Agrawal A.; Han Y.; Ravichandar H.; Liu C.; Ichnowski J.","Chen, Hongyi (59230642900); Abuduweili, Abulikemu (57202643425); Agrawal, Aviral (59090492300); Han, Yunhai (57223099173); Ravichandar, Harish (56741287200); Liu, Changliu (56642121000); Ichnowski, Jeffrey (6505971468)","59230642900; 57202643425; 59090492300; 57223099173; 56741287200; 56642121000; 6505971468","KOROL: Learning Visualizable Object Feature with Koopman Operator Rollout for Manipulation","2024","Proceedings of Machine Learning Research","270","","","4509","4524","15","0","","https://www.scopus.com/inward/record.uri?eid=2-s2.0-86000737615&partnerID=40&md5=f98ecf1c104bab97b09ff820b10bb5e4","Conference paper","Final","","Scopus","2-s2.0-86000737615"
"Lee H.; Staven V.M.; Sloth C.","Lee, Haegu (59563181000); Staven, Victor Melbye (59563418100); Sloth, Christoffer (35339778500)","59563181000; 59563418100; 35339778500","Sim-to-Real Transfer for Cable Manipulation with Tactile Sensing and Homotopy-Constrained Path Planning","2024","2024 12th International Conference on Control, Mechatronics and Automation, ICCMA 2024","","","","382","387","5","0","10.1109/ICCMA63715.2024.10843928","https://www.scopus.com/inward/record.uri?eid=2-s2.0-85218197085&doi=10.1109%2fICCMA63715.2024.10843928&partnerID=40&md5=2bf6f8769e358759310d4dc21eb05ada","Conference paper","Final","","Scopus","2-s2.0-85218197085"
"Huang Y.; Li T.; Ning Y.; Zhang Y.","Huang, Yonghua (58684778500); Li, Tuanjie (55728909500); Ning, Yuming (57215820895); Zhang, Yan (58873093500)","58684778500; 55728909500; 57215820895; 58873093500","A robot motion skills method with explicit environmental constraints","2024","Industrial Robot","51","3","","387","399","12","1","10.1108/IR-08-2023-0180","https://www.scopus.com/inward/record.uri?eid=2-s2.0-85186179732&doi=10.1108%2fIR-08-2023-0180&partnerID=40&md5=878999d9da725e84142a74472c992c70","Article","Final","","Scopus","2-s2.0-85186179732"
"Deng X.; Jiang J.; Cheng W.; Yang C.; Li M.","Deng, Xutian (57237822400); Jiang, Junnan (57778103800); Cheng, Wen (57788922900); Yang, Chenguang (55671767000); Li, Miao (36550432800)","57237822400; 57778103800; 57788922900; 55671767000; 36550432800","Learning Freehand Ultrasound Through Multimodal Representation and Skill Adaptation","2025","IEEE Transactions on Automation Science and Engineering","22","","","5117","5130","13","0","10.1109/TASE.2024.3416827","https://www.scopus.com/inward/record.uri?eid=2-s2.0-85197611472&doi=10.1109%2fTASE.2024.3416827&partnerID=40&md5=53f26fbb5d40dd32ed5cefdbc882ff47","Article","Final","","Scopus","2-s2.0-85197611472"
"Zhai B.; Zhang E.; Li B.; Fang X.","Zhai, Bin (57670889500); Zhang, Enzheng (35244048700); Li, Bingchen (57928259700); Fang, Xiujun (57670291800)","57670889500; 35244048700; 57928259700; 57670291800","High Precision Trajectory Learning Method Based Improved Dynamic Movement Primitives for Robot Skill Learning","2024","Journal of Mechanisms and Robotics","16","6","061001","","","","0","10.1115/1.4062985","https://www.scopus.com/inward/record.uri?eid=2-s2.0-85170643740&doi=10.1115%2f1.4062985&partnerID=40&md5=f56b166afdabc1a1005285ecf1410456","Article","Final","","Scopus","2-s2.0-85170643740"
"Shu X.; Ni F.; Fan X.; Yang S.; Liu C.; Tu B.; Liu Y.; Liu H.","Shu, Xin (57214756466); Ni, Fenglei (15061722500); Fan, Xinyang (58175521000); Yang, Shuai (56352447600); Liu, Changyuan (57964723800); Tu, Baoxu (58174588300); Liu, Yiwei (55934204700); Liu, Hong (55612773500)","57214756466; 15061722500; 58175521000; 56352447600; 57964723800; 58174588300; 55934204700; 55612773500","A versatile humanoid robot platform for dexterous manipulation and human–robot collaboration","2024","CAAI Transactions on Intelligence Technology","9","2","","526","540","14","5","10.1049/cit2.12214","https://www.scopus.com/inward/record.uri?eid=2-s2.0-85151981296&doi=10.1049%2fcit2.12214&partnerID=40&md5=fb202e6304f9fd1478b8cc1df8a63d97","Article","Final","All Open Access; Gold Open Access","Scopus","2-s2.0-85151981296"
"Li S.; Yan Z.; Wang Z.; Gao Y.","Li, Shufei (57210917473); Yan, Zhijie (58900266200); Wang, Zuoxu (57204931556); Gao, Yiping (57202848362)","57210917473; 58900266200; 57204931556; 57202848362","VLM-MSGraph: Vision Language Model-enabled Multi-hierarchical Scene Graph for robotic assembly","2025","Robotics and Computer-Integrated Manufacturing","94","","102978","","","","0","10.1016/j.rcim.2025.102978","https://www.scopus.com/inward/record.uri?eid=2-s2.0-85217773222&doi=10.1016%2fj.rcim.2025.102978&partnerID=40&md5=5a3cd5bc60cb99bd558ce974c2c30a21","Article","Final","","Scopus","2-s2.0-85217773222"
"Qian Z.; You M.; Zhou H.; Xu X.; Fu H.; Xue J.; He B.","Qian, Zhifeng (57214751856); You, Mingyu (7102487495); Zhou, Hongjun (55716761100); Xu, Xuanhui (57207580736); Fu, Hao (59151404700); Xue, Jinzhe (58817275000); He, Bin (57421744300)","57214751856; 7102487495; 55716761100; 57207580736; 59151404700; 58817275000; 57421744300","Contrast, Imitate, Adapt: Learning Robotic Skills from Raw Human Videos","2025","IEEE Transactions on Automation Science and Engineering","22","","","3993","4005","12","0","10.1109/TASE.2024.3406610","https://www.scopus.com/inward/record.uri?eid=2-s2.0-85194896941&doi=10.1109%2fTASE.2024.3406610&partnerID=40&md5=3de40cae0152e309fdafcf0ec5cc2d43","Article","Final","","Scopus","2-s2.0-85194896941"
"Maia C.; Quadros-Flores P.; Fernandes D.; Flores A.","Maia, Cristina (57223997953); Quadros-Flores, Paula (57836104700); Fernandes, Dárida (57361646600); Flores, António (59539788900)","57223997953; 57836104700; 57361646600; 59539788900","Heritage and Computational Thinking: Intersections for Meaningful Learning in Primary School","2024","New Perspectives in Science Education - International Conference","2024","13","","","","","0","","https://www.scopus.com/inward/record.uri?eid=2-s2.0-85216813549&partnerID=40&md5=e87c2ae5e3a1441ef6a364d900eb7457","Article","Final","","Scopus","2-s2.0-85216813549"
"Schneider S.; Wu Y.; Johannsmeier L.; Wu F.; Haddadin S.","Schneider, Samuel (57953109300); Wu, Yansong (57222815211); Johannsmeier, Lars (57201549476); Wu, Fan (57207815494); Haddadin, Sami (23008499000)","57953109300; 57222815211; 57201549476; 57207815494; 23008499000","A Scalable Platform for Robot Learning and Physical Skill Data Collection","2024","IEEE International Conference on Intelligent Robots and Systems","","","","5925","5932","7","0","10.1109/IROS58592.2024.10801516","https://www.scopus.com/inward/record.uri?eid=2-s2.0-85216492660&doi=10.1109%2fIROS58592.2024.10801516&partnerID=40&md5=d01ae02d8325ba0e1346cd34b2e11ada","Conference paper","Final","","Scopus","2-s2.0-85216492660"
"Heuss L.; Gebauer D.; Reinhart G.","Heuss, Lisa (57211205394); Gebauer, Daniel (58076134600); Reinhart, Gunther (7101858932)","57211205394; 58076134600; 7101858932","Concept for the automated adaption of abstract planning domains for specific application cases in skills-based industrial robotics","2024","Journal of Intelligent Manufacturing","35","8","","4233","4258","25","5","10.1007/s10845-023-02211-3","https://www.scopus.com/inward/record.uri?eid=2-s2.0-85174064207&doi=10.1007%2fs10845-023-02211-3&partnerID=40&md5=99d13e06a2e6761d5794d13f783e9702","Article","Final","All Open Access; Hybrid Gold Open Access","Scopus","2-s2.0-85174064207"
"Suarez A.; Gonzalez-Morgado A.; Ruiz M.; Lucena A.; Giordano A.M.; Ollero A.","Suarez, Alejandro (56545141400); Gonzalez-Morgado, Antonio (57218588003); Ruiz, Miguel (59539326300); Lucena, Alejandro (59540319700); Giordano, Alessandro M. (56742749500); Ollero, Anibal (7004325905)","56545141400; 57218588003; 59539326300; 59540319700; 56742749500; 7004325905","Aerial-ground testbed for simulating compliant bimanual on-orbit operations: From aerial to space robotic manipulation","2025","Robotics and Autonomous Systems","187","","104927","","","","0","10.1016/j.robot.2025.104927","https://www.scopus.com/inward/record.uri?eid=2-s2.0-85216780176&doi=10.1016%2fj.robot.2025.104927&partnerID=40&md5=1eb98e13a5be5850db9b01bbcff43812","Article","Final","","Scopus","2-s2.0-85216780176"
"Zeng T.; Mohammad A.; Madrigal A.G.; Axinte D.; Keedwell M.","Zeng, Tianyi (56383443700); Mohammad, Abdelkhalick (57057075300); Madrigal, Andres Gameros (57965656500); Axinte, Dragos (55914877300); Keedwell, Max (58561608600)","56383443700; 57057075300; 57965656500; 55914877300; 58561608600","A Robust Human-Robot Collaborative Control Approach Based on Model Predictive Control","2024","IEEE Transactions on Industrial Electronics","71","7","","7360","7369","9","5","10.1109/TIE.2023.3299046","https://www.scopus.com/inward/record.uri?eid=2-s2.0-85169681454&doi=10.1109%2fTIE.2023.3299046&partnerID=40&md5=b173a9fa1112673b9a4be28fcd06fc48","Article","Final","All Open Access; Green Open Access","Scopus","2-s2.0-85169681454"
"Lu Z.; Wang N.; Yang C.","Lu, Zhenyu (56411276300); Wang, Ning (55446268900); Yang, Chenguang (55671767000)","56411276300; 55446268900; 55671767000","A Dynamic Movement Primitives-Based Tool Use Skill Learning and Transfer Framework for Robot Manipulation","2025","IEEE Transactions on Automation Science and Engineering","22","","","1748","1763","15","1","10.1109/TASE.2024.3370139","https://www.scopus.com/inward/record.uri?eid=2-s2.0-85187383611&doi=10.1109%2fTASE.2024.3370139&partnerID=40&md5=ac1b2328f4633967f3b1bde19de9bb1b","Article","Final","","Scopus","2-s2.0-85187383611"
"Liu Z.; Fang Y.","Liu, Zezhi (58677015000); Fang, Yongchun (57218659745)","58677015000; 57218659745","A Novel DMPs Framework for Robot Skill Generalizing With Obstacle Avoidance: Taking Volume and Orientation Into Consideration","2025","IEEE/ASME Transactions on Mechatronics","","","","","","","0","10.1109/TMECH.2024.3524207","https://www.scopus.com/inward/record.uri?eid=2-s2.0-85215410577&doi=10.1109%2fTMECH.2024.3524207&partnerID=40&md5=fa6abad78a1e2cab80ae351b6c101318","Article","Article in press","","Scopus","2-s2.0-85215410577"
"Li J.; Han H.; Hu J.; Lin J.; Li P.","Li, Jiaxin (59196010400); Han, Hasiaoqier (56150125200); Hu, Jinxin (59195794700); Lin, Junwei (58139278400); Li, Peiyi (59050974800)","59196010400; 56150125200; 59195794700; 58139278400; 59050974800","Robot Learning Method for Human-like Arm Skills Based on the Hybrid Primitive Framework","2024","Sensors","24","12","3964","","","","0","10.3390/s24123964","https://www.scopus.com/inward/record.uri?eid=2-s2.0-85197168907&doi=10.3390%2fs24123964&partnerID=40&md5=63955cfe994575f54b493f00d6112871","Article","Final","All Open Access; Gold Open Access; Green Open Access","Scopus","2-s2.0-85197168907"
"Song X.; Xu P.; Xu W.; Li B.; Qin L.","Song, Xiaogang (57226699984); Xu, Peng (58323718000); Xu, Wenfu (14038527700); Li, Bing (55628528575); Qin, Lei (59417881400)","57226699984; 58323718000; 14038527700; 55628528575; 59417881400","Robot skill acquisition for precision assembly of flexible flat cable with force control","2024","Robotica","42","9","","2908","2923","15","0","10.1017/S0263574724001164","https://www.scopus.com/inward/record.uri?eid=2-s2.0-85209761973&doi=10.1017%2fS0263574724001164&partnerID=40&md5=6ef6faa985cab6837fcf83895dd27d8b","Article","Final","All Open Access; Bronze Open Access","Scopus","2-s2.0-85209761973"
"He X.; Yuan C.; Zhou W.; Yang R.; Held D.; Wang X.","He, Xialin (58033204200); Yuan, Chengjing (59395162700); Zhou, Wenxuan (57220996626); Yang, Ruihan (57220775650); Held, David (35955893400); Wang, Xiaolong (57141185000)","58033204200; 59395162700; 57220996626; 57220775650; 35955893400; 57141185000","Visual Manipulation with Legs","2024","Proceedings of Machine Learning Research","270","","","4218","4234","16","0","","https://www.scopus.com/inward/record.uri?eid=2-s2.0-86000794558&partnerID=40&md5=b2d6634c2eba4814b694cb651ed13f55","Conference paper","Final","","Scopus","2-s2.0-86000794558"
"Toner T.; Tilbury D.M.; Barton K.","Toner, Tyler (57899829200); Tilbury, Dawn M. (7003832110); Barton, Kira (16416800000)","57899829200; 7003832110; 16416800000","PRF: A Program Reuse Framework for Automated Programming by Learning from Existing Robot Programs","2024","Robotics","13","8","118","","","","0","10.3390/robotics13080118","https://www.scopus.com/inward/record.uri?eid=2-s2.0-85202601163&doi=10.3390%2frobotics13080118&partnerID=40&md5=1b0961293a22af90e74f4bfd2cec2514","Article","Final","","Scopus","2-s2.0-85202601163"
"Batra S.; Tjanaka B.; Nikolaidis S.; Sukhatme G.","Batra, Sumeet (57275398800); Tjanaka, Bryon (57225915425); Nikolaidis, Stefanos (55635433000); Sukhatme, Gaurav (7003730870)","57275398800; 57225915425; 55635433000; 7003730870","Quality Diversity for Robot Learning: Limitations and Future Directions","2024","GECCO 2024 Companion - Proceedings of the 2024 Genetic and Evolutionary Computation Conference Companion","","","","587","590","3","0","10.1145/3638530.3654431","https://www.scopus.com/inward/record.uri?eid=2-s2.0-85201964775&doi=10.1145%2f3638530.3654431&partnerID=40&md5=5303950298aeb30ca84f2795ee3d373d","Conference paper","Final","All Open Access; Green Open Access","Scopus","2-s2.0-85201964775"
"Zhu B.; Wang Y.Q.","Zhu, Binbin (57222260780); Wang, Yan Qing (56184042500)","57222260780; 56184042500","Fast-Moving and Highly Adaptable Hollow Piezoelectric Miniature Robot","2024","Advanced Intelligent Systems","6","4","2300612","","","","5","10.1002/aisy.202300612","https://www.scopus.com/inward/record.uri?eid=2-s2.0-85182462179&doi=10.1002%2faisy.202300612&partnerID=40&md5=0660217a44098275f4969b6b12ac8a6d","Article","Final","All Open Access; Gold Open Access","Scopus","2-s2.0-85182462179"
"Zhang Sprenger C.; Corrales Ramón J.A.; Baier N.U.","Zhang Sprenger, Congyu (57955291100); Corrales Ramón, Juan Antonio (35769026000); Baier, Norman Urs (59076047900)","57955291100; 35769026000; 59076047900","ORPP—An Ontology for Skill-Based Robotic Process Planning in Agile Manufacturing","2024","Electronics (Switzerland)","13","18","3666","","","","0","10.3390/electronics13183666","https://www.scopus.com/inward/record.uri?eid=2-s2.0-85205123623&doi=10.3390%2felectronics13183666&partnerID=40&md5=422070ec75f873f9b9a21a55cb321be3","Article","Final","All Open Access; Gold Open Access","Scopus","2-s2.0-85205123623"
"Kolsi M.; Ghozzi Y.","Kolsi, Mohamed (59673436100); Ghozzi, Yosr (55755241300)","59673436100; 55755241300","MOTION CONTROL AND COORDINATION PLATFORM FOR MOBILE ROBOTS","2024","Proceedings of the International CDIO Conference","","","","418","428","10","0","","https://www.scopus.com/inward/record.uri?eid=2-s2.0-86000217799&partnerID=40&md5=efe5c7386adfad227c506c5da40df249","Conference paper","Final","","Scopus","2-s2.0-86000217799"
"Sun H.; Zhang T.; Han J.; Chu H.","Sun, Hanlei (57208794462); Zhang, Tie (55729056600); Han, Jianda (55648254200); Chu, Hubo (57665117600)","57208794462; 55729056600; 55648254200; 57665117600","A fast transfer reinforcement learning model for transferring force-based human speed adjustment skills to robots for collaborative assembly posture alignment","2024","Advanced Engineering Informatics","62","","102836","","","","2","10.1016/j.aei.2024.102836","https://www.scopus.com/inward/record.uri?eid=2-s2.0-85204425429&doi=10.1016%2fj.aei.2024.102836&partnerID=40&md5=15b71ff4db0c9b2329171b41d0541a23","Article","Final","","Scopus","2-s2.0-85204425429"
"Zhang J.; Heo M.; Liu Z.; Biyik E.; Lim J.J.; Liu Y.; Fakoor R.","Zhang, Jesse (57210810241); Heo, Minho (58343043500); Liu, Zuxin (57219693588); Biyik, Erdem (57192162692); Lim, Joseph J. (35179571100); Liu, Yao (57208444281); Fakoor, Rasool (55364949400)","57210810241; 58343043500; 57219693588; 57192162692; 35179571100; 57208444281; 55364949400","EXTRACT: Efficient Policy Learning by Extracting Transferable Robot Skills from Offline Data","2024","Proceedings of Machine Learning Research","270","","","1148","1172","24","0","","https://www.scopus.com/inward/record.uri?eid=2-s2.0-86000779233&partnerID=40&md5=d480aabb44b78a209ea000a8c2977868","Conference paper","Final","","Scopus","2-s2.0-86000779233"
"Kienle C.; Alt B.; Celik O.; Becker P.; Katic D.; Jäkel R.; Neumann G.","Kienle, Claudius (58343756500); Alt, Benjamin (57222956861); Celik, Onur (57376156700); Becker, Philipp (57213687956); Katic, Darko (36610339700); Jäkel, Rainer (23568193700); Neumann, Gerhard (23392898000)","58343756500; 57222956861; 57376156700; 57213687956; 36610339700; 23568193700; 23392898000","MuTT: A Multimodal Trajectory Transformer for Robot Skills","2024","IEEE International Conference on Intelligent Robots and Systems","","","","9644","9651","7","0","10.1109/IROS58592.2024.10802198","https://www.scopus.com/inward/record.uri?eid=2-s2.0-85216501409&doi=10.1109%2fIROS58592.2024.10802198&partnerID=40&md5=64889d67cb60b4eb9bace9ca67c03f2b","Conference paper","Final","","Scopus","2-s2.0-85216501409"
"Liu G.; De Winter J.; Durodie Y.; Steckelmacher D.; Nowe A.; Vanderborght B.","Liu, Gaoyuan (57425604300); De Winter, Joris (57210337840); Durodie, Yuri (57209748849); Steckelmacher, Denis (57211111382); Nowe, Ann (6601969061); Vanderborght, Bram (57191490554)","57425604300; 57210337840; 57209748849; 57211111382; 6601969061; 57191490554","Optimistic Reinforcement Learning-Based Skill Insertions for Task and Motion Planning","2024","IEEE Robotics and Automation Letters","9","6","3398402","5974","5981","7","1","10.1109/LRA.2024.3398402","https://www.scopus.com/inward/record.uri?eid=2-s2.0-85192958745&doi=10.1109%2fLRA.2024.3398402&partnerID=40&md5=18e40554c90d63db12a0a554e85497b4","Article","Final","","Scopus","2-s2.0-85192958745"
"Li J.; Zhu Y.; Xie Y.; Jiang Z.; Seo M.; Pavlakos G.; Zhu Y.","Li, Jinhan (59649983600); Zhu, Yifeng (57203149177); Xie, Yuqi (58345047000); Jiang, Zhenyu (57306910600); Seo, Mingyo (57909366400); Pavlakos, Georgios (56237786500); Zhu, Yuke (56336009200)","59649983600; 57203149177; 58345047000; 57306910600; 57909366400; 56237786500; 56336009200","OKAMI: Teaching Humanoid Robots Manipulation Skills through Single Video Imitation","2024","Proceedings of Machine Learning Research","270","","","299","317","18","0","","https://www.scopus.com/inward/record.uri?eid=2-s2.0-86000778148&partnerID=40&md5=00c32c29209639d418489a6cbb851258","Conference paper","Final","","Scopus","2-s2.0-86000778148"
"Liu X.; Liu Z.; Wang G.; Liu Z.; Huang P.","Liu, Xing (56278821100); Liu, Zihao (57222605585); Wang, Gaozhao (58496530000); Liu, Zhengxiong (24450548800); Huang, Panfeng (8608333800)","56278821100; 57222605585; 58496530000; 24450548800; 8608333800","Efficient Reinforcement Learning Method for Multi-Phase Robot Manipulation Skill Acquisition via Human Knowledge, Model-Based, and Model-Free Methods","2024","IEEE Transactions on Automation Science and Engineering","","","","","","","0","10.1109/TASE.2024.3451296","https://www.scopus.com/inward/record.uri?eid=2-s2.0-85219142286&doi=10.1109%2fTASE.2024.3451296&partnerID=40&md5=69e7daf39498ea0ca9be6d6fac6815e7","Article","Article in press","","Scopus","2-s2.0-85219142286"
"Chen Y.; Geng Y.; Zhong F.; Ji J.; Jiang J.; Lu Z.; Dong H.; Yang Y.","Chen, Yuanpei (57767363000); Geng, Yiran (57547909700); Zhong, Fangwei (57197844750); Ji, Jiaming (57462254600); Jiang, Jiechuang (57208446118); Lu, Zongqing (56275797700); Dong, Hao (56547882800); Yang, Yaodong (56167927700)","57767363000; 57547909700; 57197844750; 57462254600; 57208446118; 56275797700; 56547882800; 56167927700","Bi-DexHands: Towards Human-Level Bimanual Dexterous Manipulation","2024","IEEE Transactions on Pattern Analysis and Machine Intelligence","46","5","10343126","2804","2818","14","10","10.1109/TPAMI.2023.3339515","https://www.scopus.com/inward/record.uri?eid=2-s2.0-85179800159&doi=10.1109%2fTPAMI.2023.3339515&partnerID=40&md5=8e6599f07265006d46a77b179baf8c8e","Article","Final","","Scopus","2-s2.0-85179800159"
"Zhao Y.; Qian K.; Duan B.; Luo S.","Zhao, Yongqiang (58032036100); Qian, Kun (35243175300); Duan, Boyi (58523624400); Luo, Shan (56028986000)","58032036100; 35243175300; 58523624400; 56028986000","FOTS: A Fast Optical Tactile Simulator for Sim2Real Learning of Tactile-Motor Robot Manipulation Skills","2024","IEEE Robotics and Automation Letters","9","6","","5647","5654","7","2","10.1109/LRA.2024.3396665","https://www.scopus.com/inward/record.uri?eid=2-s2.0-85192139972&doi=10.1109%2fLRA.2024.3396665&partnerID=40&md5=e578616526f2119b8d8853190bc605f6","Article","Final","All Open Access; Green Open Access","Scopus","2-s2.0-85192139972"
"Tekden A.E.; Erdem A.; Erdem E.; Asfour T.; Ugur E.","Tekden, Ahmet E. (57209854333); Erdem, Aykut (13410510300); Erdem, Erkut (13410837300); Asfour, Tamim (15724268700); Ugur, Emre (15021295100)","57209854333; 13410510300; 13410837300; 15724268700; 15021295100","Object and relation centric representations for push effect prediction","2024","Robotics and Autonomous Systems","174","","104632","","","","5","10.1016/j.robot.2024.104632","https://www.scopus.com/inward/record.uri?eid=2-s2.0-85185165186&doi=10.1016%2fj.robot.2024.104632&partnerID=40&md5=eb1d4a4871028be390d63e30bd640c4b","Article","Final","All Open Access; Green Open Access; Hybrid Gold Open Access","Scopus","2-s2.0-85185165186"
"Zhang Y.; Li Y.; Feng Q.; Sun J.; Peng C.; Gao L.; Chen L.","Zhang, Yifan (58751045200); Li, Yajun (57210753499); Feng, Qingchun (36598099200); Sun, Jiahui (58751333600); Peng, Chuanlang (58750971700); Gao, Liangzheng (59424412900); Chen, Liping (57154967100)","58751045200; 57210753499; 36598099200; 58751333600; 58750971700; 59424412900; 57154967100","Compliant Motion Planning Integrating Human Skill for Robotic Arm Collecting Tomato Bunch Based on Improved DDPG","2025","Plants","14","5","634","","","","0","10.3390/plants14050634","https://www.scopus.com/inward/record.uri?eid=2-s2.0-86000639849&doi=10.3390%2fplants14050634&partnerID=40&md5=8aaecf393127b31bf32e953b49928d2c","Article","Final","","Scopus","2-s2.0-86000639849"
"Jameel Al-Kamil S.; Szabolcsi R.","Jameel Al-Kamil, Safa (57211290498); Szabolcsi, Róbert (6507523601)","57211290498; 6507523601","Optimizing path planning in mobile robot systems using motion capture technology","2024","Results in Engineering","22","","102043","","","","19","10.1016/j.rineng.2024.102043","https://www.scopus.com/inward/record.uri?eid=2-s2.0-85188666189&doi=10.1016%2fj.rineng.2024.102043&partnerID=40&md5=72428a9ee6404c6d8259e922bf1629d5","Article","Final","All Open Access; Gold Open Access","Scopus","2-s2.0-85188666189"
"Jiang R.; He B.; Wang Z.; Cheng X.; Sang H.; Zhou Y.","Jiang, Rong (57207412423); He, Bin (57421744300); Wang, Zhipeng (55322100700); Cheng, Xu (57211209513); Sang, Hongrui (57221051056); Zhou, Yanmin (36612688500)","57207412423; 57421744300; 55322100700; 57211209513; 57221051056; 36612688500","Robot skill learning and the data dilemma it faces: a systematic review","2024","Robotic Intelligence and Automation","44","2","","270","286","16","3","10.1108/RIA-10-2023-0146","https://www.scopus.com/inward/record.uri?eid=2-s2.0-85187458298&doi=10.1108%2fRIA-10-2023-0146&partnerID=40&md5=d22950b9de7f1f4f0384b490abb11fa2","Review","Final","","Scopus","2-s2.0-85187458298"
"Fan J.; Yin Y.; Wang T.; Dong W.; Zheng P.; Wang L.","Fan, Junming (57252702200); Yin, Yue (57700194200); Wang, Tian (58741593000); Dong, Wenhang (59551844200); Zheng, Pai (56352424300); Wang, Lihui (55080150600)","57252702200; 57700194200; 58741593000; 59551844200; 56352424300; 55080150600","Vision-language model-based human-robot collaboration for smart manufacturing: A state-of-the-art survey","2025","Frontiers of Engineering Management","","","","","","","0","10.1007/s42524-025-4136-9","https://www.scopus.com/inward/record.uri?eid=2-s2.0-85217555597&doi=10.1007%2fs42524-025-4136-9&partnerID=40&md5=1124d3464444c9adecf4b1b41f75d889","Review","Article in press","All Open Access; Hybrid Gold Open Access","Scopus","2-s2.0-85217555597"
"Wu L.; Wang M.; Luoa J.; Liang C.; Liu P.","Wu, Liming (58872611500); Wang, Mingming (56018097600); Luoa, Jianjun (59586702500); Liang, Chengxi (59587558900); Liu, Pudong (59588377600)","58872611500; 56018097600; 59586702500; 59587558900; 59588377600","Parametric Assembly Skill Acquisition Method for Space Robots Utilizing Deep Reinforcement Learning","2024","Proceedings of the International Astronautical Congress, IAC","","","","511","520","9","0","10.52202/078367-0054","https://www.scopus.com/inward/record.uri?eid=2-s2.0-85218456376&doi=10.52202%2f078367-0054&partnerID=40&md5=8c21ddb35f63396a0f7f6197cb83b274","Conference paper","Final","","Scopus","2-s2.0-85218456376"
"Mesesan G.; Schuller R.; Englsberger J.; Roa M.A.; Lee J.; Ott C.; Albu-Schaeffer A.","Mesesan, George (57195422346); Schuller, Robert (57224190806); Englsberger, Johannes (54792997500); Roa, Maximo A. (24476753400); Lee, Jinoh (57444354300); Ott, Christian (24504165800); Albu-Schaeffer, Alin (57219344332)","57195422346; 57224190806; 54792997500; 24476753400; 57444354300; 24504165800; 57219344332","Motion Planning for Humanoid Locomotion: Applications to Homelike Environments","2025","IEEE Robotics and Automation Magazine","","","","","","","0","10.1109/MRA.2025.3527287","https://www.scopus.com/inward/record.uri?eid=2-s2.0-85216424473&doi=10.1109%2fMRA.2025.3527287&partnerID=40&md5=5debf2418125da8886dba553b630ba0d","Article","Article in press","","Scopus","2-s2.0-85216424473"
"Liu Z.; Chi C.; Cousineau E.; Kuppuswamy N.; Burchfiel B.; Song S.","Liu, Zeyi (57819499800); Chi, Cheng (57215560532); Cousineau, Eric (55208376800); Kuppuswamy, Naveen (16643123800); Burchfiel, Benjamin (56579999800); Song, Shuran (59351225400)","57819499800; 57215560532; 55208376800; 16643123800; 56579999800; 59351225400","ManiWAV: Learning Robot Manipulation from In-the-Wild Audio-Visual Data","2024","Proceedings of Machine Learning Research","270","","","947","962","15","0","","https://www.scopus.com/inward/record.uri?eid=2-s2.0-86000767091&partnerID=40&md5=9311c784833ebb5d026875cea3c781cc","Conference paper","Final","","Scopus","2-s2.0-86000767091"
"Zhao Z.; Li Y.; Li W.; Qi Z.; Ruan L.; Zhu Y.; Althoefer K.","Zhao, Zihang (58156083300); Li, Yuyang (57933740000); Li, Wanlin (57203286150); Qi, Zhenghao (58950607700); Ruan, Lecheng (57207298529); Zhu, Yixin (58867377700); Althoefer, Kaspar (6701489118)","58156083300; 57933740000; 57203286150; 58950607700; 57207298529; 58867377700; 6701489118","Tac-Man: Tactile-Informed Prior-Free Manipulation of Articulated Objects","2025","IEEE Transactions on Robotics","41","","","538","557","19","0","10.1109/TRO.2024.3508134","https://www.scopus.com/inward/record.uri?eid=2-s2.0-86000430695&doi=10.1109%2fTRO.2024.3508134&partnerID=40&md5=9c784cc0e5721fb6cfc9edfff2c493cc","Article","Final","","Scopus","2-s2.0-86000430695"
"Si W.; Dong J.; Wang N.; Yang C.","Si, Weiyong (57195431451); Dong, Jiale (57348017900); Wang, Ning (55446268900); Yang, Chenguang (55671767000)","57195431451; 57348017900; 55446268900; 55671767000","An Perception Enhanced Human-Robot Skill Transfer Method for Reactive Interaction","2025","Lecture Notes in Computer Science (including subseries Lecture Notes in Artificial Intelligence and Lecture Notes in Bioinformatics) ","15052 LNAI","","","58","69","11","0","10.1007/978-3-031-72062-8_6","https://www.scopus.com/inward/record.uri?eid=2-s2.0-85215766999&doi=10.1007%2f978-3-031-72062-8_6&partnerID=40&md5=dc5af2d2ed1f3e82a9d4487725ba179e","Conference paper","Final","","Scopus","2-s2.0-85215766999"
"Wang J.; Liu W.; Yu Q.; You Y.; Liu L.; Wang W.; Lu C.","Wang, Junbo (58648809100); Liu, Wenhai (57020033400); Yu, Qiaojun (57365624100); You, Yang (57203963060); Liu, Liu (57189703998); Wang, Weiming (35286155000); Lu, Cewu (23035659100)","58648809100; 57020033400; 57365624100; 57203963060; 57189703998; 35286155000; 23035659100","RPMArt: Towards Robust Perception and Manipulation for Articulated Objects","2024","IEEE International Conference on Intelligent Robots and Systems","","","","7270","7277","7","0","10.1109/IROS58592.2024.10802368","https://www.scopus.com/inward/record.uri?eid=2-s2.0-85216484154&doi=10.1109%2fIROS58592.2024.10802368&partnerID=40&md5=362436d9db7e1de59a8a08e139500ef9","Conference paper","Final","All Open Access; Green Open Access","Scopus","2-s2.0-85216484154"
"Liu S.; Liu Y.; Hu L.; Zhou Z.; Xie Y.; Zhao Z.; Li W.; Gan Z.","Liu, Siao (57554325200); Liu, Yang (54793073000); Hu, Linqiang (57842934400); Zhou, Ziqing (57842641800); Xie, Yi (58630904200); Zhao, Zhile (57842641900); Li, Wei (57225013156); Gan, Zhongxue (54419884000)","57554325200; 54793073000; 57842934400; 57842641800; 58630904200; 57842641900; 57225013156; 54419884000","DiffSkill: Improving Reinforcement Learning through diffusion-based skill denoiser for robotic manipulation","2024","Knowledge-Based Systems","300","","112190","","","","2","10.1016/j.knosys.2024.112190","https://www.scopus.com/inward/record.uri?eid=2-s2.0-85198354501&doi=10.1016%2fj.knosys.2024.112190&partnerID=40&md5=246a324f2812d91141f88cba2ab90c77","Article","Final","","Scopus","2-s2.0-85198354501"
"Garrett C.; Mandlekar A.; Wen B.; Fox D.","Garrett, Caelan (56940081800); Mandlekar, Ajay (55884466700); Wen, Bowen (57218649507); Fox, Dieter (7402074129)","56940081800; 55884466700; 57218649507; 7402074129","SkillMimicGen: Automated Demonstration Generation for Efficient Skill Learning and Deployment","2024","Proceedings of Machine Learning Research","270","","","2750","2790","40","0","","https://www.scopus.com/inward/record.uri?eid=2-s2.0-86000805837&partnerID=40&md5=f3bbbfde4ee12fabd3ade0c2aaf19baa","Conference paper","Final","","Scopus","2-s2.0-86000805837"
"Liu X.; Liu Z.; Huang P.","Liu, Xing (56278821100); Liu, Zhengxiong (24450548800); Huang, Panfeng (8608333800)","56278821100; 24450548800; 8608333800","Stochastic Optimal Control for Robot Manipulation Skill Learning under Time-Varying Uncertain Environment","2024","IEEE Transactions on Cybernetics","54","4","","2015","2025","10","6","10.1109/TCYB.2022.3211440","https://www.scopus.com/inward/record.uri?eid=2-s2.0-85140793258&doi=10.1109%2fTCYB.2022.3211440&partnerID=40&md5=30a7790d5e5512bb829cb001f43753bb","Article","Final","","Scopus","2-s2.0-85140793258"
"Lin Y.; Gao B.; Tang J.; Zhang Q.; Qian H.; Wu H.","Lin, Yudeng (57206664698); Gao, Bin (55707309600); Tang, Jianshi (35789210900); Zhang, Qingtian (57194219666); Qian, He (57207182359); Wu, Huaqiang (55649971900)","57206664698; 55707309600; 35789210900; 57194219666; 57207182359; 55649971900","Deep Bayesian active learning using in-memory computing hardware","2025","Nature Computational Science","5","1","7530","27","36","9","0","10.1038/s43588-024-00744-y","https://www.scopus.com/inward/record.uri?eid=2-s2.0-85212867063&doi=10.1038%2fs43588-024-00744-y&partnerID=40&md5=3aa649889a5336f667a898ffb00a5b62","Article","Final","","Scopus","2-s2.0-85212867063"
"Jin L.; Men Y.; Song R.; Li F.; Li Y.; Tian X.","Jin, Ligang (58260893700); Men, Yu (58261631700); Song, Rui (7202051472); Li, Fengming (57207859872); Li, Yibin (55907838900); Tian, Xincheng (16314037100)","58260893700; 58261631700; 7202051472; 57207859872; 55907838900; 16314037100","Robot Skill Generalization: Feature-Selected Adaptation Transfer for Peg-in-Hole Assembly","2024","IEEE Transactions on Industrial Electronics","71","3","","2748","2757","9","15","10.1109/TIE.2023.3269464","https://www.scopus.com/inward/record.uri?eid=2-s2.0-85159669820&doi=10.1109%2fTIE.2023.3269464&partnerID=40&md5=5a44d48ee89b485d1c07b432642c32fe","Article","Final","","Scopus","2-s2.0-85159669820"
"Zhao J.; Tassi F.; Huang Y.; De Momi E.; Ajoudani A.","Zhao, Jianzhuang (57572935800); Tassi, Francesco (57446643900); Huang, Yanlong (54389113100); De Momi, Elena (57203951877); Ajoudani, Arash (23388667500)","57572935800; 57446643900; 54389113100; 57203951877; 23388667500","A combined learning and optimization framework to transfer human whole-body loco-manipulation skills to mobile manipulators","2025","Robotics and Autonomous Systems","189","","104958","","","","0","10.1016/j.robot.2025.104958","https://www.scopus.com/inward/record.uri?eid=2-s2.0-86000509006&doi=10.1016%2fj.robot.2025.104958&partnerID=40&md5=848219b183839f6dc9570502d6ca6999","Article","Final","","Scopus","2-s2.0-86000509006"
"Duan A.; Yang C.; Zhao J.; Huo S.; Zhou P.; Ma W.; Zheng Y.; Navarro-Alarcon D.","Duan, Anqing (57207208557); Yang, Chenguang (55671767000); Zhao, Jingyuan (57549952900); Huo, Shengzeng (57219796167); Zhou, Peng (57221249034); Ma, Wanyu (57219788490); Zheng, Yongping (7404837753); Navarro-Alarcon, David (25925269700)","57207208557; 55671767000; 57549952900; 57219796167; 57221249034; 57219788490; 7404837753; 25925269700","Safe Learning by Constraint-Aware Policy Optimization for Robotic Ultrasound Imaging","2025","IEEE Transactions on Automation Science and Engineering","22","","","2349","2360","11","0","10.1109/TASE.2024.3378915","https://www.scopus.com/inward/record.uri?eid=2-s2.0-85189322032&doi=10.1109%2fTASE.2024.3378915&partnerID=40&md5=9fc0c0c913a03a0faced1206a35ae1f0","Article","Final","","Scopus","2-s2.0-85189322032"
"Wang Q.; Huang X.","Wang, Qi (59682480800); Huang, Xiucai (57189993871)","59682480800; 57189993871","A Learning Framework for Dexterous Manipulation Skills in Multi-finger Robot Hands","2024","Proceedings - 2024 China Automation Congress, CAC 2024","","","","2991","2996","5","0","10.1109/CAC63892.2024.10865799","https://www.scopus.com/inward/record.uri?eid=2-s2.0-86000790537&doi=10.1109%2fCAC63892.2024.10865799&partnerID=40&md5=f45f3f10c4a320e239e994fee2ee3040","Conference paper","Final","","Scopus","2-s2.0-86000790537"
"Yang X.; Zhang Y.; Li R.; Zheng X.; Zhang Q.","Yang, Xuejiao (57848429800); Zhang, Yunxiu (57190194085); Li, Rongrong (59115396000); Zheng, Xinhui (57952323800); Zhang, Qifeng (35222768200)","57848429800; 57190194085; 59115396000; 57952323800; 35222768200","Learning Underwater Intervention Skills Based on Dynamic Movement Primitives","2024","Electronics (Switzerland)","13","19","3860","","","","0","10.3390/electronics13193860","https://www.scopus.com/inward/record.uri?eid=2-s2.0-85206574598&doi=10.3390%2felectronics13193860&partnerID=40&md5=7b9887f4ee160cf6969806a3c1531851","Article","Final","All Open Access; Gold Open Access","Scopus","2-s2.0-85206574598"
"Yuan C.; Wen C.; Zhang T.; Gao Y.","Yuan, Chengbo (59439464200); Wen, Chuan (57225815979); Zhang, Tong (59078449500); Gao, Yang (57190133122)","59439464200; 57225815979; 59078449500; 57190133122","General Flow as Foundation Affordance for Scalable Robot Learning","2024","Proceedings of Machine Learning Research","270","","","1541","1566","25","0","","https://www.scopus.com/inward/record.uri?eid=2-s2.0-86000785657&partnerID=40&md5=0a93e1b0cdf671f4fffe169bbb42b8bd","Conference paper","Final","","Scopus","2-s2.0-86000785657"
"Pan Y.; Chen C.; Li D.; Zhao Z.","Pan, Yong (57214079983); Chen, Chengjun (8947161500); Li, Dongnian (56419003000); Zhao, Zhengxu (7404147555)","57214079983; 8947161500; 56419003000; 7404147555","A robot path tracking method based on manual guidance and path reinforcement learning","2025","Applied Intelligence","55","2","197","","","","0","10.1007/s10489-024-06098-2","https://www.scopus.com/inward/record.uri?eid=2-s2.0-85212773242&doi=10.1007%2fs10489-024-06098-2&partnerID=40&md5=28141fdbdbad2a8115399631250606f2","Article","Final","","Scopus","2-s2.0-85212773242"
"Eom J.; Yu S.Y.; Kim W.; Park C.; Lee K.Y.; Cho K.-J.","Eom, Jaemin (57207825408); Yu, Sung Yol (57219253969); Kim, Woongbae (57191224260); Park, Chunghoon (59473959100); Lee, Kristine Yoonseo (59474641000); Cho, Kyu-Jin (7403956407)","57207825408; 57219253969; 57191224260; 59473959100; 59474641000; 7403956407","MOGrip: Gripper for multiobject grasping in pick-and-place tasks using translational movements of fingers","2024","Science Robotics","9","97","","","","","0","10.1126/scirobotics.ado3939","https://www.scopus.com/inward/record.uri?eid=2-s2.0-85212233911&doi=10.1126%2fscirobotics.ado3939&partnerID=40&md5=4eb6567e1f9d48dbe41f0ae9836545cf","Article","Final","","Scopus","2-s2.0-85212233911"
"Han K.; Li S.; Li Z.; Zhou Y.; Fu C.; Xiong Y.","Han, Ke (57211891584); Li, Shiqi (35484295400); Li, Zhuo (59562512100); Zhou, Yumei (58483932900); Fu, Chunjiang (58484626700); Xiong, Youjun (57222561100)","57211891584; 35484295400; 59562512100; 58483932900; 58484626700; 57222561100","Robust real-time upper limb motion transfer from human to humanoid for manipulation skill teaching","2024","Proceedings of the Institution of Mechanical Engineers, Part C: Journal of Mechanical Engineering Science","238","5","","1522","1541","19","0","10.1177/09544062231182893","https://www.scopus.com/inward/record.uri?eid=2-s2.0-85164623859&doi=10.1177%2f09544062231182893&partnerID=40&md5=f42d078a3abfe7d7c2aaeea1573a8863","Article","Final","","Scopus","2-s2.0-85164623859"
"Liu K.; Xie B.; Chen Z.; Luo Z.; Jiang S.; Gao Z.","Liu, Kaidong (57221163892); Xie, Bin (57205889983); Chen, Zhouyang (58957144700); Luo, Zhenhao (57566383600); Jiang, Shan (57221847890); Gao, Zhen (57223144004)","57221163892; 57205889983; 58957144700; 57566383600; 57221847890; 57223144004","Human–Robot Skill Transferring and Inverse Velocity Admittance Control for Soft Tissue Cutting Tasks","2024","Agriculture (Switzerland)","14","3","394","","","","1","10.3390/agriculture14030394","https://www.scopus.com/inward/record.uri?eid=2-s2.0-85188718082&doi=10.3390%2fagriculture14030394&partnerID=40&md5=c735ac0cde47c9f31cb6afcb5044ab2b","Article","Final","All Open Access; Gold Open Access","Scopus","2-s2.0-85188718082"
"Duan B.; Qian K.; Liu A.; Luo S.","Duan, Boyi (58523624400); Qian, Kun (35243175300); Liu, Aohua (58123488500); Luo, Shan (56028986000)","58523624400; 35243175300; 58123488500; 56028986000","Visual–tactile learning of robotic cable-in-duct installation skills","2025","Automation in Construction","170","","105905","","","","0","10.1016/j.autcon.2024.105905","https://www.scopus.com/inward/record.uri?eid=2-s2.0-85211493773&doi=10.1016%2fj.autcon.2024.105905&partnerID=40&md5=ceffd82cfe6199f45404206acaef6b0d","Article","Final","","Scopus","2-s2.0-85211493773"
"Li B.; Liu X.; Liu Z.; Huang P.","Li, Bingqian (58497784200); Liu, Xing (56278821100); Liu, Zhengxiong (24450548800); Huang, Panfeng (8608333800)","58497784200; 56278821100; 24450548800; 8608333800","Episode-Fuzzy-COACH Method for Fast Robot Skill Learning","2024","IEEE Transactions on Industrial Electronics","71","6","","5931","5940","9","2","10.1109/TIE.2023.3294600","https://www.scopus.com/inward/record.uri?eid=2-s2.0-85165411043&doi=10.1109%2fTIE.2023.3294600&partnerID=40&md5=ec163c51a3de137dd8fde45804ada76b","Article","Final","","Scopus","2-s2.0-85165411043"
"Li H.; Zhou X.-H.; Xie X.-L.; Liu S.-Q.; Feng Z.-Q.; Hou Z.-G.","Li, Hao (57192922676); Zhou, Xiao-Hu (57189496798); Xie, Xiao-Liang (36480732200); Liu, Shi-Qi (57203549536); Feng, Zhen-Qiu (55967063100); Hou, Zeng-Guang (57218664616)","57192922676; 57189496798; 36480732200; 57203549536; 55967063100; 57218664616","CASOG: Conservative Actor-Critic With SmOoth Gradient for Skill Learning in Robot-Assisted Intervention","2024","IEEE Transactions on Industrial Electronics","71","7","","7725","7734","9","4","10.1109/TIE.2023.3310021","https://www.scopus.com/inward/record.uri?eid=2-s2.0-85181554755&doi=10.1109%2fTIE.2023.3310021&partnerID=40&md5=a0c53b0559bd0bdd42b0f99ff148cefa","Article","Final","All Open Access; Green Open Access","Scopus","2-s2.0-85181554755"
"Antero U.; Blanco F.; Oñativia J.; Sallé D.; Sierra B.","Antero, Unai (50361023500); Blanco, Francisco (59347721700); Oñativia, Jon (24765137000); Sallé, Damien (6507442417); Sierra, Basilio (6604043456)","50361023500; 59347721700; 24765137000; 6507442417; 6604043456","Harnessing the Power of Large Language Models for Automated Code Generation and Verification","2024","Robotics","13","9","137","","","","0","10.3390/robotics13090137","https://www.scopus.com/inward/record.uri?eid=2-s2.0-85205232107&doi=10.3390%2frobotics13090137&partnerID=40&md5=db2caf2aca0c797375fafb11dec687bc","Article","Final","All Open Access; Gold Open Access","Scopus","2-s2.0-85205232107"
"Yu H.; Kamat V.R.; Menassa C.C.","Yu, Hongrui (58142004100); Kamat, Vineet R. (7004477339); Menassa, Carol C. (15923411800)","58142004100; 7004477339; 15923411800","Cloud-Based Hierarchical Imitation Learning for Scalable Transfer of Construction Skills from Human Workers to Assisting Robots","2024","Journal of Computing in Civil Engineering","38","4","04024019","","","","1","10.1061/JCCEE5.CPENG-5731","https://www.scopus.com/inward/record.uri?eid=2-s2.0-85191248891&doi=10.1061%2fJCCEE5.CPENG-5731&partnerID=40&md5=6248de17957b46907db2f26a59033263","Article","Final","All Open Access; Green Open Access","Scopus","2-s2.0-85191248891"
"Gamberini G.; Maglio S.; Mariani A.; Mazzotta A.D.; Forgione A.; Marescaux J.; Melfi F.; Tognarelli S.; Menciassi A.","Gamberini, Giulia (59430679800); Maglio, Sabina (57275127300); Mariani, Andrea (55583117500); Mazzotta, Alessandro Dario (55446417600); Forgione, Antonello (23396786400); Marescaux, Jacques (35272458200); Melfi, Franca (6701793857); Tognarelli, Selene (26430120100); Menciassi, Arianna (7004244810)","59430679800; 57275127300; 55583117500; 55446417600; 23396786400; 35272458200; 6701793857; 26430120100; 7004244810","Design and preliminary validation of a high-fidelity vascular simulator for robot-assisted manipulation","2024","Scientific Reports","14","1","4779","","","","0","10.1038/s41598-024-55351-8","https://www.scopus.com/inward/record.uri?eid=2-s2.0-85186237911&doi=10.1038%2fs41598-024-55351-8&partnerID=40&md5=333bf49ee81c6585accbcf28bf046434","Article","Final","All Open Access; Gold Open Access; Green Open Access","Scopus","2-s2.0-85186237911"
"Liu C.; Peng G.; Xia Y.; Li J.; Yang C.","Liu, Chengguo (57223041825); Peng, Guangzhu (57193685763); Xia, Yu (57410671600); Li, Junyang (55378080700); Yang, Chenguang (55671767000)","57223041825; 57193685763; 57410671600; 55378080700; 55671767000","Robot skill learning system of multi-space fusion based on dynamic movement primitives and adaptive neural network control","2024","Neurocomputing","574","","127248","","","","5","10.1016/j.neucom.2024.127248","https://www.scopus.com/inward/record.uri?eid=2-s2.0-85182908856&doi=10.1016%2fj.neucom.2024.127248&partnerID=40&md5=492de3a791749f7c8413bd8634c3198d","Article","Final","","Scopus","2-s2.0-85182908856"
"Wei T.; Ma L.; Chen R.; Zhao W.; Liu C.","Wei, Tianhao (57211022839); Ma, Liqian (57372943400); Chen, Rui (59681230500); Zhao, Weiye (57211026224); Liu, Changliu (56642121000)","57211022839; 57372943400; 59681230500; 57211026224; 56642121000","Meta-Control: Automatic Model-based Control Synthesis for Heterogeneous Robot Skills","2024","Proceedings of Machine Learning Research","270","","","2295","2346","51","0","","https://www.scopus.com/inward/record.uri?eid=2-s2.0-86000783068&partnerID=40&md5=ef5357c1a1022a67b87912ed7db4d977","Conference paper","Final","","Scopus","2-s2.0-86000783068"
"Liu C.; He Y.; Chen X.; Wang G.","Liu, Chengguo (57223041825); He, Ye (55498905500); Chen, Xiaoan (15031934400); Wang, Guangjian (55738652500)","57223041825; 55498905500; 15031934400; 55738652500","Multi-space Fused Periodic Variable Impedance Skill Learning Based on Rhythmic Dynamic Movement Primitive and Robot Dynamics; [基于节律动态运动基元与机器人动力学的多空间融合周期性变阻抗技能学习]","2025","Jixie Gongcheng Xuebao/Journal of Mechanical Engineering","61","1","","150","161","11","0","10.3901/JME.2025.01.150","https://www.scopus.com/inward/record.uri?eid=2-s2.0-85218951290&doi=10.3901%2fJME.2025.01.150&partnerID=40&md5=d092faad29226c5c7abd12a648d7ed48","Article","Final","","Scopus","2-s2.0-85218951290"
"She Q.; Zhang S.; Ye Y.; Hu R.; Xu K.","She, Qijin (57219752920); Zhang, Shishun (58912449200); Ye, Yunfan (57425246700); Hu, Ruizhen (55261593100); Xu, Kai (56970190100)","57219752920; 58912449200; 57425246700; 55261593100; 56970190100","Learning Cross-Hand Policies of High-DOF Reaching and Grasping","2025","Lecture Notes in Computer Science (including subseries Lecture Notes in Artificial Intelligence and Lecture Notes in Bioinformatics) ","15088 LNCS","","","269","285","16","0","10.1007/978-3-031-73404-5_16","https://www.scopus.com/inward/record.uri?eid=2-s2.0-85208555523&doi=10.1007%2f978-3-031-73404-5_16&partnerID=40&md5=bd49d24088426b98a9161b55f7cf96f4","Conference paper","Final","","Scopus","2-s2.0-85208555523"
"Liu Z.; Liu X.; Zhang Y.; Liu Z.; Huang P.","Liu, Zihao (57222605585); Liu, Xing (56278821100); Zhang, Yizhai (35793024200); Liu, Zhengxiong (24450548800); Huang, Panfeng (8608333800)","57222605585; 56278821100; 35793024200; 24450548800; 8608333800","Tactile Active Inference Reinforcement Learning for Efficient Robotic Manipulation Skill Acquisition","2024","IEEE International Conference on Intelligent Robots and Systems","","","","10884","10889","5","0","10.1109/IROS58592.2024.10802750","https://www.scopus.com/inward/record.uri?eid=2-s2.0-85216492236&doi=10.1109%2fIROS58592.2024.10802750&partnerID=40&md5=febd911932b545447b28a1a75e446a42","Conference paper","Final","All Open Access; Green Open Access","Scopus","2-s2.0-85216492236"
"Fu J.; Jin Z.; Liu A.; Zhang W.-A.; Yu L.","Fu, Jiayun (58796559400); Jin, Zhehao (57219144006); Liu, Andong (55449948800); Zhang, Wen-An (15066270400); Yu, Li (57218666124)","58796559400; 57219144006; 55449948800; 15066270400; 57218666124","Non-parametric Gaussian process movement primitive with via-point constraint for effective and safe robot skill learning","2024","Neurocomputing","589","","127711","","","","0","10.1016/j.neucom.2024.127711","https://www.scopus.com/inward/record.uri?eid=2-s2.0-85190879945&doi=10.1016%2fj.neucom.2024.127711&partnerID=40&md5=1fe4a11d20359ae02023479f4ba1e4b0","Article","Final","","Scopus","2-s2.0-85190879945"
"Wang W.; Zeng C.; Zhan H.; Yang C.","Wang, Weiyong (58996769700); Zeng, Chao (57195945568); Zhan, Hong (57217079156); Yang, Chenguang (55671767000)","58996769700; 57195945568; 57217079156; 55671767000","A Novel Robust Imitation Learning Framework for Complex Skills with Limited Demonstrations","2025","IEEE Transactions on Automation Science and Engineering","22","","","3947","3959","12","1","10.1109/TASE.2024.3403833","https://www.scopus.com/inward/record.uri?eid=2-s2.0-85194036851&doi=10.1109%2fTASE.2024.3403833&partnerID=40&md5=bdd2c10c92e080a8b837386ade9dbd3b","Article","Final","","Scopus","2-s2.0-85194036851"
"Wu Y.; Sun Y.; Yu X.; Zhang D.; He W.","Wu, Yifan (57282796500); Sun, Yingru (59471632100); Yu, Xinbo (57203040999); Zhang, Dawei (57102174600); He, Wei (56580949000)","57282796500; 59471632100; 57203040999; 57102174600; 56580949000","Intelligent Experiment Robotic Systems Design for Material Preparation and Detection","2025","IEEE Transactions on Systems, Man, and Cybernetics: Systems","55","2","","1241","1251","10","0","10.1109/TSMC.2024.3501318","https://www.scopus.com/inward/record.uri?eid=2-s2.0-85211982607&doi=10.1109%2fTSMC.2024.3501318&partnerID=40&md5=1964787b646c9ec05a1e46e450bf3644","Article","Final","","Scopus","2-s2.0-85211982607"
"Si W.; Wang N.; Yang C.","Si, Weiyong (57195431451); Wang, Ning (55446268900); Yang, Chenguang (55671767000)","57195431451; 55446268900; 55671767000","Design and Quantitative Assessment of Teleoperation-Based Human-Robot Collaboration Method for Robot-Assisted Sonography","2025","IEEE Transactions on Automation Science and Engineering","22","","","317","327","10","6","10.1109/TASE.2024.3350524","https://www.scopus.com/inward/record.uri?eid=2-s2.0-85182940312&doi=10.1109%2fTASE.2024.3350524&partnerID=40&md5=4429ce886cc0f1b70515be57b90cb6b8","Article","Final","All Open Access; Green Open Access","Scopus","2-s2.0-85182940312"
"Lee J.; Venishetty N.; Movassaghi M.; Kovac E.; Winer A.; Anderson C.B.; Small A.C.; Badalato G.M.","Lee, Justin (57203244606); Venishetty, Nikit (57988570300); Movassaghi, Miyad (57219532739); Kovac, Evan (54408832700); Winer, Andrew (57855768600); Anderson, Christopher B. (15759283100); Small, Alexander C. (55181717500); Badalato, Gina M. (13204991300)","57203244606; 57988570300; 57219532739; 54408832700; 57855768600; 15759283100; 55181717500; 13204991300","The New York Section EMPIRE Collaborative: Piloting a Multi-Institutional, Simulation-Based Surgical Skills Boot Camp for Junior Urology Residents","2024","Urology Practice","11","4","","760","768","8","2","10.1097/UPJ.0000000000000587","https://www.scopus.com/inward/record.uri?eid=2-s2.0-85196887289&doi=10.1097%2fUPJ.0000000000000587&partnerID=40&md5=177f1cc608a4101bf2581a76086c400d","Article","Final","","Scopus","2-s2.0-85196887289"
"Akkaladevi S.C.; Maniadakis M.; Propst M.; Deshpande K.; Hofmann M.; Pichler A.; Alexakis G.; Lourakis M.","Akkaladevi, Sharath Chandra (55970920300); Maniadakis, Michail (8913044900); Propst, Matthias (57224360327); Deshpande, Kapil (57930218800); Hofmann, Michael (55684296300); Pichler, Andreas (7004603934); Alexakis, Georgios (57222529112); Lourakis, Manolis (6602319888)","55970920300; 8913044900; 57224360327; 57930218800; 55684296300; 7004603934; 57222529112; 6602319888","Towards Behavior Trees Based Robotic Task Execution for Physical Human Robot Collaboration","2024","Lecture Notes in Mechanical Engineering","","","","297","304","7","0","10.1007/978-3-031-74482-2_33","https://www.scopus.com/inward/record.uri?eid=2-s2.0-85213358052&doi=10.1007%2f978-3-031-74482-2_33&partnerID=40&md5=b324ee8bcc868fae6ae3314979153c0c","Conference paper","Final","","Scopus","2-s2.0-85213358052"
"Han Y.; Chen Z.; Williams K.A.; Ravichandar H.","Han, Yunhai (57223099173); Chen, Zhenyang (58189481400); Williams, Kyle A (59278773500); Ravichandar, Harish (56741287200)","57223099173; 58189481400; 59278773500; 56741287200","Learning Prehensile Dexterity by Imitating and Emulating State-Only Observations","2024","IEEE Robotics and Automation Letters","9","10","","8266","8273","7","0","10.1109/LRA.2024.3443595","https://www.scopus.com/inward/record.uri?eid=2-s2.0-85201604947&doi=10.1109%2fLRA.2024.3443595&partnerID=40&md5=1a8e925f004c1fb848ca493b6d85ae54","Article","Final","All Open Access; Green Open Access","Scopus","2-s2.0-85201604947"
"Hofer M.; Hoffmann A.; Eymüller C.","Hofer, Moritz (59390475400); Hoffmann, Alwin (14826982600); Eymüller, Christian (57192821418)","59390475400; 14826982600; 57192821418","Facilitating Skill-Based Robot Programing Using the Asset Administration Shell","2024","IEEE International Conference on Emerging Technologies and Factory Automation, ETFA","","","","","","","0","10.1109/ETFA61755.2024.10710866","https://www.scopus.com/inward/record.uri?eid=2-s2.0-85207839813&doi=10.1109%2fETFA61755.2024.10710866&partnerID=40&md5=e56189b07f5a24d6742331ae658a752a","Conference paper","Final","","Scopus","2-s2.0-85207839813"
"Zhang N.; Zhao Y.; Dai S.","Zhang, Ning (57204848162); Zhao, Yongjia (36095369500); Dai, Shuling (7203008798)","57204848162; 36095369500; 7203008798","A Code-Free Interactive Task Programming Interface for Robot Skill Construction","2024","Arabian Journal for Science and Engineering","","","","","","","0","10.1007/s13369-024-09592-4","https://www.scopus.com/inward/record.uri?eid=2-s2.0-85204426317&doi=10.1007%2fs13369-024-09592-4&partnerID=40&md5=2f651feea0a1d63eef0f784def257aec","Article","Article in press","","Scopus","2-s2.0-85204426317"
"Lee Y.; Kim K.","Lee, Yongseok (57818373200); Kim, Keehoon (59475350100)","57818373200; 59475350100","Accurate Robotic Pushing Manipulation Through Online Model Estimation under Uncertain Object Properties","2024","IEEE Robotics and Automation Letters","9","10","","8730","8737","7","0","10.1109/LRA.2024.3449695","https://www.scopus.com/inward/record.uri?eid=2-s2.0-85202770397&doi=10.1109%2fLRA.2024.3449695&partnerID=40&md5=c1eaaf92d79f689e8dd3ca473baa8db3","Article","Final","","Scopus","2-s2.0-85202770397"
"De La Guardia R.","De La Guardia, Rafael (6508049199)","6508049199","Programming Manipulators by Instructions","2024","2024 7th Iberian Robotics Conference, ROBOT 2024","","","","","","","0","10.1109/ROBOT61475.2024.10796921","https://www.scopus.com/inward/record.uri?eid=2-s2.0-85215959369&doi=10.1109%2fROBOT61475.2024.10796921&partnerID=40&md5=8b9bc4d405bea8882418a220bd6c2684","Conference paper","Final","","Scopus","2-s2.0-85215959369"
"Coelho L.; Cerqueira S.M.; Martins V.; André J.; Santos C.P.","Coelho, Luís (59157518500); Cerqueira, Sara M. (57208669452); Martins, Vitor (57209306273); André, João (55927531500); Santos, Cristina P. (24403024500)","59157518500; 57208669452; 57209306273; 55927531500; 24403024500","A DMPs-based Approach for Human-like Robotic Movements","2024","2024 IEEE International Conference on Autonomous Robot Systems and Competitions, ICARSC 2024","","","","201","206","5","0","10.1109/ICARSC61747.2024.10535923","https://www.scopus.com/inward/record.uri?eid=2-s2.0-85195238166&doi=10.1109%2fICARSC61747.2024.10535923&partnerID=40&md5=399d63f26d73a7b559e85385ed0e4e22","Conference paper","Final","","Scopus","2-s2.0-85195238166"
"Li L.; Chang H.; Xu Y.; Zhao S.; Huang P.; Liu Z.","Li, Linjie (59169793600); Chang, Haitao (55797180100); Xu, Yongjia (59169420700); Zhao, Shuo (59169330300); Huang, Panfeng (8608333800); Liu, Zhengxiong (24450548800)","59169793600; 55797180100; 59169420700; 59169330300; 8608333800; 24450548800","Enhancing Human-to-Robot Skill Transfer: A Framework Integrating Movement and Variable Impedance Based on EMG","2024","Proceedings of the IEEE International Conference on Industrial Technology","","","","","","","0","10.1109/ICIT58233.2024.10540992","https://www.scopus.com/inward/record.uri?eid=2-s2.0-85195787649&doi=10.1109%2fICIT58233.2024.10540992&partnerID=40&md5=975c1ece7cb2a1a40a1e35b0282c70bd","Conference paper","Final","","Scopus","2-s2.0-85195787649"
"Lindgren K.; Grøn H.G.; Christiansen L.","Lindgren, Kurt (57023413000); Grøn, Helge Glinvad (57216949168); Christiansen, Lasse (57226748758)","57023413000; 57216949168; 57226748758","Empowering STEM Students with Digital Skills: A Training Approach at UCN Industrial Playground","2024","Lecture Notes in Networks and Systems","1060 LNNS","","","58","66","8","0","10.1007/978-3-031-65400-8_7","https://www.scopus.com/inward/record.uri?eid=2-s2.0-85200489245&doi=10.1007%2f978-3-031-65400-8_7&partnerID=40&md5=3abf1d6fca7995e53bdf92a231559122","Conference paper","Final","","Scopus","2-s2.0-85200489245"
"Wiemann R.; Terei N.; Raatz A.","Wiemann, Rolf (57206780431); Terei, Niklas (58738845000); Raatz, Annika (6506437925)","57206780431; 58738845000; 6506437925","Large Language Model for Intuitive Control of Robots in Micro-Assembly","2024","IEEE International Conference on Automation Science and Engineering","","","","3957","3962","5","0","10.1109/CASE59546.2024.10711830","https://www.scopus.com/inward/record.uri?eid=2-s2.0-85208226346&doi=10.1109%2fCASE59546.2024.10711830&partnerID=40&md5=10df420076cc8d8c1674499b7f6b1f16","Conference paper","Final","","Scopus","2-s2.0-85208226346"
"Xu S.; Zhang H.; Wang Z.","Xu, Shuqi (59205655700); Zhang, Hao (57958442400); Wang, Zhuping (8611937700)","59205655700; 57958442400; 8611937700","Learning to Perform Trajectory Generation From Low-Quality Demonstrations","2024","IEEE Transactions on Neural Networks and Learning Systems","","","","1","8","7","0","10.1109/TNNLS.2024.3414470","https://www.scopus.com/inward/record.uri?eid=2-s2.0-85197627128&doi=10.1109%2fTNNLS.2024.3414470&partnerID=40&md5=cebc78303d65a6d268951dded873e95a","Article","Article in press","","Scopus","2-s2.0-85197627128"
"Samuelsson R.","Samuelsson, Robin (57191959039)","57191959039","Computational transformations of early childhood education: Pathways toward child-centred computing in two educational change projects","2024","British Journal of Educational Technology","","","","","","","1","10.1111/bjet.13536","https://www.scopus.com/inward/record.uri?eid=2-s2.0-85209654892&doi=10.1111%2fbjet.13536&partnerID=40&md5=8243cbe0c28e5f4363d8f185162a1ff2","Article","Article in press","All Open Access; Hybrid Gold Open Access","Scopus","2-s2.0-85209654892"
"Shi Z.; Luo J.","Shi, Zhixuan (59336043500); Luo, Jing (57198979642)","59336043500; 57198979642","A Teleoperation Framework for Upper Limb Rehabilitation Based on Improved Dynamic Movement Primitives and Hybrid Control","2024","2024 8th International Conference on Robotics and Automation Sciences, ICRAS 2024","","","","114","121","7","0","10.1109/ICRAS62427.2024.10654484","https://www.scopus.com/inward/record.uri?eid=2-s2.0-85204484609&doi=10.1109%2fICRAS62427.2024.10654484&partnerID=40&md5=db98a7d7d9ecdc69de6541552848d44b","Conference paper","Final","","Scopus","2-s2.0-85204484609"
"Pizzuto G.; Wang H.; Fakhruldeen H.; Peng B.; Luck K.S.; Cooper A.I.","Pizzuto, Gabriella (57210723804); Wang, Hetong (57917093400); Fakhruldeen, Hatem (57189727500); Peng, Bei (57683466800); Luck, Kevin S. (56423502000); Cooper, Andrew I. (7401832651)","57210723804; 57917093400; 57189727500; 57683466800; 56423502000; 7401832651","Accelerating Laboratory Automation Through Robot Skill Learning For Sample Scraping","2024","IEEE International Conference on Automation Science and Engineering","","","","2103","2110","7","0","10.1109/CASE59546.2024.10711291","https://www.scopus.com/inward/record.uri?eid=2-s2.0-85208267333&doi=10.1109%2fCASE59546.2024.10711291&partnerID=40&md5=1683cdcd6c02e0da7477194b2867a85b","Conference paper","Final","All Open Access; Green Open Access","Scopus","2-s2.0-85208267333"
"Akash M.I.; Bhattacharya R.; Zurzolo L.; Qiu Q.; Adamovich S.; Wang C.","Akash, Muhaiminul Islam (57221703489); Bhattacharya, Rituja (59316535300); Zurzolo, Lorenzo (59316391900); Qiu, Qinyin (24480214200); Adamovich, Sergei (6603916707); Wang, Cong (55846570500)","57221703489; 59316535300; 59316391900; 24480214200; 6603916707; 55846570500","Integrated Object, Skill, and Motion Models for Nonprehensile Manipulation","2024","IEEE/ASME International Conference on Advanced Intelligent Mechatronics, AIM","","","","184","191","7","0","10.1109/AIM55361.2024.10637220","https://www.scopus.com/inward/record.uri?eid=2-s2.0-85203287564&doi=10.1109%2fAIM55361.2024.10637220&partnerID=40&md5=527f7d13c62f4fbbc7ced90f24014393","Conference paper","Final","","Scopus","2-s2.0-85203287564"
"Kowalski V.; Eiband T.; Lee D.","Kowalski, Victor (57190292488); Eiband, Thomas (57189455973); Lee, Dongheui (55661385300)","57190292488; 57189455973; 55661385300","Kinesthetic Skill Refinement for Error Recovery in Skill-Based Robotic Systems","2024","2024 21st International Conference on Ubiquitous Robots, UR 2024","","","","27","34","7","0","10.1109/UR61395.2024.10597483","https://www.scopus.com/inward/record.uri?eid=2-s2.0-85200709071&doi=10.1109%2fUR61395.2024.10597483&partnerID=40&md5=9b6037c69c40cb232f2e013bd8c25d60","Conference paper","Final","","Scopus","2-s2.0-85200709071"
"Nematollahi I.; Yankov K.; Burgard W.; Welschehold T.","Nematollahi, Iman (57202679292); Yankov, Kirill (57481858600); Burgard, Wolfram (7003610380); Welschehold, Tim (56974419500)","57202679292; 57481858600; 7003610380; 56974419500","Robot Skill Generalization via Keypoint Integrated Soft Actor-Critic Gaussian Mixture Models","2024","Springer Proceedings in Advanced Robotics","30","","","168","180","12","0","10.1007/978-3-031-63596-0_15","https://www.scopus.com/inward/record.uri?eid=2-s2.0-85201943401&doi=10.1007%2f978-3-031-63596-0_15&partnerID=40&md5=bc3a36fec26451f527765536c20f417a","Conference paper","Final","","Scopus","2-s2.0-85201943401"
"Liu Q.; Ye Q.; Sun Z.; Cui Y.; Li G.; Chen J.","Liu, Qingtao (58156509500); Ye, Qi (57201431769); Sun, Zhengnan (58705095100); Cui, Yu (58156509600); Li, Gaofeng (56927072100); Chen, Jiming (55902702200)","58156509500; 57201431769; 58705095100; 58156509600; 56927072100; 55902702200","Masked Visual-Tactile Pre-training for Robot Manipulation","2024","Proceedings - IEEE International Conference on Robotics and Automation","","","","13869","13875","6","0","10.1109/ICRA57147.2024.10610933","https://www.scopus.com/inward/record.uri?eid=2-s2.0-85202434605&doi=10.1109%2fICRA57147.2024.10610933&partnerID=40&md5=fcdb3e3375326881636e584212280c3c","Conference paper","Final","","Scopus","2-s2.0-85202434605"
"Bargmann D.; Kraus W.; Huber M.F.","Bargmann, Daniel (57207110202); Kraus, Werner (56273684300); Huber, Marco F. (22835220700)","57207110202; 56273684300; 22835220700","Enabling Maintainablity of Robot Programs in Assembly by Extracting Compositions of Force- and Position-Based Robot Skills from Learning-from-Demonstration Models","2024","IEEE International Conference on Intelligent Robots and Systems","","","","9227","9234","7","0","10.1109/IROS58592.2024.10802802","https://www.scopus.com/inward/record.uri?eid=2-s2.0-85216443808&doi=10.1109%2fIROS58592.2024.10802802&partnerID=40&md5=8c3e16f825b048979dd38f341358978f","Conference paper","Final","","Scopus","2-s2.0-85216443808"
"","","","18th International Symposium on Experimental Robotics, ISER 2023","2024","Springer Proceedings in Advanced Robotics","30","","","","","617","0","","https://www.scopus.com/inward/record.uri?eid=2-s2.0-85201952819&partnerID=40&md5=03af16aa06723d231992a9be5dd78305","Conference review","Final","","Scopus","2-s2.0-85201952819"
"Edwards S.J.; Gallen D.B.; McCoy-Powlen J.D.; Suarez M.A.","Edwards, Sandra J. (59225941100); Gallen, Donna B. (59226427600); McCoy-Powlen, Jenna D. (59225941000); Suarez, Michelle A. (54928183900)","59225941100; 59226427600; 59225941000; 54928183900","Hand Grasps and Manipulation Skills: Clinical Perspective of Development and Function, Second Edition","2024","Hand Grasps and Manipulation Skills: Clinical Perspective of Development and Function, Second Edition","","","","1","216","215","0","10.4324/9781003524496","https://www.scopus.com/inward/record.uri?eid=2-s2.0-85199137306&doi=10.4324%2f9781003524496&partnerID=40&md5=0541cf2f83b6ed55b8e288aeb555410f","Book","Final","","Scopus","2-s2.0-85199137306"
"Lin Z.; Chen Y.; Liu Z.","Lin, Zhenyang (58478631000); Chen, Yurou (57285897800); Liu, Zhiyong (56118218400)","58478631000; 57285897800; 56118218400","Hierarchical Human-to-Robot Imitation Learning for Long-Horizon Tasks via Cross-Domain Skill Alignment","2024","Proceedings - IEEE International Conference on Robotics and Automation","","","","2783","2790","7","0","10.1109/ICRA57147.2024.10610084","https://www.scopus.com/inward/record.uri?eid=2-s2.0-85202440968&doi=10.1109%2fICRA57147.2024.10610084&partnerID=40&md5=547517a9866f64d6ebf536ec38725f28","Conference paper","Final","","Scopus","2-s2.0-85202440968"
"Diehl M.; Zappa I.; Zanchettin A.M.; Ramirez-Amaro K.","Diehl, Maximilian (57219845205); Zappa, Isacco (58853077100); Zanchettin, Andrea Maria (27268100300); Ramirez-Amaro, Karinne (24366936500)","57219845205; 58853077100; 27268100300; 24366936500","Learning Robot Skills From Demonstration for Multi-Agent Planning","2024","IEEE International Conference on Automation Science and Engineering","","","","2348","2355","7","1","10.1109/CASE59546.2024.10711439","https://www.scopus.com/inward/record.uri?eid=2-s2.0-85208221566&doi=10.1109%2fCASE59546.2024.10711439&partnerID=40&md5=25bdf50221469658e328787cba92c6b7","Conference paper","Final","","Scopus","2-s2.0-85208221566"
"Bharadhwaj H.; Gupta A.; Kumar V.; Tulsiani S.","Bharadhwaj, Homanga (57203304662); Gupta, Abhinav (57188760583); Kumar, Vikash (57202530476); Tulsiani, Shubham (57142337900)","57203304662; 57188760583; 57202530476; 57142337900","Towards Generalizable Zero-Shot Manipulation via Translating Human Interaction Plans","2024","Proceedings - IEEE International Conference on Robotics and Automation","","","","6904","6911","7","2","10.1109/ICRA57147.2024.10610288","https://www.scopus.com/inward/record.uri?eid=2-s2.0-85194493031&doi=10.1109%2fICRA57147.2024.10610288&partnerID=40&md5=93c6a755923304f447c8b03b6b265764","Conference paper","Final","","Scopus","2-s2.0-85194493031"
"Xiao H.; Huang H.; Jin Z.; Liu A.; Qiu X.; Zhang W.-A.","Xiao, Huachi (59169420500); Huang, Haotian (59169512300); Jin, Zhehao (57219144006); Liu, Andong (55449948800); Qiu, Xiang (52564201900); Zhang, Wen-An (15066270400)","59169420500; 59169512300; 57219144006; 55449948800; 52564201900; 15066270400","Robot Manipulation Skill Learning Based on Stable Sparse Gaussian Process","2024","Proceedings of the IEEE International Conference on Industrial Technology","","","","","","","0","10.1109/ICIT58233.2024.10540918","https://www.scopus.com/inward/record.uri?eid=2-s2.0-85195801925&doi=10.1109%2fICIT58233.2024.10540918&partnerID=40&md5=c83e4d2cfa137ac12c45e74e1d23b112","Conference paper","Final","","Scopus","2-s2.0-85195801925"
"Li T.; Jung H.; Gombolay M.; Cho Y.K.; Ha S.","Li, Tianyu (57210802490); Jung, Hyunyoung (58629677500); Gombolay, Matthew (55806238000); Cho, Yong Kwon (55105432400); Ha, Sehoon (51261111200)","57210802490; 58629677500; 55806238000; 55105432400; 51261111200","CROSSLOCO: HUMAN MOTION DRIVEN CONTROL OF LEGGED ROBOTS VIA GUIDED UNSUPERVISED REINFORCEMENT LEARNING","2024","12th International Conference on Learning Representations, ICLR 2024","","","","","","","0","","https://www.scopus.com/inward/record.uri?eid=2-s2.0-85200556972&partnerID=40&md5=cdcb34eeee894bbcce4861e43506cb07","Conference paper","Final","","Scopus","2-s2.0-85200556972"
"Zhang X.; Tomizuka M.; Li H.","Zhang, Xiang (58512286900); Tomizuka, Masayoshi (35567325500); Li, Hui (57221547054)","58512286900; 35567325500; 57221547054","Bridging the Sim-to-Real Gap with Dynamic Compliance Tuning for Industrial Insertion","2024","Proceedings - IEEE International Conference on Robotics and Automation","","","","4356","4363","7","1","10.1109/ICRA57147.2024.10610707","https://www.scopus.com/inward/record.uri?eid=2-s2.0-85202357895&doi=10.1109%2fICRA57147.2024.10610707&partnerID=40&md5=7dea9351898d9b7683aebb570f2c6248","Conference paper","Final","","Scopus","2-s2.0-85202357895"
"Ciminaghi F.; Angioletti L.; Rovelli K.; Balconi M.","Ciminaghi, Flavia (59427449200); Angioletti, Laura (57197751115); Rovelli, Katia (57972317600); Balconi, Michela (8272040400)","59427449200; 57197751115; 57972317600; 8272040400","Collaborative Intelligence and Hyperscanning: Exploring AI Application to Human-Robot Collaboration Through a Neuroscientific Approach","2024","Lecture Notes in Computer Science (including subseries Lecture Notes in Artificial Intelligence and Lecture Notes in Bioinformatics)","15027 LNCS","","","334","341","7","0","10.1007/978-3-031-71707-9_27","https://www.scopus.com/inward/record.uri?eid=2-s2.0-85204625067&doi=10.1007%2f978-3-031-71707-9_27&partnerID=40&md5=038d6a1fe899d1e6c96e7fdac52fe6ae","Conference paper","Final","","Scopus","2-s2.0-85204625067"
"Murphy R.R.; Manzini T.; Camille Peres S.","Murphy, Robin R. (7403470480); Manzini, Thomas (58093876900); Camille Peres, S. (8438032400)","7403470480; 58093876900; 8438032400","Analysis of Human Errors in Small Uncrewed Aerial Systems Used During Hurricane Ian","2024","IEEE International Symposium on Safety, Security, and Rescue Robotics 2024, SSRR 2024","","","","64","71","7","0","10.1109/SSRR62954.2024.10770053","https://www.scopus.com/inward/record.uri?eid=2-s2.0-85214913150&doi=10.1109%2fSSRR62954.2024.10770053&partnerID=40&md5=3c46089c70df260556d5a13f8f44293f","Conference paper","Final","","Scopus","2-s2.0-85214913150"
"Shenoy P.; Kumar T.","Shenoy, Pooja (59007794500); Kumar, Tarun (57194033774)","59007794500; 57194033774","A Human-centred Tactile Perception Device for Enhanced Learning","2024","Procedia CIRP","128","","","43","48","5","0","10.1016/j.procir.2024.06.005","https://www.scopus.com/inward/record.uri?eid=2-s2.0-85208812369&doi=10.1016%2fj.procir.2024.06.005&partnerID=40&md5=c70a2b508131ff1debbac351574a9a24","Conference paper","Final","All Open Access; Gold Open Access","Scopus","2-s2.0-85208812369"
"Akkaladevi S.C.; Propst M.; Deshpande K.; Hofmann M.; Pichler A.","Akkaladevi, Sharath Chandra (55970920300); Propst, Matthias (57224360327); Deshpande, Kapil (57930218800); Hofmann, Michael (55684296300); Pichler, Andreas (7004603934)","55970920300; 57224360327; 57930218800; 55684296300; 7004603934","Towards a Behavior Tree Based Robotic Skill Execution Framework for Human Robot Collaboration in Industrial Assembly","2024","2024 10th International Conference on Automation, Robotics, and Applications, ICARA 2024","","","","18","22","4","1","10.1109/ICARA60736.2024.10553029","https://www.scopus.com/inward/record.uri?eid=2-s2.0-85197356160&doi=10.1109%2fICARA60736.2024.10553029&partnerID=40&md5=a91d260038e14c439a56bb0a731a7b96","Conference paper","Final","","Scopus","2-s2.0-85197356160"
"Luo J.; Xu C.; Liu F.; Tan L.; Lin Z.; Wu J.; Abbeel P.; Levine S.","Luo, Jianlan (57207831883); Xu, Charles (58521198500); Liu, Fangchen (57214456693); Tan, Liam (58521198600); Lin, Zipeng (59136797200); Wu, Jeffrey (57221513313); Abbeel, Pieter (8269962600); Levine, Sergey (35731728100)","57207831883; 58521198500; 57214456693; 58521198600; 59136797200; 57221513313; 8269962600; 35731728100","FMB: A functional manipulation benchmark for generalizable robotic learning","2024","International Journal of Robotics Research","","","","","","","2","10.1177/02783649241276017","https://www.scopus.com/inward/record.uri?eid=2-s2.0-85203095638&doi=10.1177%2f02783649241276017&partnerID=40&md5=c1efafe7be8440b43ab6f1792bc39957","Article","Article in press","All Open Access; Green Open Access","Scopus","2-s2.0-85203095638"
"Samarawickrama K.; Sharma G.; Angleraud A.; Pieters R.","Samarawickrama, Kulunu (57454658100); Sharma, Gaurang (58086404500); Angleraud, Alexandre (57204953042); Pieters, Roel (35185535700)","57454658100; 58086404500; 57204953042; 35185535700","6D Assembly Pose Estimation by Point Cloud Registration for Robotic Manipulation","2024","IEEE International Conference on Automation Science and Engineering","","","","846","853","7","1","10.1109/CASE59546.2024.10711374","https://www.scopus.com/inward/record.uri?eid=2-s2.0-85201753101&doi=10.1109%2fCASE59546.2024.10711374&partnerID=40&md5=64872943b246af94ac2f384cc4d26172","Conference paper","Final","","Scopus","2-s2.0-85201753101"
"Hammoud A.; Belcamino V.; Huet Q.; Carfi A.; Khoramshahi M.; Perdereau V.; Mastrogiovanni F.","Hammoud, Ali (59679881200); Belcamino, Valerio (57564844300); Huet, Quentin (59193533700); Carfi, Alessandro (57204949335); Khoramshahi, Mahdi (55841144900); Perdereau, Veronique (6603016055); Mastrogiovanni, Fulvio (56962745700)","59679881200; 57564844300; 59193533700; 57204949335; 55841144900; 6603016055; 56962745700","Robotic in-hand manipulation with relaxed optimization","2024","IEEE International Workshop on Robot and Human Communication, RO-MAN","","","","1422","1429","7","0","10.1109/RO-MAN60168.2024.10731302","https://www.scopus.com/inward/record.uri?eid=2-s2.0-85209801166&doi=10.1109%2fRO-MAN60168.2024.10731302&partnerID=40&md5=50f682418510fda0e0af31eb0934b558","Conference paper","Final","All Open Access; Green Open Access","Scopus","2-s2.0-85209801166"
"Arenas M.G.; Xiao T.; Singh S.; Jain V.; Ren A.; Vuong Q.; Varley J.; Herzog A.; Leal I.; Kirmani S.; Prats M.; Sadigh D.; Sindhwani V.; Rao K.; Liang J.; Zeng A.","Arenas, Montserrat Gonzalez (57189597395); Xiao, Ted (57201791950); Singh, Sumeet (56042918600); Jain, Vidhi (57224727022); Ren, Allen (57219793442); Vuong, Quan (57210647081); Varley, Jake (57117449200); Herzog, Alexander (55325170500); Leal, Isabel (57221099713); Kirmani, Sean (57204953679); Prats, Mario (23010042400); Sadigh, Dorsa (55052871500); Sindhwani, Vikas (14822592800); Rao, Kanishka (56939638200); Liang, Jacky (57201602266); Zeng, Andy (57195417034)","57189597395; 57201791950; 56042918600; 57224727022; 57219793442; 57210647081; 57117449200; 55325170500; 57221099713; 57204953679; 23010042400; 55052871500; 14822592800; 56939638200; 57201602266; 57195417034","How to Prompt Your Robot: A PromptBook for Manipulation Skills with Code as Policies","2024","Proceedings - IEEE International Conference on Robotics and Automation","","","","4340","4348","8","3","10.1109/ICRA57147.2024.10610784","https://www.scopus.com/inward/record.uri?eid=2-s2.0-85202433289&doi=10.1109%2fICRA57147.2024.10610784&partnerID=40&md5=12f2e9037868202ad3a848a5e8b6f422","Conference paper","Final","","Scopus","2-s2.0-85202433289"
"","","","1st European Symposium on Artificial Intelligence in Manufacturing, ESAIM 2023","2024","Lecture Notes in Mechanical Engineering","","","","","","194","0","","https://www.scopus.com/inward/record.uri?eid=2-s2.0-85199182742&partnerID=40&md5=2835a61831b59af41d61b8a6d2c13561","Conference review","Final","","Scopus","2-s2.0-85199182742"
"Akkaladevi S.C.; Propst M.; Deshpande K.; Hofmann M.; Pichler A.; Sapoutzoglou P.; Zacharia A.; Kalogeras D.; Pateraki M.","Akkaladevi, Sharath Chandra (55970920300); Propst, Matthias (57224360327); Deshpande, Kapil (57930218800); Hofmann, Michael (55684296300); Pichler, Andreas (7004603934); Sapoutzoglou, Panagiotis (58885763900); Zacharia, Athena (59371452600); Kalogeras, Dimitrios (6603100945); Pateraki, Maria (36793414300)","55970920300; 57224360327; 57930218800; 55684296300; 7004603934; 58885763900; 59371452600; 6603100945; 36793414300","Dynamic Adaptability in Human-Robot Collaboration for Industrial Assembly: A Behaviour Tree Based Task Execution","2024","Lecture Notes in Mechanical Engineering","","","","305","312","7","0","10.1007/978-3-031-74482-2_34","https://www.scopus.com/inward/record.uri?eid=2-s2.0-85213313529&doi=10.1007%2f978-3-031-74482-2_34&partnerID=40&md5=b6083e6f75ccc1156032a6afce371cb9","Conference paper","Final","","Scopus","2-s2.0-85213313529"
"Jiang R.; Cheng X.; Sang H.; Wang Z.; Zhou Y.; He B.","Jiang, Rong (57207412423); Cheng, Xu (57211209513); Sang, Hongrui (57221051056); Wang, Zhipeng (55322100700); Zhou, Yanmin (36612688500); He, Bin (57421744300)","57207412423; 57211209513; 57221051056; 55322100700; 36612688500; 57421744300","GTHSL: A Goal-Task-Driven Hierarchical Sharing Learning Method to Learn Long-Horizon Tasks Autonomously","2024","IEEE Transactions on Industrial Electronics","","","","","","","0","10.1109/TIE.2024.3454534","https://www.scopus.com/inward/record.uri?eid=2-s2.0-85205419935&doi=10.1109%2fTIE.2024.3454534&partnerID=40&md5=1f57a2b592f66bb193836eed5c77429e","Article","Article in press","","Scopus","2-s2.0-85205419935"
"Zhang Y.; Pezzato C.; Trevisan E.; Salmi C.; Corbato C.H.; Alonso-Mora J.","Zhang, Yuezhe (58784420600); Pezzato, Corrado (57215652850); Trevisan, Elia (57484926100); Salmi, Chadi (57456100500); Corbato, Carlos Hernandez (55263518800); Alonso-Mora, Javier (37057150200)","58784420600; 57215652850; 57484926100; 57456100500; 55263518800; 37057150200","Multi-Modal MPPI and Active Inference for Reactive Task and Motion Planning","2024","IEEE Robotics and Automation Letters","9","9","","7461","7468","7","0","10.1109/LRA.2024.3426183","https://www.scopus.com/inward/record.uri?eid=2-s2.0-85198300169&doi=10.1109%2fLRA.2024.3426183&partnerID=40&md5=072393e0c4b5f4e1b482b380b602c9ba","Article","Final","","Scopus","2-s2.0-85198300169"
"Si W.; Jin Z.; Lu Z.; Wang N.; Yang C.","Si, Weiyong (57195431451); Jin, Zhehao (57219144006); Lu, Zhenyu (56411276300); Wang, Ning (55446268900); Yang, Chenguang (55671767000)","57195431451; 57219144006; 56411276300; 55446268900; 55671767000","A Stable Guidance Method for Teleoperation-based Robot Learning from Demonstration","2024","IEEE International Conference on Automation Science and Engineering","","","","2376","2381","5","0","10.1109/CASE59546.2024.10711823","https://www.scopus.com/inward/record.uri?eid=2-s2.0-85208275828&doi=10.1109%2fCASE59546.2024.10711823&partnerID=40&md5=519aa84517ae8324ce84e8d09c1b23c5","Conference paper","Final","","Scopus","2-s2.0-85208275828"
"Murray M.; Su E.; Cakmak M.","Murray, Michael (57219691685); Su, Entong (57426605500); Cakmak, Maya (22940323800)","57219691685; 57426605500; 22940323800","Diffusion-PbD: Generalizable Robot Programming by Demonstration with Diffusion Features","2024","IEEE International Conference on Intelligent Robots and Systems","","","","5168","5175","7","0","10.1109/IROS58592.2024.10802625","https://www.scopus.com/inward/record.uri?eid=2-s2.0-85216482746&doi=10.1109%2fIROS58592.2024.10802625&partnerID=40&md5=9761086efe5be6e215130bf193194371","Conference paper","Final","","Scopus","2-s2.0-85216482746"
"Ding J.; Kessler I.; Perzylo A.; Knauer M.; Dömel A.; Willibald C.; Riedel S.; Profanter S.; Brunner S.; Dunaev A.; Li L.; Brucker M.","Ding, Junsheng (58675248500); Kessler, Ingmar (56742942800); Perzylo, Alexander (41461828500); Knauer, Markus (57915300700); Dömel, Andreas (46860998600); Willibald, Christoph (57222348755); Riedel, Sebastian (57190370184); Profanter, Stefan (56031722500); Brunner, Sebastian (55843979100); Dunaev, Arsenii (59520947600); Li, Le (59521051800); Brucker, Manuel (35274635900)","58675248500; 56742942800; 41461828500; 57915300700; 46860998600; 57222348755; 57190370184; 56031722500; 55843979100; 59520947600; 59521051800; 35274635900","Intuitive Instruction of Robot Systems: Semantic Integration of Standardized Skill Interfaces","2024","IEEE International Conference on Industrial Informatics (INDIN)","","","","","","","0","10.1109/INDIN58382.2024.10774421","https://www.scopus.com/inward/record.uri?eid=2-s2.0-85215518169&doi=10.1109%2fINDIN58382.2024.10774421&partnerID=40&md5=dfc4087e2aa358ebd2cc08f0d347f3d3","Conference paper","Final","","Scopus","2-s2.0-85215518169"
"Zhuo F.; He Y.; Yu F.; Li P.; Zhao Z.; Sun X.","Zhuo, Fan (59332737400); He, Ying (57223383893); Yu, Fei (58448657200); Li, Pengteng (57920887700); Zhao, Zheyi (59333107900); Sun, Xilong (59317916300)","59332737400; 57223383893; 58448657200; 57920887700; 59333107900; 59317916300","ABM: Attention before Manipulation","2024","IJCAI International Joint Conference on Artificial Intelligence","","","","1816","1824","8","0","","https://www.scopus.com/inward/record.uri?eid=2-s2.0-85204296281&partnerID=40&md5=6d0e04c9e29a600ee3184af446b62f19","Conference paper","Final","","Scopus","2-s2.0-85204296281"
"Zeng Y.; Mu Y.; Shao L.","Zeng, Yuwei (58574366100); Mu, Yao (57219693991); Shao, Lin (57202584207)","58574366100; 57219693991; 57202584207","Learning Reward for Robot Skills Using Large Language Models via Self-Alignment","2024","Proceedings of Machine Learning Research","235","","","58366","58386","20","0","","https://www.scopus.com/inward/record.uri?eid=2-s2.0-85203810318&partnerID=40&md5=4eac4a0fff50eec5cb5a73fdd083f8d8","Conference paper","Final","","Scopus","2-s2.0-85203810318"
"Zhang H.; Huang Y.; Han W.; Xiong D.; Zhang C.; Yang Y.","Zhang, Haoke (57207737166); Huang, Yiyong (7501579704); Han, Wei (57225659511); Xiong, Dan (55556077800); Zhang, Chuanfu (57274547400); Yang, Yanjie (57199056827)","57207737166; 7501579704; 57225659511; 55556077800; 57274547400; 57199056827","Adaptive Skill Selection for Effective Exploration of Action Space","2024","Proceedings of the International Joint Conference on Neural Networks","","","","","","","0","10.1109/IJCNN60899.2024.10650465","https://www.scopus.com/inward/record.uri?eid=2-s2.0-85204959308&doi=10.1109%2fIJCNN60899.2024.10650465&partnerID=40&md5=96d2a307a9ba9d6421c351e0b5f64311","Conference paper","Final","","Scopus","2-s2.0-85204959308"
"Dangle A.R.; Deshmukh M.P.; Boby D.; Calli B.","Dangle, Anagha Rajendra (57665273900); Deshmukh, Mihir Pradeep (59506313400); Boby, Denny (59505888100); Calli, Berk (24605108500)","57665273900; 59506313400; 59505888100; 24605108500","Leveraging Dexterous Picking Skills for Complex Multi-Object Scenes","2024","IEEE-RAS International Conference on Humanoid Robots","","","","250","257","7","0","10.1109/Humanoids58906.2024.10769789","https://www.scopus.com/inward/record.uri?eid=2-s2.0-85214465537&doi=10.1109%2fHumanoids58906.2024.10769789&partnerID=40&md5=bb3d1939d77bda9068e4c1b15e2ec343","Conference paper","Final","","Scopus","2-s2.0-85214465537"
"Zhao J.; Vogel-Heuser B.; Ao J.; Wu Y.; Zhang L.; Hartl F.; Hujo D.; Bing Z.; Wu F.; Knoll A.; Haddadin S.; Vojanec B.; Markert T.; Kraft A.","Zhao, Jingyun (58653754900); Vogel-Heuser, Birgit (6603480302); Ao, Jicong (59357873800); Wu, Yansong (57222815211); Zhang, Liding (59448636700); Hartl, Fandi (58919541500); Hujo, Dominik (57205425672); Bing, Zhenshan (57194493806); Wu, Fan (57207815494); Knoll, Alois (7102250639); Haddadin, Sami (23008499000); Vojanec, Bernd (57219503971); Markert, Timo (57415462300); Kraft, André (57203008559)","58653754900; 6603480302; 59357873800; 57222815211; 59448636700; 58919541500; 57205425672; 57194493806; 57207815494; 7102250639; 23008499000; 57219503971; 57415462300; 57203008559","Ontology Based AI Planning and Scheduling for Robotic Assembly","2024","IEEE International Conference on Intelligent Robots and Systems","","","","9855","9862","7","0","10.1109/IROS58592.2024.10802295","https://www.scopus.com/inward/record.uri?eid=2-s2.0-85216456809&doi=10.1109%2fIROS58592.2024.10802295&partnerID=40&md5=5e64561e5369cf1bc19c651525004434","Conference paper","Final","","Scopus","2-s2.0-85216456809"
"Abbatematteo B.; Rosen E.; Thompson S.; Akbulut T.; Rammohan S.; Konidaris G.","Abbatematteo, Ben (57288737700); Rosen, Eric (57195424425); Thompson, Skye (57470802500); Akbulut, Tuluhan (57952180500); Rammohan, Sreehari (57226594827); Konidaris, George (14822243500)","57288737700; 57195424425; 57470802500; 57952180500; 57226594827; 14822243500","Composable Interaction Primitives: A Structured Policy Class for Efficiently Learning Sustained-Contact Manipulation Skills","2024","Proceedings - IEEE International Conference on Robotics and Automation","","","","7522","7529","7","0","10.1109/ICRA57147.2024.10610846","https://www.scopus.com/inward/record.uri?eid=2-s2.0-85202446367&doi=10.1109%2fICRA57147.2024.10610846&partnerID=40&md5=4026a4520488d1df44f10bf6f80f34ae","Conference paper","Final","","Scopus","2-s2.0-85202446367"
"Lohi T.; Soutukorva S.; Heikkila T.","Lohi, Taneli (58079110900); Soutukorva, Samuli (58078106400); Heikkila, Tapio (7007151118)","58079110900; 58078106400; 7007151118","Programming of Skill-Based Robots","2024","2024 IEEE 19th Conference on Industrial Electronics and Applications, ICIEA 2024","","","","","","","0","10.1109/ICIEA61579.2024.10664981","https://www.scopus.com/inward/record.uri?eid=2-s2.0-85205689325&doi=10.1109%2fICIEA61579.2024.10664981&partnerID=40&md5=90ecd6b87dfedcf43ca9c382c71d4248","Conference paper","Final","","Scopus","2-s2.0-85205689325"
"Rizwan M.; Reichenbach C.; Caldas R.; Mayr M.; Krueger V.","Rizwan, Momina (57219272773); Reichenbach, Christoph (17344284400); Caldas, Ricardo (57203398642); Mayr, Matthias (57290705000); Krueger, Volker (7003464904)","57219272773; 17344284400; 57203398642; 57290705000; 7003464904","EzSkiROS: enhancing robot skill composition with embedded DSL for early error detection","2024","Frontiers in Robotics and AI","11","","1363443","","","","0","10.3389/frobt.2024.1363443","https://www.scopus.com/inward/record.uri?eid=2-s2.0-85214998106&doi=10.3389%2ffrobt.2024.1363443&partnerID=40&md5=bf3c833489ffc3db7c2e9cfdfc5d5d61","Article","Final","All Open Access; Gold Open Access","Scopus","2-s2.0-85214998106"
"Jin C.; Liu X.; Zhao Y.; Zhu Y.; Wang J.; Wang H.","Jin, Cong (57203599440); Liu, Xiaoyu (59162761300); Zhao, YuFei (59163906000); Zhu, Yonggui (8656971000); Wang, Jie (59163223000); Wang, Hesheng (56183152100)","57203599440; 59162761300; 59163906000; 8656971000; 59163223000; 56183152100","ViolinBot: A Framework for Imitation Learning of Violin Bowing Using Fuzzy Logic and PCA","2024","IEEE Transactions on Fuzzy Systems","32","9","","5005","5017","12","2","10.1109/TFUZZ.2024.3409146","https://www.scopus.com/inward/record.uri?eid=2-s2.0-85195403794&doi=10.1109%2fTFUZZ.2024.3409146&partnerID=40&md5=b8db0c212f0a62e3cbc0f1ed0d939653","Article","Final","","Scopus","2-s2.0-85195403794"
"Lancaster P.; Hansen N.; Rajeswaran A.; Kumar V.","Lancaster, Patrick (57117470000); Hansen, Nicklas (57200115256); Rajeswaran, Aravind (57191609732); Kumar, Vikash (57202530476)","57117470000; 57200115256; 57191609732; 57202530476","MoDem-V2: Visuo-Motor World Models for Real-World Robot Manipulation","2024","Proceedings - IEEE International Conference on Robotics and Automation","","","","7530","7537","7","2","10.1109/ICRA57147.2024.10611121","https://www.scopus.com/inward/record.uri?eid=2-s2.0-85202430037&doi=10.1109%2fICRA57147.2024.10611121&partnerID=40&md5=c7f46e05c873d37d0e8cf13c8eac868c","Conference paper","Final","","Scopus","2-s2.0-85202430037"
"Bu X.; Li W.; Liu Z.; Ma Z.; Huang P.","Bu, Xizhou (58778693100); Li, Wenjuan (59282207300); Liu, Zhengxiong (24450548800); Ma, Zhiqiang (57189493751); Huang, Panfeng (8608333800)","58778693100; 59282207300; 24450548800; 57189493751; 8608333800","Aligning Human Intent from Imperfect Demonstrations with Confidence-Based Inverse Soft-Q Learning","2024","IEEE Robotics and Automation Letters","9","8","","7150","7157","7","0","10.1109/LRA.2024.3418275","https://www.scopus.com/inward/record.uri?eid=2-s2.0-85197035020&doi=10.1109%2fLRA.2024.3418275&partnerID=40&md5=7417beda73f8aef5fa5f8e6738afd333","Article","Final","All Open Access; Green Open Access","Scopus","2-s2.0-85197035020"
"Singh J.; Zhou J.; Beferull-Lozano B.; Yan S.; Khan S.","Singh, Jayant (58003518600); Zhou, Jing (35792774000); Beferull-Lozano, Baltasar (55887801800); Yan, Shijun (58637299300); Khan, Shalman (59354501700)","58003518600; 35792774000; 55887801800; 58637299300; 59354501700","Haptic Teleoperation Framework for Learning Task Space Fine Manipulation Skills","2024","2024 IEEE 19th Conference on Industrial Electronics and Applications, ICIEA 2024","","","","","","","0","10.1109/ICIEA61579.2024.10665270","https://www.scopus.com/inward/record.uri?eid=2-s2.0-85205703472&doi=10.1109%2fICIEA61579.2024.10665270&partnerID=40&md5=dfb12acf052e793279e238bb7c180b46","Conference paper","Final","","Scopus","2-s2.0-85205703472"
"Malafosse P.; Albore A.; Guiochet J.; Lesire C.","Malafosse, Pierre (57945199600); Albore, Alexandre (6506318631); Guiochet, Jeremie (6506145469); Lesire, Charles (8941481100)","57945199600; 6506318631; 6506145469; 8941481100","Extended Abstract: Skill-Based Architectures in Autonomous Systems: Lessons Learnt","2024","CEUR Workshop Proceedings","3860","","","53","59","6","0","","https://www.scopus.com/inward/record.uri?eid=2-s2.0-85213383211&partnerID=40&md5=71b0e16fe7b7a6a9793ac677210db70d","Conference paper","Final","","Scopus","2-s2.0-85213383211"
"Zhang X.; Zhang R.; Huang D.; Li Y.","Zhang, Xin (55854388600); Zhang, Ruiqing (58038478300); Huang, Deqing (25521811100); Li, Yanan (35174564100)","55854388600; 58038478300; 25521811100; 35174564100","Robot Skill Learning and Generalization based on Human-robot Collaboration and Computer Vision","2024","Proceedings of 2024 IEEE 13th Data Driven Control and Learning Systems Conference, DDCLS 2024","","","","2095","2100","5","0","10.1109/DDCLS61622.2024.10606751","https://www.scopus.com/inward/record.uri?eid=2-s2.0-85202440475&doi=10.1109%2fDDCLS61622.2024.10606751&partnerID=40&md5=e428d9dcefb3dc67e9b1e791578c4e31","Conference paper","Final","","Scopus","2-s2.0-85202440475"
"Piercy T.; Herrmann G.; Cangelosi A.; Zoulias I.D.; Lopez Pulgarin E.J.","Piercy, Thomas (56755230100); Herrmann, Guido (7202781941); Cangelosi, Angelo (6701387796); Zoulias, Ioannis Dimitrios (57190191924); Lopez Pulgarin, Erwin Jose (57191895115)","56755230100; 7202781941; 6701387796; 57190191924; 57191895115","Relationships Between Experience, Sleepiness, Height, Reported Task Load, and Performance Scores in Teleoperators for the JET","2024","IEEE Transactions on Plasma Science","52","9","","3978","3984","6","0","10.1109/TPS.2024.3428391","https://www.scopus.com/inward/record.uri?eid=2-s2.0-85200809726&doi=10.1109%2fTPS.2024.3428391&partnerID=40&md5=81b1e83069abe87833b1c563782fe7db","Article","Final","","Scopus","2-s2.0-85200809726"
"Kim D.; Park S.-S.; Lee K.-H.; Lee D.; Ryu J.-H.","Kim, Donghyeon (59072865100); Park, Seong-Su (58924909000); Lee, Kwang-Hyun (56547633300); Lee, Dongheui (55661385300); Ryu, Jee-Hwan (7401867592)","59072865100; 58924909000; 56547633300; 55661385300; 7401867592","Is a Simulation better than Teleoperation for Acquiring Human Manipulation Skill Data?","2024","IEEE International Conference on Intelligent Robots and Systems","","","","5182","5188","6","0","10.1109/IROS58592.2024.10801865","https://www.scopus.com/inward/record.uri?eid=2-s2.0-85216469423&doi=10.1109%2fIROS58592.2024.10801865&partnerID=40&md5=545bf7a312b5becc41748a3af5d55979","Conference paper","Final","","Scopus","2-s2.0-85216469423"
"Bharadhwaj H.; Vakil J.; Sharma M.; Gupta A.; Tulsiani S.; Kumar V.","Bharadhwaj, Homanga (57203304662); Vakil, Jay (58538621700); Sharma, Mohit (57203223216); Gupta, Abhinav (57188760583); Tulsiani, Shubham (57142337900); Kumar, Vikash (57202530476)","57203304662; 58538621700; 57203223216; 57188760583; 57142337900; 57202530476","RoboAgent: Generalization and Efficiency in Robot Manipulation via Semantic Augmentations and Action Chunking","2024","Proceedings - IEEE International Conference on Robotics and Automation","","","","4788","4795","7","8","10.1109/ICRA57147.2024.10611293","https://www.scopus.com/inward/record.uri?eid=2-s2.0-85202448879&doi=10.1109%2fICRA57147.2024.10611293&partnerID=40&md5=057a9cd0c01741ee5a65dbdbe9010a8c","Conference paper","Final","","Scopus","2-s2.0-85202448879"
"","","","2024 IEEE 20th International Conference on Automation Science and Engineering, CASE 2024","2024","IEEE International Conference on Automation Science and Engineering","","","","","","4216","0","","https://www.scopus.com/inward/record.uri?eid=2-s2.0-85208228205&partnerID=40&md5=d4ef148a61bc664561ec35571096207d","Conference review","Final","","Scopus","2-s2.0-85208228205"
"Si Z.; Zhang G.; Ben Q.; Romero B.; Xian Z.; Liu C.; Gan C.","Si, Zilin (57227898400); Zhang, Gu (58598930700); Ben, Qingwei (58959714400); Romero, Branden (57219439980); Xian, Zhou (57216703907); Liu, Chao (59087506100); Gan, Chuang (57141834200)","57227898400; 58598930700; 58959714400; 57219439980; 57216703907; 59087506100; 57141834200","DIFFTACTILE: A PHYSICS-BASED DIFFERENTIABLE TACTILE SIMULATOR FOR CONTACT-RICH ROBOTIC MANIPULATION","2024","12th International Conference on Learning Representations, ICLR 2024","","","","","","","3","","https://www.scopus.com/inward/record.uri?eid=2-s2.0-85195167997&partnerID=40&md5=25a7971526e85a67e776efec47a173c3","Conference paper","Final","","Scopus","2-s2.0-85195167997"
"Ota K.; Jha D.K.; Jain S.; Yerazunis B.; Corcodel R.; Shukla Y.; Bronars A.; Romeres D.","Ota, Kei (57215561664); Jha, Devesh K. (55234715800); Jain, Siddarth (57199045780); Yerazunis, Bill (24723006200); Corcodel, Radu (57197771067); Shukla, Yash (57222350017); Bronars, Antonia (57200629029); Romeres, Diego (55605567200)","57215561664; 55234715800; 57199045780; 24723006200; 57197771067; 57222350017; 57200629029; 55605567200","Autonomous Robotic Assembly: From Part Singulation to Precise Assembly","2024","IEEE International Conference on Intelligent Robots and Systems","","","","13525","13532","7","0","10.1109/IROS58592.2024.10802423","https://www.scopus.com/inward/record.uri?eid=2-s2.0-85216446309&doi=10.1109%2fIROS58592.2024.10802423&partnerID=40&md5=d65884243cb34a4b92daeffe4606014c","Conference paper","Final","All Open Access; Green Open Access","Scopus","2-s2.0-85216446309"
"Sanches F.; Gao G.; Elangovan N.; Godoy R.V.; White T.; Jarvis P.; Liarokapis M.","Sanches, Felipe (58066243900); Gao, Geng (57215111735); Elangovan, Nathan (57211914170); Godoy, Ricardo V. (57216687138); White, Tom (58547454100); Jarvis, Patrick (57218825642); Liarokapis, Minas (36802202100)","58066243900; 57215111735; 57211914170; 57216687138; 58547454100; 57218825642; 36802202100","Scalable, Fast, Highly-Accurate Human-to-Robot Skill Transfer for the Dexterous, Efficient Operation of Histology Microtomes","2024","Proceedings of the Annual International Conference of the IEEE Engineering in Medicine and Biology Society, EMBS","","","","","","","0","10.1109/EMBC53108.2024.10782229","https://www.scopus.com/inward/record.uri?eid=2-s2.0-85214977218&doi=10.1109%2fEMBC53108.2024.10782229&partnerID=40&md5=5bf6ebc8f5a56ed6cd49fe2a9f795689","Conference paper","Final","","Scopus","2-s2.0-85214977218"
"Sidorenko A.; Wagner A.; Ruskowski M.","Sidorenko, Aleksandr (57362950400); Wagner, Achim (56281134500); Ruskowski, Martin (6506335737)","57362950400; 56281134500; 6506335737","Skills Composition Framework for Reconfigurable Cyber-Physical Production Modules","2024","IEEE International Conference on Emerging Technologies and Factory Automation, ETFA","","","","","","","0","10.1109/ETFA61755.2024.10710864","https://www.scopus.com/inward/record.uri?eid=2-s2.0-85207851297&doi=10.1109%2fETFA61755.2024.10710864&partnerID=40&md5=2fb7ed6c5d328c68eabf1d6b33b394c9","Conference paper","Final","All Open Access; Green Open Access","Scopus","2-s2.0-85207851297"
"Ota K.; Jha D.K.; Jatavallabhula K.M.; Kanezaki A.; Tenenbaum J.B.","Ota, Kei (57215561664); Jha, Devesh K. (55234715800); Jatavallabhula, Krishna Murthy (57191597707); Kanezaki, Asako (36188214400); Tenenbaum, Joshua B. (7006818404)","57215561664; 55234715800; 57191597707; 36188214400; 7006818404","Tactile Estimation of Extrinsic Contact Patch for Stable Placement","2024","Proceedings - IEEE International Conference on Robotics and Automation","","","","13876","13882","6","2","10.1109/ICRA57147.2024.10611504","https://www.scopus.com/inward/record.uri?eid=2-s2.0-85197059462&doi=10.1109%2fICRA57147.2024.10611504&partnerID=40&md5=66b19b365dfc1417483fad6b3e9d2c25","Conference paper","Final","","Scopus","2-s2.0-85197059462"
"Shi B.; Cai H.; Gao H.; Ou Y.; Wang D.","Shi, Bao (57693253800); Cai, Haiyang (59197965700); Gao, Hui (57190883134); Ou, Yongsheng (55618994600); Wang, Degang (56102987100)","57693253800; 59197965700; 57190883134; 55618994600; 56102987100","The Robot's Understanding of Classification Concepts Based on Large Language Model","2024","Proceedings of IEEE Workshop on Advanced Robotics and its Social Impacts, ARSO","","","","122","127","5","0","10.1109/ARSO60199.2024.10557816","https://www.scopus.com/inward/record.uri?eid=2-s2.0-85197253499&doi=10.1109%2fARSO60199.2024.10557816&partnerID=40&md5=5fec3151932c22e1703987c80d7ecbd9","Conference paper","Final","","Scopus","2-s2.0-85197253499"
"Carmona D.; Yu H.","Carmona, David (57958644700); Yu, Haoyong (7405853761)","57958644700; 7405853761","BiCap: A novel bi-modal dataset of daily living dual-arm manipulation actions","2024","International Journal of Robotics Research","","","","","","","0","10.1177/02783649241290836","https://www.scopus.com/inward/record.uri?eid=2-s2.0-85209208261&doi=10.1177%2f02783649241290836&partnerID=40&md5=8fd3caf64f2d5c42478160870b7a4abc","Article","Article in press","","Scopus","2-s2.0-85209208261"
"Chu X.; Tang Y.; Kwok L.H.; Cai Y.; Au K.W.S.","Chu, Xiangyu (57207943135); Tang, Yunxi (57215410791); Kwok, Lam Him (58719101200); Cai, Yuanpei (57207943311); Au, Kwok Wai Samuel (7006641958)","57207943135; 57215410791; 58719101200; 57207943311; 7006641958","Bootstrapping Robotic Skill Learning with Intuitive Teleoperation: Initial Feasibility Study","2024","Springer Proceedings in Advanced Robotics","30","","","42","52","10","0","10.1007/978-3-031-63596-0_5","https://www.scopus.com/inward/record.uri?eid=2-s2.0-85201972164&doi=10.1007%2f978-3-031-63596-0_5&partnerID=40&md5=2635ff32711a9f8947719d76227e9b7b","Conference paper","Final","","Scopus","2-s2.0-85201972164"
"Pohl C.; Reister F.; Peller-Konrad F.; Asfour T.","Pohl, Christoph (57222347636); Reister, Fabian (57747011500); Peller-Konrad, Fabian (57224322866); Asfour, Tamim (15724268700)","57222347636; 57747011500; 57224322866; 15724268700","MAkEable: Memory-centered and Affordance-based Task Execution Framework for Transferable Mobile Manipulation Skills","2024","IEEE International Conference on Intelligent Robots and Systems","","","","3674","3681","7","2","10.1109/IROS58592.2024.10801986","https://www.scopus.com/inward/record.uri?eid=2-s2.0-85214391336&doi=10.1109%2fIROS58592.2024.10801986&partnerID=40&md5=347ec0eea1293c706f9aa6bcf467a0e9","Conference paper","Final","All Open Access; Green Open Access","Scopus","2-s2.0-85214391336"
"Kong S.-C.; Yang Y.","Kong, Siu-Cheung (7203044800); Yang, Yin (57213187932)","7203044800; 57213187932","Using the Robot-Assisted Attention-Engagement-Error-Feedback-Reflection (AEER) Pedagogical Design to Develop Machine Learning Concepts and Facilitate Reflection on Learning-to-Learn Skills: Evaluation of an Empirical Study in Hong Kong Primary Schools","2024","International Conference on Computer Supported Education, CSEDU - Proceedings","2","","","155","162","7","0","10.5220/0012505700003693","https://www.scopus.com/inward/record.uri?eid=2-s2.0-85193955155&doi=10.5220%2f0012505700003693&partnerID=40&md5=e3fa77c09953c4d30f451bfa61b5477b","Conference paper","Final","All Open Access; Hybrid Gold Open Access","Scopus","2-s2.0-85193955155"
"Naughton P.; Nam J.S.; Stratton A.; Hauser K.","Naughton, Patrick (57431226400); Nam, James Seungbum (58814796200); Stratton, Andrew (57194609760); Hauser, Kris (15762568300)","57431226400; 58814796200; 57194609760; 15762568300","Integrating Open-World Shared Control in Immersive Avatars","2024","Proceedings - IEEE International Conference on Robotics and Automation","","","","17807","17813","6","0","10.1109/ICRA57147.2024.10611618","https://www.scopus.com/inward/record.uri?eid=2-s2.0-85202452450&doi=10.1109%2fICRA57147.2024.10611618&partnerID=40&md5=00aa70c99218811333a68cf63d58adb8","Conference paper","Final","","Scopus","2-s2.0-85202452450"
"Wen H.; Fu W.; Chen W.; Huan J.; Li C.; Duan X.","Wen, Hao (57214154089); Fu, Wen (58089410800); Chen, Wu (57200091602); Huan, Jiale (58089292500); Li, Changsheng (56431590800); Duan, Xingguang (55646016600)","57214154089; 58089410800; 57200091602; 58089292500; 56431590800; 55646016600","Imitation Learning and Teleoperation Shared Control With Unit Tangent Fuzzy Movement Primitives","2024","IEEE Transactions on Fuzzy Systems","32","11","","6252","6266","14","2","10.1109/TFUZZ.2024.3443713","https://www.scopus.com/inward/record.uri?eid=2-s2.0-85201486099&doi=10.1109%2fTFUZZ.2024.3443713&partnerID=40&md5=0c994bba0a233b5f202be3243768888e","Article","Final","","Scopus","2-s2.0-85201486099"
"Wang Y.; Zheng J.; Chen Z.; Xian Z.; Zhang G.; Liu C.; Gan C.","Wang, Yian (57226199816); Zheng, Juntian (58179569100); Chen, Zhehuan (57384534200); Xian, Zhou (57216703907); Zhang, Gu (58598930700); Liu, Chao (59087506100); Gan, Chuang (57141834200)","57226199816; 58179569100; 57384534200; 57216703907; 58598930700; 59087506100; 57141834200","THIN-SHELL OBJECT MANIPULATIONS WITH DIFFERENTIABLE PHYSICS SIMULATIONS","2024","12th International Conference on Learning Representations, ICLR 2024","","","","","","","2","","https://www.scopus.com/inward/record.uri?eid=2-s2.0-85191650486&partnerID=40&md5=362b12d95ff09ee356e862dd32bc559e","Conference paper","Final","","Scopus","2-s2.0-85191650486"
"Zhao J.; Chen H.; Tian Q.; Chen J.; Yang B.; Zhang Z.; Liu H.","Zhao, Jianbo (58950606600); Chen, Hao (57840147000); Tian, Qingyao (58912669400); Chen, Jian (58761910600); Yang, Bingyu (58912829800); Zhang, Zihui (58959373800); Liu, Hongbin (55719408400)","58950606600; 57840147000; 58912669400; 58761910600; 58912829800; 58959373800; 55719408400","BronchoCopilot: Towards Autonomous Robotic Bronchoscopy via Multimodal Reinforcement Learning","2024","IEEE International Conference on Intelligent Robots and Systems","","","","6923","6930","7","0","10.1109/IROS58592.2024.10802152","https://www.scopus.com/inward/record.uri?eid=2-s2.0-85216452423&doi=10.1109%2fIROS58592.2024.10802152&partnerID=40&md5=0c28b882dcac09ac6f6e85a7fded4bb6","Conference paper","Final","All Open Access; Green Open Access","Scopus","2-s2.0-85216452423"
"Kessler I.; Perzylo A.","Kessler, Ingmar (56742942800); Perzylo, Alexander (41461828500)","56742942800; 41461828500","Flexible Modeling and Execution of Semantic Manufacturing Processes for Robot Systems","2024","IEEE International Conference on Emerging Technologies and Factory Automation, ETFA","","","","","","","0","10.1109/ETFA61755.2024.10710791","https://www.scopus.com/inward/record.uri?eid=2-s2.0-85207856616&doi=10.1109%2fETFA61755.2024.10710791&partnerID=40&md5=2a4e35dea2db13d50ec60c465f20b4c8","Conference paper","Final","","Scopus","2-s2.0-85207856616"
"Katara P.; Xian Z.; Fragkiadaki K.","Katara, Pushkal (57209692359); Xian, Zhou (57216703907); Fragkiadaki, Katerina (36617488300)","57209692359; 57216703907; 36617488300","Gen2Sim: Scaling up Robot Learning in Simulation with Generative Models","2024","Proceedings - IEEE International Conference on Robotics and Automation","","","","6672","6679","7","3","10.1109/ICRA57147.2024.10610566","https://www.scopus.com/inward/record.uri?eid=2-s2.0-85198131027&doi=10.1109%2fICRA57147.2024.10610566&partnerID=40&md5=52a2e55a11f3ed1ae82c0d980f9cd217","Conference paper","Final","","Scopus","2-s2.0-85198131027"
"Xue Z.; Zhang H.; Cheng J.; He Z.; Ju Y.; Lin C.; Zhang G.; Xu H.","Xue, Zhengrong (57221339445); Zhang, Han (58607170900); Cheng, Jingwen (59302636800); He, Zhengmao (58729416600); Ju, Yuanchen (58023234300); Lin, Changyi (57914045500); Zhang, Gu (58598930700); Xu, Huazhe (57191077629)","57221339445; 58607170900; 59302636800; 58729416600; 58023234300; 57914045500; 58598930700; 57191077629","ArrayBot: Reinforcement Learning for Generalizable Distributed Manipulation through Touch","2024","Proceedings - IEEE International Conference on Robotics and Automation","","","","16744","16751","7","1","10.1109/ICRA57147.2024.10610350","https://www.scopus.com/inward/record.uri?eid=2-s2.0-85202445139&doi=10.1109%2fICRA57147.2024.10610350&partnerID=40&md5=dbcc0428d29f148ce05540c51c22fbeb","Conference paper","Final","","Scopus","2-s2.0-85202445139"
"Chang C.-M.; Sanches F.; Gao G.; Liarokapis M.","Chang, Che-Ming (57211927437); Sanches, Felipe (58066243900); Gao, Geng (57215111735); Liarokapis, Minas (36802202100)","57211927437; 58066243900; 57215111735; 36802202100","On Human to Robot Skill Transfer for the Execution of Complex Tactile American Sign Language Tasks with a Bimanual Robot Platform","2024","Proceedings of the Annual International Conference of the IEEE Engineering in Medicine and Biology Society, EMBS","","","","","","","0","10.1109/EMBC53108.2024.10782806","https://www.scopus.com/inward/record.uri?eid=2-s2.0-85214969396&doi=10.1109%2fEMBC53108.2024.10782806&partnerID=40&md5=a3d5ba73e7e294f0ace2d68456b9c977","Conference paper","Final","","Scopus","2-s2.0-85214969396"
"","","","iFM-Phd 2024 - Proceedings of the PhD Symposium at the 19th International Conference on Integrated Formal Methods in Manchester 2024","2024","CEUR Workshop Proceedings","3860","","","","","61","0","","https://www.scopus.com/inward/record.uri?eid=2-s2.0-85213318375&partnerID=40&md5=6fe3608c8cd997c386c3ebd6f58dc3b9","Conference review","Final","","Scopus","2-s2.0-85213318375"
"Speiser K.; Teizer J.","Speiser, Kilian (58654253900); Teizer, Jochen (12753630700)","58654253900; 12753630700","Worker-Centric Path Planning: Simulating Hazardous Energy to Control Construction Safety Using Graph Theory","2024","Proceedings of the International Symposium on Automation and Robotics in Construction","","","","505","512","7","1","10.22260/ISARC2024/0066","https://www.scopus.com/inward/record.uri?eid=2-s2.0-85199659115&doi=10.22260%2fISARC2024%2f0066&partnerID=40&md5=60a138aa4a18df5ef3775ee409dfe7e5","Conference paper","Final","All Open Access; Green Open Access","Scopus","2-s2.0-85199659115"
"Ramnauth R.; Brščić D.; Scassellati B.","Ramnauth, Rebecca (57222463910); Brščić, Dražen (12795389900); Scassellati, Brian (57203072853)","57222463910; 12795389900; 57203072853","Should I Help?: A Skill-Based Framework for Deciding Socially Appropriate Assistance in Human-Robot Interactions","2024","IEEE International Workshop on Robot and Human Communication, RO-MAN","","","","2051","2058","7","0","10.1109/RO-MAN60168.2024.10731350","https://www.scopus.com/inward/record.uri?eid=2-s2.0-85209776878&doi=10.1109%2fRO-MAN60168.2024.10731350&partnerID=40&md5=4a8071a3c40f57cd843fed6eae6663f0","Conference paper","Final","","Scopus","2-s2.0-85209776878"
"Zhang D.-D.; Zheng Y.; Fan W.; Lepora N.; Zhang Z.","Zhang, Dan-Dan (57207943701); Zheng, Yu (55806181800); Fan, Wen (57669299000); Lepora, Nathan (15842160700); Zhang, Zhengyou (13609600600)","57207943701; 55806181800; 57669299000; 15842160700; 13609600600","Self-Supervised Bayesian Visual Imitation Learning Applied to Robotic Pouring","2024","Proceedings of the IEEE International Conference on Industrial Technology","","","","","","","1","10.1109/ICIT58233.2024.10540679","https://www.scopus.com/inward/record.uri?eid=2-s2.0-85195795492&doi=10.1109%2fICIT58233.2024.10540679&partnerID=40&md5=035752ed21e25317f437e299006368d6","Conference paper","Final","","Scopus","2-s2.0-85195795492"
"Li P.; Liu T.; Li Y.; Han M.; Geng H.; Wang S.; Zhu Y.; Zhu S.-C.; Huang S.","Li, Puhao (57928741900); Liu, Tengyu (57307487800); Li, Yuyang (57933740000); Han, Muzhi (57222873095); Geng, Haoran (57913002200); Wang, Shu (57218333620); Zhu, Yixin (58867377700); Zhu, Song-Chun (22236080700); Huang, Siyuan (57089284100)","57928741900; 57307487800; 57933740000; 57222873095; 57913002200; 57218333620; 58867377700; 22236080700; 57089284100","Ag2Manip: Learning Novel Manipulation Skills with Agent-Agnostic Visual and Action Representations","2024","IEEE International Conference on Intelligent Robots and Systems","","","","573","580","7","0","10.1109/IROS58592.2024.10801835","https://www.scopus.com/inward/record.uri?eid=2-s2.0-85216452490&doi=10.1109%2fIROS58592.2024.10801835&partnerID=40&md5=1f8b757983bb20f23e837f9a4c23d905","Conference paper","Final","All Open Access; Green Open Access","Scopus","2-s2.0-85216452490"
"Zentner K.R.; Julian R.; Ichter B.; Sukhatme G.S.","Zentner, K.R. (57225218567); Julian, Ryan (57218584435); Ichter, Brian (55252772400); Sukhatme, Gaurav S. (7003730870)","57225218567; 57218584435; 55252772400; 7003730870","Conditionally Combining Robot Skills using Large Language Models","2024","Proceedings - IEEE International Conference on Robotics and Automation","","","","14046","14053","7","0","10.1109/ICRA57147.2024.10611275","https://www.scopus.com/inward/record.uri?eid=2-s2.0-85202450149&doi=10.1109%2fICRA57147.2024.10611275&partnerID=40&md5=bc1b6f719302b2f405d1c36b39b365a5","Conference paper","Final","","Scopus","2-s2.0-85202450149"
"Zhao Z.; Li Y.; Li W.; Qi Z.; Ruan L.; Zhu Y.; Althoefer K.","Zhao, Zihang (58156083300); Li, Yuyang (57933740000); Li, Wanlin (57203286150); Qi, Zhenghao (58950607700); Ruan, Lecheng (57207298529); Zhu, Yixin (58867377700); Althoefer, Kaspar (6701489118)","58156083300; 57933740000; 57203286150; 58950607700; 57207298529; 58867377700; 6701489118","Tac-Man: Tactile-Informed Prior-Free Manipulation of Articulated Objects","2024","IEEE Transactions on Robotics","","","","","","","3","10.1109/TRO.2024.3508134","https://www.scopus.com/inward/record.uri?eid=2-s2.0-85210988454&doi=10.1109%2fTRO.2024.3508134&partnerID=40&md5=9228651450669cade4b5b89292000a83","Article","Article in press","","Scopus","2-s2.0-85210988454"
"Donald R.; Hertel B.; Misenti S.; Yan G.; Azadeh R.","Donald, Ryan (57353660100); Hertel, Brendan (57226612498); Misenti, Stephen (59156701400); Yan, G. (56742565600); Azadeh, Reza (59089788400)","57353660100; 57226612498; 59156701400; 56742565600; 59089788400","An Adaptive Framework for Manipulator Skill Reproduction in Dynamic Environments","2024","2024 21st International Conference on Ubiquitous Robots, UR 2024","","","","498","503","5","1","10.1109/UR61395.2024.10597445","https://www.scopus.com/inward/record.uri?eid=2-s2.0-85200709411&doi=10.1109%2fUR61395.2024.10597445&partnerID=40&md5=2cb230d0b965e16af319b7cdbb0e6c31","Conference paper","Final","All Open Access; Green Open Access","Scopus","2-s2.0-85200709411"
"Sundarrajan P.; Krishnan L.R.K.","Sundarrajan, Poorani (58635816700); Krishnan, L.R.K. (57326787200)","58635816700; 57326787200","EMERGING TECHNOLOGIES AND EVOLVING WORK PRACTICES IMPACTING EMPLOYEE ENGAGEMENT: AUTOMOBILE INDUSTRY; [TECNOLOGÍAS EMERGENTES Y PRÁCTICAS DE TRABAJO EN EVOLUCIÓN QUE AFECTAN LA PARTICIPACIÓN DE LOS EMPLEADOS: INDUSTRIA DEL AUTOMÓVIL]; [TECNOLOGIAS EMERGENTES E PRÁTICAS DE TRABALHO EM EVOLUÇÃO QUE AFETAM O ENGAJAMENTO DOS FUNCIONÁRIOS: INDÚSTRIA AUTOMOTIVA]","2024","Revista de Gestao Social e Ambiental","18","9","e05835","","","","2","10.24857/rgsa.v18n9-012","https://www.scopus.com/inward/record.uri?eid=2-s2.0-85193822095&doi=10.24857%2frgsa.v18n9-012&partnerID=40&md5=a2e5525f06d1fe6d685748b9b41f952e","Article","Final","All Open Access; Hybrid Gold Open Access","Scopus","2-s2.0-85193822095"
"Meattini R.; Ameri A.; Bernardini A.; Gonzalez-Huarte J.; Ibarguren A.; Melchiorri C.; Palli G.","Meattini, Roberto (56731116700); Ameri, Armando (59384482900); Bernardini, Alessandra (57826576900); Gonzalez-Huarte, Javier (58667172500); Ibarguren, Aitor (15135766700); Melchiorri, Claudio (7005102783); Palli, Gianluca (23009761100)","56731116700; 59384482900; 57826576900; 58667172500; 15135766700; 7005102783; 23009761100","Neuromuscular Interfacing for Advancing Kinesthetic and Teleoperated Programming by Demonstration of Collaborative Robots","2024","IEEE Transactions on Haptics","","","","","","","0","10.1109/TOH.2024.3484373","https://www.scopus.com/inward/record.uri?eid=2-s2.0-85207445761&doi=10.1109%2fTOH.2024.3484373&partnerID=40&md5=2d9fb46b4fd3c426e9f96e405480f704","Article","Article in press","","Scopus","2-s2.0-85207445761"
"So P.; Abdelrahman A.; Le H.Q.; Swikir A.; Haddadin S.","So, Peter (57434633100); Abdelrahman, Ahmed (59529300400); Le, Hoan Quang (59529449900); Swikir, Abdalla (57190489133); Haddadin, Sami (23008499000)","57434633100; 59529300400; 59529449900; 57190489133; 23008499000","Towards Mastering Real-World Robot Benchmarking: Lessons Learned from the Robothon Grand Challenge","2024","Springer Proceedings in Advanced Robotics","33 SPAR","","","87","91","4","0","10.1007/978-3-031-76428-8_17","https://www.scopus.com/inward/record.uri?eid=2-s2.0-85216091717&doi=10.1007%2f978-3-031-76428-8_17&partnerID=40&md5=a6ff70589a48132c5c600d6ad7335447","Conference paper","Final","","Scopus","2-s2.0-85216091717"
"Tziafas G.; Kasaei H.","Tziafas, Georgios (57223769158); Kasaei, Hamidreza (6602182120)","57223769158; 6602182120","Lifelong Robot Library Learning: Bootstrapping Composable and Generalizable Skills for Embodied Control with Language Models","2024","Proceedings - IEEE International Conference on Robotics and Automation","","","","515","522","7","0","10.1109/ICRA57147.2024.10611448","https://www.scopus.com/inward/record.uri?eid=2-s2.0-85202446795&doi=10.1109%2fICRA57147.2024.10611448&partnerID=40&md5=6ceb1b11ef9bac9fe30a618e62e34ccb","Conference paper","Final","","Scopus","2-s2.0-85202446795"
"Kurscheid S.; Daub R.","Kurscheid, Sebastian (57211018339); Daub, Ruediger (36727204200)","57211018339; 36727204200","Automated Robot Skill Parameterization Based On Task Specifications","2024","IEEE International Conference on Emerging Technologies and Factory Automation, ETFA","","","","","","","0","10.1109/ETFA61755.2024.10711102","https://www.scopus.com/inward/record.uri?eid=2-s2.0-85207835662&doi=10.1109%2fETFA61755.2024.10711102&partnerID=40&md5=1c09b7f577f25915c52c68d080101c7b","Conference paper","Final","","Scopus","2-s2.0-85207835662"
"Liu D.; Jiang Y.; Du Y.; Wang Z.; Cong M.","Liu, Dong (57137089900); Jiang, Yuhang (59181114300); Du, Yu (56424435200); Wang, Zitu (57217279389); Cong, Ming (16306181000)","57137089900; 59181114300; 56424435200; 57217279389; 16306181000","Bi-phase Episodic Memory-Guided Deep Reinforcement Learning for Robot Skills","2024","IEEE Robotics and Automation Letters","","","","1","8","7","0","10.1109/LRA.2024.3416796","https://www.scopus.com/inward/record.uri?eid=2-s2.0-85196558199&doi=10.1109%2fLRA.2024.3416796&partnerID=40&md5=364d0437750469c086ad767ecf608781","Article","Article in press","","Scopus","2-s2.0-85196558199"
"Li B.; Liu X.; Liu Z.; Huang P.","Li, Bingqian (58497784200); Liu, Xing (56278821100); Liu, Zhengxiong (24450548800); Huang, Panfeng (8608333800)","58497784200; 56278821100; 24450548800; 8608333800","Hybrid Reinforcement Learning based on Human Preference and Advice for Efficient Robot Skill Learning","2024","ICARM 2024 - 2024 9th IEEE International Conference on Advanced Robotics and Mechatronics","","","","655","661","6","0","10.1109/ICARM62033.2024.10715884","https://www.scopus.com/inward/record.uri?eid=2-s2.0-85208034704&doi=10.1109%2fICARM62033.2024.10715884&partnerID=40&md5=710f42d61c8cffd4c7ed58078287dd12","Conference paper","Final","","Scopus","2-s2.0-85208034704"
"Liang Y.; Ellis K.; Henriques J.","Liang, Yichao (58777471100); Ellis, Kevin (56522550400); Henriques, João (36494610100)","58777471100; 56522550400; 36494610100","Rapid Motor Adaptation for Robotic Manipulator Arms","2024","Proceedings of the IEEE Computer Society Conference on Computer Vision and Pattern Recognition","","","","16404","16413","9","1","10.1109/CVPR52733.2024.01552","https://www.scopus.com/inward/record.uri?eid=2-s2.0-85203798861&doi=10.1109%2fCVPR52733.2024.01552&partnerID=40&md5=245910476458717bea1683d7158dcfe4","Conference paper","Final","All Open Access; Green Open Access","Scopus","2-s2.0-85203798861"
"Meng Q.; Kress-Gazit H.","Meng, Qian (59256805100); Kress-Gazit, Hadas (15762557900)","59256805100; 15762557900","Automated Robot Recovery from Assumption Violations of High-Level Specifications","2024","IEEE International Conference on Automation Science and Engineering","","","","4154","4161","7","0","10.1109/CASE59546.2024.10711578","https://www.scopus.com/inward/record.uri?eid=2-s2.0-85208254151&doi=10.1109%2fCASE59546.2024.10711578&partnerID=40&md5=1b896aab529909611a32873badee68e1","Conference paper","Final","All Open Access; Green Open Access","Scopus","2-s2.0-85208254151"
"Esteban-Lozano I.; Castro-González Á.; Martínez P.","Esteban-Lozano, Iván (59165363100); Castro-González, Álvaro (36655483500); Martínez, Paloma (7202906176)","59165363100; 36655483500; 7202906176","Using a LLM-Based Conversational Agent in the Social Robot Mini","2024","Lecture Notes in Computer Science (including subseries Lecture Notes in Artificial Intelligence and Lecture Notes in Bioinformatics)","14736 LNAI","","","15","26","11","1","10.1007/978-3-031-60615-1_2","https://www.scopus.com/inward/record.uri?eid=2-s2.0-85195460299&doi=10.1007%2f978-3-031-60615-1_2&partnerID=40&md5=b7f9aee6157cd915f0dc96ed63642be2","Conference paper","Final","","Scopus","2-s2.0-85195460299"
"Ma J.; Zhang R.; Yang J.; Li Y.; Huang D.","Ma, Junjie (57268848400); Zhang, Ruiqing (58038478300); Yang, Jinlong (57792811600); Li, Yanan (35174564100); Huang, Deqing (25521811100)","57268848400; 58038478300; 57792811600; 35174564100; 25521811100","Robot Skill Learning in Human-Robot Collaboration with Dynamic Time Warping Iterative Learning Control","2024","Proceedings of the IEEE International Conference on Industrial Technology","","","","","","","0","10.1109/ICIT58233.2024.10540905","https://www.scopus.com/inward/record.uri?eid=2-s2.0-85195803218&doi=10.1109%2fICIT58233.2024.10540905&partnerID=40&md5=8828dbd35425c1e55910692c34ea5006","Conference paper","Final","","Scopus","2-s2.0-85195803218"
"Arm P.; Mittal M.; Kolvenbach H.; Hutter M.","Arm, Philip (57208628310); Mittal, Mayank (57219444089); Kolvenbach, Hendrik (57193776762); Hutter, Marco (35409405200)","57208628310; 57219444089; 57193776762; 35409405200","Pedipulate: Enabling Manipulation Skills using a Quadruped Robot's Leg","2024","Proceedings - IEEE International Conference on Robotics and Automation","","","","5717","5723","6","5","10.1109/ICRA57147.2024.10611307","https://www.scopus.com/inward/record.uri?eid=2-s2.0-85193767035&doi=10.1109%2fICRA57147.2024.10611307&partnerID=40&md5=603e6e1ebd3b4142dc4f1290071592e3","Conference paper","Final","","Scopus","2-s2.0-85193767035"
"","","","2024 21st International Conference on Ubiquitous Robots, UR 2024","2024","2024 21st International Conference on Ubiquitous Robots, UR 2024","","","","","","691","0","","https://www.scopus.com/inward/record.uri?eid=2-s2.0-85200764165&partnerID=40&md5=fc0afbdadf9ab8f09e5b527c289eac45","Conference review","Final","","Scopus","2-s2.0-85200764165"
"Rofer A.; Nematollahi I.; Welschehold T.; Burgard W.; Valada A.","Rofer, Adrian (57219433806); Nematollahi, Iman (57202679292); Welschehold, Tim (56974419500); Burgard, Wolfram (7003610380); Valada, Abhinav (37121030000)","57219433806; 57202679292; 56974419500; 7003610380; 37121030000","Bayesian Optimization for Sample-Efficient Policy Improvement in Robotic Manipulation","2024","IEEE International Conference on Intelligent Robots and Systems","","","","2801","2808","7","0","10.1109/IROS58592.2024.10802400","https://www.scopus.com/inward/record.uri?eid=2-s2.0-85216446898&doi=10.1109%2fIROS58592.2024.10802400&partnerID=40&md5=0aa94d07dc9362b62b799d8de0e2bdb3","Conference paper","Final","All Open Access; Green Open Access","Scopus","2-s2.0-85216446898"
"Han R.; Liu N.; Liu C.; Gou T.; Sun F.","Han, Renjie (58698585100); Liu, Naijun (57203036347); Liu, Chang (57141847600); Gou, Tianyu (58698178100); Sun, Fuchun (57204699218)","58698585100; 57203036347; 57141847600; 58698178100; 57204699218","Enhancing Robot Manipulation Skill Learning with Multi-task Capability Based on Transformer and Token Reduction","2024","Communications in Computer and Information Science","1919 CCIS","","","121","135","14","1","10.1007/978-981-99-8021-5_10","https://www.scopus.com/inward/record.uri?eid=2-s2.0-85176946408&doi=10.1007%2f978-981-99-8021-5_10&partnerID=40&md5=1acbee64af6888ce279efa835808e01a","Conference paper","Final","","Scopus","2-s2.0-85176946408"
"Cong M.; Li J.; Liu D.; Du Y.","Cong, Ming (16306181000); Li, Jinzhong (57315952300); Liu, Dong (57137089900); Du, Yu (56424435200)","16306181000; 57315952300; 57137089900; 56424435200","Review of the Application of Goal-directed Cognitive Mechanism in Robotics; [目标导向的认知机制在机器人领域的应用综述]","2023","Jixie Gongcheng Xuebao/Journal of Mechanical Engineering","59","23","","1","22","21","0","10.3901/JME.2023.23.001","https://www.scopus.com/inward/record.uri?eid=2-s2.0-85185887934&doi=10.3901%2fJME.2023.23.001&partnerID=40&md5=6276baa773dc742b8b3b797cecc9af07","Article","Final","","Scopus","2-s2.0-85185887934"
"Pomarlan M.; Hedblom M.M.; Porzel R.","Pomarlan, Mihai (35410087600); Hedblom, Maria M. (56458551200); Porzel, Robert (21741148500)","35410087600; 56458551200; 21741148500","Curiously exploring affordance spaces of a pouring task","2023","Expert Systems","40","6","e13213","","","","2","10.1111/exsy.13213","https://www.scopus.com/inward/record.uri?eid=2-s2.0-85144100802&doi=10.1111%2fexsy.13213&partnerID=40&md5=f087e4bf13b8c592ef67a5010d4dae2a","Article","Final","All Open Access; Hybrid Gold Open Access","Scopus","2-s2.0-85144100802"
"Kong L.-H.; He W.; Chen W.-S.; Zhang H.; Wang Y.-N.","Kong, Ling-Huan (57196187799); He, Wei (56580949000); Chen, Wen-Shi (57222041315); Zhang, Hui (56955310400); Wang, Yao-Nan (55998880600)","57196187799; 56580949000; 57222041315; 56955310400; 55998880600","Dynamic Movement Primitives Based Robot Skills Learning","2023","Machine Intelligence Research","20","3","","396","407","11","51","10.1007/s11633-022-1346-z","https://www.scopus.com/inward/record.uri?eid=2-s2.0-85145703096&doi=10.1007%2fs11633-022-1346-z&partnerID=40&md5=004769ad647c4c0afbb075ae41dbca82","Article","Final","All Open Access; Hybrid Gold Open Access","Scopus","2-s2.0-85145703096"
"","","","29th International Conference on Cooperative Information Systems, CoopIS 2023","2024","Lecture Notes in Computer Science (including subseries Lecture Notes in Artificial Intelligence and Lecture Notes in Bioinformatics)","14353 LNCS","","","","","505","0","","https://www.scopus.com/inward/record.uri?eid=2-s2.0-85175951105&partnerID=40&md5=4be8bfb4f3b7428b6bff93dc12d987fb","Conference review","Final","","Scopus","2-s2.0-85175951105"
"Yoshikawa N.; Skreta M.; Darvish K.; Arellano-Rubach S.; Ji Z.; Bjørn Kristensen L.; Li A.Z.; Zhao Y.; Xu H.; Kuramshin A.; Aspuru-Guzik A.; Shkurti F.; Garg A.","Yoshikawa, Naruki (57204438226); Skreta, Marta (57194172878); Darvish, Kourosh (57194284679); Arellano-Rubach, Sebastian (58195054000); Ji, Zhi (58194953900); Bjørn Kristensen, Lasse (57213291305); Li, Andrew Zou (57565287800); Zhao, Yuchi (58032271200); Xu, Haoping (57219406284); Kuramshin, Artur (58189135000); Aspuru-Guzik, Alán (6507007526); Shkurti, Florian (47762168300); Garg, Animesh (55561356700)","57204438226; 57194172878; 57194284679; 58195054000; 58194953900; 57213291305; 57565287800; 58032271200; 57219406284; 58189135000; 6507007526; 47762168300; 55561356700","Large language models for chemistry robotics","2023","Autonomous Robots","47","8","","1057","1086","29","30","10.1007/s10514-023-10136-2","https://www.scopus.com/inward/record.uri?eid=2-s2.0-85174820908&doi=10.1007%2fs10514-023-10136-2&partnerID=40&md5=83c32dc5a893a8cbddde6b07103a941a","Article","Final","All Open Access; Hybrid Gold Open Access","Scopus","2-s2.0-85174820908"
"van der Merwe J.; Casselman F.","van der Merwe, Johan (57059977500); Casselman, Filip (35594504900)","57059977500; 35594504900","Circumflex Coronary Artery Injury during Modern Mitral Valve Surgery—A Review of Current Concepts and Perspectives","2023","Medicina (Lithuania)","59","8","1470","","","","3","10.3390/medicina59081470","https://www.scopus.com/inward/record.uri?eid=2-s2.0-85168713690&doi=10.3390%2fmedicina59081470&partnerID=40&md5=99753595c6a28f1fffdeb2554ad3da7f","Review","Final","All Open Access; Gold Open Access; Green Open Access","Scopus","2-s2.0-85168713690"
"","","","2023 21st International Conference on Advanced Robotics, ICAR 2023","2023","2023 21st International Conference on Advanced Robotics, ICAR 2023","","","","","","662","0","","https://www.scopus.com/inward/record.uri?eid=2-s2.0-85186078530&partnerID=40&md5=de348fc9cebfdde5ebce028d0c900370","Conference review","Final","","Scopus","2-s2.0-85186078530"
"Wu Z.; Lian W.; Wang C.; Li M.; Schaal S.; Tomizuka M.","Wu, Zheng (57218304895); Lian, Wenzhao (57221093222); Wang, Changhao (57207943015); Li, Mengxi (57219636573); Schaal, Stefan (7007171558); Tomizuka, Masayoshi (35567325500)","57218304895; 57221093222; 57207943015; 57219636573; 7007171558; 35567325500","Prim-LAfD: A Framework to Learn and Adapt Primitive-Based Skills from Demonstrations for Insertion Tasks","2023","IFAC-PapersOnLine","56","2","","4120","4125","5","3","10.1016/j.ifacol.2023.10.1748","https://www.scopus.com/inward/record.uri?eid=2-s2.0-85184960013&doi=10.1016%2fj.ifacol.2023.10.1748&partnerID=40&md5=d34aff23c9269bddb6d3f4f73c683b6e","Conference paper","Final","All Open Access; Gold Open Access; Green Open Access","Scopus","2-s2.0-85184960013"
"Guo X.; Chen Y.","Guo, Xinwei (57203113939); Chen, Yang (57202202019)","57203113939; 57202202019","Enhance pick-and-place performance using multimodal interaction in operation environment","2023","Industrial Robot","50","4","","699","705","6","0","10.1108/IR-10-2022-0260","https://www.scopus.com/inward/record.uri?eid=2-s2.0-85150976193&doi=10.1108%2fIR-10-2022-0260&partnerID=40&md5=65e5bc265b24022a7f7252e44f1c8e55","Article","Final","","Scopus","2-s2.0-85150976193"
"Beik-Mohammadi H.; Hauberg S.; Arvanitidis G.; Neumann G.; Rozo L.","Beik-Mohammadi, Hadi (57191521779); Hauberg, Søren (23469056000); Arvanitidis, Georgios (55513433000); Neumann, Gerhard (23392898000); Rozo, Leonel (36603179000)","57191521779; 23469056000; 55513433000; 23392898000; 36603179000","Reactive motion generation on learned Riemannian manifolds","2023","International Journal of Robotics Research","42","10","","729","754","25","2","10.1177/02783649231193046","https://www.scopus.com/inward/record.uri?eid=2-s2.0-85170831708&doi=10.1177%2f02783649231193046&partnerID=40&md5=63d39d5b993d994246bb7c79733fcd97","Article","Final","All Open Access; Green Open Access","Scopus","2-s2.0-85170831708"
"Shukla R.; Manyar O.M.; Ranparia D.; Gupta S.K.","Shukla, Rishabh (58925219600); Manyar, Omey M. (57204555174); Ranparia, Devsmit (57222058684); Gupta, Satyandra K. (7407274179)","58925219600; 57204555174; 57222058684; 7407274179","A Framework for Improving Information Content of Human Demonstrations for Enabling Robots to Acquire Complex Tool Manipulation Skills","2023","IEEE International Workshop on Robot and Human Communication, RO-MAN","","","","2273","2280","7","2","10.1109/RO-MAN57019.2023.10309492","https://www.scopus.com/inward/record.uri?eid=2-s2.0-85186970241&doi=10.1109%2fRO-MAN57019.2023.10309492&partnerID=40&md5=72a4ecb55f1cfa00d6f342071f51ff38","Conference paper","Final","","Scopus","2-s2.0-85186970241"
"Anand A.S.; Kaushik R.; Gravdahl J.T.; Abu-Dakka F.J.","Anand, Akhil S. (57216151272); Kaushik, Rituraj (57214014472); Gravdahl, Jan Tommy (6603609139); Abu-Dakka, Fares J. (54882427200)","57216151272; 57214014472; 6603609139; 54882427200","Data-Efficient Reinforcement Learning for Variable Impedance Control","2024","IEEE Access","12","","","15631","15641","10","1","10.1109/ACCESS.2024.3355311","https://www.scopus.com/inward/record.uri?eid=2-s2.0-85182927647&doi=10.1109%2fACCESS.2024.3355311&partnerID=40&md5=b808016fa35c54ae74f18e918647091e","Article","Final","All Open Access; Gold Open Access; Green Open Access","Scopus","2-s2.0-85182927647"
"Ma Y.J.; Sodhani S.; Jayaraman D.; Bastani O.; Kumar V.; Zhang A.","Ma, Yecheng Jason (57221410262); Sodhani, Shagun (57200219650); Jayaraman, Dinesh (55652980600); Bastani, Osbert (56786340300); Kumar, Vikash (57202530476); Zhang, Amy (57204798871)","57221410262; 57200219650; 55652980600; 56786340300; 57202530476; 57204798871","TOWARDS UNIVERSAL VISUAL REWARD AND REPRESENTATION VIA VALUE-IMPLICIT PRE-TRAINING","2023","11th International Conference on Learning Representations, ICLR 2023","","","","","","","39","","https://www.scopus.com/inward/record.uri?eid=2-s2.0-85185873009&partnerID=40&md5=244895848c0150e375bc7bf1915dd486","Conference paper","Final","","Scopus","2-s2.0-85185873009"
"Xie B.; Jiao W.; Liu K.; Wu J.; Wen C.; Chen Z.","Xie, Bin (57205889983); Jiao, Weipeng (57292401400); Liu, Kaidong (57221163892); Wu, Jing (58741384200); Wen, Changkai (57208058726); Chen, Zhongju (57962628300)","57205889983; 57292401400; 57221163892; 58741384200; 57208058726; 57962628300","Adaptive Segmentation Control Method of Sheep Carcass Hind Legs Based on Contact State Perception; [基于接触状态感知的羊胴体后腿自适应分割控制方法]","2023","Nongye Jixie Xuebao/Transactions of the Chinese Society for Agricultural Machinery","54","9","","306","315","9","3","10.6041/j.issn.1000-1298.2023.09.031","https://www.scopus.com/inward/record.uri?eid=2-s2.0-85173481855&doi=10.6041%2fj.issn.1000-1298.2023.09.031&partnerID=40&md5=deb4e9432bae7fa04101459fe8b4f5e5","Article","Final","","Scopus","2-s2.0-85173481855"
"Daab T.; Jaquier N.; Dreher C.; Meixner A.; Krebs F.; Asfour T.","Daab, Tilman (57216149154); Jaquier, Noémie (57200629028); Dreher, Christian (57201360576); Meixner, Andre (57216148394); Krebs, Franziska (57219742529); Asfour, Tamim (15724268700)","57216149154; 57200629028; 57201360576; 57216148394; 57219742529; 15724268700","Incremental Learning of Full-Pose Via-Point Movement Primitives on Riemannian Manifolds","2024","Proceedings - IEEE International Conference on Robotics and Automation","","","","2317","2323","6","3","10.1109/ICRA57147.2024.10610275","https://www.scopus.com/inward/record.uri?eid=2-s2.0-85189299899&doi=10.1109%2fICRA57147.2024.10610275&partnerID=40&md5=1db01b4a6358e5d621b1c0f8353d9322","Conference paper","Final","All Open Access; Green Open Access","Scopus","2-s2.0-85189299899"
"Pacheck A.; Kress-Gazit H.","Pacheck, Adam (56743323600); Kress-Gazit, Hadas (15762557900)","56743323600; 15762557900","Physically Feasible Repair of Reactive, Linear Temporal Logic-Based, High-Level Tasks","2023","IEEE Transactions on Robotics","39","6","","4653","4670","17","5","10.1109/TRO.2023.3304009","https://www.scopus.com/inward/record.uri?eid=2-s2.0-85171804897&doi=10.1109%2fTRO.2023.3304009&partnerID=40&md5=8d0c031b0c563bc7ceb9b25bcd216bc0","Article","Final","All Open Access; Green Open Access","Scopus","2-s2.0-85171804897"
"Zhang W.; Gao W.; Liu A.","Zhang, Wenan (15066270400); Gao, Weizhan (57218952725); Liu, Andong (55449948800)","15066270400; 57218952725; 55449948800","Robot Skill Learning Based on Dynamic Motion Primitives and Adaptive Control","2023","Shanghai Jiaotong Daxue Xuebao/Journal of Shanghai Jiaotong University","57","3","","354","365","11","2","10.16183/j.cnki.jsjtu.2021.379","https://www.scopus.com/inward/record.uri?eid=2-s2.0-85163014844&doi=10.16183%2fj.cnki.jsjtu.2021.379&partnerID=40&md5=b7c7434b8abee911d5aafc3e8ce9159d","Article","Final","","Scopus","2-s2.0-85163014844"
"Kim H.; Ohmura Y.; Kuniyoshi Y.","Kim, Heecheol (57217147980); Ohmura, Yoshiyuki (7006439860); Kuniyoshi, Yasuo (7005371269)","57217147980; 7006439860; 7005371269","Goal-Conditioned Dual-Action Imitation Learning for Dexterous Dual-Arm Robot Manipulation","2024","IEEE Transactions on Robotics","40","","","2287","2305","18","7","10.1109/TRO.2024.3372778","https://www.scopus.com/inward/record.uri?eid=2-s2.0-85187326813&doi=10.1109%2fTRO.2024.3372778&partnerID=40&md5=8c2973b939ff1d9ba28d8a09c54aeb56","Article","Final","All Open Access; Green Open Access","Scopus","2-s2.0-85187326813"
"Zhu X.; Zhu X.; Chen J.; Zhang S.; Nan B.; Bi L.","Zhu, Xiaoyu (58802714300); Zhu, Xiaoqing (55696615900); Chen, Jiangtao (58745699800); Zhang, Siyuan (58547350200); Nan, Borui (58677836900); Bi, Lanyue (58677311300)","58802714300; 55696615900; 58745699800; 58547350200; 58677836900; 58677311300","Learning of Quadruped Robot Motor Skills Based on Policy Constrained TD3","2023","Proceedings - 2023 China Automation Congress, CAC 2023","","","","4910","4914","4","0","10.1109/CAC59555.2023.10451816","https://www.scopus.com/inward/record.uri?eid=2-s2.0-85189310533&doi=10.1109%2fCAC59555.2023.10451816&partnerID=40&md5=576dc32c22d4dab65ac91b5404a40275","Conference paper","Final","","Scopus","2-s2.0-85189310533"
"Li J.; Wang J.; Wang S.; Yang C.","Li, Jiehao (57209298595); Wang, Junzheng (8342362100); Wang, Shoukun (7410343798); Yang, Chenguang (55671767000)","57209298595; 8342362100; 7410343798; 55671767000","Human–robot skill transmission for mobile robot via learning by demonstration","2023","Neural Computing and Applications","35","32","","23441","23451","10","26","10.1007/s00521-021-06449-x","https://www.scopus.com/inward/record.uri?eid=2-s2.0-85115292491&doi=10.1007%2fs00521-021-06449-x&partnerID=40&md5=cde5de9e9b5654566f09335b7ee71fa7","Article","Final","All Open Access; Bronze Open Access; Green Open Access","Scopus","2-s2.0-85115292491"
"Kulak T.; Calinon S.","Kulak, Thibaut (57204174251); Calinon, Sylvain (6507248533)","57204174251; 6507248533","Combining Social and Intrinsically Motivated Learning for Multitask Robot Skill Acquisition","2023","IEEE Transactions on Cognitive and Developmental Systems","15","2","","385","394","9","2","10.1109/TCDS.2021.3069341","https://www.scopus.com/inward/record.uri?eid=2-s2.0-85103782450&doi=10.1109%2fTCDS.2021.3069341&partnerID=40&md5=de0f0361c88fb13e4c4c059052227f8a","Article","Final","All Open Access; Green Open Access","Scopus","2-s2.0-85103782450"
"Xu X.; Qian K.; Jing X.; Song W.","Xu, Xin (56383137300); Qian, Kun (35243175300); Jing, Xingshuo (57216936905); Song, Wei (55459523400)","56383137300; 35243175300; 57216936905; 55459523400","Learning Robot Manipulation Skills From Human Demonstration Videos Using Two-Stream 2-D/3-D Residual Networks With Self-Attention","2023","IEEE Transactions on Cognitive and Developmental Systems","15","3","","1000","1011","11","4","10.1109/TCDS.2022.3182877","https://www.scopus.com/inward/record.uri?eid=2-s2.0-85132792049&doi=10.1109%2fTCDS.2022.3182877&partnerID=40&md5=26e398e713305d90c8e8dc848652b051","Article","Final","","Scopus","2-s2.0-85132792049"
"Zemskova T.; Staroverov A.; Muravyev K.; Yudin D.A.; Panov A.I.","Zemskova, Tatiana (57219524999); Staroverov, Aleksei (57215713719); Muravyev, Kirill (57215137132); Yudin, Dmitry A. (57223946179); Panov, Aleksandr I. (56504794900)","57219524999; 57215713719; 57215137132; 57223946179; 56504794900","Interactive Semantic Map Representation for Skill-Based Visual Object Navigation","2024","IEEE Access","12","","","44628","44639","11","0","10.1109/ACCESS.2024.3380450","https://www.scopus.com/inward/record.uri?eid=2-s2.0-85189137812&doi=10.1109%2fACCESS.2024.3380450&partnerID=40&md5=7c4badec6c9c38b3051675d9292a0263","Article","Final","All Open Access; Gold Open Access; Green Open Access","Scopus","2-s2.0-85189137812"
"Si W.; Wang N.; Yang C.","Si, Weiyong (57195431451); Wang, Ning (55446268900); Yang, Chenguang (55671767000)","57195431451; 55446268900; 55671767000","Composite dynamic movement primitives based on neural networks for human–robot skill transfer","2023","Neural Computing and Applications","35","32","","23283","23293","10","10","10.1007/s00521-021-05747-8","https://www.scopus.com/inward/record.uri?eid=2-s2.0-85100854169&doi=10.1007%2fs00521-021-05747-8&partnerID=40&md5=16883c66e457824203723b59670238b9","Article","Final","All Open Access; Hybrid Gold Open Access","Scopus","2-s2.0-85100854169"
"Liu Y.; Napp N.","Liu, Yifang (59235457400); Napp, Nils (15726035900)","59235457400; 15726035900","Stability-Based Sequence Planning for Robotic Dry-Stacking of Natural Stones","2023","IEEE Robotics and Automation Letters","8","9","","5894","5901","7","2","10.1109/LRA.2023.3301275","https://www.scopus.com/inward/record.uri?eid=2-s2.0-85166744074&doi=10.1109%2fLRA.2023.3301275&partnerID=40&md5=906c2f1e4812bb9591589ffed4fa9749","Article","Final","","Scopus","2-s2.0-85166744074"
"Gil S.; Schou C.; Mikkelsen P.H.; Larsen P.G.","Gil, Santiago (57890212500); Schou, Casper (56023056800); Mikkelsen, Peter H. (57223796434); Larsen, Peter G. (7401562142)","57890212500; 56023056800; 57223796434; 7401562142","Integrating Skills into Digital Twins in Cooperative Systems","2024","2024 IEEE/SICE International Symposium on System Integration, SII 2024","","","","1124","1131","7","1","10.1109/SII58957.2024.10417610","https://www.scopus.com/inward/record.uri?eid=2-s2.0-85186269654&doi=10.1109%2fSII58957.2024.10417610&partnerID=40&md5=43f3d63a107e90a86e93bf6c47538d0d","Conference paper","Final","","Scopus","2-s2.0-85186269654"
"Wang K.; Zhao Y.; Dai S.; Yang M.; He Y.; Zhang N.","Wang, Kaiyi (58515684500); Zhao, Yongjia (36095369500); Dai, Shuling (7203008798); Yang, Minghao (56125662500); He, Yichen (58532454000); Zhang, Ning (57204848162)","58515684500; 36095369500; 7203008798; 56125662500; 58532454000; 57204848162","Learning Hierarchical Robot Skills Represented by Behavior Trees from Natural Language","2024","Lecture Notes in Computer Science (including subseries Lecture Notes in Artificial Intelligence and Lecture Notes in Bioinformatics)","14353 LNCS","","","366","383","17","1","10.1007/978-3-031-46846-9_20","https://www.scopus.com/inward/record.uri?eid=2-s2.0-85176009225&doi=10.1007%2f978-3-031-46846-9_20&partnerID=40&md5=160b8eb0dd53ff0cdf925cb00449245d","Conference paper","Final","","Scopus","2-s2.0-85176009225"
"Yang Y.; Huang D.; Chen C.; Zeng C.; He Y.; Yang C.","Yang, Yuqiang (58928963400); Huang, Darong (57218113591); Chen, Chen (59639026100); Zeng, Chao (57195945568); He, Yanong (58929132100); Yang, Chenguang (55671767000)","58928963400; 57218113591; 59639026100; 57195945568; 58929132100; 55671767000","Learn to Coordinate: A Whole-Body Learning from Demonstration Framework for Differential Drive Mobile Manipulators","2023","Conference Proceedings - IEEE International Conference on Systems, Man and Cybernetics","","","","4208","4213","5","0","10.1109/SMC53992.2023.10394442","https://www.scopus.com/inward/record.uri?eid=2-s2.0-85187270459&doi=10.1109%2fSMC53992.2023.10394442&partnerID=40&md5=fb05c830daa21b5a585e9ebe41500d84","Conference paper","Final","","Scopus","2-s2.0-85187270459"
"Chiang H.-H.; You W.-T.; Lee J.-S.","Chiang, Hsin-Han (7402271964); You, Wan-Ting (56789585200); Lee, Jin-Shyan (27171352900)","7402271964; 56789585200; 27171352900","Shared Driving Assistance Design Considering Human Error Protection for Intelligent Electric Wheelchairs","2023","Energies","16","6","2583","","","","4","10.3390/en16062583","https://www.scopus.com/inward/record.uri?eid=2-s2.0-85151950195&doi=10.3390%2fen16062583&partnerID=40&md5=093e8f2c201c47f1a518afcd153f984f","Article","Final","All Open Access; Gold Open Access","Scopus","2-s2.0-85151950195"
"Harnkhamen A.; Rassameecharoenchai T.; Rothomphiwat K.; Manoonpong P.","Harnkhamen, Atthanat (57222705576); Rassameecharoenchai, Teerameth (57779892900); Rothomphiwat, Kongkiat (57222705452); Manoonpong, Poramate (9734734000)","57222705576; 57779892900; 57222705452; 9734734000","An Integrated Vision-Based Robotic Arm Control Framework for Imitation Learning and Online Adaptive Robot Manipulation","2024","2024 IEEE/SICE International Symposium on System Integration, SII 2024","","","","1185","1186","1","0","10.1109/SII58957.2024.10417706","https://www.scopus.com/inward/record.uri?eid=2-s2.0-85186270765&doi=10.1109%2fSII58957.2024.10417706&partnerID=40&md5=2616f17c291b9a132c57eaf53c56fb2d","Conference paper","Final","","Scopus","2-s2.0-85186270765"
"Wang K.; Zhao Y.; Sakuma I.","Wang, Kaimeng (57896665900); Zhao, Yu (56204483900); Sakuma, Ichiro (57188843313)","57896665900; 56204483900; 57188843313","Learning Robotic Insertion Tasks From Human Demonstration","2023","IEEE Robotics and Automation Letters","8","9","","5815","5822","7","7","10.1109/LRA.2023.3300238","https://www.scopus.com/inward/record.uri?eid=2-s2.0-85166772813&doi=10.1109%2fLRA.2023.3300238&partnerID=40&md5=817a45c3933fa35a167e64a8d2ab02e0","Article","Final","","Scopus","2-s2.0-85166772813"
"Zhou P.; Zhao X.; Tao B.; Ding H.","Zhou, Pei (57215807523); Zhao, Xingwei (56162012400); Tao, Bo (7006868490); Ding, Han (57208503757)","57215807523; 56162012400; 7006868490; 57208503757","Combination of Dynamical Movement Primitives With Trajectory Segmentation and Node Mapping for Robot Machining Motion Learning","2023","IEEE/ASME Transactions on Mechatronics","28","1","","175","185","10","9","10.1109/TMECH.2022.3196036","https://www.scopus.com/inward/record.uri?eid=2-s2.0-85136907105&doi=10.1109%2fTMECH.2022.3196036&partnerID=40&md5=b37fd1e3b22cf2878f3faf2beb08175c","Article","Final","","Scopus","2-s2.0-85136907105"
"Mitrevski A.; Plöger P.G.; Lakemeyer G.","Mitrevski, Alex (57195417115); Plöger, Paul G. (6506436490); Lakemeyer, Gerhard (6603571701)","57195417115; 6506436490; 6603571701","A hybrid skill parameterisation model combining symbolic and subsymbolic elements for introspective robots","2023","Robotics and Autonomous Systems","161","","104350","","","","2","10.1016/j.robot.2022.104350","https://www.scopus.com/inward/record.uri?eid=2-s2.0-85145975066&doi=10.1016%2fj.robot.2022.104350&partnerID=40&md5=3e36f8d6dd286ae77116e9346932c5b9","Article","Final","","Scopus","2-s2.0-85145975066"
"Bhirangi R.; Defranco A.; Adkins J.; Majidi C.; Gupta A.; Hellebrekers T.; Kumar V.","Bhirangi, Raunaq (57207876341); Defranco, Abigail (57956281400); Adkins, Jacob (57956281500); Majidi, Carmel (9743089700); Gupta, Abhinav (57188760583); Hellebrekers, Tess (57118174500); Kumar, Vikash (57202530476)","57207876341; 57956281400; 57956281500; 9743089700; 57188760583; 57118174500; 57202530476","All the Feels: A Dexterous Hand With Large-Area Tactile Sensing","2023","IEEE Robotics and Automation Letters","8","12","","8311","8318","7","4","10.1109/LRA.2023.3327619","https://www.scopus.com/inward/record.uri?eid=2-s2.0-85176290972&doi=10.1109%2fLRA.2023.3327619&partnerID=40&md5=88fd3a195977b0c9505dd75d3e1ab9a0","Article","Final","All Open Access; Green Open Access","Scopus","2-s2.0-85176290972"
"Anand A.S.; Gravdahl J.T.; Abu-Dakka F.J.","Anand, Akhil S. (57216151272); Gravdahl, Jan Tommy (6603609139); Abu-Dakka, Fares J. (54882427200)","57216151272; 6603609139; 54882427200","Model-based variable impedance learning control for robotic manipulation","2023","Robotics and Autonomous Systems","170","","104531","","","","10","10.1016/j.robot.2023.104531","https://www.scopus.com/inward/record.uri?eid=2-s2.0-85173428374&doi=10.1016%2fj.robot.2023.104531&partnerID=40&md5=3fc45c336d22f56be29539c4970d6771","Article","Final","All Open Access; Green Open Access; Hybrid Gold Open Access","Scopus","2-s2.0-85173428374"
"Wu R.; Zhang H.; Zhu Y.; Zang X.; Zhao J.","Wu, Rui (57355288000); Zhang, He (57224914354); Zhu, Yanhe (9240483200); Zang, Xizhe (13611954300); Zhao, Jie (57203289935)","57355288000; 57224914354; 9240483200; 13611954300; 57203289935","Impedance adjustment for learning human variable impedance skill","2023","Mechatronics","95","","103036","","","","1","10.1016/j.mechatronics.2023.103036","https://www.scopus.com/inward/record.uri?eid=2-s2.0-85169540284&doi=10.1016%2fj.mechatronics.2023.103036&partnerID=40&md5=e4b01b8da8db6f0c62cd9af154cfc9e5","Article","Final","","Scopus","2-s2.0-85169540284"
"Sun X.; Li J.; Kovalenko A.V.; Feng W.; Ou Y.","Sun, Xilong (57791482300); Li, Jiqing (57221527340); Kovalenko, Anna Vladimirovna (55328224000); Feng, Wei (56496100000); Ou, Yongsheng (55618994600)","57791482300; 57221527340; 55328224000; 56496100000; 55618994600","Integrating Reinforcement Learning and Learning From Demonstrations to Learn Nonprehensile Manipulation","2023","IEEE Transactions on Automation Science and Engineering","20","3","","1735","1744","9","7","10.1109/TASE.2022.3185071","https://www.scopus.com/inward/record.uri?eid=2-s2.0-85133787031&doi=10.1109%2fTASE.2022.3185071&partnerID=40&md5=efe4cb6e81e54aafb7d6ca8545247d75","Article","Final","","Scopus","2-s2.0-85133787031"
"Jin L.; Men Y.; Li F.; Wang C.; Tian X.; Li Y.; Song R.","Jin, Ligang (58260893700); Men, Yu (58261631700); Li, Fengming (57207859872); Wang, Chaoqun (56118926000); Tian, Xincheng (16314037100); Li, Yibin (55907838900); Song, Rui (7202051472)","58260893700; 58261631700; 57207859872; 56118926000; 16314037100; 55907838900; 7202051472","Ensemble Transfer Strategy Based on Domain Difference for Robot Multiple Peg-in-Hole Assembly","2024","IEEE Transactions on Industrial Electronics","71","10","","12645","12654","9","1","10.1109/TIE.2024.3357894","https://www.scopus.com/inward/record.uri?eid=2-s2.0-85187281463&doi=10.1109%2fTIE.2024.3357894&partnerID=40&md5=5b527ede573941458c46d7c6200814a1","Article","Final","","Scopus","2-s2.0-85187281463"
"Saito D.; Sasabuchi K.; Wake N.; Kanehira A.; Takamatsu J.; Koike H.; Ikeuchi K.","Saito, Daichi (57205337819); Sasabuchi, Kazuhiro (55758644400); Wake, Naoki (56735885700); Kanehira, Atsushi (57188357600); Takamatsu, Jun (35243684200); Koike, Hideki (7202758799); Ikeuchi, Katsushi (35208602900)","57205337819; 55758644400; 56735885700; 57188357600; 35243684200; 7202758799; 35208602900","Constraint-Aware Policy for Compliant Manipulation","2024","Robotics","13","1","8","","","","0","10.3390/robotics13010008","https://www.scopus.com/inward/record.uri?eid=2-s2.0-85183361935&doi=10.3390%2frobotics13010008&partnerID=40&md5=b9d3ceac0191beacb38dfcdec8c0c62f","Article","Final","All Open Access; Gold Open Access; Green Open Access","Scopus","2-s2.0-85183361935"
"Triantafyllidis E.; Acero F.; Liu Z.; Li Z.","Triantafyllidis, Eleftherios (57216830318); Acero, Fernando (57271189200); Liu, Zhaocheng (58115814200); Li, Zhibin (55706940300)","57216830318; 57271189200; 58115814200; 55706940300","Hybrid hierarchical learning for solving complex sequential tasks using the robotic manipulation network ROMAN","2023","Nature Machine Intelligence","5","9","","991","1005","14","11","10.1038/s42256-023-00709-2","https://www.scopus.com/inward/record.uri?eid=2-s2.0-85169933854&doi=10.1038%2fs42256-023-00709-2&partnerID=40&md5=af0c553ea13c7e47fa3b4c938280f8be","Article","Final","All Open Access; Hybrid Gold Open Access","Scopus","2-s2.0-85169933854"
"Sun Z.; Yuan X.; Song Y.; Xu X.; Pang B.; Xu Q.","Sun, Zihao (57287340000); Yuan, Xianfeng (55460276800); Song, Yong (55378451400); Xu, Xiaolong (57203034364); Pang, Bao (57196063771); Xu, Qingyang (56302938100)","57287340000; 55460276800; 55378451400; 57203034364; 57196063771; 56302938100","Spatial Transform Soft Actor-Critic for Robot Grasping Skill Learning","2023","Proceedings - 2023 China Automation Congress, CAC 2023","","","","38","43","5","0","10.1109/CAC59555.2023.10451703","https://www.scopus.com/inward/record.uri?eid=2-s2.0-85189373234&doi=10.1109%2fCAC59555.2023.10451703&partnerID=40&md5=b257b5dfcc8a1ab2a3e2bfa9a334d2d5","Conference paper","Final","","Scopus","2-s2.0-85189373234"
"Wu P.-L.; Qu Y.-Y.; Li Y.; Chen W.-B.; Gao G.-W.","Wu, Pei-Liang (24538103600); Qu, You-Yuan (58296112500); Li, Yao (57484469700); Chen, Wen-Bai (35217578600); Gao, Guo-Wei (24314779700)","24538103600; 58296112500; 57484469700; 35217578600; 24314779700","A Meta Generactive Instinsic Reward Based Robot Manipulation Skill Learning; [基于元生成内在奖励的机器人操作技能学习方法]","2023","Jiliang Xuebao/Acta Metrologica Sinica","44","6","","923","930","7","0","10.3969/j.issn.1000-1158.2023.06.13","https://www.scopus.com/inward/record.uri?eid=2-s2.0-85170515410&doi=10.3969%2fj.issn.1000-1158.2023.06.13&partnerID=40&md5=7acd29db0e2bb4c12850495efa3866e1","Article","Final","","Scopus","2-s2.0-85170515410"
"Wang H.; Zhang H.; Li L.; Kan Z.; Song Y.","Wang, Hao (55850181600); Zhang, Hao (57865258600); Li, Lin (58401874600); Kan, Zhen (36548225700); Song, Yongduan (58998547000)","55850181600; 57865258600; 58401874600; 36548225700; 58998547000","Task-Driven Reinforcement Learning with Action Primitives for Long-Horizon Manipulation Skills","2024","IEEE Transactions on Cybernetics","54","8","","4513","4526","13","5","10.1109/TCYB.2023.3298195","https://www.scopus.com/inward/record.uri?eid=2-s2.0-85167781175&doi=10.1109%2fTCYB.2023.3298195&partnerID=40&md5=bf8542bb39f3e3f5d031377a0bcaac25","Article","Final","","Scopus","2-s2.0-85167781175"
"Zhang D.; Fan W.; Lloyd J.; Yang C.; Lepora N.F.","Zhang, Dandan (57207943701); Fan, Wen (57669299000); Lloyd, John (57207685365); Yang, Chenguang (55671767000); Lepora, Nathan F. (15842160700)","57207943701; 57669299000; 57207685365; 55671767000; 15842160700","One-Shot Domain-Adaptive Imitation Learning via Progressive Learning Applied to Robotic Pouring","2024","IEEE Transactions on Automation Science and Engineering","21","1","","541","554","13","7","10.1109/TASE.2022.3220728","https://www.scopus.com/inward/record.uri?eid=2-s2.0-85144767280&doi=10.1109%2fTASE.2022.3220728&partnerID=40&md5=3e452d5346b974df6f415f0546cc376f","Article","Final","","Scopus","2-s2.0-85144767280"
"Qin D.; Liu A.; Xu J.; Zhang W.-A.; Yu L.","Qin, Dongdong (57211562626); Liu, Andong (55449948800); Xu, Jianming (36635031300); Zhang, Wen-An (15066270400); Yu, Li (57218666124)","57211562626; 55449948800; 36635031300; 15066270400; 57218666124","Learning From Human Demonstrations for Wheel Mobile Manipulator: An Unscented Model Predictive Control Approach","2023","IEEE Transactions on Neural Networks and Learning Systems","34","12","","10864","10874","10","8","10.1109/TNNLS.2022.3171595","https://www.scopus.com/inward/record.uri?eid=2-s2.0-85132526109&doi=10.1109%2fTNNLS.2022.3171595&partnerID=40&md5=1defda0fef7cdc10bdea06c9bde603d9","Article","Final","","Scopus","2-s2.0-85132526109"
"Hu K.; Zhang J.; Wu D.","Hu, Kui (57210961394); Zhang, Jiwen (56145969400); Wu, Dan (57211676994)","57210961394; 56145969400; 57211676994","Kernelized gradient descent method for learning from demonstration","2023","Neurocomputing","558","","126781","","","","2","10.1016/j.neucom.2023.126781","https://www.scopus.com/inward/record.uri?eid=2-s2.0-85171446537&doi=10.1016%2fj.neucom.2023.126781&partnerID=40&md5=b9b026ab882a392106dfcbc4d82249d4","Article","Final","","Scopus","2-s2.0-85171446537"
"Outón J.-L.; Ibarguren A.; Villaverde I.; Daelman P.; Sallé D.; Martínez-Otzeta J.-M.; Rodríguez I.; Sierra B.","Outón, Jose-Luis (56732941900); Ibarguren, Aitor (15135766700); Villaverde, Iván (56613788900); Daelman, Paul (57221291569); Sallé, Damien (6507442417); Martínez-Otzeta, José-María (8669272500); Rodríguez, Igor (56799920500); Sierra, Basilio (6604043456)","56732941900; 15135766700; 56613788900; 57221291569; 6507442417; 8669272500; 56799920500; 6604043456","ROBOTIC SOLUTION FOR OPENING DOORS IN CONTAINED OR HIGH BIOLOGICAL RISK FACILITIES","2023","Dyna (Spain)","98","5","","487","491","4","0","10.6036/10745","https://www.scopus.com/inward/record.uri?eid=2-s2.0-85174829839&doi=10.6036%2f10745&partnerID=40&md5=66753fccb91647b271a1e9727b7b858c","Article","Final","","Scopus","2-s2.0-85174829839"
"Bian G.-B.; Chen Z.; Li Z.; Wei B.-T.; Liu W.-P.; da Silva D.S.; Wu W.-Q.; de Albuquerque V.H.C.","Bian, Gui-Bin (24831518900); Chen, Zhang (58184738300); Li, Zhen (57213180348); Wei, Bing-Ting (57866356100); Liu, Wei-Peng (55832460600); da Silva, Daniel Santos (57744937100); Wu, Wan-Qing (56477599000); de Albuquerque, Victor Hugo C. (56962603300)","24831518900; 58184738300; 57213180348; 57866356100; 55832460600; 57744937100; 56477599000; 56962603300","Learning surgical skills under the RCM constraint from demonstrations in robot-assisted minimally invasive surgery","2023","Expert Systems with Applications","225","","120134","","","","4","10.1016/j.eswa.2023.120134","https://www.scopus.com/inward/record.uri?eid=2-s2.0-85152597764&doi=10.1016%2fj.eswa.2023.120134&partnerID=40&md5=1a594aba25f2a0060caaf6ee66bc2a2f","Article","Final","","Scopus","2-s2.0-85152597764"
"Ti B.; Razmjoo A.; Gao Y.; Zhao J.; Calinon S.","Ti, Boyang (57208147207); Razmjoo, Amirreza (57455020800); Gao, Yongsheng (55731382000); Zhao, Jie (56184355900); Calinon, Sylvain (6507248533)","57208147207; 57455020800; 55731382000; 56184355900; 6507248533","A geometric optimal control approach for imitation and generalization of manipulation skills","2023","Robotics and Autonomous Systems","164","","104413","","","","3","10.1016/j.robot.2023.104413","https://www.scopus.com/inward/record.uri?eid=2-s2.0-85151428887&doi=10.1016%2fj.robot.2023.104413&partnerID=40&md5=c187d5b56a472606e64410667cd4f710","Article","Final","","Scopus","2-s2.0-85151428887"
"Yang J.; Sadigh D.; Finn C.","Yang, Jonathan (58740689000); Sadigh, Dorsa (55052871500); Finn, Chelsea (55938427500)","58740689000; 55052871500; 55938427500","Polybot: Training One Policy Across Robots While Embracing Variability","2023","Proceedings of Machine Learning Research","229","","","","","","0","","https://www.scopus.com/inward/record.uri?eid=2-s2.0-85184354405&partnerID=40&md5=0dc8137296de94241101872429a66150","Conference paper","Final","","Scopus","2-s2.0-85184354405"
"Liu X.; Wang G.; Liu Z.; Liu Y.; Liu Z.; Huang P.","Liu, Xing (56278821100); Wang, Gaozhao (58496530000); Liu, Zihao (57222605585); Liu, Yu (57759014100); Liu, Zhengxiong (24450548800); Huang, Panfeng (8608333800)","56278821100; 58496530000; 57222605585; 57759014100; 24450548800; 8608333800","Hierarchical Reinforcement Learning Integrating with Human Knowledge for Practical Robot Skill Learning in Complex Multi-Stage Manipulation","2024","IEEE Transactions on Automation Science and Engineering","21","3","","3852","3862","10","7","10.1109/TASE.2023.3288037","https://www.scopus.com/inward/record.uri?eid=2-s2.0-85165305963&doi=10.1109%2fTASE.2023.3288037&partnerID=40&md5=619c3a00c3d3f9a79df4011baee1b9fc","Article","Final","","Scopus","2-s2.0-85165305963"
"Dai S.; Xu W.; Hofmann A.; Williams B.","Dai, Siyu (57207824379); Xu, Wei (58327840800); Hofmann, Andreas (57649608600); Williams, Brian (7404502203)","57207824379; 58327840800; 57649608600; 7404502203","An empowerment-based solution to robotic manipulation tasks with sparse rewards","2023","Autonomous Robots","47","5","","617","633","16","1","10.1007/s10514-023-10087-8","https://www.scopus.com/inward/record.uri?eid=2-s2.0-85147495112&doi=10.1007%2fs10514-023-10087-8&partnerID=40&md5=faa05a4eece5b389d550b1d56c5ab391","Article","Final","All Open Access; Hybrid Gold Open Access","Scopus","2-s2.0-85147495112"
"Jin Z.; Qin D.; Liu A.; Zhang W.-A.; Yu L.","Jin, Zhehao (57219144006); Qin, Dongdong (57211562626); Liu, Andong (55449948800); Zhang, Wen-An (15066270400); Yu, Li (57218666124)","57219144006; 57211562626; 55449948800; 15066270400; 57218666124","Learning neural-shaped quadratic Lyapunov function for stable, accurate and generalizable human–robot skills transfer","2023","Robotics and Computer-Integrated Manufacturing","82","","102526","","","","5","10.1016/j.rcim.2023.102526","https://www.scopus.com/inward/record.uri?eid=2-s2.0-85146615641&doi=10.1016%2fj.rcim.2023.102526&partnerID=40&md5=4e435321099c890f8327fe49daeccb76","Article","Final","","Scopus","2-s2.0-85146615641"
"Koch P.; Rawal P.; Töpfer N.; Haß T.; Böhlmann C.; Hintze W.","Koch, Philip (57209991906); Rawal, Parth (57209970414); Töpfer, Nico (58139614300); Haß, Tim (58139397600); Böhlmann, Christian (57198789551); Hintze, Wolfgang (6602993075)","57209991906; 57209970414; 58139614300; 58139397600; 57198789551; 6602993075","Modular lightweight robot system for aircraft production using a generic OPC UA skill concept","2023","Production Engineering","17","2","","329","339","10","2","10.1007/s11740-023-01183-w","https://www.scopus.com/inward/record.uri?eid=2-s2.0-85149928692&doi=10.1007%2fs11740-023-01183-w&partnerID=40&md5=ab4f951981c56e79766ce9c4ec44d52a","Article","Final","All Open Access; Hybrid Gold Open Access","Scopus","2-s2.0-85149928692"
"Yan Z.; He W.; Wang Y.; Sun L.; Yu X.","Yan, Zichen (57192163735); He, Wei (56580949000); Wang, Yuanhang (57791826200); Sun, Liang (55343729700); Yu, Xinbo (57203040999)","57192163735; 56580949000; 57791826200; 55343729700; 57203040999","Probabilistic Motion Prediction and Skill Learning for Human-to-Cobot Dual-Arm Handover Control","2024","IEEE Transactions on Neural Networks and Learning Systems","35","1","3182973","1192","1204","12","15","10.1109/TNNLS.2022.3182973","https://www.scopus.com/inward/record.uri?eid=2-s2.0-85133761821&doi=10.1109%2fTNNLS.2022.3182973&partnerID=40&md5=f5994765602de3e2db0921496e95fcc0","Article","Final","","Scopus","2-s2.0-85133761821"
"Karacan K.; Kirschner R.J.; Sadeghian H.; Wu F.; Haddadin S.","Karacan, Kubra (57496823000); Kirschner, Robin Jeanne (57223928721); Sadeghian, Hamid (59269805400); Wu, Fan (57207815494); Haddadin, Sami (23008499000)","57496823000; 57223928721; 59269805400; 57207815494; 23008499000","The Inherent Representation of Tactile Manipulation Using Unified Force-Impedance Control","2023","Proceedings of the IEEE Conference on Decision and Control","","","","4745","4752","7","0","10.1109/CDC49753.2023.10383326","https://www.scopus.com/inward/record.uri?eid=2-s2.0-85184796588&doi=10.1109%2fCDC49753.2023.10383326&partnerID=40&md5=c21bfe9e8b10ef49e726a6929ac0a0bf","Conference paper","Final","","Scopus","2-s2.0-85184796588"
"Wu P.-L.; Zhang Y.; Mao B.-Y.; Chen W.-B.; Gao G.-W.","Wu, Pei-Liang (24538103600); Zhang, Yan (57218471513); Mao, Bing-Yi (23393463400); Chen, Wen-Bai (35217578600); Gao, Guo-Wei (24314779700)","24538103600; 57218471513; 23393463400; 35217578600; 24314779700","Robot manipulation skills learning for sparse rewards; [面向稀疏奖励的机器人操作技能学习]","2024","Kongzhi Lilun Yu Yingyong/Control Theory and Applications","41","1","","99","108","9","0","10.7641/CTA.2022.20121","https://www.scopus.com/inward/record.uri?eid=2-s2.0-85186493634&doi=10.7641%2fCTA.2022.20121&partnerID=40&md5=bc1349c57eb67106536e2b69506d6c82","Article","Final","","Scopus","2-s2.0-85186493634"
"Nakabayashi T.; Ichien M.; Wada T.; Ikeda S.; Hayashi Y.; Suzuki J.; Ogawa M.","Nakabayashi, Tatsuhiko (58911564000); Ichien, Masumi (57193067963); Wada, Takuma (58911654100); Ikeda, Satoshi (55332827500); Hayashi, Yuki (35364371200); Suzuki, Jun (55628567150); Ogawa, Masatsugu (7404569589)","58911564000; 57193067963; 58911654100; 55332827500; 35364371200; 55628567150; 7404569589","Implementation of Pick-and-Place Tasks in Logistics Environments Using Linear Temporal Logic and Skill-Based Remote Control Robot System","2024","2024 IEEE/SICE International Symposium on System Integration, SII 2024","","","","1004","1005","1","0","10.1109/SII58957.2024.10417247","https://www.scopus.com/inward/record.uri?eid=2-s2.0-85186267060&doi=10.1109%2fSII58957.2024.10417247&partnerID=40&md5=d59732f126735c284646aea5b8bf1520","Conference paper","Final","","Scopus","2-s2.0-85186267060"
"Schmalstieg F.; Honerkamp D.; Welschehold T.; Valada A.","Schmalstieg, Fabian (57733405100); Honerkamp, Daniel (57222037397); Welschehold, Tim (56974419500); Valada, Abhinav (37121030000)","57733405100; 57222037397; 56974419500; 37121030000","Learning Hierarchical Interactive Multi-Object Search for Mobile Manipulation","2023","IEEE Robotics and Automation Letters","8","12","","8549","8556","7","6","10.1109/LRA.2023.3329619","https://www.scopus.com/inward/record.uri?eid=2-s2.0-85177219596&doi=10.1109%2fLRA.2023.3329619&partnerID=40&md5=d140f73cb75bb5120a2d9ac265d69ded","Article","Final","All Open Access; Green Open Access","Scopus","2-s2.0-85177219596"
"Zörrer H.; Weichhart G.; Schmoigl Tonis M.; Bieg T.; Propst M.; Schuster D.; Sturm N.; Nativel C.; Salomon G.; Strohmeier F.; Sackl A.; Eberle M.; Pichler A.","Zörrer, Helmut (57194060893); Weichhart, Georg (22434267800); Schmoigl Tonis, Mathias (58025176100); Bieg, Till (57225100820); Propst, Matthias (57224360327); Schuster, Dominik (58413470400); Sturm, Nadine (35318834800); Nativel, Chloé (57218366323); Salomon, Gabriele (58416528400); Strohmeier, Felix (49864495300); Sackl, Andreas (55235019000); Eberle, Michael (58413470500); Pichler, Andreas (7004603934)","57194060893; 22434267800; 58025176100; 57225100820; 57224360327; 58413470400; 35318834800; 57218366323; 58416528400; 49864495300; 55235019000; 58413470500; 7004603934","Enabling End-Users in Designing and Executing of Complex, Collaborative Robotic Processes","2023","Applied System Innovation","6","3","56","","","","1","10.3390/asi6030056","https://www.scopus.com/inward/record.uri?eid=2-s2.0-85163742484&doi=10.3390%2fasi6030056&partnerID=40&md5=078846fe2ce426b0b2aef658e93ede6d","Article","Final","All Open Access; Gold Open Access","Scopus","2-s2.0-85163742484"
"Förster J.; Ott L.; Nieto J.; Lawrance N.; Siegwart R.; Chung J.J.","Förster, Julian (36622364200); Ott, Lionel (55325252900); Nieto, Juan (7103127889); Lawrance, Nicholas (56431358100); Siegwart, Roland (35926876800); Chung, Jen Jen (57116898100)","36622364200; 55325252900; 7103127889; 56431358100; 35926876800; 57116898100","Automatic extension of a symbolic mobile manipulation skill set","2023","Robotics and Autonomous Systems","165","","104428","","","","1","10.1016/j.robot.2023.104428","https://www.scopus.com/inward/record.uri?eid=2-s2.0-85153571192&doi=10.1016%2fj.robot.2023.104428&partnerID=40&md5=6cf098830853ad8650c307897528f932","Article","Final","","Scopus","2-s2.0-85153571192"
"Gao Z.; Elibol A.; Chong N.Y.","Gao, Ziyan (57209417895); Elibol, Armagan (24733903500); Chong, Nak Young (7007012034)","57209417895; 24733903500; 7007012034","Zero Moment Two Edge Pushing of Novel Objects With Center of Mass Estimation","2023","IEEE Transactions on Automation Science and Engineering","20","3","","1487","1499","12","6","10.1109/TASE.2022.3208739","https://www.scopus.com/inward/record.uri?eid=2-s2.0-85139455630&doi=10.1109%2fTASE.2022.3208739&partnerID=40&md5=cb0ad934c0410f8690448a1c17438f3e","Article","Final","","Scopus","2-s2.0-85139455630"
"Hidalgo-Carvajal D.; Chen H.; Bettelani G.C.; Jung J.; Zavaglia M.; Busse L.; Naceri A.; Leutenegger S.; Haddadin S.","Hidalgo-Carvajal, Diego (57656601600); Chen, Hanzhi (57310883100); Bettelani, Gemma C. (57197733448); Jung, Jaesug (57188692120); Zavaglia, Melissa (14059267700); Busse, Laura (12771741600); Naceri, Abdeldjallil (25927393400); Leutenegger, Stefan (23009389600); Haddadin, Sami (23008499000)","57656601600; 57310883100; 57197733448; 57188692120; 14059267700; 12771741600; 25927393400; 23009389600; 23008499000","Anthropomorphic Grasping with Neural Object Shape Completion","2023","IEEE Robotics and Automation Letters","8","12","","8034","8041","7","4","10.1109/LRA.2023.3322086","https://www.scopus.com/inward/record.uri?eid=2-s2.0-85174809185&doi=10.1109%2fLRA.2023.3322086&partnerID=40&md5=57998c20de18d2f98900449266db181a","Article","Final","All Open Access; Green Open Access","Scopus","2-s2.0-85174809185"
"Lu Z.; Wang N.; Li Q.; Yang C.","Lu, Zhenyu (56411276300); Wang, Ning (55446268900); Li, Qinchuan (56141869600); Yang, Chenguang (55671767000)","56411276300; 55446268900; 56141869600; 55671767000","A trajectory and force dual-incremental robot skill learning and generalization framework using improved dynamical movement primitives and adaptive neural network control","2023","Neurocomputing","521","","","146","159","13","10","10.1016/j.neucom.2022.11.076","https://www.scopus.com/inward/record.uri?eid=2-s2.0-85143700148&doi=10.1016%2fj.neucom.2022.11.076&partnerID=40&md5=605fb6fd76412e6d2e16d8526e0b5b72","Article","Final","All Open Access; Hybrid Gold Open Access","Scopus","2-s2.0-85143700148"
"Zeng C.; Li S.; Chen Z.; Yang C.; Sun F.; Zhang J.","Zeng, Chao (57195945568); Li, Shuang (59448087800); Chen, Zhaopeng (56021021100); Yang, Chenguang (55671767000); Sun, Fuchun (57204699218); Zhang, Jianwei (56039580400)","57195945568; 59448087800; 56021021100; 55671767000; 57204699218; 56039580400","Multifingered Robot Hand Compliant Manipulation Based on Vision-Based Demonstration and Adaptive Force Control","2023","IEEE Transactions on Neural Networks and Learning Systems","34","9","","5452","5463","11","28","10.1109/TNNLS.2022.3184258","https://www.scopus.com/inward/record.uri?eid=2-s2.0-85133769683&doi=10.1109%2fTNNLS.2022.3184258&partnerID=40&md5=67ce3b4edb0ec35b75bf4b9b67e0d085","Article","Final","","Scopus","2-s2.0-85133769683"
"Zhao Y.; Jing X.; Qian K.; Gomes D.F.; Luo S.","Zhao, Yongqiang (58032036100); Jing, Xingshuo (57216936905); Qian, Kun (35243175300); Gomes, Daniel Fernandes (57219587055); Luo, Shan (56028986000)","58032036100; 57216936905; 35243175300; 57219587055; 56028986000","Skill generalization of tubular object manipulation with tactile sensing and Sim2Real learning","2023","Robotics and Autonomous Systems","160","","104321","","","","17","10.1016/j.robot.2022.104321","https://www.scopus.com/inward/record.uri?eid=2-s2.0-85144820393&doi=10.1016%2fj.robot.2022.104321&partnerID=40&md5=28bace4aee5d6d616464b4f55feadc13","Article","Final","","Scopus","2-s2.0-85144820393"
"Lu S.; Berger J.; Schilp J.","Lu, Shuang (57195425397); Berger, Julia (57224455621); Schilp, Johannes (6602506462)","57195425397; 57224455621; 6602506462","An integrated approach for hand motion segmentation and robot skills representation","2023","Annals of Scientific Society for Assembly, Handling and Industrial Robotics 2022","","","","291","301","10","0","10.1007/9783031100710_24","https://www.scopus.com/inward/record.uri?eid=2-s2.0-85194025071&doi=10.1007%2f9783031100710_24&partnerID=40&md5=6e361e71c56a9483471b529afe835e97","Book chapter","Final","","Scopus","2-s2.0-85194025071"
"Lewandrowski K.-U.; Elfar J.C.; Li Z.-M.; Burkhardt B.W.; Lorio M.P.; Winkler P.A.; Oertel J.M.; Telfeian A.E.; Dowling Á.; Vargas R.A.A.; Ramina R.; Abraham I.; Assefi M.; Yang H.; Zhang X.; Ramírez León J.F.; Fiorelli R.K.A.; Pereira M.G.; de Carvalho P.S.T.; Defino H.; Moyano J.; Lim K.T.; Kim H.-S.; Montemurro N.; Yeung A.; Novellino P.","Lewandrowski, Kai-Uwe (7004477556); Elfar, John C. (57070052200); Li, Zong-Ming (15745593600); Burkhardt, Benedikt W. (57095606100); Lorio, Morgan P. (7801546840); Winkler, Peter A. (58290027300); Oertel, Joachim M. (7005669165); Telfeian, Albert E. (6603712659); Dowling, Álvaro (57211044727); Vargas, Roth A. A. (58118216100); Ramina, Ricardo (7004445523); Abraham, Ivo (57224652845); Assefi, Marjan (58122484500); Yang, Huilin (8941549700); Zhang, Xifeng (53872312500); Ramírez León, Jorge Felipe (57192649094); Fiorelli, Rossano Kepler Alvim (53864809700); Pereira, Mauricio G. (35610258400); de Carvalho, Paulo Sérgio Teixeira (57204062568); Defino, Helton (6701489326); Moyano, Jaime (57972722500); Lim, Kang Taek (57204175279); Kim, Hyeun-Sung (24537657400); Montemurro, Nicola (15079410800); Yeung, Anthony (35759803500); Novellino, Pietro (56993552200)","7004477556; 57070052200; 15745593600; 57095606100; 7801546840; 58290027300; 7005669165; 6603712659; 57211044727; 58118216100; 7004445523; 57224652845; 58122484500; 8941549700; 53872312500; 57192649094; 53864809700; 35610258400; 57204062568; 6701489326; 57972722500; 57204175279; 24537657400; 15079410800; 35759803500; 56993552200","The Changing Environment in Postgraduate Education in Orthopedic Surgery and Neurosurgery and Its Impact on Technology-Driven Targeted Interventional and Surgical Pain Management: Perspectives from Europe, Latin America, Asia, and The United States","2023","Journal of Personalized Medicine","13","5","852","","","","12","10.3390/jpm13050852","https://www.scopus.com/inward/record.uri?eid=2-s2.0-85160288718&doi=10.3390%2fjpm13050852&partnerID=40&md5=cb7bd30f0ddf63f851288219a46cd667","Article","Final","All Open Access; Gold Open Access; Green Open Access","Scopus","2-s2.0-85160288718"
"Albore A.; Doose D.; Grand C.; Guiochet J.; Lesire C.; Manecy A.","Albore, Alexandre (6506318631); Doose, David (14008956400); Grand, Christophe (23008478000); Guiochet, Jérémie (6506145469); Lesire, Charles (8941481100); Manecy, Augustin (55556513600)","6506318631; 14008956400; 23008478000; 6506145469; 8941481100; 55556513600","Skill-based design of dependable robotic architectures","2023","Robotics and Autonomous Systems","160","","104318","","","","14","10.1016/j.robot.2022.104318","https://www.scopus.com/inward/record.uri?eid=2-s2.0-85144461910&doi=10.1016%2fj.robot.2022.104318&partnerID=40&md5=cc7f31e75ffd14f3752cc15e07c402e8","Article","Final","All Open Access; Green Open Access","Scopus","2-s2.0-85144461910"
"Pan M.; Wang S.; Li J.; Li J.; Yang X.; Liang K.","Pan, Mingzhang (56017580700); Wang, Shuo (57729854800); Li, Jingao (57224206057); Li, Jing (57842170300); Yang, Xiuze (57730315600); Liang, Ke (57273012200)","56017580700; 57729854800; 57224206057; 57842170300; 57730315600; 57273012200","An Automated Skill Assessment Framework Based on Visual Motion Signals and a Deep Neural Network in Robot-Assisted Minimally Invasive Surgery","2023","Sensors","23","9","4496","","","","4","10.3390/s23094496","https://www.scopus.com/inward/record.uri?eid=2-s2.0-85159368650&doi=10.3390%2fs23094496&partnerID=40&md5=e3faa5c29489aa0217a9ff155e2cdba2","Article","Final","All Open Access; Gold Open Access; Green Open Access","Scopus","2-s2.0-85159368650"
"Dong J.; Si W.; Yang C.","Dong, Jiale (57348017900); Si, Weiyong (57195431451); Yang, Chenguang (55671767000)","57348017900; 57195431451; 55671767000","A novel human-robot skill transfer method for contact-rich manipulation task","2023","Robotic Intelligence and Automation","43","3","","327","337","10","17","10.1108/RIA-01-2023-0002","https://www.scopus.com/inward/record.uri?eid=2-s2.0-85161047094&doi=10.1108%2fRIA-01-2023-0002&partnerID=40&md5=354ed944af69ed7dfef81c0deb7721f2","Article","Final","","Scopus","2-s2.0-85161047094"
"Gao J.; Tao Z.; Jaquier N.; Asfour T.","Gao, Jianfeng (57207189214); Tao, Zhi (57895538200); Jaquier, Noemie (57200629028); Asfour, Tamim (15724268700)","57207189214; 57895538200; 57200629028; 15724268700","K-VIL: Keypoints-Based Visual Imitation Learning","2023","IEEE Transactions on Robotics","39","5","","3888","3908","20","9","10.1109/TRO.2023.3286074","https://www.scopus.com/inward/record.uri?eid=2-s2.0-85165358893&doi=10.1109%2fTRO.2023.3286074&partnerID=40&md5=8d8404128f63805327d55b4f7e5d252b","Article","Final","All Open Access; Green Open Access","Scopus","2-s2.0-85165358893"
"Babincsak W.; Aswale A.; Pinciroli C.","Babincsak, William (58904681100); Aswale, Ashay (57203144277); Pinciroli, Carlo (24829810500)","58904681100; 57203144277; 24829810500","Ant Colony Optimization for Heterogeneous Coalition Formation and Scheduling with Multi-Skilled Robots","2023","2023 International Symposium on Multi-Robot and Multi-Agent Systems, MRS 2023","","","","121","127","6","1","10.1109/MRS60187.2023.10416771","https://www.scopus.com/inward/record.uri?eid=2-s2.0-85185885719&doi=10.1109%2fMRS60187.2023.10416771&partnerID=40&md5=742c5f1eaf91f1ddfffee27a90860526","Conference paper","Final","","Scopus","2-s2.0-85185885719"
"Müller S.; Müller T.; Ahmed A.; Gross H.-M.","Müller, Steffen (57199400995); Müller, Tristan (58310413300); Ahmed, Aamir (58309255900); Gross, Horst-Michael (7202668837)","57199400995; 58310413300; 58309255900; 7202668837","Laser-Based Door Localization for Autonomous Mobile Service Robots","2023","Sensors","23","11","5247","","","","2","10.3390/s23115247","https://www.scopus.com/inward/record.uri?eid=2-s2.0-85161622170&doi=10.3390%2fs23115247&partnerID=40&md5=97b0c023c5b118d35a51f1cbc1aca2ca","Article","Final","All Open Access; Gold Open Access; Green Open Access","Scopus","2-s2.0-85161622170"
"Odesanmi G.A.; Wang Q.; Mai J.","Odesanmi, Gbenga Abiodun (57216693203); Wang, Qining (24451270700); Mai, Jingeng (55445740200)","57216693203; 24451270700; 55445740200","Skill learning framework for human–robot interaction and manipulation tasks","2023","Robotics and Computer-Integrated Manufacturing","79","","102444","","","","26","10.1016/j.rcim.2022.102444","https://www.scopus.com/inward/record.uri?eid=2-s2.0-85137781816&doi=10.1016%2fj.rcim.2022.102444&partnerID=40&md5=4980b1ffae04b37fb84414b45365bcdf","Article","Final","","Scopus","2-s2.0-85137781816"
"Luo J.; Liu W.; Qi W.; Hu J.; Chen J.; Yang C.","Luo, Jing (57198979642); Liu, Weibin (58167673200); Qi, Wen (57194568340); Hu, Jianwen (55499437600); Chen, Junming (57194785453); Yang, Chenguang (55671767000)","57198979642; 58167673200; 57194568340; 55499437600; 57194785453; 55671767000","A vision-based virtual fixture with robot learning for teleoperation","2023","Robotics and Autonomous Systems","164","","104414","","","","22","10.1016/j.robot.2023.104414","https://www.scopus.com/inward/record.uri?eid=2-s2.0-85151402511&doi=10.1016%2fj.robot.2023.104414&partnerID=40&md5=e3e81ef847f72840eb813187dc5d4b39","Article","Final","","Scopus","2-s2.0-85151402511"
"Paulius D.; Agostini A.; Lee D.","Paulius, David (57192437676); Agostini, Alejandro (24528329400); Lee, Dongheui (55661385300)","57192437676; 24528329400; 55661385300","Long-Horizon Planning and Execution With Functional Object-Oriented Networks","2023","IEEE Robotics and Automation Letters","8","8","","4513","4520","7","5","10.1109/LRA.2023.3285510","https://www.scopus.com/inward/record.uri?eid=2-s2.0-85162731627&doi=10.1109%2fLRA.2023.3285510&partnerID=40&md5=a7528b66bc7a16c5c4a5287df2eb3b23","Article","Final","All Open Access; Green Open Access","Scopus","2-s2.0-85162731627"
"Jiang L.; Wen Z.; Chen G.; Yang K.; Wang X.","Jiang, Lingxiao (58298626700); Wen, Zhiyong (58860074900); Chen, Gaojie (58602845900); Yang, Kun (56076106000); Wang, Xinghuan (8108299200)","58298626700; 58860074900; 58602845900; 56076106000; 8108299200","Comparison of the effectiveness of surgical robot training for medical students at various stages; [不 同 阶 段 医 学 生 手 术 机 器 人 训 练 效 果 对 比]","2024","Medical Journal of Wuhan University","45","2","","169","174","5","0","10.14188/j.1671-8852.2023.0134","https://www.scopus.com/inward/record.uri?eid=2-s2.0-85183856907&doi=10.14188%2fj.1671-8852.2023.0134&partnerID=40&md5=a559dbd137445d0d615e6d6995f52e2f","Article","Final","","Scopus","2-s2.0-85183856907"
"Cheng S.; Xu D.","Cheng, Shuo (57951725100); Xu, Danfei (57191429236)","57951725100; 57191429236","LEAGUE: Guided Skill Learning and Abstraction for Long-Horizon Manipulation","2023","IEEE Robotics and Automation Letters","8","10","","6451","6458","7","10","10.1109/LRA.2023.3308061","https://www.scopus.com/inward/record.uri?eid=2-s2.0-85168730251&doi=10.1109%2fLRA.2023.3308061&partnerID=40&md5=616b1dba83582415db5b4abcafcb0bd3","Article","Final","All Open Access; Green Open Access","Scopus","2-s2.0-85168730251"
"Ak A.C.; Aksoy E.E.; Sariel S.","Ak, Abdullah Cihan (57193028790); Aksoy, Eren Erdal (35190172800); Sariel, Sanem (26424084200)","57193028790; 35190172800; 26424084200","Learning Failure Prevention Skills for Safe Robot Manipulation","2023","IEEE Robotics and Automation Letters","8","12","","7994","8001","7","3","10.1109/LRA.2023.3324587","https://www.scopus.com/inward/record.uri?eid=2-s2.0-85174857924&doi=10.1109%2fLRA.2023.3324587&partnerID=40&md5=cb7170d55168299ed6997721a5d8538d","Article","Final","All Open Access; Green Open Access","Scopus","2-s2.0-85174857924"
"Li H.; Zhou X.-H.; Xie X.-L.; Liu S.-Q.; Gui M.-J.; Xiang T.-Y.; Wang J.-L.; Hou Z.-G.","Li, Hao (57192922676); Zhou, Xiao-Hu (57189496798); Xie, Xiao-Liang (36480732200); Liu, Shi-Qi (57203549536); Gui, Mei-Jiang (57219133046); Xiang, Tian-Yu (57226440881); Wang, Jin-Li (57404547100); Hou, Zeng-Guang (57218664616)","57192922676; 57189496798; 36480732200; 57203549536; 57219133046; 57226440881; 57404547100; 57218664616","Discrete soft actor-critic with auto-encoder on vascular robotic system","2023","Robotica","41","4","","1115","1126","11","7","10.1017/S0263574722001527","https://www.scopus.com/inward/record.uri?eid=2-s2.0-85150057750&doi=10.1017%2fS0263574722001527&partnerID=40&md5=6680de6932695c411d2f7f7f7ecfe898","Article","Final","","Scopus","2-s2.0-85150057750"
"Liu H.; Tan J.; Chen Y.; Ang M.H.","Liu, Haofeng (57547516000); Tan, Jiayi (57545592600); Chen, Yiwen (57846733000); Ang, Marcelo H. (7006650541)","57547516000; 57545592600; 57846733000; 7006650541","Learning Complicated Manipulation Skills Via Deterministic Policy with Limited Demonstrations","2023","2023 21st International Conference on Advanced Robotics, ICAR 2023","","","","499","505","6","0","10.1109/ICAR58858.2023.10406318","https://www.scopus.com/inward/record.uri?eid=2-s2.0-85185846098&doi=10.1109%2fICAR58858.2023.10406318&partnerID=40&md5=f031b9a113aae80ecd7b19d3116fbe4f","Conference paper","Final","All Open Access; Green Open Access","Scopus","2-s2.0-85185846098"
"Nakanoko T.; Oki E.; Ota M.; Ikenaga N.; Hisamatsu Y.; Toshima T.; Kanno T.; Tadano K.; Kawashima K.; Ohuchida K.; Morohashi H.; Ebihara Y.; Mimori K.; Nakamura M.; Yoshizumi T.; Hakamada K.; Hirano S.; Ikeda N.; Mori M.","Nakanoko, Tomonori (57226207741); Oki, Eiji (34572593400); Ota, Mitsuhiko (58684899000); Ikenaga, Naoki (35444493300); Hisamatsu, Yuichi (38361344000); Toshima, Takeo (7004171478); Kanno, Takahiro (52763459200); Tadano, Kotaro (12239223000); Kawashima, Kenji (35243078400); Ohuchida, Kenoki (8606927400); Morohashi, Hajime (6602880569); Ebihara, Yuma (7101775982); Mimori, Koshi (35414017500); Nakamura, Masafumi (36119245100); Yoshizumi, Tomoharu (55994470100); Hakamada, Kenichi (7003615792); Hirano, Satoshi (7402888531); Ikeda, Norihiko (7202414715); Mori, Masaki (55507741600)","57226207741; 34572593400; 58684899000; 35444493300; 38361344000; 7004171478; 52763459200; 12239223000; 35243078400; 8606927400; 6602880569; 7101775982; 35414017500; 36119245100; 55994470100; 7003615792; 7402888531; 7202414715; 55507741600","Real-time telementoring with 3D drawing annotation in robotic surgery","2023","Surgical Endoscopy","37","12","","9676","9683","7","7","10.1007/s00464-023-10521-z","https://www.scopus.com/inward/record.uri?eid=2-s2.0-85175982865&doi=10.1007%2fs00464-023-10521-z&partnerID=40&md5=99cfaaabb27fb1f3ab4e66f997c95543","Article","Final","","Scopus","2-s2.0-85175982865"
"Lee K.M.; Krishna A.; Zaidi Z.; Paleja R.; Chen L.; Hedlund-Botti E.; Schrum M.; Gombolay M.","Lee, Kin Man (57928869300); Krishna, Arjun (57211515957); Zaidi, Zulfqar (57406362100); Paleja, Rohan (57208163256); Chen, Letian (57215831546); Hedlund-Botti, Erin (57834328600); Schrum, Mariah (57208165285); Gombolay, Matthew (55806238000)","57928869300; 57211515957; 57406362100; 57208163256; 57215831546; 57834328600; 57208165285; 55806238000","The efect of robot skill level and communication in rapid, proximate human-robot collaboration","2023","ACM/IEEE International Conference on Human-Robot Interaction","","","","261","270","9","9","10.1145/3568162.3577002","https://www.scopus.com/inward/record.uri?eid=2-s2.0-85149620289&doi=10.1145%2f3568162.3577002&partnerID=40&md5=8c4a49907dff341e642a53683c5d84b2","Conference paper","Final","All Open Access; Bronze Open Access; Green Open Access","Scopus","2-s2.0-85149620289"
"Sukarman F.; Kita E.","Sukarman, Firdaus (57205334596); Kita, Eisuke (56033080000)","57205334596; 56033080000","Grammatical Evolution based Controller Design for Vehicle Robot Action Learning","2023","ACM International Conference Proceeding Series","","","","45","48","3","0","10.1145/3637843.3637850","https://www.scopus.com/inward/record.uri?eid=2-s2.0-85191022268&doi=10.1145%2f3637843.3637850&partnerID=40&md5=d608f88fc2c213a7ff4e7d1081485460","Conference paper","Final","","Scopus","2-s2.0-85191022268"
"So P.; Sarabakha A.; Wu F.; Culha U.; Abu-Dakka F.J.; Haddadin S.","So, Peter (57434633100); Sarabakha, Andriy (57192540792); Wu, Fan (57207815494); Culha, Utku (55539660600); Abu-Dakka, Fares J. (54882427200); Haddadin, Sami (23008499000)","57434633100; 57192540792; 57207815494; 55539660600; 54882427200; 23008499000","Digital Robot Judge: Building a Task-Centric Performance Database of Real-World Manipulation With Electronic Task Boards","2024","IEEE Robotics and Automation Magazine","31","4","","32","44","12","2","10.1109/MRA.2023.3336473","https://www.scopus.com/inward/record.uri?eid=2-s2.0-85181575656&doi=10.1109%2fMRA.2023.3336473&partnerID=40&md5=3431ccd96c7d905a28626ea25a5b1742","Article","Final","All Open Access; Hybrid Gold Open Access","Scopus","2-s2.0-85181575656"
"Sugawara K.; Sakaino S.; Tsuji T.","Sugawara, Keito (57357271600); Sakaino, Sho (20434698200); Tsuji, Toshiaki (9332772500)","57357271600; 20434698200; 9332772500","Unsupervised Human Motion Segmentation Based on Characteristic Force Signals of Contact Events","2023","IEEE Robotics and Automation Letters","8","10","","6203","6210","7","1","10.1109/LRA.2023.3303828","https://www.scopus.com/inward/record.uri?eid=2-s2.0-85167835384&doi=10.1109%2fLRA.2023.3303828&partnerID=40&md5=064cb3475b0cc9a3dddfaac1bc8fed7a","Article","Final","","Scopus","2-s2.0-85167835384"
"Shafiei S.B.; Shadpour S.; Mohler J.L.; Sasangohar F.; Gutierrez C.; Seilanian Toussi M.; Shafqat A.","Shafiei, Somayeh B. (56577959100); Shadpour, Saeed (57222266800); Mohler, James L. (56758548500); Sasangohar, Farzan (36025822300); Gutierrez, Camille (58821963800); Seilanian Toussi, Mehdi (57218719111); Shafqat, Ambreen (57195965523)","56577959100; 57222266800; 56758548500; 36025822300; 58821963800; 57218719111; 57195965523","Surgical skill level classification model development using EEG and eye-gaze data and machine learning algorithms","2023","Journal of Robotic Surgery","17","6","","2963","2971","8","7","10.1007/s11701-023-01722-8","https://www.scopus.com/inward/record.uri?eid=2-s2.0-85174545099&doi=10.1007%2fs11701-023-01722-8&partnerID=40&md5=0e863a7bec6011c12766accf86a752d4","Article","Final","All Open Access; Green Open Access; Hybrid Gold Open Access","Scopus","2-s2.0-85174545099"
"Shu X.; Ni F.; Fan X.; Liu C.; Yang S.; Tu B.; Liu H.","Shu, Xin (57214756466); Ni, Fenglei (15061722500); Fan, Xinyang (58175521000); Liu, Changyuan (57964723800); Yang, Shuai (56352447600); Tu, Baoxu (58174588300); Liu, Hong (55612773500)","57214756466; 15061722500; 58175521000; 57964723800; 56352447600; 58174588300; 55612773500","A Multi-Configuration Track-Legged Humanoid Robot for Dexterous Manipulation and High Mobility: Design and Development","2023","IEEE Robotics and Automation Letters","8","6","","3342","3349","7","8","10.1109/LRA.2023.3266707","https://www.scopus.com/inward/record.uri?eid=2-s2.0-85153351334&doi=10.1109%2fLRA.2023.3266707&partnerID=40&md5=2fc5433d3316d8495d04b0b6ce001791","Article","Final","","Scopus","2-s2.0-85153351334"
"Miao R.; Jia Q.; Sun F.; Chen G.; Huang H.","Miao, Runqing (57428704900); Jia, Qingxuan (55797740600); Sun, Fuchun (57204699218); Chen, Gang (57198649430); Huang, Haiming (55887778600)","57428704900; 55797740600; 57204699218; 57198649430; 55887778600","Hierarchical Understanding in Robotic Manipulation: A Knowledge-Based Framework","2024","Actuators","13","1","28","","","","1","10.3390/act13010028","https://www.scopus.com/inward/record.uri?eid=2-s2.0-85183191905&doi=10.3390%2fact13010028&partnerID=40&md5=ae35aee9484886e8c8625b988b1c3274","Article","Final","All Open Access; Gold Open Access","Scopus","2-s2.0-85183191905"
"Eiband T.; Lay F.; Nottensteiner K.; Lee D.","Eiband, Thomas (57189455973); Lay, Florian (57370928700); Nottensteiner, Korbinian (57190120709); Lee, Dongheui (55661385300)","57189455973; 57370928700; 57190120709; 55661385300","Unifying Skill-Based Programming and Programming by Demonstration through Ontologies","2024","Procedia Computer Science","232","","","595","605","10","2","10.1016/j.procs.2024.01.059","https://www.scopus.com/inward/record.uri?eid=2-s2.0-85189782076&doi=10.1016%2fj.procs.2024.01.059&partnerID=40&md5=f643ce71ca3476741ae7698889d7141c","Conference paper","Final","All Open Access; Gold Open Access; Green Open Access","Scopus","2-s2.0-85189782076"
"Bretas R.; Freitas-Ferreira E.; Souto Maior R.; Tomaz C.; Gonçalves-Mendes M.T.; Aversi-Ferreira T.A.","Bretas, Rafael (56178124200); Freitas-Ferreira, Emmanuel (57218347009); Souto Maior, Rafael (8371385000); Tomaz, Carlos (7004546302); Gonçalves-Mendes, Maria Tereza (57224940359); Aversi-Ferreira, Tales Alexandre (12804802500)","56178124200; 57218347009; 8371385000; 7004546302; 57224940359; 12804802500","Comparative anatomy of the Sapajus sp. (bearded capuchin) hand with comments on tool use in a parallel evolution with the hominid pathway","2024","Frontiers in Physiology","15","","1292035","","","","1","10.3389/fphys.2024.1292035","https://www.scopus.com/inward/record.uri?eid=2-s2.0-85185666696&doi=10.3389%2ffphys.2024.1292035&partnerID=40&md5=e9dc183787cad938e4c79e94dd23e3e9","Article","Final","All Open Access; Gold Open Access","Scopus","2-s2.0-85185666696"
"Huang X.; Batra D.; Rai A.; Szot A.","Huang, Xiaoyu (57440637600); Batra, Dhruv (24764919500); Rai, Akshara (57652658600); Szot, Andrew (57223233772)","57440637600; 24764919500; 57652658600; 57223233772","Skill Transformer: A Monolithic Policy for Mobile Manipulation","2023","Proceedings of the IEEE International Conference on Computer Vision","","","","10818","10828","10","7","10.1109/ICCV51070.2023.00996","https://www.scopus.com/inward/record.uri?eid=2-s2.0-85185611142&doi=10.1109%2fICCV51070.2023.00996&partnerID=40&md5=bd72cd80014b48d6742e9e84a8a33544","Conference paper","Final","All Open Access; Green Open Access","Scopus","2-s2.0-85185611142"
"Fu T.; Bai Y.; Li C.; Li F.; Wang C.; Song R.","Fu, Tianyu (57215423183); Bai, Yunfeng (57952744600); Li, Cheng (58702057600); Li, Fengming (57207859872); Wang, Chaoqun (56118926000); Song, Rui (7202051472)","57215423183; 57952744600; 58702057600; 57207859872; 56118926000; 7202051472","Human-Robot Deformation Manipulation Skill Transfer: Sequential Fabric Unfolding Method For Robots","2023","IEEE Robotics and Automation Letters","8","12","","8454","8461","7","0","10.1109/LRA.2023.3329768","https://www.scopus.com/inward/record.uri?eid=2-s2.0-85177238137&doi=10.1109%2fLRA.2023.3329768&partnerID=40&md5=b854a20cb5fee576e574715fb7915f04","Article","Final","","Scopus","2-s2.0-85177238137"
"Shahid A.A.; Forgione M.; Gallieri M.; Roveda L.; Piga D.","Shahid, Asad Ali (57221326729); Forgione, Marco (55247924500); Gallieri, Marco (36163020000); Roveda, Loris (56031943800); Piga, Dario (35791353300)","57221326729; 55247924500; 36163020000; 56031943800; 35791353300","Robotics Benchmark on Transfer Learning: a Human-Robot Collaboration Use Case","2023","IFAC-PapersOnLine","56","2","","8351","8356","5","0","10.1016/j.ifacol.2023.10.1026","https://www.scopus.com/inward/record.uri?eid=2-s2.0-85184962023&doi=10.1016%2fj.ifacol.2023.10.1026&partnerID=40&md5=19c6b674d10e5db5799ee6789087e2ca","Conference paper","Final","All Open Access; Gold Open Access","Scopus","2-s2.0-85184962023"
"Sun H.; Yang L.; Gu Y.; Pan J.; Wan F.; Song C.","Sun, Haoran (58486269700); Yang, Linhan (57215055136); Gu, Yuping (57471496800); Pan, Jia (35786627600); Wan, Fang (58663141500); Song, Chaoyang (41662155000)","58486269700; 57215055136; 57471496800; 35786627600; 58663141500; 41662155000","Bridging Locomotion and Manipulation Using Reconfigurable Robotic Limbs via Reinforcement Learning","2023","Biomimetics","8","4","364","","","","8","10.3390/biomimetics8040364","https://www.scopus.com/inward/record.uri?eid=2-s2.0-85169043450&doi=10.3390%2fbiomimetics8040364&partnerID=40&md5=4f2cf6b7514d1b665819383be0424484","Article","Final","All Open Access; Gold Open Access; Green Open Access","Scopus","2-s2.0-85169043450"
"Geng P.; Heuss L.; Rauh T.; Müller J.; Daub R.","Geng, Paul (58675098500); Heuss, Lisa (57211205394); Rauh, Thomas (58943450700); Müller, Julian (58943450800); Daub, Rüdiger (36727204200)","58675098500; 57211205394; 58943450700; 58943450800; 36727204200","Framework For The Rapid Development And Deployment Of Customized Industrial Robotic Applications","2023","Proceedings of the Conference on Production Systems and Logistics","","","","13","22","9","0","10.15488/15305","https://www.scopus.com/inward/record.uri?eid=2-s2.0-85188016199&doi=10.15488%2f15305&partnerID=40&md5=06dbd870a0db28566175e5e00c1b6399","Conference paper","Final","","Scopus","2-s2.0-85188016199"
"Lu Z.; Chen L.; Dai H.; Li H.; Zhao Z.; Zheng B.; Lepora N.F.; Yang C.","Lu, Zhenyu (56411276300); Chen, Lu (56434998600); Dai, Hengtai (57952216400); Li, Haoran (57792277300); Zhao, Zhou (57208178305); Zheng, Bofang (58487454000); Lepora, Nathan F. (15842160700); Yang, Chenguang (55671767000)","56411276300; 56434998600; 57952216400; 57792277300; 57208178305; 58487454000; 15842160700; 55671767000","Visual-Tactile Robot Grasping Based on Human Skill Learning From Demonstrations Using a Wearable Parallel Hand Exoskeleton","2023","IEEE Robotics and Automation Letters","8","9","","5384","5391","7","16","10.1109/LRA.2023.3295296","https://www.scopus.com/inward/record.uri?eid=2-s2.0-85164788089&doi=10.1109%2fLRA.2023.3295296&partnerID=40&md5=2d4ce5cac1e4d7f6c178211853093774","Article","Final","","Scopus","2-s2.0-85164788089"
"Li H.; Zhou X.-H.; Xie X.-L.; Liu S.-Q.; Gui M.-J.; Xiang T.-Y.; Huang D.-X.; Hou Z.-G.","Li, Hao (57192922676); Zhou, Xiao-Hu (57189496798); Xie, Xiao-Liang (36480732200); Liu, Shi-Qi (57203549536); Gui, Mei-Jiang (57219133046); Xiang, Tian-Yu (57226440881); Huang, De-Xing (58089459400); Hou, Zeng-Guang (57218664616)","57192922676; 57189496798; 36480732200; 57203549536; 57219133046; 57226440881; 58089459400; 57218664616","Effective Skill Learning on Vascular Robotic Systems: Combining Offline and Online Reinforcement Learning","2024","Communications in Computer and Information Science","1969 CCIS","","","28","40","12","0","10.1007/978-981-99-8184-7_3","https://www.scopus.com/inward/record.uri?eid=2-s2.0-85178635350&doi=10.1007%2f978-981-99-8184-7_3&partnerID=40&md5=14f410f86507d58e9dc6903607feb812","Conference paper","Final","","Scopus","2-s2.0-85178635350"
"Chandra R.; Giraud V.H.; Alkhatib M.; Mezouar Y.","Chandra, Rohit (57208206114); Giraud, Victor H. (58066559500); Alkhatib, Mohammad (57201492293); Mezouar, Youcef (6602736108)","57208206114; 58066559500; 57201492293; 6602736108","Dual quaternion based dynamic movement primitives to learn industrial tasks using teleoperation","2023","Proceedings - IEEE International Conference on Robotics and Automation","2023-May","","","3757","3763","6","1","10.1109/ICRA48891.2023.10160970","https://www.scopus.com/inward/record.uri?eid=2-s2.0-85168712080&doi=10.1109%2fICRA48891.2023.10160970&partnerID=40&md5=b3ab1b63ab57fb9389bc00b5d3698461","Conference paper","Final","","Scopus","2-s2.0-85168712080"
"Rana K.; Xu M.; Tidd B.; Milford M.; Sünderhauf N.","Rana, Krishan (57219435767); Xu, Ming (57220920436); Tidd, Brendan (57221154984); Milford, Michael (23100108800); Sünderhauf, Niko (15726514900)","57219435767; 57220920436; 57221154984; 23100108800; 15726514900","Residual Skill Policies: Learning an Adaptable Skill-based Action Space for Reinforcement Learning for Robotics","2023","Proceedings of Machine Learning Research","205","","","2095","2104","9","13","","https://www.scopus.com/inward/record.uri?eid=2-s2.0-85164946188&partnerID=40&md5=e4d2c26c8f2e7fb5678147cb6ae28212","Conference paper","Final","","Scopus","2-s2.0-85164946188"
"Cui S.; Zhang C.; Shao Z.; Dong C.; Wang Y.; Wang S.; Tian Y.","Cui, Shaowei (57214996092); Zhang, Chaofan (57386562900); Shao, Zhihao (58660753700); Dong, Chengju (57947296700); Wang, Yu (55969140000); Wang, Shuo (55968472300); Tian, Yuan (58659873800)","57214996092; 57386562900; 58660753700; 57947296700; 55969140000; 55968472300; 58659873800","Contact Volumetric Mesh Simulation of GelStereo Visuotactile Sensors","2023","Proceedings of 13th IEEE International Conference on CYBER Technology in Automation, Control, and Intelligent Systems, CYBER 2023","","","","1363","1367","4","0","10.1109/CYBER59472.2023.10256475","https://www.scopus.com/inward/record.uri?eid=2-s2.0-85174701388&doi=10.1109%2fCYBER59472.2023.10256475&partnerID=40&md5=941946cbdb9a90c387ff29de149e8f17","Conference paper","Final","","Scopus","2-s2.0-85174701388"
"Li C.; Zhang R.; Wong J.; Gokmen C.; Srivastava S.; Martín-Martín R.; Wang C.; Levine G.; Lingelbach M.; Sun J.; Anvari M.; Hwang M.; Sharma M.; Aydin A.; Bansal D.; Hunter S.; Kim K.-Y.; Lou A.; Matthews C.R.; Villa-Renteria I.; Tang J.H.; Tang C.; Xia F.; Savarese S.; Gweon H.; Liu C.K.; Wu J.; Fei-Fei L.","Li, Chengshu (57214363595); Zhang, Ruohan (57184546900); Wong, Josiah (57221140417); Gokmen, Cem (57203618506); Srivastava, Sanjana (57221694714); Martín-Martín, Roberto (36996641700); Wang, Chen (57209930014); Levine, Gabrael (58489977900); Lingelbach, Michael (57219766904); Sun, Jiankai (57215773275); Anvari, Mona (58490102100); Hwang, Minjune (57219601477); Sharma, Manasi (58489595600); Aydin, Arman (58489978000); Bansal, Dhruva (57209969765); Hunter, Samuel (58489978100); Kim, Kyu-Young (58490229900); Lou, Alan (58481670200); Matthews, Caleb R. (57215967572); Villa-Renteria, Ivan (57305366300); Tang, Jerry Huayang (59119096500); Tang, Claire (58490484800); Xia, Fei (57191034548); Savarese, Silvio (58085917300); Gweon, Hyowon (36243392900); Liu, C. Karen (10140418300); Wu, Jiajun (55553991400); Fei-Fei, Li (8952942000)","57214363595; 57184546900; 57221140417; 57203618506; 57221694714; 36996641700; 57209930014; 58489977900; 57219766904; 57215773275; 58490102100; 57219601477; 58489595600; 58489978000; 57209969765; 58489978100; 58490229900; 58481670200; 57215967572; 57305366300; 59119096500; 58490484800; 57191034548; 58085917300; 36243392900; 10140418300; 55553991400; 8952942000","BEHAVIOR-1K: A Benchmark for Embodied AI with 1, 000 Everyday Activities and Realistic Simulation","2023","Proceedings of Machine Learning Research","205","","","80","93","13","57","","https://www.scopus.com/inward/record.uri?eid=2-s2.0-85164945018&partnerID=40&md5=891e2b06921b7aff80d70500abbdb1ba","Conference paper","Final","","Scopus","2-s2.0-85164945018"
"Mao J.; Tenenbaum J.B.; Lozano-Pérez T.; Kaelbling L.P.","Mao, Jiayuan (57201377790); Tenenbaum, Joshua B. (7006818404); Lozano-Pérez, Tomás (7004446279); Kaelbling, Leslie Pack (6701501293)","57201377790; 7006818404; 7004446279; 6701501293","Learning Reusable Manipulation Strategies","2023","Proceedings of Machine Learning Research","229","","","","","","0","","https://www.scopus.com/inward/record.uri?eid=2-s2.0-85184351736&partnerID=40&md5=9cc1341e87b40873b8b550246f7e87ec","Conference paper","Final","","Scopus","2-s2.0-85184351736"
"Deroo B.; Pousett B.; Aertbeliën E.; Decré W.; Bruyninckx H.","Deroo, Boris (57473129200); Pousett, Brendan (57198865597); Aertbeliën, Erwin (6507096344); Decré, Wilm (16199340100); Bruyninckx, Herman (7003332828)","57473129200; 57198865597; 6507096344; 16199340100; 7003332828","The Need for Task-Specific Execution in Robot Manipulation: Skill Design for Energy-Efficient Control","2023","IEEE International Conference on Automation Science and Engineering","2023-August","","","","","","0","10.1109/CASE56687.2023.10260491","https://www.scopus.com/inward/record.uri?eid=2-s2.0-85174399909&doi=10.1109%2fCASE56687.2023.10260491&partnerID=40&md5=48da14d71edf3c0633d663e364b32a5e","Conference paper","Final","","Scopus","2-s2.0-85174399909"
"Figueroa-Bossi N.; Balbontín R.; Bossi L.","Figueroa-Bossi, Nara (6602603556); Balbontín, Roberto (15019173700); Bossi, Lionello (7005066198)","6602603556; 15019173700; 7005066198","Basic Bacteriological Routines","2022","Cold Spring Harbor Protocols","2022","10","","462","468","6","1","10.1101/pdb.prot107849","https://www.scopus.com/inward/record.uri?eid=2-s2.0-85139571930&doi=10.1101%2fpdb.prot107849&partnerID=40&md5=8678e8828d09f739367a31346808c6ff","Article","Final","","Scopus","2-s2.0-85139571930"
"Belkhale S.; Sadigh D.","Belkhale, Suneel (57210787945); Sadigh, Dorsa (55052871500)","57210787945; 55052871500","PLATO: Predicting Latent Affordances Through Object-Centric Play","2023","Proceedings of Machine Learning Research","205","","","1424","1434","10","2","","https://www.scopus.com/inward/record.uri?eid=2-s2.0-85164930280&partnerID=40&md5=c471c9d62fe7b50f6bd2282bc1d979f6","Conference paper","Final","","Scopus","2-s2.0-85164930280"
"Mandlekar A.; Garrett C.; Xu D.; Fox D.","Mandlekar, Ajay (55884466700); Garrett, Caelan (56940081800); Xu, Danfei (57191429236); Fox, Dieter (7402074129)","55884466700; 56940081800; 57191429236; 7402074129","Human-In-The-Loop Task and Motion Planning for Imitation Learning","2023","Proceedings of Machine Learning Research","229","","","","","","5","","https://www.scopus.com/inward/record.uri?eid=2-s2.0-85177637317&partnerID=40&md5=38f87aba66cd42c6d841d2e2b848340b","Conference paper","Final","","Scopus","2-s2.0-85177637317"
"Mayr M.; Ahmad F.; Duerr A.; Krueger V.","Mayr, Matthias (57290705000); Ahmad, Faseeh (57290705100); Duerr, Alexander (58587096300); Krueger, Volker (7003464904)","57290705000; 57290705100; 58587096300; 7003464904","Using Knowledge Representation and Task Planning for Robot-agnostic Skills on the Example of Contact-Rich Wiping Tasks","2023","IEEE International Conference on Automation Science and Engineering","2023-August","","","","","","3","10.1109/CASE56687.2023.10260413","https://www.scopus.com/inward/record.uri?eid=2-s2.0-85174401915&doi=10.1109%2fCASE56687.2023.10260413&partnerID=40&md5=8eb176f328b45faa330608829a4493de","Conference paper","Final","All Open Access; Green Open Access","Scopus","2-s2.0-85174401915"
"Borras J.; Boix-Granell A.; Foix S.; Torras C.","Borras, Julia (24780683200); Boix-Granell, Arnau (57961214400); Foix, Sergi (34972737900); Torras, Carme (7003421114)","24780683200; 57961214400; 34972737900; 7003421114","A Virtual Reality Framework For Fast Dataset Creation Applied to Cloth Manipulation with Automatic Semantic Labelling","2023","Proceedings - IEEE International Conference on Robotics and Automation","2023-May","","","11605","11611","6","2","10.1109/ICRA48891.2023.10161122","https://www.scopus.com/inward/record.uri?eid=2-s2.0-85162172346&doi=10.1109%2fICRA48891.2023.10161122&partnerID=40&md5=d8a0cd56f2fb5e47f8a273257e0347dc","Conference paper","Final","All Open Access; Green Open Access","Scopus","2-s2.0-85162172346"
"Shen H.; Wan W.; Wang H.","Shen, Hao (57546680200); Wan, Weikang (57547836700); Wang, He (57218525316)","57546680200; 57547836700; 57218525316","Learning Category-Level Generalizable Object Manipulation Policy Via Generative Adversarial Self-Imitation Learning from Demonstrations","2022","IEEE Robotics and Automation Letters","7","4","","11166","11173","7","11","10.1109/LRA.2022.3196122","https://www.scopus.com/inward/record.uri?eid=2-s2.0-85135741538&doi=10.1109%2fLRA.2022.3196122&partnerID=40&md5=c3505b5664936a0073e417850196c156","Article","Final","All Open Access; Green Open Access","Scopus","2-s2.0-85135741538"
"Lee T.E.; Vats S.; Girdhar S.; Kroemer O.","Lee, Tabitha Edith (57462208400); Vats, Shivam (57195214048); Girdhar, Siddharth (57220179625); Kroemer, Oliver (35194171900)","57462208400; 57195214048; 57220179625; 35194171900","SCALE: Causal Learning and Discovery of Robot Manipulation Skills using Simulation","2023","Proceedings of Machine Learning Research","229","","","","","","1","","https://www.scopus.com/inward/record.uri?eid=2-s2.0-85184354216&partnerID=40&md5=41862096e6033048217345786a62db62","Conference paper","Final","","Scopus","2-s2.0-85184354216"
"Gabler V.; Wollherr D.","Gabler, Volker (57188803254); Wollherr, Dirk (23010951900)","57188803254; 23010951900","Bayesian optimization with unknown constraints in graphical skill models for compliant manipulation tasks using an industrial robot","2022","Frontiers in Robotics and AI","9","","993359","","","","2","10.3389/frobt.2022.993359","https://www.scopus.com/inward/record.uri?eid=2-s2.0-85140921464&doi=10.3389%2ffrobt.2022.993359&partnerID=40&md5=bd6070e93fa60407582cc02ca9388d9e","Article","Final","All Open Access; Gold Open Access; Green Open Access","Scopus","2-s2.0-85140921464"
"Wang C.; Fan L.; Sun J.; Zhang R.; Fei-Fei L.; Xu D.; Zhu Y.; Anandkumar A.","Wang, Chen (57209930014); Fan, Linxi (57189589792); Sun, Jiankai (57215773275); Zhang, Ruohan (57184546900); Fei-Fei, Li (8952942000); Xu, Danfei (57191429236); Zhu, Yuke (56336009200); Anandkumar, Anima (16068201100)","57209930014; 57189589792; 57215773275; 57184546900; 8952942000; 57191429236; 56336009200; 16068201100","MimicPlay: Long-Horizon Imitation Learning by Watching Human Play","2023","Proceedings of Machine Learning Research","229","","","","","","36","","https://www.scopus.com/inward/record.uri?eid=2-s2.0-85184350494&partnerID=40&md5=8a1a0715d5260e0c114873a5d92778f0","Conference paper","Final","","Scopus","2-s2.0-85184350494"
"Yu W.; Gileadi N.; Fu C.; Kirmani S.; Lee K.-H.; Arenas M.G.; Chiang H.-T.L.; Erez T.; Hasenclever L.; Humplik J.; Ichter B.; Xiao T.; Xu P.; Zeng A.; Zhang T.; Heess N.; Sadigh D.; Tan J.; Tassa Y.; Xia F.","Yu, Wenhao (57189459079); Gileadi, Nimrod (57219818673); Fu, Chuyuan (57190439965); Kirmani, Sean (57204953679); Lee, Kuang-Huei (57204395267); Arenas, Montse Gonzalez (57189597395); Chiang, Hao-Tien Lewis (56742715400); Erez, Tom (17343337900); Hasenclever, Leonard (55898573800); Humplik, Jan (56294341600); Ichter, Brian (55252772400); Xiao, Ted (57201791950); Xu, Peng (57606508900); Zeng, Andy (57195417034); Zhang, Tingnan (57223781024); Heess, Nicolas (36450421000); Sadigh, Dorsa (55052871500); Tan, Jie (42262817800); Tassa, Yuval (17344504600); Xia, Fei (57191034548)","57189459079; 57219818673; 57190439965; 57204953679; 57204395267; 57189597395; 56742715400; 17343337900; 55898573800; 56294341600; 55252772400; 57201791950; 57606508900; 57195417034; 57223781024; 36450421000; 55052871500; 42262817800; 17344504600; 57191034548","Language to Rewards for Robotic Skill Synthesis","2023","Proceedings of Machine Learning Research","229","","","","","","9","","https://www.scopus.com/inward/record.uri?eid=2-s2.0-85184346134&partnerID=40&md5=6ef30726f664945212ba7f21747d85a9","Conference paper","Final","","Scopus","2-s2.0-85184346134"
"Liu X.; Wang Z.; Li J.; Cangelosi A.; Yang C.","Liu, Xiaofeng (56996540700); Wang, Ziyang (57888007900); Li, Jie (56542084400); Cangelosi, Angelo (6701387796); Yang, Chenguang (55671767000)","56996540700; 57888007900; 56542084400; 6701387796; 55671767000","Demonstration Learning and Generalization of Robotic Motor Skills Based on Wearable Motion Tracking Sensors","2023","IEEE Transactions on Instrumentation and Measurement","72","","2519515","","","","4","10.1109/TIM.2023.3288240","https://www.scopus.com/inward/record.uri?eid=2-s2.0-85163542890&doi=10.1109%2fTIM.2023.3288240&partnerID=40&md5=a0b2ff20ab97662e1e2b937652d13207","Article","Final","","Scopus","2-s2.0-85163542890"
"Fan R.; Wang T.; Hirano M.; Yamakawa Y.","Fan, Ruomeng (58816372500); Wang, Taohan (57726655700); Hirano, Masahiro (56152834800); Yamakawa, Yuji (10041787100)","58816372500; 57726655700; 56152834800; 10041787100","One-Shot Affordance Learning (OSAL): Learning to Manipulate Articulated Objects by Observing Once","2023","IEEE International Conference on Intelligent Robots and Systems","","","","2955","2962","7","0","10.1109/IROS55552.2023.10341421","https://www.scopus.com/inward/record.uri?eid=2-s2.0-85182522953&doi=10.1109%2fIROS55552.2023.10341421&partnerID=40&md5=199fc7fc2d369d6f4cd60e22b931a5f1","Conference paper","Final","","Scopus","2-s2.0-85182522953"
"Wang K.; Zhao Y.; Dai S.; Sun R.","Wang, Kaiyi (58515684500); Zhao, Yongjia (36095369500); Dai, Shuling (7203008798); Sun, Ruize (57225963058)","58515684500; 36095369500; 7203008798; 57225963058","VRCK: A Virtual Reality Teaching System based on Generation and Editing of Constrained Keyframes","2023","2023 9th International Conference on Virtual Reality, ICVR 2023","","","","474","480","6","0","10.1109/ICVR57957.2023.10169439","https://www.scopus.com/inward/record.uri?eid=2-s2.0-85166368108&doi=10.1109%2fICVR57957.2023.10169439&partnerID=40&md5=c802b6c161b39513b07700b60a0d1adb","Conference paper","Final","","Scopus","2-s2.0-85166368108"
"","","","15th International Workshop on Human-Friendly Robotics, HFR 2022","2023","Springer Proceedings in Advanced Robotics","26","","","","","247","0","","https://www.scopus.com/inward/record.uri?eid=2-s2.0-85147990721&partnerID=40&md5=212ad83b4d4fdd91218f75d0265a01cc","Conference review","Final","","Scopus","2-s2.0-85147990721"
"Wolf S.; Hofmann C.; Bahls T.; Maurenbrecher H.; Pleintinger B.","Wolf, Sebastian (55849959800); Hofmann, Cynthia (57214805204); Bahls, Thomas (24757820700); Maurenbrecher, Henry (58833242900); Pleintinger, Benedikt (36802446400)","55849959800; 57214805204; 24757820700; 58833242900; 36802446400","Modularity in Humanoid Robot Design for Flexibility in System Structure and Application","2023","IEEE-RAS International Conference on Humanoid Robots","","","","","","","1","10.1109/Humanoids57100.2023.10375175","https://www.scopus.com/inward/record.uri?eid=2-s2.0-85182938020&doi=10.1109%2fHumanoids57100.2023.10375175&partnerID=40&md5=59fb6871e3afb9be02193509bef60d40","Conference paper","Final","All Open Access; Green Open Access","Scopus","2-s2.0-85182938020"
"Mendonca R.; Bahl S.; Pathak D.","Mendonca, Russell (57208446502); Bahl, Shikhar (57208440370); Pathak, Deepak (56567614100)","57208446502; 57208440370; 56567614100","ALAN: Autonomously Exploring Robotic Agents in the Real World","2023","Proceedings - IEEE International Conference on Robotics and Automation","2023-May","","","3044","3050","6","3","10.1109/ICRA48891.2023.10161016","https://www.scopus.com/inward/record.uri?eid=2-s2.0-85168702156&doi=10.1109%2fICRA48891.2023.10161016&partnerID=40&md5=7a551c9c3214db86f3507c80f0602ee8","Conference paper","Final","All Open Access; Green Open Access","Scopus","2-s2.0-85168702156"
"Zhao Y.; Zhou Z.; Xiong R.","Zhao, Yinghao (57646388700); Zhou, Zhongxiang (57217007446); Xiong, Rong (57214755111)","57646388700; 57217007446; 57214755111","Grounding Language for Robotic Manipulation via Skill Library","2023","Proceedings - 2023 2nd International Conference on Machine Learning, Cloud Computing, and Intelligent Mining, MLCCIM 2023","","","","385","392","7","0","10.1109/MLCCIM60412.2023.00062","https://www.scopus.com/inward/record.uri?eid=2-s2.0-85182031501&doi=10.1109%2fMLCCIM60412.2023.00062&partnerID=40&md5=3303851dab6d2321650338312d746f3d","Conference paper","Final","","Scopus","2-s2.0-85182031501"
"Sanches F.; Gao G.; Elangovan N.; Godoy R.V.; Chapman J.; Wang K.; Jarvis P.; Liarokapis M.","Sanches, Felipe (58066243900); Gao, Geng (57215111735); Elangovan, Nathan (57211914170); Godoy, Ricardo V. (57216687138); Chapman, Jayden (57218170328); Wang, Ke (57852990400); Jarvis, Patrick (57218825642); Liarokapis, Minas (36802202100)","58066243900; 57215111735; 57211914170; 57216687138; 57218170328; 57852990400; 57218825642; 36802202100","Scalable. Intuitive Human to Robot Skill Transfer with Wearable Human Machine Interfaces: On Complex, Dexterous Tasks","2023","IEEE International Conference on Intelligent Robots and Systems","","","","6318","6325","7","3","10.1109/IROS55552.2023.10341661","https://www.scopus.com/inward/record.uri?eid=2-s2.0-85174399478&doi=10.1109%2fIROS55552.2023.10341661&partnerID=40&md5=aea8228bf1790d78d7f26db78ea820bf","Conference paper","Final","","Scopus","2-s2.0-85174399478"
"Wu H.; Zhai X.; Wu X.; Gu S.; Liao Z.; Xu Z.; Pan J.; Zhou X.","Wu, Hongmin (56650300300); Zhai, Xueqian (58089446200); Wu, Xinyu (7407065301); Gu, Shichao (57004242400); Liao, Zhaoyang (57202506594); Xu, Zhihao (57214001897); Pan, Jia (35786627600); Zhou, Xuefeng (55743312800)","56650300300; 58089446200; 7407065301; 57004242400; 57202506594; 57214001897; 35786627600; 55743312800","Learning Stable Nonlinear Dynamics and Interactive Force-Aware Variable Impedance Control for Robotic Contact Tasks","2023","Procedia Computer Science","226","","","127","133","6","2","10.1016/j.procs.2023.10.646","https://www.scopus.com/inward/record.uri?eid=2-s2.0-85184109488&doi=10.1016%2fj.procs.2023.10.646&partnerID=40&md5=0def7d9bf3f6415a482edc8607d0039b","Conference paper","Final","All Open Access; Gold Open Access","Scopus","2-s2.0-85184109488"
"Wang C.; Vungarala D.; Navarro K.; Adwani N.; Han T.","Wang, Cong (55846570500); Vungarala, Deepak (58542831600); Navarro, Kevin (58542973900); Adwani, Neel (57264024300); Han, Tao (36691524600)","55846570500; 58542831600; 58542973900; 57264024300; 36691524600","The Pinch Sensor: An Input Device for In-Hand Manipulation with the Index Finger and Thumb","2023","IEEE/ASME International Conference on Advanced Intelligent Mechatronics, AIM","2023-June","","","822","827","5","0","10.1109/AIM46323.2023.10196268","https://www.scopus.com/inward/record.uri?eid=2-s2.0-85168415072&doi=10.1109%2fAIM46323.2023.10196268&partnerID=40&md5=6f7bac1b948e71dbfbdf3f05284ef965","Conference paper","Final","","Scopus","2-s2.0-85168415072"
"Blanc C.; Boudry L.; Sonderegger A.; Nembrini J.; Dégallier-Rochat S.","Blanc, Charly (58784085300); Boudry, Lionel (58784239400); Sonderegger, Andreas (24485614200); Nembrini, Julien (24776694900); Dégallier-Rochat, Sarah (57251619600)","58784085300; 58784239400; 24485614200; 24776694900; 57251619600","Empowering Production Workers to Program Robots: A No-Code, Skill-Based Approach","2023","Communications in Computer and Information Science","1996 CCIS","","","21","39","18","0","10.1007/978-3-031-49425-3_2","https://www.scopus.com/inward/record.uri?eid=2-s2.0-85180809448&doi=10.1007%2f978-3-031-49425-3_2&partnerID=40&md5=c66c06cf3dc758dcee6aaea8c88efaf4","Conference paper","Final","","Scopus","2-s2.0-85180809448"
"Seo M.; Han S.; Sim K.; Bang S.H.; Gonzalez C.; Sentis L.; Zhu Y.","Seo, Mingyo (57909366400); Han, Steve (58620064200); Sim, Kyutae (58619032600); Bang, Seung Hyeon (57216146831); Gonzalez, Carlos (57220970125); Sentis, Luis (6507774039); Zhu, Yuke (56336009200)","57909366400; 58620064200; 58619032600; 57216146831; 57220970125; 6507774039; 56336009200","Deep Imitation Learning for Humanoid Loco-manipulation Through Human Teleoperation","2023","IEEE-RAS International Conference on Humanoid Robots","","","","","","","19","10.1109/Humanoids57100.2023.10375203","https://www.scopus.com/inward/record.uri?eid=2-s2.0-85174781797&doi=10.1109%2fHumanoids57100.2023.10375203&partnerID=40&md5=4a2230136634e076315a5c01d3498b68","Conference paper","Final","All Open Access; Green Open Access","Scopus","2-s2.0-85174781797"
"Chun E.; Du Y.; Simeonov A.; Lozano-Perez T.; Kaelbling L.","Chun, Ethan (57762116500); Du, Yilun (57194623792); Simeonov, Anthony (57201114672); Lozano-Perez, Tomas (7004446279); Kaelbling, Leslie (6701501293)","57762116500; 57194623792; 57201114672; 7004446279; 6701501293","Local Neural Descriptor Fields: Locally Conditioned Object Representations for Manipulation","2023","Proceedings - IEEE International Conference on Robotics and Automation","2023-May","","","1830","1836","6","10","10.1109/ICRA48891.2023.10160423","https://www.scopus.com/inward/record.uri?eid=2-s2.0-85168685439&doi=10.1109%2fICRA48891.2023.10160423&partnerID=40&md5=0b7741e9e5bfed1b490a73e294900806","Conference paper","Final","All Open Access; Green Open Access","Scopus","2-s2.0-85168685439"
"Hiranaka A.; Hwang M.; Lee S.; Wang C.; Fei-Fei L.; Wu J.; Zhang R.","Hiranaka, Ayano (58490471800); Hwang, Minjune (57219601477); Lee, Sharon (58541848800); Wang, Chen (57209930014); Fei-Fei, Li (8952942000); Wu, Jiajun (55553991400); Zhang, Ruohan (57184546900)","58490471800; 57219601477; 58541848800; 57209930014; 8952942000; 55553991400; 57184546900","Primitive Skill-Based Robot Learning from Human Evaluative Feedback","2023","IEEE International Conference on Intelligent Robots and Systems","","","","7817","7824","7","2","10.1109/IROS55552.2023.10341912","https://www.scopus.com/inward/record.uri?eid=2-s2.0-85182523791&doi=10.1109%2fIROS55552.2023.10341912&partnerID=40&md5=11c8ce5ccd097898e215eb3e37538f38","Conference paper","Final","All Open Access; Green Open Access","Scopus","2-s2.0-85182523791"
"Roshanbin A.; Zhang Y.; Afzal M.R.","Roshanbin, Ali (24544992300); Zhang, Yang (58853101500); Afzal, Muhammad Raheel (55607245400)","24544992300; 58853101500; 55607245400","Self-Learning Skill Parameters for Robotic Peg-in-Hale Assembly Task","2023","2023 11th International Conference on Control, Mechatronics and Automation, ICCMA 2023","","","","253","258","5","0","10.1109/ICCMA59762.2023.10375064","https://www.scopus.com/inward/record.uri?eid=2-s2.0-85183577471&doi=10.1109%2fICCMA59762.2023.10375064&partnerID=40&md5=5ef20a944066ea45bccd53d28f5b7536","Conference paper","Final","","Scopus","2-s2.0-85183577471"
"Ma R.; Lam L.; Spiegel B.A.; Ganeshan A.; Patel R.; Abbatematteo B.; Paulius D.; Tellex S.; Konidaris G.","Ma, Rachel (58816330600); Lam, Lyndon (58816330700); Spiegel, Benjamin A. (57337077300); Ganeshan, Aditya (57203219357); Patel, Roma (57217366657); Abbatematteo, Ben (57288737700); Paulius, David (57192437676); Tellex, Stefanie (7801643708); Konidaris, George (14822243500)","58816330600; 58816330700; 57337077300; 57203219357; 57217366657; 57288737700; 57192437676; 7801643708; 14822243500","Skill Generalization with Verbs","2023","IEEE International Conference on Intelligent Robots and Systems","","","","5844","5851","7","0","10.1109/IROS55552.2023.10341472","https://www.scopus.com/inward/record.uri?eid=2-s2.0-85182525170&doi=10.1109%2fIROS55552.2023.10341472&partnerID=40&md5=bd5aa1d2a5070a3610590b35bddd4843","Conference paper","Final","","Scopus","2-s2.0-85182525170"
"Mees O.; Hermann L.; Burgard W.","Mees, Oier (57192430420); Hermann, Lukas (57219443468); Burgard, Wolfram (7003610380)","57192430420; 57219443468; 7003610380","What Matters in Language Conditioned Robotic Imitation Learning Over Unstructured Data","2022","IEEE Robotics and Automation Letters","7","4","","11205","11212","7","57","10.1109/LRA.2022.3196123","https://www.scopus.com/inward/record.uri?eid=2-s2.0-85135740184&doi=10.1109%2fLRA.2022.3196123&partnerID=40&md5=59a1e15b10f9ac2aa2be7d724eb21662","Article","Final","All Open Access; Green Open Access","Scopus","2-s2.0-85135740184"
"Straizys A.; Burke M.; Ramamoorthy S.","Straizys, Arturas (57219441719); Burke, Michael (36099859700); Ramamoorthy, Subramanian (15042865300)","57219441719; 36099859700; 15042865300","Learning Robotic Cutting from Demonstration: Non-Holonomic DMPs using the Udwadia-Kalaba Method","2023","Proceedings - IEEE International Conference on Robotics and Automation","2023-May","","","5034","5040","6","2","10.1109/ICRA48891.2023.10160917","https://www.scopus.com/inward/record.uri?eid=2-s2.0-85168694425&doi=10.1109%2fICRA48891.2023.10160917&partnerID=40&md5=7a43e2453c8c0fc5b8ef3a1c7f8586de","Conference paper","Final","All Open Access; Green Open Access","Scopus","2-s2.0-85168694425"
"Wu H.; Yan W.; Xu Z.; Zhou X.","Wu, Hongmin (56650300300); Yan, Wu (57204598751); Xu, Zhihao (57214001897); Zhou, Xuefeng (55743312800)","56650300300; 57204598751; 57214001897; 55743312800","A Framework of Improving Human Demonstration Efficiency for Goal-Directed Robot Skill Learning","2022","IEEE Transactions on Cognitive and Developmental Systems","14","4","","1743","1754","11","8","10.1109/TCDS.2021.3137262","https://www.scopus.com/inward/record.uri?eid=2-s2.0-85122071300&doi=10.1109%2fTCDS.2021.3137262&partnerID=40&md5=dc33ccc1cc5c2116474dd60336a6889e","Article","Final","","Scopus","2-s2.0-85122071300"
"Wu Y.; Liao Z.; Gong C.; Zhao F.","Wu, Yuqiang (57202714727); Liao, Zhiwei (57217154386); Gong, Chenwei (57837184900); Zhao, Fei (57195553684)","57202714727; 57217154386; 57837184900; 57195553684","Towards Large-Space Manipulation Skills Learning with Mobile Manipulator","2023","Lecture Notes in Mechanical Engineering","","","","2095","2109","14","0","10.1007/978-981-19-9398-5_129","https://www.scopus.com/inward/record.uri?eid=2-s2.0-85163981964&doi=10.1007%2f978-981-19-9398-5_129&partnerID=40&md5=c3a02a08d1f5e62d4ec6fb75106e0686","Conference paper","Final","","Scopus","2-s2.0-85163981964"
"Ha H.; Florence P.; Song S.","Ha, Huy (57220950834); Florence, Pete (57190127243); Song, Shuran (59351225400)","57220950834; 57190127243; 59351225400","Scaling Up and Distilling Down: Language-Guided Robot Skill Acquisition","2023","Proceedings of Machine Learning Research","229","","","","","","5","","https://www.scopus.com/inward/record.uri?eid=2-s2.0-85181802199&partnerID=40&md5=fb63eddfa8f8651d0336044cf9cc72e6","Conference paper","Final","","Scopus","2-s2.0-85181802199"
"Pelletier B.; Lesire C.; Grand C.; Doose D.; Rognant M.","Pelletier, Baptiste (57912763200); Lesire, Charles (8941481100); Grand, Christophe (23008478000); Doose, David (14008956400); Rognant, Mathieu (25646564900)","57912763200; 8941481100; 23008478000; 14008956400; 25646564900","Predictive Runtime Verification of Skill-based Robotic Systems using Petri Nets","2023","Proceedings - IEEE International Conference on Robotics and Automation","2023-May","","","10580","10586","6","5","10.1109/ICRA48891.2023.10160434","https://www.scopus.com/inward/record.uri?eid=2-s2.0-85168712012&doi=10.1109%2fICRA48891.2023.10160434&partnerID=40&md5=3cf4f34d1b100b0dd658e71baf384a88","Conference paper","Final","","Scopus","2-s2.0-85168712012"
"Zhong D.; Miao S.; Miao R.; Sun F.; Wen Z.; Huang H.; Wang N.","Zhong, Daming (58127702100); Miao, Shengyi (58127702000); Miao, Runqing (57428704900); Sun, Fuchun (57204699218); Wen, Zhenkun (24451469900); Huang, Haiming (55887778600); Wang, Na (57190679942)","58127702100; 58127702000; 57428704900; 57204699218; 24451469900; 55887778600; 57190679942","Skill Manipulation Method of Industrial Robot Based on Knowledge Graph for Assembly Scene","2023","Communications in Computer and Information Science","1732 CCIS","","","280","290","10","0","10.1007/978-981-99-2789-0_24","https://www.scopus.com/inward/record.uri?eid=2-s2.0-85163292234&doi=10.1007%2f978-981-99-2789-0_24&partnerID=40&md5=bb65518c41f4dc678b4ecc55070058d7","Conference paper","Final","","Scopus","2-s2.0-85163292234"
"Thuruthel T.G.; Iida F.","Thuruthel, Thomas George (57207942983); Iida, Fumiya (55087022900)","57207942983; 55087022900","Multi-modal Sensor Fusion for Learning Rich Models for Interacting Soft Robots","2023","2023 IEEE International Conference on Soft Robotics, RoboSoft 2023","","","","","","","7","10.1109/RoboSoft55895.2023.10121992","https://www.scopus.com/inward/record.uri?eid=2-s2.0-85160578557&doi=10.1109%2fRoboSoft55895.2023.10121992&partnerID=40&md5=f49e691930f31f27cabcadcfbfdc0cab","Conference paper","Final","All Open Access; Green Open Access","Scopus","2-s2.0-85160578557"
"Dai H.; Lu Z.; He M.; Yang C.","Dai, Hengtai (57952216400); Lu, Zhenyu (56411276300); He, Mengyuan (57951779000); Yang, Chenguang (55671767000)","57952216400; 56411276300; 57951779000; 55671767000","A Gripper-like Exoskeleton Design for Robot Grasping Demonstration","2023","Actuators","12","1","39","","","","5","10.3390/act12010039","https://www.scopus.com/inward/record.uri?eid=2-s2.0-85146819070&doi=10.3390%2fact12010039&partnerID=40&md5=7fd2b6b300959c71f7bea3fe524b5f79","Article","Final","All Open Access; Gold Open Access","Scopus","2-s2.0-85146819070"
"Girgin H.; Jankowski J.; Calinon S.","Girgin, Hakan (57207828531); Jankowski, Julius (57220950510); Calinon, Sylvain (6507248533)","57207828531; 57220950510; 6507248533","Reactive Anticipatory Robot Skills with Memory","2023","Springer Proceedings in Advanced Robotics","27 SPAR","","","436","451","15","0","10.1007/978-3-031-25555-7_30","https://www.scopus.com/inward/record.uri?eid=2-s2.0-85151062839&doi=10.1007%2f978-3-031-25555-7_30&partnerID=40&md5=1f9171836523f1d9113c68d8a1d8bc45","Conference paper","Final","","Scopus","2-s2.0-85151062839"
"Bongiovanni A.; De Luca A.; Gava L.; Grassi L.; Lagomarsino M.; Lapolla M.; Marino A.; Roncagliolo P.; Macciò S.; Carfì A.; Mastrogiovanni F.","Bongiovanni, Antonino (57814412400); De Luca, Alessio (57363606500); Gava, Luna (57219626465); Grassi, Lucrezia (57219625942); Lagomarsino, Marta (57219627040); Lapolla, Marco (14826659600); Marino, Antonio (57203637246); Roncagliolo, Patrick (57814807800); Macciò, Simone (57811180200); Carfì, Alessandro (57204949335); Mastrogiovanni, Fulvio (56962745700)","57814412400; 57363606500; 57219626465; 57219625942; 57219627040; 14826659600; 57203637246; 57814807800; 57811180200; 57204949335; 56962745700","Gestural and Touchscreen Interaction for Human-Robot Collaboration: A Comparative Study","2023","Lecture Notes in Networks and Systems","577 LNNS","","","122","138","16","4","10.1007/978-3-031-22216-0_9","https://www.scopus.com/inward/record.uri?eid=2-s2.0-85148716526&doi=10.1007%2f978-3-031-22216-0_9&partnerID=40&md5=fe186c52b4115db0122bd1d5241f0120","Conference paper","Final","","Scopus","2-s2.0-85148716526"
"Rosen E.; James S.; Orozco S.; Gupta V.; Merlin M.; Tellex S.; Konidaris G.","Rosen, Eric (57195424425); James, Steve (57195953434); Orozco, Sergio (58869445900); Gupta, Vedant (59091846700); Merlin, Max (57952400200); Tellex, Stefanie (7801643708); Konidaris, George (14822243500)","57195424425; 57195953434; 58869445900; 59091846700; 57952400200; 7801643708; 14822243500","Synthesizing Navigation Abstractions for Planning with Portable Manipulation Skills","2023","Proceedings of Machine Learning Research","229","","","","","","0","","https://www.scopus.com/inward/record.uri?eid=2-s2.0-85184353909&partnerID=40&md5=b00a6b1ec3ef76a39d41bdb10ea56ce3","Conference paper","Final","","Scopus","2-s2.0-85184353909"
"Vieira Da Silva L.M.; Köcher A.; Topalis P.; Fay A.","Vieira Da Silva, Luis Miguel (57219502868); Köcher, Aljosha (57195628360); Topalis, Philip (57808677300); Fay, Alexander (8562476000)","57219502868; 57195628360; 57808677300; 8562476000","A Python Framework for Robot Skill Development and Automated Generation of Semantic Descriptions","2023","IEEE International Conference on Emerging Technologies and Factory Automation, ETFA","2023-September","","","","","","1","10.1109/ETFA54631.2023.10275347","https://www.scopus.com/inward/record.uri?eid=2-s2.0-85175487484&doi=10.1109%2fETFA54631.2023.10275347&partnerID=40&md5=1faa1fa072cb33adcb5e4f2357aeca4d","Conference paper","Final","","Scopus","2-s2.0-85175487484"
"Agia C.; Migimatsu T.; Wu J.; Bohg J.","Agia, Christopher (57211912289); Migimatsu, Toki (57193029206); Wu, Jiajun (55553991400); Bohg, Jeannette (35071071500)","57211912289; 57193029206; 55553991400; 35071071500","STAP: Sequencing Task-Agnostic Policies","2023","Proceedings - IEEE International Conference on Robotics and Automation","2023-May","","","7951","7958","7","6","10.1109/ICRA48891.2023.10160220","https://www.scopus.com/inward/record.uri?eid=2-s2.0-85168393686&doi=10.1109%2fICRA48891.2023.10160220&partnerID=40&md5=b9e9a9791d55b5e3aa575a90bf175f43","Conference paper","Final","All Open Access; Green Open Access","Scopus","2-s2.0-85168393686"
"Chane-Sane E.; Schmid C.; Laptev I.","Chane-Sane, Elliot (57226327135); Schmid, Cordelia (7201732776); Laptev, Ivan (6701729268)","57226327135; 7201732776; 6701729268","Learning Video-Conditioned Policies for Unseen Manipulation Tasks","2023","Proceedings - IEEE International Conference on Robotics and Automation","2023-May","","","909","916","7","4","10.1109/ICRA48891.2023.10161336","https://www.scopus.com/inward/record.uri?eid=2-s2.0-85168657669&doi=10.1109%2fICRA48891.2023.10161336&partnerID=40&md5=5a99d3b0d5214be157b92e3beee2890b","Conference paper","Final","All Open Access; Green Open Access","Scopus","2-s2.0-85168657669"
"","","","7th International Conference on Computer-Human Interaction Research and Applications, CHIRA 2023","2023","Communications in Computer and Information Science","1997 CCIS","","","","","732","0","","https://www.scopus.com/inward/record.uri?eid=2-s2.0-85180734478&partnerID=40&md5=2fbb3404ba01aa1b022fb5501c0dae50","Conference review","Final","","Scopus","2-s2.0-85180734478"
"Rizwan M.; Caldas R.; Reichenbach C.; Mayr M.","Rizwan, Momina (57219272773); Caldas, Ricardo (57203398642); Reichenbach, Christoph (17344284400); Mayr, Matthias (57290705000)","57219272773; 57203398642; 17344284400; 57290705000","EzSkiROS: A Case Study on Embedded Robotics DSLs to Catch Bugs Early","2023","Proceedings - 2023 IEEE/ACM 5th International Workshop on Robotics Software Engineering, RoSE 2023","","","","61","68","7","3","10.1109/RoSE59155.2023.00014","https://www.scopus.com/inward/record.uri?eid=2-s2.0-85167816310&doi=10.1109%2fRoSE59155.2023.00014&partnerID=40&md5=bd77d474992c6d0715280086984f9ec6","Conference paper","Final","All Open Access; Bronze Open Access","Scopus","2-s2.0-85167816310"
"Liu M.; Li X.; Ling Z.; Li Y.; Su H.","Liu, Minghua (57212538504); Li, Xuanlin (57231753600); Ling, Zhan (57219687879); Li, Yangyan (56316490000); Su, Hao (55208624800)","57212538504; 57231753600; 57219687879; 56316490000; 55208624800","Frame Mining: a Free Lunch for Learning Robotic Manipulation from 3D Point Clouds","2023","Proceedings of Machine Learning Research","205","","","527","538","11","3","","https://www.scopus.com/inward/record.uri?eid=2-s2.0-85164908947&partnerID=40&md5=77a805340f1bf873d567a9271ee868fa","Conference paper","Final","","Scopus","2-s2.0-85164908947"
"Ning Y.; Li T.; Yao C.; Huang Y.","Ning, Yuming (57215820895); Li, Tuanjie (55728909500); Yao, Cong (57897770900); Huang, Yonghua (58684778500)","57215820895; 55728909500; 57897770900; 58684778500","A Novel Skill Learning Framework for Redundant Manipulators Based on Multi-task Dynamic Movement Primitives","2023","Lecture Notes in Computer Science (including subseries Lecture Notes in Artificial Intelligence and Lecture Notes in Bioinformatics)","14268 LNAI","","","568","578","10","1","10.1007/978-981-99-6486-4_48","https://www.scopus.com/inward/record.uri?eid=2-s2.0-85175961593&doi=10.1007%2f978-981-99-6486-4_48&partnerID=40&md5=d4d3dadd782c2e918417781c17ae3eaa","Conference paper","Final","","Scopus","2-s2.0-85175961593"
"Mees O.; Borja-Diaz J.; Burgard W.","Mees, Oier (57192430420); Borja-Diaz, Jessica (57546374500); Burgard, Wolfram (7003610380)","57192430420; 57546374500; 7003610380","Grounding Language with Visual Affordances over Unstructured Data","2023","Proceedings - IEEE International Conference on Robotics and Automation","2023-May","","","11576","11582","6","48","10.1109/ICRA48891.2023.10160396","https://www.scopus.com/inward/record.uri?eid=2-s2.0-85150986514&doi=10.1109%2fICRA48891.2023.10160396&partnerID=40&md5=00fbf83d9a246e508e9faffcec7d167b","Conference paper","Final","All Open Access; Green Open Access","Scopus","2-s2.0-85150986514"
"Alhousani N.; Saveriano M.; Sevinc I.; Abdulkuddus T.; Kose H.; Abu-Dakka F.J.","Alhousani, Naseem (57939059900); Saveriano, Matteo (55556026600); Sevinc, Ibrahim (57939002100); Abdulkuddus, Talha (57939090800); Kose, Hatice (25031883600); Abu-Dakka, Fares J. (54882427200)","57939059900; 55556026600; 57939002100; 57939090800; 25031883600; 54882427200","Geometric Reinforcement Learning for Robotic Manipulation","2023","IEEE Access","11","","","111492","111505","13","5","10.1109/ACCESS.2023.3322654","https://www.scopus.com/inward/record.uri?eid=2-s2.0-85174855803&doi=10.1109%2fACCESS.2023.3322654&partnerID=40&md5=259c4c98dae1e206dd6afb84868f594a","Article","Final","All Open Access; Gold Open Access; Green Open Access","Scopus","2-s2.0-85174855803"
"Wang R.; Mao J.; Hsu J.; Zhao H.; Wu J.; Gao Y.","Wang, Renhao (57861420300); Mao, Jiayuan (57201377790); Hsu, Joy (57221148133); Zhao, Hang (57222479659); Wu, Jiajun (55553991400); Gao, Yang (57190133122)","57861420300; 57201377790; 57221148133; 57222479659; 55553991400; 57190133122","PROGRAMMATICALLY GROUNDED, COMPOSITIONALLY GENERALIZABLE ROBOTIC MANIPULATION","2023","11th International Conference on Learning Representations, ICLR 2023","","","","","","","14","","https://www.scopus.com/inward/record.uri?eid=2-s2.0-85164154987&partnerID=40&md5=8a937165ec84cb6e151278b7c555b282","Conference paper","Final","","Scopus","2-s2.0-85164154987"
"Mohammed M.Q.; Kwek L.C.; Chua S.C.; Al-Dhaqm A.; Nahavandi S.; Eisa T.A.E.; Miskon M.F.; Al-Mhiqani M.N.; Ali A.; Abaker M.; Alandoli E.A.","Mohammed, Marwan Qaid (57192089893); Kwek, Lee Chung (7006483793); Chua, Shing Chyi (12765980900); Al-Dhaqm, Arafat (56516988400); Nahavandi, Saeid (55992860000); Eisa, Taiseer Abdalla Elfadil (56678607900); Miskon, Muhammad Fahmi (25646295800); Al-Mhiqani, Mohammed Nasser (57197853907); Ali, Abdulalem (57211105398); Abaker, Mohammed (58999077800); Alandoli, Esmail Ali (57190962469)","57192089893; 7006483793; 12765980900; 56516988400; 55992860000; 56678607900; 25646295800; 57197853907; 57211105398; 58999077800; 57190962469","Review of Learning-Based Robotic Manipulation in Cluttered Environments","2022","Sensors (Basel, Switzerland)","22","20","7938","","","","23","10.3390/s22207938","https://www.scopus.com/inward/record.uri?eid=2-s2.0-85140932613&doi=10.3390%2fs22207938&partnerID=40&md5=cdd5cb12f9447a6c2e58c432c96ac73e","Review","Final","All Open Access; Gold Open Access; Green Open Access","Scopus","2-s2.0-85140932613"
"Han Y.; Xie M.; Zhao Y.; Ravichandar H.","Han, Yunhai (57223099173); Xie, Madie (57219499619); Zhao, Ye (55976323800); Ravichandar, Harish (56741287200)","57223099173; 57219499619; 55976323800; 56741287200","On the Utility of Koopman Operator Theory in Learning Dexterous Manipulation Skills","2023","Proceedings of Machine Learning Research","229","","","","","","5","","https://www.scopus.com/inward/record.uri?eid=2-s2.0-85184352350&partnerID=40&md5=91278deb623743de79abb444057e7b1e","Conference paper","Final","","Scopus","2-s2.0-85184352350"
"Xie M.; Handa A.; Tyree S.; Fox D.; Ravichandar H.; Ratliff N.; Van Wyk K.","Xie, Mandy (57219499619); Handa, Ankur (36444834400); Tyree, Stephen (55903424300); Fox, Dieter (7402074129); Ravichandar, Harish (56741287200); Ratliff, Nathan (14822513400); Van Wyk, Karl (57188591666)","57219499619; 36444834400; 55903424300; 7402074129; 56741287200; 14822513400; 57188591666","Neural Geometric Fabrics: Efficiently Learning High-Dimensional Policies from Demonstrations","2023","Proceedings of Machine Learning Research","205","","","1355","1367","12","6","","https://www.scopus.com/inward/record.uri?eid=2-s2.0-85164938803&partnerID=40&md5=0007c7e82297597b9f52f56c5a618488","Conference paper","Final","","Scopus","2-s2.0-85164938803"
"Cheng X.; Kumar A.; Pathak D.","Cheng, Xuxin (57215354920); Kumar, Ashish (57218946824); Pathak, Deepak (56567614100)","57215354920; 57218946824; 56567614100","Legs as Manipulator: Pushing Quadrupedal Agility beyond Locomotion","2023","Proceedings - IEEE International Conference on Robotics and Automation","2023-May","","","5106","5112","6","26","10.1109/ICRA48891.2023.10161470","https://www.scopus.com/inward/record.uri?eid=2-s2.0-85168692621&doi=10.1109%2fICRA48891.2023.10161470&partnerID=40&md5=3883043b86e8097be6d9d33aae9617ae","Conference paper","Final","All Open Access; Green Open Access","Scopus","2-s2.0-85168692621"
"Cui S.; Wang Y.; Wang S.; Li Q.; Wang R.; Zhang C.","Cui, Shaowei (57214996092); Wang, Yu (55969140000); Wang, Shuo (57212092599); Li, Qian (59447647300); Wang, Rui (56383111600); Zhang, Chaofan (57386562900)","57214996092; 55969140000; 57212092599; 59447647300; 56383111600; 57386562900","Tactile Imprint Simulation of GelStereo Visuotactile Sensors","2023","2023 IEEE International Conference on Mechatronics and Automation, ICMA 2023","","","","650","656","6","0","10.1109/ICMA57826.2023.10216245","https://www.scopus.com/inward/record.uri?eid=2-s2.0-85170826326&doi=10.1109%2fICMA57826.2023.10216245&partnerID=40&md5=3f80bfec111ba86dfd3e1c10e98a345d","Conference paper","Final","","Scopus","2-s2.0-85170826326"
"Kang P.; Zhu K.; Jiang S.; He B.; Shull P.","Kang, Peiqi (57223424050); Zhu, Kezhe (58109588600); Jiang, Shuo (57198704878); He, Bin (57421744300); Shull, Peter (12753198500)","57223424050; 58109588600; 57198704878; 57421744300; 12753198500","HBOD: A Novel Dataset with Synchronized Hand, Body, and Object Manipulation Data for Human-Robot Interaction","2023","2023 IEEE 19th International Conference on Body Sensor Networks, BSN 2023 - Proceedings","","","","","","","0","10.1109/BSN58485.2023.10330940","https://www.scopus.com/inward/record.uri?eid=2-s2.0-85181585175&doi=10.1109%2fBSN58485.2023.10330940&partnerID=40&md5=43a3d1acef64ecf731cc3aba0505f3b1","Conference paper","Final","","Scopus","2-s2.0-85181585175"
"Krieglstein J.; Held G.; Balint B.A.; Nagele F.; Kraus W.","Krieglstein, Jan (58707884800); Held, Gesche (58547832200); Balint, Balazs A. (57750695700); Nagele, Frank (57191849422); Kraus, Werner (56273684300)","58707884800; 58547832200; 57750695700; 57191849422; 56273684300","Skill-based Robot Programming in Mixed Reality with Ad-hoc Validation Using a Force-enabled Digital Twin","2023","Proceedings - IEEE International Conference on Robotics and Automation","2023-May","","","11612","11618","6","7","10.1109/ICRA48891.2023.10161095","https://www.scopus.com/inward/record.uri?eid=2-s2.0-85168671520&doi=10.1109%2fICRA48891.2023.10161095&partnerID=40&md5=83c481fdeb70151f7bf1d79c1c4d5b03","Conference paper","Final","","Scopus","2-s2.0-85168671520"
"Zhang X.; Wang C.; Sun L.; Wu Z.; Zhu X.; Tomizuka M.","Zhang, Xiang (58512286900); Wang, Changhao (57207943015); Sun, Lingfeng (57212482427); Wu, Zheng (57218304895); Zhu, Xinghao (57215559743); Tomizuka, Masayoshi (35567325500)","58512286900; 57207943015; 57212482427; 57218304895; 57215559743; 35567325500","Efficient Sim-to-real Transfer of Contact-Rich Manipulation Skills with Online Admittance Residual Learning","2023","Proceedings of Machine Learning Research","229","","","","","","0","","https://www.scopus.com/inward/record.uri?eid=2-s2.0-85184348993&partnerID=40&md5=8a7b4ff35ae3707a14a34a1258868eab","Conference paper","Final","","Scopus","2-s2.0-85184348993"
"Jiang R.; He B.; Wang Z.; Zhou Y.; Xu S.; Li X.","Jiang, Rong (57207412423); He, Bin (57421744300); Wang, Zhipeng (55322100700); Zhou, Yanmin (36612688500); Xu, Shoulin (57195323102); Li, Xin (57219261566)","57207412423; 57421744300; 55322100700; 36612688500; 57195323102; 57219261566","A Novel Simulation-Reality Closed-Loop Learning Framework for Autonomous Robot Skill Learning","2022","IEEE Transactions on Cognitive and Developmental Systems","14","4","","1520","1531","11","11","10.1109/TCDS.2021.3118294","https://www.scopus.com/inward/record.uri?eid=2-s2.0-85119590918&doi=10.1109%2fTCDS.2021.3118294&partnerID=40&md5=bbb44a3e8904b5af3db37ca479a96bed","Article","Final","","Scopus","2-s2.0-85119590918"
"Liu W.; Mao J.; Hsu J.; Hermans T.; Garg A.; Wu J.","Liu, Weiyu (57205722842); Mao, Jiayuan (57201377790); Hsu, Joy (57221148133); Hermans, Tucker (36730868000); Garg, Animesh (55561356700); Wu, Jiajun (55553991400)","57205722842; 57201377790; 57221148133; 36730868000; 55561356700; 55553991400","Composable Part-Based Manipulation","2023","Proceedings of Machine Learning Research","229","","","","","","0","","https://www.scopus.com/inward/record.uri?eid=2-s2.0-85184345761&partnerID=40&md5=1e5e9daec4d88a50293984dfaca8713c","Conference paper","Final","","Scopus","2-s2.0-85184345761"
"Liu X.; Pathak D.; Kitani K.M.","Liu, Xingyu (56730163900); Pathak, Deepak (56567614100); Kitani, Kris M. (15835267300)","56730163900; 56567614100; 15835267300","HERD: Continuous Human-to-Robot Evolution for Learning from Human Demonstration","2023","Proceedings of Machine Learning Research","205","","","447","458","11","0","","https://www.scopus.com/inward/record.uri?eid=2-s2.0-85164925735&partnerID=40&md5=079ff3395d6d5afef24d074cc651f169","Conference paper","Final","","Scopus","2-s2.0-85164925735"
"Pan C.; Okorn B.; Zhang H.; Eisner B.; Held D.","Pan, Chuer (57988026700); Okorn, Brian (36131774500); Zhang, Harry (57219441121); Eisner, Ben (57215557902); Held, David (35955893400)","57988026700; 36131774500; 57219441121; 57215557902; 35955893400","TAX-Pose: Task-Specific Cross-Pose Estimation for Robot Manipulation","2023","Proceedings of Machine Learning Research","205","","","1783","1792","9","22","","https://www.scopus.com/inward/record.uri?eid=2-s2.0-85164908655&partnerID=40&md5=425adbfef01fedbb7513e3442f2848ae","Conference paper","Final","","Scopus","2-s2.0-85164908655"
"Mayr M.; Rovida F.; Krueger V.","Mayr, Matthias (57290705000); Rovida, Francesco (56732803900); Krueger, Volker (7003464904)","57290705000; 56732803900; 7003464904","SkiROS2: A Skill-Based Robot Control Platform for ROS","2023","IEEE International Conference on Intelligent Robots and Systems","","","","6273","6280","7","14","10.1109/IROS55552.2023.10342216","https://www.scopus.com/inward/record.uri?eid=2-s2.0-85174791043&doi=10.1109%2fIROS55552.2023.10342216&partnerID=40&md5=230ea3121f3e857067528074f1986777","Conference paper","Final","All Open Access; Green Open Access","Scopus","2-s2.0-85174791043"
"Yin Z.; Ye C.; An H.; Lin W.; Wang Z.","Yin, Zikang (58077818100); Ye, Chao (57190125326); An, Hao (55711441400); Lin, Weiyang (55842254800); Wang, Zhifeng (57193260870)","58077818100; 57190125326; 55711441400; 55842254800; 57193260870","Robot Manipulation Skills Transfer for Sim-to-Real in Unstructured Environments","2023","Electronics (Switzerland)","12","2","411","","","","0","10.3390/electronics12020411","https://www.scopus.com/inward/record.uri?eid=2-s2.0-85146807879&doi=10.3390%2felectronics12020411&partnerID=40&md5=ec745a47050652a936e286a713a8fef3","Article","Final","All Open Access; Gold Open Access","Scopus","2-s2.0-85146807879"
"Han C.; Peng Z.; Liu Y.; Tang J.; Yu Y.; Zhou Z.","Han, Changlin (57207729689); Peng, Zhiyong (57209458105); Liu, Yadong (56502573400); Tang, Jingsheng (56013077200); Yu, Yang (55731519100); Zhou, Zongtan (8974315300)","57207729689; 57209458105; 56502573400; 56013077200; 55731519100; 8974315300","Learning robotic manipulation skills with multiple semantic goals by conservative curiosity-motivated exploration","2023","Frontiers in Neurorobotics","17","","1089270","","","","0","10.3389/fnbot.2023.1089270","https://www.scopus.com/inward/record.uri?eid=2-s2.0-85150485341&doi=10.3389%2ffnbot.2023.1089270&partnerID=40&md5=2b8d466b1d5660663af69a7800e4ff6c","Article","Final","All Open Access; Gold Open Access; Green Open Access","Scopus","2-s2.0-85150485341"
"Hofmann M.; Propst M.; Ikeda M.; Pichler A.; Spitzer F.; Froschauer R.","Hofmann, Michael (55684296300); Propst, Matthias (57224360327); Ikeda, Markus (56399859200); Pichler, Andreas (7004603934); Spitzer, Fabian (57219503091); Froschauer, Roman (15135398200)","55684296300; 57224360327; 56399859200; 7004603934; 57219503091; 15135398200","Framework for Reducing the Complexity of Programming Robot Skills","2023","Lecture Notes in Mechanical Engineering","","","","592","604","12","2","10.1007/978-3-031-17629-6_62","https://www.scopus.com/inward/record.uri?eid=2-s2.0-85148229869&doi=10.1007%2f978-3-031-17629-6_62&partnerID=40&md5=da4ee083fb63d8837b4cd8183128884d","Conference paper","Final","","Scopus","2-s2.0-85148229869"
"Wang Y.; Zheng Z.; Chen C.; Wang Z.; Gao Z.; Peng F.; Tang X.; Yan R.","Wang, Yu (59119454900); Zheng, Zhouyi (58087467600); Chen, Chen (56687891000); Wang, Zezheng (58670398700); Gao, Zhitao (57841211300); Peng, Fangyu (8885590500); Tang, Xiaowei (56693347500); Yan, Rong (36549860900)","59119454900; 58087467600; 56687891000; 58670398700; 57841211300; 8885590500; 56693347500; 36549860900","Adaptive Tuning of Robotic Polishing Skills based on Force Feedback Model","2023","2023 IEEE International Conference on Robotics and Biomimetics, ROBIO 2023","","","","","","","0","10.1109/ROBIO58561.2023.10354834","https://www.scopus.com/inward/record.uri?eid=2-s2.0-85182559528&doi=10.1109%2fROBIO58561.2023.10354834&partnerID=40&md5=ba20cded23761d5ea2e25c7c077fa786","Conference paper","Final","All Open Access; Green Open Access","Scopus","2-s2.0-85182559528"
"Ma Y.; Xie Y.; Zhu W.; Liu S.","Ma, Yanqin (57209317971); Xie, Yonghua (7403959263); Zhu, Wenjun (55414211400); Liu, Song (56282562900)","57209317971; 7403959263; 55414211400; 56282562900","An Efficient Robot Precision Assembly Skill Learning Framework Based on Several Demonstrations","2023","IEEE Transactions on Automation Science and Engineering","20","1","","124","136","12","15","10.1109/TASE.2022.3144282","https://www.scopus.com/inward/record.uri?eid=2-s2.0-85124223971&doi=10.1109%2fTASE.2022.3144282&partnerID=40&md5=03e3a779b5c8f1ecf0acb7cc958be16d","Article","Final","","Scopus","2-s2.0-85124223971"
"Meccanici F.; Karageorgos D.; Heemskerk C.J.M.; Abbink D.A.; Peternel L.","Meccanici, Floris (58397598900); Karageorgos, Dimitrios (58395814000); Heemskerk, Cock J. M. (6602291205); Abbink, David A. (8304409300); Peternel, Luka (56943287700)","58397598900; 58395814000; 6602291205; 8304409300; 56943287700","Probabilistic Online Robot Learning via Teleoperated Demonstrations for Remote Elderly Care","2023","Mechanisms and Machine Science","135 MMS","","","12","19","7","0","10.1007/978-3-031-32606-6_2","https://www.scopus.com/inward/record.uri?eid=2-s2.0-85163353101&doi=10.1007%2f978-3-031-32606-6_2&partnerID=40&md5=6fec9d24076058a141ee329776907d7f","Conference paper","Final","All Open Access; Green Open Access","Scopus","2-s2.0-85163353101"
"Liu J.; Li Z.; Lin W.; Calinon S.; Tan K.C.; Chen F.","Liu, Junjia (57219508398); Li, Zhihao (57476634400); Lin, Wanyu (57194830272); Calinon, Sylvain (6507248533); Tan, Kay Chen (25655559700); Chen, Fei (56119292600)","57219508398; 57476634400; 57194830272; 6507248533; 25655559700; 56119292600","SoftGPT: Learn Goal-Oriented Soft Object Manipulation Skills by Generative Pre-Trained Heterogeneous Graph Transformer","2023","IEEE International Conference on Intelligent Robots and Systems","","","","4920","4925","5","4","10.1109/IROS55552.2023.10341846","https://www.scopus.com/inward/record.uri?eid=2-s2.0-85182524684&doi=10.1109%2fIROS55552.2023.10341846&partnerID=40&md5=db917aaffff0687cebc20f01dbaac7bb","Conference paper","Final","All Open Access; Green Open Access","Scopus","2-s2.0-85182524684"
"Aggarwal A.; van der Burgh M.F.B.; Lunenburg J.J.M.; Appeldoorn R.P.W.; van Beek L.L.A.M.; Geijsberts J.; Janssen L.G.L.; van Dooren P.; Messing L.; Núñez R.M.; van de Molengraft M.J.G.","Aggarwal, Arpit (57212512893); van der Burgh, Mathijs. F. B (57212508898); Lunenburg, Janno. J. M (36131725200); Appeldoorn, Rein. P. W (57212504608); van Beek, Loy. L. A. M (57212508169); Geijsberts, Josja (57212504165); Janssen, Lars. G. L (57212505993); van Dooren, Peter (58183521100); Messing, Lotte (58184087600); Núñez, Rodrigo Martin (58184087700); van de Molengraft, M.J.G. (6507656436)","57212512893; 57212508898; 36131725200; 57212504608; 57212508169; 57212504165; 57212505993; 58183521100; 58184087600; 58184087700; 6507656436","Tech United Eindhoven @Home 2022 Champions Paper","2023","Lecture Notes in Computer Science (including subseries Lecture Notes in Artificial Intelligence and Lecture Notes in Bioinformatics)","13561 LNAI","","","264","275","11","0","10.1007/978-3-031-28469-4_22","https://www.scopus.com/inward/record.uri?eid=2-s2.0-85152553287&doi=10.1007%2f978-3-031-28469-4_22&partnerID=40&md5=59467f6983b4c3a7659302f0cb14deab","Conference paper","Final","","Scopus","2-s2.0-85152553287"
"Ribeiro R.V.P.; Maximiliano J.; Barreiro G.; de Souza Gastal O.H.; Machado P.S.; Marcelino L.P.; Bosi H.R.; Zanin E.M.; Cavazzola L.T.","Ribeiro, Roberto Vanin Pinto (57195153945); Maximiliano, João (57216744388); Barreiro, Guilherme (56576193500); de Souza Gastal, Olavo Haas (57733049100); Machado, Pauline Simas (57226860092); Marcelino, Luciano Paludo (57222637121); Bosi, Henrique Rasia (57193639228); Zanin, Eduardo Madalosso (57216738971); Cavazzola, Leandro Totti (6506626675)","57195153945; 57216744388; 56576193500; 57733049100; 57226860092; 57222637121; 57193639228; 57216738971; 6506626675","Acquisition of robotic surgical skills does not require laparoscopic training: a randomized controlled trial","2022","Surgical Endoscopy","36","10","","7325","7333","8","4","10.1007/s00464-022-09118-9","https://www.scopus.com/inward/record.uri?eid=2-s2.0-85131515275&doi=10.1007%2fs00464-022-09118-9&partnerID=40&md5=61378604dd5eae1e55f5f05095f498a8","Article","Final","","Scopus","2-s2.0-85131515275"
"Akbulut B.; Girgin T.; Mehrabi A.; Asada M.; Ugur E.; Oztop E.","Akbulut, Baturhan (58547328200); Girgin, Tuba (58547203800); Mehrabi, Arash (57912980800); Asada, Minoru (55843502400); Ugur, Emre (15021295100); Oztop, Erhan (8744870300)","58547328200; 58547203800; 57912980800; 55843502400; 15021295100; 8744870300","Bimanual Rope Manipulation Skill Synthesis through Context Dependent Correction Policy Learning from Human Demonstration","2023","Proceedings - IEEE International Conference on Robotics and Automation","2023-May","","","3904","3910","6","3","10.1109/ICRA48891.2023.10160895","https://www.scopus.com/inward/record.uri?eid=2-s2.0-85168702896&doi=10.1109%2fICRA48891.2023.10160895&partnerID=40&md5=401dd45dd94c8ef940018c54b3b605fd","Conference paper","Final","All Open Access; Green Open Access","Scopus","2-s2.0-85168702896"
"Mu Z.; Zhao W.; Yin Y.; Xi X.; Song W.; Gu J.; Zhu S.","Mu, Zonghao (57763997400); Zhao, Wenyu (58684053700); Yin, Yue (58684839300); Xi, Xiangming (55604506300); Song, Wei (55459523400); Gu, Jianjun (58682059600); Zhu, Shiqiang (7404391617)","57763997400; 58684053700; 58684839300; 55604506300; 55459523400; 58682059600; 7404391617","KGGPT: Empowering Robots with OpenAI’s ChatGPT and Knowledge Graph","2023","Lecture Notes in Computer Science (including subseries Lecture Notes in Artificial Intelligence and Lecture Notes in Bioinformatics)","14271 LNAI","","","340","351","11","1","10.1007/978-981-99-6495-6_29","https://www.scopus.com/inward/record.uri?eid=2-s2.0-85175963151&doi=10.1007%2f978-981-99-6495-6_29&partnerID=40&md5=009e505328f38a3451c49ff90b3c0baa","Conference paper","Final","","Scopus","2-s2.0-85175963151"
"Liu Y.; Xu H.; Liu D.; Wang L.","Liu, Yongkui (36834231200); Xu, He (57226027910); Liu, Ding (55730531000); Wang, Lihui (55080150600)","36834231200; 57226027910; 55730531000; 55080150600","A digital twin-based sim-to-real transfer for deep reinforcement learning-enabled industrial robot grasping","2022","Robotics and Computer-Integrated Manufacturing","78","","102365","","","","76","10.1016/j.rcim.2022.102365","https://www.scopus.com/inward/record.uri?eid=2-s2.0-85131222861&doi=10.1016%2fj.rcim.2022.102365&partnerID=40&md5=3e9a751c5205d9ff82a965e9a1d1eac6","Article","Final","","Scopus","2-s2.0-85131222861"
"Arduengo M.; Colomé A.; Lobo-Prat J.; Sentis L.; Torras C.","Arduengo, Miguel (57218328029); Colomé, Adrià (55556840700); Lobo-Prat, Joan (55503973900); Sentis, Luis (6507774039); Torras, Carme (7003421114)","57218328029; 55556840700; 55503973900; 6507774039; 7003421114","Gaussian-process-based robot learning from demonstration","2023","Journal of Ambient Intelligence and Humanized Computing","","","","","","","12","10.1007/s12652-023-04551-7","https://www.scopus.com/inward/record.uri?eid=2-s2.0-85148528903&doi=10.1007%2fs12652-023-04551-7&partnerID=40&md5=28b8d6dcfde4db8629a01e556f0e4bbe","Article","Article in press","All Open Access; Hybrid Gold Open Access","Scopus","2-s2.0-85148528903"
"Damiani M.; Pompei F.; Kleinknecht A.","Damiani, Mirella (55904307000); Pompei, Fabrizio (23976543900); Kleinknecht, Alfred (6602997061)","55904307000; 23976543900; 6602997061","Robots, skills and temporary jobs: evidence from six European countries","2023","Industry and Innovation","30","8","","1060","1109","49","6","10.1080/13662716.2022.2156851","https://www.scopus.com/inward/record.uri?eid=2-s2.0-85145283463&doi=10.1080%2f13662716.2022.2156851&partnerID=40&md5=06dd321f4e96eb620b4427cd4c714ec8","Article","Final","","Scopus","2-s2.0-85145283463"
"Lee O.; Kim D.; Kim Y.; Kim W.; Lee S.; Kim D.Y.; Kim Y.-O.; Kim K.","Lee, Okjoon (58754584100); Kim, Doyoung (58754734600); Kim, Yujin (58754711000); Kim, Wonseok (58754734700); Lee, Seungwon (58754734800); Kim, Dong Yeop (55617751900); Kim, Young-Ouk (8880026900); Kim, Keunhwan (57222666343)","58754584100; 58754734600; 58754711000; 58754734700; 58754734800; 55617751900; 8880026900; 57222666343","Development and Validation of Reconfigurable Autonomous Mobile Manipulator for Flexible Manufacturing Process","2023","International Conference on Control, Automation and Systems","","","","914","918","4","0","10.23919/ICCAS59377.2023.10317019","https://www.scopus.com/inward/record.uri?eid=2-s2.0-85179179727&doi=10.23919%2fICCAS59377.2023.10317019&partnerID=40&md5=d895a636fbf69da3ae90115aeda1edd6","Conference paper","Final","","Scopus","2-s2.0-85179179727"
"Xu M.; Xu Z.; Chi C.; Veloso M.; Song S.","Xu, Mengda (57219493054); Xu, Zhenjia (57221326530); Chi, Cheng (57215560532); Veloso, Manuela (7006520632); Song, Shuran (59351225400)","57219493054; 57221326530; 57215560532; 7006520632; 59351225400","XSkill: Cross Embodiment Skill Discovery","2023","Proceedings of Machine Learning Research","229","","","","","","13","","https://www.scopus.com/inward/record.uri?eid=2-s2.0-85184347965&partnerID=40&md5=ba5921bf1caf30f09b93665e6b7d8863","Conference paper","Final","","Scopus","2-s2.0-85184347965"
"Revoo A.; Giri S.; Anand S.","Revoo, Aditya (58040130100); Giri, Shubhika (58040193700); Anand, Sourabh (57642504800)","58040130100; 58040193700; 57642504800","Gesture Controlled Mobile Robot with the Collaboration of MATLAB and PROTEUS","2022","Advances in Transdisciplinary Engineering","27","","","585","591","6","0","10.3233/ATDE220799","https://www.scopus.com/inward/record.uri?eid=2-s2.0-85145436061&doi=10.3233%2fATDE220799&partnerID=40&md5=8ab3d947da804035265d270a7c0349f7","Conference paper","Final","All Open Access; Gold Open Access","Scopus","2-s2.0-85145436061"
"Chen B.; Zhang Y.; Xia X.; Martinez-Garcia M.; Jombo G.","Chen, Baotong (57200014477); Zhang, Yu (55912091800); Xia, Xuhui (7402179325); Martinez-Garcia, Miguel (57192540925); Jombo, Gbanaibolou (57196088381)","57200014477; 55912091800; 7402179325; 57192540925; 57196088381","Knowledge Sharing Enabled Multirobot Collaboration for Preventive Maintenance in Mixed Model Assembly","2022","IEEE Transactions on Industrial Informatics","18","11","","8098","8107","9","14","10.1109/TII.2022.3158978","https://www.scopus.com/inward/record.uri?eid=2-s2.0-85126518713&doi=10.1109%2fTII.2022.3158978&partnerID=40&md5=f31527e28349bd168ad0fe01daa81f91","Article","Final","All Open Access; Green Open Access","Scopus","2-s2.0-85126518713"
"Alhousani N.; Kose H.; Abu-Dakka F.J.","Alhousani, Naseem (57939059900); Kose, Hatice (25031883600); Abu-Dakka, Fares J. (54882427200)","57939059900; 25031883600; 54882427200","Reinforcement Learning for Orientation on the Lie Algebra; [Oryantasyon Öǧrenimi için Lie Cebiri Üzerinde Takviyeli Öǧrenme]","2023","31st IEEE Conference on Signal Processing and Communications Applications, SIU 2023","","","","","","","0","10.1109/SIU59756.2023.10224004","https://www.scopus.com/inward/record.uri?eid=2-s2.0-85173489015&doi=10.1109%2fSIU59756.2023.10224004&partnerID=40&md5=3666001d82bddd68cf4361aaea730e7e","Conference paper","Final","","Scopus","2-s2.0-85173489015"
"Nasiriany S.; Gao T.; Mandlekar A.; Zhu Y.","Nasiriany, Soroush (57218715482); Gao, Tian (59613967900); Mandlekar, Ajay (55884466700); Zhu, Yuke (56336009200)","57218715482; 59613967900; 55884466700; 56336009200","Learning and Retrieval from Prior Data for Skill-based Imitation Learning","2023","Proceedings of Machine Learning Research","205","","","2181","2204","23","4","","https://www.scopus.com/inward/record.uri?eid=2-s2.0-85164907943&partnerID=40&md5=b4a656e1291790a76c3a6a5f420e8ca0","Conference paper","Final","","Scopus","2-s2.0-85164907943"
"","","","18th International Symposium of Robotics Research, ISRR 2022","2023","Springer Proceedings in Advanced Robotics","27 SPAR","","","","","571","0","","https://www.scopus.com/inward/record.uri?eid=2-s2.0-85151093107&partnerID=40&md5=e95777c6259c76073f23c41298874619","Conference review","Final","","Scopus","2-s2.0-85151093107"
"Wang Y.; Wang J.; Li Y.; Yang T.; Ren C.","Wang, Yu (56352714100); Wang, Juan (58462800600); Li, Yaxin (56119441900); Yang, Tao (59622796200); Ren, Cheng (57189038055)","56352714100; 58462800600; 56119441900; 59622796200; 57189038055","The Deep Reinforcement Learning-Based VR Training System With Haptic Guidance for Catheterization Skill Transfer","2022","IEEE Sensors Journal","22","23","","23356","23366","10","3","10.1109/JSEN.2022.3212989","https://www.scopus.com/inward/record.uri?eid=2-s2.0-85139846021&doi=10.1109%2fJSEN.2022.3212989&partnerID=40&md5=f86fc6aa49c15ff68c6ff6fb6a150148","Article","Final","","Scopus","2-s2.0-85139846021"
"Hu Z.; Rovinsky A.; Luo J.; Kumar V.; Gupta A.; Levine S.","Hu, Zheyuan (57219338512); Rovinsky, Aaron (57223756742); Luo, Jianlan (57207831883); Kumar, Vikash (57202530476); Gupta, Abhishek (57216316623); Levine, Sergey (35731728100)","57219338512; 57223756742; 57207831883; 57202530476; 57216316623; 35731728100","REBOOT: Reuse Data for Bootstrapping Efficient Real-World Dexterous Manipulation","2023","Proceedings of Machine Learning Research","229","","","","","","1","","https://www.scopus.com/inward/record.uri?eid=2-s2.0-85183292873&partnerID=40&md5=e1d827aa28973efc1e485670ccd28500","Conference paper","Final","","Scopus","2-s2.0-85183292873"
"Gao Q.; Deng Z.; Ju Z.; Zhang T.","Gao, Qing (56391647100); Deng, Zhiwen (58128204200); Ju, Zhaojie (25655056800); Zhang, Tianwei (56999374000)","56391647100; 58128204200; 25655056800; 56999374000","Dual-Hand Motion Capture by Using Biological Inspiration for Bionic Bimanual Robot Teleoperation","2023","Cyborg and Bionic Systems","4","","0052","","","","30","10.34133/CBSYSTEMS.0052","https://www.scopus.com/inward/record.uri?eid=2-s2.0-85174055146&doi=10.34133%2fCBSYSTEMS.0052&partnerID=40&md5=9d3664afb971e1ac06844afb19c4443b","Article","Final","All Open Access; Gold Open Access; Green Open Access","Scopus","2-s2.0-85174055146"
"Saloutos A.; Kim H.; Stanger-Jones E.; Guo M.; Kim S.","Saloutos, Andrew (57222350646); Kim, Hongmin (57911393100); Stanger-Jones, Elijah (57223901461); Guo, Menglong (57192207544); Kim, Sangbae (57203773928)","57222350646; 57911393100; 57223901461; 57192207544; 57203773928","Towards Robust Autonomous Grasping with Reflexes Using High-Bandwidth Sensing and Actuation","2023","Proceedings - IEEE International Conference on Robotics and Automation","2023-May","","","10254","10260","6","4","10.1109/ICRA48891.2023.10160930","https://www.scopus.com/inward/record.uri?eid=2-s2.0-85168659250&doi=10.1109%2fICRA48891.2023.10160930&partnerID=40&md5=c8f160bee8c5ab2ee1aba5bb6e313139","Conference paper","Final","All Open Access; Green Open Access","Scopus","2-s2.0-85168659250"
"Rogowski A.","Rogowski, Adam (36612174500)","36612174500","Scenario-Based Programming of Voice-Controlled Medical Robotic Systems","2022","Sensors","22","23","9520","","","","8","10.3390/s22239520","https://www.scopus.com/inward/record.uri?eid=2-s2.0-85143791296&doi=10.3390%2fs22239520&partnerID=40&md5=d8f0984c16e23877b9966361efa402dd","Article","Final","All Open Access; Gold Open Access; Green Open Access","Scopus","2-s2.0-85143791296"
"Xue Y.; Yu Y.; Yin K.; Du H.; Li P.; Dai K.; Ju Z.","Xue, Yaxu (57193892599); Yu, Yadong (13605988100); Yin, Kaiyang (56924585000); Du, Haojie (57854465700); Li, Pengfei (57188718011); Dai, Kejie (35755567800); Ju, Zhaojie (25655056800)","57193892599; 13605988100; 56924585000; 57854465700; 57188718011; 35755567800; 25655056800","Using Adaptive Directed Acyclic Graph for Human In-Hand Motion Identification with Hybrid Surface Electromyography and Kinect","2022","Symmetry","14","10","2093","","","","2","10.3390/sym14102093","https://www.scopus.com/inward/record.uri?eid=2-s2.0-85140877738&doi=10.3390%2fsym14102093&partnerID=40&md5=2dfa144843ca07805f8f990a85a79394","Article","Final","All Open Access; Gold Open Access","Scopus","2-s2.0-85140877738"
"Wu H.; Yan W.; Xu Z.; Cheng T.; Zhou X.","Wu, Hongmin (56650300300); Yan, Wu (57204598751); Xu, Zhihao (57214001897); Cheng, Taobo (57200823874); Zhou, Xuefeng (55743312800)","56650300300; 57204598751; 57214001897; 57200823874; 55743312800","A Framework of Robot Skill Learning From Complex and Long-Horizon Tasks","2022","IEEE Transactions on Automation Science and Engineering","19","4","","3628","3638","10","14","10.1109/TASE.2021.3127574","https://www.scopus.com/inward/record.uri?eid=2-s2.0-85140463645&doi=10.1109%2fTASE.2021.3127574&partnerID=40&md5=208c51b4ec7beb96ed8f5b5a9661fb21","Article","Final","","Scopus","2-s2.0-85140463645"
"Aigbe F.; Aigbavboa C.; Amusan L.","Aigbe, Fortune (57966528600); Aigbavboa, Clinton (54956705100); Amusan, Lekan (56299239000)","57966528600; 54956705100; 56299239000","ENHANCING WOMEN’S PARTICIPATION IN THE CONSTRUCTION INDUSTRYTHROUGH CONSTRUCTION 4.0 TECHNOLOGY ADOPTION IN NIGERIA","2023","International Conference on Construction in the 21st Century","2023-May","","","","","","0","","https://www.scopus.com/inward/record.uri?eid=2-s2.0-85171464824&partnerID=40&md5=f0d9ffb7f44116a9c41fb32463a1a188","Conference paper","Final","","Scopus","2-s2.0-85171464824"
"Wu H.; Li H.; Fang X.; Luo X.","Wu, Haitao (57205511865); Li, Heng (8692514900); Fang, Xin (57201340281); Luo, Xiaochun (36985853000)","57205511865; 8692514900; 57201340281; 36985853000","A survey on teaching workplace skills to construction robots","2022","Expert Systems with Applications","205","","117658","","","","23","10.1016/j.eswa.2022.117658","https://www.scopus.com/inward/record.uri?eid=2-s2.0-85131719546&doi=10.1016%2fj.eswa.2022.117658&partnerID=40&md5=35f2da046cb56ec24b3be1ed37673220","Review","Final","","Scopus","2-s2.0-85131719546"
"Zang Y.; Wang P.; Zha F.; Guo W.; Zheng C.; Sun L.","Zang, Yajing (57227753500); Wang, Pengfei (56168378800); Zha, Fusheng (24538206500); Guo, Wei (56527568700); Zheng, Chao (57205503347); Sun, Lining (58834537100)","57227753500; 56168378800; 24538206500; 56527568700; 57205503347; 58834537100","Peg-in-hole assembly skill imitation learning method based on ProMPs under task geometric representation","2023","Frontiers in Neurorobotics","17","","1320251","","","","4","10.3389/fnbot.2023.1320251","https://www.scopus.com/inward/record.uri?eid=2-s2.0-85177681861&doi=10.3389%2ffnbot.2023.1320251&partnerID=40&md5=6dacc8d47d3d427045fb17ca261e959e","Article","Final","All Open Access; Gold Open Access; Green Open Access","Scopus","2-s2.0-85177681861"
"Contreras L.; Savage J.; Ortuno-Chanelo S.; Negrete M.; Sakamaki A.; Okada H.","Contreras, Luis (55350377300); Savage, Jesus (23475071900); Ortuno-Chanelo, Stephany (58616294800); Negrete, Marco (8396365600); Sakamaki, Arata (58617648600); Okada, Hiroyuki (58911699700)","55350377300; 23475071900; 58616294800; 8396365600; 58617648600; 58911699700","Fail It till You Make It: Error Expectation in Complex-Plan Execution for Service Robots","2023","Lecture Notes in Computer Science (including subseries Lecture Notes in Artificial Intelligence and Lecture Notes in Bioinformatics)","14214 LNAI","","","36","46","10","1","10.1007/978-3-031-43111-1_4","https://www.scopus.com/inward/record.uri?eid=2-s2.0-85172238088&doi=10.1007%2f978-3-031-43111-1_4&partnerID=40&md5=60175bfd0db042a26966ee27af67492f","Conference paper","Final","","Scopus","2-s2.0-85172238088"
"","","","7th International Conference on Computer-Human Interaction Research and Applications, CHIRA 2023","2023","Communications in Computer and Information Science","1996 CCIS","","","","","732","0","","https://www.scopus.com/inward/record.uri?eid=2-s2.0-85180757418&partnerID=40&md5=98f68d1990f72c560297b0678bea70d0","Conference review","Final","","Scopus","2-s2.0-85180757418"
"Mayr M.; Hvarfner C.; Chatzilygeroudis K.; Nardi L.; Krueger V.","Mayr, Matthias (57290705000); Hvarfner, Carl (57669296500); Chatzilygeroudis, Konstantinos (57190792564); Nardi, Luigi (56742977200); Krueger, Volker (7003464904)","57290705000; 57669296500; 57190792564; 56742977200; 7003464904","Learning Skill-based Industrial Robot Tasks with User Priors","2022","IEEE International Conference on Automation Science and Engineering","2022-August","","","1485","1492","7","14","10.1109/CASE49997.2022.9926713","https://www.scopus.com/inward/record.uri?eid=2-s2.0-85141671408&doi=10.1109%2fCASE49997.2022.9926713&partnerID=40&md5=f529dfcdc07042d28b4654d5121a32d8","Conference paper","Final","All Open Access; Green Open Access","Scopus","2-s2.0-85141671408"
"Petrik V.; Qureshi M.N.; Sivic J.; Tapaswi M.","Petrik, Vladimir (56423590700); Qureshi, Mohammad Nomaan (57446911200); Sivic, Josef (6505835099); Tapaswi, Makar (26637560200)","56423590700; 57446911200; 6505835099; 26637560200","Learning Object Manipulation Skills from Video via Approximate Differentiable Physics","2022","IEEE International Conference on Intelligent Robots and Systems","2022-October","","","7375","7382","7","3","10.1109/IROS47612.2022.9982084","https://www.scopus.com/inward/record.uri?eid=2-s2.0-85146347932&doi=10.1109%2fIROS47612.2022.9982084&partnerID=40&md5=1f67f30d53ded06460395c6eec970fa8","Conference paper","Final","All Open Access; Green Open Access","Scopus","2-s2.0-85146347932"
"Sidorenko A.; Hermann J.; Ruskowski M.","Sidorenko, Aleksandr (57362950400); Hermann, Jesko (57203759576); Ruskowski, Martin (6506335737)","57362950400; 57203759576; 6506335737","Using Behavior Trees for Coordination of Skills in Modular Reconfigurable CPPMs","2022","IEEE International Conference on Emerging Technologies and Factory Automation, ETFA","2022-September","","","","","","9","10.1109/ETFA52439.2022.9921558","https://www.scopus.com/inward/record.uri?eid=2-s2.0-85141387251&doi=10.1109%2fETFA52439.2022.9921558&partnerID=40&md5=50f13bf92f3d66344e53a37a5d8553bb","Conference paper","Final","","Scopus","2-s2.0-85141387251"
"Ti B.; Gao Y.; Zhao J.; Calinon S.","Ti, Boyang (57208147207); Gao, Yongsheng (55731382000); Zhao, Jie (56184355900); Calinon, Sylvain (6507248533)","57208147207; 55731382000; 56184355900; 6507248533","Imitation of Manipulation Skills Using Multiple Geometries","2022","IEEE International Conference on Intelligent Robots and Systems","2022-October","","","7391","7398","7","2","10.1109/IROS47612.2022.9981683","https://www.scopus.com/inward/record.uri?eid=2-s2.0-85146314448&doi=10.1109%2fIROS47612.2022.9981683&partnerID=40&md5=5c52a15ff27432c82bcffc3dc74fae41","Conference paper","Final","All Open Access; Green Open Access","Scopus","2-s2.0-85146314448"
"Ahmadaliev D.; Saleh Metwally A.H.; Mohamed Fahmy Yousef A.; Shuxratov D.","Ahmadaliev, Doniyorbek (58579704100); Saleh Metwally, Ahmed Hosny (57219057511); Mohamed Fahmy Yousef, Ahmed (58001596600); Shuxratov, Dilshodbek (58001596700)","58579704100; 57219057511; 58001596600; 58001596700","The Effects of Educational Robotics on STEM Students' Engagement and Reflective Thinking","2022","Proceedings - Frontiers in Education Conference, FIE","2022-October","","","","","","2","10.1109/FIE56618.2022.9962498","https://www.scopus.com/inward/record.uri?eid=2-s2.0-85143759704&doi=10.1109%2fFIE56618.2022.9962498&partnerID=40&md5=1c307ddfbe402489a224d73d4658fcbb","Conference paper","Final","","Scopus","2-s2.0-85143759704"
"Haddadin S.; Parusel S.; Johannsmeier L.; Golz S.; Gabl S.; Walch F.; Sabaghian M.; Jahne C.; Hausperger L.; Haddadin S.","Haddadin, Sami (23008499000); Parusel, Sven (36918926000); Johannsmeier, Lars (57201549476); Golz, Saskia (56743086400); Gabl, Simon (57468696800); Walch, Florian (57468236000); Sabaghian, Mohamadreza (57224190819); Jahne, Christoph (57193095636); Hausperger, Lukas (57469000500); Haddadin, Simon (55511455100)","23008499000; 36918926000; 57201549476; 56743086400; 57468696800; 57468236000; 57224190819; 57193095636; 57469000500; 55511455100","The Franka Emika Robot: A Reference Platform for Robotics Research and Education","2022","IEEE Robotics and Automation Magazine","29","2","","46","64","18","101","10.1109/MRA.2021.3138382","https://www.scopus.com/inward/record.uri?eid=2-s2.0-85125327947&doi=10.1109%2fMRA.2021.3138382&partnerID=40&md5=d58d21c64b4d3dde34a3a0b47ae84a6a","Article","Final","","Scopus","2-s2.0-85125327947"
"Funabashi S.; Isobe T.; Hongyi F.; Hiramoto A.; Schmitz A.; Sugano S.; Ogata T.","Funabashi, Satoshi (57117885500); Isobe, Tomoki (57222351661); Hongyi, Fei (57422783000); Hiramoto, Atsumu (57422481200); Schmitz, Alexander (36662716600); Sugano, Shigeki (7102227917); Ogata, Tetsuya (7402000772)","57117885500; 57222351661; 57422783000; 57422481200; 36662716600; 7102227917; 7402000772","Multi-Fingered In-Hand Manipulation With Various Object Properties Using Graph Convolutional Networks and Distributed Tactile Sensors","2022","IEEE Robotics and Automation Letters","7","2","","2102","2109","7","27","10.1109/LRA.2022.3142417","https://www.scopus.com/inward/record.uri?eid=2-s2.0-85123302469&doi=10.1109%2fLRA.2022.3142417&partnerID=40&md5=4aac80e8bf7a125ba0b9d59dc3aba318","Article","Final","All Open Access; Green Open Access","Scopus","2-s2.0-85123302469"
"Takano R.; Oyama H.; Taya Y.","Takano, Rin (57193802103); Oyama, Hiroyuki (35305824400); Taya, Yuki (58067048300)","57193802103; 35305824400; 58067048300","Robot Skill Learning with Identification of Preconditions and Postconditions via Level Set Estimation","2022","IEEE International Conference on Intelligent Robots and Systems","2022-October","","","10943","10950","7","2","10.1109/IROS47612.2022.9981933","https://www.scopus.com/inward/record.uri?eid=2-s2.0-85146341389&doi=10.1109%2fIROS47612.2022.9981933&partnerID=40&md5=43d3863422e4d1b1b6bea3f254fa36ce","Conference paper","Final","","Scopus","2-s2.0-85146341389"
"Yang Z.; Yin K.; Liu L.","Yang, Zeshi (57211798681); Yin, Kangkang (18435686100); Liu, Libin (56693187700)","57211798681; 18435686100; 56693187700","Learning to use chopsticks in diverse gripping styles","2022","ACM Transactions on Graphics","41","4","3530057","","","","20","10.1145/3528223.3530057","https://www.scopus.com/inward/record.uri?eid=2-s2.0-85135191260&doi=10.1145%2f3528223.3530057&partnerID=40&md5=107aaea89baee2905e8d5194be25c2f4","Article","Final","All Open Access; Green Open Access","Scopus","2-s2.0-85135191260"
"Thibault W.; Chavez F.J.A.; Mombaur K.","Thibault, William (57211935897); Chavez, Francisco Javier Andrade (57204875881); Mombaur, Katja (55885381400)","57211935897; 57204875881; 55885381400","A Standardized Benchmark for Humanoid Whole-Body Manipulation","2022","IEEE-RAS International Conference on Humanoid Robots","2022-November","","","608","615","7","0","10.1109/Humanoids53995.2022.10000141","https://www.scopus.com/inward/record.uri?eid=2-s2.0-85146339905&doi=10.1109%2fHumanoids53995.2022.10000141&partnerID=40&md5=ae11b82094e8050afd0be47f65a90abb","Conference paper","Final","","Scopus","2-s2.0-85146339905"
"Kilinc O.; Montana G.","Kilinc, Ozsel (57189351699); Montana, Giovanni (23019288000)","57189351699; 23019288000","Reinforcement learning for robotic manipulation using simulated locomotion demonstrations","2022","Machine Learning","111","2","","465","486","21","15","10.1007/s10994-021-06116-1","https://www.scopus.com/inward/record.uri?eid=2-s2.0-85120622790&doi=10.1007%2fs10994-021-06116-1&partnerID=40&md5=38b44d9dcc556b4a34858f619ae94647","Article","Final","All Open Access; Hybrid Gold Open Access","Scopus","2-s2.0-85120622790"
"","","","2022 12th International Conference on CYBER Technology in Automation, Control, and Intelligent Systems, CYBER 2022","2022","2022 12th International Conference on CYBER Technology in Automation, Control, and Intelligent Systems, CYBER 2022","","","","","","1340","0","","https://www.scopus.com/inward/record.uri?eid=2-s2.0-85141155634&partnerID=40&md5=7cf5ad3d58fe924947d89115de3d723c","Conference review","Final","","Scopus","2-s2.0-85141155634"
"Zhao J.; Wu R.; Zhang H.; Zhu Y.; Zang X.","Zhao, Jie (57203289935); Wu, Rui (57355288000); Zhang, He (57224914354); Zhu, Yanhe (9240483200); Zang, Xizhe (13611954300)","57203289935; 57355288000; 57224914354; 9240483200; 13611954300","Research on Operation Skill Transfer and Control Oriented to Complex Force Interaction Tasks; [面向复杂力交互任务的操作技能传递与控制研究]","2022","Jixie Gongcheng Xuebao/Journal of Mechanical Engineering","58","18","","116","132","16","2","10.3901/JME.2022.18.116","https://www.scopus.com/inward/record.uri?eid=2-s2.0-85145009313&doi=10.3901%2fJME.2022.18.116&partnerID=40&md5=f06edb8a1ee4d1fdb49343ab89584b85","Article","Final","All Open Access; Gold Open Access","Scopus","2-s2.0-85145009313"
"Kim H.; Oh C.; Jang I.; Park S.; Seo H.; Kim H.J.","Kim, Hyoin (57117472800); Oh, Changsuk (57214782101); Jang, Inkyu (57215010101); Park, Sungyong (57189755953); Seo, Hoseong (56742664000); Kim, H. Jin (7410127528)","57117472800; 57214782101; 57215010101; 57189755953; 56742664000; 7410127528","Learning and Generalizing Cooperative Manipulation Skills Using Parametric Dynamic Movement Primitives","2022","IEEE Transactions on Automation Science and Engineering","19","4","","3968","3979","11","15","10.1109/TASE.2022.3141460","https://www.scopus.com/inward/record.uri?eid=2-s2.0-85123349609&doi=10.1109%2fTASE.2022.3141460&partnerID=40&md5=dcf614bbe9d547ec38c5c0d43c066d13","Article","Final","","Scopus","2-s2.0-85123349609"
"Xie A.; Finn C.","Xie, Annie (57210575603); Finn, Chelsea (55938427500)","57210575603; 55938427500","LIFELONG ROBOTIC REINFORCEMENT LEARNING BY RETAINING EXPERIENCES","2022","Proceedings of Machine Learning Research","199","","","838","855","17","12","","https://www.scopus.com/inward/record.uri?eid=2-s2.0-85150589361&partnerID=40&md5=c61607721ed8db31425a2ee624eaee33","Conference paper","Final","","Scopus","2-s2.0-85150589361"
"Antão L.; Costa N.; Gonçalves G.","Antão, Liliana (57203228125); Costa, Nuno (56612936800); Gonçalves, Gil (14060197800)","57203228125; 56612936800; 14060197800","General Purpose Task and Motion Planning for Human-Robot Teams","2022","2022 2nd International Conference on Robotics, Automation and Artificial Intelligence, RAAI 2022","","","","8","14","6","0","10.1109/RAAI56146.2022.10092974","https://www.scopus.com/inward/record.uri?eid=2-s2.0-85156139686&doi=10.1109%2fRAAI56146.2022.10092974&partnerID=40&md5=b4afb7f411d2fe8ef0c6980cf96d0474","Conference paper","Final","","Scopus","2-s2.0-85156139686"
"Zeng C.; Li Y.; Guo J.; Huang Z.; Wang N.; Yang C.","Zeng, Chao (57195945568); Li, Yanan (35174564100); Guo, Jing (56647243900); Huang, Zhifeng (55491068400); Wang, Ning (55446268900); Yang, Chenguang (55671767000)","57195945568; 35174564100; 56647243900; 55491068400; 55446268900; 55671767000","A Unified Parametric Representation for Robotic Compliant Skills With Adaptation of Impedance and Force","2022","IEEE/ASME Transactions on Mechatronics","27","2","","623","633","10","32","10.1109/TMECH.2021.3109160","https://www.scopus.com/inward/record.uri?eid=2-s2.0-85128940215&doi=10.1109%2fTMECH.2021.3109160&partnerID=40&md5=174661620d0f9d41817464eb96b3b92c","Article","Final","All Open Access; Green Open Access","Scopus","2-s2.0-85128940215"
"Dhonthi A.; Schillinger P.; Rozo L.; Nardi D.","Dhonthi, Akshay (57305251400); Schillinger, Philipp (55809616600); Rozo, Leonel (36603179000); Nardi, Daniele (7006582655)","57305251400; 55809616600; 36603179000; 7006582655","Optimizing Demonstrated Robot Manipulation Skills for Temporal Logic Constraints","2022","IEEE International Conference on Intelligent Robots and Systems","2022-October","","","1255","1262","7","8","10.1109/IROS47612.2022.9981384","https://www.scopus.com/inward/record.uri?eid=2-s2.0-85146327915&doi=10.1109%2fIROS47612.2022.9981384&partnerID=40&md5=21186b8991eb822b2e2d621cf8ecb9ed","Conference paper","Final","All Open Access; Green Open Access","Scopus","2-s2.0-85146327915"
"Liu X.; Huang P.; Liu Z.","Liu, Xing (56278821100); Huang, Panfeng (8608333800); Liu, Zhengxiong (24450548800)","56278821100; 8608333800; 24450548800","A Novel Contact State Estimation Method for Robot Manipulation Skill Learning via Environment Dynamics and Constraints Modeling","2022","IEEE Transactions on Automation Science and Engineering","19","4","","3903","3913","10","10","10.1109/TASE.2021.3139096","https://www.scopus.com/inward/record.uri?eid=2-s2.0-85123368194&doi=10.1109%2fTASE.2021.3139096&partnerID=40&md5=bb34eedaa535616d088328b11dc240c3","Article","Final","","Scopus","2-s2.0-85123368194"
"Bayar M.F.; Taş Y.","Bayar, Mirac Furkan (57206267457); Taş, Yasemin (36142427400)","57206267457; 36142427400","Effects of Robotic Coding Supported Design-Based Science Instruction on Students' Science Process Skills","2022","Alberta Journal of Educational Research","68","3","","446","458","12","2","10.11575/ajer.v68i3.73120","https://www.scopus.com/inward/record.uri?eid=2-s2.0-85165991529&doi=10.11575%2fajer.v68i3.73120&partnerID=40&md5=7173832aa5121e56d6e0d6c66dfa1544","Article","Final","","Scopus","2-s2.0-85165991529"
"Chen Y.; Wu T.; Wang S.; Feng X.; Jiang J.; McAleer S.M.; Dong H.; Lu Z.; Zhu S.-C.; Yang Y.","Chen, Yuanpei (57767363000); Wu, Tianhao (59601611300); Wang, Shengjie (57298970400); Feng, Xidong (57243848400); Jiang, Jiechuan (57208446118); McAleer, Stephen Marcus (57203463431); Dong, Hao (56547882800); Lu, Zongqing (56275797700); Zhu, Song-Chun (22236080700); Yang, Yaodong (56167927700)","57767363000; 59601611300; 57298970400; 57243848400; 57208446118; 57203463431; 56547882800; 56275797700; 22236080700; 56167927700","Towards Human-Level Bimanual Dexterous Manipulation with Reinforcement Learning","2022","Advances in Neural Information Processing Systems","35","","","","","","44","","https://www.scopus.com/inward/record.uri?eid=2-s2.0-85162783835&partnerID=40&md5=93c8ef574bbadb81286b08661051ff33","Conference paper","Final","","Scopus","2-s2.0-85162783835"
"Heuss L.; Gonnermann C.; Reinhart G.","Heuss, Lisa (57211205394); Gonnermann, Clemens (57209682160); Reinhart, Gunther (7101858932)","57211205394; 57209682160; 7101858932","An extendable framework for intelligent and easily configurable skills-based industrial robot applications","2022","International Journal of Advanced Manufacturing Technology","120","9-10","","6269","6285","16","6","10.1007/s00170-022-09071-w","https://www.scopus.com/inward/record.uri?eid=2-s2.0-85127725741&doi=10.1007%2fs00170-022-09071-w&partnerID=40&md5=3e8b009416a2816bc0b6d7790220463a","Article","Final","All Open Access; Hybrid Gold Open Access","Scopus","2-s2.0-85127725741"
"Si W.; Guan Y.; Wang N.","Si, Weiyong (57195431451); Guan, Yuan (57279865400); Wang, Ning (55446268900)","57195431451; 57279865400; 55446268900","Adaptive Compliant Skill Learning for Contact-Rich Manipulation With Human in the Loop","2022","IEEE Robotics and Automation Letters","7","3","","5834","5841","7","23","10.1109/LRA.2022.3159163","https://www.scopus.com/inward/record.uri?eid=2-s2.0-85126542671&doi=10.1109%2fLRA.2022.3159163&partnerID=40&md5=84436cd077b0f4ec56cab4785c362f60","Article","Final","","Scopus","2-s2.0-85126542671"
"Zhu Y.; Colan J.; Aoyama T.; Hasegawa Y.","Zhu, Yaonan (57206902244); Colan, Jacinto (57218291095); Aoyama, Tadayoshi (24722658700); Hasegawa, Yasuhisa (7403042933)","57206902244; 57218291095; 24722658700; 7403042933","Cutaneous Feedback Interface for Teleoperated In-Hand Manipulation","2022","IEEE International Conference on Intelligent Robots and Systems","2022-October","","","605","611","6","3","10.1109/IROS47612.2022.9982247","https://www.scopus.com/inward/record.uri?eid=2-s2.0-85146348643&doi=10.1109%2fIROS47612.2022.9982247&partnerID=40&md5=7ef9406cc46776edcace8048ab635b1e","Conference paper","Final","All Open Access; Green Open Access","Scopus","2-s2.0-85146348643"
"Liu D.; Lu B.; Cong M.; Yu H.; Zou Q.; Du Y.","Liu, Dong (57137089900); Lu, Binpeng (57216692230); Cong, Ming (16306181000); Yu, Honghua (57217279543); Zou, Qiang (56924520700); Du, Yu (56424435200)","57137089900; 57216692230; 16306181000; 57217279543; 56924520700; 56424435200","Robotic Manipulation Skill Acquisition Via Demonstration Policy Learning","2022","IEEE Transactions on Cognitive and Developmental Systems","14","3","","1054","1065","11","3","10.1109/TCDS.2021.3094269","https://www.scopus.com/inward/record.uri?eid=2-s2.0-85113261693&doi=10.1109%2fTCDS.2021.3094269&partnerID=40&md5=73b8c7f67c6e43600c9abc58dc8b1aa7","Article","Final","","Scopus","2-s2.0-85113261693"
"","","","2021 International Joint Conference on Robotics and Artificial Intelligence, JCRAI 2021","2022","Journal of Physics: Conference Series","2188","1","","","","136","0","","https://www.scopus.com/inward/record.uri?eid=2-s2.0-85125693936&partnerID=40&md5=a6176653b6e9c30fb578f6094b5456d2","Conference review","Final","","Scopus","2-s2.0-85125693936"
"","","","AIIPCC 2022 - 3rd International Conference on Artificial Intelligence, Information Processing and Cloud Computing","2022","AIIPCC 2022 - 3rd International Conference on Artificial Intelligence, Information Processing and Cloud Computing","","","","","","222","0","","https://www.scopus.com/inward/record.uri?eid=2-s2.0-85145747846&partnerID=40&md5=edffce731fc37ab4aea36df46960b947","Conference review","Final","","Scopus","2-s2.0-85145747846"
"Dong Z.; Li Z.; Yan Y.; Calinon S.; Chen F.","Dong, Zhipeng (57188977148); Li, Zhihao (57476634400); Yan, Yunhui (16033732200); Calinon, Sylvain (6507248533); Chen, Fei (56119292600)","57188977148; 57476634400; 16033732200; 6507248533; 56119292600","Passive Bimanual Skills Learning from Demonstration with Motion Graph Attention Networks","2022","IEEE Robotics and Automation Letters","7","2","","4917","4923","6","12","10.1109/LRA.2022.3152974","https://www.scopus.com/inward/record.uri?eid=2-s2.0-85125751584&doi=10.1109%2fLRA.2022.3152974&partnerID=40&md5=98f8f0a57c3d47b8ab39c794a938af79","Article","Final","","Scopus","2-s2.0-85125751584"
"Yu X.; Liu P.; He W.; Liu Y.; Chen Q.; Ding L.","Yu, Xinbo (57203040999); Liu, Peisen (57477141100); He, Wei (56580949000); Liu, Yu (55969084300); Chen, Qi (57477141200); Ding, Liang (55705576600)","57203040999; 57477141100; 56580949000; 55969084300; 57477141200; 55705576600","Human-Robot Variable Impedance Skills Transfer Learning Based on Dynamic Movement Primitives","2022","IEEE Robotics and Automation Letters","7","3","","6463","6470","7","26","10.1109/LRA.2022.3154469","https://www.scopus.com/inward/record.uri?eid=2-s2.0-85125704836&doi=10.1109%2fLRA.2022.3154469&partnerID=40&md5=d0b03f6c89fe8d25ac728cad7a3196ea","Article","Final","","Scopus","2-s2.0-85125704836"
"Sauciuc T.-A.; Burlacu A.; Ferariu L.; Botezatu P.-A.","Sauciuc, Teodor-Andrei (57219503727); Burlacu, Adrian (23666339700); Ferariu, Lavinia (35100326400); Botezatu, Paul-Adrian (57911679300)","57219503727; 23666339700; 35100326400; 57911679300","SO3-CNN: Learning Rigid Displacement using Depth Images and Orthogonal Dual Tensors","2022","IECON Proceedings (Industrial Electronics Conference)","2022-October","","","","","","0","10.1109/IECON49645.2022.9968902","https://www.scopus.com/inward/record.uri?eid=2-s2.0-85143908070&doi=10.1109%2fIECON49645.2022.9968902&partnerID=40&md5=1343cebb20823714c38c9b6d1a2287fb","Conference paper","Final","","Scopus","2-s2.0-85143908070"
"Pelletier B.; Lesire C.; Doose D.; Godary-Dejean K.; Dramé-Maigné C.","Pelletier, Baptiste (57912763200); Lesire, Charles (8941481100); Doose, David (14008956400); Godary-Dejean, Karen (36801647200); Dramé-Maigné, Charles (57914048500)","57912763200; 8941481100; 14008956400; 36801647200; 57914048500","SkiNet A Petri Net Generation Tool for the Verification of Skillset-based Autonomous Systems","2022","Electronic Proceedings in Theoretical Computer Science, EPTCS","371","","","120","138","18","3","10.4204/EPTCS.371.9","https://www.scopus.com/inward/record.uri?eid=2-s2.0-85139824459&doi=10.4204%2fEPTCS.371.9&partnerID=40&md5=2955c3394009f3444c65e9b8f7021a9a","Conference paper","Final","All Open Access; Gold Open Access; Green Open Access","Scopus","2-s2.0-85139824459"
"Chon S.U.; Seo J.; Kim J.; Han S.; Park S.; Kim J.T.; Kim J.; Cho J.","Chon, Sang Uk (56581564700); Seo, Jaehong (56580966800); Kim, Jungyeong (57362133300); Han, Sangchul (57217331968); Park, Sangshin (57209835875); Kim, Jin Tak (56022862500); Kim, Jinhyeon (57361922800); Cho, Jungsan (55325850900)","56581564700; 56580966800; 57362133300; 57217331968; 57209835875; 56022862500; 57361922800; 55325850900","Design of an Intuitive Master for Improving Teleoperation Task Performance Using the Functional Separation of Actuators: Movement and Gravity Compensation","2022","Actuators","11","7","204","","","","3","10.3390/act11070204","https://www.scopus.com/inward/record.uri?eid=2-s2.0-85135627468&doi=10.3390%2fact11070204&partnerID=40&md5=58d28f175dea606d5286db9cb98f2eec","Article","Final","All Open Access; Gold Open Access","Scopus","2-s2.0-85135627468"
"Gao X.; Silvério J.; Calinon S.; Li M.; Xiao X.","Gao, Xiao (57207259526); Silvério, João (57117682900); Calinon, Sylvain (6507248533); Li, Miao (36550432800); Xiao, Xiaohui (57020463800)","57207259526; 57117682900; 6507248533; 36550432800; 57020463800","Bilateral teleoperation with object-adaptive mapping","2022","Complex and Intelligent Systems","8","4","","2983","2990","7","5","10.1007/s40747-021-00546-z","https://www.scopus.com/inward/record.uri?eid=2-s2.0-85133950647&doi=10.1007%2fs40747-021-00546-z&partnerID=40&md5=a4f35a5cb15c1189994e1320ec3d43c9","Article","Final","All Open Access; Gold Open Access; Green Open Access","Scopus","2-s2.0-85133950647"
"Ding L.; Xing H.; Torabi A.; Mehr J.K.; Sharifi M.; Gao H.; Mushahwar V.K.; Tavakoli M.","Ding, Liang (55705576600); Xing, Hongjun (57191518077); Torabi, Ali (57203129433); Mehr, Javad K. (57221662636); Sharifi, Mojtaba (55224489900); Gao, Haibo (57204309644); Mushahwar, Vivian K. (6603751651); Tavakoli, Mahdi (8668966400)","55705576600; 57191518077; 57203129433; 57221662636; 55224489900; 57204309644; 6603751651; 8668966400","Intelligent assistance for older adults via an admittance-controlled wheeled mobile manipulator with task-dependent end-effectors","2022","Mechatronics","85","","102821","","","","14","10.1016/j.mechatronics.2022.102821","https://www.scopus.com/inward/record.uri?eid=2-s2.0-85130959118&doi=10.1016%2fj.mechatronics.2022.102821&partnerID=40&md5=2c74cec6941d39990e5ed499e38aff94","Article","Final","","Scopus","2-s2.0-85130959118"
"Orsula A.; Bogh S.; Olivares-Mendez M.; Martinez C.","Orsula, Andrej (57846179000); Bogh, Simon (35760920300); Olivares-Mendez, Miguel (35590418200); Martinez, Carol (24490592400)","57846179000; 35760920300; 35590418200; 24490592400","Learning to Grasp on the Moon from 3D Octree Observations with Deep Reinforcement Learning","2022","IEEE International Conference on Intelligent Robots and Systems","2022-October","","","4112","4119","7","11","10.1109/IROS47612.2022.9981661","https://www.scopus.com/inward/record.uri?eid=2-s2.0-85146346074&doi=10.1109%2fIROS47612.2022.9981661&partnerID=40&md5=e9294fc7c069ad19250141a04bca64a5","Conference paper","Final","All Open Access; Green Open Access","Scopus","2-s2.0-85146346074"
"Liu H.; Xue L.","Liu, Huaying (58130748500); Xue, Lei (57203291753)","58130748500; 57203291753","Robot Skill Learning Algorithm Based on Dynamic Motion Primitive","2022","2022 International Conference on Automation, Robotics and Computer Engineering, ICARCE 2022","","","","","","","0","10.1109/ICARCE55724.2022.10046555","https://www.scopus.com/inward/record.uri?eid=2-s2.0-85149436212&doi=10.1109%2fICARCE55724.2022.10046555&partnerID=40&md5=f09dfd899c6a4f7d4823fe32bc91439e","Conference paper","Final","","Scopus","2-s2.0-85149436212"
"Wu P.; Zhang Y.; Li Y.; Mao B.; Chen W.; Gao G.","Wu, Peiliang (24538103600); Zhang, Yan (57218471513); Li, Yao (57484469700); Mao, Bingyi (23393463400); Chen, Wenbai (35217578600); Gao, Guowei (24314779700)","24538103600; 57218471513; 57484469700; 23393463400; 35217578600; 24314779700","A Robot Pick and Place Skill Learning Method Based on Maximum Entropy and DDQN Algorithm","2022","Journal of Physics: Conference Series","2203","1","012063","","","","0","10.1088/1742-6596/2203/1/012063","https://www.scopus.com/inward/record.uri?eid=2-s2.0-85126142049&doi=10.1088%2f1742-6596%2f2203%2f1%2f012063&partnerID=40&md5=4708a284882a8dc312a0d53e53597d79","Conference paper","Final","All Open Access; Gold Open Access","Scopus","2-s2.0-85126142049"
"Yoo M.; Cho S.; Woo H.","Yoo, Minjong (57211314482); Cho, Sangwoo (57226880712); Woo, Honguk (57639114600)","57211314482; 57226880712; 57639114600","Skills Regularized Task Decomposition for Multi-task Offline Reinforcement Learning","2022","Advances in Neural Information Processing Systems","35","","","","","","7","","https://www.scopus.com/inward/record.uri?eid=2-s2.0-85163187252&partnerID=40&md5=5a26e58ff7a7a902454e4e5ad6b4b474","Conference paper","Final","","Scopus","2-s2.0-85163187252"
"Pantano M.; Eiband T.; Lee D.","Pantano, Matteo (57221044888); Eiband, Thomas (57189455973); Lee, Dongheui (55661385300)","57221044888; 57189455973; 55661385300","Capability-based Frameworks for Industrial Robot Skills: a Survey","2022","IEEE International Conference on Automation Science and Engineering","2022-August","","","2355","2362","7","7","10.1109/CASE49997.2022.9926648","https://www.scopus.com/inward/record.uri?eid=2-s2.0-85141670544&doi=10.1109%2fCASE49997.2022.9926648&partnerID=40&md5=4a66f45c360e572704034c2bcf662b73","Conference paper","Final","All Open Access; Green Open Access","Scopus","2-s2.0-85141670544"
"Hammoud A.; Belcamino V.; Carfi A.; Perdereau V.; Mastrogiovanni F.","Hammoud, Ali (57297228900); Belcamino, Valerio (57564844300); Carfi, Alessandro (57204949335); Perdereau, Veronique (6603016055); Mastrogiovanni, Fulvio (56962745700)","57297228900; 57564844300; 57204949335; 6603016055; 56962745700","In-hand manipulation planning using human motion dictionary","2022","RO-MAN 2022 - 31st IEEE International Conference on Robot and Human Interactive Communication: Social, Asocial, and Antisocial Robots","","","","927","933","6","2","10.1109/RO-MAN53752.2022.9900858","https://www.scopus.com/inward/record.uri?eid=2-s2.0-85140738708&doi=10.1109%2fRO-MAN53752.2022.9900858&partnerID=40&md5=79d72534ec2d154b8351525c86436914","Conference paper","Final","All Open Access; Green Open Access","Scopus","2-s2.0-85140738708"
"You Y.; Ji Z.; Yang X.; Liu Y.","You, Yingchao (57225023371); Ji, Ze (36181378200); Yang, Xintong (57222328275); Liu, Ying (35206193200)","57225023371; 36181378200; 57222328275; 35206193200","From human-human collaboration to human-robot collaboration: automated generation of assembly task knowledge model","2022","2022 27th International Conference on Automation and Computing: Smart Systems and Manufacturing, ICAC 2022","","","","","","","7","10.1109/ICAC55051.2022.9911131","https://www.scopus.com/inward/record.uri?eid=2-s2.0-85141148344&doi=10.1109%2fICAC55051.2022.9911131&partnerID=40&md5=241670e2647646c8b53a2f9730090401","Conference paper","Final","All Open Access; Green Open Access","Scopus","2-s2.0-85141148344"
"Sun D.; Liao Q.; Loutfi A.","Sun, Da (56092698900); Liao, Qianfang (35366454400); Loutfi, Amy (7004383993)","56092698900; 35366454400; 7004383993","Type-2 Fuzzy Model-Based Movement Primitives for Imitation Learning","2022","IEEE Transactions on Robotics","38","4","","2462","2480","18","16","10.1109/TRO.2022.3152685","https://www.scopus.com/inward/record.uri?eid=2-s2.0-85126290381&doi=10.1109%2fTRO.2022.3152685&partnerID=40&md5=77c329077608d08e357e7e21adf2252f","Article","Final","All Open Access; Green Open Access","Scopus","2-s2.0-85126290381"
"Pasricha A.; Tung Y.-S.; Hayes B.; Roncone A.","Pasricha, Anuj (57454605600); Tung, Yi-Shiuan (57454578700); Hayes, Bradley (55638866400); Roncone, Alessandro (56641523600)","57454605600; 57454578700; 55638866400; 56641523600","PokeRRT: Poking as a Skill and Failure Recovery Tactic for Planar Non-Prehensile Manipulation","2022","IEEE Robotics and Automation Letters","7","2","","4480","4487","7","9","10.1109/LRA.2022.3148442","https://www.scopus.com/inward/record.uri?eid=2-s2.0-85124715179&doi=10.1109%2fLRA.2022.3148442&partnerID=40&md5=04d8b80a6958e41214addaa1a552940b","Article","Final","All Open Access; Green Open Access","Scopus","2-s2.0-85124715179"
"Wu H.; Xu Z.; Yan W.; Ou Y.; Liao Z.; Zhou X.","Wu, Hongmin (56650300300); Xu, Zhihao (57214001897); Yan, Wu (57204598751); Ou, Yangmin (58066393500); Liao, Zhaoyang (57202506594); Zhou, Xuefeng (55743312800)","56650300300; 57214001897; 57204598751; 58066393500; 57202506594; 55743312800","A Framework of Rehabilitation-assisted Robot Skill Representation, Learning, and Modulation via Manifold-Mappings and Gaussian Processes","2022","IEEE International Conference on Intelligent Robots and Systems","2022-October","","","3680","3686","6","3","10.1109/IROS47612.2022.9982172","https://www.scopus.com/inward/record.uri?eid=2-s2.0-85146311170&doi=10.1109%2fIROS47612.2022.9982172&partnerID=40&md5=15cf2e0e4dec21049831c6cf20dce692","Conference paper","Final","","Scopus","2-s2.0-85146311170"
"Davchev T.; Luck K.S.; Burke M.; Meier F.; Schaal S.; Ramamoorthy S.","Davchev, Todor (57214136262); Luck, Kevin Sebastian (56423502000); Burke, Michael (36099859700); Meier, Franziska (26424316400); Schaal, Stefan (7007171558); Ramamoorthy, Subramanian (15042865300)","57214136262; 56423502000; 36099859700; 26424316400; 7007171558; 15042865300","Residual Learning From Demonstration: Adapting DMPs for Contact-Rich Manipulation","2022","IEEE Robotics and Automation Letters","7","2","","4488","4495","7","29","10.1109/LRA.2022.3150024","https://www.scopus.com/inward/record.uri?eid=2-s2.0-85124736650&doi=10.1109%2fLRA.2022.3150024&partnerID=40&md5=7883e14a0cfdcc03120a2097bf4abad9","Article","Final","All Open Access; Green Open Access","Scopus","2-s2.0-85124736650"
"Wiese T.; Abicht J.; Friedrich C.; Hellmich A.; Ihlenfeldt S.","Wiese, Torben (57211333973); Abicht, Johannes (57211392821); Friedrich, Christian (57193414963); Hellmich, Arvid (55203996200); Ihlenfeldt, Steffen (6506721503)","57211333973; 57211392821; 57193414963; 55203996200; 6506721503","Flexible skill-based control for robot cells in manufacturing","2022","Frontiers in Robotics and AI","9","","1014476","","","","6","10.3389/frobt.2022.1014476","https://www.scopus.com/inward/record.uri?eid=2-s2.0-85143756610&doi=10.3389%2ffrobt.2022.1014476&partnerID=40&md5=a8d3113b800eafe0c23ab2db72f38fa5","Article","Final","All Open Access; Gold Open Access; Green Open Access","Scopus","2-s2.0-85143756610"
"Yang Q.; Durr A.; Topp E.A.; Stork J.A.; Stoyanov T.","Yang, Quantao (57337044500); Durr, Alexander (57295196200); Topp, Elin Anna (7006149135); Stork, Johannes A. (36464315800); Stoyanov, Todor (6602422245)","57337044500; 57295196200; 7006149135; 36464315800; 6602422245","Variable Impedance Skill Learning for Contact-Rich Manipulation","2022","IEEE Robotics and Automation Letters","7","3","","8391","8398","7","14","10.1109/LRA.2022.3187276","https://www.scopus.com/inward/record.uri?eid=2-s2.0-85133737407&doi=10.1109%2fLRA.2022.3187276&partnerID=40&md5=0a26c86be6923e572c7142b0113e95b2","Article","Final","All Open Access; Green Open Access; Hybrid Gold Open Access","Scopus","2-s2.0-85133737407"
"","","","2022 2nd International Conference on Robotics, Automation and Artificial Intelligence, RAAI 2022","2022","2022 2nd International Conference on Robotics, Automation and Artificial Intelligence, RAAI 2022","","","","","","298","0","","https://www.scopus.com/inward/record.uri?eid=2-s2.0-85156133291&partnerID=40&md5=abc446ff562f568df9ed408a5520b572","Conference review","Final","","Scopus","2-s2.0-85156133291"
"Elangovan N.; Chang C.-M.; Godoy R.V.; Sanches F.; Wang K.; Jarvis P.; Liarokapis M.","Elangovan, Nathan (57211914170); Chang, Che-Ming (57211927437); Godoy, Ricardo V. (57216687138); Sanches, Felipe (58066243900); Wang, Ke (57852990400); Jarvis, Patrick (57218825642); Liarokapis, Minas (36802202100)","57211914170; 57211927437; 57216687138; 58066243900; 57852990400; 57218825642; 36802202100","Comparing Human and Robot Performance in the Execution of Kitchen Tasks: Evaluating Grasping and Dexterous Manipulation Skills","2022","IEEE-RAS International Conference on Humanoid Robots","2022-November","","","518","525","7","0","10.1109/Humanoids53995.2022.10000248","https://www.scopus.com/inward/record.uri?eid=2-s2.0-85146357091&doi=10.1109%2fHumanoids53995.2022.10000248&partnerID=40&md5=f213843733411ed2198258ae48501c48","Conference paper","Final","","Scopus","2-s2.0-85146357091"
"Özen B.K.; Demirbilek B.H.","Özen, Batu Kaan (58221533900); Demirbilek, Burak Han (57226400083)","58221533900; 57226400083","Analysis of Robot Skill Learning Methods and Secondary Approaches to Enhance Learning","2022","2022 7th International Conference on Mechanical Engineering and Robotics Research, ICMERR 2022","","","","73","81","8","0","10.1109/ICMERR56497.2022.10097826","https://www.scopus.com/inward/record.uri?eid=2-s2.0-85156089752&doi=10.1109%2fICMERR56497.2022.10097826&partnerID=40&md5=dafa370743a7e7fcd7f01cd659542923","Conference paper","Final","","Scopus","2-s2.0-85156089752"
"Wei J.; Cui S.; Hao P.; Wang S.","Wei, Junhang (57214998996); Cui, Shaowei (57214996092); Hao, Peng (57325859800); Wang, Shuo (57212092599)","57214998996; 57214996092; 57325859800; 57212092599","Learning to Manipulate Tools Using Deep Reinforcement Learning and Anchor Information","2022","2022 IEEE International Conference on Robotics and Biomimetics, ROBIO 2022","","","","1420","1425","5","0","10.1109/ROBIO55434.2022.10012027","https://www.scopus.com/inward/record.uri?eid=2-s2.0-85147333963&doi=10.1109%2fROBIO55434.2022.10012027&partnerID=40&md5=fc10d7a7100e35550cdef5d3defb1300","Conference paper","Final","","Scopus","2-s2.0-85147333963"
"D’Ettorre C.; Zirino S.; Dei N.N.; Stilli A.; De Momi E.; Stoyanov D.","D’Ettorre, Claudia (57201490650); Zirino, Silvia (57658521800); Dei, Neri Niccolò (57660097300); Stilli, Agostino (56423623500); De Momi, Elena (57203951877); Stoyanov, Danail (57203105770)","57201490650; 57658521800; 57660097300; 56423623500; 57203951877; 57203105770","Learning intraoperative organ manipulation with context-based reinforcement learning","2022","International Journal of Computer Assisted Radiology and Surgery","17","8","","1419","1427","8","5","10.1007/s11548-022-02630-2","https://www.scopus.com/inward/record.uri?eid=2-s2.0-85129343899&doi=10.1007%2fs11548-022-02630-2&partnerID=40&md5=675dd5d0cbfb8a337c2f806286b86210","Article","Final","All Open Access; Green Open Access; Hybrid Gold Open Access","Scopus","2-s2.0-85129343899"
"Si W.; Yue T.; Guan Y.; Wang N.; Yang C.","Si, Weiyong (57195431451); Yue, Tianqi (57443374700); Guan, Yuan (57279865400); Wang, Ning (55446268900); Yang, Chenguang (55671767000)","57195431451; 57443374700; 57279865400; 55446268900; 55671767000","A Novel Robot Skill Learning Framework Based on Bilateral Teleoperation","2022","IEEE International Conference on Automation Science and Engineering","2022-August","","","758","763","5","3","10.1109/CASE49997.2022.9926526","https://www.scopus.com/inward/record.uri?eid=2-s2.0-85141706599&doi=10.1109%2fCASE49997.2022.9926526&partnerID=40&md5=3af1620f2f85ab3616a550c840fc0efa","Conference paper","Final","","Scopus","2-s2.0-85141706599"
"Rhodes T.; Bhattacharjee T.; Lee D.D.","Rhodes, Travers (57204149952); Bhattacharjee, Tapomayukh (26322272100); Lee, Daniel D. (7406662803)","57204149952; 26322272100; 7406662803","Learning from Demonstration using a Curvature Regularized Variational Auto-Encoder (CurvVAE)","2022","IEEE International Conference on Intelligent Robots and Systems","2022-October","","","10795","10800","5","1","10.1109/IROS47612.2022.9981930","https://www.scopus.com/inward/record.uri?eid=2-s2.0-85146346888&doi=10.1109%2fIROS47612.2022.9981930&partnerID=40&md5=1ae9677ee8252b6a3050b230eacce741","Conference paper","Final","","Scopus","2-s2.0-85146346888"
"Si W.; Wang N.; Li Q.; Yang C.","Si, Weiyong (57195431451); Wang, Ning (55446268900); Li, Qinchuan (56141869600); Yang, Chenguang (55671767000)","57195431451; 55446268900; 56141869600; 55671767000","A Framework for Composite Layup Skill Learning and Generalizing Through Teleoperation","2022","Frontiers in Neurorobotics","16","","840240","","","","11","10.3389/fnbot.2022.840240","https://www.scopus.com/inward/record.uri?eid=2-s2.0-85125225725&doi=10.3389%2ffnbot.2022.840240&partnerID=40&md5=fc088950cfd61cdf0dee9f3923d5c315","Article","Final","All Open Access; Gold Open Access; Green Open Access","Scopus","2-s2.0-85125225725"
"Sprenger C.Z.; Ribeaud T.","Sprenger, Congyu Zhang (57955291100); Ribeaud, Thomas (57955737000)","57955291100; 57955737000","Robotic Process Automation with Ontology-enabled Skill-based Robot Task Model and Notation (RTMN)","2022","2022 2nd International Conference on Robotics, Automation and Artificial Intelligence, RAAI 2022","","","","15","20","5","4","10.1109/RAAI56146.2022.10092996","https://www.scopus.com/inward/record.uri?eid=2-s2.0-85156089748&doi=10.1109%2fRAAI56146.2022.10092996&partnerID=40&md5=7c78c3400b059e18b47e11e034fbdf05","Conference paper","Final","","Scopus","2-s2.0-85156089748"
"Ti B.; Gao Y.; Shi M.; Zhao J.","Ti, Boyang (57208147207); Gao, Yongsheng (55731382000); Shi, Ming (57316429600); Zhao, Jie (56184355900)","57208147207; 55731382000; 57316429600; 56184355900","Generalization of orientation trajectories and force–torque profiles for learning human assembly skill","2022","Robotics and Computer-Integrated Manufacturing","76","","102325","","","","16","10.1016/j.rcim.2022.102325","https://www.scopus.com/inward/record.uri?eid=2-s2.0-85125255255&doi=10.1016%2fj.rcim.2022.102325&partnerID=40&md5=1313a4e598b76e42e0aea469e7b30d36","Article","Final","","Scopus","2-s2.0-85125255255"
"Jin C.-C.; Liu A.-D.; Liu S.; Zhang W.-A.","Jin, Cong-Cong (57217632574); Liu, An-Dong (55449948800); Liu, Steven (35754516400); Zhang, Wen-An (15066270400)","57217632574; 55449948800; 35754516400; 15066270400","A Robot Skill Learning Method Based on Improved Stable Estimator of Dynamical Systems; [基于改进动态系统稳定估计器的机器人技能学习方法]","2022","Zidonghua Xuebao/Acta Automatica Sinica","48","7","","1771","1781","10","4","10.16383/j.aas.c200341","https://www.scopus.com/inward/record.uri?eid=2-s2.0-85118225834&doi=10.16383%2fj.aas.c200341&partnerID=40&md5=2bae614bc9128aa6b49cecde4b9f36d2","Article","Final","","Scopus","2-s2.0-85118225834"
"Ardilla F.; Yani M.; Saputra A.A.; Chin W.; Kubota N.","Ardilla, Fernando (57170736200); Yani, Mohamad (57220034843); Saputra, Azhar Aulia (56513876800); Chin, Weihong (55658768800); Kubota, Naoyuki (7202158579)","57170736200; 57220034843; 56513876800; 55658768800; 7202158579","Topological mapping based on perceiving-acting cycle in sharing cognitive environments for robot partners","2022","Communications in Information and Systems","22","4","","431","458","27","2","10.4310/CIS.2022.v22.n4.a1","https://www.scopus.com/inward/record.uri?eid=2-s2.0-85189859077&doi=10.4310%2fCIS.2022.v22.n4.a1&partnerID=40&md5=7317024c09eea0b090af271fd5888b95","Article","Final","All Open Access; Bronze Open Access","Scopus","2-s2.0-85189859077"
"Gervasi R.; Mastrogiacomo L.; Maisano D.A.; Antonelli D.; Franceschini F.","Gervasi, Riccardo (57208482873); Mastrogiacomo, Luca (24822361200); Maisano, Domenico Augusto (14031883700); Antonelli, Dario (21833419400); Franceschini, Fiorenzo (7005500864)","57208482873; 24822361200; 14031883700; 21833419400; 7005500864","A structured methodology to support human–robot collaboration configuration choice","2022","Production Engineering","16","4","","435","451","16","16","10.1007/s11740-021-01088-6","https://www.scopus.com/inward/record.uri?eid=2-s2.0-85119862630&doi=10.1007%2fs11740-021-01088-6&partnerID=40&md5=649f1b98f76ef12998798da97d722d30","Article","Final","","Scopus","2-s2.0-85119862630"
"Giberti H.; Abbattista T.; Carnevale M.; Giagu L.; Cristini F.","Giberti, Hermes (55954268900); Abbattista, Tommaso (57409898800); Carnevale, Marco (26537153500); Giagu, Luca (57410187400); Cristini, Fabio (57410341600)","55954268900; 57409898800; 26537153500; 57410187400; 57410341600","A Methodology for Flexible Implementation of Collaborative Robots in Smart Manufacturing Systems","2022","Robotics","11","1","9","","","","23","10.3390/robotics11010009","https://www.scopus.com/inward/record.uri?eid=2-s2.0-85122749847&doi=10.3390%2frobotics11010009&partnerID=40&md5=e08f76230fd0b84efd895cdca944b72f","Article","Final","All Open Access; Gold Open Access","Scopus","2-s2.0-85122749847"
"Johannsmeier L.; Haddadin S.","Johannsmeier, Lars (57201549476); Haddadin, Sami (23008499000)","57201549476; 23008499000","Can we reach human expert programming performance? A tactile manipulation case study in learning time and task performance","2022","IEEE International Conference on Intelligent Robots and Systems","2022-October","","","12081","12088","7","2","10.1109/IROS47612.2022.9982025","https://www.scopus.com/inward/record.uri?eid=2-s2.0-85146347189&doi=10.1109%2fIROS47612.2022.9982025&partnerID=40&md5=8f9f2f39eba96e4aea3730249b9cd16c","Conference paper","Final","","Scopus","2-s2.0-85146347189"
"Liang X.-Y.; Jin C.-C.; Zhang W.-A.","Liang, Xin-Yu (57999082600); Jin, Cong-Cong (57217632574); Zhang, Wen-An (15066270400)","57999082600; 57217632574; 15066270400","A Robot Skill Learning Method with Obstacle Avoidance Ability Based on Dynamic System Approach","2022","ICARM 2022 - 2022 7th IEEE International Conference on Advanced Robotics and Mechatronics","","","","702","706","4","0","10.1109/ICARM54641.2022.9959491","https://www.scopus.com/inward/record.uri?eid=2-s2.0-85143743678&doi=10.1109%2fICARM54641.2022.9959491&partnerID=40&md5=21818d1a3d9e932da87040ebbe9d2e96","Conference paper","Final","","Scopus","2-s2.0-85143743678"
"Heikkilä T.; Pakkala D.; Seppälä T.; Kotaniemi J.; Pääkkönen P.; Saukkoriipi J.; Niskanen I.","Heikkilä, Tapio (7007151118); Pakkala, Daniel (15127670500); Seppälä, Tuomas (56426840400); Kotaniemi, Jarkko (57222666270); Pääkkönen, Pekka (35547145800); Saukkoriipi, Janne (57212304944); Niskanen, Ilkka (24724931400)","7007151118; 15127670500; 56426840400; 57222666270; 35547145800; 57212304944; 24724931400","Manufacturing operations as services by robots with skills","2022","Open Engineering","12","1","","627","639","12","2","10.1515/eng-2022-0380","https://www.scopus.com/inward/record.uri?eid=2-s2.0-85142148395&doi=10.1515%2feng-2022-0380&partnerID=40&md5=12ce512c2835f7b017accdc7f505837f","Article","Final","All Open Access; Gold Open Access","Scopus","2-s2.0-85142148395"
"Zhai X.; Ou Y.; Xu Z.; Jiang L.; Zhou X.; Wu H.","Zhai, Xueqian (58089446200); Ou, Yangmin (58066393500); Xu, Zhihao (57214001897); Jiang, Li (34770599200); Zhou, Xuefeng (55743312800); Wu, Hongmin (56650300300)","58089446200; 58066393500; 57214001897; 34770599200; 55743312800; 56650300300","Effective Learning and Online Modulation for Robotic Variable Impedance Skills","2022","2022 IEEE International Conference on Robotics and Biomimetics, ROBIO 2022","","","","475","480","5","2","10.1109/ROBIO55434.2022.10011841","https://www.scopus.com/inward/record.uri?eid=2-s2.0-85147326612&doi=10.1109%2fROBIO55434.2022.10011841&partnerID=40&md5=a81fc23d8a584a995cff97110d928b1c","Conference paper","Final","","Scopus","2-s2.0-85147326612"
"Gajjar N.K.; Rekik K.; Kanso A.; Müller R.","Gajjar, Nishant Ketan (58025439600); Rekik, Khansa (57216592673); Kanso, Ali (57204699299); Müller, Rainer (57191738253)","58025439600; 57216592673; 57204699299; 57191738253","Human intention and workspace recognition for collaborative assembly","2022","IFAC-PapersOnLine","55","10","","365","370","5","6","10.1016/j.ifacol.2022.09.420","https://www.scopus.com/inward/record.uri?eid=2-s2.0-85144482449&doi=10.1016%2fj.ifacol.2022.09.420&partnerID=40&md5=dd1b5621ee03348052d45d152832addb","Conference paper","Final","All Open Access; Gold Open Access","Scopus","2-s2.0-85144482449"
"Dou S.; Xiao J.; Zhao W.; Yuan H.; Liu H.","Dou, Saixiong (57226638364); Xiao, Juliang (8836539200); Zhao, Wei (57226718758); Yuan, Hang (57485814500); Liu, Haitao (56437274400)","57226638364; 8836539200; 57226718758; 57485814500; 56437274400","A Robot Skill Learning Framework Based on Compliant Movement Primitives","2022","Journal of Intelligent and Robotic Systems: Theory and Applications","104","3","53","","","","2","10.1007/s10846-022-01605-4","https://www.scopus.com/inward/record.uri?eid=2-s2.0-85126177357&doi=10.1007%2fs10846-022-01605-4&partnerID=40&md5=69f129dc0502edc43c29d40dab992d1c","Article","Final","","Scopus","2-s2.0-85126177357"
"Cho D.; Kim J.; Kim H.J.","Cho, Daesol (57579242500); Kim, Jigang (57215013705); Kim, H. Jin (7410127528)","57579242500; 57215013705; 7410127528","Unsupervised Reinforcement Learning for Transferable Manipulation Skill Discovery","2022","IEEE Robotics and Automation Letters","7","3","","7455","7462","7","18","10.1109/LRA.2022.3171915","https://www.scopus.com/inward/record.uri?eid=2-s2.0-85132515048&doi=10.1109%2fLRA.2022.3171915&partnerID=40&md5=2606cc3c96383c61178596888319ca70","Article","Final","All Open Access; Green Open Access","Scopus","2-s2.0-85132515048"
"Gao Z.; Elibol A.; Chong N.Y.","Gao, Ziyan (57209417895); Elibol, Armagan (24733903500); Chong, Nak Young (7007012034)","57209417895; 24733903500; 7007012034","A few-shot learning framework for planar pushing of unknown objects","2022","Intelligent Service Robotics","15","3","","335","350","15","4","10.1007/s11370-022-00425-7","https://www.scopus.com/inward/record.uri?eid=2-s2.0-85130304197&doi=10.1007%2fs11370-022-00425-7&partnerID=40&md5=2b9f7569efc12c4d652b94e717f1ee1e","Article","Final","","Scopus","2-s2.0-85130304197"
"","","","2022 7th International Conference on Mechanical Engineering and Robotics Research, ICMERR 2022","2022","2022 7th International Conference on Mechanical Engineering and Robotics Research, ICMERR 2022","","","","","","238","0","","https://www.scopus.com/inward/record.uri?eid=2-s2.0-85156164743&partnerID=40&md5=f614d7faa0bfab975aa8293d1a4ab3b7","Conference review","Final","","Scopus","2-s2.0-85156164743"
"Bai Y.; Li F.; Zhao M.; Wang W.; Li Y.; Song R.","Bai, Yunfeng (57952744600); Li, Fengming (57207859872); Zhao, Man (57951877300); Wang, Wei (57192615575); Li, Yibin (55907838900); Song, Rui (7202051472)","57952744600; 57207859872; 57951877300; 57192615575; 55907838900; 7202051472","Robot Manipulation Skill Learning Based on Dynamic Movement Primitive","2022","2022 12th International Conference on CYBER Technology in Automation, Control, and Intelligent Systems, CYBER 2022","","","","579","584","5","5","10.1109/CYBER55403.2022.9907262","https://www.scopus.com/inward/record.uri?eid=2-s2.0-85141140119&doi=10.1109%2fCYBER55403.2022.9907262&partnerID=40&md5=83e1e258f3b07cd3d3fa3b4a0278e131","Conference paper","Final","","Scopus","2-s2.0-85141140119"
"Mayr M.; Ahmad F.; Chatzilygeroudis K.; Nardi L.; Krueger V.","Mayr, Matthias (57290705000); Ahmad, Faseeh (57290705100); Chatzilygeroudis, Konstantinos (57190792564); Nardi, Luigi (56742977200); Krueger, Volker (7003464904)","57290705000; 57290705100; 57190792564; 56742977200; 7003464904","Skill-based Multi-objective Reinforcement Learning of Industrial Robot Tasks with Planning and Knowledge Integration","2022","2022 IEEE International Conference on Robotics and Biomimetics, ROBIO 2022","","","","1995","2002","7","17","10.1109/ROBIO55434.2022.10011996","https://www.scopus.com/inward/record.uri?eid=2-s2.0-85147332734&doi=10.1109%2fROBIO55434.2022.10011996&partnerID=40&md5=b93a6ce9c3edc7aa1fa5f88a4ff8fde3","Conference paper","Final","All Open Access; Green Open Access","Scopus","2-s2.0-85147332734"
"Wang Q.-H.; Wang Y.-X.","Wang, Qiu-Hui (50562601500); Wang, Ya-Xin (57960655300)","50562601500; 57960655300","Work safety and interaction design strategies of hospital disinfection robot","2022","Journal of Graphics","43","1","","172","180","8","0","10.11996/JG.j.2095-302X.2022010172","https://www.scopus.com/inward/record.uri?eid=2-s2.0-85141714494&doi=10.11996%2fJG.j.2095-302X.2022010172&partnerID=40&md5=d3da6172e29933fc8132c4cbcdd18dd1","Article","Final","","Scopus","2-s2.0-85141714494"
"Shankar T.; Lin Y.; Rajeswaran A.; Kumar V.; Anderson S.; Oh J.","Shankar, Tanmay (57220413420); Lin, Yixin (57219620858); Rajeswaran, Aravind (57191609732); Kumar, Vikash (57202530476); Anderson, Stuart (58590787700); Oh, Jean (8974607800)","57220413420; 57219620858; 57191609732; 57202530476; 58590787700; 8974607800","Translating Robot Skills: Learning Unsupervised Skill Correspondences Across Robots","2022","Proceedings of Machine Learning Research","162","","","19626","19644","18","4","","https://www.scopus.com/inward/record.uri?eid=2-s2.0-85163078361&partnerID=40&md5=887e3e35155dcef218027e75e37ea084","Conference paper","Final","","Scopus","2-s2.0-85163078361"
"Hertel B.; Pelland M.; Ahmadzadeh S.R.","Hertel, Brendan (57226612498); Pelland, Matthew (57845870100); Ahmadzadeh, S. Reza (13807679300)","57226612498; 57845870100; 13807679300","Robot Learning from Demonstration Using Elastic Maps","2022","IEEE International Conference on Intelligent Robots and Systems","2022-October","","","7407","7413","6","4","10.1109/IROS47612.2022.9981241","https://www.scopus.com/inward/record.uri?eid=2-s2.0-85146327543&doi=10.1109%2fIROS47612.2022.9981241&partnerID=40&md5=1d738aa9f2d9355a295047b83acfb89e","Conference paper","Final","All Open Access; Green Open Access","Scopus","2-s2.0-85146327543"
"Chi M.; Liu Y.; Yao Y.; Liu Y.; Li S.; Zeng C.; Zhong M.","Chi, Mingshan (57095470300); Liu, Yaxin (56014658300); Yao, Yufeng (7403567957); Liu, Yan (57315754700); Li, Shouqiang (57315754600); Zeng, Chao (57195945568); Zhong, Ming (57209812029)","57095470300; 56014658300; 7403567957; 57315754700; 57315754600; 57195945568; 57209812029","Development and evaluation of demonstration information recording approach for wheelchair mounted robotic arm","2022","Complex and Intelligent Systems","8","4","","2843","2857","14","4","10.1007/s40747-021-00350-9","https://www.scopus.com/inward/record.uri?eid=2-s2.0-85133934127&doi=10.1007%2fs40747-021-00350-9&partnerID=40&md5=2b667df81e9de17af976afcb19cb7b28","Article","Final","All Open Access; Gold Open Access","Scopus","2-s2.0-85133934127"
"Yuan K.; Li Z.","Yuan, Kai (57206240348); Li, Zhibin (55706940300)","57206240348; 55706940300","Multi-expert synthesis for versatile locomotion and manipulation skills","2022","Frontiers in Robotics and AI","9","","970890","","","","1","10.3389/frobt.2022.970890","https://www.scopus.com/inward/record.uri?eid=2-s2.0-85139748907&doi=10.3389%2ffrobt.2022.970890&partnerID=40&md5=edcd801f2e73856f3b0ed3a8a21dcdde","Article","Final","All Open Access; Gold Open Access; Green Open Access","Scopus","2-s2.0-85139748907"
"Zhao D.; Sun F.; Li L.","Zhao, Dan (57223907900); Sun, Fuchun (57204699218); Li, Linxiang (57476699800)","57223907900; 57204699218; 57476699800","The System Design and Robotic Manipulation Skills of Dualarm Autonomous Mobile Robot for Bomb Removing","2022","Journal of Physics: Conference Series","2188","1","012006","","","","2","10.1088/1742-6596/2188/1/012006","https://www.scopus.com/inward/record.uri?eid=2-s2.0-85125746512&doi=10.1088%2f1742-6596%2f2188%2f1%2f012006&partnerID=40&md5=4aa6fff46fd34bbd59c349c35e6b1c6c","Conference paper","Final","All Open Access; Gold Open Access","Scopus","2-s2.0-85125746512"
"Wang X.; Setchi R.; Mohammed A.","Wang, Xiaodan (57993382500); Setchi, Rossitza (6603499046); Mohammed, Abdullah (55837212000)","57993382500; 6603499046; 55837212000","Modelling Uncertainties in Human-Robot Industrial Collaborations","2022","Procedia Computer Science","207","","","3646","3655","9","2","10.1016/j.procs.2022.09.425","https://www.scopus.com/inward/record.uri?eid=2-s2.0-85143300392&doi=10.1016%2fj.procs.2022.09.425&partnerID=40&md5=ed55ffef733bda7c458f94e16dd11ce5","Conference paper","Final","All Open Access; Gold Open Access; Green Open Access","Scopus","2-s2.0-85143300392"
"Radi I.; Tellez J.C.; Alterio R.E.; Scott D.J.; Sankaranarayanan G.; Nagaraj M.B.; Hogg M.E.; Zeh H.J.; Polanco P.M.","Radi, Imad (57221749600); Tellez, Juan C. (57225082032); Alterio, Rodrigo E. (57224226069); Scott, Daniel J. (35550052600); Sankaranarayanan, Ganesh (15623319200); Nagaraj, Madhuri B. (57215091759); Hogg, Melissa E. (15131946700); Zeh, Herbert J. (6604034590); Polanco, Patricio M. (15063451300)","57221749600; 57225082032; 57224226069; 35550052600; 15623319200; 57215091759; 15131946700; 6604034590; 15063451300","Feasibility, effectiveness and transferability of a novel mastery-based virtual reality robotic training platform for general surgery residents","2022","Surgical Endoscopy","36","10","","7279","7287","8","25","10.1007/s00464-022-09106-z","https://www.scopus.com/inward/record.uri?eid=2-s2.0-85125037950&doi=10.1007%2fs00464-022-09106-z&partnerID=40&md5=7d91a199ea5fffd7cf4d909d06829387","Article","Final","All Open Access; Bronze Open Access; Green Open Access","Scopus","2-s2.0-85125037950"
"Wertheim O.; Suissa D.R.; Brafman R.I.","Wertheim, Or (57433307600); Suissa, Dan R. (58420710200); Brafman, Ronen I. (7003389329)","57433307600; 58420710200; 7003389329","Towards Plug'n Play Task-Level Autonomy for Robotics Using POMDPs and Generative Models","2022","Electronic Proceedings in Theoretical Computer Science, EPTCS","362","","","98","111","13","1","10.4204/EPTCS.362.10","https://www.scopus.com/inward/record.uri?eid=2-s2.0-85135444077&doi=10.4204%2fEPTCS.362.10&partnerID=40&md5=97b73c79a1e9e68c5199b8c8bf34cdc6","Conference paper","Final","All Open Access; Gold Open Access","Scopus","2-s2.0-85135444077"
"Wu P.; Liu R.; Mao B.; Shi H.; Chen W.; Gao G.","Wu, Peiliang (24538103600); Liu, Ruijun (59276487200); Mao, Bingyi (23393463400); Shi, Haoyang (57889897000); Chen, Wenbai (35217578600); Gao, Guowei (24314779700)","24538103600; 59276487200; 23393463400; 57889897000; 35217578600; 24314779700","A Self-supervised Learning Method of Target Pushing-Grasping Skills Based on Affordance Map; [一种基于功用性图的目标推抓技能自监督学习方法]","2022","Jiqiren/Robot","44","4","","385","398","13","1","10.13973/j.cnki.robot.210265","https://www.scopus.com/inward/record.uri?eid=2-s2.0-85138010113&doi=10.13973%2fj.cnki.robot.210265&partnerID=40&md5=0860ec0ef8aa5d45787c8b6804c37deb","Article","Final","","Scopus","2-s2.0-85138010113"
"Hao P.; Lu T.; Cui S.; Wei J.; Cai Y.; Wang S.","Hao, Peng (57325859800); Lu, Tao (37051205900); Cui, Shaowei (57214996092); Wei, Junhang (57214998996); Cai, Yinghao (55635590000); Wang, Shuo (57212092599)","57325859800; 37051205900; 57214996092; 57214998996; 55635590000; 57212092599","Meta-Residual Policy Learning: Zero-Trial Robot Skill Adaptation via Knowledge Fusion","2022","IEEE Robotics and Automation Letters","7","2","","3656","3663","7","13","10.1109/LRA.2022.3146916","https://www.scopus.com/inward/record.uri?eid=2-s2.0-85124216021&doi=10.1109%2fLRA.2022.3146916&partnerID=40&md5=cd121806ff74d1099ccf731302beb0c5","Article","Final","","Scopus","2-s2.0-85124216021"
"Knobbe D.; Zwirnmann H.; Eckhoff M.; Haddadin S.","Knobbe, Dennis (57954255800); Zwirnmann, Henning (56277891100); Eckhoff, Moritz (57852919000); Haddadin, Sami (23008499000)","57954255800; 56277891100; 57852919000; 23008499000","Core Processes in Intelligent Robotic Lab Assistants: Flexible Liquid Handling","2022","IEEE International Conference on Intelligent Robots and Systems","2022-October","","","2335","2342","7","13","10.1109/IROS47612.2022.9981636","https://www.scopus.com/inward/record.uri?eid=2-s2.0-85146336020&doi=10.1109%2fIROS47612.2022.9981636&partnerID=40&md5=5dd1d00f8aa80e178537904467ab0ffc","Conference paper","Final","","Scopus","2-s2.0-85146336020"
"Odgaard A.B.","Odgaard, Ane Bjerre (57202152118)","57202152118","What is the Problem? A Situated Account of Computational Thinking as Problem-Solving in Two Danish Preschools","2022","KI - Kunstliche Intelligenz","36","1","","47","57","10","5","10.1007/s13218-021-00752-4","https://www.scopus.com/inward/record.uri?eid=2-s2.0-85122800844&doi=10.1007%2fs13218-021-00752-4&partnerID=40&md5=5f9f6d390bfdb21a634db192eb68f4ce","Article","Final","","Scopus","2-s2.0-85122800844"
"Zentner K.R.; Puri U.; Zhang Y.; Julian R.; Sukhatme G.S.","Zentner, K.R. (57225218567); Puri, Ujjwal (57225216272); Zhang, Yulun (57216359377); Julian, Ryan (57218584435); Sukhatme, Gaurav S. (7003730870)","57225218567; 57225216272; 57216359377; 57218584435; 7003730870","Efficient Multi-Task Learning via Iterated Single-Task Transfer","2022","IEEE International Conference on Intelligent Robots and Systems","2022-October","","","10141","10146","5","5","10.1109/IROS47612.2022.9981244","https://www.scopus.com/inward/record.uri?eid=2-s2.0-85146340479&doi=10.1109%2fIROS47612.2022.9981244&partnerID=40&md5=41e37caf698fd4b9349b94583b6c0f0a","Conference paper","Final","","Scopus","2-s2.0-85146340479"
"Jaquier N.; Zhou Y.; Starke J.; Asfour T.","Jaquier, Noemie (57200629028); Zhou, You (57192426317); Starke, Julia (57200629564); Asfour, Tamim (15724268700)","57200629028; 57192426317; 57200629564; 15724268700","Learning to Sequence and Blend Robot Skills via Differentiable Optimization","2022","IEEE Robotics and Automation Letters","7","3","","8431","8438","7","5","10.1109/LRA.2022.3184003","https://www.scopus.com/inward/record.uri?eid=2-s2.0-85132736367&doi=10.1109%2fLRA.2022.3184003&partnerID=40&md5=c45fe3c6cc74384bdbcd6073975b7a15","Article","Final","All Open Access; Green Open Access","Scopus","2-s2.0-85132736367"
"Huang H.-F.; Liu P.-S.; Li Q.; Yu X.-B.","Huang, Hai-Feng (57194324825); Liu, Pei-Sen (57477141100); Li, Qing (56411289900); Yu, Xin-Bo (57203040999)","57194324825; 57477141100; 56411289900; 57203040999","Review: Intelligent control and human-robot interaction for collaborative robots; [协作机器人智能控制与人机交互研究综述]","2022","Gongcheng Kexue Xuebao/Chinese Journal of Engineering","44","4","","780","791","11","10","10.13374/j.issn2095-9389.2021.08.31.001","https://www.scopus.com/inward/record.uri?eid=2-s2.0-85127776225&doi=10.13374%2fj.issn2095-9389.2021.08.31.001&partnerID=40&md5=088c0c6f5dc3be3c6c2204902c9fbb02","Article","Final","","Scopus","2-s2.0-85127776225"
"Kostavelis I.; Kargakos A.; Skartados E.; Peleka G.; Giakoumis D.; Sarantopoulos I.; Agriomallos I.; Doulgeri Z.; Endo S.; Stüber H.; Janjoš F.; Hirche S.; Tzovaras D.","Kostavelis, Ioannis (35484641300); Kargakos, Andreas (56641721700); Skartados, Evangelos (57190121357); Peleka, Georgia (57105542200); Giakoumis, Dimitrios (35147896000); Sarantopoulos, Iason (56960569200); Agriomallos, Ioannis (57195411465); Doulgeri, Zoe (35548695300); Endo, Satoshi (53881190400); Stüber, Heiko (57206778292); Janjoš, Faris (57196096204); Hirche, Sandra (15725278100); Tzovaras, Dimitrios (13105681700)","35484641300; 56641721700; 57190121357; 57105542200; 35147896000; 56960569200; 57195411465; 35548695300; 53881190400; 57206778292; 57196096204; 15725278100; 13105681700","Robotic Assistance in Medication Intake: A Complete Pipeline","2022","Applied Sciences (Switzerland)","12","3","1379","","","","6","10.3390/app12031379","https://www.scopus.com/inward/record.uri?eid=2-s2.0-85123882488&doi=10.3390%2fapp12031379&partnerID=40&md5=b4f6119c909fa8206b6675a4f650cc5c","Article","Final","All Open Access; Gold Open Access; Green Open Access","Scopus","2-s2.0-85123882488"
"Pagliuca P.; Nolfi S.","Pagliuca, Paolo (56907048300); Nolfi, Stefano (56231750100)","56907048300; 56231750100","The dynamic of body and brain co-evolution","2022","Adaptive Behavior","30","3","","245","255","10","13","10.1177/1059712321994685","https://www.scopus.com/inward/record.uri?eid=2-s2.0-85101915549&doi=10.1177%2f1059712321994685&partnerID=40&md5=9bf0b3c92c9de95b95ef55bc10fc4cf1","Article","Final","All Open Access; Green Open Access","Scopus","2-s2.0-85101915549"
"Iodice F.; Wu Y.; Kim W.; Zhao F.; De Momi E.; Ajoudani A.","Iodice, Francesco (57607450600); Wu, Yuqiang (57202714727); Kim, Wansoo (55978740100); Zhao, Fei (57195553684); De Momi, Elena (57203951877); Ajoudani, Arash (23388667500)","57607450600; 57202714727; 55978740100; 57195553684; 57203951877; 23388667500","Learning cooperative dynamic manipulation skills from human demonstration videos","2022","Mechatronics","85","","102807","","","","8","10.1016/j.mechatronics.2022.102807","https://www.scopus.com/inward/record.uri?eid=2-s2.0-85129459168&doi=10.1016%2fj.mechatronics.2022.102807&partnerID=40&md5=41c84e04d3a522f7633038ea866aa8ff","Article","Final","All Open Access; Green Open Access","Scopus","2-s2.0-85129459168"
"Zhu Y.; Stone P.; Zhu Y.","Zhu, Yifeng (57203149177); Stone, Peter (7203001213); Zhu, Yuke (56336009200)","57203149177; 7203001213; 56336009200","Bottom-Up Skill Discovery from Unsegmented Demonstrations for Long-Horizon Robot Manipulation","2022","IEEE Robotics and Automation Letters","7","2","","4126","4133","7","30","10.1109/LRA.2022.3146589","https://www.scopus.com/inward/record.uri?eid=2-s2.0-85124070471&doi=10.1109%2fLRA.2022.3146589&partnerID=40&md5=d6ca95a728b678e956a17735484c4358","Article","Final","All Open Access; Bronze Open Access; Green Open Access","Scopus","2-s2.0-85124070471"
"He M.; Cheng H.; Duan F.; Sun Z.; Li S.N.; Yokoi H.; Zhu C.","He, Maochang (57754219800); Cheng, Hao (57316214000); Duan, Feng (24537140100); Sun, Zhe (57209204655); Li, Si Ning (57579432800); Yokoi, Hiroshi (7201964047); Zhu, Chi (55413679500)","57754219800; 57316214000; 24537140100; 57209204655; 57579432800; 7201964047; 55413679500","Deep Reinforcement Learning for the Improvement of Robot Manipulation Skills under Sparse Reward","2022","Proceedings of the 34th Chinese Control and Decision Conference, CCDC 2022","","","","5508","5513","5","1","10.1109/CCDC55256.2022.10034200","https://www.scopus.com/inward/record.uri?eid=2-s2.0-85149519999&doi=10.1109%2fCCDC55256.2022.10034200&partnerID=40&md5=2ae298fa9836d2e0c8e0f9b25bcffffe","Conference paper","Final","","Scopus","2-s2.0-85149519999"
"Ali W.; Kolyubin S.","Ali, W. (58097057500); Kolyubin, S. (35303066700)","58097057500; 35303066700","EMG-Based Grasping Force Estimation for Robot Skill Transfer Learning","2022","Russian Journal of Nonlinear Dynamics","18","5","","859","872","13","1","10.20537/nd221221","https://www.scopus.com/inward/record.uri?eid=2-s2.0-85147772629&doi=10.20537%2fnd221221&partnerID=40&md5=112da38464d6fa090b339443b8334d23","Article","Final","All Open Access; Gold Open Access","Scopus","2-s2.0-85147772629"
"Song K.-T.; Hsieh P.-J.","Song, Kai-Tai (7401740719); Hsieh, Ping-Jui (57204880955)","7401740719; 57204880955","Shared-control design for robot-assisted surgery using a skill assessment approach","2022","Asian Journal of Control","24","3","","1042","1058","16","6","10.1002/asjc.2746","https://www.scopus.com/inward/record.uri?eid=2-s2.0-85122359356&doi=10.1002%2fasjc.2746&partnerID=40&md5=e6f83ef93e35a36b3ecc9ed008a1f5b0","Conference paper","Final","","Scopus","2-s2.0-85122359356"
"Lammle A.; Tenbrock P.; Balint B.; Nagele F.; Kraus W.; Vancza J.; Huber M.F.","Lammle, Arik (57209686663); Tenbrock, Philipp (57207884842); Balint, Balazs (57750695700); Nagele, Frank (57191849422); Kraus, Werner (56273684300); Vancza, Jozsef (6603986467); Huber, Marco F. (22835220700)","57209686663; 57207884842; 57750695700; 57191849422; 56273684300; 6603986467; 22835220700","Simulation-based Learning of the Peg-in-Hole Process Using Robot-Skills","2022","IEEE International Conference on Intelligent Robots and Systems","2022-October","","","9340","9346","6","6","10.1109/IROS47612.2022.9982212","https://www.scopus.com/inward/record.uri?eid=2-s2.0-85146340467&doi=10.1109%2fIROS47612.2022.9982212&partnerID=40&md5=e9fd09f21b6678b94bbaf3a3445efbb8","Conference paper","Final","All Open Access; Green Open Access","Scopus","2-s2.0-85146340467"
"Aslan S.N.; Özalp R.; Uçar A.; Güzeliş C.","Aslan, Simge Nur (57219265872); Özalp, Recep (57194274546); Uçar, Ayşegül (7004549716); Güzeliş, Cüneyt (55937768800)","57219265872; 57194274546; 7004549716; 55937768800","New CNN and hybrid CNN-LSTM models for learning object manipulation of humanoid robots from demonstration","2022","Cluster Computing","25","3","","1575","1590","15","13","10.1007/s10586-021-03348-7","https://www.scopus.com/inward/record.uri?eid=2-s2.0-85132572804&doi=10.1007%2fs10586-021-03348-7&partnerID=40&md5=3f0dd3ec89fefc8c92326cbb9211c746","Article","Final","","Scopus","2-s2.0-85132572804"
"Wang Y.; Beltran-Hernandez C.C.; Wan W.; Harada K.","Wang, Yan (57216161338); Beltran-Hernandez, Cristian C. (57208738786); Wan, Weiwei (56238867200); Harada, Kensuke (35446109900)","57216161338; 57208738786; 56238867200; 35446109900","An Adaptive Imitation Learning Framework for Robotic Complex Contact-Rich Insertion Tasks","2022","Frontiers in Robotics and AI","8","","777363","","","","14","10.3389/frobt.2021.777363","https://www.scopus.com/inward/record.uri?eid=2-s2.0-85123415655&doi=10.3389%2ffrobt.2021.777363&partnerID=40&md5=1382b28c63584e60d76f313d7926fa23","Article","Final","All Open Access; Gold Open Access; Green Open Access","Scopus","2-s2.0-85123415655"
"Dave V.; Rueckert E.","Dave, Vedant (57327164600); Rueckert, Elmar (56743244800)","57327164600; 56743244800","Predicting full-Arm grasping motions from anticipated tactile responses","2022","IEEE-RAS International Conference on Humanoid Robots","2022-November","","","464","471","7","2","10.1109/Humanoids53995.2022.9999743","https://www.scopus.com/inward/record.uri?eid=2-s2.0-85146334625&doi=10.1109%2fHumanoids53995.2022.9999743&partnerID=40&md5=2977c45fb1ab617541d1444770c68577","Conference paper","Final","","Scopus","2-s2.0-85146334625"
"Yetkin B.N.; Ulutas B.H.","Yetkin, Busra Nur (57814791900); Ulutas, Berna Haktanirlar (6602524363)","57814791900; 6602524363","A Skill-Based MILP Model in Cellular Manufacturing Systems with Human-Robot Collaboration","2022","IFAC-PapersOnLine","55","10","","1728","1733","5","2","10.1016/j.ifacol.2022.09.647","https://www.scopus.com/inward/record.uri?eid=2-s2.0-85144566003&doi=10.1016%2fj.ifacol.2022.09.647&partnerID=40&md5=3a160b626acb9075ca6bc8f1386ac67d","Conference paper","Final","All Open Access; Gold Open Access","Scopus","2-s2.0-85144566003"
"Bhatt A.; Sieler A.; Puhlmann S.; Brock O.","Bhatt, Aditya (57440640200); Sieler, Adrian (57440632600); Puhlmann, Steffen (56743190700); Brock, Oliver (6602822080)","57440640200; 57440632600; 56743190700; 6602822080","Surprisingly Robust In-Hand Manipulation: An Empirical Study","2021","Robotics: Science and Systems","","","","","","","32","10.15607/RSS.2021.XVII.089","https://www.scopus.com/inward/record.uri?eid=2-s2.0-85125682465&doi=10.15607%2fRSS.2021.XVII.089&partnerID=40&md5=cd292f5a34756f529c04f88a36423e3b","Conference paper","Final","All Open Access; Bronze Open Access; Green Open Access","Scopus","2-s2.0-85125682465"
"Jiang R.; Wang Z.; He B.; Di Z.","Jiang, Rong (57207412423); Wang, Zhipeng (55322100700); He, Bin (57421744300); Di, Zhou (57204603104)","57207412423; 55322100700; 57421744300; 57204603104","Vision-Based Deep Reinforcement Learning for UR5 Robot Motion Control","2021","2021 IEEE International Conference on Consumer Electronics and Computer Engineering, ICCECE 2021","","","9342134","246","250","4","6","10.1109/ICCECE51280.2021.9342134","https://www.scopus.com/inward/record.uri?eid=2-s2.0-85101296752&doi=10.1109%2fICCECE51280.2021.9342134&partnerID=40&md5=cf2b760b7e02f9ebbac50b23638183bb","Conference paper","Final","","Scopus","2-s2.0-85101296752"
"Singh M.; Nath G.","Singh, Madhavi (57413776900); Nath, Gita (7102768946)","57413776900; 7102768946","Artificial intelligence and anesthesia: A narrative review","2022","Saudi Journal of Anaesthesia","16","1","","86","93","7","37","10.4103/sja.sja_669_21","https://www.scopus.com/inward/record.uri?eid=2-s2.0-85122897340&doi=10.4103%2fsja.sja_669_21&partnerID=40&md5=b991e9bd4d7cd03bd96e58be12ea3451","Review","Final","All Open Access; Gold Open Access; Green Open Access","Scopus","2-s2.0-85122897340"
"Klaer V.; Groll H.; Wakula J.; Steinebach T.","Klaer, Verena (57216333584); Groll, Hendrik (57226403273); Wakula, Jurij (7801493849); Steinebach, Tim (57215599881)","57216333584; 57226403273; 7801493849; 57215599881","Evaluation of Different Degrees of Support in Human-Robot Cooperation at an Assembly Workstation Regarding Physiological Strain and Perceived Team Fluency","2022","Lecture Notes in Networks and Systems","223 LNNS","","","291","299","8","0","10.1007/978-3-030-74614-8_35","https://www.scopus.com/inward/record.uri?eid=2-s2.0-85111427631&doi=10.1007%2f978-3-030-74614-8_35&partnerID=40&md5=33550c6beaabaadd5295dedb51ca6473","Conference paper","Final","","Scopus","2-s2.0-85111427631"
"Xi B.; Wang R.; Cai Y.-H.; Lu T.; Wang S.","Xi, Bao (56442123400); Wang, Rui (56383111600); Cai, Ying-Hao (55635590000); Lu, Tao (37051205900); Wang, Shuo (57212092599)","56442123400; 56383111600; 55635590000; 37051205900; 57212092599","A Novel Heterogeneous Actor-critic Algorithm with Recent Emphasizing Replay Memory","2021","International Journal of Automation and Computing","18","4","","619","631","12","3","10.1007/s11633-021-1296-x","https://www.scopus.com/inward/record.uri?eid=2-s2.0-85105188533&doi=10.1007%2fs11633-021-1296-x&partnerID=40&md5=d9a3d5c24d99e572dac486fd68c9eb24","Article","Final","","Scopus","2-s2.0-85105188533"
"Zhang L.; Fan J.; Gu S.; Lei T.; Tang W.; Xu W.; Guo S.","Zhang, Linshuai (56352549400); Fan, Jingjing (57885522500); Gu, Shuoxin (57195944922); Lei, Tiaotiao (57887141100); Tang, Wenshan (57193066022); Xu, Weidong (57885751800); Guo, Shuxiang (7403650655)","56352549400; 57885522500; 57195944922; 57887141100; 57193066022; 57885751800; 7403650655","A Novel Master Haptic Interface Based on MR-Fluids for Endovascular Catheterization","2022","2022 IEEE International Conference on Mechatronics and Automation, ICMA 2022","","","","1269","1274","5","2","10.1109/ICMA54519.2022.9856008","https://www.scopus.com/inward/record.uri?eid=2-s2.0-85137820332&doi=10.1109%2fICMA54519.2022.9856008&partnerID=40&md5=9985a52f6329ca342661ce94be8f0e0f","Conference paper","Final","","Scopus","2-s2.0-85137820332"
"Ishida H.; Okada K.; Inaba M.","Ishida, Hirokazu (57223034901); Okada, Kei (7404191426); Inaba, Masayuki (7202428637)","57223034901; 7404191426; 7202428637","Classifier-Aided Maximization of Feasible- Error-Region for Robust Manipulation Learning","2021","IEEE Robotics and Automation Letters","6","3","9406349","5753","5760","7","0","10.1109/LRA.2021.3073883","https://www.scopus.com/inward/record.uri?eid=2-s2.0-85104603390&doi=10.1109%2fLRA.2021.3073883&partnerID=40&md5=10c3629894715778bcfc317d1c4b6aea","Article","Final","","Scopus","2-s2.0-85104603390"
"Hu E.S.; Huang K.; Rybkin O.; Jayaraman D.","Hu, Edward S. (57210643747); Huang, Kun (57226409933); Rybkin, Oleh (57210642269); Jayaraman, Dinesh (55652980600)","57210643747; 57226409933; 57210642269; 55652980600","KNOW THYSELF: TRANSFERABLE VISUAL CONTROL POLICIES THROUGH ROBOT-AWARENESS","2022","ICLR 2022 - 10th International Conference on Learning Representations","","","","","","","9","","https://www.scopus.com/inward/record.uri?eid=2-s2.0-85135366872&partnerID=40&md5=01d913367a7b0cc60dece0a9f2c25e40","Conference paper","Final","","Scopus","2-s2.0-85135366872"
"Zhang R.; Liu Q.; Cai S.; Wang C.; Zhang X.; Duan L.; Lu Y.; Zhang B.; Wu Z.; Guo J.","Zhang, Riwei (57266982300); Liu, Quanquan (55903436000); Cai, Shuting (35188541700); Wang, Chunbao (36706646600); Zhang, Xin (57203327587); Duan, Lihong (7201932755); Lu, Yongtian (57267624300); Zhang, Bo (55619299148); Wu, Zhengzhi (8564256400); Guo, Jing (56647243900)","57266982300; 55903436000; 35188541700; 36706646600; 57203327587; 7201932755; 57267624300; 55619299148; 8564256400; 56647243900","Development of a virtual training system for master-slave hip replacement surgery","2021","2021 IEEE International Conference on Real-Time Computing and Robotics, RCAR 2021","","","","486","491","5","1","10.1109/RCAR52367.2021.9517408","https://www.scopus.com/inward/record.uri?eid=2-s2.0-85115372598&doi=10.1109%2fRCAR52367.2021.9517408&partnerID=40&md5=109c41d7b53a789b84791d13d70c68a0","Conference paper","Final","","Scopus","2-s2.0-85115372598"
"Boloka T.; Makondo N.; Rosman B.","Boloka, Tlou (57222705420); Makondo, Ndivhuwo (55823342100); Rosman, Benjamin (36464253300)","57222705420; 55823342100; 36464253300","Knowledge Transfer using Model-Based Deep Reinforcement Learning","2021","2021 Southern African Universities Power Engineering Conference/Robotics and Mechatronics/Pattern Recognition Association of South Africa, SAUPEC/RobMech/PRASA 2021","","","9377247","","","","4","10.1109/SAUPEC/RobMech/PRASA52254.2021.9377247","https://www.scopus.com/inward/record.uri?eid=2-s2.0-85103740643&doi=10.1109%2fSAUPEC%2fRobMech%2fPRASA52254.2021.9377247&partnerID=40&md5=0a633be853d34e0fd9885f23c251d90c","Conference paper","Final","","Scopus","2-s2.0-85103740643"
"Bi Z.M.; Luo M.; Miao Z.; Zhang B.; Zhang W.J.; Wang L.","Bi, Z.M. (7102348549); Luo, Mingchao (57217224564); Miao, Zhonghua (22941301800); Zhang, Bing (56200936900); Zhang, W.J. (7409430504); Wang, Lihui (55080150600)","7102348549; 57217224564; 22941301800; 56200936900; 7409430504; 55080150600","Safety assurance mechanisms of collaborative robotic systems in manufacturing","2021","Robotics and Computer-Integrated Manufacturing","67","","102022","","","","189","10.1016/j.rcim.2020.102022","https://www.scopus.com/inward/record.uri?eid=2-s2.0-85086822139&doi=10.1016%2fj.rcim.2020.102022&partnerID=40&md5=cbd57d73efc896f2ea6b1cd2a419f56b","Review","Final","","Scopus","2-s2.0-85086822139"
"Li B.; Li J.; Lu T.; Cai Y.; Wang S.","Li, Boyao (57199787596); Li, Jiayi (59081875200); Lu, Tao (37051205900); Cai, Yinghao (55635590000); Wang, Shuo (55968472300)","57199787596; 59081875200; 37051205900; 55635590000; 55968472300","Hierarchical Learning from Demonstrations for Long-Horizon Tasks","2021","Proceedings - IEEE International Conference on Robotics and Automation","2021-May","","","4545","4551","6","10","10.1109/ICRA48506.2021.9561408","https://www.scopus.com/inward/record.uri?eid=2-s2.0-85125491281&doi=10.1109%2fICRA48506.2021.9561408&partnerID=40&md5=28ab4a224503913d26c169f7f3d05ca1","Conference paper","Final","","Scopus","2-s2.0-85125491281"
"Abu-Dakka F.J.; Huang Y.; Silvério J.; Kyrki V.","Abu-Dakka, Fares J. (54882427200); Huang, Yanlong (54389113100); Silvério, João (57117682900); Kyrki, Ville (6603653623)","54882427200; 54389113100; 57117682900; 6603653623","A probabilistic framework for learning geometry-based robot manipulation skills","2021","Robotics and Autonomous Systems","141","","103761","","","","27","10.1016/j.robot.2021.103761","https://www.scopus.com/inward/record.uri?eid=2-s2.0-85104929959&doi=10.1016%2fj.robot.2021.103761&partnerID=40&md5=6724b1a95677a1fafedb4f540d684108","Article","Final","All Open Access; Green Open Access; Hybrid Gold Open Access","Scopus","2-s2.0-85104929959"
"Orbik J.; Agostini A.; Lee D.","Orbik, Jedrzej (57226602769); Agostini, Alejandro (24528329400); Lee, Dongheui (55661385300)","57226602769; 24528329400; 55661385300","Inverse reinforcement learning for dexterous hand manipulation","2021","IEEE International Conference on Development and Learning, ICDL 2021","","","","","","","5","10.1109/ICDL49984.2021.9515637","https://www.scopus.com/inward/record.uri?eid=2-s2.0-85114553927&doi=10.1109%2fICDL49984.2021.9515637&partnerID=40&md5=a7585a2ff1304fd1a1dca834ffaef6c0","Conference paper","Final","All Open Access; Green Open Access","Scopus","2-s2.0-85114553927"
"Shi F.; Homberger T.; Lee J.; Miki T.; Zhao M.; Farshidian F.; Okada K.; Inaba M.; Hutter M.","Shi, Fan (57193652036); Homberger, Timon (57195424010); Lee, Joonho (57205624330); Miki, Takahiro (57207884105); Zhao, Moju (56032239100); Farshidian, Farbod (55480761600); Okada, Kei (7404191426); Inaba, Masayuki (7202428637); Hutter, Marco (35409405200)","57193652036; 57195424010; 57205624330; 57207884105; 56032239100; 55480761600; 7404191426; 7202428637; 35409405200","Circus Anymal: A Quadruped Learning Dexterous Manipulation with Its Limbs","2021","Proceedings - IEEE International Conference on Robotics and Automation","2021-May","","","2316","2323","7","35","10.1109/ICRA48506.2021.9561926","https://www.scopus.com/inward/record.uri?eid=2-s2.0-85125492771&doi=10.1109%2fICRA48506.2021.9561926&partnerID=40&md5=190bc848de6b329cff7b11b25713725d","Conference paper","Final","All Open Access; Green Open Access","Scopus","2-s2.0-85125492771"
"Zhang Y.; Zhao F.; Liao Z.","Zhang, Yan (57223748560); Zhao, Fei (57195553684); Liao, Zhiwei (57217154386)","57223748560; 57195553684; 57217154386","Learning and Generalizing Variable Impedance Manipulation Skills from Human Demonstrations","2022","IEEE/ASME International Conference on Advanced Intelligent Mechatronics, AIM","2022-July","","","810","815","5","4","10.1109/AIM52237.2022.9863389","https://www.scopus.com/inward/record.uri?eid=2-s2.0-85137688462&doi=10.1109%2fAIM52237.2022.9863389&partnerID=40&md5=7c848ac502ec72b9b65ed509fb7f2608","Conference paper","Final","All Open Access; Green Open Access","Scopus","2-s2.0-85137688462"
"Li X.; Si W.; Yang C.","Li, Xian (57204158285); Si, Weiyong (57195431451); Yang, Chenguang (55671767000)","57204158285; 57195431451; 55671767000","An Observation Based Method for Human Robot Writing Skill Transfer","2022","IEEE International Conference on Control and Automation, ICCA","2022-June","","","412","417","5","2","10.1109/ICCA54724.2022.9831836","https://www.scopus.com/inward/record.uri?eid=2-s2.0-85135845587&doi=10.1109%2fICCA54724.2022.9831836&partnerID=40&md5=6d60e39b2fbd33a03c4537002f919c03","Conference paper","Final","","Scopus","2-s2.0-85135845587"
"Li Y.; Wang P.; Shen X.; Liu J.; Duan H.; Zhou C.","Li, Yiming (57232735100); Wang, Peng (56192920100); Shen, Xiaofei (57224805678); Liu, Jiayuan (57251448600); Duan, Haonan (57224824720); Zhou, Chenlin (57225073517)","57232735100; 56192920100; 57224805678; 57251448600; 57224824720; 57225073517","ADEL: Autonomous Developmental Evolutionary Learning for Robotic Manipulation","2021","IEEE International Conference on Development and Learning, ICDL 2021","","","","","","","0","10.1109/ICDL49984.2021.9515679","https://www.scopus.com/inward/record.uri?eid=2-s2.0-85114556648&doi=10.1109%2fICDL49984.2021.9515679&partnerID=40&md5=664ad0ef630566055fa4cf2f8851eed5","Conference paper","Final","","Scopus","2-s2.0-85114556648"
"Origanti V.K.; Eiband T.; Lee D.","Origanti, Vamsi Krishna (57581262700); Eiband, Thomas (57189455973); Lee, Dongheui (55661385300)","57581262700; 57189455973; 55661385300","Automatic Parameterization of Motion and Force Controlled Robot Skills","2022","Lecture Notes in Networks and Systems","429 LNNS","","","66","78","12","3","10.1007/978-3-030-97672-9_7","https://www.scopus.com/inward/record.uri?eid=2-s2.0-85128452645&doi=10.1007%2f978-3-030-97672-9_7&partnerID=40&md5=d060bf15b667250c4e4ad8b9b566e46f","Conference paper","Final","All Open Access; Green Open Access","Scopus","2-s2.0-85128452645"
"Li R.","Li, Rui (57738662100)","57738662100","Image features for vision-based robot manipulation based on deep reinforcement learning","2021","Proceedings - 2021 IEEE 17th International Conference on Intelligent Computer Communication and Processing, ICCP 2021","","","","359","364","5","0","10.1109/ICCP53602.2021.9733597","https://www.scopus.com/inward/record.uri?eid=2-s2.0-85127375023&doi=10.1109%2fICCP53602.2021.9733597&partnerID=40&md5=273eca25a639186112a13daaa6ec710f","Conference paper","Final","","Scopus","2-s2.0-85127375023"
"Manh Do H.; Sheng W.; Harrington E.E.; Bishop A.J.","Manh Do, Ha (56034936600); Sheng, Weihua (7103379368); Harrington, Erin E. (57210590821); Bishop, Alex J. (15070351200)","56034936600; 7103379368; 57210590821; 15070351200","Clinical Screening Interview Using a Social Robot for Geriatric Care","2021","IEEE Transactions on Automation Science and Engineering","18","3","9115823","1229","1242","13","26","10.1109/TASE.2020.2999203","https://www.scopus.com/inward/record.uri?eid=2-s2.0-85103367011&doi=10.1109%2fTASE.2020.2999203&partnerID=40&md5=13ba13b13254ea2c592806c0378a43ee","Article","Final","All Open Access; Bronze Open Access","Scopus","2-s2.0-85103367011"
"Dai S.; Xu W.; Hofmann A.; Williams B.; Robotics H.","Dai, Siyu (57207824379); Xu, Wei (58327840800); Hofmann, Andreas (57649608600); Williams, Brian (7404502203); Robotics, Horizon (57219749378)","57207824379; 58327840800; 57649608600; 7404502203; 57219749378","An Empowerment-based Solution to Robotic Manipulation Tasks with Sparse Rewards","2021","Robotics: Science and Systems","","","","","","","4","10.15607/RSS.2021.XVII.001","https://www.scopus.com/inward/record.uri?eid=2-s2.0-85126497190&doi=10.15607%2fRSS.2021.XVII.001&partnerID=40&md5=c1d647f1a5cf3e890384366c1bd43a28","Conference paper","Final","All Open Access; Bronze Open Access; Green Open Access","Scopus","2-s2.0-85126497190"
"Chen S.; Zhao Y.; Lei X.; Qi T.; Liu K.","Chen, Shiyu (57428703300); Zhao, Yongjia (36095369500); Lei, Xiaoyong (55430854400); Qi, Tao (57259143000); Liu, Kan (57429583800)","57428703300; 36095369500; 55430854400; 57259143000; 57429583800","From Human Oral Instructions to General Representations of Knowledge: A New Paradigm for Industrial Robots Skill Teaching","2022","Communications in Computer and Information Science","1515 CCIS","","","374","388","14","0","10.1007/978-981-16-9247-5_29","https://www.scopus.com/inward/record.uri?eid=2-s2.0-85123586102&doi=10.1007%2f978-981-16-9247-5_29&partnerID=40&md5=bb4a6e39ad013a89ecd77045096ccf7a","Conference paper","Final","","Scopus","2-s2.0-85123586102"
"Jiang R.; Wang Z.; He B.; Zhou Y.; Li G.; Zhu Z.","Jiang, Rong (57207412423); Wang, Zhipeng (55322100700); He, Bin (57421744300); Zhou, Yanmin (36612688500); Li, Gang (56346778000); Zhu, Zhongpan (56337227000)","57207412423; 55322100700; 57421744300; 36612688500; 56346778000; 56337227000","A data-efficient goal-directed deep reinforcement learning method for robot visuomotor skill","2021","Neurocomputing","462","","","389","401","12","9","10.1016/j.neucom.2021.08.023","https://www.scopus.com/inward/record.uri?eid=2-s2.0-85113175261&doi=10.1016%2fj.neucom.2021.08.023&partnerID=40&md5=5a66dc0da20ce730f3f9c779ea6dfd1b","Article","Final","","Scopus","2-s2.0-85113175261"
"Albore A.; Doose D.; Grand C.; Lesire C.; Manecy A.","Albore, Alexandre (6506318631); Doose, David (14008956400); Grand, Christophe (23008478000); Lesire, Charles (8941481100); Manecy, Augustin (55556513600)","6506318631; 14008956400; 23008478000; 8941481100; 55556513600","Skill-Based Architecture Development for Online Mission Reconfiguration and Failure Management","2021","Proceedings - 2021 IEEE/ACM 3rd International Workshop on Robotics Software Engineering, RoSE 2021","","","9474548","47","54","7","11","10.1109/RoSE52553.2021.00015","https://www.scopus.com/inward/record.uri?eid=2-s2.0-85112869144&doi=10.1109%2fRoSE52553.2021.00015&partnerID=40&md5=37c1553eb10c6aa28d0db0f919592f6a","Conference paper","Final","All Open Access; Green Open Access","Scopus","2-s2.0-85112869144"
"Si W.; Wang N.; Yang C.","Si, Weiyong (57195431451); Wang, Ning (55446268900); Yang, Chenguang (55671767000)","57195431451; 55446268900; 55671767000","A review on manipulation skill acquisition through teleoperation‐based learning from demonstration","2021","Cognitive Computation and Systems","3","1","","1","16","15","77","10.1049/ccs2.12005","https://www.scopus.com/inward/record.uri?eid=2-s2.0-85117092801&doi=10.1049%2fccs2.12005&partnerID=40&md5=68ca4ec4e705468ff4374fb978e4dbd6","Article","Final","All Open Access; Gold Open Access","Scopus","2-s2.0-85117092801"
"Simmonds C.; Brentnall M.; Lenihan J.","Simmonds, Christopher (57225090312); Brentnall, Mark (57225089857); Lenihan, John (57204334068)","57225090312; 57225089857; 57204334068","Evaluation of a novel universal robotic surgery virtual reality simulation proficiency index that will allow comparisons of users across any virtual reality simulation curriculum","2021","Surgical Endoscopy","35","10","","5867","5875","8","5","10.1007/s00464-021-08609-5","https://www.scopus.com/inward/record.uri?eid=2-s2.0-85109191803&doi=10.1007%2fs00464-021-08609-5&partnerID=40&md5=313a342482d18636ac0502fa5eea3590","Article","Final","","Scopus","2-s2.0-85109191803"
"Koskinopoulou M.; Raptopoulos F.; Papadopoulos G.; Mavrakis N.; Maniadakis M.","Koskinopoulou, Maria (57189036916); Raptopoulos, Fredy (57216688396); Papadopoulos, George (57196706610); Mavrakis, Nikitas (57191270117); Maniadakis, Michail (8913044900)","57189036916; 57216688396; 57196706610; 57191270117; 8913044900","Robotic Waste Sorting Technology: Toward a Vision-Based Categorization System for the Industrial Robotic Separation of Recyclable Waste","2021","IEEE Robotics and Automation Magazine","28","2","9395690","50","60","10","82","10.1109/MRA.2021.3066040","https://www.scopus.com/inward/record.uri?eid=2-s2.0-85103913206&doi=10.1109%2fMRA.2021.3066040&partnerID=40&md5=c6f8ffdfca0b0776e95abbf9b66f823d","Article","Final","","Scopus","2-s2.0-85103913206"
"Ganapathi A.; Florence P.; Varley J.; Burns K.; Goldberg K.; Zeng A.","Ganapathi, Aditya (57219526217); Florence, Pete (57190127243); Varley, Jake (57117449200); Burns, Kaylee (57204287626); Goldberg, Ken (35453491100); Zeng, Andy (57195417034)","57219526217; 57190127243; 57117449200; 57204287626; 35453491100; 57195417034","Implicit Kinematic Policies: Unifying Joint and Cartesian Action Spaces in End-to-End Robot Learning","2022","Proceedings - IEEE International Conference on Robotics and Automation","","","","2656","2662","6","10","10.1109/ICRA46639.2022.9812165","https://www.scopus.com/inward/record.uri?eid=2-s2.0-85136328111&doi=10.1109%2fICRA46639.2022.9812165&partnerID=40&md5=fba1e4cc1c02299d9a76d01d7624ce6f","Conference paper","Final","All Open Access; Green Open Access","Scopus","2-s2.0-85136328111"
"Sung W.; Ahn J.; Black J.B.","Sung, Woonhee (57193702403); Ahn, Junghyun (57193699770); Black, John B. (57184835100)","57193702403; 57193699770; 57184835100","Elementary Students’ Performance and Perceptions of Robot Coding and Debugging: Embodied Approach in Practice","2022","Journal of Research in Childhood Education","36","4","","681","696","15","7","10.1080/02568543.2022.2045399","https://www.scopus.com/inward/record.uri?eid=2-s2.0-85126553533&doi=10.1080%2f02568543.2022.2045399&partnerID=40&md5=eeb2c760d47f23cd9467f648db44528f","Article","Final","","Scopus","2-s2.0-85126553533"
"Carfì A.; Patten T.; Kuang Y.; Hammoud A.; Alameh M.; Maiettini E.; Weinberg A.I.; Faria D.; Mastrogiovanni F.; Alenyà G.; Natale L.; Perdereau V.; Vincze M.; Billard A.","Carfì, Alessandro (57204949335); Patten, Timothy (56423468900); Kuang, Yingyi (57211431962); Hammoud, Ali (59679881200); Alameh, Mohamad (57191244155); Maiettini, Elisa (57201364179); Weinberg, Abraham Itzhak (57200382190); Faria, Diego (26031469100); Mastrogiovanni, Fulvio (56962745700); Alenyà, Guillem (6508265237); Natale, Lorenzo (9737895100); Perdereau, Véronique (6603016055); Vincze, Markus (7003730710); Billard, Aude (7006389948)","57204949335; 56423468900; 57211431962; 59679881200; 57191244155; 57201364179; 57200382190; 26031469100; 56962745700; 6508265237; 9737895100; 6603016055; 7003730710; 7006389948","Hand-Object Interaction: From Human Demonstrations to Robot Manipulation","2021","Frontiers in Robotics and AI","8","","714023","","","","14","10.3389/frobt.2021.714023","https://www.scopus.com/inward/record.uri?eid=2-s2.0-85117111648&doi=10.3389%2ffrobt.2021.714023&partnerID=40&md5=fdd9f9a86f4d75b6ca4d0da71ea3e43f","Article","Final","All Open Access; Gold Open Access; Green Open Access","Scopus","2-s2.0-85117111648"
"Asghar M.S.; Zaman B.S.; Zahid A.","Asghar, Mohammad Sohail (57219343979); Zaman, Balakh Sher (57202006273); Zahid, Aima (57210819276)","57219343979; 57202006273; 57210819276","Past, present, and future of surgical simulation and perspective of a developing country: A narrative review","2021","Journal of the Pakistan Medical Association","71","12","","2770","2776","6","5","10.47391/JPMA.01-1046","https://www.scopus.com/inward/record.uri?eid=2-s2.0-85119985182&doi=10.47391%2fJPMA.01-1046&partnerID=40&md5=b8855ef9df15fec3cceabbd033402e7d","Review","Final","","Scopus","2-s2.0-85119985182"
"Migimatsu T.; Lian W.; Bohg J.; Schaal S.","Migimatsu, Toki (57193029206); Lian, Wenzhao (57221093222); Bohg, Jeannette (35071071500); Schaal, Stefan (7007171558)","57193029206; 57221093222; 35071071500; 7007171558","Symbolic State Estimation with Predicates for Contact-Rich Manipulation Tasks","2022","Proceedings - IEEE International Conference on Robotics and Automation","","","","1702","1709","7","9","10.1109/ICRA46639.2022.9811675","https://www.scopus.com/inward/record.uri?eid=2-s2.0-85136328633&doi=10.1109%2fICRA46639.2022.9811675&partnerID=40&md5=c9bfd5b0e0179e0375beff763fee08e5","Conference paper","Final","All Open Access; Green Open Access","Scopus","2-s2.0-85136328633"
"Medina G.C.; Guiochet J.; Lesire C.; Manecy A.","Medina, Gabriela Catalan (57820719900); Guiochet, Jeremie (6506145469); Lesire, Charles (8941481100); Manecy, Augustin (55556513600)","57820719900; 6506145469; 8941481100; 55556513600","A skill fault model for autonomous systems","2022","Proceedings - 4th International Workshop on Robotics Software Engineering, RoSE 2022","","","","55","62","7","5","10.1145/3526071.3527513","https://www.scopus.com/inward/record.uri?eid=2-s2.0-85135095043&doi=10.1145%2f3526071.3527513&partnerID=40&md5=5a0b7048a2e21997de069699a54dffb7","Conference paper","Final","All Open Access; Bronze Open Access; Green Open Access","Scopus","2-s2.0-85135095043"
"Roberge J.-P.; L'Ecuyer-Lapierre L.; Kwiatkowski J.; Nadeau P.; Duchaine V.","Roberge, Jean-Philippe (56960071600); L'Ecuyer-Lapierre, Louis (57207817751); Kwiatkowski, Jennifer (57204253061); Nadeau, Philippe (22235121500); Duchaine, Vincent (19639795100)","56960071600; 57207817751; 57204253061; 22235121500; 19639795100","Tactile-Based Object Recognition Using a Grasp-Centric Exploration","2021","IEEE International Conference on Automation Science and Engineering","2021-August","","","494","501","7","3","10.1109/CASE49439.2021.9551491","https://www.scopus.com/inward/record.uri?eid=2-s2.0-85117027330&doi=10.1109%2fCASE49439.2021.9551491&partnerID=40&md5=9d154b53f90167399e9a895e0883f34e","Conference paper","Final","","Scopus","2-s2.0-85117027330"
"Leibovich G.; Jacob G.; Endrawis S.; Novik G.; Tamar A.","Leibovich, Gal (57224900502); Jacob, Guy (57219821588); Endrawis, Shadi (57224893388); Novik, Gal (57208444456); Tamar, Aviv (52264620600)","57224900502; 57219821588; 57224893388; 57208444456; 52264620600","Validate on Sim, Detect on Real - Model Selection for Domain Randomization","2022","Proceedings - IEEE International Conference on Robotics and Automation","","","","7528","7535","7","6","10.1109/ICRA46639.2022.9811621","https://www.scopus.com/inward/record.uri?eid=2-s2.0-85136320758&doi=10.1109%2fICRA46639.2022.9811621&partnerID=40&md5=3291a5c0339efacf7300e2202c85d0ea","Conference paper","Final","All Open Access; Green Open Access","Scopus","2-s2.0-85136320758"
"Ninomiya K.; Hirokawa M.; Suzuki K.","Ninomiya, Kazushi (57478696800); Hirokawa, Masakazu (36548153500); Suzuki, Kenji (22037104400)","57478696800; 36548153500; 22037104400","Use of Embedding Spaces for Transferring Robot Skills in Diverse Sensor Settings","2021","Proceedings - 20th IEEE International Conference on Machine Learning and Applications, ICMLA 2021","","","","547","551","4","0","10.1109/ICMLA52953.2021.00091","https://www.scopus.com/inward/record.uri?eid=2-s2.0-85125860303&doi=10.1109%2fICMLA52953.2021.00091&partnerID=40&md5=85723928fa4b61d223848af62cb9a923","Conference paper","Final","","Scopus","2-s2.0-85125860303"
"Guan Y.; Wang N.; Yang C.","Guan, Yuan (57279865400); Wang, Ning (55446268900); Yang, Chenguang (55671767000)","57279865400; 55446268900; 55671767000","Review of the techniques used in motor‐cognitive human‐robot skill transfer","2021","Cognitive Computation and Systems","3","3","","229","252","23","2","10.1049/ccs2.12025","https://www.scopus.com/inward/record.uri?eid=2-s2.0-85131346293&doi=10.1049%2fccs2.12025&partnerID=40&md5=1a1f91822513c302a3a471bae9f5116d","Review","Final","","Scopus","2-s2.0-85131346293"
"Guo M.; Burger M.","Guo, Meng (55921188600); Burger, Mathias (34871669500)","55921188600; 34871669500","Interactive Human-in-the-loop Coordination of Manipulation Skills Learned from Demonstration","2022","Proceedings - IEEE International Conference on Robotics and Automation","","","","7292","7298","6","3","10.1109/ICRA46639.2022.9811813","https://www.scopus.com/inward/record.uri?eid=2-s2.0-85136322543&doi=10.1109%2fICRA46639.2022.9811813&partnerID=40&md5=de0be1b8348b75a957e5b4bc4437d5b5","Conference paper","Final","All Open Access; Green Open Access","Scopus","2-s2.0-85136322543"
"Zhang Y.; Li M.; Yang C.","Zhang, Ying (57840446000); Li, Miao (36550432800); Yang, Chenguang (55671767000)","57840446000; 36550432800; 55671767000","Robot learning system based on dynamic movement primitives and neural network","2021","Neurocomputing","451","","","205","214","9","26","10.1016/j.neucom.2021.04.034","https://www.scopus.com/inward/record.uri?eid=2-s2.0-85107679123&doi=10.1016%2fj.neucom.2021.04.034&partnerID=40&md5=7adf2e557e18c0ef644992ea192daf83","Article","Final","","Scopus","2-s2.0-85107679123"
"Nam T.; Sun S.-H.; Pertsch K.; Hwang S.J.; Lim J.J.","Nam, Taewook (57221137289); Sun, Shao-Hua (57204293077); Pertsch, Karl (57209297629); Hwang, Sung Ju (57687927300); Lim, Joseph J. (35179571100)","57221137289; 57204293077; 57209297629; 57687927300; 35179571100","SKILL-BASED META-REINFORCEMENT LEARNING","2022","ICLR 2022 - 10th International Conference on Learning Representations","","","","","","","31","","https://www.scopus.com/inward/record.uri?eid=2-s2.0-85132998864&partnerID=40&md5=cb00770c583783c4562c73ff85487c08","Conference paper","Final","","Scopus","2-s2.0-85132998864"
"Cheng C.-C.; Chiu Y.-M.; Liu A.-S.","Cheng, Chi-Cheng (7404797464); Chiu, Yi-Min (57829025300); Liu, An-Sheng (57829368500)","7404797464; 57829025300; 57829368500","Human-like Hitting Strategies for a Ball Bouncing Robot","2022","2022 28th International Conference on Information, Communication and Automation Technologies, ICAT 2022 - Proceedings","","","","","","","0","10.1109/ICAT54566.2022.9811237","https://www.scopus.com/inward/record.uri?eid=2-s2.0-85135377867&doi=10.1109%2fICAT54566.2022.9811237&partnerID=40&md5=878f5b239eef271c259eeca148452d0a","Conference paper","Final","","Scopus","2-s2.0-85135377867"
"Frasca T.; Oosterveld B.; Chita-Tegmark M.; Scheutz M.","Frasca, Tyler (57190752525); Oosterveld, Bradley (57156365700); Chita-Tegmark, Meia (56700303500); Scheutz, Matthias (6603548841)","57190752525; 57156365700; 56700303500; 6603548841","Enabling Fast Instruction-Based Modification of Learned Robot Skills","2021","35th AAAI Conference on Artificial Intelligence, AAAI 2021","7","","","6075","6083","8","4","10.1609/aaai.v35i7.16757","https://www.scopus.com/inward/record.uri?eid=2-s2.0-85129942440&doi=10.1609%2faaai.v35i7.16757&partnerID=40&md5=85e6e91446636e6c3c1bc55c5481f99d","Conference paper","Final","All Open Access; Gold Open Access","Scopus","2-s2.0-85129942440"
"Wang Z.; Garrett C.R.; Kaelbling L.P.; Lozano-Pérez T.","Wang, Zi (57195421948); Garrett, Caelan Reed (56940081800); Kaelbling, Leslie Pack (6701501293); Lozano-Pérez, Tomás (7004446279)","57195421948; 56940081800; 6701501293; 7004446279","Learning compositional models of robot skills for task and motion planning","2021","International Journal of Robotics Research","40","6-7","","866","894","28","70","10.1177/02783649211004615","https://www.scopus.com/inward/record.uri?eid=2-s2.0-85104029148&doi=10.1177%2f02783649211004615&partnerID=40&md5=cae338a5163f5afe9e5b8ba8dd84dc7b","Article","Final","All Open Access; Green Open Access","Scopus","2-s2.0-85104029148"
"Roggendorf S.; Storms S.; Brecher C.; Schubert V.; Königs M.","Roggendorf, Simon (57195540093); Storms, Simon (57191070383); Brecher, Christian (55947597300); Schubert, Viktor (56452750100); Königs, Michael (57194208516)","57195540093; 57191070383; 55947597300; 56452750100; 57194208516","Data-driven after-sales services for optimized production planning and control – Skill-based smart services in production; [Datengetriebene After-Sales-Services für die optimierte Produktionsplanung und Steuerung Skill-based Smart Services in der Produktion]","2022","WT Werkstattstechnik","112","5","","342","347","5","0","10.37544/1436-4980-2022-5-72","https://www.scopus.com/inward/record.uri?eid=2-s2.0-85134624754&doi=10.37544%2f1436-4980-2022-5-72&partnerID=40&md5=e51a23f3949fb7a667f8c4a6ac65395f","Article","Final","","Scopus","2-s2.0-85134624754"
"Yadav N.; Shankar R.; Singh S.P.","Yadav, Neeraj (57216831887); Shankar, Ravi (10638891800); Singh, Surya Prakash (57199578228)","57216831887; 10638891800; 57199578228","Critical success factors for lean six sigma in quality 4.0","2021","International Journal of Quality and Service Sciences","13","1","","123","156","33","76","10.1108/IJQSS-06-2020-0099","https://www.scopus.com/inward/record.uri?eid=2-s2.0-85101489096&doi=10.1108%2fIJQSS-06-2020-0099&partnerID=40&md5=c233e7964581e7db4323b26cd7327902","Article","Final","","Scopus","2-s2.0-85101489096"
"","","","Proceedings - 2021 IEEE/ACM 3rd International Workshop on Robotics Software Engineering, RoSE 2021","2021","Proceedings - 2021 IEEE/ACM 3rd International Workshop on Robotics Software Engineering, RoSE 2021","","","","","","79","0","","https://www.scopus.com/inward/record.uri?eid=2-s2.0-85113174957&partnerID=40&md5=e8b403d68c80f6a6af2fa14400b329c5","Conference review","Final","","Scopus","2-s2.0-85113174957"
"Romero J.A.; Salazar E.R.; De la Cruz E.I.; Moreno G.P.; Mollocana J.D.","Romero, Jonathan A. (57270115600); Salazar, Edgar R. (59554751300); De la Cruz, Edgar I. (57269959500); Moreno, Geovanny P. (57224319193); Mollocana, Jéssica D. (57223597432)","57270115600; 59554751300; 57269959500; 57224319193; 57223597432","Hardware in the Loop of an Omnidirectional Vehicle Using Augmented Reality","2022","Lecture Notes in Networks and Systems","236","","","911","922","11","1","10.1007/978-981-16-2380-6_80","https://www.scopus.com/inward/record.uri?eid=2-s2.0-85116017209&doi=10.1007%2f978-981-16-2380-6_80&partnerID=40&md5=017e91594c11c9db0cc632c198dd7165","Conference paper","Final","","Scopus","2-s2.0-85116017209"
"Liu D.; Yu H.; Cong M.; Wang Z.","Liu, Dong (57137089900); Yu, Honghua (57217279543); Cong, Ming (16306181000); Wang, Zitu (57217279389)","57137089900; 57217279543; 16306181000; 57217279389","Robot motor skill acquisition based on episodic memory and meta learning; [基于情景记忆和元学习的机器人运动技能获取]","2021","Huazhong Keji Daxue Xuebao (Ziran Kexue Ban)/Journal of Huazhong University of Science and Technology (Natural Science Edition)","49","12","","57","63","6","1","10.13245/j.hust.211211","https://www.scopus.com/inward/record.uri?eid=2-s2.0-85121302002&doi=10.13245%2fj.hust.211211&partnerID=40&md5=2a9aab118de9e3b983bcfcb77d2d073b","Article","Final","","Scopus","2-s2.0-85121302002"
"Weichhart G.; Ikeda M.; Propst M.; Froschauer R.","Weichhart, Georg (22434267800); Ikeda, Markus (56399859200); Propst, Matthias (57224360327); Froschauer, Roman (15135398200)","22434267800; 56399859200; 57224360327; 15135398200","PlugBot Architecture for Modular Manufacturing","2022","CEUR Workshop Proceedings","3214","","","","","","0","","https://www.scopus.com/inward/record.uri?eid=2-s2.0-85138743146&partnerID=40&md5=d1ec227c67fdbdda786075cad9a0f3c6","Conference paper","Final","","Scopus","2-s2.0-85138743146"
"Rivera-Calderon S.; Lazaro R.P.-S.; Vazquez-Hurtado C.","Rivera-Calderon, Samantha (57471542400); Lazaro, Rafael Perez-San (57211189071); Vazquez-Hurtado, Carlos (57227266200)","57471542400; 57211189071; 57227266200","Online assessment of computer vision and robotics skills based on a digital twin","2022","IEEE Global Engineering Education Conference, EDUCON","2022-March","","","1994","2001","7","3","10.1109/EDUCON52537.2022.9766459","https://www.scopus.com/inward/record.uri?eid=2-s2.0-85130491956&doi=10.1109%2fEDUCON52537.2022.9766459&partnerID=40&md5=1a3551c255d8743e56f63c5b7261527a","Conference paper","Final","","Scopus","2-s2.0-85130491956"
"Aljalbout E.","Aljalbout, Elie (57208000215)","57208000215","Dual-Arm Adversarial Robot Learning","2021","Proceedings of Machine Learning Research","164","","","1814","1819","5","0","","https://www.scopus.com/inward/record.uri?eid=2-s2.0-85171778503&partnerID=40&md5=966b609b859d955df65ae8fab15e3dde","Conference paper","Final","","Scopus","2-s2.0-85171778503"
"Pertsch K.; Lee Y.; Wu Y.; Lim J.J.","Pertsch, Karl (57209297629); Lee, Youngwoon (57210647638); Wu, Yue (57226396191); Lim, Joseph J. (35179571100)","57209297629; 57210647638; 57226396191; 35179571100","Demonstration-Guided Reinforcement Learning with Learned Skills","2021","Proceedings of Machine Learning Research","164","","","729","739","10","28","","https://www.scopus.com/inward/record.uri?eid=2-s2.0-85171797404&partnerID=40&md5=4fea46a1bd8bd4b47dbfad7ce0629ef0","Conference paper","Final","","Scopus","2-s2.0-85171797404"
"Kim S.; Coninx A.; Doncieux S.","Kim, Seungsu (57210865599); Coninx, Alexandre (54891754100); Doncieux, Stephane (14833739000)","57210865599; 54891754100; 14833739000","From exploration to control: Learning object manipulation skills through novelty search and local adaptation","2021","Robotics and Autonomous Systems","136","","103710","","","","20","10.1016/j.robot.2020.103710","https://www.scopus.com/inward/record.uri?eid=2-s2.0-85097634990&doi=10.1016%2fj.robot.2020.103710&partnerID=40&md5=9225ca621f86d9d677209f5506b18116","Article","Final","All Open Access; Bronze Open Access; Green Open Access","Scopus","2-s2.0-85097634990"
"Hou L.; Wang H.; Zou H.; Wang Q.","Hou, Liwei (57209274432); Wang, Hengsheng (8386457600); Zou, Haoran (57221786384); Wang, Qun (55572222000)","57209274432; 8386457600; 57221786384; 55572222000","Efficient robot skills learning with weighted near‐optimal experiences policy optimization","2021","Applied Sciences (Switzerland)","11","3","1131","1","20","19","3","10.3390/app11031131","https://www.scopus.com/inward/record.uri?eid=2-s2.0-85100200400&doi=10.3390%2fapp11031131&partnerID=40&md5=a442df09fb6e2e9f49a4b402028c7b86","Article","Final","All Open Access; Gold Open Access","Scopus","2-s2.0-85100200400"
"Moglia A.","Moglia, Andrea (34572177900)","34572177900","Simulators","2022","Endorobotics: Design, R and D and Future Trends","","","","95","113","18","1","10.1016/B978-0-12-821750-4.00005-0","https://www.scopus.com/inward/record.uri?eid=2-s2.0-85128558423&doi=10.1016%2fB978-0-12-821750-4.00005-0&partnerID=40&md5=2f2d3aadb3aca91a21e29f7b9d2c39c4","Book chapter","Final","","Scopus","2-s2.0-85128558423"
"Bozhinoski D.; Aguado E.; Oviedo M.G.; Hernandez C.; Sanz R.; Wasowski A.","Bozhinoski, Darko (57144565400); Aguado, Esther (57215857239); Oviedo, Mario Garzon (36678801300); Hernandez, Carlos (57194221141); Sanz, Ricardo (57194024332); Wasowski, Andrzej (6602554078)","57144565400; 57215857239; 36678801300; 57194221141; 57194024332; 6602554078","A Modeling Tool for Reconfigurable Skills in ROS","2021","Proceedings - 2021 IEEE/ACM 3rd International Workshop on Robotics Software Engineering, RoSE 2021","","","9474550","25","28","3","8","10.1109/RoSE52553.2021.00011","https://www.scopus.com/inward/record.uri?eid=2-s2.0-85112864334&doi=10.1109%2fRoSE52553.2021.00011&partnerID=40&md5=fdddff8a7ad7ce89300a41f3cea0f251","Conference paper","Final","All Open Access; Green Open Access","Scopus","2-s2.0-85112864334"
"Xue H.; Herzog R.; Berger T.M.; Bäumer T.; Weissbach A.; Rueckert E.","Xue, Honghu (57221322311); Herzog, Rebecca (57216364066); Berger, Till M. (57226334401); Bäumer, Tobias (6603394082); Weissbach, Anne (37027560500); Rueckert, Elmar (56743244800)","57221322311; 57216364066; 57226334401; 6603394082; 37027560500; 56743244800","Using Probabilistic Movement Primitives in Analyzing Human Motion Differences Under Transcranial Current Stimulation","2021","Frontiers in Robotics and AI","8","","721890","","","","5","10.3389/frobt.2021.721890","https://www.scopus.com/inward/record.uri?eid=2-s2.0-85116005473&doi=10.3389%2ffrobt.2021.721890&partnerID=40&md5=14e05a73b6800b89e10b66a031e46fef","Article","Final","All Open Access; Gold Open Access; Green Open Access","Scopus","2-s2.0-85116005473"
"Liu R.; Nageotte F.; Zanne P.; de Mathelin M.; Dresp-Langley B.","Liu, Rongrong (57221726222); Nageotte, Florent (6505798156); Zanne, Philippe (6505967501); de Mathelin, Michel (23008058300); Dresp-Langley, Birgitta (7003682918)","57221726222; 6505798156; 6505967501; 23008058300; 7003682918","Deep reinforcement learning for the control of robotic manipulation: A focussed mini-review","2021","Robotics","10","1","22","1","13","12","120","10.3390/robotics10010022","https://www.scopus.com/inward/record.uri?eid=2-s2.0-85099926130&doi=10.3390%2frobotics10010022&partnerID=40&md5=d412428d4e57f82b19b278c7c50dcbcf","Article","Final","All Open Access; Gold Open Access; Green Open Access","Scopus","2-s2.0-85099926130"
"Wu H.; Yan W.; Xu Z.; Li S.; Zhou X.","Wu, Hongmin (56650300300); Yan, Wu (57204598751); Xu, Zhihao (57214001897); Li, Shuai (58667863100); Zhou, Xuefeng (55743312800)","56650300300; 57204598751; 57214001897; 58667863100; 55743312800","Learning robot anomaly recovery skills from multiple time-driven demonstrations","2021","Neurocomputing","464","","","522","532","10","8","10.1016/j.neucom.2021.08.036","https://www.scopus.com/inward/record.uri?eid=2-s2.0-85114700766&doi=10.1016%2fj.neucom.2021.08.036&partnerID=40&md5=0eb604f8e81fb7e52a5f6996ff70c518","Article","Final","","Scopus","2-s2.0-85114700766"
"Carneiro A.; Claros O.R.; Cha J.D.; Kayano P.P.; Apezzato M.; Wagner A.A.; Lemos G.C.","Carneiro, Arie (56545237300); Claros, Oliver Rojas (57200226534); Cha, Jonathan Doyun (57205393731); Kayano, Paulo Priante (57195415477); Apezzato, Marcelo (6507442106); Wagner, Andrew Aurel (8667146200); Lemos, Gustavo Caserta (57210083787)","56545237300; 57200226534; 57205393731; 57195415477; 6507442106; 8667146200; 57210083787","Can remote assistance for robotic surgery improve surgical performance in simulation training? A prospective clinical trial of urology residents using a simulator in south america","2022","International Braz J Urol","48","6","","952","960","8","6","10.1590/S1677-5538.IBJU.2022.0104","https://www.scopus.com/inward/record.uri?eid=2-s2.0-85139377931&doi=10.1590%2fS1677-5538.IBJU.2022.0104&partnerID=40&md5=044adefbdef727eed47571c73c24b6a3","Article","Final","All Open Access; Green Open Access","Scopus","2-s2.0-85139377931"
"Wang N.; Chen C.; Nuovo A.D.","Wang, Ning (55446268900); Chen, Chuize (57203137144); Nuovo, Alessandro Di (56962754700)","55446268900; 57203137144; 56962754700","A Framework of Hybrid Force/Motion Skills Learning for Robots","2021","IEEE Transactions on Cognitive and Developmental Systems","13","1","8964480","162","170","8","40","10.1109/TCDS.2020.2968056","https://www.scopus.com/inward/record.uri?eid=2-s2.0-85102768405&doi=10.1109%2fTCDS.2020.2968056&partnerID=40&md5=1bb07da14eb1d60399c0a70cc612b017","Article","Final","All Open Access; Green Open Access","Scopus","2-s2.0-85102768405"
"Zorina K.; Carpentier J.; Sivic J.; Petrik V.","Zorina, Kateryna (57343015000); Carpentier, Justin (56921540400); Sivic, Josef (6505835099); Petrik, Vladimir (56423590700)","57343015000; 56921540400; 6505835099; 56423590700","Learning to Manipulate Tools by Aligning Simulation to Video Demonstration","2022","IEEE Robotics and Automation Letters","7","1","","438","445","7","3","10.1109/LRA.2021.3127238","https://www.scopus.com/inward/record.uri?eid=2-s2.0-85119417079&doi=10.1109%2fLRA.2021.3127238&partnerID=40&md5=e9761ac2e841eee9dcfc930b664838ef","Article","Final","All Open Access; Green Open Access","Scopus","2-s2.0-85119417079"
"Ihsan F.L.H.; Dewantara B.S.B.; Wibowo I.K.","Ihsan, Fadl Lul Hakim (57215302625); Dewantara, Bima Sena Bayu (56039019600); Wibowo, Iwan Kurnianto (57197704684)","57215302625; 56039019600; 57197704684","Optimization of Chasing and Catching Skills on Robot Soccer ERSOW","2022","IES 2022 - 2022 International Electronics Symposium: Energy Development for Climate Change Solution and Clean Energy Transition, Proceeding","","","","330","335","5","2","10.1109/IES55876.2022.9888723","https://www.scopus.com/inward/record.uri?eid=2-s2.0-85139694055&doi=10.1109%2fIES55876.2022.9888723&partnerID=40&md5=96b2b523331f0ca9fce15d5bbf783745","Conference paper","Final","","Scopus","2-s2.0-85139694055"
"Park S.; Chai Y.; Park S.; Park J.; Lee K.; Choi S.","Park, Sangbeom (57290874900); Chai, Yoonbyung (57289823500); Park, Sunghyun (57191673547); Park, Jeongeun (57226765451); Lee, Kyungjae (56742456900); Choi, Sungjoon (55954115000)","57290874900; 57289823500; 57191673547; 57226765451; 56742456900; 55954115000","Semi-Autonomous Teleoperation via Learning Non-Prehensile Manipulation Skills","2022","Proceedings - IEEE International Conference on Robotics and Automation","","","","9295","9301","6","5","10.1109/ICRA46639.2022.9811823","https://www.scopus.com/inward/record.uri?eid=2-s2.0-85136327695&doi=10.1109%2fICRA46639.2022.9811823&partnerID=40&md5=5d27e2aef6c48a00261988cdd165a4a0","Conference paper","Final","All Open Access; Green Open Access","Scopus","2-s2.0-85136327695"
"Zhang L.; Gu S.; Guo S.; Tamiya T.","Zhang, Linshuai (56352549400); Gu, Shuoxin (57195944922); Guo, Shuxiang (7403650655); Tamiya, Takashi (55197257100)","56352549400; 57195944922; 7403650655; 55197257100","A magnetorheological fluids-based robot-assisted catheter/guidewire surgery system for endovascular catheterization","2021","Micromachines","12","6","640","","","","28","10.3390/mi12060640","https://www.scopus.com/inward/record.uri?eid=2-s2.0-85107861533&doi=10.3390%2fmi12060640&partnerID=40&md5=fabaf35fb82abf60e9024fca6a5e610f","Article","Final","All Open Access; Gold Open Access; Green Open Access","Scopus","2-s2.0-85107861533"
"Li Z.; Zhang E.; Zhai B.; Li B.","Li, Ziwen (57927626900); Zhang, Enzheng (35244048700); Zhai, Bin (57670889500); Li, Bingchen (57928259700)","57927626900; 35244048700; 57670889500; 57928259700","Master-Slave Arm Heterogeneous Mapping With Link Pose Constraint in Teleoperation System","2022","IEEE Access","10","","","107202","107213","11","5","10.1109/ACCESS.2022.3213054","https://www.scopus.com/inward/record.uri?eid=2-s2.0-85139872335&doi=10.1109%2fACCESS.2022.3213054&partnerID=40&md5=9f5cc8641cd48c1fb51b916c005d3297","Article","Final","All Open Access; Gold Open Access","Scopus","2-s2.0-85139872335"
"Guan Y.; Wang N.; Yang C.","Guan, Yuan (57279865400); Wang, Ning (55446268900); Yang, Chenguang (55671767000)","57279865400; 55446268900; 55671767000","An Improvement of Robot Stiffness-Adaptive Skill Primitive Generalization Using the Surface Electromyography in Human–Robot Collaboration","2021","Frontiers in Neuroscience","15","","694914","","","","6","10.3389/fnins.2021.694914","https://www.scopus.com/inward/record.uri?eid=2-s2.0-85116058171&doi=10.3389%2ffnins.2021.694914&partnerID=40&md5=31316b8b244d6a0f407bffb038263ac7","Article","Final","All Open Access; Gold Open Access; Green Open Access","Scopus","2-s2.0-85116058171"
"Aceituno B.; Rodriguez A.; Tulsiani S.; Gupta A.; Mukadam M.","Aceituno, Bernardo (57200628813); Rodriguez, Alberto (57221838837); Tulsiani, Shubham (57142337900); Gupta, Abhinav (57188760583); Mukadam, Mustafa (56423511200)","57200628813; 57221838837; 57142337900; 57188760583; 56423511200","A Differentiable Recipe for Learning Visual Non-Prehensile Planar Manipulation","2021","Proceedings of Machine Learning Research","164","","","137","147","10","1","","https://www.scopus.com/inward/record.uri?eid=2-s2.0-85163368276&partnerID=40&md5=34ebdd8ba5ca8e39548ba1d004ab5270","Conference paper","Final","","Scopus","2-s2.0-85163368276"
"Kumar A.; Singh A.; Tian S.; Finn C.; Levine S.","Kumar, Aviral (58221014600); Singh, Anikait (57290610200); Tian, Stephen (57210797753); Finn, Chelsea (55938427500); Levine, Sergey (35731728100)","58221014600; 57290610200; 57210797753; 55938427500; 35731728100","A Workflow for Offline Model-Free Robotic Reinforcement Learning","2021","Proceedings of Machine Learning Research","164","","","417","428","11","15","","https://www.scopus.com/inward/record.uri?eid=2-s2.0-85171732245&partnerID=40&md5=92fe6f00f250cb863853cd527cca6d7f","Conference paper","Final","","Scopus","2-s2.0-85171732245"
"","","","6th International Conference on Cognitive Systems and Signal Processing, ICCSIP 2021","2022","Communications in Computer and Information Science","1515 CCIS","","","","","544","0","","https://www.scopus.com/inward/record.uri?eid=2-s2.0-85123603409&partnerID=40&md5=009754b8036f5c30ad83d974961706b0","Conference review","Final","","Scopus","2-s2.0-85123603409"
"Lynch C.; Sermanet P.","Lynch, Corey (57197178756); Sermanet, Pierre (24777391900)","57197178756; 24777391900","Language Conditioned Imitation Learning over Unstructured Data","2021","Robotics: Science and Systems","","","","","","","67","10.15607/RSS.2021.XVII.047","https://www.scopus.com/inward/record.uri?eid=2-s2.0-85127027508&doi=10.15607%2fRSS.2021.XVII.047&partnerID=40&md5=b034507e30a581c1fd1c11d616dca0f6","Conference paper","Final","All Open Access; Bronze Open Access; Green Open Access","Scopus","2-s2.0-85127027508"
"Arduengo M.; Arduengo A.; Colomé A.; Lobo-Prat J.; Torras C.","Arduengo, Miguel (57218328029); Arduengo, Ana (57219528017); Colomé, Adrià (55556840700); Lobo-Prat, Joan (55503973900); Torras, Carme (7003421114)","57218328029; 57219528017; 55556840700; 55503973900; 7003421114","Human to Robot Whole-Body Motion Transfer","2021","IEEE-RAS International Conference on Humanoid Robots","2021-July","","","299","305","6","10","10.1109/HUMANOIDS47582.2021.9555769","https://www.scopus.com/inward/record.uri?eid=2-s2.0-85126017727&doi=10.1109%2fHUMANOIDS47582.2021.9555769&partnerID=40&md5=ecf397e8edc9b9873eacb7d523462ff4","Conference paper","Final","All Open Access; Green Open Access","Scopus","2-s2.0-85126017727"
"Pane Y.; Mokhtari V.; Aertbelien E.; De Schutter J.; Decre W.","Pane, Yudha (55625658500); Mokhtari, Vahid (23091346000); Aertbelien, Erwin (6507096344); De Schutter, Joris (7005454044); Decre, Wilm (16199340100)","55625658500; 23091346000; 6507096344; 7005454044; 16199340100","Autonomous Runtime Composition of Sensor-Based Skills Using Concurrent Task Planning","2021","IEEE Robotics and Automation Letters","6","4","9473021","6481","6488","7","7","10.1109/LRA.2021.3094498","https://www.scopus.com/inward/record.uri?eid=2-s2.0-85111135775&doi=10.1109%2fLRA.2021.3094498&partnerID=40&md5=982f386e5b7a67aecbc293377f99d6b4","Article","Final","","Scopus","2-s2.0-85111135775"
"Kuo C.-Y.; Schaarschmidt A.; Cui Y.; Asfour T.; Matsubara T.","Kuo, Cheng-Yu (57219432473); Schaarschmidt, Andreas (57222425485); Cui, Yunduan (55943718900); Asfour, Tamim (15724268700); Matsubara, Takamitsu (10242801500)","57219432473; 57222425485; 55943718900; 15724268700; 10242801500","Uncertainty-aware contact-safe model-based reinforcement learning","2021","IEEE Robotics and Automation Letters","6","2","9376242","3918","3925","7","15","10.1109/LRA.2021.3065271","https://www.scopus.com/inward/record.uri?eid=2-s2.0-85102707238&doi=10.1109%2fLRA.2021.3065271&partnerID=40&md5=6910b35e68b9a87f05ff426b56e2ca03","Article","Final","All Open Access; Green Open Access","Scopus","2-s2.0-85102707238"
"Mohtasib A.; Amir Ghalamzan E.; Bellotto N.; Cuayahuitl H.","Mohtasib, Abdalkarim (55818172000); Amir Ghalamzan, E. (59395225100); Bellotto, Nicola (23059304100); Cuayahuitl, Heriberto (15764590600)","55818172000; 59395225100; 23059304100; 15764590600","Neural Task Success Classifiers for Robotic Manipulation from Few Real Demonstrations","2021","Proceedings of the International Joint Conference on Neural Networks","2021-July","","","","","","0","10.1109/IJCNN52387.2021.9534141","https://www.scopus.com/inward/record.uri?eid=2-s2.0-85116495916&doi=10.1109%2fIJCNN52387.2021.9534141&partnerID=40&md5=06fa7e4b8c472e703fcea9577707b1c6","Conference paper","Final","All Open Access; Green Open Access","Scopus","2-s2.0-85116495916"
"Kobayashi T.","Kobayashi, Taisuke (56654561400)","56654561400","Towards Deep Robot Learning with Optimizer applicable to Non-stationary Problems","2021","2021 IEEE/SICE International Symposium on System Integration, SII 2021","","","9382621","190","194","4","6","10.1109/IEEECONF49454.2021.9382621","https://www.scopus.com/inward/record.uri?eid=2-s2.0-85103741954&doi=10.1109%2fIEEECONF49454.2021.9382621&partnerID=40&md5=60f681568cddb276f6de0ce702a95106","Conference paper","Final","All Open Access; Green Open Access","Scopus","2-s2.0-85103741954"
"Bondarenko T.; Yahupov V.; Kupriyanov O.; Hromov E.; Briukhanova N.","Bondarenko, Tetiana (57200206683); Yahupov, Vasyl (57217104620); Kupriyanov, Oleksandr (55574632700); Hromov, Evhenyi (57456119200); Briukhanova, Nataliia (57207844419)","57200206683; 57217104620; 55574632700; 57456119200; 57207844419","Simulator for the Formation Programming Skills Based on Solving Problems of Controlling a Virtual Robot","2022","Lecture Notes in Networks and Systems","390 LNNS","","","600","607","7","2","10.1007/978-3-030-93907-6_64","https://www.scopus.com/inward/record.uri?eid=2-s2.0-85124711716&doi=10.1007%2f978-3-030-93907-6_64&partnerID=40&md5=22e317a34e2a1b62553dffc89c3d590d","Conference paper","Final","","Scopus","2-s2.0-85124711716"
"Jhunjhunwala P.; Atmojo U.D.; Vyatkin V.","Jhunjhunwala, Pranay (57212062653); Atmojo, Udayanto Dwi (48361091500); Vyatkin, Valeriy (23092497000)","57212062653; 48361091500; 23092497000","Applying Skill-based Engineering using OPC-UA in Production System with a Digital Twin","2021","IEEE International Symposium on Industrial Electronics","2021-June","","","","","","13","10.1109/ISIE45552.2021.9576342","https://www.scopus.com/inward/record.uri?eid=2-s2.0-85118764698&doi=10.1109%2fISIE45552.2021.9576342&partnerID=40&md5=976b39415b7f247ef1b16d4893f847cb","Conference paper","Final","","Scopus","2-s2.0-85118764698"
"Takács K.; Haidegger T.","Takács, Kristóf (57217308699); Haidegger, Tamás (16315516400)","57217308699; 16315516400","Adaptive Neuro-fuzzy Inference System for Automated Skill Assessment in Robot-Assisted Minimally Invasive Surgery","2021","INES 2021 - IEEE 25th International Conference on Intelligent Engineering Systems, Proceedings","","","9512924","215","220","5","4","10.1109/INES52918.2021.9512924","https://www.scopus.com/inward/record.uri?eid=2-s2.0-85114004658&doi=10.1109%2fINES52918.2021.9512924&partnerID=40&md5=1158adea8fd49fd7e65dff22945f29be","Conference paper","Final","All Open Access; Green Open Access","Scopus","2-s2.0-85114004658"
"Lee J.-K.; Ryu J.-H.","Lee, Joong-Ku (57848935300); Ryu, Jee-Hwan (7401867592)","57848935300; 7401867592","Learning Robotic Rotational Manipulation Skill from Bilateral Teleoperation","2022","2022 19th International Conference on Ubiquitous Robots, UR 2022","","","","318","325","7","1","10.1109/UR55393.2022.9826276","https://www.scopus.com/inward/record.uri?eid=2-s2.0-85136131957&doi=10.1109%2fUR55393.2022.9826276&partnerID=40&md5=e8e86d0e92586539e86e5815fa0213fa","Conference paper","Final","","Scopus","2-s2.0-85136131957"
"Bejjani W.; Leonetti M.; Dogar M.R.","Bejjani, Wissam (57193493231); Leonetti, Matteo (36802120200); Dogar, Mehmet R. (22939838000)","57193493231; 36802120200; 22939838000","Learning image-based Receding Horizon Planning for manipulation in clutter","2021","Robotics and Autonomous Systems","138","","103730","","","","7","10.1016/j.robot.2021.103730","https://www.scopus.com/inward/record.uri?eid=2-s2.0-85100235606&doi=10.1016%2fj.robot.2021.103730&partnerID=40&md5=983057a274cb9fe1ff204644295e294e","Article","Final","All Open Access; Green Open Access","Scopus","2-s2.0-85100235606"
"Howard R.; Zito C.","Howard, Rhys (57219784694); Zito, Claudio (55556640700)","57219784694; 55556640700","Learning Transferable Push Manipulation Skills in Novel Contexts","2021","Frontiers in Neurorobotics","15","","671775","","","","3","10.3389/fnbot.2021.671775","https://www.scopus.com/inward/record.uri?eid=2-s2.0-85108348309&doi=10.3389%2ffnbot.2021.671775&partnerID=40&md5=d6547308aeb7ff433d4584e6dd8bb46d","Article","Final","All Open Access; Gold Open Access; Green Open Access","Scopus","2-s2.0-85108348309"
"","","","2022 IEEE/ASME International Conference on Advanced Intelligent Mechatronics, AIM 2022","2022","IEEE/ASME International Conference on Advanced Intelligent Mechatronics, AIM","2022-July","","","","","1167","0","","https://www.scopus.com/inward/record.uri?eid=2-s2.0-85137655767&partnerID=40&md5=00102954f7db697bf4ba8b04dd5b6a58","Conference review","Final","","Scopus","2-s2.0-85137655767"
"Ji S.; Lee S.; Yoo S.; Suh I.; Kwon I.; Park F.C.; Lee S.; Kim H.","Ji, Sanghoon (55617057100); Lee, Sukhan (7601402085); Yoo, Sujeong (47062458200); Suh, Ilhong (55663194100); Kwon, Inso (7003450602); Park, Frank C. (7005395417); Lee, Sanghyoung (55350211200); Kim, Hongseok (59054159600)","55617057100; 7601402085; 47062458200; 55663194100; 7003450602; 7005395417; 55350211200; 59054159600","Learning-Based Automation of Robotic Assembly for Smart Manufacturing","2021","Proceedings of the IEEE","109","4","9383829","423","440","17","33","10.1109/JPROC.2021.3063154","https://www.scopus.com/inward/record.uri?eid=2-s2.0-85103333065&doi=10.1109%2fJPROC.2021.3063154&partnerID=40&md5=690ff0b453b8370df156d22ba4485301","Article","Final","All Open Access; Hybrid Gold Open Access","Scopus","2-s2.0-85103333065"
"Nematollahi I.; Rosete-Beas E.; Rpfer A.; Welschehold T.; Valada A.; Burgard W.","Nematollahi, Iman (57202679292); Rosete-Beas, Erick (57361774600); Rpfer, Adrian (57852750000); Welschehold, Tim (56974419500); Valada, Abhinav (37121030000); Burgard, Wolfram (7003610380)","57202679292; 57361774600; 57852750000; 56974419500; 37121030000; 7003610380","Robot Skill Adaptation via Soft Actor-Critic Gaussian Mixture Models","2022","Proceedings - IEEE International Conference on Robotics and Automation","","","","8651","8657","6","15","10.1109/ICRA46639.2022.9811770","https://www.scopus.com/inward/record.uri?eid=2-s2.0-85135490970&doi=10.1109%2fICRA46639.2022.9811770&partnerID=40&md5=2c3e0ab7a3aae2e875b895566da2d3e7","Conference paper","Final","All Open Access; Green Open Access","Scopus","2-s2.0-85135490970"
"Raza S.J.A.; Dastider A.; Lin M.","Raza, Sayyed Jaffar Ali (57209141583); Dastider, Apan (57219598072); Lin, Mingjie (14035959400)","57209141583; 57219598072; 14035959400","Survivable Robotic Control through Guided Bayesian Policy Search with Deep Reinforcement Learning","2021","IEEE International Conference on Automation Science and Engineering","2021-August","","","1188","1193","5","1","10.1109/CASE49439.2021.9551472","https://www.scopus.com/inward/record.uri?eid=2-s2.0-85117011140&doi=10.1109%2fCASE49439.2021.9551472&partnerID=40&md5=76f3b5acb51fab6f12e18af21746039b","Conference paper","Final","All Open Access; Green Open Access","Scopus","2-s2.0-85117011140"
"Gäbert C.; Djemal A.; Hellara H.; Atitallah B.B.; Ramalingame R.; Barioul R.; Salzseiler D.; Fricke E.; Kanoun O.; Thomas U.","Gäbert, Carl (57219441165); Djemal, Achraf (57224407876); Hellara, Hiba (57224409456); Atitallah, Bilel Ben (57224399414); Ramalingame, Rajarajan (56178264500); Barioul, Rim (57189681882); Salzseiler, Dennis (57886945200); Fricke, Ellen (57193201173); Kanoun, Olfa (6602580029); Thomas, Ulrike (7004226574)","57219441165; 57224407876; 57224409456; 57224399414; 56178264500; 57189681882; 57886945200; 57193201173; 6602580029; 7004226574","Gesture Based Symbiotic Robot Programming for Agile Production","2022","CIVEMSA 2022 - IEEE International Conference on Computational Intelligence and Virtual Environments for Measurement Systems and Applications, Proceedings","","","","","","","4","10.1109/CIVEMSA53371.2022.9853686","https://www.scopus.com/inward/record.uri?eid=2-s2.0-85137751000&doi=10.1109%2fCIVEMSA53371.2022.9853686&partnerID=40&md5=87d6a0d7654ce8ae641f3325f7469d14","Conference paper","Final","","Scopus","2-s2.0-85137751000"
"Salas R.; Cáceres J.P.; Loayza E.; Feliú F.; Valenzuela F.; del Solar J.R.","Salas, Rodrigo (57221872516); Cáceres, Juan Pablo (57567686600); Loayza, Eduardo (57566879600); Feliú, Fernando (57567686700); Valenzuela, Felipe (57567083500); del Solar, Javier Ruiz (6701437935)","57221872516; 57567686600; 57566879600; 57567686700; 57567083500; 6701437935","Robocup@Home 2021 Champion Team Paper: SSPL Winner Uchile Peppers","2022","Lecture Notes in Computer Science (including subseries Lecture Notes in Artificial Intelligence and Lecture Notes in Bioinformatics)","13132 LNAI","","","275","282","7","0","10.1007/978-3-030-98682-7_22","https://www.scopus.com/inward/record.uri?eid=2-s2.0-85127859212&doi=10.1007%2f978-3-030-98682-7_22&partnerID=40&md5=cc16af4def756bbb02813246f697c054","Conference paper","Final","","Scopus","2-s2.0-85127859212"
"Xing Y.; Niu S.; Jin K.; Liang K.; Zhang C.; Zhao D.","Xing, Yuan (37666396900); Niu, Shunkang (57216538995); Jin, Kui (57220022035); Liang, Ke (59640256800); Zhang, Chong (57220028761); Zhao, Di (57220024710)","37666396900; 57216538995; 57220022035; 59640256800; 57220028761; 57220024710","Evaluation of Robot-Assisted Surgery Skills Based on EM-GRA; [基于EM-GRA方法的机器人辅助手术操作技能评价]","2021","Tianjin Daxue Xuebao (Ziran Kexue yu Gongcheng Jishu Ban)/Journal of Tianjin University Science and Technology","54","6","","636","644","8","2","10.11784/tdxbz202005001","https://www.scopus.com/inward/record.uri?eid=2-s2.0-85104414120&doi=10.11784%2ftdxbz202005001&partnerID=40&md5=d9b51ffca6fecf63bdbd666c8865e085","Article","Final","","Scopus","2-s2.0-85104414120"
"Fathollahi M.; Sarhan M.H.; Pena R.; DiMonte L.; Gupta A.; Ataliwala A.; Barker J.","Fathollahi, Mona (57192373075); Sarhan, Mohammad Hasan (57652406000); Pena, Ramon (57810119600); DiMonte, Lela (57810977100); Gupta, Anshu (59604216300); Ataliwala, Aishani (57811609600); Barker, Jocelyn (57352379900)","57192373075; 57652406000; 57810119600; 57810977100; 59604216300; 57811609600; 57352379900","Video-Based Surgical Skills Assessment Using Long Term Tool Tracking","2022","Lecture Notes in Computer Science (including subseries Lecture Notes in Artificial Intelligence and Lecture Notes in Bioinformatics)","13437 LNCS","","","541","550","9","8","10.1007/978-3-031-16449-1_52","https://www.scopus.com/inward/record.uri?eid=2-s2.0-85139017803&doi=10.1007%2f978-3-031-16449-1_52&partnerID=40&md5=3ac96dcc82a281e4d1ad9de64416a7f7","Conference paper","Final","All Open Access; Green Open Access","Scopus","2-s2.0-85139017803"
"Hoyos J.; Junaid A.B.; Raheel Afzal M.; Tirmizi A.; Leconte P.","Hoyos, Jean (59159559000); Junaid, Ali Bin (57485617200); Raheel Afzal, Muhammad (57486232800); Tirmizi, Asad (55819278900); Leconte, Patricia (57040860200)","59159559000; 57485617200; 57486232800; 55819278900; 57040860200","Skill-Based Easy Programming Interface for Industrial Applications","2022","2022 IEEE/SICE International Symposium on System Integration, SII 2022","","","","210","217","7","5","10.1109/SII52469.2022.9708791","https://www.scopus.com/inward/record.uri?eid=2-s2.0-85126218417&doi=10.1109%2fSII52469.2022.9708791&partnerID=40&md5=52021a976407c14405b47ed14aaae0ea","Conference paper","Final","","Scopus","2-s2.0-85126218417"
"Lu Z.; Wang N.; Yang C.","Lu, Zhenyu (56411276300); Wang, Ning (55446268900); Yang, Chenguang (55671767000)","56411276300; 55446268900; 55671767000","A Constrained DMPs Framework for Robot Skills Learning and Generalization from Human Demonstrations","2021","IEEE/ASME Transactions on Mechatronics","26","6","","3265","3275","10","52","10.1109/TMECH.2021.3057022","https://www.scopus.com/inward/record.uri?eid=2-s2.0-85100856538&doi=10.1109%2fTMECH.2021.3057022&partnerID=40&md5=5f28bda2c2be9bc88862bb7b66060638","Article","Final","All Open Access; Bronze Open Access","Scopus","2-s2.0-85100856538"
"","","","2021 IEEE International Conference on Autonomous Robot Systems and Competitions, ICARSC 2021","2021","2021 IEEE International Conference on Autonomous Robot Systems and Competitions, ICARSC 2021","","","","","","265","0","","https://www.scopus.com/inward/record.uri?eid=2-s2.0-85107118990&partnerID=40&md5=1d34671cbe42d75623ae34aa1d1fdf38","Conference review","Final","","Scopus","2-s2.0-85107118990"
"Pomarlan M.; Hedblom M.M.; Porzel R.","Pomarlan, Mihai (35410087600); Hedblom, Maria M. (56458551200); Porzel, Robert (21741148500)","35410087600; 56458551200; 21741148500","Panta Rhei: Curiosity-Driven Exploration to Learn the Image-Schematic Affordances of Pouring Liquids","2021","CEUR Workshop Proceedings","3105","","","106","117","11","9","","https://www.scopus.com/inward/record.uri?eid=2-s2.0-85126583305&partnerID=40&md5=e777c9746827655f9afdf64e57f5eb24","Conference paper","Final","","Scopus","2-s2.0-85126583305"
"Su H.; Mariani A.; Ovur S.E.; Menciassi A.; Ferrigno G.; De Momi E.","Su, Hang (57203702628); Mariani, Andrea (55583117500); Ovur, Salih Ertug (57204781654); Menciassi, Arianna (7004244810); Ferrigno, Giancarlo (7005615860); De Momi, Elena (57203951877)","57203702628; 55583117500; 57204781654; 7004244810; 7005615860; 57203951877","Toward Teaching by Demonstration for Robot-Assisted Minimally Invasive Surgery","2021","IEEE Transactions on Automation Science and Engineering","18","2","9316273","484","494","10","171","10.1109/TASE.2020.3045655","https://www.scopus.com/inward/record.uri?eid=2-s2.0-85099261978&doi=10.1109%2fTASE.2020.3045655&partnerID=40&md5=ec8e4688f1d2b98b65b9d88284ca8ceb","Article","Final","All Open Access; Green Open Access","Scopus","2-s2.0-85099261978"
"Lee K.; Smith L.; Abbeel P.","Lee, Kimin (57190815749); Smith, Laura (57215319304); Abbeel, Pieter (8269962600)","57190815749; 57215319304; 8269962600","PEBBLE: Feedback-Efficient Interactive Reinforcement Learning via Relabeling Experience and Unsupervised Pre-training","2021","Proceedings of Machine Learning Research","139","","","6152","6163","11","47","","https://www.scopus.com/inward/record.uri?eid=2-s2.0-85161299499&partnerID=40&md5=987f6755b5ab357118d6c616f119c475","Conference paper","Final","","Scopus","2-s2.0-85161299499"
"Edinbarough I.; Gonzalez-Rodriguez J.A.","Edinbarough, Immanuel (57205010315); Gonzalez-Rodriguez, Jesus A. (57214451213)","57205010315; 57214451213","Embedded Curriculum with Industry-recognized Certifications to Improve the Marketability of Engineering Technology Graduates","2021","ASEE Annual Conference and Exposition, Conference Proceedings","","","","","","","0","","https://www.scopus.com/inward/record.uri?eid=2-s2.0-85124520486&partnerID=40&md5=bb3c64e4107d4d9b6d5260de79ba8512","Conference paper","Final","","Scopus","2-s2.0-85124520486"
"Knaust M.; Koert D.","Knaust, Moritz (57211024931); Koert, Dorothea (56682771900)","57211024931; 56682771900","Guided Robot Skill Learning: A User-Study on Learning Probabilistic Movement Primitives with Non-Experts","2021","IEEE-RAS International Conference on Humanoid Robots","2021-July","","","514","521","7","11","10.1109/HUMANOIDS47582.2021.9555785","https://www.scopus.com/inward/record.uri?eid=2-s2.0-85126057927&doi=10.1109%2fHUMANOIDS47582.2021.9555785&partnerID=40&md5=748cc0a2e2e9a5c501ff53203a12570b","Conference paper","Final","","Scopus","2-s2.0-85126057927"
"Spivak M.R.; Chan J.R.; Cooper M.S.; Petrucci C.; Sheridan A.M.; Tang T.Y.; Wright F.V.; Ryan J.L.","Spivak, Michaela R. (58095999700); Chan, Jillian R. (58095704300); Cooper, Mikayla S. (58096148600); Petrucci, Christina (57684581000); Sheridan, Alannah M. (58095999800); Tang, Tina Y. (58095851600); Wright, F. Virginia (57210590950); Ryan, Jennifer L. (57205755322)","58095999700; 58095704300; 58096148600; 57684581000; 58095999800; 58095851600; 57210590950; 57205755322","Reliability of the Revised Motor Learning Strategies Rating Instrument and Its Role in Describing the Motor Learning Strategy Content of Physiotherapy Sessions in Paediatric Acquired Brain Injury","2021","Physiotherapy Canada","73","4","","381","390","9","6","10.3138/ptc-2020-0014","https://www.scopus.com/inward/record.uri?eid=2-s2.0-85120842743&doi=10.3138%2fptc-2020-0014&partnerID=40&md5=70b8966e97189e49767cf239d1e21e95","Article","Final","All Open Access; Green Open Access","Scopus","2-s2.0-85120842743"
"Nias J.; Ruffin M.","Nias, Jaye (55532483700); Ruffin, Margie (57217096847)","55532483700; 57217096847","CultureBot: A culturally relevant humanoid robotic dialogue agent","2020","ACMSE 2020 - Proceedings of the 2020 ACM Southeast Conference","","","3385306","280","283","3","5","10.1145/3374135.3385306","https://www.scopus.com/inward/record.uri?eid=2-s2.0-85086179973&doi=10.1145%2f3374135.3385306&partnerID=40&md5=c223fec23942eb81ea10594282402ea9","Conference paper","Final","","Scopus","2-s2.0-85086179973"
"Blanchet K.; Bouzeghoub A.; Kchir S.; Lebec O.","Blanchet, Katleen (57212503634); Bouzeghoub, Amel (55995482600); Kchir, Selma (55440327600); Lebec, Olivier (55623188900)","57212503634; 55995482600; 55440327600; 55623188900","How to Guide Humans Towards Skills Improvement in Physical Human-Robot Collaboration Using Reinforcement Learning?","2020","Conference Proceedings - IEEE International Conference on Systems, Man and Cybernetics","2020-October","","9283469","4281","4287","6","5","10.1109/SMC42975.2020.9283469","https://www.scopus.com/inward/record.uri?eid=2-s2.0-85098872493&doi=10.1109%2fSMC42975.2020.9283469&partnerID=40&md5=3835e3e4d77844557822759a564e468b","Conference paper","Final","","Scopus","2-s2.0-85098872493"
"Luebbers M.B.; Brooks C.; Mueller C.L.; Szafir D.; Hayes B.","Luebbers, Matthew B. (57219739300); Brooks, Connor (57188741380); Mueller, Carl L. (57207831347); Szafir, Daniel (50362161600); Hayes, Bradley (55638866400)","57219739300; 57188741380; 57207831347; 50362161600; 55638866400","ARC-LfD: Using Augmented Reality for Interactive Long-Term Robot Skill Maintenance via Constrained Learning from Demonstration","2021","Proceedings - IEEE International Conference on Robotics and Automation","2021-May","","","909","916","7","24","10.1109/ICRA48506.2021.9561844","https://www.scopus.com/inward/record.uri?eid=2-s2.0-85125471834&doi=10.1109%2fICRA48506.2021.9561844&partnerID=40&md5=41745beff35d7414f863d297a1b0a305","Conference paper","Final","All Open Access; Green Open Access","Scopus","2-s2.0-85125471834"
"Li X.; Dai S.-L.; Yang C.","Li, Xian (57204158285); Dai, Shi-Lu (36877968100); Yang, Chenguang (55671767000)","57204158285; 36877968100; 55671767000","Vision-based Robot Handwriting Skill Reproduction and Generalization","2021","2021 27th International Conference on Mechatronics and Machine Vision in Practice, M2VIP 2021","","","","469","474","5","1","10.1109/M2VIP49856.2021.9665000","https://www.scopus.com/inward/record.uri?eid=2-s2.0-85124796947&doi=10.1109%2fM2VIP49856.2021.9665000&partnerID=40&md5=853ab767ee33138c0433d4fbac9d4677","Conference paper","Final","","Scopus","2-s2.0-85124796947"
"Shao L.; Migimatsu T.; Bohg J.","Shao, Lin (57202584207); Migimatsu, Toki (57193029206); Bohg, Jeannette (35071071500)","57202584207; 57193029206; 35071071500","Learning to Scaffold the Development of Robotic Manipulation Skills","2020","Proceedings - IEEE International Conference on Robotics and Automation","","","9197134","5671","5677","6","21","10.1109/ICRA40945.2020.9197134","https://www.scopus.com/inward/record.uri?eid=2-s2.0-85092714654&doi=10.1109%2fICRA40945.2020.9197134&partnerID=40&md5=8b3209801b4aa0200105bc6f030e8636","Conference paper","Final","All Open Access; Green Open Access","Scopus","2-s2.0-85092714654"
"Fu T.; Li F.; Zheng Y.; Song R.","Fu, Tianyu (57215423183); Li, Fengming (57207859872); Zheng, Yukun (57214754021); Song, Rui (7202051472)","57215423183; 57207859872; 57214754021; 7202051472","Process Learning of Robot Fabric Manipulation Based on Composite Reward Functions","2021","Lecture Notes in Computer Science (including subseries Lecture Notes in Artificial Intelligence and Lecture Notes in Bioinformatics)","13014 LNAI","","","163","174","11","1","10.1007/978-3-030-89098-8_16","https://www.scopus.com/inward/record.uri?eid=2-s2.0-85118198577&doi=10.1007%2f978-3-030-89098-8_16&partnerID=40&md5=1e2973d81f462979c5601859bdaaa54c","Conference paper","Final","","Scopus","2-s2.0-85118198577"
"Julian R.C.; Heiden E.; He Z.; Zhang H.; Schaal S.; Lim J.J.; Sukhatme G.S.; Hausman K.","Julian, Ryan C (57218584435); Heiden, Eric (57194621256); He, Zhanpeng (57218580541); Zhang, Hejia (57218863400); Schaal, Stefan (7007171558); Lim, Joseph J (35179571100); Sukhatme, Gaurav S (7003730870); Hausman, Karol (55920857000)","57218584435; 57194621256; 57218580541; 57218863400; 7007171558; 35179571100; 7003730870; 55920857000","Scaling simulation-to-real transfer by learning a latent space of robot skills","2020","International Journal of Robotics Research","39","10-11","","1259","1278","19","2","10.1177/0278364920944474","https://www.scopus.com/inward/record.uri?eid=2-s2.0-85089706706&doi=10.1177%2f0278364920944474&partnerID=40&md5=2f08c5676192cec9fdd55cfec9d6ac23","Article","Final","All Open Access; Bronze Open Access","Scopus","2-s2.0-85089706706"
"Padmanabha A.; Ebert F.; Tian S.; Calandra R.; Finn C.; Levine S.","Padmanabha, Akhil (57219443728); Ebert, Frederik (57210641677); Tian, Stephen (57210797753); Calandra, Roberto (55418579600); Finn, Chelsea (55938427500); Levine, Sergey (35731728100)","57219443728; 57210641677; 57210797753; 55418579600; 55938427500; 35731728100","OmniTact: A Multi-Directional High-Resolution Touch Sensor","2020","Proceedings - IEEE International Conference on Robotics and Automation","","","9196712","618","624","6","97","10.1109/ICRA40945.2020.9196712","https://www.scopus.com/inward/record.uri?eid=2-s2.0-85092705542&doi=10.1109%2fICRA40945.2020.9196712&partnerID=40&md5=a823574cebdf57a45f1a57a34c35b0d4","Conference paper","Final","All Open Access; Green Open Access","Scopus","2-s2.0-85092705542"
"Delpreto J.; Lipton J.I.; Sanneman L.; Fay A.J.; Fourie C.; Choi C.; Rus D.","Delpreto, Joseph (54792699300); Lipton, Jeffrey I. (37001011600); Sanneman, Lindsay (56743187700); Fay, Aidan J. (57207943302); Fourie, Christopher (57201238525); Choi, Changhyun (55585296000); Rus, Daniela (57218886083)","54792699300; 37001011600; 56743187700; 57207943302; 57201238525; 55585296000; 57218886083","Helping Robots Learn: A Human-Robot Master-Apprentice Model Using Demonstrations via Virtual Reality Teleoperation","2020","Proceedings - IEEE International Conference on Robotics and Automation","","","9196754","10226","10233","7","33","10.1109/ICRA40945.2020.9196754","https://www.scopus.com/inward/record.uri?eid=2-s2.0-85092730980&doi=10.1109%2fICRA40945.2020.9196754&partnerID=40&md5=b6733bed01146fbedf992d38975dcc8e","Conference paper","Final","","Scopus","2-s2.0-85092730980"
"Verleysen A.; Holvoet T.; Proesmans R.; Den Haese C.; Wyffels F.","Verleysen, Andreas (57217867354); Holvoet, Thomas (59569971900); Proesmans, Remko (57217531219); Den Haese, Cedric (57217530368); Wyffels, Francis (25822742900)","57217867354; 59569971900; 57217531219; 57217530368; 25822742900","Simpler learning of robotic manipulation of clothing by utilizing DIY smart textile technology","2020","Applied Sciences (Switzerland)","10","12","4088","","","","6","10.3390/APP10124088","https://www.scopus.com/inward/record.uri?eid=2-s2.0-85087354496&doi=10.3390%2fAPP10124088&partnerID=40&md5=bb54eb1321bd2436a181a2fd7adf952e","Article","Final","All Open Access; Gold Open Access; Green Open Access","Scopus","2-s2.0-85087354496"
"Xiong H.; Li Q.; Chen Y.-C.; Bharadhwaj H.; Sinha S.; Garg A.","Xiong, Haoyu (57222100381); Li, Quanzhou (57222098314); Chen, Yun-Chun (57201549426); Bharadhwaj, Homanga (57203304662); Sinha, Samarth (57214467279); Garg, Animesh (55561356700)","57222100381; 57222098314; 57201549426; 57203304662; 57214467279; 55561356700","Learning by Watching: Physical Imitation of Manipulation Skills from Human Videos","2021","IEEE International Conference on Intelligent Robots and Systems","","","","7827","7834","7","34","10.1109/IROS51168.2021.9636080","https://www.scopus.com/inward/record.uri?eid=2-s2.0-85124342696&doi=10.1109%2fIROS51168.2021.9636080&partnerID=40&md5=626e00694bb26424f3a5ddcab1c322f4","Conference paper","Final","All Open Access; Green Open Access","Scopus","2-s2.0-85124342696"
"Chen D.; He J.; Chen G.; Yu X.; He M.; Yang Y.; Li J.; Zhou X.","Chen, Dingping (57218920668); He, Jilin (23974252200); Chen, Guanyu (57196191870); Yu, Xiaopeng (57218916903); He, Miaolei (57190883517); Yang, Youwen (57189065475); Li, Junsong (57219859529); Zhou, Xuanyi (57190885661)","57218920668; 23974252200; 57196191870; 57218916903; 57190883517; 57189065475; 57219859529; 57190885661","Human-robot skill transfer systems for mobile robot based on multi sensor fusion","2020","29th IEEE International Conference on Robot and Human Interactive Communication, RO-MAN 2020","","","9223440","1354","1359","5","7","10.1109/RO-MAN47096.2020.9223440","https://www.scopus.com/inward/record.uri?eid=2-s2.0-85095772082&doi=10.1109%2fRO-MAN47096.2020.9223440&partnerID=40&md5=d24ada1bb01c94c42ee582f457061d0d","Conference paper","Final","","Scopus","2-s2.0-85095772082"
"Hangl S.; Dunjko V.; Briegel H.J.; Piater J.","Hangl, Simon (55357651500); Dunjko, Vedran (54408358500); Briegel, Hans J. (7005581254); Piater, Justus (8935537700)","55357651500; 54408358500; 7005581254; 8935537700","Skill Learning by Autonomous Robotic Playing Using Active Learning and Exploratory Behavior Composition","2020","Frontiers in Robotics and AI","7","","42","","","","10","10.3389/frobt.2020.00042","https://www.scopus.com/inward/record.uri?eid=2-s2.0-85083484020&doi=10.3389%2ffrobt.2020.00042&partnerID=40&md5=81638948d5026f4dccf755f686433aad","Article","Final","All Open Access; Gold Open Access; Green Open Access","Scopus","2-s2.0-85083484020"
"Kirschner R.J.; Kurdas A.; Karacan K.; Junge P.; Baradaran Birjandi S.A.; Mansfeld N.; Abdolshah S.; Haddadin S.","Kirschner, Robin Jeanne (57223928721); Kurdas, Alexander (57223927106); Karacan, Kubra (57496823000); Junge, Philipp (57446291200); Baradaran Birjandi, Seyed Ali (57214839569); Mansfeld, Nico (55556621500); Abdolshah, Saeed (37071846300); Haddadin, Sami (23008499000)","57223928721; 57223927106; 57496823000; 57446291200; 57214839569; 55556621500; 37071846300; 23008499000","Towards a Reference Framework for Tactile Robot Performance and Safety Benchmarking","2021","IEEE International Conference on Intelligent Robots and Systems","","","","4290","4297","7","18","10.1109/IROS51168.2021.9636329","https://www.scopus.com/inward/record.uri?eid=2-s2.0-85124336569&doi=10.1109%2fIROS51168.2021.9636329&partnerID=40&md5=1a8ee186ed5533cf19b8e89fa8ea71a6","Conference paper","Final","","Scopus","2-s2.0-85124336569"
"Morgan A.S.; Nandha D.; Chalvatzaki G.; D'Eramo C.; Dollar A.M.; Peters J.","Morgan, Andrew S. (57207882057); Nandha, Daljeet (57222899528); Chalvatzaki, Georgia (56237142400); D'Eramo, Carlo (57192164496); Dollar, Aaron M. (8637648600); Peters, Jan (35248912800)","57207882057; 57222899528; 56237142400; 57192164496; 8637648600; 35248912800","Model Predictive Actor-Critic: Accelerating Robot Skill Acquisition with Deep Reinforcement Learning","2021","Proceedings - IEEE International Conference on Robotics and Automation","2021-May","","","6672","6678","6","30","10.1109/ICRA48506.2021.9561298","https://www.scopus.com/inward/record.uri?eid=2-s2.0-85125443895&doi=10.1109%2fICRA48506.2021.9561298&partnerID=40&md5=b0b61bb41678e4d25d48f37bd821daf6","Conference paper","Final","All Open Access; Green Open Access","Scopus","2-s2.0-85125443895"
"Thompson S.; Mannam P.; Temel Z.; Kroemer O.","Thompson, Skye (57470802500); Mannam, Pragna (57206780734); Temel, Zeynep (48862167300); Kroemer, Oliver (35194171900)","57470802500; 57206780734; 48862167300; 35194171900","Towards Robust Planar Translations using Delta-manipulator Arrays","2021","Proceedings - IEEE International Conference on Robotics and Automation","2021-May","","","6563","6569","6","5","10.1109/ICRA48506.2021.9561003","https://www.scopus.com/inward/record.uri?eid=2-s2.0-85125440264&doi=10.1109%2fICRA48506.2021.9561003&partnerID=40&md5=17694d9d308a050c3f1d4af1bab1beb4","Conference paper","Final","","Scopus","2-s2.0-85125440264"
"Ateş G.; Kyrkjebø E.","Ateş, Gizem (57195430395); Kyrkjebø, Erik (15925412000)","57195430395; 15925412000","Human-Robot Cooperative Lifting Using IMUs and Human Gestures","2021","Lecture Notes in Computer Science (including subseries Lecture Notes in Artificial Intelligence and Lecture Notes in Bioinformatics)","13054 LNAI","","","88","99","11","5","10.1007/978-3-030-89177-0_9","https://www.scopus.com/inward/record.uri?eid=2-s2.0-85119346281&doi=10.1007%2f978-3-030-89177-0_9&partnerID=40&md5=01b1a5b9775ff6ce8005a4d92e707de2","Conference paper","Final","","Scopus","2-s2.0-85119346281"
"Hsieh Y.-H.; Mok A.","Hsieh, Yi-Hsuan (55635059700); Mok, Aloysius (7006798508)","55635059700; 7006798508","SQGS: Sensing-based Quality-aware Robot Programming Guidance System for Non-experts","2021","IEEE International Conference on Emerging Technologies and Factory Automation, ETFA","2021-September","","","","","","0","10.1109/ETFA45728.2021.9613349","https://www.scopus.com/inward/record.uri?eid=2-s2.0-85122944092&doi=10.1109%2fETFA45728.2021.9613349&partnerID=40&md5=70f930fb9a703ede2bcf2691b58e0117","Conference paper","Final","","Scopus","2-s2.0-85122944092"
"Celik O.; Zhou D.; Li G.; Becker P.; Neumann G.","Celik, Onur (57376156700); Zhou, Dongzhuoran (57375849100); Li, Ge (57376004700); Becker, Philipp (57213687956); Neumann, Gerhard (23392898000)","57376156700; 57375849100; 57376004700; 57213687956; 23392898000","Specializing Versatile Skill Libraries using Local Mixture of Experts","2021","Proceedings of Machine Learning Research","164","","","1423","1433","10","26","","https://www.scopus.com/inward/record.uri?eid=2-s2.0-85122468898&partnerID=40&md5=7ab14d9cf2c3d322f92ee52e05e968ac","Conference paper","Final","","Scopus","2-s2.0-85122468898"
"Mees O.; Merklinger M.; Kalweit G.; Burgard W.","Mees, Oier (57192430420); Merklinger, Markus (57219443831); Kalweit, Gabriel (57215558282); Burgard, Wolfram (7003610380)","57192430420; 57219443831; 57215558282; 7003610380","Adversarial Skill Networks: Unsupervised Robot Skill Learning from Video","2020","Proceedings - IEEE International Conference on Robotics and Automation","","","9196582","4188","4194","6","26","10.1109/ICRA40945.2020.9196582","https://www.scopus.com/inward/record.uri?eid=2-s2.0-85092710205&doi=10.1109%2fICRA40945.2020.9196582&partnerID=40&md5=5d9b64841aaf7d1de7186e7bb6d4caa0","Conference paper","Final","All Open Access; Green Open Access","Scopus","2-s2.0-85092710205"
"Loncarcvic Z.; Ude A.; Gams A.","Loncarcvic, Zvezdan (57207203815); Ude, Ales (6701345288); Gams, Andrej (15622806800)","57207203815; 6701345288; 15622806800","Accelerated Robot Skill Acquisition by Reinforcement Learning-Aided Sim-to-Real Domain Adaptation","2021","2021 20th International Conference on Advanced Robotics, ICAR 2021","","","","269","274","5","3","10.1109/ICAR53236.2021.9659351","https://www.scopus.com/inward/record.uri?eid=2-s2.0-85124707013&doi=10.1109%2fICAR53236.2021.9659351&partnerID=40&md5=146865e02cd257215fae21c62c5e078c","Conference paper","Final","","Scopus","2-s2.0-85124707013"
"Madsen S.; Jami M.; Petersen H.G.","Madsen, Steffen (57195904606); Jami, Milad (57195629011); Petersen, Henrik G. (7203049218)","57195904606; 57195629011; 7203049218","Automated Generation of Robot Trajectories for Assembly Processes Requiring Only Sparse Manual Input","2021","Proceedings - IEEE International Conference on Robotics and Automation","2021-May","","","700","707","7","3","10.1109/ICRA48506.2021.9561465","https://www.scopus.com/inward/record.uri?eid=2-s2.0-85125475748&doi=10.1109%2fICRA48506.2021.9561465&partnerID=40&md5=0d975dfecb80dc7f85a6dbaa711d66c9","Conference paper","Final","","Scopus","2-s2.0-85125475748"
"Gui B.; Qian K.; Chen S.; Jing X.; Ma X.","Gui, Boxing (57211537837); Qian, Kun (35243175300); Chen, Shenghao (57222004814); Jing, Xingshuo (57216936905); Ma, Xudong (7404549392)","57211537837; 35243175300; 57222004814; 57216936905; 7404549392","Knowledge Induced Deep Q-Network for Robot Push and Grasp Manipulation Skills Learning","2020","Proceedings - 2020 Chinese Automation Congress, CAC 2020","","","9326745","4078","4083","5","2","10.1109/CAC51589.2020.9326745","https://www.scopus.com/inward/record.uri?eid=2-s2.0-85100937556&doi=10.1109%2fCAC51589.2020.9326745&partnerID=40&md5=4a612c4a255c2b5a07a7b25db30ac8ce","Conference paper","Final","","Scopus","2-s2.0-85100937556"
"Pane Y.; Aertbelien E.; Schutter J.D.; Decre W.","Pane, Yudha (55625658500); Aertbelien, Erwin (6507096344); Schutter, Joris De (36010136600); Decre, Wilm (16199340100)","55625658500; 6507096344; 36010136600; 16199340100","Skill-based programming framework for composable reactive robot behaviors","2020","IEEE International Conference on Intelligent Robots and Systems","","","9340985","7087","7094","7","6","10.1109/IROS45743.2020.9340985","https://www.scopus.com/inward/record.uri?eid=2-s2.0-85102414081&doi=10.1109%2fIROS45743.2020.9340985&partnerID=40&md5=4ce61f18db4c4afa4572eb048f1a375d","Conference paper","Final","","Scopus","2-s2.0-85102414081"
"Fu J.; Du J.; Teng X.; Fu Y.; Wu L.","Fu, Jian (49661360600); Du, Jinyu (57210426672); Teng, Xiang (57210430079); Fu, Yuxiang (58555518200); Wu, Lu (57059587600)","49661360600; 57210426672; 57210430079; 58555518200; 57059587600","Adaptive multi-task human-robot interaction based on human behavioral intention","2021","IEEE Access","9","","","133762","133773","11","7","10.1109/ACCESS.2021.3115756","https://www.scopus.com/inward/record.uri?eid=2-s2.0-85117015793&doi=10.1109%2fACCESS.2021.3115756&partnerID=40&md5=4d3483d2fa81b8ae3b8d4eb976f5d465","Article","Final","All Open Access; Gold Open Access","Scopus","2-s2.0-85117015793"
"Pahič R.; Lončarević Z.; Gams A.; Ude A.","Pahič, Rok (57207197207); Lončarević, Zvezdan (57207203815); Gams, Andrej (15622806800); Ude, Aleš (6701345288)","57207197207; 57207203815; 15622806800; 6701345288","Robot skill learning in latent space of a deep autoencoder neural network","2021","Robotics and Autonomous Systems","135","","103690","","","","30","10.1016/j.robot.2020.103690","https://www.scopus.com/inward/record.uri?eid=2-s2.0-85095915881&doi=10.1016%2fj.robot.2020.103690&partnerID=40&md5=1c2a783421d109d8a6f2d02e53a412cf","Article","Final","All Open Access; Green Open Access; Hybrid Gold Open Access","Scopus","2-s2.0-85095915881"
"Zhang F.; Liu Z.; Xiong F.; Su J.; Qiao H.","Zhang, Fengyi (57204878356); Liu, Zhiyong (56118218400); Xiong, Fangzhou (57197828274); Su, Jianhua (35622766500); Qiao, Hong (56020202800)","57204878356; 56118218400; 57197828274; 35622766500; 56020202800","WAGNN: A Weighted Aggregation Graph Neural Network for robot skill learning","2020","Robotics and Autonomous Systems","130","","103555","","","","8","10.1016/j.robot.2020.103555","https://www.scopus.com/inward/record.uri?eid=2-s2.0-85084742089&doi=10.1016%2fj.robot.2020.103555&partnerID=40&md5=b429d35cb0ec66e7b45ce911ce3154e2","Article","Final","","Scopus","2-s2.0-85084742089"
"Li J.; Wang J.; Wang S.; Peng H.; Wen Q.; Zhang L.; Lin M.","Li, Jiehao (57209298595); Wang, Junzheng (8342362100); Wang, Shoukun (7410343798); Peng, Hui (57196189787); Wen, Qi (57194568340); Zhang, Longbin (57156619300); Lin, Meina (57219414832)","57209298595; 8342362100; 7410343798; 57196189787; 57194568340; 57156619300; 57219414832","A Human-Robot Skill Transfer Framework of Mobile Medical Robots for Autonomous Motion with Teaching by Demonstration","2020","ICARM 2020 - 2020 5th IEEE International Conference on Advanced Robotics and Mechatronics","","","9195398","209","213","4","1","10.1109/ICARM49381.2020.9195398","https://www.scopus.com/inward/record.uri?eid=2-s2.0-85092611912&doi=10.1109%2fICARM49381.2020.9195398&partnerID=40&md5=075facf001ae72110b8e45f19a3dcc8d","Conference paper","Final","","Scopus","2-s2.0-85092611912"
"Sawhney A.; Lee S.; Zhang K.; Veloso M.; Kroemer O.","Sawhney, Amrita (57222056982); Lee, Steven (57221149885); Zhang, Kevin (57204146458); Veloso, Manuela (7006520632); Kroemer, Oliver (35194171900)","57222056982; 57221149885; 57204146458; 7006520632; 35194171900","Playing with Food: Learning Food Item Representations Through Interactive Exploration","2021","Springer Proceedings in Advanced Robotics","19","","","309","322","13","11","10.1007/978-3-030-71151-1_28","https://www.scopus.com/inward/record.uri?eid=2-s2.0-85107043220&doi=10.1007%2f978-3-030-71151-1_28&partnerID=40&md5=9f72c54f215f1c9503b8ef7624dee30a","Book chapter","Final","","Scopus","2-s2.0-85107043220"
"Ruppel P.; Zhang J.","Ruppel, Philipp (57205408108); Zhang, Jianwei (56039580400)","57205408108; 56039580400","Learning object manipulation with dexterous hand-arm systems from human demonstration","2020","IEEE International Conference on Intelligent Robots and Systems","","","9340966","5417","5424","7","19","10.1109/IROS45743.2020.9340966","https://www.scopus.com/inward/record.uri?eid=2-s2.0-85102395144&doi=10.1109%2fIROS45743.2020.9340966&partnerID=40&md5=20c55d75c7675d9d6120784e39fd317c","Conference paper","Final","","Scopus","2-s2.0-85102395144"
"Weng C.-Y.; Yuan Q.; Suárez-Ruiz F.; Chen I.-M.","Weng, Ching-Yen (57203387716); Yuan, Qilong (59580523200); Suárez-Ruiz, Francisco (55555932600); Chen, I-Ming (7402043226)","57203387716; 59580523200; 55555932600; 7402043226","A Telemanipulation-Based Human-Robot Collaboration Method to Teach Aerospace Masking Skills","2020","IEEE Transactions on Industrial Informatics","16","5","8669950","3076","3084","8","30","10.1109/TII.2019.2906063","https://www.scopus.com/inward/record.uri?eid=2-s2.0-85079796174&doi=10.1109%2fTII.2019.2906063&partnerID=40&md5=362c8bbb2250ae0ff1980ce06c831dd4","Article","Final","","Scopus","2-s2.0-85079796174"
"Zhao L.; Lu L.; Wang C.","Zhao, Leidi (57207406351); Lu, Lu (55474677600); Wang, Cong (55846570500)","57207406351; 55474677600; 55846570500","Handling crowdsourced data using state space discretization for robot learning and synthesizing physical skills","2020","International Journal of Intelligent Robotics and Applications","4","4","","390","402","12","2","10.1007/s41315-020-00152-1","https://www.scopus.com/inward/record.uri?eid=2-s2.0-85096002011&doi=10.1007%2fs41315-020-00152-1&partnerID=40&md5=73c2d0320aad0d0542720051cf973906","Article","Final","","Scopus","2-s2.0-85096002011"
"Pane Y.; Arbo M.H.; Aertbelien E.; Decre W.","Pane, Yudha (55625658500); Arbo, Mathias Hauan (56516649700); Aertbelien, Erwin (6507096344); Decre, Wilm (16199340100)","55625658500; 56516649700; 6507096344; 16199340100","A System Architecture for CAD-Based Robotic Assembly with Sensor-Based Skills","2020","IEEE Transactions on Automation Science and Engineering","17","3","9061146","1237","1249","12","20","10.1109/TASE.2020.2980628","https://www.scopus.com/inward/record.uri?eid=2-s2.0-85083436769&doi=10.1109%2fTASE.2020.2980628&partnerID=40&md5=58685030e89170d23b06cb1f534b9196","Article","Final","","Scopus","2-s2.0-85083436769"
"Gualtieri M.; Platt R.","Gualtieri, Marcus (57192421353); Platt, Robert (7102023517)","57192421353; 7102023517","Learning Manipulation Skills via Hierarchical Spatial Attention","2020","IEEE Transactions on Robotics","36","4","9023569","1067","1078","11","8","10.1109/TRO.2020.2974093","https://www.scopus.com/inward/record.uri?eid=2-s2.0-85081289598&doi=10.1109%2fTRO.2020.2974093&partnerID=40&md5=7ed923f452ff3f8eba9b33f7a82528c2","Article","Final","All Open Access; Bronze Open Access; Green Open Access","Scopus","2-s2.0-85081289598"
"Liu N.; Zhou X.; Liu Z.; Wang H.; Cui L.","Liu, Nailong (57155600800); Zhou, Xiaodong (57192705895); Liu, Zhaoming (57155599400); Wang, Hongwei (54997325400); Cui, Long (36184062900)","57155600800; 57192705895; 57155599400; 54997325400; 36184062900","Learning peg-in-hole assembly using Cartesian DMPs with feedback mechanism","2020","Assembly Automation","40","6","","895","904","9","24","10.1108/AA-04-2020-0053","https://www.scopus.com/inward/record.uri?eid=2-s2.0-85092715991&doi=10.1108%2fAA-04-2020-0053&partnerID=40&md5=7e8cc14c73a651ff284aba829bc73215","Article","Final","","Scopus","2-s2.0-85092715991"
"Wuthier D.; Rovida F.; Fumagalli M.; Krüger V.","Wuthier, D. (57191051680); Rovida, F. (56732803900); Fumagalli, M. (35302075300); Krüger, V. (7003464904)","57191051680; 56732803900; 35302075300; 7003464904","Productive Multitasking for Industrial Robots","2021","Proceedings - IEEE International Conference on Robotics and Automation","2021-May","","","12654","12661","7","6","10.1109/ICRA48506.2021.9561266","https://www.scopus.com/inward/record.uri?eid=2-s2.0-85125442186&doi=10.1109%2fICRA48506.2021.9561266&partnerID=40&md5=2a543a60eb05d5e9ab11409f7c4797fb","Conference paper","Final","All Open Access; Green Open Access","Scopus","2-s2.0-85125442186"
"Shahmohammadi M.; Dwivedi A.; Nielsen P.; Taberner A.; Liarokapis M.","Shahmohammadi, Mojtaba (57320136800); Dwivedi, Anany (57195424941); Nielsen, Poul (7402902899); Taberner, Andrew (57892110300); Liarokapis, Minas (36802202100)","57320136800; 57195424941; 7402902899; 57892110300; 36802202100","On Lightmyography: A New Muscle Machine Interfacing Method for Decoding Human Intention and Motion","2021","Proceedings of the Annual International Conference of the IEEE Engineering in Medicine and Biology Society, EMBS","","","","4744","4748","4","5","10.1109/EMBC46164.2021.9630177","https://www.scopus.com/inward/record.uri?eid=2-s2.0-85122528751&doi=10.1109%2fEMBC46164.2021.9630177&partnerID=40&md5=91f4b112081765ade6c44164b62c1bfd","Conference paper","Final","","Scopus","2-s2.0-85122528751"
"Tunstel E.; Dani A.; Martinez C.; Blakeslee B.; Mendoza J.; Saltus R.; Trombetta D.; Rotithor G.; Fuhlbrigge T.; Lasko D.; Wang J.","Tunstel, Edward (55944351300); Dani, Ashwin (24922822300); Martinez, Carlos (56309858900); Blakeslee, Brigid (57212466490); Mendoza, Jeffrey (57852522800); Saltus, Ryan (57211024211); Trombetta, Daniel (57205688918); Rotithor, Ghananeel (57211018427); Fuhlbrigge, Tom (18436285300); Lasko, Daniel (57190885911); Wang, Jianjun (56036043400)","55944351300; 24922822300; 56309858900; 57212466490; 57852522800; 57211024211; 57205688918; 57211018427; 18436285300; 57190885911; 56036043400","Robotic wire pinning for wire harness assembly automation","2020","IEEE/ASME International Conference on Advanced Intelligent Mechatronics, AIM","2020-July","","9158905","1208","1215","7","5","10.1109/AIM43001.2020.9158905","https://www.scopus.com/inward/record.uri?eid=2-s2.0-85090385212&doi=10.1109%2fAIM43001.2020.9158905&partnerID=40&md5=39a4ae8f8cddd802d09eb27b47495b67","Conference paper","Final","","Scopus","2-s2.0-85090385212"
"Rozo L.; Guo M.; Kupcsik A.G.; Todescato M.; Schillinger P.; Giftthaler M.; Ochs M.; Spies M.; Waniek N.; Kesper P.; Burger M.","Rozo, Leonel (36603179000); Guo, Meng (55921188600); Kupcsik, Andras G. (56024620600); Todescato, Marco (56664410800); Schillinger, Philipp (55809616600); Giftthaler, Markus (56032250500); Ochs, Matthias (57221148847); Spies, Markus (57191032539); Waniek, Nicolai (56338432400); Kesper, Patrick (55978629100); Burger, Mathias (34871669500)","36603179000; 55921188600; 56024620600; 56664410800; 55809616600; 56032250500; 57221148847; 57191032539; 56338432400; 55978629100; 34871669500","Learning and sequencing of object-centric manipulation skills for industrial tasks","2020","IEEE International Conference on Intelligent Robots and Systems","","","9341570","9072","9079","7","18","10.1109/IROS45743.2020.9341570","https://www.scopus.com/inward/record.uri?eid=2-s2.0-85102414454&doi=10.1109%2fIROS45743.2020.9341570&partnerID=40&md5=0bad7a9e7003cce014290f8de7cb1eb3","Conference paper","Final","All Open Access; Green Open Access","Scopus","2-s2.0-85102414454"
"Zhou X.; He J.; Chen D.; Li J.; Jiang C.; Ji M.; He M.","Zhou, Xuanyi (57190885661); He, Jilin (23974252200); Chen, Dingping (57218920668); Li, Junsong (57219859529); Jiang, Chunshan (57223690668); Ji, Mengyuan (57223710172); He, Miaolei (57190883517)","57190885661; 23974252200; 57218920668; 57219859529; 57223690668; 57223710172; 57190883517","Human-robot skills transfer interface for UAV-based precision pesticide in dynamic environments","2021","Assembly Automation","41","3","","345","357","12","20","10.1108/AA-11-2020-0161","https://www.scopus.com/inward/record.uri?eid=2-s2.0-85106067286&doi=10.1108%2fAA-11-2020-0161&partnerID=40&md5=8e57a311d97f650f6b51f98d1cc7c51b","Article","Final","","Scopus","2-s2.0-85106067286"
"Balakuntala M.V.; Kaur U.; Ma X.; Wachs J.; Voyles R.M.","Balakuntala, Mythra V. (57202890668); Kaur, Upinder (57469198400); Ma, Xin (55242177400); Wachs, Juan (9241519000); Voyles, Richard M. (7003647915)","57202890668; 57469198400; 55242177400; 9241519000; 7003647915","Learning Multimodal Contact-Rich Skills from Demonstrations Without Reward Engineering","2021","Proceedings - IEEE International Conference on Robotics and Automation","2021-May","","","2562","2568","6","8","10.1109/ICRA48506.2021.9561734","https://www.scopus.com/inward/record.uri?eid=2-s2.0-85125452426&doi=10.1109%2fICRA48506.2021.9561734&partnerID=40&md5=bb91354c56f607c940fa7b82e543a7f9","Conference paper","Final","All Open Access; Green Open Access","Scopus","2-s2.0-85125452426"
"Yao J.; Liu Y.; Lin T.; Ping X.; Xu H.; Wang W.; Xiao Y.; Zhang L.; Wang L.","Yao, Junying (58393225900); Liu, Yongkui (36834231200); Lin, Tingyu (57022648700); Ping, Xubin (36444186300); Xu, He (57226027910); Wang, Wenxiao (57226750744); Xiao, Yingying (55352447900); Zhang, Lin (56031107200); Wang, Lihui (55080150600)","58393225900; 36834231200; 57022648700; 36444186300; 57226027910; 57226750744; 55352447900; 56031107200; 55080150600","Robotic grasping training using deep reinforcement learning with policy guidance mechanism","2021","Proceedings of the ASME 2021 16th International Manufacturing Science and Engineering Conference, MSEC 2021","2","","","","","","4","10.1115/MSEC2021-63974","https://www.scopus.com/inward/record.uri?eid=2-s2.0-85112507406&doi=10.1115%2fMSEC2021-63974&partnerID=40&md5=f091810a94a0bf28cd6dd3a458c00f6c","Conference paper","Final","","Scopus","2-s2.0-85112507406"
"Braun M.; Wrede S.","Braun, Marco (57219502823); Wrede, Sebastian (6602995929)","57219502823; 6602995929","Incorporation of Expert Knowledge for Learning Robotic Assembly Tasks","2020","IEEE International Conference on Emerging Technologies and Factory Automation, ETFA","2020-September","","9211917","1594","1601","7","9","10.1109/ETFA46521.2020.9211917","https://www.scopus.com/inward/record.uri?eid=2-s2.0-85093362671&doi=10.1109%2fETFA46521.2020.9211917&partnerID=40&md5=936c61da9f355dc663d5465f27a111ca","Conference paper","Final","","Scopus","2-s2.0-85093362671"
"Guerin F.; Ferreira P.","Guerin, Frank (23396695000); Ferreira, Paulo (57196905533)","23396695000; 57196905533","Robot Manipulation in Open Environments: New Perspectives","2020","IEEE Transactions on Cognitive and Developmental Systems","12","3","8731700","669","675","6","7","10.1109/TCDS.2019.2921098","https://www.scopus.com/inward/record.uri?eid=2-s2.0-85091145549&doi=10.1109%2fTCDS.2019.2921098&partnerID=40&md5=46dff247b519a8c6e9000ec31a107105","Article","Final","","Scopus","2-s2.0-85091145549"
"Weng C.-Y.; Yuan Q.; Lim Z.J.; Chen I.-M.","Weng, Ching-Yen (57203387716); Yuan, Qilong (59580523200); Lim, Zhong Jin (57209365400); Chen, I-Ming (7402043226)","57203387716; 59580523200; 57209365400; 7402043226","Applications of Light-Weight Wearable Devices to Online Programming of Industrial Dual-Arm Robots","2020","Unmanned Systems","8","3","","211","219","8","3","10.1142/S2301385020500144","https://www.scopus.com/inward/record.uri?eid=2-s2.0-85082742407&doi=10.1142%2fS2301385020500144&partnerID=40&md5=795124192037ffd2fd793b87e8a751dd","Article","Final","","Scopus","2-s2.0-85082742407"
"Zhou Y.; Gao J.; Asfour T.","Zhou, You (57192426317); Gao, Jianfeng (57207189214); Asfour, Tamim (15724268700)","57192426317; 57207189214; 15724268700","Movement primitive learning and generalization: Using mixture density networks","2020","IEEE Robotics and Automation Magazine","27","2","9057560","22","32","10","27","10.1109/MRA.2020.2980591","https://www.scopus.com/inward/record.uri?eid=2-s2.0-85083011781&doi=10.1109%2fMRA.2020.2980591&partnerID=40&md5=31020f8ef88d0c7488d9421e69fb9a16","Article","Final","All Open Access; Green Open Access; Hybrid Gold Open Access","Scopus","2-s2.0-85083011781"
"Tabrez A.; Kawell J.; Hayes B.","Tabrez, Aaquib (57208160542); Kawell, Jack (57201402201); Hayes, Bradley (55638866400)","57208160542; 57201402201; 55638866400","Asking the Right Questions: Facilitating Semantic Constraint Specification for Robot Skill Learning and Repair","2021","IEEE International Conference on Intelligent Robots and Systems","","","","6217","6224","7","2","10.1109/IROS51168.2021.9636375","https://www.scopus.com/inward/record.uri?eid=2-s2.0-85124357870&doi=10.1109%2fIROS51168.2021.9636375&partnerID=40&md5=8a9703225619a1fa2712ac27cea2cb92","Conference paper","Final","All Open Access; Green Open Access","Scopus","2-s2.0-85124357870"
"Schäle D.; Stoelen M.F.; Kyrkjebø E.","Schäle, Daniel (57205363715); Stoelen, Martin F. (36175043400); Kyrkjebø, Erik (15925412000)","57205363715; 36175043400; 15925412000","Priors Inspired by Speed-Accuracy Trade-Offs for Incremental Learning of Probabilistic Movement Primitives","2021","Lecture Notes in Computer Science (including subseries Lecture Notes in Artificial Intelligence and Lecture Notes in Bioinformatics)","13054 LNAI","","","273","283","10","1","10.1007/978-3-030-89177-0_28","https://www.scopus.com/inward/record.uri?eid=2-s2.0-85119346233&doi=10.1007%2f978-3-030-89177-0_28&partnerID=40&md5=69f05236fc97aef86bb018b752cbdb66","Conference paper","Final","","Scopus","2-s2.0-85119346233"
"Khader S.A.; Yin H.; Falco P.; Kragic D.","Khader, Shahbaz Abdul (57215362667); Yin, Hang (57214820289); Falco, Pietro (47361065800); Kragic, Danica (6701873248)","57215362667; 57214820289; 47361065800; 6701873248","Learning Stable Normalizing-Flow Control for Robotic Manipulation","2021","Proceedings - IEEE International Conference on Robotics and Automation","2021-May","","","1644","1650","6","9","10.1109/ICRA48506.2021.9562071","https://www.scopus.com/inward/record.uri?eid=2-s2.0-85125487703&doi=10.1109%2fICRA48506.2021.9562071&partnerID=40&md5=b97cde0a4082529c208f5d88f5bb8ba9","Conference paper","Final","All Open Access; Green Open Access","Scopus","2-s2.0-85125487703"
"Liu Y.; Li Z.; Liu H.; Kan Z.","Liu, Yueyue (57193118072); Li, Zhijun (56266709300); Liu, Huaping (35272617500); Kan, Zhen (36548225700)","57193118072; 56266709300; 35272617500; 36548225700","Skill transfer learning for autonomous robots and human–robot cooperation: A survey","2020","Robotics and Autonomous Systems","128","","103515","","","","82","10.1016/j.robot.2020.103515","https://www.scopus.com/inward/record.uri?eid=2-s2.0-85083088888&doi=10.1016%2fj.robot.2020.103515&partnerID=40&md5=3f105e02d84776297a0e0391239b16bd","Article","Final","","Scopus","2-s2.0-85083088888"
"Guo S.; Wang Y.; Zhao Y.; Cui J.; Ma Y.; Mao G.; Hong S.","Guo, Shuxiang (7403650655); Wang, Yuxin (57195944513); Zhao, Yan (55972425300); Cui, Jinxin (57201497034); Ma, Youchun (57218103249); Mao, Gengsheng (56034517200); Hong, Shunming (57204589114)","7403650655; 57195944513; 55972425300; 57201497034; 57218103249; 56034517200; 57204589114","A Surgeon's Operating Skills-Based Non-Interference Operation Detection Method for Novel Vascular Interventional Surgery Robot Systems","2020","IEEE Sensors Journal","20","7","8936945","3879","3891","12","28","10.1109/JSEN.2019.2960926","https://www.scopus.com/inward/record.uri?eid=2-s2.0-85081981253&doi=10.1109%2fJSEN.2019.2960926&partnerID=40&md5=3d3cc48af07c48d9ee5996a8e3f4119d","Article","Final","","Scopus","2-s2.0-85081981253"
"Eiband T.; Lee D.","Eiband, Thomas (57189455973); Lee, Dongheui (55661385300)","57189455973; 55661385300","Identification of Common Force-based Robot Skills from the Human and Robot Perspective","2021","IEEE-RAS International Conference on Humanoid Robots","2021-July","","","507","513","6","8","10.1109/HUMANOIDS47582.2021.9555681","https://www.scopus.com/inward/record.uri?eid=2-s2.0-85121016075&doi=10.1109%2fHUMANOIDS47582.2021.9555681&partnerID=40&md5=df4868019dbee853ac5571fcb0fa185f","Conference paper","Final","All Open Access; Green Open Access","Scopus","2-s2.0-85121016075"
"Hyonyoung H.; Eunseo L.; Hyunchul K.","Hyonyoung, Han (59644242100); Eunseo, Lee (57221379074); Hyunchul, Kang (57221378172)","59644242100; 57221379074; 57221378172","Development of Unit Robot Skill based Task Recipe for Task Planning","2020","International Conference on ICT Convergence","2020-October","","9289373","1720","1722","2","2","10.1109/ICTC49870.2020.9289373","https://www.scopus.com/inward/record.uri?eid=2-s2.0-85098944799&doi=10.1109%2fICTC49870.2020.9289373&partnerID=40&md5=93aca684967b9c8d72a924463e6ab22a","Conference paper","Final","","Scopus","2-s2.0-85098944799"
"Nakayama A.; Ruelas D.; Savage J.; Bribiesca E.","Nakayama, A. (57222064084); Ruelas, D. (57443342600); Savage, J. (23475071900); Bribiesca, E. (6701671805)","57222064084; 57443342600; 23475071900; 6701671805","TELEOPERATED SERVICE ROBOT WITH AN IMMERSIVE MIXED REALITY INTERFACE; [ДИСТАНЦИОННО УПРАВЛЯЕМЫЙ СЕРВИСНЫЙ РОБОТ С ИММЕРСИВНЫМ ИНТЕРФЕЙСОМ СМЕШАННОЙ РЕАЛЬНОСТИ]","2021","Informatics and Automation","20","6","","1187","1223","36","5","10.15622/ia.20.6.1","https://www.scopus.com/inward/record.uri?eid=2-s2.0-85124229321&doi=10.15622%2fia.20.6.1&partnerID=40&md5=81801ef47155b4064a0fc6dd62a3086d","Article","Final","All Open Access; Gold Open Access","Scopus","2-s2.0-85124229321"
"Lin H.-I.","Lin, Hsien-I (24780828300)","24780828300","Learning on robot skills: Motion adjustment and smooth concatenation of motion blocks","2020","Engineering Applications of Artificial Intelligence","91","","103619","","","","3","10.1016/j.engappai.2020.103619","https://www.scopus.com/inward/record.uri?eid=2-s2.0-85082778842&doi=10.1016%2fj.engappai.2020.103619&partnerID=40&md5=38031dc8d041615f315eab5a6a3a68a9","Article","Final","","Scopus","2-s2.0-85082778842"
"Wu Y.; Jones O.P.; Engelcke M.; Posner I.","Wu, Yizhe (57219623934); Jones, Oiwi Parker (55146411400); Engelcke, Martin (57195416400); Posner, Ingmar (23010022000)","57219623934; 55146411400; 57195416400; 23010022000","APEX: Unsupervised, Object-Centric Scene Segmentation and Tracking for Robot Manipulation","2021","IEEE International Conference on Intelligent Robots and Systems","","","","3375","3382","7","7","10.1109/IROS51168.2021.9636711","https://www.scopus.com/inward/record.uri?eid=2-s2.0-85124369626&doi=10.1109%2fIROS51168.2021.9636711&partnerID=40&md5=112ab4b8c3f6f4667b52299b3555511c","Conference paper","Final","All Open Access; Green Open Access","Scopus","2-s2.0-85124369626"
"Blank A.; Baier L.; Kedilioglu O.; Zhu X.; Metzner M.; Franke J.","Blank, Andreas (56514810500); Baier, Lukas (57210845057); Kedilioglu, Oguz (57222525449); Zhu, Xuebei (57329116000); Metzner, Maximilian (57207994576); Franke, Jörg (57169710000)","56514810500; 57210845057; 57222525449; 57329116000; 57207994576; 57169710000","Efficient ai adaption using synthetic data; [Effiziente ki-adaption durch synthetische daten]","2021","WT Werkstattstechnik","111","10","","759","762","3","1","10.37544/1436-4980-2021-10-105","https://www.scopus.com/inward/record.uri?eid=2-s2.0-85118896704&doi=10.37544%2f1436-4980-2021-10-105&partnerID=40&md5=440a1099b85395e2ed87a648982973fa","Review","Final","","Scopus","2-s2.0-85118896704"
"Vyas A.; Beßler D.; Beetz M.","Vyas, Abhijit (57221249011); Beßler, Daniel (56912106500); Beetz, Michael (36818071500)","57221249011; 56912106500; 36818071500","Inferring dispositions from object shape and material with physics game engine modelling","2021","CEUR Workshop Proceedings","2969","","","","","","0","","https://www.scopus.com/inward/record.uri?eid=2-s2.0-85117005432&partnerID=40&md5=139156451f2a1573a95d6be7a51dbf62","Conference paper","Final","","Scopus","2-s2.0-85117005432"
"Yuhong D.; Xiahai W.","Yuhong, Du (57224277090); Xiahai, Wei (57195101246)","57224277090; 57195101246","Task content routinisation, technological change and labour turnover: Evidence from China","2020","Economic and Labour Relations Review","31","3","","324","346","22","9","10.1177/1035304620921569","https://www.scopus.com/inward/record.uri?eid=2-s2.0-85084998474&doi=10.1177%2f1035304620921569&partnerID=40&md5=c7bb56e4b20e24d126a1eb4612b71578","Article","Final","","Scopus","2-s2.0-85084998474"
"Diab M.; Pomarlan M.; Beßler D.; Akbari A.; Rosell J.; Bateman J.; Beetz M.","Diab, Mohammed (57196709757); Pomarlan, Mihai (35410087600); Beßler, Daniel (56912106500); Akbari, Aliakbar (56574458000); Rosell, Jan (38562674300); Bateman, John (7202065408); Beetz, Michael (36818071500)","57196709757; 35410087600; 56912106500; 56574458000; 38562674300; 7202065408; 36818071500","SkillMaN — A skill-based robotic manipulation framework based on perception and reasoning","2020","Robotics and Autonomous Systems","134","","103653","","","","22","10.1016/j.robot.2020.103653","https://www.scopus.com/inward/record.uri?eid=2-s2.0-85092094542&doi=10.1016%2fj.robot.2020.103653&partnerID=40&md5=d8ae2f0955318d2ec4be23e72fb53a16","Article","Final","","Scopus","2-s2.0-85092094542"
"Peters J.","Peters, Jan (35248912800)","35248912800","Towards robot skill learning","2020","2020 IEEE International Conference on Autonomous Robot Systems and Competitions, ICARSC 2020","","","9096178","3","","","0","10.1109/ICARSC49921.2020.9096178","https://www.scopus.com/inward/record.uri?eid=2-s2.0-85085935457&doi=10.1109%2fICARSC49921.2020.9096178&partnerID=40&md5=ccd8bb34a5f3a5b2ffd2ba42cee9385a","Conference paper","Final","","Scopus","2-s2.0-85085935457"
"Liu H.; Yang C.; Dai S.-L.","Liu, Hanzhong (57314822800); Yang, Chenguang (55671767000); Dai, Shi-Lu (36877968100)","57314822800; 55671767000; 36877968100","A Human-Like Learning Framework of Robot Interaction Skills Based on Environmental Dynamics","2021","Lecture Notes in Computer Science (including subseries Lecture Notes in Artificial Intelligence and Lecture Notes in Bioinformatics)","13016 LNAI","","","606","616","10","0","10.1007/978-3-030-89092-6_55","https://www.scopus.com/inward/record.uri?eid=2-s2.0-85118164640&doi=10.1007%2f978-3-030-89092-6_55&partnerID=40&md5=844a8260d9eb79dfb53d1a50f03fe6dd","Conference paper","Final","","Scopus","2-s2.0-85118164640"
"Su H.; Hu Y.; Li Z.; Knoll A.; Ferrigno G.; De Momi E.","Su, Hang (57203702628); Hu, Yingbai (57188985422); Li, Zhijun (57218308705); Knoll, Alois (7102250639); Ferrigno, Giancarlo (7005615860); De Momi, Elena (57203951877)","57203702628; 57188985422; 57218308705; 7102250639; 7005615860; 57203951877","Reinforcement Learning Based Manipulation Skill Transferring for Robot-assisted Minimally Invasive Surgery","2020","Proceedings - IEEE International Conference on Robotics and Automation","","","9196588","2203","2208","5","23","10.1109/ICRA40945.2020.9196588","https://www.scopus.com/inward/record.uri?eid=2-s2.0-85092702861&doi=10.1109%2fICRA40945.2020.9196588&partnerID=40&md5=549a7236b36fb4247ba389a870d2b1c9","Conference paper","Final","All Open Access; Green Open Access","Scopus","2-s2.0-85092702861"
"Jin J.; Petrich L.; Zhang Z.; Dehghan M.; Jagersand M.","Jin, Jun (57207834150); Petrich, Laura (57210799544); Zhang, Zichen (57200907454); Dehghan, Masood (51461138500); Jagersand, Martin (6602596558)","57207834150; 57210799544; 57200907454; 51461138500; 6602596558","Visual Geometric Skill Inference by Watching Human Demonstration","2020","Proceedings - IEEE International Conference on Robotics and Automation","","","9196570","8985","8991","6","4","10.1109/ICRA40945.2020.9196570","https://www.scopus.com/inward/record.uri?eid=2-s2.0-85092743618&doi=10.1109%2fICRA40945.2020.9196570&partnerID=40&md5=11cb36e7e05a1c41241b814876af4ffe","Conference paper","Final","All Open Access; Green Open Access","Scopus","2-s2.0-85092743618"
"Xu X.; Qian K.; Zhou B.; Chen S.; Li Y.","Xu, Xin (56383137300); Qian, Kun (35243175300); Zhou, Bo (56602076900); Chen, Shenghao (57222004814); Li, Yitong (57470490800)","56383137300; 35243175300; 56602076900; 57222004814; 57470490800","Two-stream 2D/3D Residual Networks for Learning Robot Manipulations from Human Demonstration Videos","2021","Proceedings - IEEE International Conference on Robotics and Automation","2021-May","","","3353","3358","5","6","10.1109/ICRA48506.2021.9561308","https://www.scopus.com/inward/record.uri?eid=2-s2.0-85124193446&doi=10.1109%2fICRA48506.2021.9561308&partnerID=40&md5=43f634ca0bb50d22ad00322e969f45a0","Conference paper","Final","","Scopus","2-s2.0-85124193446"
"Fang K.; Zhu Y.; Savarese S.; Fei-Fei L.","Fang, Kuan (57191074872); Zhu, Yuke (56336009200); Savarese, Silvio (6603319910); Fei-Fei, Li (8952942000)","57191074872; 56336009200; 6603319910; 8952942000","Discovering Generalizable Skills via Automated Generation of Diverse Tasks","2021","Robotics: Science and Systems","","","","","","","4","10.15607/RSS.2021.XVII.010","https://www.scopus.com/inward/record.uri?eid=2-s2.0-85122443853&doi=10.15607%2fRSS.2021.XVII.010&partnerID=40&md5=1534c609caad405919a6c174a1be4e6a","Conference paper","Final","All Open Access; Bronze Open Access; Green Open Access","Scopus","2-s2.0-85122443853"
"Almeida L.; Menezes P.; Dias J.","Almeida, Luis (56231092000); Menezes, Paulo (56592011600); Dias, Jorge (57651818500)","56231092000; 56592011600; 57651818500","Interface transparency issues in teleoperation","2020","Applied Sciences (Switzerland)","10","18","6232","","","","28","10.3390/APP10186232","https://www.scopus.com/inward/record.uri?eid=2-s2.0-85091773238&doi=10.3390%2fAPP10186232&partnerID=40&md5=a82033d50c485c0657426f6ba0f5bc73","Article","Final","All Open Access; Gold Open Access; Green Open Access","Scopus","2-s2.0-85091773238"
"Chen W.; Ma Y.; Kong L.; He W.","Chen, Wenshi (57222041315); Ma, Yinsong (57219415907); Kong, Linghuan (57196187799); He, Wei (56580949000)","57222041315; 57219415907; 57196187799; 56580949000","Learning and executing primitive skills based on adaptive control","2020","Proceedings - 2020 35th Youth Academic Annual Conference of Chinese Association of Automation, YAC 2020","","","9337683","13","17","4","0","10.1109/YAC51587.2020.9337683","https://www.scopus.com/inward/record.uri?eid=2-s2.0-85101118919&doi=10.1109%2fYAC51587.2020.9337683&partnerID=40&md5=cfca82c5a8dffab70f10231dd5ad975e","Conference paper","Final","","Scopus","2-s2.0-85101118919"
"Leigh N.G.; Kraft B.; Lee H.","Leigh, Nancey Green (35918097100); Kraft, Benjamin (57193273434); Lee, Heonyeong (57089289700)","35918097100; 57193273434; 57089289700","Robots, skill demand and manufacturing in US regional labour markets","2020","Cambridge Journal of Regions, Economy and Society","13","1","","77","97","20","27","10.1093/cjres/rsz019","https://www.scopus.com/inward/record.uri?eid=2-s2.0-85087452947&doi=10.1093%2fcjres%2frsz019&partnerID=40&md5=f3772b40640ef4d412007c16670fcd31","Article","Final","All Open Access; Bronze Open Access","Scopus","2-s2.0-85087452947"
"Wilches J.; Huang Y.; Sun Y.","Wilches, Juan (57219628965); Huang, Yongqiang (57116743400); Sun, Yu (57203064224)","57219628965; 57116743400; 57203064224","Generalizing learned manipulation skills in practice","2020","IEEE International Conference on Intelligent Robots and Systems","","","9340739","9322","9328","6","3","10.1109/IROS45743.2020.9340739","https://www.scopus.com/inward/record.uri?eid=2-s2.0-85096724602&doi=10.1109%2fIROS45743.2020.9340739&partnerID=40&md5=01e4820d3ef8135c3dc82d409af3741c","Conference paper","Final","","Scopus","2-s2.0-85096724602"
"Pahič R.; Ridge B.; Gams A.; Morimoto J.; Ude A.","Pahič, Rok (57207197207); Ridge, Barry (36464177600); Gams, Andrej (15622806800); Morimoto, Jun (36464057500); Ude, Aleš (6701345288)","57207197207; 36464177600; 15622806800; 36464057500; 6701345288","Training of deep neural networks for the generation of dynamic movement primitives","2020","Neural Networks","127","","","121","131","10","39","10.1016/j.neunet.2020.04.010","https://www.scopus.com/inward/record.uri?eid=2-s2.0-85083657689&doi=10.1016%2fj.neunet.2020.04.010&partnerID=40&md5=0e5f3471af702f0c732351e7e82deafe","Article","Final","All Open Access; Green Open Access; Hybrid Gold Open Access","Scopus","2-s2.0-85083657689"
"Akashi S.; Tong Y.","Akashi, Shigeo (55352944900); Tong, Yao (57211144773)","55352944900; 57211144773","Numerical Estimation of Network Traffic Failure Based on Probabilistic Approximation Methods: To what extent the network traffic failure can be predicted?","2020","ACM International Conference Proceeding Series","","","","213","217","4","1","10.1145/3437802.3437838","https://www.scopus.com/inward/record.uri?eid=2-s2.0-85099031802&doi=10.1145%2f3437802.3437838&partnerID=40&md5=77487e1824f09de4cd6adb4236fe281b","Conference paper","Final","","Scopus","2-s2.0-85099031802"
"Le A.T.; Guo M.; Duijkeren N.V.; Rozo L.; Krug R.; Kupcsik A.G.; Burger M.","Le, An T. (57194445001); Guo, Meng (55921188600); Duijkeren, Niels Van (57189330139); Rozo, Leonel (36603179000); Krug, Robert (36802018500); Kupcsik, Andras G. (56024620600); Burger, Mathias (34871669500)","57194445001; 55921188600; 57189330139; 36603179000; 36802018500; 56024620600; 34871669500","Learning Forceful Manipulation Skills from Multi-modal Human Demonstrations","2021","IEEE International Conference on Intelligent Robots and Systems","","","","7770","7777","7","17","10.1109/IROS51168.2021.9636828","https://www.scopus.com/inward/record.uri?eid=2-s2.0-85124335307&doi=10.1109%2fIROS51168.2021.9636828&partnerID=40&md5=cc2dfcfa7b0a710172cc94f2cdf21198","Conference paper","Final","All Open Access; Green Open Access","Scopus","2-s2.0-85124335307"
"Heuss L.; Reinhart G.","Heuss, Lisa (57211205394); Reinhart, Gunther (7101858932)","57211205394; 7101858932","Integration of Autonomous Task Planning into Reconfigurable Skill-Based Industrial Robots","2020","IEEE International Conference on Emerging Technologies and Factory Automation, ETFA","2020-September","","9212005","1293","1296","3","10","10.1109/ETFA46521.2020.9212005","https://www.scopus.com/inward/record.uri?eid=2-s2.0-85093358791&doi=10.1109%2fETFA46521.2020.9212005&partnerID=40&md5=1300d87b24ecc8a0b063055eee3c8162","Conference paper","Final","","Scopus","2-s2.0-85093358791"
"Shi F.; Zhao M.; Murooka M.; Okada K.; Inaba M.","Shi, Fan (57193652036); Zhao, Moju (56032239100); Murooka, Masaki (56031742700); Okada, Kei (7404191426); Inaba, Masayuki (7202428637)","57193652036; 56032239100; 56031742700; 7404191426; 7202428637","Aerial Regrasping: Pivoting with Transformable Multilink Aerial Robot","2020","Proceedings - IEEE International Conference on Robotics and Automation","","","9196576","200","207","7","30","10.1109/ICRA40945.2020.9196576","https://www.scopus.com/inward/record.uri?eid=2-s2.0-85092690530&doi=10.1109%2fICRA40945.2020.9196576&partnerID=40&md5=23a6049b7628ec5c522b475f08a9dc07","Conference paper","Final","","Scopus","2-s2.0-85092690530"
"Liu N.; Lu T.; Cai Y.; Wang R.; Wang S.","Liu, Naijun (57203036347); Lu, Tao (37051205900); Cai, Yinghao (55635590000); Wang, Rui (56383111600); Wang, Shuo (57212092599)","57203036347; 37051205900; 55635590000; 56383111600; 57212092599","Real-world Robot Reaching Skill Learning Based on Deep Reinforcement Learning","2020","Proceedings of the 32nd Chinese Control and Decision Conference, CCDC 2020","","","9164770","4780","4784","4","5","10.1109/CCDC49329.2020.9164770","https://www.scopus.com/inward/record.uri?eid=2-s2.0-85091591893&doi=10.1109%2fCCDC49329.2020.9164770&partnerID=40&md5=207844f06e80119a93fc7437d5b18173","Conference paper","Final","","Scopus","2-s2.0-85091591893"
"Herrero E.G.; Ho J.; Khatib O.","Herrero, Elena Galbally (57210790643); Ho, Jonathan (57218227552); Khatib, Oussama (7006484906)","57210790643; 57218227552; 7006484906","Understanding and Segmenting Human Demonstrations into Reusable Compliant Primitives","2021","IEEE International Conference on Intelligent Robots and Systems","","","","9437","9444","7","4","10.1109/IROS51168.2021.9636523","https://www.scopus.com/inward/record.uri?eid=2-s2.0-85124350413&doi=10.1109%2fIROS51168.2021.9636523&partnerID=40&md5=0264ddc3287e0d83c4b490ac601c6caf","Conference paper","Final","","Scopus","2-s2.0-85124350413"
"Thuruthel T.G.; Hughes J.; Iida F.","Thuruthel, Thomas George (57207942983); Hughes, Josie (57191539053); Iida, Fumiya (55087022900)","57207942983; 57191539053; 55087022900","Joint Entropy-Based Morphology Optimization of Soft Strain Sensor Networks for Functional Robustness","2020","IEEE Sensors Journal","20","18","9094585","10801","10810","9","17","10.1109/JSEN.2020.2995237","https://www.scopus.com/inward/record.uri?eid=2-s2.0-85090226447&doi=10.1109%2fJSEN.2020.2995237&partnerID=40&md5=792d19124d4e2cdce986734bbcb6199a","Article","Final","All Open Access; Green Open Access; Hybrid Gold Open Access","Scopus","2-s2.0-85090226447"
"Torielli D.; Bertoni L.; Tsagarakis N.; Muratore L.","Torielli, Davide (57446004100); Bertoni, Liana (57454967800); Tsagarakis, Nikos (56275172000); Muratore, Luca (57193026487)","57446004100; 57454967800; 56275172000; 57193026487","Towards an Open-Source Hardware Agnostic Framework for Robotic End-Effectors Control","2021","2021 20th International Conference on Advanced Robotics, ICAR 2021","","","","688","694","6","2","10.1109/ICAR53236.2021.9659331","https://www.scopus.com/inward/record.uri?eid=2-s2.0-85124701881&doi=10.1109%2fICAR53236.2021.9659331&partnerID=40&md5=f12f4a12a23ec21b6b224e1c1a55128a","Conference paper","Final","All Open Access; Green Open Access","Scopus","2-s2.0-85124701881"
"Tosatto S.; Chalvatzaki G.; Peters J.","Tosatto, Samuele (57201356929); Chalvatzaki, Georgia (56237142400); Peters, Jan (35248912800)","57201356929; 56237142400; 35248912800","Contextual Latent-Movements Off-Policy Optimization for Robotic Manipulation Skills","2021","Proceedings - IEEE International Conference on Robotics and Automation","2021-May","","","12089","12096","7","9","10.1109/ICRA48506.2021.9561870","https://www.scopus.com/inward/record.uri?eid=2-s2.0-85121415310&doi=10.1109%2fICRA48506.2021.9561870&partnerID=40&md5=009436f60042fc47a7962031913a0dc9","Conference paper","Final","All Open Access; Green Open Access","Scopus","2-s2.0-85121415310"
"Qian K.; Liu H.; Valls Miro J.; Jing X.; Zhou B.","Qian, Kun (35243175300); Liu, Huan (55869782600); Valls Miro, Jaime (57199646578); Jing, Xingshuo (57216936905); Zhou, Bo (56602076900)","35243175300; 55869782600; 57199646578; 57216936905; 56602076900","Hierarchical and parameterized learning of pick-and-place manipulation from under-specified human demonstrations","2020","Advanced Robotics","34","13","","858","872","14","10","10.1080/01691864.2020.1778523","https://www.scopus.com/inward/record.uri?eid=2-s2.0-85087015605&doi=10.1080%2f01691864.2020.1778523&partnerID=40&md5=3800d36a5e14506bae923a9c05a870e6","Article","Final","","Scopus","2-s2.0-85087015605"
"Deng X.; Xiang Y.; Mousavian A.; Eppner C.; Bretl T.; Fox D.","Deng, Xinke (57207882537); Xiang, Yu (57208149183); Mousavian, Arsalan (56453237400); Eppner, Clemens (35104825900); Bretl, Timothy (6506270751); Fox, Dieter (7402074129)","57207882537; 57208149183; 56453237400; 35104825900; 6506270751; 7402074129","Self-supervised 6D Object Pose Estimation for Robot Manipulation","2020","Proceedings - IEEE International Conference on Robotics and Automation","","","9196714","3665","3671","6","154","10.1109/ICRA40945.2020.9196714","https://www.scopus.com/inward/record.uri?eid=2-s2.0-85089578530&doi=10.1109%2fICRA40945.2020.9196714&partnerID=40&md5=6a5874fd191614675c34ae4d14f6b9e3","Conference paper","Final","All Open Access; Green Open Access","Scopus","2-s2.0-85089578530"
"Kim S.; Jang I.; Kim H.; Park C.-W.; Park J.H.","Kim, Seonghyun (57205300854); Jang, Ingook (57212643481); Kim, Hyunseok (57219215131); Park, Chan-Won (55670711600); Park, Jun Hee (35100688900)","57205300854; 57212643481; 57219215131; 55670711600; 35100688900","Learning Robot Manipulation based on Modular Reward Shaping","2020","International Conference on ICT Convergence","2020-October","","9289596","883","886","3","2","10.1109/ICTC49870.2020.9289596","https://www.scopus.com/inward/record.uri?eid=2-s2.0-85098983341&doi=10.1109%2fICTC49870.2020.9289596&partnerID=40&md5=f98b5e6065c76b3ecb269345fe89ee0c","Conference paper","Final","","Scopus","2-s2.0-85098983341"
"Ahuja S.; Admoni H.; Steinfeld A.","Ahuja, Sarthak (57197707185); Admoni, Henny (35180933000); Steinfeld, Aaron (7103257672)","57197707185; 35180933000; 7103257672","Learning vision-based physics intuition models for non-disruptive object extraction","2020","IEEE International Conference on Intelligent Robots and Systems","","","9341675","8161","8168","7","0","10.1109/IROS45743.2020.9341675","https://www.scopus.com/inward/record.uri?eid=2-s2.0-85102413966&doi=10.1109%2fIROS45743.2020.9341675&partnerID=40&md5=f51ca1d0006f381d7f7f9660bb0269c8","Conference paper","Final","","Scopus","2-s2.0-85102413966"
"Cai C.; Liang Y.S.; Somani N.; Yan W.","Cai, Caixia (55916689300); Liang, Ying Siu (57194637692); Somani, Nikhil (55917561000); Yan, Wu (57221870514)","55916689300; 57194637692; 55917561000; 57221870514","Inferring the Geometric Nullspace of Robot Skills from Human Demonstrations","2020","Proceedings - IEEE International Conference on Robotics and Automation","","","9197174","7668","7675","7","3","10.1109/ICRA40945.2020.9197174","https://www.scopus.com/inward/record.uri?eid=2-s2.0-85092723697&doi=10.1109%2fICRA40945.2020.9197174&partnerID=40&md5=6e024252603a222706e55b361cd2f4be","Conference paper","Final","All Open Access; Green Open Access","Scopus","2-s2.0-85092723697"
"Muster L.; Woeber W.; Aburaia M.","Muster, Lucas (57438038700); Woeber, Wilfried (56376490700); Aburaia, Mohamed (56560089000)","57438038700; 56376490700; 56560089000","UNIFORM MANUFACTURER-INDEPENDENT MOBILE ROBOT PROGRAMMING","2021","Annals of DAAAM and Proceedings of the International DAAAM Symposium","32","1","","542","545","3","0","10.2507/32nd.daaam.proceedings.078","https://www.scopus.com/inward/record.uri?eid=2-s2.0-85123957212&doi=10.2507%2f32nd.daaam.proceedings.078&partnerID=40&md5=b8b262dab443c8440af02ee5d4ed721d","Conference paper","Final","All Open Access; Gold Open Access","Scopus","2-s2.0-85123957212"
"Garcia-Fidalgo E.; Bonnin-Pascual F.; Company-Corcoles J.P.; Ortiz A.","Garcia-Fidalgo, Emilio (49663096200); Bonnin-Pascual, Francisco (36602043300); Company-Corcoles, Joan P. (57192573251); Ortiz, Alberto (35583277200)","49663096200; 36602043300; 57192573251; 35583277200","Evaluation of a Skill-based Control Architecture for a Visual Inspection-oriented Aerial Platform","2020","IEEE International Conference on Emerging Technologies and Factory Automation, ETFA","2020-September","","9212103","1503","1510","7","3","10.1109/ETFA46521.2020.9212103","https://www.scopus.com/inward/record.uri?eid=2-s2.0-85093362228&doi=10.1109%2fETFA46521.2020.9212103&partnerID=40&md5=619f03e1941ddd22ea1e4cd06d52635f","Conference paper","Final","All Open Access; Green Open Access","Scopus","2-s2.0-85093362228"
"Alt B.; Katic D.; Jäkel R.; Bozcuoglu A.K.; Beetz M.","Alt, Benjamin (57222956861); Katic, Darko (36610339700); Jäkel, Rainer (23568193700); Bozcuoglu, Asil Kaan (55354752400); Beetz, Michael (36818071500)","57222956861; 36610339700; 23568193700; 55354752400; 36818071500","Robot Program Parameter Inference via Differentiable Shadow Program Inversion","2021","Proceedings - IEEE International Conference on Robotics and Automation","2021-May","","","4672","4678","6","11","10.1109/ICRA48506.2021.9561206","https://www.scopus.com/inward/record.uri?eid=2-s2.0-85125484146&doi=10.1109%2fICRA48506.2021.9561206&partnerID=40&md5=983cf3eb5d96a8af5d750ae6d1b1a2d9","Conference paper","Final","All Open Access; Green Open Access","Scopus","2-s2.0-85125484146"
"Hu H.; Cao Z.; Yang X.; Xiong H.; Lou Y.","Hu, Haopeng (57211513718); Cao, Zhiqi (57213519893); Yang, Xiansheng (56040116200); Xiong, Hao (57195556094); Lou, Yunjiang (7202582017)","57211513718; 57213519893; 56040116200; 57195556094; 7202582017","Performance Evaluation of Optical Motion Capture Sensors for Assembly Motion Capturing","2021","IEEE Access","9","","9408569","61444","61454","10","19","10.1109/ACCESS.2021.3074260","https://www.scopus.com/inward/record.uri?eid=2-s2.0-85104683852&doi=10.1109%2fACCESS.2021.3074260&partnerID=40&md5=ba0022ac84d43976fc191283f3c182a7","Article","Final","All Open Access; Gold Open Access","Scopus","2-s2.0-85104683852"
"Somani N.; Zhen L.L.; Lakshminarayanan S.; Hettiarachchi R.; Wee-Ching P.; Lee G.S.G.; Campolo D.","Somani, Nikhil (55917561000); Zhen, Lee Li (57352401000); Lakshminarayanan, Srinivasan (57211169233); Hettiarachchi, Rukshan (57352099900); Wee-Ching, Pang (36959842700); Lee, Gerald Seet Gim (56593983300); Campolo, Domenico (15622892900)","55917561000; 57352401000; 57211169233; 57352099900; 36959842700; 56593983300; 15622892900","Simplified Robot Programming Framework for a Gearbox Assembly Application","2021","Lecture Notes in Computer Science (including subseries Lecture Notes in Artificial Intelligence and Lecture Notes in Bioinformatics)","13086 LNAI","","","181","190","9","3","10.1007/978-3-030-90525-5_16","https://www.scopus.com/inward/record.uri?eid=2-s2.0-85119868191&doi=10.1007%2f978-3-030-90525-5_16&partnerID=40&md5=7d1e2e4f9ea7440dd2b0389563e9b3b4","Conference paper","Final","","Scopus","2-s2.0-85119868191"
"Yuan Q.; Leong I.S.W.","Yuan, Qilong (54793877000); Leong, Ivan Sim Wan (57352567800)","54793877000; 57352567800","Human-Robot Coordination in Agile Robot Manipulation","2021","Lecture Notes in Computer Science (including subseries Lecture Notes in Artificial Intelligence and Lecture Notes in Bioinformatics)","13086 LNAI","","","532","540","8","0","10.1007/978-3-030-90525-5_46","https://www.scopus.com/inward/record.uri?eid=2-s2.0-85119847548&doi=10.1007%2f978-3-030-90525-5_46&partnerID=40&md5=e2bb27013ec5915f5cc50616b13fc4ea","Conference paper","Final","","Scopus","2-s2.0-85119847548"
"Gabler V.; Maier K.; Endo S.; Wollherr D.","Gabler, Volker (57188803254); Maier, Korbinian (57219752789); Endo, Satoshi (53881190400); Wollherr, Dirk (23010951900)","57188803254; 57219752789; 53881190400; 23010951900","Haptic object identification for advanced manipulation skills","2021","Lecture Notes in Computer Science (including subseries Lecture Notes in Artificial Intelligence and Lecture Notes in Bioinformatics)","12413 LNAI","","","128","140","12","0","10.1007/978-3-030-64313-3_14","https://www.scopus.com/inward/record.uri?eid=2-s2.0-85107287524&doi=10.1007%2f978-3-030-64313-3_14&partnerID=40&md5=bce01af1060c5a26fbae678704b29eb0","Conference paper","Final","","Scopus","2-s2.0-85107287524"
"Prakash R.; Behera L.; Mohan S.; Jagannathan S.","Prakash, Ravi (57197201102); Behera, Laxmidhar (6701522952); Mohan, Santhakumar (56870806500); Jagannathan, Sarangapani (26642913600)","57197201102; 6701522952; 56870806500; 26642913600","Dynamic Trajectory Generation and a Robust Controller to Intercept a Moving Ball in a Game Setting","2020","IEEE Transactions on Control Systems Technology","28","4","8715375","1418","1432","14","21","10.1109/TCST.2019.2913129","https://www.scopus.com/inward/record.uri?eid=2-s2.0-85086722128&doi=10.1109%2fTCST.2019.2913129&partnerID=40&md5=9fd617d8b7a3f6dd56dbd1722980b31b","Article","Final","","Scopus","2-s2.0-85086722128"
"Lončarević Z.; Gams A.","Lončarević, Zvezdan (57207203815); Gams, Andrej (15622806800)","57207203815; 15622806800","Accelerating robot reinforcement learning with accumulation of knowledge","2021","Mechanisms and Machine Science","102","","","119","126","7","0","10.1007/978-3-030-75259-0_13","https://www.scopus.com/inward/record.uri?eid=2-s2.0-85105454569&doi=10.1007%2f978-3-030-75259-0_13&partnerID=40&md5=39a7c74a304c750ba1b6ab59ca379a2b","Conference paper","Final","","Scopus","2-s2.0-85105454569"
"Ding G.; Liu Y.; Zang X.; Zhang X.; Liu G.; Zhao J.","Ding, Guanwen (57217632734); Liu, Yubin (26643530400); Zang, Xizhe (13611954300); Zhang, Xuehe (57214758011); Liu, Gangfeng (25655173100); Zhao, Jie (57203289935)","57217632734; 26643530400; 13611954300; 57214758011; 25655173100; 57203289935","A task-learning strategy for robotic assembly tasks from human demonstrations","2020","Sensors (Switzerland)","20","19","5505","1","23","22","17","10.3390/s20195505","https://www.scopus.com/inward/record.uri?eid=2-s2.0-85091717504&doi=10.3390%2fs20195505&partnerID=40&md5=fae0df6d106a3420e7b1f9dc9c81e248","Article","Final","All Open Access; Gold Open Access; Green Open Access","Scopus","2-s2.0-85091717504"
"Jiang Y.","Jiang, Yuqian (57201901009)","57201901009","Planning and Reinforcement Learning for General-Purpose Service Robots","2021","IJCAI International Joint Conference on Artificial Intelligence","","","","4895","4896","1","1","10.24963/ijcai.2021/679","https://www.scopus.com/inward/record.uri?eid=2-s2.0-85125450282&doi=10.24963%2fijcai.2021%2f679&partnerID=40&md5=0d2fc86a7eff989b8cec7b6fbabfaf24","Conference paper","Final","All Open Access; Bronze Open Access","Scopus","2-s2.0-85125450282"
"","","","9th International Conference on Biomimetic and Biohybrid Systems, Living Machines 2020","2021","Lecture Notes in Computer Science (including subseries Lecture Notes in Artificial Intelligence and Lecture Notes in Bioinformatics)","12413 LNAI","","","","","426","0","","https://www.scopus.com/inward/record.uri?eid=2-s2.0-85107317850&partnerID=40&md5=3ffe1c321744279427a60f3d8d1d4b3f","Conference review","Final","","Scopus","2-s2.0-85107317850"
"Lesire C.; Doose D.; Grand C.","Lesire, Charles (8941481100); Doose, David (14008956400); Grand, Christophe (23008478000)","8941481100; 14008956400; 23008478000","Formalization of robot skills with descriptive and operational models","2020","IEEE International Conference on Intelligent Robots and Systems","","","9340698","7227","7232","5","16","10.1109/IROS45743.2020.9340698","https://www.scopus.com/inward/record.uri?eid=2-s2.0-85102409995&doi=10.1109%2fIROS45743.2020.9340698&partnerID=40&md5=f0fb9ac97c51b3a73f445b94a7174154","Conference paper","Final","All Open Access; Green Open Access","Scopus","2-s2.0-85102409995"
"Rodriguez-Linan A.; Lopez-Juarez I.; Maldonado-Ramirez A.; Zalapa-Elias A.; Torres-Trevino L.; Navarro-Gonzalez J.L.; Chinas-Sanchez P.","Rodriguez-Linan, Angel (55963124600); Lopez-Juarez, Ismael (6507474784); Maldonado-Ramirez, Alan (57222135991); Zalapa-Elias, Antonio (57191187689); Torres-Trevino, Luis (24367805600); Navarro-Gonzalez, Jose Luis (56416175300); Chinas-Sanchez, Pamela (57213157482)","55963124600; 6507474784; 57222135991; 57191187689; 24367805600; 56416175300; 57213157482","An Approach to Acquire Path-Following Skills by Industrial Robots from Human Demonstration","2021","IEEE Access","9","","9447244","82351","82363","12","4","10.1109/ACCESS.2021.3086701","https://www.scopus.com/inward/record.uri?eid=2-s2.0-85107376616&doi=10.1109%2fACCESS.2021.3086701&partnerID=40&md5=5a76468825698b367e174da9cf7e5084","Article","Final","All Open Access; Gold Open Access","Scopus","2-s2.0-85107376616"
"Kawamura Y.; Murooka M.; Hiraoka N.; Ito H.; Okada K.; Inaba M.","Kawamura, Yoichiro (57204939672); Murooka, Masaki (56031742700); Hiraoka, Naoki (57215561318); Ito, Hideaki (57215557699); Okada, Kei (7404191426); Inaba, Masayuki (7202428637)","57204939672; 56031742700; 57215561318; 57215557699; 7404191426; 7202428637","Learning of tool force adjustment skills by a life-sized humanoid using deep reinforcement learning and active teaching request","2020","IEEE International Conference on Intelligent Robots and Systems","","","9341803","3795","3802","7","4","10.1109/IROS45743.2020.9341803","https://www.scopus.com/inward/record.uri?eid=2-s2.0-85102409875&doi=10.1109%2fIROS45743.2020.9341803&partnerID=40&md5=9ebddb566bb5100e9382e0cd54649bbd","Conference paper","Final","","Scopus","2-s2.0-85102409875"
"Zhang H.; Liu Y.; Zhou W.","Zhang, Huiwen (57189236350); Liu, Yuwang (34881983900); Zhou, Weijia (55475940000)","57189236350; 34881983900; 55475940000","Deep Adversarial Imitation Learning of Locomotion Skills from One-shot Video Demonstration","2019","9th IEEE International Conference on Cyber Technology in Automation, Control and Intelligent Systems, CYBER 2019","","","9066512","1257","1261","4","3","10.1109/CYBER46603.2019.9066512","https://www.scopus.com/inward/record.uri?eid=2-s2.0-85084306106&doi=10.1109%2fCYBER46603.2019.9066512&partnerID=40&md5=04c0488b9120c04dcdeb8dd738e1ace0","Conference paper","Final","","Scopus","2-s2.0-85084306106"
"Yang B.; Lancaster P.E.; Srinivasa S.S.; Smith J.R.","Yang, Boling (57195419295); Lancaster, Patrick E. (57117470000); Srinivasa, Siddhartha S. (6602084313); Smith, Joshua R. (54421256200)","57195419295; 57117470000; 6602084313; 54421256200","Benchmarking Robot Manipulation with the Rubik's Cube","2020","IEEE Robotics and Automation Letters","5","2","8972349","2094","2099","5","17","10.1109/LRA.2020.2969912","https://www.scopus.com/inward/record.uri?eid=2-s2.0-85079822486&doi=10.1109%2fLRA.2020.2969912&partnerID=40&md5=b382bc52bbaa257bc8cba16e4db94ba3","Article","Final","All Open Access; Bronze Open Access; Green Open Access","Scopus","2-s2.0-85079822486"
"Zhu H.; Gupta A.; Rajeswaran A.; Levine S.; Kumar V.","Zhu, Henry (57210787269); Gupta, Abhishek (57216316623); Rajeswaran, Aravind (57191609732); Levine, Sergey (35731728100); Kumar, Vikash (57202530476)","57210787269; 57216316623; 57191609732; 35731728100; 57202530476","Dexterous manipulation with deep reinforcement learning: Efficient, general, and low-cost","2019","Proceedings - IEEE International Conference on Robotics and Automation","","","8794102","3651","3657","6","144","10.1109/ICRA.2019.8794102","https://www.scopus.com/inward/record.uri?eid=2-s2.0-85071493483&doi=10.1109%2fICRA.2019.8794102&partnerID=40&md5=edf61d3851e496892be0182c36c1e26e","Conference paper","Final","All Open Access; Green Open Access","Scopus","2-s2.0-85071493483"
"Lee Y.; Yang J.; Lim J.J.","Lee, Youngwoon (57210647638); Yang, Jingyun (57205120764); Lim, Joseph J. (35179571100)","57210647638; 57205120764; 35179571100","LEARNING TO COORDINATE MANIPULATION SKILLS VIA SKILL BEHAVIOR DIVERSIFICATION","2020","8th International Conference on Learning Representations, ICLR 2020","","","","","","","28","","https://www.scopus.com/inward/record.uri?eid=2-s2.0-85147797514&partnerID=40&md5=c4869534a21ceab7b72417ceb9216d8d","Conference paper","Final","","Scopus","2-s2.0-85147797514"
"Ti B.; Gao Y.; Li Q.; Zhao J.","Ti, Boyang (57208147207); Gao, Yongsheng (55731382000); Li, Qiang (57281762400); Zhao, Jie (56184355900)","57208147207; 55731382000; 57281762400; 56184355900","Dynamic movement primitives for movement generation using gmm-gmr analytical method","2019","2019 IEEE 2nd International Conference on Information and Computer Technologies, ICICT 2019","","","8711390","250","254","4","7","10.1109/INFOCT.2019.8711390","https://www.scopus.com/inward/record.uri?eid=2-s2.0-85066631101&doi=10.1109%2fINFOCT.2019.8711390&partnerID=40&md5=f14982917336fb860085ec83f7191997","Conference paper","Final","","Scopus","2-s2.0-85066631101"
"Luo J.; Solowjow E.; Wen C.; Ojea J.A.; Agogino A.M.; Tamar A.; Abbeel P.","Luo, Jianlan (57207831883); Solowjow, Eugen (55540606300); Wen, Chengtao (57207815776); Ojea, Juan Aparicio (56063627400); Agogino, Alice M. (35821559600); Tamar, Aviv (52264620600); Abbeel, Pieter (8269962600)","57207831883; 55540606300; 57207815776; 56063627400; 35821559600; 52264620600; 8269962600","Reinforcement learning on variable impedance controller for high-precision robotic assembly","2019","Proceedings - IEEE International Conference on Robotics and Automation","","","8793506","3080","3087","7","165","10.1109/ICRA.2019.8793506","https://www.scopus.com/inward/record.uri?eid=2-s2.0-85071486944&doi=10.1109%2fICRA.2019.8793506&partnerID=40&md5=2026522462836880d3eda06a22b3dc6a","Conference paper","Final","All Open Access; Green Open Access","Scopus","2-s2.0-85071486944"
"Li F.; Jiang Q.; Zhang S.; Wei M.; Song R.","Li, Fengming (57207859872); Jiang, Qi (56599608500); Zhang, Sisi (57207856791); Wei, Meng (57207861290); Song, Rui (7202051472)","57207859872; 56599608500; 57207856791; 57207861290; 7202051472","Robot skill acquisition in assembly process using deep reinforcement learning","2019","Neurocomputing","345","","","92","102","10","97","10.1016/j.neucom.2019.01.087","https://www.scopus.com/inward/record.uri?eid=2-s2.0-85063108149&doi=10.1016%2fj.neucom.2019.01.087&partnerID=40&md5=a17452b0e6154767a7f1515f2328691f","Article","Final","","Scopus","2-s2.0-85063108149"
"Danielczuk M.; Matl M.; Gupta S.; Li A.; Lee A.; Mahler J.; Goldberg K.","Danielczuk, Michael (57205426550); Matl, Matthew (57189851879); Gupta, Saurabh (57196883583); Li, Andrew (57210794440); Lee, Andrew (57201288088); Mahler, Jeffrey (56641016400); Goldberg, Ken (35453491100)","57205426550; 57189851879; 57196883583; 57210794440; 57201288088; 56641016400; 35453491100","Segmenting unknown 3D objects from real depth images using mask R-CNN trained on synthetic data","2019","Proceedings - IEEE International Conference on Robotics and Automation","","","8793744","7283","7290","7","163","10.1109/ICRA.2019.8793744","https://www.scopus.com/inward/record.uri?eid=2-s2.0-85071414942&doi=10.1109%2fICRA.2019.8793744&partnerID=40&md5=0055ac92ac6a8909c62bbd06a11f2a35","Conference paper","Final","All Open Access; Green Open Access","Scopus","2-s2.0-85071414942"
"Isabelle S.M.L.; Andrade W.L.; Livia S.M.R.","Isabelle, Souza M. L. (57207982339); Andrade, Wilkerson L. (18036483300); Livia, Sampaio M. R. (7007056631)","57207982339; 18036483300; 7007056631","Analyzing the Effect of Computational Thinking on Mathematics through Educational Robotics","2019","Proceedings - Frontiers in Education Conference, FIE","2019-October","","9028384","","","","13","10.1109/FIE43999.2019.9028384","https://www.scopus.com/inward/record.uri?eid=2-s2.0-85082442898&doi=10.1109%2fFIE43999.2019.9028384&partnerID=40&md5=8c95ec64769c23ad14b684fd766116cb","Conference paper","Final","","Scopus","2-s2.0-85082442898"
"Li F.; Jiang Q.; Quan W.; Cai S.; Song R.; Li Y.","Li, Fengming (57207859872); Jiang, Qi (56599608500); Quan, Wei (57211516109); Cai, Shibo (55960159100); Song, Rui (7202051472); Li, Yibin (55907838900)","57207859872; 56599608500; 57211516109; 55960159100; 7202051472; 55907838900","Manipulation Skill Acquisition for Robotic Assembly Based on Multi-Modal Information Description","2020","IEEE Access","8","","8793056","6282","6294","12","24","10.1109/ACCESS.2019.2934174","https://www.scopus.com/inward/record.uri?eid=2-s2.0-85078293143&doi=10.1109%2fACCESS.2019.2934174&partnerID=40&md5=5b8ab3dd6e637ae12a0c3a5035cc7f7b","Article","Final","All Open Access; Gold Open Access","Scopus","2-s2.0-85078293143"
"Zambelli M.; Aytar Y.; Visin F.; Zhou Y.; Hadsell R.","Zambelli, Martina (57192435346); Aytar, Yusuf (24450005200); Visin, Francesco (57193028245); Zhou, Yuxiang (57219437634); Hadsell, Raia (8724445700)","57192435346; 24450005200; 57193028245; 57219437634; 8724445700","Learning rich touch representations through cross-modal self-supervision","2020","Proceedings of Machine Learning Research","155","","","1415","1425","10","6","","https://www.scopus.com/inward/record.uri?eid=2-s2.0-85175863452&partnerID=40&md5=ba35e9eac89db9879f88b26341a23be7","Conference paper","Final","","Scopus","2-s2.0-85175863452"
"Gajewski P.; Ferreira P.; Bartels G.; Wang C.; Guerin F.; Indurkhya B.; Beetz M.; Śniezyński B.","Gajewski, Paweł (57200550899); Ferreira, Paulo (57196905533); Bartels, Georg (56522795400); Wang, Chaozheng (57210802564); Guerin, Frank (23396695000); Indurkhya, Bipin (6603120668); Beetz, Michael (36818071500); Śniezyński, Bartłomiej (23393638000)","57200550899; 57196905533; 56522795400; 57210802564; 23396695000; 6603120668; 36818071500; 23393638000","Adapting everyday manipulation skills to varied scenarios","2019","Proceedings - IEEE International Conference on Robotics and Automation","","","8793590","1345","1351","6","15","10.1109/ICRA.2019.8793590","https://www.scopus.com/inward/record.uri?eid=2-s2.0-85071456745&doi=10.1109%2fICRA.2019.8793590&partnerID=40&md5=17f200950c20d2ca42b4ff93178c89ba","Conference paper","Final","All Open Access; Green Open Access","Scopus","2-s2.0-85071456745"
"Shao Q.; Qi J.; Ma J.; Fang Y.; Wang W.; Hu J.","Shao, Quanquan (57191348129); Qi, Jin (35324988100); Ma, Jin (56210799000); Fang, Yi (55469377100); Wang, Weiming (35286155000); Hu, Jie (56239213600)","57191348129; 35324988100; 56210799000; 55469377100; 35286155000; 56239213600","Object detection-based one-shot imitation learning with an RGB-D camera","2020","Applied Sciences (Switzerland)","10","3","803","","","","8","10.3390/app10030803","https://www.scopus.com/inward/record.uri?eid=2-s2.0-85081638086&doi=10.3390%2fapp10030803&partnerID=40&md5=03ad3785f9c884062fa8fe062663eeab","Article","Final","All Open Access; Gold Open Access","Scopus","2-s2.0-85081638086"
"Malik A.A.; Bilberg A.","Malik, Ali Ahmad (57200309159); Bilberg, Arne (6506266438)","57200309159; 6506266438","Complexity-based task allocation in human-robot collaborative assembly","2019","Industrial Robot","46","4","","471","480","9","137","10.1108/IR-11-2018-0231","https://www.scopus.com/inward/record.uri?eid=2-s2.0-85068109492&doi=10.1108%2fIR-11-2018-0231&partnerID=40&md5=7c6819c3104277ae9ab3ea51d6f7811d","Article","Final","","Scopus","2-s2.0-85068109492"
"Matl C.; Matthew R.; Bajcsy R.","Matl, Carolyn (57215558920); Matthew, Robert (56613143300); Bajcsy, Ruzena (7006078015)","57215558920; 56613143300; 7006078015","Haptic Perception of Liquids Enclosed in Containers","2019","IEEE International Conference on Intelligent Robots and Systems","","","8968528","7142","7149","7","17","10.1109/IROS40897.2019.8968528","https://www.scopus.com/inward/record.uri?eid=2-s2.0-85081157495&doi=10.1109%2fIROS40897.2019.8968528&partnerID=40&md5=ace6e45c483b2c8d9c82dc265b97d5d7","Conference paper","Final","","Scopus","2-s2.0-85081157495"
"Hao P.; Lu T.; Cai Y.; Wang S.","Hao, Peng (57325859800); Lu, Tao (37051205900); Cai, Yinghao (55635590000); Wang, Shuo (55968472300)","57325859800; 37051205900; 55635590000; 55968472300","Programming by visual demonstration for pick-and-place tasks using robot skills","2019","IEEE International Conference on Robotics and Biomimetics, ROBIO 2019","","","8961481","1103","1108","5","5","10.1109/ROBIO49542.2019.8961481","https://www.scopus.com/inward/record.uri?eid=2-s2.0-85079034365&doi=10.1109%2fROBIO49542.2019.8961481&partnerID=40&md5=0dd176d06345b3d7ddbaf6233f8f020b","Conference paper","Final","","Scopus","2-s2.0-85079034365"
"Song C.; Liu G.; Zhang X.; Zang X.; Xu C.; Zhao J.","Song, Caiwei (57191592489); Liu, Gangfeng (25655173100); Zhang, Xuehe (57214758011); Zang, Xizhe (13611954300); Xu, Congcong (57210212646); Zhao, Jie (57203289935)","57191592489; 25655173100; 57214758011; 13611954300; 57210212646; 57203289935","Robot complex motion learning based on unsupervised trajectory segmentation and movement primitives","2020","ISA Transactions","97","","","325","335","10","21","10.1016/j.isatra.2019.08.007","https://www.scopus.com/inward/record.uri?eid=2-s2.0-85070107229&doi=10.1016%2fj.isatra.2019.08.007&partnerID=40&md5=b46b0aa513fda3f19cebacf85d364d40","Article","Final","","Scopus","2-s2.0-85070107229"
"Petrík V.; Tapaswi M.; Laptev I.; Šivic J.","Petrík, Vladimír (56423590700); Tapaswi, Makarand (26637560200); Laptev, Ivan (6701729268); Šivic, Josef (6505835099)","56423590700; 26637560200; 6701729268; 6505835099","Learning Object Manipulation Skills via Approximate State Estimation from Real Videos","2020","Proceedings of Machine Learning Research","155","","","296","312","16","6","","https://www.scopus.com/inward/record.uri?eid=2-s2.0-85175855391&partnerID=40&md5=de45153bbe2dbb83668e11561ccc7d3d","Conference paper","Final","","Scopus","2-s2.0-85175855391"
"Xu P.A.; Mishra A.K.; Bai H.; Aubin C.A.; Zullo L.; Shepherd R.F.","Xu, Patricia A. (57203149382); Mishra, A.K. (57202390104); Bai, H. (57026935200); Aubin, C.A. (57203942171); Zullo, L. (25648704100); Shepherd, R.F. (7202338826)","57203149382; 57202390104; 57026935200; 57203942171; 25648704100; 7202338826","Optical lace for synthetic afferent neural networks","2019","Science Robotics","4","34","eaaw6304","","","","58","10.1126/scirobotics.aaw6304","https://www.scopus.com/inward/record.uri?eid=2-s2.0-85072334104&doi=10.1126%2fscirobotics.aaw6304&partnerID=40&md5=4eb2f9080b4689ced1155ef788a1b731","Article","Final","All Open Access; Green Open Access","Scopus","2-s2.0-85072334104"
"Yuan Q.; Weng C.-Y.; Lim Z.J.; Chen I.-M.","Yuan, Qilong (54793877000); Weng, Ching-Yen (57203387716); Lim, Zhong Jin (57209365400); Chen, I-Ming (7402043226)","54793877000; 57203387716; 57209365400; 7402043226","A mirrored motion remapping method in telemanipulation-based face-to-face dual-arm robot teaching","2019","IEEE/ASME International Conference on Advanced Intelligent Mechatronics, AIM","2019-July","","8868401","1086","1091","5","3","10.1109/AIM.2019.8868401","https://www.scopus.com/inward/record.uri?eid=2-s2.0-85074288561&doi=10.1109%2fAIM.2019.8868401&partnerID=40&md5=99d4ff8edf0089036ccc26ff16efb9b8","Conference paper","Final","","Scopus","2-s2.0-85074288561"
"Beulens A.J.W.; Brinkman W.M.; Porte P.J.; Meijer R.P.; van Merriënboer J.J.G.; Van der Poel H.G.; Wagner C.","Beulens, Alexander. J. W. (57204784002); Brinkman, Willem M. (57023425700); Porte, Petra J. (57201665227); Meijer, Richard P. (16203334900); van Merriënboer, Jeroen J. G. (6701795813); Van der Poel, Henk G. (7004230990); Wagner, Cordula (7402149061)","57204784002; 57023425700; 57201665227; 16203334900; 6701795813; 7004230990; 7402149061","The value of a 1-day multidisciplinary robot surgery training for novice robot surgeons","2019","Journal of Robotic Surgery","13","3","","435","447","12","7","10.1007/s11701-018-0894-2","https://www.scopus.com/inward/record.uri?eid=2-s2.0-85057151008&doi=10.1007%2fs11701-018-0894-2&partnerID=40&md5=361bda050065469a8ed31f92c2ef9670","Article","Final","","Scopus","2-s2.0-85057151008"
"Fabisch A.","Fabisch, Alexander (55418947400)","55418947400","A Comparison of Policy Search in Joint Space and Cartesian Space for Refinement of Skills","2020","Advances in Intelligent Systems and Computing","980","","","301","309","8","4","10.1007/978-3-030-19648-6_35","https://www.scopus.com/inward/record.uri?eid=2-s2.0-85065966767&doi=10.1007%2f978-3-030-19648-6_35&partnerID=40&md5=3b3841bb5c5d61474aa5ad0961bc4dcc","Conference paper","Final","","Scopus","2-s2.0-85065966767"
"Volkmann M.; Legler T.; Wagner A.; Ruskowski M.","Volkmann, Magnus (57208860365); Legler, Tatjana (57218134730); Wagner, Andreas (57221692652); Ruskowski, Martin (6506335737)","57208860365; 57218134730; 57221692652; 6506335737","A CAD feature-based manufacturing approach with OPC UA skills","2020","Procedia Manufacturing","51","","","416","423","7","16","10.1016/j.promfg.2020.10.059","https://www.scopus.com/inward/record.uri?eid=2-s2.0-85099861676&doi=10.1016%2fj.promfg.2020.10.059&partnerID=40&md5=e31afa71a1839fed417b492013816331","Conference paper","Final","All Open Access; Gold Open Access","Scopus","2-s2.0-85099861676"
"Zhong B.; Li T.","Zhong, Baichang (56954316600); Li, Tingting (57220574583)","56954316600; 57220574583","Can Pair Learning Improve Students’ Troubleshooting Performance in Robotics Education?","2020","Journal of Educational Computing Research","58","1","","220","248","28","37","10.1177/0735633119829191","https://www.scopus.com/inward/record.uri?eid=2-s2.0-85062455690&doi=10.1177%2f0735633119829191&partnerID=40&md5=93b15cf1b4d547b9f94694b20e65777a","Article","Final","","Scopus","2-s2.0-85062455690"
"Nagele F.; Halt L.; Tenbrock P.; Pott A.","Nagele, Frank (57191849422); Halt, Lorenz (36461024200); Tenbrock, Philipp (57207884842); Pott, Andreas (16643873200)","57191849422; 36461024200; 57207884842; 16643873200","Composition and Incremental Refinement of Skill Models for Robotic Assembly Tasks","2019","Proceedings - 3rd IEEE International Conference on Robotic Computing, IRC 2019","","","8675644","177","182","5","2","10.1109/IRC.2019.00034","https://www.scopus.com/inward/record.uri?eid=2-s2.0-85064117882&doi=10.1109%2fIRC.2019.00034&partnerID=40&md5=7cf936b17fb11e19ef37d4047e31f33a","Conference paper","Final","All Open Access; Green Open Access","Scopus","2-s2.0-85064117882"
"Bonanno L.; Russo M.; Bramanti A.; Calabrò R.S.; Marino S.","Bonanno, Lilla (36678765400); Russo, Margherita (34974708200); Bramanti, Alessia (23011171400); Calabrò, Rocco Salvatore (16416609700); Marino, Silvia (55655136500)","36678765400; 34974708200; 23011171400; 16416609700; 55655136500","Functional connectivity in multiple sclerosis after robotic rehabilitative treatment A case report","2019","Medicine (United States)","98","17","e15047","","","","5","10.1097/MD.0000000000015047","https://www.scopus.com/inward/record.uri?eid=2-s2.0-85065306939&doi=10.1097%2fMD.0000000000015047&partnerID=40&md5=65a30fdf6095475770d504553d2fc5c5","Article","Final","All Open Access; Gold Open Access; Green Open Access","Scopus","2-s2.0-85065306939"
"Li B.; Lu T.; Li X.; Cai Y.; Wang S.","Li, Boyao (57199787596); Lu, Tao (37051205900); Li, Xiaocan (57211243330); Cai, Yinghao (55635590000); Wang, Shuo (55968472300)","57199787596; 37051205900; 57211243330; 55635590000; 55968472300","An Automatic Robot Skills Learning System from Robot's Real-World Demonstrations","2019","Proceedings of the 31st Chinese Control and Decision Conference, CCDC 2019","","","8833143","5138","5142","4","4","10.1109/CCDC.2019.8833143","https://www.scopus.com/inward/record.uri?eid=2-s2.0-85073102698&doi=10.1109%2fCCDC.2019.8833143&partnerID=40&md5=d08a78799349b332db1f3ecfbb8e9bd9","Conference paper","Final","","Scopus","2-s2.0-85073102698"
"Simeonov A.; Du Y.; Kim B.; Hogan F.R.; Tenenbaum J.; Agrawal P.; Rodriguez A.","Simeonov, Anthony (57201114672); Du, Yilun (57194623792); Kim, Beomjoon (59467786100); Hogan, Francois R. (56436160400); Tenenbaum, Joshua (7006818404); Agrawal, Pulkit (56333469300); Rodriguez, Alberto (57221838837)","57201114672; 57194623792; 59467786100; 56436160400; 7006818404; 56333469300; 57221838837","A Long Horizon Planning Framework for Manipulating Rigid Pointcloud Objects","2020","Proceedings of Machine Learning Research","155","","","1582","1601","19","17","","https://www.scopus.com/inward/record.uri?eid=2-s2.0-85175858113&partnerID=40&md5=9cb69471077991f8add86dc73a378908","Conference paper","Final","","Scopus","2-s2.0-85175858113"
"Du W.; Omisore O.M.; Duan W.; Zhou T.; Lv X.; Li Y.; Han S.; Al-Handarish Y.; Liu Q.; Wang L.","Du, Wenjing (57190835781); Omisore, Olatunji Mumini (56590093100); Duan, Wenke (57210417249); Zhou, Tao (57210417348); Lv, Xiaodan (57216160006); Li, Yifa (57216159648); Han, Shipeng (57193484844); Al-Handarish, Yousef (57202600106); Liu, Qiuhua (57216148694); Wang, Lei (36987001200)","57190835781; 56590093100; 57210417249; 57210417348; 57216160006; 57216159648; 57193484844; 57202600106; 57216148694; 36987001200","Exploration of Interventionists' Technical Manipulation Skills for Robot-Assisted Intravascular PCI Catheterization","2020","IEEE Access","8","","9035494","53750","53765","15","13","10.1109/ACCESS.2020.2980579","https://www.scopus.com/inward/record.uri?eid=2-s2.0-85082707423&doi=10.1109%2fACCESS.2020.2980579&partnerID=40&md5=718b0a85e7cecc418185d063d6b5741a","Article","Final","All Open Access; Gold Open Access","Scopus","2-s2.0-85082707423"
"Toet A.; Kuling I.A.; Krom B.N.; van Erp J.B.F.","Toet, Alexander (7006409812); Kuling, Irene A. (26666101400); Krom, Bouke N. (57202535887); van Erp, Jan B. F. (6603719358)","7006409812; 26666101400; 57202535887; 6603719358","Toward Enhanced Teleoperation Through Embodiment","2020","Frontiers in Robotics and AI","7","","14","","","","54","10.3389/frobt.2020.00014","https://www.scopus.com/inward/record.uri?eid=2-s2.0-85092731257&doi=10.3389%2ffrobt.2020.00014&partnerID=40&md5=6403a778a8d222bb5d35525134a20a02","Article","Final","All Open Access; Gold Open Access; Green Open Access","Scopus","2-s2.0-85092731257"
"Liu H.; Zhao L.; Siciliano B.; Ficuciello F.","Liu, Huan (55869782600); Zhao, Longhai (56883370900); Siciliano, Bruno (7006263661); Ficuciello, Fanny (36801496500)","55869782600; 56883370900; 7006263661; 36801496500","Modeling, Optimization, and Experimentation of the ParaGripper for In-Hand Manipulation without Parasitic Rotation","2020","IEEE Robotics and Automation Letters","5","2","9000610","3011","3018","7","13","10.1109/LRA.2020.2974419","https://www.scopus.com/inward/record.uri?eid=2-s2.0-85081624342&doi=10.1109%2fLRA.2020.2974419&partnerID=40&md5=621e58353d777e461c3e3a6892b6eea7","Article","Final","","Scopus","2-s2.0-85081624342"
"Yang C.; Chen C.; He W.; Cui R.; Li Z.","Yang, Chenguang (55671767000); Chen, Chuize (57203137144); He, Wei (56580949000); Cui, Rongxin (15065021100); Li, Zhijun (56266709300)","55671767000; 57203137144; 56580949000; 15065021100; 56266709300","Robot Learning System Based on Adaptive Neural Control and Dynamic Movement Primitives","2019","IEEE Transactions on Neural Networks and Learning Systems","30","3","8421037","777","787","10","305","10.1109/TNNLS.2018.2852711","https://www.scopus.com/inward/record.uri?eid=2-s2.0-85050631466&doi=10.1109%2fTNNLS.2018.2852711&partnerID=40&md5=e781a8e1bd67f1573913c0ae7c195e30","Article","Final","All Open Access; Hybrid Gold Open Access","Scopus","2-s2.0-85050631466"
"Johannsmeier L.; Gerchow M.; Haddadin S.","Johannsmeier, Lars (57201549476); Gerchow, Malkin (57210808635); Haddadin, Sami (23008499000)","57201549476; 57210808635; 23008499000","A framework for robot manipulation: Skill formalism, meta learning and adaptive control","2019","Proceedings - IEEE International Conference on Robotics and Automation","","","8793542","5844","5850","6","96","10.1109/ICRA.2019.8793542","https://www.scopus.com/inward/record.uri?eid=2-s2.0-85071435301&doi=10.1109%2fICRA.2019.8793542&partnerID=40&md5=9fe193f6401394d71801f20da62a59cd","Conference paper","Final","All Open Access; Green Open Access","Scopus","2-s2.0-85071435301"
"Prado da Fonseca V.; Alves de Oliveira T.E.; Petriu E.M.","Prado da Fonseca, Vinicius (56027679900); Alves de Oliveira, Thiago Eustaquio (56872521200); Petriu, Emil M. (35428404800)","56027679900; 56872521200; 35428404800","Estimating the Orientation of Objects from Tactile Sensing Data Using Machine Learning Methods and Visual Frames of Reference","2019","Sensors (Basel, Switzerland)","19","10","","","","","16","10.3390/s19102285","https://www.scopus.com/inward/record.uri?eid=2-s2.0-85066454682&doi=10.3390%2fs19102285&partnerID=40&md5=1e5bbe9778e7cdfef0b8339fe7cae2d0","Article","Final","All Open Access; Gold Open Access; Green Open Access","Scopus","2-s2.0-85066454682"
"Lim G.H.; Pedrosa E.; Amaral F.; Pereira A.; Lau N.; Azevedo J.L.; Cunha B.; Badini S.","Lim, Gi Hyun (23028016700); Pedrosa, Eurico (55246502500); Amaral, Filipe (57215452232); Pereira, A. (55999597100); Lau, Nuno (13907323500); Azevedo, José Luís (7101722202); Cunha, Bernardo (24476249900); Badini, Simone (57195302947)","23028016700; 55246502500; 57215452232; 55999597100; 13907323500; 7101722202; 24476249900; 57195302947","Skill-based anytime agent architecture for European Robotics Challenges in realistic environments: EuRoC Challenge 2, Stage II — realistic labs","2019","Robotics and Autonomous Systems","120","","103227","","","","3","10.1016/j.robot.2019.06.006","https://www.scopus.com/inward/record.uri?eid=2-s2.0-85070213536&doi=10.1016%2fj.robot.2019.06.006&partnerID=40&md5=c61d5a42a1ffa5d6c4af42465e347994","Article","Final","","Scopus","2-s2.0-85070213536"
"Álvarez-Aparicio C.; Guerrero-Higueras A.M.; Rodríguez-Lera F.J.; Calvo Olivera M.C.; Matellán Olivera V.; Ginés Clavero J.; Martín Rico F.","Álvarez-Aparicio, Claudia (57200436966); Guerrero-Higueras, Ángel M. (55523165800); Rodríguez-Lera, Francisco J. (56545842100); Calvo Olivera, M. Carmen (57200451285); Matellán Olivera, Vicente (6507987964); Ginés Clavero, Jonatan (57215366132); Martín Rico, Francisco (56297921500)","57200436966; 55523165800; 56545842100; 57200451285; 6507987964; 57215366132; 56297921500","LIDAR-based people detection and tracking for @home Competitions","2019","19th IEEE International Conference on Autonomous Robot Systems and Competitions, ICARSC 2019","","","8733624","","","","6","10.1109/ICARSC.2019.8733624","https://www.scopus.com/inward/record.uri?eid=2-s2.0-85068472635&doi=10.1109%2fICARSC.2019.8733624&partnerID=40&md5=3a21efb462b7fdd97a9b17c759f9a36b","Conference paper","Final","","Scopus","2-s2.0-85068472635"
"Bejjani W.; Dogar M.R.; Leonetti M.","Bejjani, Wissam (57193493231); Dogar, Mehmet R. (22939838000); Leonetti, Matteo (36802120200)","57193493231; 22939838000; 36802120200","Learning Physics-Based Manipulation in Clutter: Combining Image-Based Generalization and Look-Ahead Planning","2019","IEEE International Conference on Intelligent Robots and Systems","","","8967717","6562","6569","7","14","10.1109/IROS40897.2019.8967717","https://www.scopus.com/inward/record.uri?eid=2-s2.0-85081167146&doi=10.1109%2fIROS40897.2019.8967717&partnerID=40&md5=1d3a730a1235cbb1ff932b9e7ad68a86","Conference paper","Final","All Open Access; Green Open Access","Scopus","2-s2.0-85081167146"
"Liu T.; Nie M.; Wu X.; Luo D.","Liu, Tianlin (57192913473); Nie, Mengxi (57204629841); Wu, Xihong (7407061832); Luo, Dingsheng (7202658172)","57192913473; 57204629841; 7407061832; 7202658172","Developing Robot Reaching Skill via Look-ahead Planning","2019","WRC SARA 2019 - World Robot Conference Symposium on Advanced Robotics and Automation 2019","","","8931964","25","31","6","1","10.1109/WRC-SARA.2019.8931964","https://www.scopus.com/inward/record.uri?eid=2-s2.0-85077819181&doi=10.1109%2fWRC-SARA.2019.8931964&partnerID=40&md5=7144efc0651581d505086f31c64c6995","Conference paper","Final","","Scopus","2-s2.0-85077819181"
"Tanwani A.K.; Lee J.; Thananjeyan B.; Laskey M.; Krishnan S.; Fox R.; Goldberg K.; Calinon S.","Tanwani, Ajay Kumar (27868177900); Lee, Jonathan (57192212743); Thananjeyan, Brijen (57195425489); Laskey, Michael (56803655600); Krishnan, Sanjay (56272628500); Fox, Roy (23008072000); Goldberg, Ken (35453491100); Calinon, Sylvain (6507248533)","27868177900; 57192212743; 57195425489; 56803655600; 56272628500; 23008072000; 35453491100; 6507248533","Generalizing Robot Imitation Learning with Invariant Hidden Semi-Markov Models","2020","Springer Proceedings in Advanced Robotics","14","","","196","211","15","2","10.1007/978-3-030-44051-0_12","https://www.scopus.com/inward/record.uri?eid=2-s2.0-85107048807&doi=10.1007%2f978-3-030-44051-0_12&partnerID=40&md5=3d18f04a0cd56528c0c0bfb50a43a43c","Book chapter","Final","","Scopus","2-s2.0-85107048807"
"Eitel A.; Hauff N.; Burgard W.","Eitel, Andreas (56511971300); Hauff, Nico (57215559540); Burgard, Wolfram (7003610380)","56511971300; 57215559540; 7003610380","Self-supervised Transfer Learning for Instance Segmentation through Physical Interaction","2019","IEEE International Conference on Intelligent Robots and Systems","","","8967915","4020","4026","6","18","10.1109/IROS40897.2019.8967915","https://www.scopus.com/inward/record.uri?eid=2-s2.0-85081161950&doi=10.1109%2fIROS40897.2019.8967915&partnerID=40&md5=2b9ad885aadf7ee2c93f348e295072a4","Conference paper","Final","All Open Access; Green Open Access","Scopus","2-s2.0-85081161950"
"Li F.; Jiang Q.; Quan W.; Song R.; Li Y.","Li, Fengming (57207859872); Jiang, Qi (56599608500); Quan, Wei (57211516109); Song, Rui (7202051472); Li, Yibin (55907838900)","57207859872; 56599608500; 57211516109; 7202051472; 55907838900","Manipulation skill acquisition for robotic assembly using deep reinforcement learning","2019","IEEE/ASME International Conference on Advanced Intelligent Mechatronics, AIM","2019-July","","8868579","13","18","5","12","10.1109/AIM.2019.8868579","https://www.scopus.com/inward/record.uri?eid=2-s2.0-85074288611&doi=10.1109%2fAIM.2019.8868579&partnerID=40&md5=bf56cf40466003f4c7d19af9109bdf43","Conference paper","Final","","Scopus","2-s2.0-85074288611"
"Lämmle A.; König T.; El-Shamouty M.; Huber M.F.","Lämmle, Arik (57209686663); König, Thomas (57219371559); El-Shamouty, Mohamed (57211081573); Huber, Marco F. (22835220700)","57209686663; 57219371559; 57211081573; 22835220700","Skill-based programming of force-controlled assembly tasks using deep reinforcement learning","2020","Procedia CIRP","93","","","1061","1066","5","10","10.1016/j.procir.2020.04.153","https://www.scopus.com/inward/record.uri?eid=2-s2.0-85092429467&doi=10.1016%2fj.procir.2020.04.153&partnerID=40&md5=750162df4ba01e16576a0661f3b0fba5","Conference paper","Final","All Open Access; Gold Open Access","Scopus","2-s2.0-85092429467"
"Saukkoriipi J.; Heikkilä T.; Ahola J.M.; Seppälä T.; Isto P.","Saukkoriipi, Janne (57212304944); Heikkilä, Tapio (7007151118); Ahola, Jari M. (27267567900); Seppälä, Tuomas (56426840400); Isto, Pekka (15724754900)","57212304944; 7007151118; 27267567900; 56426840400; 15724754900","Programming and control for skill-based robots","2020","Open Engineering","10","1","","368","376","8","13","10.1515/eng-2020-0037","https://www.scopus.com/inward/record.uri?eid=2-s2.0-85085575041&doi=10.1515%2feng-2020-0037&partnerID=40&md5=a96d4a601d72e40fe12c1df6689f455f","Article","Final","All Open Access; Gold Open Access","Scopus","2-s2.0-85085575041"
"Song J.; Dow D.E.; Santacroce J.F.","Song, Jiahui (23986310200); Dow, Douglas Eric (7005330317); Santacroce, Joseph F. (56584723600)","23986310200; 7005330317; 56584723600","Girl scouts stem day","2019","ASEE Annual Conference and Exposition, Conference Proceedings","","","","","","","0","","https://www.scopus.com/inward/record.uri?eid=2-s2.0-85078736519&partnerID=40&md5=ca85840e140edd251732b8f49c6b3fde","Conference paper","Final","","Scopus","2-s2.0-85078736519"
"Chaudhari D.; Bhagat K.; Demircan E.","Chaudhari, Dipti (57221606180); Bhagat, Kunj (57224129421); Demircan, Emel (55324598000)","57221606180; 57224129421; 55324598000","Understanding and Transfer of Human Skills in Robotics Using Deep Learning and Musculoskeletal Modeling","2020","Springer Proceedings in Advanced Robotics","11","","","45","55","10","0","10.1007/978-3-030-33950-0_5","https://www.scopus.com/inward/record.uri?eid=2-s2.0-85107076418&doi=10.1007%2f978-3-030-33950-0_5&partnerID=40&md5=2e6d46184db33ef9d160f801e7683a11","Book chapter","Final","","Scopus","2-s2.0-85107076418"
"Duan J.; Ou Y.; Xu S.; Liu M.","Duan, Jianghua (57195580089); Ou, Yongsheng (55618994600); Xu, Sheng (56939491800); Liu, Ming (55512872300)","57195580089; 55618994600; 56939491800; 55512872300","Sequential learning unification controller from human demonstrations for robotic compliant manipulation","2019","Neurocomputing","366","","","35","45","10","10","10.1016/j.neucom.2019.07.081","https://www.scopus.com/inward/record.uri?eid=2-s2.0-85072718021&doi=10.1016%2fj.neucom.2019.07.081&partnerID=40&md5=a4cc3a576906b1f207195b54d3fe5f78","Article","Final","","Scopus","2-s2.0-85072718021"
"Zhang L.; Guo S.; Gu S.; Song D.; Shi P.; Jin X.","Zhang, Linshuai (56352549400); Guo, Shuxiang (7403650655); Gu, Shuoxin (57195944922); Song, Dapeng (57204595330); Shi, Peng (57208316528); Jin, Xiaoliang (57195944313)","56352549400; 7403650655; 57195944922; 57204595330; 57208316528; 57195944313","An MR fluids-based master haptic interface with adjustable protection threshold for endovascular catheterization","2019","IEEE International Conference on Robotics and Biomimetics, ROBIO 2019","","","8961599","954","959","5","1","10.1109/ROBIO49542.2019.8961599","https://www.scopus.com/inward/record.uri?eid=2-s2.0-85079033761&doi=10.1109%2fROBIO49542.2019.8961599&partnerID=40&md5=d30e722a52cb341e42d7a2909d35e940","Conference paper","Final","","Scopus","2-s2.0-85079033761"
"Nacul M.P.; Melani A.G.F.; Zilberstein B.; Benevenuto D.S.; Cavazzola L.T.; Araujo R.L.C.; Sallum R.A.A.; Aguiar S., Jr.; Tomasich F.","Nacul, Miguel Prestes (56056304100); Melani, Armando Geraldo Franchini (57214115880); Zilberstein, Bruno (7006969058); Benevenuto, Dyego Sá (57217289260); Cavazzola, Leandro Totti (6506626675); Araujo, Raphael L. C. (55542676200); Sallum, Rubens Antonio Aissar (25959299300); Aguiar, Samuel (6603040292); Tomasich, Flávio (7801421287)","56056304100; 57214115880; 7006969058; 57217289260; 6506626675; 55542676200; 25959299300; 6603040292; 7801421287","Educational note: Teaching and training in robotic surgery. an opinion of the minimally invasive and robotic surgery committee of the brazilian college of surgeons; [Nota educacional: Ensino e treinamento em cirurgia robótica. um parecer da comissão de cirurgia minimamente invasiva e robótica do colégio brasileiro de cirurgiões]","2020","Revista do Colegio Brasileiro de Cirurgioes","47","","e20202681","1","12","11","9","10.1590/0100-6991e-20202681","https://www.scopus.com/inward/record.uri?eid=2-s2.0-85089932538&doi=10.1590%2f0100-6991e-20202681&partnerID=40&md5=8ff0cfae561165ad5d03ad324998dc2d","Review","Final","All Open Access; Gold Open Access; Green Open Access","Scopus","2-s2.0-85089932538"
"Remazeilles A.; Rasines I.; Fernandez A.; McIntyre J.","Remazeilles, Anthony (6507523443); Rasines, Irati (55331597700); Fernandez, Asier (57265477200); McIntyre, Joseph (7202924819)","6507523443; 55331597700; 57265477200; 7202924819","Human Manipulation Segmentation and Characterization Based on Instantaneous Work","2020","Advances in Intelligent Systems and Computing","1092 AISC","","","343","354","11","0","10.1007/978-3-030-35990-4_28","https://www.scopus.com/inward/record.uri?eid=2-s2.0-85082137099&doi=10.1007%2f978-3-030-35990-4_28&partnerID=40&md5=273360754f2e8681122d10793ba9cd1d","Conference paper","Final","","Scopus","2-s2.0-85082137099"
"Lindorfer R.; Froschauer R.","Lindorfer, Rene (57202948389); Froschauer, Roman (15135398200)","57202948389; 15135398200","Towards user-oriented programming of skill-based automation systems using a domain-specific meta-modeling approach","2019","IEEE International Conference on Industrial Informatics (INDIN)","2019-July","","8972318","655","660","5","10","10.1109/INDIN41052.2019.8972318","https://www.scopus.com/inward/record.uri?eid=2-s2.0-85079036232&doi=10.1109%2fINDIN41052.2019.8972318&partnerID=40&md5=bef52d20f0297f6466934227f5738f80","Conference paper","Final","","Scopus","2-s2.0-85079036232"
"Wang Y.; Guo S.; Xiao N.; Li Y.; Jiang Y.","Wang, Yuan (57074209600); Guo, Shuxiang (7403650655); Xiao, Nan (8378416400); Li, Youxiang (35337206500); Jiang, Yuhua (55938146600)","57074209600; 7403650655; 8378416400; 35337206500; 55938146600","Surgeons’ Operation Skill-Based Control Strategy and Preliminary Evaluation for a Vascular Interventional Surgical Robot","2019","Journal of Medical and Biological Engineering","39","5","","653","664","11","22","10.1007/s40846-018-0453-3","https://www.scopus.com/inward/record.uri?eid=2-s2.0-85072405205&doi=10.1007%2fs40846-018-0453-3&partnerID=40&md5=b7ee7dc56469af81ada95dad3caa7e29","Article","Final","","Scopus","2-s2.0-85072405205"
"Holtz J.; Guha A.; Biswas J.","Holtz, Jarrett (57200627827); Guha, Arjun (23984498600); Biswas, Joydeep (35774160500)","57200627827; 23984498600; 35774160500","Robot Action Selection Learning via Layered Dimension Informed Program Synthesis","2020","Proceedings of Machine Learning Research","155","","","1471","1480","9","3","","https://www.scopus.com/inward/record.uri?eid=2-s2.0-85175790336&partnerID=40&md5=699cebf28f1b978d39cba810bb002ae2","Conference paper","Final","","Scopus","2-s2.0-85175790336"
"Fast-Berglund Å.; Romero D.; Åkerman M.; Hodig B.; Pichler A.","Fast-Berglund, Åsa (55710724700); Romero, David (55828150491); Åkerman, Magnus (56278274800); Hodig, Björn (57218718471); Pichler, Andreas (7004603934)","55710724700; 55828150491; 56278274800; 57218718471; 7004603934","Agent- and Skill-Based Process Interoperability for Socio-Technical Production Systems-of-Systems","2020","IFIP Advances in Information and Communication Technology","592 IFIP","","","46","54","8","5","10.1007/978-3-030-57997-5_6","https://www.scopus.com/inward/record.uri?eid=2-s2.0-85090174089&doi=10.1007%2f978-3-030-57997-5_6&partnerID=40&md5=92fa2ea291aff2ed824490116e06407e","Conference paper","Final","","Scopus","2-s2.0-85090174089"
"Wu H.; Guan Y.; Rojas J.","Wu, Hongmin (56650300300); Guan, Yisheng (7202924042); Rojas, Juan (36868704800)","56650300300; 7202924042; 36868704800","Analysis of multimodal Bayesian nonparametric autoregressive hidden Markov models for process monitoring in robotic contact tasks","2019","International Journal of Advanced Robotic Systems","16","2","","","","","11","10.1177/1729881419834840","https://www.scopus.com/inward/record.uri?eid=2-s2.0-85063637307&doi=10.1177%2f1729881419834840&partnerID=40&md5=da20d91e7273b10a840e7ceda4781ea4","Article","Final","All Open Access; Gold Open Access","Scopus","2-s2.0-85063637307"
"Liu D.; Lu B.; Cong M.","Liu, Dong (57137089900); Lu, Binpeng (57216692230); Cong, Ming (16306181000)","57137089900; 57216692230; 16306181000","Robot Skill Learning based on Interacting with RGB-D Image","2019","9th IEEE International Conference on Cyber Technology in Automation, Control and Intelligent Systems, CYBER 2019","","","9066757","1209","1214","5","1","10.1109/CYBER46603.2019.9066757","https://www.scopus.com/inward/record.uri?eid=2-s2.0-85084314339&doi=10.1109%2fCYBER46603.2019.9066757&partnerID=40&md5=633f20a43d1ac2e7ea37ba1759b0abc6","Conference paper","Final","","Scopus","2-s2.0-85084314339"
"Dai F.; Li N.; Clever D.","Dai, Fan (7102055805); Li, Nuo (57211117510); Clever, Debora (36679715400)","7102055805; 57211117510; 36679715400","Use CAD data for intuitive definition of robot actions in a skill-based robot application development environment","2020","52nd International Symposium on Robotics, ISR 2020","","","","169","174","5","1","","https://www.scopus.com/inward/record.uri?eid=2-s2.0-85101185380&partnerID=40&md5=87d842de730fe3a93ef6d4d7c8f5c604","Conference paper","Final","","Scopus","2-s2.0-85101185380"
"Sharma M.; Kroemer O.","Sharma, Mohit (57203223216); Kroemer, Oliver (35194171900)","57203223216; 35194171900","Relational Learning for Skill Preconditions","2020","Proceedings of Machine Learning Research","155","","","845","861","16","4","","https://www.scopus.com/inward/record.uri?eid=2-s2.0-85175839521&partnerID=40&md5=cf9ebe9435acdd2f302b730e202a5344","Conference paper","Final","","Scopus","2-s2.0-85175839521"
"Zech P.; Renaudo E.; Haller S.; Zhang X.; Piater J.","Zech, Philipp (35933646100); Renaudo, Erwan (56303861600); Haller, Simon (56640964800); Zhang, Xiang (57207846573); Piater, Justus (8935537700)","35933646100; 56303861600; 56640964800; 57207846573; 8935537700","Action representations in robotics: A taxonomy and systematic classification","2019","International Journal of Robotics Research","38","5","","518","562","44","16","10.1177/0278364919835020","https://www.scopus.com/inward/record.uri?eid=2-s2.0-85063059988&doi=10.1177%2f0278364919835020&partnerID=40&md5=57c9bee61ab7ecb8b2af56d900d45364","Article","Final","All Open Access; Green Open Access; Hybrid Gold Open Access","Scopus","2-s2.0-85063059988"
"Halt L.; Pott A.","Halt, Lorenz (36461024200); Pott, Andreas (16643873200)","36461024200; 16643873200","Automatic synthesis of a saturating state space controller based on convex optimization for industrial robots","2020","52nd International Symposium on Robotics, ISR 2020","","","","79","84","5","0","","https://www.scopus.com/inward/record.uri?eid=2-s2.0-85101162409&partnerID=40&md5=b4097c60f1731c8fdcd48c0a299d26e9","Conference paper","Final","","Scopus","2-s2.0-85101162409"
"Parigi Polverini M.; Zanchettin A.M.; Rocco P.","Parigi Polverini, Matteo (57208417702); Zanchettin, Andrea Maria (27268100300); Rocco, Paolo (57216880234)","57208417702; 27268100300; 57216880234","A constraint-based programming approach for robotic assembly skills implementation","2019","Robotics and Computer-Integrated Manufacturing","59","","","69","81","12","23","10.1016/j.rcim.2019.03.005","https://www.scopus.com/inward/record.uri?eid=2-s2.0-85063255211&doi=10.1016%2fj.rcim.2019.03.005&partnerID=40&md5=7cfc7c68d8849f0e46a2a6bedb3f3e06","Article","Final","All Open Access; Green Open Access","Scopus","2-s2.0-85063255211"
"Qin F.-B.; Xu D.","Qin, Fang-Bo (57188862975); Xu, De (7404074326)","57188862975; 7404074326","Review of Robot Manipulation Skill Models; [机器人操作技能模型综述]","2019","Zidonghua Xuebao/Acta Automatica Sinica","45","8","","1401","1418","17","13","10.16383/j.aas.c180836","https://www.scopus.com/inward/record.uri?eid=2-s2.0-85073689832&doi=10.16383%2fj.aas.c180836&partnerID=40&md5=b793ddc1d9fa5bd9e6407d727a7bba76","Review","Final","","Scopus","2-s2.0-85073689832"
"Liu N.-J.; Lu T.; Cai Y.-H.; Wang S.","Liu, Nai-Jun (57203036347); Lu, Tao (37051205900); Cai, Ying-Hao (55635590000); Wang, Shuo (55968472300)","57203036347; 37051205900; 55635590000; 55968472300","A Review of Robot Manipulation Skills Learning Methods; [机器人操作技能学习方法综述]","2019","Zidonghua Xuebao/Acta Automatica Sinica","45","3","","458","470","12","35","10.16383/j.aas.c180076","https://www.scopus.com/inward/record.uri?eid=2-s2.0-85065520256&doi=10.16383%2fj.aas.c180076&partnerID=40&md5=837ee48836a856441463936f85b7e5f2","Review","Final","","Scopus","2-s2.0-85065520256"
"Liu Y.; Yao J.; Lin T.; Xu H.; Shi F.; Xiao Y.; Zhang L.; Wang L.","Liu, Yongkui (36834231200); Yao, Junying (58393225900); Lin, Tingyu (57022648700); Xu, He (57226027910); Shi, Feng (57218328175); Xiao, Yingying (55352447900); Zhang, Lin (56031107200); Wang, Lihui (55080150600)","36834231200; 58393225900; 57022648700; 57226027910; 57218328175; 55352447900; 56031107200; 55080150600","A framework for industrial robot training in cloud manufacturing with deep reinforcement learning","2020","ASME 2020 15th International Manufacturing Science and Engineering Conference, MSEC 2020","2","","V002T07A024","","","","5","10.1115/MSEC2020-8355","https://www.scopus.com/inward/record.uri?eid=2-s2.0-85101429070&doi=10.1115%2fMSEC2020-8355&partnerID=40&md5=ac786245464e7216b4cad81d9169f94f","Conference paper","Final","","Scopus","2-s2.0-85101429070"
"Huang C.-M.","Huang, Chien-Ming (55193383300)","55193383300","Contextual programming of collaborative robots","2020","Lecture Notes in Computer Science (including subseries Lecture Notes in Artificial Intelligence and Lecture Notes in Bioinformatics)","12217 LNCS","","","321","338","17","0","10.1007/978-3-030-50334-5_22","https://www.scopus.com/inward/record.uri?eid=2-s2.0-85088743140&doi=10.1007%2f978-3-030-50334-5_22&partnerID=40&md5=dddf39ffe058901fbd01b941f82cda4f","Conference paper","Final","","Scopus","2-s2.0-85088743140"
"Shankar T.; Gupta A.","Shankar, Tanmay (57220413420); Gupta, Abhinav (57188760583)","57220413420; 57188760583","Learning robot skills with temporal variational inference","2020","37th International Conference on Machine Learning, ICML 2020","PartF168147-12","","","8582","8591","9","18","","https://www.scopus.com/inward/record.uri?eid=2-s2.0-85098435662&partnerID=40&md5=6d149aca0422e12c18b9608d11aa312a","Conference paper","Final","","Scopus","2-s2.0-85098435662"
"Pagudpud M.V.","Pagudpud, Melidiossa V. (57201379169)","57201379169","Exploring the smartphone manipulation skills in a coffee farming community using clustering algorithm","2019","ACM International Conference Proceeding Series","","","","52","56","4","1","10.1145/3330393.3330413","https://www.scopus.com/inward/record.uri?eid=2-s2.0-85069187575&doi=10.1145%2f3330393.3330413&partnerID=40&md5=d09fd42d6307d2b760795b9dd63f4c1a","Conference paper","Final","","Scopus","2-s2.0-85069187575"
"Li X.; Yang C.; Feng Y.","Li, Xian (57204158285); Yang, Chenguang (55671767000); Feng, Ying (7404544420)","57204158285; 55671767000; 7404544420","The Generalization of Robot Skills Based on Dynamic Movement Primitives","2020","IFAC-PapersOnLine","53","5","","265","270","5","0","10.1016/j.ifacol.2021.04.105","https://www.scopus.com/inward/record.uri?eid=2-s2.0-85107827428&doi=10.1016%2fj.ifacol.2021.04.105&partnerID=40&md5=1071321c05af6620d2a33b828c66df16","Conference paper","Final","All Open Access; Gold Open Access","Scopus","2-s2.0-85107827428"
"Krueger V.; Rovida F.; Grossmann B.; Petrick R.; Crosby M.; Charzoule A.; Martin Garcia G.; Behnke S.; Toscano C.; Veiga G.","Krueger, Volker (7003464904); Rovida, Francesco (56732803900); Grossmann, Bjarne (55938745700); Petrick, Ronald (36447706600); Crosby, Matthew (55957313000); Charzoule, Arnaud (57192181482); Martin Garcia, German (55352437000); Behnke, Sven (13007277900); Toscano, Cesar (16040941400); Veiga, Germano (25643487000)","7003464904; 56732803900; 55938745700; 36447706600; 55957313000; 57192181482; 55352437000; 13007277900; 16040941400; 25643487000","Testing the vertical and cyber-physical integration of cognitive robots in manufacturing","2019","Robotics and Computer-Integrated Manufacturing","57","","","213","229","16","33","10.1016/j.rcim.2018.11.011","https://www.scopus.com/inward/record.uri?eid=2-s2.0-85058571957&doi=10.1016%2fj.rcim.2018.11.011&partnerID=40&md5=7e0a2b17d9fcef4183435926295219df","Article","Final","","Scopus","2-s2.0-85058571957"
"Cho N.J.; Lee S.H.; Suh I.H.; Kim H.-S.","Cho, Nam Jun (56640607100); Lee, Sang Hyoung (55350211200); Suh, Il Hong (55663194100); Kim, Hong-Seok (58085641000)","56640607100; 55350211200; 55663194100; 58085641000","Relationship between the Order for Motor Skill Transfer and Motion Complexity in Reinforcement Learning","2019","IEEE Robotics and Automation Letters","4","2","8585125","293","300","7","6","10.1109/LRA.2018.2889026","https://www.scopus.com/inward/record.uri?eid=2-s2.0-85063308136&doi=10.1109%2fLRA.2018.2889026&partnerID=40&md5=18a067ee1d0853c098f7c2e171042021","Article","Final","","Scopus","2-s2.0-85063308136"
"Akkaladevi S.C.; Pichler A.; Plasch M.; Ikeda M.; Hofmann M.","Akkaladevi, Sharath Chandra (55970920300); Pichler, Andreas (7004603934); Plasch, Matthias (55941347100); Ikeda, Markus (56399859200); Hofmann, Michael (55684296300)","55970920300; 7004603934; 55941347100; 56399859200; 55684296300","Skill-based programming of complex robotic assembly tasks for industrial application; [Skill-basierte Programmierung von komplexen Roboter-Montageaufgaben für die industrielle Applikation]","2019","Elektrotechnik und Informationstechnik","136","7","","326","333","7","17","10.1007/s00502-019-00741-4","https://www.scopus.com/inward/record.uri?eid=2-s2.0-85074693150&doi=10.1007%2fs00502-019-00741-4&partnerID=40&md5=b76c489b7777bffc617a1ff144789525","Article","Final","","Scopus","2-s2.0-85074693150"
"Prakash R.; Vohra M.; Behera L.","Prakash, Ravi (57197201102); Vohra, Mohit (57215295526); Behera, Laxmidhar (6701522952)","57197201102; 57215295526; 6701522952","Learning Optimal Parameterized Policy for High Level Strategies in a Game Setting","2019","2019 28th IEEE International Conference on Robot and Human Interactive Communication, RO-MAN 2019","","","8956383","","","","2","10.1109/RO-MAN46459.2019.8956383","https://www.scopus.com/inward/record.uri?eid=2-s2.0-85078825242&doi=10.1109%2fRO-MAN46459.2019.8956383&partnerID=40&md5=65f72f09128f060545232e1b07062a11","Conference paper","Final","","Scopus","2-s2.0-85078825242"
"Solak G.; Jamone L.","Solak, Gokhan (57215990745); Jamone, Lorenzo (24479375600)","57215990745; 24479375600","Learning by Demonstration and Robust Control of Dexterous In-Hand Robotic Manipulation Skills","2019","IEEE International Conference on Intelligent Robots and Systems","","","8967567","8246","8251","5","23","10.1109/IROS40897.2019.8967567","https://www.scopus.com/inward/record.uri?eid=2-s2.0-85081164479&doi=10.1109%2fIROS40897.2019.8967567&partnerID=40&md5=0898148d451c1ea8cd9adf85cf0e7feb","Conference paper","Final","All Open Access; Green Open Access","Scopus","2-s2.0-85081164479"
"Steinmetz F.; Nitsch V.; Stulp F.","Steinmetz, Franz (56743138600); Nitsch, Verena (25929508000); Stulp, Freek (55891892900)","56743138600; 25929508000; 55891892900","Intuitive Task-Level Programming by Demonstration Through Semantic Skill Recognition","2019","IEEE Robotics and Automation Letters","4","4","8763979","3742","3749","7","48","10.1109/LRA.2019.2928782","https://www.scopus.com/inward/record.uri?eid=2-s2.0-85073891846&doi=10.1109%2fLRA.2019.2928782&partnerID=40&md5=55a66dd2d16e75ef79229deaadbc4215","Article","Final","All Open Access; Green Open Access","Scopus","2-s2.0-85073891846"
"Ugur E.; Girgin H.","Ugur, Emre (15021295100); Girgin, Hakan (57207828531)","15021295100; 57207828531","Compliant parametric dynamic movement primitives","2020","Robotica","38","3","","457","474","17","29","10.1017/S026357471900078X","https://www.scopus.com/inward/record.uri?eid=2-s2.0-85066745537&doi=10.1017%2fS026357471900078X&partnerID=40&md5=523c8b6f497f9a811174cbb12e6b39be","Article","Final","","Scopus","2-s2.0-85066745537"
"Luo J.; Yang C.; Li Q.; Wang M.","Luo, Jing (57198979642); Yang, Chenguang (55671767000); Li, Qiang (55703477400); Wang, Min (55553729118)","57198979642; 55671767000; 55703477400; 55553729118","A Task Learning Mechanism for the Telerobots","2019","International Journal of Humanoid Robotics","16","2","1950009","","","","22","10.1142/S0219843619500099","https://www.scopus.com/inward/record.uri?eid=2-s2.0-85065472125&doi=10.1142%2fS0219843619500099&partnerID=40&md5=93428e33b0a8621b5c55fc63299da41b","Article","Final","All Open Access; Green Open Access; Hybrid Gold Open Access","Scopus","2-s2.0-85065472125"
"Outón J.L.; Villaverde I.; Herrero H.; Esnaola U.; Sierra B.","Outón, Jose Luis (56732941900); Villaverde, Iván (56613788900); Herrero, Héctor (56733085300); Esnaola, Urko (9738517900); Sierra, Basilio (6604043456)","56732941900; 56613788900; 56733085300; 9738517900; 6604043456","Innovative mobile manipulator solution for modern flexible manufacturing processes","2019","Sensors (Switzerland)","19","24","5414","","","","28","10.3390/s19245414","https://www.scopus.com/inward/record.uri?eid=2-s2.0-85076416369&doi=10.3390%2fs19245414&partnerID=40&md5=59eacd0d59822db8bca49ca0f931081d","Article","Final","All Open Access; Gold Open Access; Green Open Access","Scopus","2-s2.0-85076416369"
"Ochoa H.; Cortesao R.","Ochoa, Helio (57216619756); Cortesao, Rui (6602671461)","57216619756; 6602671461","Control architecture for robotic-assisted polishing tasks based on human skills","2019","IECON Proceedings (Industrial Electronics Conference)","2019-October","","8927071","630","637","7","6","10.1109/IECON.2019.8927071","https://www.scopus.com/inward/record.uri?eid=2-s2.0-85084092614&doi=10.1109%2fIECON.2019.8927071&partnerID=40&md5=1fcd60dc8c378e6352be2b0d9d9e3ef5","Conference paper","Final","","Scopus","2-s2.0-85084092614"
"Belousov B.; Sadybakasov A.; Wibranek B.; Veiga F.; Tessmann O.; Peters J.","Belousov, Boris (57194150989); Sadybakasov, Alymbek (57216147115); Wibranek, Bastian (57208238784); Veiga, Filipe (57117494200); Tessmann, Oliver (26325797600); Peters, Jan (35248912800)","57194150989; 57216147115; 57208238784; 57117494200; 26325797600; 35248912800","Building a library of tactile skills based on fingervision","2019","IEEE-RAS International Conference on Humanoid Robots","2019-October","","9035000","717","722","5","7","10.1109/Humanoids43949.2019.9035000","https://www.scopus.com/inward/record.uri?eid=2-s2.0-85082712017&doi=10.1109%2fHumanoids43949.2019.9035000&partnerID=40&md5=b50ebcb95b5f2c1d4d939a70192ef569","Conference paper","Final","All Open Access; Green Open Access","Scopus","2-s2.0-85082712017"
"Krä M.; Vogt L.; Härdtlein C.; Schiele S.; Schilp J.","Krä, Michaela (57209689634); Vogt, Ludwig (57219371115); Härdtlein, Christian (57214319994); Schiele, Stefan (57808208600); Schilp, Johannes (6602506462)","57209689634; 57219371115; 57214319994; 57808208600; 6602506462","Production planning for collaborating resources in cyber-physical production systems","2020","Procedia CIRP","93","","","192","197","5","4","10.1016/j.procir.2020.03.030","https://www.scopus.com/inward/record.uri?eid=2-s2.0-85092434101&doi=10.1016%2fj.procir.2020.03.030&partnerID=40&md5=33702867c2df1915703f3c2ddcfbaeea","Conference paper","Final","All Open Access; Gold Open Access; Green Open Access","Scopus","2-s2.0-85092434101"
"Short E.S.; Allevato A.; Thomaz A.L.","Short, Elaine Schaertl (35957168900); Allevato, Adam (57194037735); Thomaz, Andrea L. (13007283900)","35957168900; 57194037735; 13007283900","SAIL: Simulation-Informed Active In-the-Wild Learning","2019","ACM/IEEE International Conference on Human-Robot Interaction","2019-March","","8673019","468","477","9","6","10.1109/HRI.2019.8673019","https://www.scopus.com/inward/record.uri?eid=2-s2.0-85064007549&doi=10.1109%2fHRI.2019.8673019&partnerID=40&md5=991761631e4e003fd0e9aeeebfc2c621","Conference paper","Final","","Scopus","2-s2.0-85064007549"
"Chi M.; Yao Y.; Liu Y.","Chi, Mingshan (57095470300); Yao, Yufeng (7403567957); Liu, Yaxin (56014658300)","57095470300; 7403567957; 56014658300","Advances in coexisting-cooperative-cognitive robots skill learning approach based on learning from demonstration; [基于示教编程的共融机器人技能学习方法的研究进展]","2020","Yi Qi Yi Biao Xue Bao/Chinese Journal of Scientific Instrument","41","1","","71","83","12","6","10.19650/j.cnki.cjsi.J1905589","https://www.scopus.com/inward/record.uri?eid=2-s2.0-85084935654&doi=10.19650%2fj.cnki.cjsi.J1905589&partnerID=40&md5=11fcdeb91a9d44c54613cdee573e9e39","Review","Final","","Scopus","2-s2.0-85084935654"
"Jajja M.R.; Lovasik B.P.; Kim S.C.; Wang V.L.; Hinman J.M.; Delman K.A.; Srinivasan J.K.","Jajja, Mohammad Raheel (57142387200); Lovasik, Brendan P. (57188657162); Kim, Steven C. (57193428408); Wang, Vivian L. (58150634300); Hinman, Johanna M. (7004737789); Delman, Keith A. (6602139878); Srinivasan, Jahnavi K. (26666333400)","57142387200; 57188657162; 57193428408; 58150634300; 7004737789; 6602139878; 26666333400","Can a Structured, Video-Based Cadaver Curriculum Demonstrating Proficiency Enhance Resident Operative Autonomy?","2019","Journal of Surgical Education","76","6","","e152","e160","8","8","10.1016/j.jsurg.2019.08.004","https://www.scopus.com/inward/record.uri?eid=2-s2.0-85072510545&doi=10.1016%2fj.jsurg.2019.08.004&partnerID=40&md5=608017cdc041d1a650b0cf2f20606aef","Article","Final","","Scopus","2-s2.0-85072510545"
"Ennen P.; Bresenitz P.; Vossen R.; Hees F.","Ennen, Philipp (56550000900); Bresenitz, Pia (42161142500); Vossen, Rene (36176436400); Hees, Frank (15064358400)","56550000900; 42161142500; 36176436400; 15064358400","Learning robust manipulation skills with guided policy search via generative motor reflexes","2019","Proceedings - IEEE International Conference on Robotics and Automation","","","8793775","7851","7857","6","8","10.1109/ICRA.2019.8793775","https://www.scopus.com/inward/record.uri?eid=2-s2.0-85071431264&doi=10.1109%2fICRA.2019.8793775&partnerID=40&md5=c213c858d4ff5f567df1128182e57022","Conference paper","Final","All Open Access; Green Open Access","Scopus","2-s2.0-85071431264"
"Bauer P.; Gonnermann C.; Magaña A.; Reinhart G.","Bauer, Philipp (57208646369); Gonnermann, Clemens (57209682160); Magaña, Alejandro (57209687519); Reinhart, Gunther (7101858932)","57208646369; 57209682160; 57209687519; 7101858932","Skill-based modeling in the geometric quality test for robot-based measuring systems: Autonomous test systems in the digital factory; [Skill-basierte modellierung in der geometrischen qualitätsprüfung für roboterbasierte messsysteme autonome prüfsysteme in der digitalen fabrik]","2020","VDI-Z Integrierte Produktion","162","1-2","","75","78","3","0","","https://www.scopus.com/inward/record.uri?eid=2-s2.0-85083852715&partnerID=40&md5=7e66113ce42a745d462c77e6edb69dd0","Note","Final","","Scopus","2-s2.0-85083852715"
"Zeng C.; Yang C.-G.; Li Q.; Dai S.-L.","Zeng, Chao (57195945568); Yang, Chen-Guang (55671767000); Li, Qiang (55703477400); Dai, Shi-Lu (36877968100)","57195945568; 55671767000; 55703477400; 36877968100","Research Progress on Human-robot Skill Transfer; [人-机器人技能传递研究进展]","2019","Zidonghua Xuebao/Acta Automatica Sinica","45","10","","1813","1828","15","23","10.16383/j.aas.c180397","https://www.scopus.com/inward/record.uri?eid=2-s2.0-85076559024&doi=10.16383%2fj.aas.c180397&partnerID=40&md5=5d0d2187f55658758009df82bde532bc","Review","Final","","Scopus","2-s2.0-85076559024"
"Xi B.; Wang S.; Ye X.; Cai Y.; Lu T.; Wang R.","Xi, Bao (56442123400); Wang, Shuo (55968472300); Ye, Xuemei (57210123859); Cai, Yinghao (55635590000); Lu, Tao (37051205900); Wang, Rui (56383111600)","56442123400; 55968472300; 57210123859; 55635590000; 37051205900; 56383111600","A robotic shared control teleoperation method based on learning from demonstrations","2019","International Journal of Advanced Robotic Systems","16","4","","","","","30","10.1177/1729881419857428","https://www.scopus.com/inward/record.uri?eid=2-s2.0-85069443681&doi=10.1177%2f1729881419857428&partnerID=40&md5=8d2232fd9bd5de0f4e8e6009a8158a13","Article","Final","All Open Access; Gold Open Access","Scopus","2-s2.0-85069443681"
"Caldeira T.; Montalvo Navarrete J.I.","Caldeira, Tiago (56179953600); Montalvo Navarrete, Jorge I. (57194457158)","56179953600; 57194457158","Automated Design Platform for Educational Robots","2019","2019 Advances in Science and Engineering Technology International Conferences, ASET 2019","","","8714278","","","","2","10.1109/ICASET.2019.8714278","https://www.scopus.com/inward/record.uri?eid=2-s2.0-85067024077&doi=10.1109%2fICASET.2019.8714278&partnerID=40&md5=bee8695f26bba6a23aa0a61951200346","Conference paper","Final","","Scopus","2-s2.0-85067024077"
"Kulak T.; Silvério J.; Calinon S.","Kulak, Thibaut (57204174251); Silvério, João (57117682900); Calinon, Sylvain (6507248533)","57204174251; 57117682900; 6507248533","Fourier movement primitives: an approach for learning rhythmic robot skills from demonstrations","2020","Robotics: Science and Systems","","","","","","9","12","10.15607/RSS.2020.XVI.056","https://www.scopus.com/inward/record.uri?eid=2-s2.0-85106110765&doi=10.15607%2fRSS.2020.XVI.056&partnerID=40&md5=f634bd242f02b16744408769dbdde556","Conference paper","Final","All Open Access; Bronze Open Access; Green Open Access","Scopus","2-s2.0-85106110765"
"Djezairi S.; Razika B.Z.; Akli I.; Bouzouia B.","Djezairi, Salim (57204956362); Razika, Boushaki Zamoum (57211062724); Akli, Isma (24528442600); Bouzouia, Brahim (6602694007)","57204956362; 57211062724; 24528442600; 6602694007","Layered task planning for mobile manipulators","2019","Computers and Electrical Engineering","79","","106464","","","","5","10.1016/j.compeleceng.2019.106464","https://www.scopus.com/inward/record.uri?eid=2-s2.0-85072521686&doi=10.1016%2fj.compeleceng.2019.106464&partnerID=40&md5=7f429582defb382c20d5a7a62c32f067","Article","Final","","Scopus","2-s2.0-85072521686"
"Eiband T.; Saveriano M.; Lee D.","Eiband, Thomas (57189455973); Saveriano, Matteo (55556026600); Lee, Dongheui (55661385300)","57189455973; 55556026600; 55661385300","Learning haptic exploration schemes for adaptive task execution","2019","Proceedings - IEEE International Conference on Robotics and Automation","","","8793934","7048","7054","6","14","10.1109/ICRA.2019.8793934","https://www.scopus.com/inward/record.uri?eid=2-s2.0-85071444586&doi=10.1109%2fICRA.2019.8793934&partnerID=40&md5=08d70a4e67c166c637cac03d294a3d56","Conference paper","Final","All Open Access; Green Open Access","Scopus","2-s2.0-85071444586"
"Damgaard M.R.; Pedersen R.; Hansen K.D.; Bak T.","Damgaard, Malte R. (57219439213); Pedersen, Rasmus (23988131800); Hansen, Karl D. (55884592400); Bak, Thomas (7005968177)","57219439213; 23988131800; 55884592400; 7005968177","Control of wall mounting Robot: Practical implementation and experiments","2020","IFAC-PapersOnLine","53","","","10025","10030","5","1","10.1016/j.ifacol.2020.12.2722","https://www.scopus.com/inward/record.uri?eid=2-s2.0-85107775109&doi=10.1016%2fj.ifacol.2020.12.2722&partnerID=40&md5=acd6a3f2579875739e2344bad46189da","Conference paper","Final","All Open Access; Gold Open Access; Green Open Access","Scopus","2-s2.0-85107775109"
"Gervasi R.; Digiaro F.N.; Mastrogiacomo L.; Maisano D.A.; Franceschini F.","Gervasi, R. (57208482873); Digiaro, F.N. (57219547839); Mastrogiacomo, L. (24822361200); Maisano, D.A. (14031883700); Franceschini, F. (7005500864)","57208482873; 57219547839; 24822361200; 14031883700; 7005500864","Comparing quality profiles in human-robot collaboration: Empirical evidence in the automotive sector","2020","International Conference on Quality Engineering and Management","2020-September","","","79","104","25","6","","https://www.scopus.com/inward/record.uri?eid=2-s2.0-85093842708&partnerID=40&md5=74b8bba40739bf784c45ab644c1e8704","Conference paper","Final","","Scopus","2-s2.0-85093842708"
"Julian R.; Heiden E.; He Z.; Zhang H.; Schaal S.; Lim J.; Sukhatme G.; Hausman K.","Julian, Ryan (57218584435); Heiden, Eric (57194621256); He, Zhanpeng (57218580541); Zhang, Hejia (57218863400); Schaal, Stefan (7007171558); Lim, Joseph (35179571100); Sukhatme, Gaurav (7003730870); Hausman, Karol (55920857000)","57218584435; 57194621256; 57218580541; 57218863400; 7007171558; 35179571100; 7003730870; 55920857000","Scaling Simulation-to-Real Transfer by Learning Composable Robot Skills","2020","Springer Proceedings in Advanced Robotics","11","","","267","279","12","3","10.1007/978-3-030-33950-0_24","https://www.scopus.com/inward/record.uri?eid=2-s2.0-85107040200&doi=10.1007%2f978-3-030-33950-0_24&partnerID=40&md5=7bd405e10d11aa76031649af7bd7bf64","Book chapter","Final","","Scopus","2-s2.0-85107040200"
"Akkaladevi S.C.; Plasch M.; Hofmann M.; Pichler A.","Akkaladevi, Sharath Chandra (55970920300); Plasch, Matthias (55941347100); Hofmann, Michael (55684296300); Pichler, Andreas (7004603934)","55970920300; 55941347100; 55684296300; 7004603934","Semantic knowledge based reasoning framework for human robot collaboration","2020","Procedia CIRP","97","","","373","378","5","11","10.1016/j.procir.2020.05.253","https://www.scopus.com/inward/record.uri?eid=2-s2.0-85100851252&doi=10.1016%2fj.procir.2020.05.253&partnerID=40&md5=cdfb8cfa116d3bae4c59dc70a54c5f80","Conference paper","Final","All Open Access; Gold Open Access","Scopus","2-s2.0-85100851252"
"Asfour T.; Paus F.; Waechter M.; Kaul L.; Rader S.; Weiner P.; Ottenhaus S.; Grimm R.; Zhou Y.; Grotz M.","Asfour, Tamim (15724268700); Paus, Fabian (57200626049); Waechter, Mirko (55975520500); Kaul, Lukas (56715810700); Rader, Samuel (57193028906); Weiner, Pascal (57191498779); Ottenhaus, Simon (57193028775); Grimm, Raphael (57190130537); Zhou, You (57192426317); Grotz, Markus (57188678739)","15724268700; 57200626049; 55975520500; 56715810700; 57193028906; 57191498779; 57193028775; 57190130537; 57192426317; 57188678739","ARMAR-6: A High-Performance Humanoid for Human-Robot Collaboration in Real-World Scenarios","2019","IEEE Robotics and Automation Magazine","26","4","8886589","108","121","13","81","10.1109/MRA.2019.2941246","https://www.scopus.com/inward/record.uri?eid=2-s2.0-85076678378&doi=10.1109%2fMRA.2019.2941246&partnerID=40&md5=41ca50b9df6bb125674d9297ce51dc2e","Article","Final","All Open Access; Hybrid Gold Open Access","Scopus","2-s2.0-85076678378"
"Akkaladevi S.C.; Plasch M.; Chitturi N.C.; Hofmann M.; Pichler A.","Akkaladevi, Sharath Chandra (55970920300); Plasch, Matthias (55941347100); Chitturi, Naresh Chowdhary (57221686605); Hofmann, Michael (55684296300); Pichler, Andreas (7004603934)","55970920300; 55941347100; 57221686605; 55684296300; 7004603934","Programming by interactive demonstration for a human robot collaborative assembly","2020","Procedia Manufacturing","51","","","148","155","7","6","10.1016/j.promfg.2020.10.022","https://www.scopus.com/inward/record.uri?eid=2-s2.0-85099805722&doi=10.1016%2fj.promfg.2020.10.022&partnerID=40&md5=8f84144f21359da5889f5a09023b24dc","Conference paper","Final","All Open Access; Gold Open Access","Scopus","2-s2.0-85099805722"
"Tsai Y.-Y.; Xiao B.; Johns E.; Yang G.-Z.","Tsai, Ya-Yen (57210803188); Xiao, Bo (56323521700); Johns, Edward (36801512800); Yang, Guang-Zhong (57211728432)","57210803188; 56323521700; 36801512800; 57211728432","Constrained-Space Optimization and Reinforcement Learning for Complex Tasks","2020","IEEE Robotics and Automation Letters","5","2","8954748","682","689","7","12","10.1109/LRA.2020.2965392","https://www.scopus.com/inward/record.uri?eid=2-s2.0-85078708394&doi=10.1109%2fLRA.2020.2965392&partnerID=40&md5=cd228027759b0f86d01c3e98d3993f9b","Article","Final","All Open Access; Green Open Access","Scopus","2-s2.0-85078708394"
"Xie F.; Chowdhury A.; de Paolis Kaluza M.C.; Zhao L.; Wong L.L.S.; Yu R.","Xie, Fan (57221156861); Chowdhury, Alexander (57226441297); de Paolis Kaluza, M. Clara (57188726366); Zhao, Linfeng (57221152193); Wong, Lawson L.S. (25926155500); Yu, Rose (56355283500)","57221156861; 57226441297; 57188726366; 57221152193; 25926155500; 56355283500","Deep imitation learning for bimanual robotic manipulation","2020","Advances in Neural Information Processing Systems","2020-December","","","","","","38","","https://www.scopus.com/inward/record.uri?eid=2-s2.0-85104091076&partnerID=40&md5=cf0f0e5bf691617587667cc7baa22aad","Conference paper","Final","","Scopus","2-s2.0-85104091076"
"Ehrlich S.K.; Cheng G.","Ehrlich, Stefan K. (57201785248); Cheng, Gordon (10243873000)","57201785248; 10243873000","A computational model of human decision making and learning for assessment of co-adaptation in neuro-adaptive human-robot interaction","2019","Conference Proceedings - IEEE International Conference on Systems, Man and Cybernetics","2019-October","","8913872","264","271","7","7","10.1109/SMC.2019.8913872","https://www.scopus.com/inward/record.uri?eid=2-s2.0-85076751049&doi=10.1109%2fSMC.2019.8913872&partnerID=40&md5=617c5ff78ab79444b845afc2cb1c4cd8","Conference paper","Final","","Scopus","2-s2.0-85076751049"
"Liu D.; Wang Z.; Lu B.; Cong M.; Yu H.; Zou Q.","Liu, Dong (57137089900); Wang, Zitu (57217279389); Lu, Binpeng (57216692230); Cong, Ming (16306181000); Yu, Honghua (57217279543); Zou, Qiang (56924520700)","57137089900; 57217279389; 57216692230; 16306181000; 57217279543; 56924520700","A Reinforcement Learning-Based Framework for Robot Manipulation Skill Acquisition","2020","IEEE Access","8","","9112186","108429","108437","8","19","10.1109/ACCESS.2020.3001130","https://www.scopus.com/inward/record.uri?eid=2-s2.0-85086996122&doi=10.1109%2fACCESS.2020.3001130&partnerID=40&md5=a430ad26b664a8712dc045641e1d36f0","Article","Final","All Open Access; Gold Open Access","Scopus","2-s2.0-85086996122"
"Chen D.; Ju Z.; Zhou D.; Li G.; Liu H.","Chen, Disi (57190336898); Ju, Zhaojie (25655056800); Zhou, Dalin (56841010800); Li, Gongfa (13408307700); Liu, Honghai (54958434200)","57190336898; 25655056800; 56841010800; 13408307700; 54958434200","Online human in-hand manipulation skill recognition and learning","2019","Lecture Notes in Computer Science (including subseries Lecture Notes in Artificial Intelligence and Lecture Notes in Bioinformatics)","11650 LNAI","","","113","122","9","0","10.1007/978-3-030-25332-5_10","https://www.scopus.com/inward/record.uri?eid=2-s2.0-85073909962&doi=10.1007%2f978-3-030-25332-5_10&partnerID=40&md5=fc36e5e7b0c81ab6acd31d5a13082f4e","Conference paper","Final","","Scopus","2-s2.0-85073909962"
"Liang W.; Zhao Y.; Huang W.; Liang H.; Zeng H.; He J.","Liang, Wenhua (53164003300); Zhao, Yi (57201672422); Huang, Weizhe (57202503079); Liang, Hengrui (57199818314); Zeng, Haikang (57195510794); He, Jianxing (57202694927)","53164003300; 57201672422; 57202503079; 57199818314; 57195510794; 57202694927","Liquid biopsy for early stage lung cancer","2018","Journal of Thoracic Disease","10","","","S876","S881","5","34","10.21037/jtd.2018.04.26","https://www.scopus.com/inward/record.uri?eid=2-s2.0-85045631656&doi=10.21037%2fjtd.2018.04.26&partnerID=40&md5=b15c266026dc83d5f86710a899903b52","Review","Final","All Open Access; Green Open Access","Scopus","2-s2.0-85045631656"
"","","","21st RoboCup International Symposium, 2017","2018","Lecture Notes in Computer Science (including subseries Lecture Notes in Artificial Intelligence and Lecture Notes in Bioinformatics)","11175 LNAI","","","","","520","0","","https://www.scopus.com/inward/record.uri?eid=2-s2.0-85053878974&partnerID=40&md5=0c6b6a778d074b6983ea3f24ed4e90a1","Conference review","Final","","Scopus","2-s2.0-85053878974"
"Nagabandi A.; Konolige K.; Levine S.; Kumar V.","Nagabandi, Anusha (55843840100); Konolige, Kurt (7003427106); Levine, Sergey (35731728100); Kumar, Vikash (57202530476)","55843840100; 7003427106; 35731728100; 57202530476","Deep Dynamics Models for Learning Dexterous Manipulation","2019","Proceedings of Machine Learning Research","100","","","1101","1112","11","197","","https://www.scopus.com/inward/record.uri?eid=2-s2.0-85160817403&partnerID=40&md5=08a2a68e186d71394aa4031f685c1858","Conference paper","Final","","Scopus","2-s2.0-85160817403"
"Stark S.; Peters J.; Rueckert E.","Stark, Svenja (57201355807); Peters, Jan (35248912800); Rueckert, Elmar (56743244800)","57201355807; 35248912800; 56743244800","A comparison of distance measures for learning nonparametric motor skill libraries","2017","IEEE-RAS International Conference on Humanoid Robots","","","","624","630","6","3","10.1109/HUMANOIDS.2017.8246937","https://www.scopus.com/inward/record.uri?eid=2-s2.0-85044443417&doi=10.1109%2fHUMANOIDS.2017.8246937&partnerID=40&md5=87f8af184826702887c91ea5e1b23401","Conference paper","Final","","Scopus","2-s2.0-85044443417"
"Dagnino G.; Liu J.; Abdelaziz M.E.M.K.; Chi W.; Riga C.; Yang G.-Z.","Dagnino, G. (56445301900); Liu, J. (55252402400); Abdelaziz, M.E.M.K. (57195417782); Chi, W. (57195419674); Riga, C. (24345300300); Yang, G.-Z. (57211728432)","56445301900; 55252402400; 57195417782; 57195419674; 24345300300; 57211728432","Haptic Feedback and Dynamic Active Constraints for Robot-Assisted Endovascular Catheterization","2018","IEEE International Conference on Intelligent Robots and Systems","","","8593628","1770","1775","5","61","10.1109/IROS.2018.8593628","https://www.scopus.com/inward/record.uri?eid=2-s2.0-85062996516&doi=10.1109%2fIROS.2018.8593628&partnerID=40&md5=0af8a35f0980ed401cdc65e26244ee59","Conference paper","Final","","Scopus","2-s2.0-85062996516"
"Dai F.","Dai, Fan (7102055805)","7102055805","Towards skills-based easy programming of dual-arm robot applications","2019","ICINCO 2019 - Proceedings of the 16th International Conference on Informatics in Control, Automation and Robotics","2","","","363","370","7","1","10.5220/0007920203630370","https://www.scopus.com/inward/record.uri?eid=2-s2.0-85073023884&doi=10.5220%2f0007920203630370&partnerID=40&md5=86ee63e399ba82caa64606201bb7d927","Conference paper","Final","","Scopus","2-s2.0-85073023884"
"Vollmer A.-L.; Hemion N.J.","Vollmer, Anna-Lisa (26424485900); Hemion, Nikolas J. (53879640400)","26424485900; 53879640400","A user study on robot skill learning without a cost function: Optimization of dynamic movement primitives via naive user feedback","2018","Frontiers Robotics  AI","5","JUN","77","","","","8","10.3389/frobt.2018.00077","https://www.scopus.com/inward/record.uri?eid=2-s2.0-85050119682&doi=10.3389%2ffrobt.2018.00077&partnerID=40&md5=2608b99cdce98664243e6d644128f675","Article","Final","All Open Access; Gold Open Access; Green Open Access","Scopus","2-s2.0-85050119682"
"Zeng C.; Yang C.; Chen Z.; Dai S.-L.","Zeng, Chao (57195945568); Yang, Chenguang (55671767000); Chen, Zhaopeng (56021021100); Dai, Shi-Lu (36877968100)","57195945568; 55671767000; 56021021100; 36877968100","Robot learning human stiffness regulation for hybrid manufacture","2018","Assembly Automation","38","5","","539","547","8","29","10.1108/AA-02-2018-019","https://www.scopus.com/inward/record.uri?eid=2-s2.0-85046748625&doi=10.1108%2fAA-02-2018-019&partnerID=40&md5=fa6019c16d2d32d1a4b303df0be34f6d","Article","Final","","Scopus","2-s2.0-85046748625"
"Falco P.; Attawia A.; Saveriano M.; Lee D.","Falco, Pietro (47361065800); Attawia, Abdallah (57207943171); Saveriano, Matteo (55556026600); Lee, Dongheui (55661385300)","47361065800; 57207943171; 55556026600; 55661385300","On Policy Learning Robust to Irreversible Events: An Application to Robotic In-Hand Manipulation","2018","IEEE Robotics and Automation Letters","3","3","","1482","1489","7","24","10.1109/LRA.2018.2800110","https://www.scopus.com/inward/record.uri?eid=2-s2.0-85063304509&doi=10.1109%2fLRA.2018.2800110&partnerID=40&md5=add03721b72ae513a6cf1593b267fe92","Article","Final","All Open Access; Green Open Access","Scopus","2-s2.0-85063304509"
"Enayati N.; Ferrigno G.; De Momi E.","Enayati, Nima (53877235900); Ferrigno, Giancarlo (7005615860); De Momi, Elena (57203951877)","53877235900; 7005615860; 57203951877","Skill-based human–robot cooperation in tele-operated path tracking","2018","Autonomous Robots","42","5","","997","1009","12","28","10.1007/s10514-017-9675-4","https://www.scopus.com/inward/record.uri?eid=2-s2.0-85033374853&doi=10.1007%2fs10514-017-9675-4&partnerID=40&md5=34171e2061603e0e9b92d6f8fdae41b6","Article","Final","All Open Access; Bronze Open Access; Green Open Access","Scopus","2-s2.0-85033374853"
"Kim S.K.; Hirokawa M.; Matsuda S.; Funahashi A.; Suzuki K.","Kim, Sun Kyoung (57201552377); Hirokawa, Masakazu (36548153500); Matsuda, Soichiro (55746376100); Funahashi, Atsushi (35366313000); Suzuki, Kenji (22037104400)","57201552377; 36548153500; 55746376100; 35366313000; 22037104400","Smiles of children with ASD may facilitate helping behaviors to the robot","2018","Lecture Notes in Computer Science (including subseries Lecture Notes in Artificial Intelligence and Lecture Notes in Bioinformatics)","11357 LNAI","","","55","64","9","1","10.1007/978-3-030-05204-1_6","https://www.scopus.com/inward/record.uri?eid=2-s2.0-85058298276&doi=10.1007%2f978-3-030-05204-1_6&partnerID=40&md5=da7067a69c6a09d4991dbdf804ffe8a5","Conference paper","Final","","Scopus","2-s2.0-85058298276"
"Jaquier N.; Rozo L.; Calinon S.; Bürger M.","Jaquier, Noémie (57200629028); Rozo, Leonel (36603179000); Calinon, Sylvain (6507248533); Bürger, Mathias (34871669500)","57200629028; 36603179000; 6507248533; 34871669500","Bayesian Optimization Meets Riemannian Manifolds in Robot Learning","2019","Proceedings of Machine Learning Research","100","","","233","246","13","32","","https://www.scopus.com/inward/record.uri?eid=2-s2.0-85160848679&partnerID=40&md5=1b2a59a9a0b9dfff75014813a40f10c0","Conference paper","Final","","Scopus","2-s2.0-85160848679"
"Cini F.; Ortenzi V.; Corke P.; Controzzi M.","Cini, F. (57219714439); Ortenzi, V. (55414623500); Corke, P. (7005306124); Controzzi, M. (26422782200)","57219714439; 55414623500; 7005306124; 26422782200","On the choice of grasp type and location when handing over an object","2019","Science Robotics","4","27","eaau9757","","","","78","10.1126/scirobotics.aau9757","https://www.scopus.com/inward/record.uri?eid=2-s2.0-85063224102&doi=10.1126%2fscirobotics.aau9757&partnerID=40&md5=3ff0d10767cc219c0498e8570aae1e16","Article","Final","All Open Access; Green Open Access","Scopus","2-s2.0-85063224102"
"Miranda F.; Martins R.; Dorofeev K.; Gentile V.; Ferreira P.; Guedes M.","Miranda, Fábio (57205293242); Martins, Renato (57205289244); Dorofeev, Kirill (57196331229); Gentile, Valerio (57210672824); Ferreira, Pedro (7202018234); Guedes, Magno (35237259900)","57205293242; 57205289244; 57196331229; 57210672824; 7202018234; 35237259900","Towards a common manufacturing service bus to enable flexible plug-and-produce automation","2018","50th International Symposium on Robotics, ISR 2018","","","","205","212","7","4","","https://www.scopus.com/inward/record.uri?eid=2-s2.0-85059362852&partnerID=40&md5=52208a776dbd3cdca39a59151d284632","Conference paper","Final","","Scopus","2-s2.0-85059362852"
"Hu S.; Kuchenbecker K.J.","Hu, Siyao (57191662522); Kuchenbecker, Katherine J. (8349364500)","57191662522; 8349364500","Hierarchical task-parameterized learning from demonstration for collaborative object movement","2019","Applied Bionics and Biomechanics","2019","","9765383","","","","5","10.1155/2019/9765383","https://www.scopus.com/inward/record.uri?eid=2-s2.0-85077111227&doi=10.1155%2f2019%2f9765383&partnerID=40&md5=b2edff1469b37003266c9227246af771","Article","Final","All Open Access; Gold Open Access; Green Open Access","Scopus","2-s2.0-85077111227"
"Huang P.-C.; Hsieh Y.-H.; Mok A.K.","Huang, Pei-Chi (50861375000); Hsieh, Yi-Hsuan (55635059700); Mok, Aloysius K. (7006798508)","50861375000; 55635059700; 7006798508","A Skill-Based Programming System for Robotic Furniture Assembly","2018","Proceedings - IEEE 16th International Conference on Industrial Informatics, INDIN 2018","","","8472030","355","361","6","11","10.1109/INDIN.2018.8472030","https://www.scopus.com/inward/record.uri?eid=2-s2.0-85055590052&doi=10.1109%2fINDIN.2018.8472030&partnerID=40&md5=e8cd8f3b420786fcdeaf682381e46410","Conference paper","Final","","Scopus","2-s2.0-85055590052"
"Heikkila T.; Ahola J.M.","Heikkila, Tapio (7007151118); Ahola, Jari M. (27267567900)","7007151118; 27267567900","Robot skills - Modeling and control aspects","2018","2018 14th IEEE/ASME International Conference on Mechatronic and Embedded Systems and Applications, MESA 2018","","","8449184","","","","3","10.1109/MESA.2018.8449184","https://www.scopus.com/inward/record.uri?eid=2-s2.0-85053907091&doi=10.1109%2fMESA.2018.8449184&partnerID=40&md5=fdbeeaed6da71cbc5f9521148c51e6a7","Conference paper","Final","","Scopus","2-s2.0-85053907091"
"Pagudpud M.V.; Palaoag T.D.","Pagudpud, Melidiossa V. (57201379169); Palaoag, Thelma D. (56904198800)","57201379169; 56904198800","Data mining the smartphone manipulation skills in a coffee farming community: A step for risk analysis","2019","ACM International Conference Proceeding Series","Part F147956","","","101","104","3","0","10.1145/3316615.3316693","https://www.scopus.com/inward/record.uri?eid=2-s2.0-85066026528&doi=10.1145%2f3316615.3316693&partnerID=40&md5=0a0fc6f1b719f96d4f080a141d27ec0a","Conference paper","Final","","Scopus","2-s2.0-85066026528"
"Yang C.; Zeng C.; Cong Y.; Wang N.; Wang M.","Yang, Chenguang (55671767000); Zeng, Chao (57195945568); Cong, Yang (36852090700); Wang, Ning (55446268900); Wang, Min (55553729118)","55671767000; 57195945568; 36852090700; 55446268900; 55553729118","A learning framework of adaptive manipulative skills from human to robot","2019","IEEE Transactions on Industrial Informatics","15","2","8336935","1153","1161","8","146","10.1109/TII.2018.2826064","https://www.scopus.com/inward/record.uri?eid=2-s2.0-85045347550&doi=10.1109%2fTII.2018.2826064&partnerID=40&md5=2fab5905042becd4674c1dc20d9af72a","Article","Final","","Scopus","2-s2.0-85045347550"
"Tamar A.; Rohanimanesh K.; Chow Y.; Vigorito C.; Goodrich B.; Kahane M.; Pridmore D.","Tamar, Aviv (52264620600); Rohanimanesh, Khashayar (56123177800); Chow, Yinlam (55845598600); Vigorito, Chris (57210639417); Goodrich, Ben (57210645241); Kahane, Michael (57210643267); Pridmore, Derik (57200163228)","52264620600; 56123177800; 55845598600; 57210639417; 57210645241; 57210643267; 57200163228","Imitation learning from visual data with multiple intentions","2018","6th International Conference on Learning Representations, ICLR 2018 - Conference Track Proceedings","","","","","","","7","","https://www.scopus.com/inward/record.uri?eid=2-s2.0-85083950066&partnerID=40&md5=fb7dbf6c6ea3edae671e5bab42a5d15c","Conference paper","Final","","Scopus","2-s2.0-85083950066"
"Schwenkel L.; Guo M.; Bürger M.","Schwenkel, Lukas (57219002795); Guo, Meng (55921188600); Bürger, Mathias (34871669500)","57219002795; 55921188600; 34871669500","Optimizing Sequences of Probabilistic Manipulation Skills Learned from Demonstration","2019","Proceedings of Machine Learning Research","100","","","273","282","9","7","","https://www.scopus.com/inward/record.uri?eid=2-s2.0-85160826139&partnerID=40&md5=823e49f8da5a17745cdf28eeaf1b7b32","Conference paper","Final","","Scopus","2-s2.0-85160826139"
"","","","International Conference on Technology and Vocational Teachers, ICTVT 2018","2019","IOP Conference Series: Materials Science and Engineering","535","1","","","","225","0","","https://www.scopus.com/inward/record.uri?eid=2-s2.0-85067892793&partnerID=40&md5=30de0b816d5df6464de04b544a5fb4bd","Conference review","Final","","Scopus","2-s2.0-85067892793"
"Verner I.; Cuperman D.; Gamer S.; Polishuk A.","Verner, Igor (7004220014); Cuperman, Dan (36625190600); Gamer, Sergey (55652130700); Polishuk, Alex (36656271300)","7004220014; 36625190600; 55652130700; 36656271300","Training robot manipulation skills through practice with digital twin of Baxter","2019","International journal of online and biomedical engineering","15","9","","58","70","12","11","10.3991/ijoe.v15i09.10493","https://www.scopus.com/inward/record.uri?eid=2-s2.0-85067286080&doi=10.3991%2fijoe.v15i09.10493&partnerID=40&md5=31e6ec2d74ee26fc1ef8ff4679b8c93d","Article","Final","All Open Access; Gold Open Access","Scopus","2-s2.0-85067286080"
"Deng Z.; Guan H.; Huang R.; Liang H.; Zhang L.; Zhang J.","Deng, Zhen (56039946900); Guan, Haojun (35931806500); Huang, Rui (56447590700); Liang, Hongzhuo (57194724149); Zhang, Liwei (46662146800); Zhang, Jianwei (56039580400)","56039946900; 35931806500; 56447590700; 57194724149; 46662146800; 56039580400","Combining Model-Based Q-Learning with Structural Knowledge Transfer for Robot Skill Learning","2019","IEEE Transactions on Cognitive and Developmental Systems","11","1","7955051","26","35","9","32","10.1109/TCDS.2017.2718938","https://www.scopus.com/inward/record.uri?eid=2-s2.0-85021799766&doi=10.1109%2fTCDS.2017.2718938&partnerID=40&md5=37a9fb29f40444091b0dc9439067a4d9","Article","Final","","Scopus","2-s2.0-85021799766"
"Hasson C.J.; Goodman S.E.","Hasson, Christopher J. (6603078042); Goodman, Sarah E. (57200370922)","6603078042; 57200370922","Learning to shape virtual patient locomotor patterns: Internal representations adapt to exploit interactive dynamics","2019","Journal of Neurophysiology","121","1","","321","335","14","4","10.1152/JN.00408.2018","https://www.scopus.com/inward/record.uri?eid=2-s2.0-85060128176&doi=10.1152%2fJN.00408.2018&partnerID=40&md5=4a0af54e78da8b899e75241a0a966dfd","Article","Final","All Open Access; Green Open Access; Hybrid Gold Open Access","Scopus","2-s2.0-85060128176"
"Devin C.; Abbeel P.; Darrell T.; Levine S.","Devin, Coline (57195421430); Abbeel, Pieter (8269962600); Darrell, Trevor (7003377605); Levine, Sergey (35731728100)","57195421430; 8269962600; 7003377605; 35731728100","Deep object-centric representations for generalizable robot learning","2018","Proceedings - IEEE International Conference on Robotics and Automation","","","8461196","7111","7118","7","58","10.1109/ICRA.2018.8461196","https://www.scopus.com/inward/record.uri?eid=2-s2.0-85063145784&doi=10.1109%2fICRA.2018.8461196&partnerID=40&md5=4ccec77f11dab91958b853215641c26e","Conference paper","Final","All Open Access; Green Open Access","Scopus","2-s2.0-85063145784"
"Fazeli N.; Oller M.; Wu J.; Wu Z.; Tenenbaum J.B.; Rodriguez A.","Fazeli, N. (55361740800); Oller, M. (57216910525); Wu, J. (55553991400); Wu, Z. (59104767400); Tenenbaum, J.B. (7006818404); Rodriguez, A. (57221838837)","55361740800; 57216910525; 55553991400; 59104767400; 7006818404; 57221838837","See, feel, act: Hierarchical learning for complex manipulation skills with multisensory fusion","2019","Science Robotics","4","26","eaav3123","","","","102","10.1126/SCIROBOTICS.AAV3123","https://www.scopus.com/inward/record.uri?eid=2-s2.0-85074307371&doi=10.1126%2fSCIROBOTICS.AAV3123&partnerID=40&md5=7f57d96c137b9d5a6e937c76e6a36eef","Article","Final","All Open Access; Green Open Access","Scopus","2-s2.0-85074307371"
"Youakim D.; Dornbush A.; Likhachev M.; Ridao P.","Youakim, Dina (57194077618); Dornbush, Andrew (55325654700); Likhachev, Maxim (6701439269); Ridao, Pere (6603047256)","57194077618; 55325654700; 6701439269; 6603047256","Motion Planning for an Underwater Mobile Manipulator by Exploiting Loose Coupling","2018","IEEE International Conference on Intelligent Robots and Systems","","","8593604","7164","7171","7","8","10.1109/IROS.2018.8593604","https://www.scopus.com/inward/record.uri?eid=2-s2.0-85063005125&doi=10.1109%2fIROS.2018.8593604&partnerID=40&md5=f9dbb31764859537c20a68cefae9a779","Conference paper","Final","","Scopus","2-s2.0-85063005125"
"Asif Rana M.; Mukadam M.; Reza Ahmadzadeh S.; Chernova S.; Boots B.","Asif Rana, M. (57191608167); Mukadam, Mustafa (56423511200); Reza Ahmadzadeh, S. (13807679300); Chernova, Sonia (56084330100); Boots, Byron (10239214300)","57191608167; 56423511200; 13807679300; 56084330100; 10239214300","Learning Generalizable Robot Skills from Demonstrations in Cluttered Environments","2018","IEEE International Conference on Intelligent Robots and Systems","","","8593624","4655","4660","5","10","10.1109/IROS.2018.8593624","https://www.scopus.com/inward/record.uri?eid=2-s2.0-85062974306&doi=10.1109%2fIROS.2018.8593624&partnerID=40&md5=6a35b41e3e7e320b8fdc400f071565c6","Conference paper","Final","All Open Access; Green Open Access","Scopus","2-s2.0-85062974306"
"Beetz M.; Bessler D.; Haidu A.; Pomarlan M.; Bozcuoglu A.K.; Bartels G.","Beetz, Michael (36818071500); Bessler, Daniel (56912106500); Haidu, Andrei (56032093800); Pomarlan, Mihai (35410087600); Bozcuoglu, Asil Kaan (55354752400); Bartels, Georg (56522795400)","36818071500; 56912106500; 56032093800; 35410087600; 55354752400; 56522795400","Know Rob 2.0 - A 2nd Generation Knowledge Processing Framework for Cognition-Enabled Robotic Agents","2018","Proceedings - IEEE International Conference on Robotics and Automation","","","8460964","512","519","7","175","10.1109/ICRA.2018.8460964","https://www.scopus.com/inward/record.uri?eid=2-s2.0-85060897124&doi=10.1109%2fICRA.2018.8460964&partnerID=40&md5=7e49fd0c0e53336e4284b687235476ed","Conference paper","Final","","Scopus","2-s2.0-85060897124"
"van der Burgh M.F.B.; Lunenburg J.J.M.; Appeldoorn R.P.W.; van Beek L.L.A.M.; Geijsberts J.; Janssen L.G.L.; van Dooren P.; van Rooy H.W.A.M.; Aggarwal A.; Aleksandrov S.; Dang K.; Hofkamp A.T.; van Dinther D.; van de Molengraft M.J.G.","van der Burgh, M.F.B. (57212508898); Lunenburg, J.J.M. (36131725200); Appeldoorn, R.P.W. (57212504608); van Beek, L.L.A.M. (57212508169); Geijsberts, J. (57212504165); Janssen, L.G.L. (57212505993); van Dooren, P. (58183521100); van Rooy, H.W.A.M. (57212509908); Aggarwal, A. (57212512893); Aleksandrov, S. (57212505296); Dang, K. (57212505112); Hofkamp, A.T. (8311912900); van Dinther, D. (57212512749); van de Molengraft, M.J.G. (6507656436)","57212508898; 36131725200; 57212504608; 57212508169; 57212504165; 57212505993; 58183521100; 57212509908; 57212512893; 57212505296; 57212505112; 8311912900; 57212512749; 6507656436","Tech United Eindhoven @Home 2019 Champions Paper","2019","Lecture Notes in Computer Science (including subseries Lecture Notes in Artificial Intelligence and Lecture Notes in Bioinformatics)","11531 LNAI","","","529","539","10","1","10.1007/978-3-030-35699-6_43","https://www.scopus.com/inward/record.uri?eid=2-s2.0-85076911736&doi=10.1007%2f978-3-030-35699-6_43&partnerID=40&md5=dd1e30ffbbc776076ade36ab2aca9e11","Conference paper","Final","","Scopus","2-s2.0-85076911736"
"Arrais R.; Veiga G.; Ribeiro T.T.; Oliveira D.; Fernandes R.; Conceição A.G.S.; Farias P.C.M.A.","Arrais, Rafael (57190275225); Veiga, Germano (25643487000); Ribeiro, Tiago T. (37017650000); Oliveira, Daniel (57205731750); Fernandes, Ramon (57197049278); Conceição, André Gustavo S. (56654976700); Farias, P.C.M.A. (59157739600)","57190275225; 25643487000; 37017650000; 57205731750; 57197049278; 56654976700; 59157739600","Application of the Open Scalable Production System to Machine Tending of Additive Manufacturing Operations by a Mobile Manipulator","2019","Lecture Notes in Computer Science (including subseries Lecture Notes in Artificial Intelligence and Lecture Notes in Bioinformatics)","11805 LNAI","","","345","356","11","26","10.1007/978-3-030-30244-3_29","https://www.scopus.com/inward/record.uri?eid=2-s2.0-85072866520&doi=10.1007%2f978-3-030-30244-3_29&partnerID=40&md5=e1614bb3babf37d3eea177462befe17a","Conference paper","Final","","Scopus","2-s2.0-85072866520"
"De Gea Fernández J.; Niemann N.; Stock S.; Günther M.; Mronga D.; Wiese H.; Kirchner E.; Stiene S.","De Gea Fernández, José (25821755900); Niemann, Nils (56449039800); Stock, Sebastian (55841524400); Günther, Martin (53881273100); Mronga, Dennis (36802397100); Wiese, Hendrik (57204352588); Kirchner, Elsa (23397107100); Stiene, Stefan (24469123800)","25821755900; 56449039800; 55841524400; 53881273100; 36802397100; 57204352588; 23397107100; 24469123800","Hybr-iT Project: Initial Steps Towards Contextual Robotic Manipulation for Human-Robot Teams in Industrial Environments","2018","Frontiers in Artificial Intelligence and Applications","308","","","345","349","4","0","10.3233/978-1-61499-918-8-345","https://www.scopus.com/inward/record.uri?eid=2-s2.0-85055289627&doi=10.3233%2f978-1-61499-918-8-345&partnerID=40&md5=760d2ffc0fa2d296ff169b9dfc76d6af","Conference paper","Final","","Scopus","2-s2.0-85055289627"
"Ehrlich S.K.; Cheng G.","Ehrlich, Stefan K. (57201785248); Cheng, Gordon (10243873000)","57201785248; 10243873000","Human-agent co-adaptation using error-related potentials","2018","Journal of Neural Engineering","15","6","066014","","","","66","10.1088/1741-2552/aae069","https://www.scopus.com/inward/record.uri?eid=2-s2.0-85056645884&doi=10.1088%2f1741-2552%2faae069&partnerID=40&md5=5e246ab37274ea634348457eb4539edf","Article","Final","","Scopus","2-s2.0-85056645884"
"Mauro L.; Puja F.; Grazioso S.; Ntouskos V.; Sanzari M.; Alati E.; Freda L.; Pirri F.","Mauro, Lorenzo (57205341518); Puja, Francesco (55538827300); Grazioso, Simone (57210980699); Ntouskos, Valsamis (55248262900); Sanzari, Marta (57189662937); Alati, Edoardo (57205342748); Freda, Luigi (6505667352); Pirri, Fiora (56990245000)","57205341518; 55538827300; 57210980699; 55248262900; 57189662937; 57205342748; 6505667352; 56990245000","Visual search and recognition for robot task execution and monitoring","2018","Frontiers in Artificial Intelligence and Applications","310","","","94","109","15","5","10.3233/978-1-61499-929-4-94","https://www.scopus.com/inward/record.uri?eid=2-s2.0-85059627618&doi=10.3233%2f978-1-61499-929-4-94&partnerID=40&md5=a7f23feb54d1823e32dcfc8a19490bcf","Conference paper","Final","All Open Access; Green Open Access","Scopus","2-s2.0-85059627618"
"Müller R.; Eng M.V.-S.M.; Aaron Geenen M.","Müller, Rainer (57191738253); Eng, Matthias Vette-Steinkamp M. (57205284722); Aaron Geenen, M. (57205282376)","57191738253; 57205284722; 57205282376","Sealing process on a large floor grid crossbeam assembly through human-robot cooperation","2018","50th International Symposium on Robotics, ISR 2018","","","","337","343","6","1","","https://www.scopus.com/inward/record.uri?eid=2-s2.0-85059362553&partnerID=40&md5=8a4e8c7beaa1d86dd842e6b4d6d06c81","Conference paper","Final","","Scopus","2-s2.0-85059362553"
"Nagele F.; Halt L.; Tenbrock P.; Pott A.","Nagele, Frank (57191849422); Halt, Lorenz (36461024200); Tenbrock, Philipp (57207884842); Pott, Andreas (16643873200)","57191849422; 36461024200; 57207884842; 16643873200","A Prototype-Based Skill Model for Specifying Robotic Assembly Tasks","2018","Proceedings - IEEE International Conference on Robotics and Automation","","","8462885","558","565","7","21","10.1109/ICRA.2018.8462885","https://www.scopus.com/inward/record.uri?eid=2-s2.0-85059425653&doi=10.1109%2fICRA.2018.8462885&partnerID=40&md5=17220541b953b37a52419cead839ddbe","Conference paper","Final","","Scopus","2-s2.0-85059425653"
"Hausman K.; Springenberg J.T.; Wang Z.; Heess N.; Riedmiller M.","Hausman, Karol (55920857000); Springenberg, Jost Tobias (55324920300); Wang, Ziyu (55588083600); Heess, Nicolas (36450421000); Riedmiller, Martin (6603794300)","55920857000; 55324920300; 55588083600; 36450421000; 6603794300","Learning an embedding space for transferable robot skills","2018","6th International Conference on Learning Representations, ICLR 2018 - Conference Track Proceedings","","","","","","","195","","https://www.scopus.com/inward/record.uri?eid=2-s2.0-85083954122&partnerID=40&md5=417de8cefa510c9b0f171b5916f6ba37","Conference paper","Final","","Scopus","2-s2.0-85083954122"
"","","","42nd German Conference on Artificial Intelligence, KI 2019","2019","Lecture Notes in Computer Science (including subseries Lecture Notes in Artificial Intelligence and Lecture Notes in Bioinformatics)","11793 LNAI","","","","","352","0","","https://www.scopus.com/inward/record.uri?eid=2-s2.0-85072870966&partnerID=40&md5=3aded62124f757a552d3f652ab4c40b5","Conference review","Final","","Scopus","2-s2.0-85072870966"
"Teramae T.; Ishihara K.; Babič J.; Morimoto J.; Oztop E.","Teramae, Tatsuya (24725611600); Ishihara, Koji (57188690527); Babič, Jan (6701699940); Morimoto, Jun (36464057500); Oztop, Erhan (8744870300)","24725611600; 57188690527; 6701699940; 36464057500; 8744870300","Human-in-The-loop control and task learning for pneumatically actuated muscle based robots","2018","Frontiers in Neurorobotics","12","November","71","","","","13","10.3389/fnbot.2018.00071","https://www.scopus.com/inward/record.uri?eid=2-s2.0-85056612340&doi=10.3389%2ffnbot.2018.00071&partnerID=40&md5=df033f678c00abee38db87447b257117","Article","Final","All Open Access; Gold Open Access; Green Open Access","Scopus","2-s2.0-85056612340"
"Gutzeit L.; Fabisch A.; Otto M.; Metzen J.H.; Hansen J.; Kirchner F.; Kirchner E.A.","Gutzeit, Lisa (57191505223); Fabisch, Alexander (55418947400); Otto, Marc (57196763824); Metzen, Jan Hendrik (23397980500); Hansen, Jonas (57202979988); Kirchner, Frank (7006011550); Kirchner, Elsa Andrea (23397107100)","57191505223; 55418947400; 57196763824; 23397980500; 57202979988; 7006011550; 23397107100","The BesMan learning platform for automated robot skill learning","2018","Frontiers Robotics  AI","5","MAY","43","","","","14","10.3389/frobt.2018.00043","https://www.scopus.com/inward/record.uri?eid=2-s2.0-85050093227&doi=10.3389%2ffrobt.2018.00043&partnerID=40&md5=ac0783335c9efeeedc3bbbc180a47cdd","Article","Final","All Open Access; Gold Open Access; Green Open Access","Scopus","2-s2.0-85050093227"
"Duan A.; Camoriano R.; Ferigo D.; Calandriello D.; Rosasco L.; Pucci D.","Duan, Anqing (57207208557); Camoriano, Raffaello (56085267200); Ferigo, Diego (57194087376); Calandriello, Daniele (55737371500); Rosasco, Lorenzo (8423888500); Pucci, Daniele (55201907900)","57207208557; 56085267200; 57194087376; 55737371500; 8423888500; 55201907900","Constrained DMPs for Feasible Skill Learning on Humanoid Robots","2018","IEEE-RAS International Conference on Humanoid Robots","2018-November","","8624934","1032","1038","6","17","10.1109/HUMANOIDS.2018.8624934","https://www.scopus.com/inward/record.uri?eid=2-s2.0-85062278823&doi=10.1109%2fHUMANOIDS.2018.8624934&partnerID=40&md5=852e5cc184e2eebacacbe371af6065ea","Conference paper","Final","All Open Access; Green Open Access","Scopus","2-s2.0-85062278823"
"MacAlpine P.; Stone P.","MacAlpine, Patrick (55351712200); Stone, Peter (7203001213)","55351712200; 7203001213","Overlapping layered learning","2018","Artificial Intelligence","254","","","21","43","22","37","10.1016/j.artint.2017.09.001","https://www.scopus.com/inward/record.uri?eid=2-s2.0-85031808455&doi=10.1016%2fj.artint.2017.09.001&partnerID=40&md5=7ba987995a36cd7a83257a5db5be9297","Article","Final","All Open Access; Bronze Open Access","Scopus","2-s2.0-85031808455"
"Lopez-Hawa H.; Vanpelt A.; Emmanuel S.; Yihun Y.","Lopez-Hawa, Homar (57205711034); Vanpelt, Alexander (57207255743); Emmanuel, Suveen (57207252564); Yihun, Yimesker (51061874300)","57205711034; 57207255743; 57207252564; 51061874300","Automated Scanning Techniques Using UR5","2019","Journal of Robotics","2019","","5304267","","","","7","10.1155/2019/5304267","https://www.scopus.com/inward/record.uri?eid=2-s2.0-85062326680&doi=10.1155%2f2019%2f5304267&partnerID=40&md5=9bb721f999e29daeaeb5441c59a1a5f9","Article","Final","All Open Access; Gold Open Access; Green Open Access","Scopus","2-s2.0-85062326680"
"Heikkilä T.; Saukkoriipi J.; Ahola J.M.; Seppälä T.","Heikkilä, Tapio (7007151118); Saukkoriipi, Janne (57212304944); Ahola, Jari M. (27267567900); Seppälä, Tuomas (56426840400)","7007151118; 57212304944; 27267567900; 56426840400","On-line programming of robot skills","2019","Proceedings of the ASME Design Engineering Technical Conference","9","","","","","","0","10.1115/DETC2019-97958","https://www.scopus.com/inward/record.uri?eid=2-s2.0-85076399798&doi=10.1115%2fDETC2019-97958&partnerID=40&md5=19cf0101ac19c53c6075200e1c12215f","Conference paper","Final","","Scopus","2-s2.0-85076399798"
"Arbo M.H.; Pane Y.; Aertbeliën E.; Deeré W.","Arbo, Mathias Hauan (56516649700); Pane, Yudha (55625658500); Aertbeliën, Erwin (6507096344); Deeré, Wilm (24775675200)","56516649700; 55625658500; 6507096344; 24775675200","A System Architecture for Constraint-Based Robotic Assembly with CAD Information","2018","IEEE International Conference on Automation Science and Engineering","2018-August","","8560450","690","696","6","11","10.1109/COASE.2018.8560450","https://www.scopus.com/inward/record.uri?eid=2-s2.0-85059976199&doi=10.1109%2fCOASE.2018.8560450&partnerID=40&md5=1439fd2f2b8e7ffdae0877758a103c96","Conference paper","Final","All Open Access; Green Open Access","Scopus","2-s2.0-85059976199"
"Englert P.; Toussaint M.","Englert, Peter (7003292187); Toussaint, Marc (7006246144)","7003292187; 7006246144","Kinematic Morphing Networks for Manipulation Skill Transfer","2018","IEEE International Conference on Intelligent Robots and Systems","","","8593832","2517","2523","6","4","10.1109/IROS.2018.8593832","https://www.scopus.com/inward/record.uri?eid=2-s2.0-85062995229&doi=10.1109%2fIROS.2018.8593832&partnerID=40&md5=e5843a0063acb2b8bfff99d6226f4c82","Conference paper","Final","All Open Access; Green Open Access","Scopus","2-s2.0-85062995229"
"Qian K.; Xu J.; Gao G.; Fang F.; Ma X.","Qian, Kun (35243175300); Xu, Jun (57205918091); Gao, Ge (57192163804); Fang, Fang (55624485451); Ma, Xudong (7404549392)","35243175300; 57205918091; 57192163804; 55624485451; 7404549392","Learning Under-Specified Object Manipulations from Human Demonstrations","2018","2018 15th International Conference on Control, Automation, Robotics and Vision, ICARCV 2018","","","8581080","1936","1941","5","2","10.1109/ICARCV.2018.8581080","https://www.scopus.com/inward/record.uri?eid=2-s2.0-85060831611&doi=10.1109%2fICARCV.2018.8581080&partnerID=40&md5=a084d48331cef70b4b4fa27719f17df6","Conference paper","Final","","Scopus","2-s2.0-85060831611"
"Kyrarini M.; Naeem S.; Wang X.; Gräser A.","Kyrarini, Maria (56786567700); Naeem, Sameer (57200521006); Wang, Xingchen (56786508100); Gräser, Axel (6603445190)","56786567700; 57200521006; 56786508100; 6603445190","Skill robot library: Intelligent path planning framework for object manipulation","2017","25th European Signal Processing Conference, EUSIPCO 2017","2017-January","","8081640","2398","2402","4","4","10.23919/EUSIPCO.2017.8081640","https://www.scopus.com/inward/record.uri?eid=2-s2.0-85041482424&doi=10.23919%2fEUSIPCO.2017.8081640&partnerID=40&md5=e7af5b4a077596b9d33923509467d0fa","Conference paper","Final","All Open Access; Green Open Access","Scopus","2-s2.0-85041482424"
"Cotugno G.; Konstantinova J.; Althoefer K.; Nanayakkara T.","Cotugno, Giuseppe (56604030000); Konstantinova, Jelizaveta (56027304200); Althoefer, Kaspar (6701489118); Nanayakkara, Thrishantha (6508336274)","56604030000; 56027304200; 6701489118; 6508336274","Modelling the structure of object-independent human affordances of approaching to grasp for robotic hands","2018","PLoS ONE","13","12","e0208228","","","","2","10.1371/journal.pone.0208228","https://www.scopus.com/inward/record.uri?eid=2-s2.0-85059208060&doi=10.1371%2fjournal.pone.0208228&partnerID=40&md5=7d15d0685cb54ce36a0d00cc03b33213","Article","Final","All Open Access; Gold Open Access; Green Open Access","Scopus","2-s2.0-85059208060"
"Sundara Mahalingam S.; Arockiaraj S.; Gowtham Kumar V.P.; Manikandan B.V.","Sundara Mahalingam, S. (58888870500); Arockiaraj, S. (57209521575); Gowtham Kumar, V.P. (57209244662); Manikandan, B.V. (57209726777)","58888870500; 57209521575; 57209244662; 57209726777","Labview based brick laying robot","2019","Journal of Advanced Research in Dynamical and Control Systems","11","1 Special Issue","","255","260","5","2","","https://www.scopus.com/inward/record.uri?eid=2-s2.0-85071014029&partnerID=40&md5=ba9a1f7ab1b8afda9c71f0809d377dc2","Article","Final","","Scopus","2-s2.0-85071014029"
"Gao X.; Ling J.; Xiao X.; Li M.","Gao, Xiao (57207259526); Ling, Jie (55940534000); Xiao, Xiaohui (57020463800); Li, Miao (36550432800)","57207259526; 55940534000; 57020463800; 36550432800","Learning Force-Relevant Skills from Human Demonstration","2019","Complexity","2019","","5262859","","","","40","10.1155/2019/5262859","https://www.scopus.com/inward/record.uri?eid=2-s2.0-85062333610&doi=10.1155%2f2019%2f5262859&partnerID=40&md5=8164f45d0c83c64387818acda316ed3b","Article","Final","All Open Access; Gold Open Access; Green Open Access","Scopus","2-s2.0-85062333610"
"Clegg A.; Yu W.; Tan J.; Karen Liu C.; Turk G.","Clegg, Alexander (56963583300); Yu, Wenhao (57189459079); Tan, Jie (42262817800); Karen Liu, C. (10140418300); Turk, Greg (7005234161)","56963583300; 57189459079; 42262817800; 10140418300; 7005234161","Learning to dress: Synthesizing human dressing motion via deep reinforcement learning","2018","SIGGRAPH Asia 2018 Technical Papers, SIGGRAPH Asia 2018","","","179","","","","23","10.1145/3272127.3275048","https://www.scopus.com/inward/record.uri?eid=2-s2.0-85066067499&doi=10.1145%2f3272127.3275048&partnerID=40&md5=0410b3aaf2acd6228fd3fb41cdf252a4","Conference paper","Final","All Open Access; Bronze Open Access","Scopus","2-s2.0-85066067499"
"Halt L.; Tenbrock P.; Nägele F.; Pott A.","Halt, Lorenz (36461024200); Tenbrock, Philipp (57207884842); Nägele, Frank (57191849422); Pott, Andreas (16643873200)","36461024200; 57207884842; 57191849422; 16643873200","On the implementation of transferable assembly applications for industrial robots","2018","50th International Symposium on Robotics, ISR 2018","","","","28","34","6","3","","https://www.scopus.com/inward/record.uri?eid=2-s2.0-85059439886&partnerID=40&md5=aff29216f100178c7bc6a8e2c8c3e596","Conference paper","Final","","Scopus","2-s2.0-85059439886"
"Rege R.; Fey A.M.","Rege, Robert (7006158254); Fey, Ann Majewicz (57201480174)","7006158254; 57201480174","Automatic Surgical Skill Rating Using Stylistic Behavior Components","2018","Proceedings of the Annual International Conference of the IEEE Engineering in Medicine and Biology Society, EMBS","2018-July","","8512593","1829","1832","3","6","10.1109/EMBC.2018.8512593","https://www.scopus.com/inward/record.uri?eid=2-s2.0-85056645702&doi=10.1109%2fEMBC.2018.8512593&partnerID=40&md5=54aa2816ce370f2cd55e9ea533467e8b","Conference paper","Final","","Scopus","2-s2.0-85056645702"
"Thomas G.; Chien M.; Tamar A.; Ojea J.A.; Abbeel P.","Thomas, Garrett (57194216556); Chien, Melissa (57207879627); Tamar, Aviv (52264620600); Ojea, Juan Aparicio (56063627400); Abbeel, Pieter (8269962600)","57194216556; 57207879627; 52264620600; 56063627400; 8269962600","Learning Robotic Assembly from CAD","2018","Proceedings - IEEE International Conference on Robotics and Automation","","","8460696","3524","3531","7","138","10.1109/ICRA.2018.8460696","https://www.scopus.com/inward/record.uri?eid=2-s2.0-85063150786&doi=10.1109%2fICRA.2018.8460696&partnerID=40&md5=e98de255cfe6e907933d8d315126a095","Conference paper","Final","All Open Access; Green Open Access","Scopus","2-s2.0-85063150786"
"Gutzeit L.; Fabisch A.; Petzoldt C.; Wiese H.; Kirchner F.","Gutzeit, Lisa (57191505223); Fabisch, Alexander (55418947400); Petzoldt, Christoph (57211169419); Wiese, Hendrik (57204352588); Kirchner, Frank (7006011550)","57191505223; 55418947400; 57211169419; 57204352588; 7006011550","Automated Robot Skill Learning from Demonstration for Various Robot Systems","2019","Lecture Notes in Computer Science (including subseries Lecture Notes in Artificial Intelligence and Lecture Notes in Bioinformatics)","11793 LNAI","","","168","181","13","7","10.1007/978-3-030-30179-8_14","https://www.scopus.com/inward/record.uri?eid=2-s2.0-85072855456&doi=10.1007%2f978-3-030-30179-8_14&partnerID=40&md5=375a0031b3e08db90bac35b4e4f7df76","Conference paper","Final","","Scopus","2-s2.0-85072855456"
"Zhang T.; McCarthy Z.; Jowl O.; Lee D.; Chen X.; Goldberg K.; Abbeel P.","Zhang, Tianhao (56447321400); McCarthy, Zoe (37108278300); Jowl, Owen (57207877616); Lee, Dennis (59639528400); Chen, Xi (57192473527); Goldberg, Ken (35453491100); Abbeel, Pieter (8269962600)","56447321400; 37108278300; 57207877616; 59639528400; 57192473527; 35453491100; 8269962600","Deep Imitation Learning for Complex Manipulation Tasks from Virtual Reality Teleoperation","2018","Proceedings - IEEE International Conference on Robotics and Automation","","","8461249","5628","5635","7","431","10.1109/ICRA.2018.8461249","https://www.scopus.com/inward/record.uri?eid=2-s2.0-85059374758&doi=10.1109%2fICRA.2018.8461249&partnerID=40&md5=60bbe592d9e5cc7671f59154adbc1f0b","Conference paper","Final","All Open Access; Green Open Access","Scopus","2-s2.0-85059374758"
"Kaya O.; Oztop E.","Kaya, Osman (57188687743); Oztop, Erhan (8744870300)","57188687743; 8744870300","Effective Robot Skill Synthesis via Divided Control","2018","2018 IEEE International Conference on Robotics and Biomimetics, ROBIO 2018","","","8664825","766","771","5","0","10.1109/ROBIO.2018.8664825","https://www.scopus.com/inward/record.uri?eid=2-s2.0-85064128828&doi=10.1109%2fROBIO.2018.8664825&partnerID=40&md5=46f8a40e1e70b1e352db3a340491eeb9","Conference paper","Final","","Scopus","2-s2.0-85064128828"
"Garcia-Vaglio D.; Ruiz-Ugalde F.","Garcia-Vaglio, Daniel (57204114656); Ruiz-Ugalde, Federico (36802440600)","57204114656; 36802440600","An Object Manipulation System Architecture for Humanoid Robots Based on Primate Cognition","2018","2018 IEEE International Work Conference on Bioinspired Intelligence, IWOBI 2018 - Proceedings","","","8464221","","","","2","10.1109/IWOBI.2018.8464221","https://www.scopus.com/inward/record.uri?eid=2-s2.0-85054548065&doi=10.1109%2fIWOBI.2018.8464221&partnerID=40&md5=26cf805c7d4c06f71feb9950423d27d8","Conference paper","Final","","Scopus","2-s2.0-85054548065"
"Röfer T.; Laue T.; Hasselbring A.; Richter-Klug J.; Röhrig E.","Röfer, Thomas (55975831200); Laue, Tim (56254224200); Hasselbring, Arne (57203988654); Richter-Klug, Jesse (57197726765); Röhrig, Enno (57203980310)","55975831200; 56254224200; 57203988654; 57197726765; 57203980310","B-Human 2017 – Team tactics and robot skills in the standard platform league","2018","Lecture Notes in Computer Science (including subseries Lecture Notes in Artificial Intelligence and Lecture Notes in Bioinformatics)","11175 LNAI","","","461","472","11","4","10.1007/978-3-030-00308-1_38","https://www.scopus.com/inward/record.uri?eid=2-s2.0-85053881016&doi=10.1007%2f978-3-030-00308-1_38&partnerID=40&md5=34e26f56a32f0a5a24fc3673c28005bf","Conference paper","Final","","Scopus","2-s2.0-85053881016"
"Rueckert E.; Nakatenus M.; Tosatto S.; Peters J.","Rueckert, Elmar (56743244800); Nakatenus, Moritz (57201364450); Tosatto, Samuele (57201356929); Peters, Jan (35248912800)","56743244800; 57201364450; 57201356929; 35248912800","Learning inverse dynamics models in O(n) time with LSTM networks","2017","IEEE-RAS International Conference on Humanoid Robots","","","","811","816","5","67","10.1109/HUMANOIDS.2017.8246965","https://www.scopus.com/inward/record.uri?eid=2-s2.0-85044452162&doi=10.1109%2fHUMANOIDS.2017.8246965&partnerID=40&md5=d04bbf898b0dcabe2720056edaedbb1f","Conference paper","Final","","Scopus","2-s2.0-85044452162"
"Ristov M.; Coleshill E.","Ristov, Martin (57208629862); Coleshill, Elliott (16314751400)","57208629862; 16314751400","Parallel, remotely-controlled robotic manipulation","2018","Proceedings of the International Astronautical Congress, IAC","2018-October","","","","","","0","","https://www.scopus.com/inward/record.uri?eid=2-s2.0-85065296696&partnerID=40&md5=6bc98e4dd51b1ff81a8a95a764fbdb6e","Conference paper","Final","","Scopus","2-s2.0-85065296696"
"Jiang Z.; Yang C.; He W.; Ju Z.","Jiang, Zeyu (57190883018); Yang, Chenguang (55671767000); He, Wei (56580949000); Ju, Zhaojie (25655056800)","57190883018; 55671767000; 56580949000; 25655056800","Advanced tele-operated robot interface for teaching by demonstration","2017","Proceedings of 2017 International Conference on Machine Learning and Cybernetics, ICMLC 2017","1","","","290","298","8","3","10.1109/ICMLC.2017.8107779","https://www.scopus.com/inward/record.uri?eid=2-s2.0-85042470915&doi=10.1109%2fICMLC.2017.8107779&partnerID=40&md5=b565cc91174fba208e0601d07eeb240d","Conference paper","Final","","Scopus","2-s2.0-85042470915"
"Kalashnikov D.; Irpan A.; Pastor P.; Ibarz J.; Herzog A.; Jang E.; Quillen D.; Holly E.; Kalakrishnan M.; Vanhoucke V.; Levine S.","Kalashnikov, Dmitry (57214439937); Irpan, Alex (57202060172); Pastor, Peter (57197413733); Ibarz, Julian (57191410963); Herzog, Alexander (55325170500); Jang, Eric (57207776796); Quillen, Deirdre (57201262163); Holly, Ethan (57195414768); Kalakrishnan, Mrinal (24467757900); Vanhoucke, Vincent (6507256014); Levine, Sergey (35731728100)","57214439937; 57202060172; 57197413733; 57191410963; 55325170500; 57207776796; 57201262163; 57195414768; 24467757900; 6507256014; 35731728100","Scalable Deep Reinforcement Learning for Vision-Based Robotic Manipulation","2018","Proceedings of Machine Learning Research","87","","","651","673","22","454","","https://www.scopus.com/inward/record.uri?eid=2-s2.0-85126067789&partnerID=40&md5=dc9acd13393100097e6b812aa25591ed","Conference paper","Final","","Scopus","2-s2.0-85126067789"
"Bilberg A.; Malik A.A.","Bilberg, Arne (6506266438); Malik, Ali Ahmad (57200309159)","6506266438; 57200309159","Digital twin driven human–robot collaborative assembly","2019","CIRP Annals","68","1","","499","502","3","314","10.1016/j.cirp.2019.04.011","https://www.scopus.com/inward/record.uri?eid=2-s2.0-85064665252&doi=10.1016%2fj.cirp.2019.04.011&partnerID=40&md5=c6d94d9f315fd3a442f53a0941ab81e5","Article","Final","All Open Access; Green Open Access","Scopus","2-s2.0-85064665252"
"Liu W.; Emmerich C.; Zhang L.; Steil J.","Liu, Weihui (57190884344); Emmerich, Christian (36607614100); Zhang, Lizhi (57207390291); Steil, Jochen (6701553064)","57190884344; 36607614100; 57207390291; 6701553064","User interfaces for learning redundancy resolution in human robot interaction","2018","Advances in the Astronautical Sciences","165","","","797","810","13","1","","https://www.scopus.com/inward/record.uri?eid=2-s2.0-85058969621&partnerID=40&md5=5dc8fbfbbcbd528c2bea335c7e086c6e","Conference paper","Final","","Scopus","2-s2.0-85058969621"
"Schwarz M.; Behnke S.","Schwarz, Max (55843457100); Behnke, Sven (13007277900)","55843457100; 13007277900","Semantic RGB-D Perception for Cognitive Service Robots","2019","Advances in Computer Vision and Pattern Recognition","","","","285","307","22","3","10.1007/978-3-030-28603-3_13","https://www.scopus.com/inward/record.uri?eid=2-s2.0-85074585803&doi=10.1007%2f978-3-030-28603-3_13&partnerID=40&md5=7764d85f7efa641dc6c84398df09306b","Book chapter","Final","","Scopus","2-s2.0-85074585803"
"Clegg A.; Yu W.; Tan J.; Liu C.K.; Turk G.","Clegg, Alexander (56963583300); Yu, Wenhao (57189459079); Tan, Jie (42262817800); Liu, C. Karen (10140418300); Turk, Greg (7005234161)","56963583300; 57189459079; 42262817800; 10140418300; 7005234161","Learning to dress: Synthesizing human dressing motion via deep reinforcement learning","2018","ACM Transactions on Graphics","37","6","179","","","","55","10.1145/3272127.3275048","https://www.scopus.com/inward/record.uri?eid=2-s2.0-85064841208&doi=10.1145%2f3272127.3275048&partnerID=40&md5=d22e86c762e3494f9dcedf4e562baf74","Article","Final","All Open Access; Bronze Open Access","Scopus","2-s2.0-85064841208"
"Ewerton M.; Rother D.; Weimar J.; Kollegger G.; Wiemeyer J.; Peters J.; Maeda G.","Ewerton, Marco (55976075500); Rother, David (57211485383); Weimar, Jakob (57211485964); Kollegger, Gerrit (57190123160); Wiemeyer, Josef (6602541686); Peters, Jan (35248912800); Maeda, Guilherme (56743018400)","55976075500; 57211485383; 57211485964; 57190123160; 6602541686; 35248912800; 56743018400","Assisting movement training and execution with visual and haptic feedback","2018","Frontiers in Neurorobotics","12","","24","","","","13","10.3389/fnbot.2018.00024","https://www.scopus.com/inward/record.uri?eid=2-s2.0-85071157188&doi=10.3389%2ffnbot.2018.00024&partnerID=40&md5=4202438ac9ef3627f03ea8ab4adf1a30","Article","Final","All Open Access; Gold Open Access; Green Open Access","Scopus","2-s2.0-85071157188"
"Guo J.; Guo S.; Li M.; Tamiya T.","Guo, Jin (38561463400); Guo, Shuxiang (7403650655); Li, Maoxun (55413729000); Tamiya, Takashi (55197257100)","38561463400; 7403650655; 55413729000; 55197257100","A marker-based contactless catheter-sensing method to detect surgeons’ operations for catheterization training systems","2018","Biomedical Microdevices","20","3","76","","","","19","10.1007/s10544-018-0321-5","https://www.scopus.com/inward/record.uri?eid=2-s2.0-85051865936&doi=10.1007%2fs10544-018-0321-5&partnerID=40&md5=ec9a1a365d968f0f756734b4db23aa4a","Article","Final","","Scopus","2-s2.0-85051865936"
"Escudero-Rodrigo D.; Alquezar R.","Escudero-Rodrigo, Diego (56986687000); Alquezar, René (6603001555)","56986687000; 6603001555","Considering the Anchoring Problem in Robotic Intelligent Bin Picking","2018","Frontiers in Artificial Intelligence and Applications","308","","","350","354","4","0","10.3233/978-1-61499-918-8-350","https://www.scopus.com/inward/record.uri?eid=2-s2.0-85055272678&doi=10.3233%2f978-1-61499-918-8-350&partnerID=40&md5=fa31860bf7c33d040ccdb80f549eb041","Conference paper","Final","All Open Access; Green Open Access","Scopus","2-s2.0-85055272678"
"Bauer P.; Gonnermann C.; Magaña A.; Reinhart G.","Bauer, Philipp (57208646369); Gonnermann, Clemens (57209682160); Magaña, Alejandro (57209687519); Reinhart, Gunther (7101858932)","57208646369; 57209682160; 57209687519; 7101858932","Autonomous inspection systems in the digital factory - Skill-based modelling within the geometric quality assurance for robot-based inspection systems; [Autonome Prüfsysteme in der digitalen Fabrik - Skill-basierte Modellierung in der geometrischen Qualitätsprüfung für roboterbasierte Messsysteme]","2019","WT Werkstattstechnik","109","5","","321","328","7","2","","https://www.scopus.com/inward/record.uri?eid=2-s2.0-85078586138&partnerID=40&md5=84c926e62f79365eb712e847c486c2d4","Article","Final","","Scopus","2-s2.0-85078586138"
"Zhang T.; Hu F.; Deng Y.; Zhai J.; Wu X.; Luo D.","Zhang, Tao (57204977175); Hu, Fan (56739810200); Deng, Yian (57192434747); Zhai, Junhai (26435020600); Wu, Xihong (7407061832); Luo, Dingsheng (7202658172)","57204977175; 56739810200; 57192434747; 26435020600; 7407061832; 7202658172","A hierarchical inverse model based on proprioception and DNN for robot reaching","2017","Proceedings IECON 2017 - 43rd Annual Conference of the IEEE Industrial Electronics Society","2017-January","","","6697","6702","5","2","10.1109/IECON.2017.8217170","https://www.scopus.com/inward/record.uri?eid=2-s2.0-85046700472&doi=10.1109%2fIECON.2017.8217170&partnerID=40&md5=598df06a5fcbf889404ad908b9b41ba2","Conference paper","Final","","Scopus","2-s2.0-85046700472"
"Omar M.K.; Azeem N.; Kamarudin S.; Zainuddin M.F.","Omar, Muhd Khaizer (57201472978); Azeem, Nazia (57215002196); Kamarudin, Shafinah (57210801702); Zainuddin, Mohd Faiz (55615813900)","57201472978; 57215002196; 57210801702; 55615813900","Empowering holistic learning experience through project outcome-based learning (Po-Bl): Reflecting on a case study of Malaysian university undergraduate students","2019","International Journal of Innovation, Creativity and Change","9","12","","230","250","20","5","","https://www.scopus.com/inward/record.uri?eid=2-s2.0-85079624503&partnerID=40&md5=36a1b147d406326bb49e9d1e76ca3a84","Article","Final","","Scopus","2-s2.0-85079624503"
"Abu-Dakka F.J.; Rozo L.; Caldwell D.G.","Abu-Dakka, Fares J. (54882427200); Rozo, Leonel (36603179000); Caldwell, Darwin G. (7202685497)","54882427200; 36603179000; 7202685497","Force-Based Learning of Variable Impedance Skills for Robotic Manipulation","2018","IEEE-RAS International Conference on Humanoid Robots","2018-November","","8624938","278","285","7","11","10.1109/HUMANOIDS.2018.8624938","https://www.scopus.com/inward/record.uri?eid=2-s2.0-85062266122&doi=10.1109%2fHUMANOIDS.2018.8624938&partnerID=40&md5=22440a6d2356e1aaecb7400a3bcb4d3e","Conference paper","Final","","Scopus","2-s2.0-85062266122"
"Tobin J.; Fong R.; Ray A.; Schneider J.; Zaremba W.; Abbeel P.","Tobin, Josh (57200626721); Fong, Rachel (57200627153); Ray, Alex (57200626166); Schneider, Jonas (57200627714); Zaremba, Wojciech (35957755200); Abbeel, Pieter (8269962600)","57200626721; 57200627153; 57200626166; 57200627714; 35957755200; 8269962600","Domain randomization for transferring deep neural networks from simulation to the real world","2017","IEEE International Conference on Intelligent Robots and Systems","2017-September","","8202133","23","30","7","2036","10.1109/IROS.2017.8202133","https://www.scopus.com/inward/record.uri?eid=2-s2.0-85029781383&doi=10.1109%2fIROS.2017.8202133&partnerID=40&md5=4e1897b95a0bb992639fc5bf9c4cd472","Conference paper","Final","All Open Access; Green Open Access","Scopus","2-s2.0-85029781383"
"Vallverdú J.; Nishida T.; Ohmoto Y.; Moran S.; Lázare S.","Vallverdú, Jordi (55893967700); Nishida, Toyoaki (35595754400); Ohmoto, Yoshisama (26423854300); Moran, Stuart (35190831300); Lázare, Sarah (57193381563)","55893967700; 35595754400; 26423854300; 35190831300; 57193381563","Fake empathy and human- robot interaction (HRI): A preliminary study","2018","International Journal of Technology and Human Interaction","14","1","","44","59","15","24","10.4018/IJTHI.2018010103","https://www.scopus.com/inward/record.uri?eid=2-s2.0-85033380873&doi=10.4018%2fIJTHI.2018010103&partnerID=40&md5=e8c1b39365a7dd4fb4e56730f51ebee7","Article","Final","","Scopus","2-s2.0-85033380873"
"Yang C.; Zeng C.; Liang P.; Li Z.; Li R.; Su C.-Y.","Yang, Chenguang (55671767000); Zeng, Chao (57195945568); Liang, Peidong (56341925400); Li, Zhijun (56266709300); Li, Ruifeng (57219000160); Su, Chun-Yi (7402820075)","55671767000; 57195945568; 56341925400; 56266709300; 57219000160; 7402820075","Interface Design of a Physical Human-Robot Interaction System for Human Impedance Adaptive Skill Transfer","2018","IEEE Transactions on Automation Science and Engineering","15","1","8036245","329","340","11","197","10.1109/TASE.2017.2743000","https://www.scopus.com/inward/record.uri?eid=2-s2.0-85030312565&doi=10.1109%2fTASE.2017.2743000&partnerID=40&md5=06afafb7b687b8a893af83a4e1db06f0","Article","Final","","Scopus","2-s2.0-85030312565"
"Sun N.; Yang E.; Corney J.; Chen Y.; Ma Z.","Sun, Nico (57209973011); Yang, Erfu (9638763600); Corney, Jonathan (7004309015); Chen, Yi (57215354871); Ma, Zeli (57215356546)","57209973011; 9638763600; 7004309015; 57215354871; 57215356546","A review of high-level robot functionality for elderly care","2018","ICAC 2018 - 2018 24th IEEE International Conference on Automation and Computing: Improving Productivity through Automation and Computing","","","8749031","","","","2","10.23919/IConAC.2018.8749031","https://www.scopus.com/inward/record.uri?eid=2-s2.0-85069174054&doi=10.23919%2fIConAC.2018.8749031&partnerID=40&md5=14968fe09bb4e7db0e4675429bf54f6b","Conference paper","Final","All Open Access; Green Open Access","Scopus","2-s2.0-85069174054"
"Ershad M.; Rege R.; Fey A.M.","Ershad, M. (57205552972); Rege, R. (7006158254); Fey, A. Majewicz (57201480174)","57205552972; 7006158254; 57201480174","Meaningful Assessment of Robotic Surgical Style using the Wisdom of Crowds","2018","International Journal of Computer Assisted Radiology and Surgery","13","7","","1037","1048","11","26","10.1007/s11548-018-1738-2","https://www.scopus.com/inward/record.uri?eid=2-s2.0-85044374241&doi=10.1007%2fs11548-018-1738-2&partnerID=40&md5=bf1db11a7784bd91654371615da47283","Article","Final","","Scopus","2-s2.0-85044374241"
"Barbaros V.; Van Hoof H.; Abdolmaleki A.; Megerl D.","Barbaros, Victor (57203314038); Van Hoof, Herke (55556536600); Abdolmaleki, Abbas (24922594700); Megerl, David (57207880266)","57203314038; 55556536600; 24922594700; 57207880266","Eager and Memory-Based Non-Parametric Stochastic Search Methods for Learning Control","2018","Proceedings - IEEE International Conference on Robotics and Automation","","","8460633","5090","5096","6","1","10.1109/ICRA.2018.8460633","https://www.scopus.com/inward/record.uri?eid=2-s2.0-85063141015&doi=10.1109%2fICRA.2018.8460633&partnerID=40&md5=70354ddca93a9768ee9255973b6e0fd2","Conference paper","Final","","Scopus","2-s2.0-85063141015"
"Gašpar T.; Nemec B.; Morimoto J.; Ude A.","Gašpar, Timotej (57196067923); Nemec, Bojan (7004338161); Morimoto, Jun (36464057500); Ude, Aleš (6701345288)","57196067923; 7004338161; 36464057500; 6701345288","Skill learning and action recognition by arc-length dynamic movement primitives","2018","Robotics and Autonomous Systems","100","","","225","235","10","36","10.1016/j.robot.2017.11.012","https://www.scopus.com/inward/record.uri?eid=2-s2.0-85041320346&doi=10.1016%2fj.robot.2017.11.012&partnerID=40&md5=0fb2380159e26c4e985922914ddb2b74","Article","Final","All Open Access; Green Open Access","Scopus","2-s2.0-85041320346"
"Leite A.; Pinto A.; Matos A.","Leite, André (57204616960); Pinto, Andry (55934300500); Matos, Aníbal (7005323018)","57204616960; 55934300500; 7005323018","A safety monitoring model for a faulty mobile robot","2018","Robotics","7","3","32","","","","17","10.3390/robotics7030032","https://www.scopus.com/inward/record.uri?eid=2-s2.0-85053481909&doi=10.3390%2frobotics7030032&partnerID=40&md5=d5e1ecd4fe3bd1c971bdd6945e289883","Article","Final","All Open Access; Gold Open Access; Green Open Access","Scopus","2-s2.0-85053481909"
"Schou C.; Andersen R.S.; Chrysostomou D.; Bøgh S.; Madsen O.","Schou, Casper (56023056800); Andersen, Rasmus Skovgaard (58527211400); Chrysostomou, Dimitrios (24477398900); Bøgh, Simon (35760920300); Madsen, Ole (26421715700)","56023056800; 58527211400; 24477398900; 35760920300; 26421715700","Skill-based instruction of collaborative robots in industrial settings","2018","Robotics and Computer-Integrated Manufacturing","53","","","72","80","8","115","10.1016/j.rcim.2018.03.008","https://www.scopus.com/inward/record.uri?eid=2-s2.0-85044441207&doi=10.1016%2fj.rcim.2018.03.008&partnerID=40&md5=9c496ddb92628b3265bd51c8afb41a82","Article","Final","","Scopus","2-s2.0-85044441207"
"Rojas J.; Luo S.; Zhu D.; Du Y.; Lin H.; Huang Z.; Kuang W.; Harada K.","Rojas, Juan (36868704800); Luo, Shuangqi (57200628575); Zhu, Dingqiao (57200628166); Du, Yunlong (57200628801); Lin, Hongbin (57200628536); Huang, Zhengjie (57198887899); Kuang, Wenwei (59433856700); Harada, Kensuke (35446109900)","36868704800; 57200628575; 57200628166; 57200628801; 57200628536; 57198887899; 59433856700; 35446109900","Online robot introspection via wrench-based action grammars","2017","IEEE International Conference on Intelligent Robots and Systems","2017-September","","8206438","5429","5436","7","17","10.1109/IROS.2017.8206438","https://www.scopus.com/inward/record.uri?eid=2-s2.0-85041962125&doi=10.1109%2fIROS.2017.8206438&partnerID=40&md5=dc846d813f1c8ee749fa443dfc75fb4c","Conference paper","Final","All Open Access; Green Open Access","Scopus","2-s2.0-85041962125"
"Rupp R.","Rupp, Rüdiger (7101796780)","7101796780","Brain-computer interfaces for motor rehabilitation","2018","Handbook of Human Motion","2-3","","","1471","1501","30","0","10.1007/978-3-319-14418-4_67","https://www.scopus.com/inward/record.uri?eid=2-s2.0-85078714039&doi=10.1007%2f978-3-319-14418-4_67&partnerID=40&md5=c73b8d6fad66c63f0a8ef7c396d7ab8f","Book chapter","Final","","Scopus","2-s2.0-85078714039"
"","","","Proceedings of the Conference on Robot Learning, CoRL 2019","2019","Proceedings of Machine Learning Research","100","","","","","1466","0","","https://www.scopus.com/inward/record.uri?eid=2-s2.0-85160819873&partnerID=40&md5=e03916cdd21b0b9ff498b66e2c8be9a8","Conference review","Final","","Scopus","2-s2.0-85160819873"
"Wu H.; Lin H.; Guan Y.; Harada K.; Rojas J.","Wu, Hongmin (56650300300); Lin, Hongbin (57200628536); Guan, Yisheng (7202924042); Harada, Kensuke (35446109900); Rojas, Juan (36868704800)","56650300300; 57200628536; 7202924042; 35446109900; 36868704800","Robot introspection with Bayesian nonparametric vector autoregressive hidden Markov models","2017","IEEE-RAS International Conference on Humanoid Robots","","","","882","888","6","15","10.1109/HUMANOIDS.2017.8246976","https://www.scopus.com/inward/record.uri?eid=2-s2.0-85044477973&doi=10.1109%2fHUMANOIDS.2017.8246976&partnerID=40&md5=fc7681de295f4aa17dbb5d38772f789c","Conference paper","Final","All Open Access; Green Open Access","Scopus","2-s2.0-85044477973"
"Heuss L.; Blank A.; Dengler S.; Zikeli G.L.; Reinhart G.; Franke J.","Heuss, Lisa (57211205394); Blank, Andreas (56514810500); Dengler, Sebastian (57222529270); Zikeli, Georg Lukas (57211203926); Reinhart, Gunther (7101858932); Franke, Jörg (57169710000)","57211205394; 56514810500; 57222529270; 57211203926; 7101858932; 57169710000","Modular Robot Software Framework for the Intelligent and Flexible Composition of Its Skills","2019","IFIP Advances in Information and Communication Technology","566","","","248","256","8","10","10.1007/978-3-030-30000-5_32","https://www.scopus.com/inward/record.uri?eid=2-s2.0-85072954438&doi=10.1007%2f978-3-030-30000-5_32&partnerID=40&md5=55f0fb39aa6c15741f7a806634dd1de6","Conference paper","Final","","Scopus","2-s2.0-85072954438"
"Cichon T.; Robmann J.","Cichon, Torben (56505233200); Robmann, Jurgen (56251698200)","56505233200; 56251698200","Digital Twins: Assisting and Supporting Cooperation in Human-Robot Teams","2018","2018 15th International Conference on Control, Automation, Robotics and Vision, ICARCV 2018","","","8580634","486","491","5","17","10.1109/ICARCV.2018.8580634","https://www.scopus.com/inward/record.uri?eid=2-s2.0-85060797742&doi=10.1109%2fICARCV.2018.8580634&partnerID=40&md5=af6f9f0c076890921bafd0e07aa2a684","Conference paper","Final","","Scopus","2-s2.0-85060797742"
"Belpaeme T.; Vogt P.; van den Berghe R.; Bergmann K.; Göksun T.; de Haas M.; Kanero J.; Kennedy J.; Küntay A.C.; Oudgenoeg-Paz O.; Papadopoulos F.; Schodde T.; Verhagen J.; Wallbridge C.D.; Willemsen B.; de Wit J.; Geçkin V.; Hoffmann L.; Kopp S.; Krahmer E.; Mamus E.; Montanier J.-M.; Oranç C.; Pandey A.K.","Belpaeme, Tony (13103663500); Vogt, Paul (7202392224); van den Berghe, Rianne (57201548582); Bergmann, Kirsten (23090200100); Göksun, Tilbe (24080236600); de Haas, Mirjam (57191738859); Kanero, Junko (56178767700); Kennedy, James (55638956200); Küntay, Aylin C. (6506887626); Oudgenoeg-Paz, Ora (55355585000); Papadopoulos, Fotios (56725313500); Schodde, Thorsten (57194725929); Verhagen, Josje (26650216000); Wallbridge, Christopher D. (57195286485); Willemsen, Bram (57201504524); de Wit, Jan (57201503099); Geçkin, Vasfiye (56703480000); Hoffmann, Laura (35104901100); Kopp, Stefan (35722438500); Krahmer, Emiel (6602935272); Mamus, Ezgi (57197786633); Montanier, Jean-Marc (36615854600); Oranç, Cansu (56513943400); Pandey, Amit Kumar (56260098500)","13103663500; 7202392224; 57201548582; 23090200100; 24080236600; 57191738859; 56178767700; 55638956200; 6506887626; 55355585000; 56725313500; 57194725929; 26650216000; 57195286485; 57201504524; 57201503099; 56703480000; 35104901100; 35722438500; 6602935272; 57197786633; 36615854600; 56513943400; 56260098500","Guidelines for Designing Social Robots as Second Language Tutors","2018","International Journal of Social Robotics","10","3","","325","341","16","109","10.1007/s12369-018-0467-6","https://www.scopus.com/inward/record.uri?eid=2-s2.0-85048679850&doi=10.1007%2fs12369-018-0467-6&partnerID=40&md5=3dd5a8a1485b58ed3f016cf2bd242287","Article","Final","All Open Access; Green Open Access; Hybrid Gold Open Access","Scopus","2-s2.0-85048679850"
"Englert P.; Toussaint M.","Englert, Peter (7003292187); Toussaint, Marc (7006246144)","7003292187; 7006246144","Learning manipulation skills from a single demonstration","2018","International Journal of Robotics Research","37","1","","137","154","17","38","10.1177/0278364917743795","https://www.scopus.com/inward/record.uri?eid=2-s2.0-85041438000&doi=10.1177%2f0278364917743795&partnerID=40&md5=312c1c656ba2a8f1eff816a5518a761c","Article","Final","All Open Access; Bronze Open Access","Scopus","2-s2.0-85041438000"
"Semeniuta O.; Falkman P.","Semeniuta, Oleksandr (57034212000); Falkman, Petter (14038613100)","57034212000; 14038613100","Event-driven industrial robot control architecture for the Adept V+ platform","2019","PeerJ Computer Science","2019","7","e207","","","","3","10.7717/peerj-cs.207","https://www.scopus.com/inward/record.uri?eid=2-s2.0-85074150652&doi=10.7717%2fpeerj-cs.207&partnerID=40&md5=799402df709b9af7b1002ed12a1cb493","Article","Final","All Open Access; Gold Open Access; Green Open Access","Scopus","2-s2.0-85074150652"
"Lesire C.; Pommereau F.","Lesire, Charles (8941481100); Pommereau, Franck (22433332400)","8941481100; 22433332400","ASPiC: An Acting System Based on Skill Petri Net Composition","2018","IEEE International Conference on Intelligent Robots and Systems","","","8594328","6952","6958","6","13","10.1109/IROS.2018.8594328","https://www.scopus.com/inward/record.uri?eid=2-s2.0-85062977994&doi=10.1109%2fIROS.2018.8594328&partnerID=40&md5=8a02bc83dbf31dd371fb8acc5cf8f67a","Conference paper","Final","All Open Access; Green Open Access","Scopus","2-s2.0-85062977994"
"Hertle A.; Nebel B.","Hertle, Andreas (55759587600); Nebel, Bernhard (7003717286)","55759587600; 7003717286","Efficient auction based coordination for distributed multi-agent planning in temporal domains using resource abstraction","2018","Lecture Notes in Computer Science (including subseries Lecture Notes in Artificial Intelligence and Lecture Notes in Bioinformatics)","11117 LNAI","","","86","98","12","5","10.1007/978-3-030-00111-7_8","https://www.scopus.com/inward/record.uri?eid=2-s2.0-85054482027&doi=10.1007%2f978-3-030-00111-7_8&partnerID=40&md5=dde422ae86bcc7f9221eb7f7b39c7fbe","Conference paper","Final","","Scopus","2-s2.0-85054482027"
"Sieb M.; Xian Z.; Huang A.; Kroemer O.; Fragkiadaki K.","Sieb, Maximilian (57207195717); Xian, Zhou (57216703907); Huang, Audrey (57219621755); Kroemer, Oliver (35194171900); Fragkiadaki, Katerina (36617488300)","57207195717; 57216703907; 57219621755; 35194171900; 36617488300","Graph-Structured Visual Imitation","2019","Proceedings of Machine Learning Research","100","","","979","989","10","27","","https://www.scopus.com/inward/record.uri?eid=2-s2.0-85160855808&partnerID=40&md5=4f7d48dcd7dbcf690308d210c9ee75f9","Conference paper","Final","","Scopus","2-s2.0-85160855808"
"Backhaus J.; Reinhart G.","Backhaus, J. (55256543900); Reinhart, G. (7101858932)","55256543900; 7101858932","Digital description of products, processes and resources for task-oriented programming of assembly systems","2017","Journal of Intelligent Manufacturing","28","8","","1787","1800","13","57","10.1007/s10845-015-1063-3","https://www.scopus.com/inward/record.uri?eid=2-s2.0-84924657050&doi=10.1007%2fs10845-015-1063-3&partnerID=40&md5=6dee7feaed3e4825790559a30e029266","Article","Final","","Scopus","2-s2.0-84924657050"
"Yang C.; Zeng C.; Fang C.; He W.; Li Z.","Yang, Chenguang (55671767000); Zeng, Chao (57195945568); Fang, Cheng (55085186700); He, Wei (56580949000); Li, Zhijun (56266709300)","55671767000; 57195945568; 55085186700; 56580949000; 56266709300","A DMPs-Based Framework for Robot Learning and Generalization of Humanlike Variable Impedance Skills","2018","IEEE/ASME Transactions on Mechatronics","23","3","","1193","1203","10","182","10.1109/TMECH.2018.2817589","https://www.scopus.com/inward/record.uri?eid=2-s2.0-85044288713&doi=10.1109%2fTMECH.2018.2817589&partnerID=40&md5=629f40cbdf03234a1f24b31494555c3f","Article","Final","","Scopus","2-s2.0-85044288713"
"Romero-Martinez C.E.; Torres-Mendez L.A.; Martinez-Garcia E.A.","Romero-Martinez, Carlos E. (57188862551); Torres-Mendez, L. Abril (56000812400); Martinez-Garcia, Edgar A. (56000847100)","57188862551; 56000812400; 56000847100","Modeling motor-perceptual behaviors to enable intuitive paths in an aquatic robot","2016","OCEANS 2015 - MTS/IEEE Washington","","","7404424","","","","0","10.23919/oceans.2015.7404424","https://www.scopus.com/inward/record.uri?eid=2-s2.0-84963940143&doi=10.23919%2foceans.2015.7404424&partnerID=40&md5=79ca658452e7950e0f6e30a793920f5c","Conference paper","Final","","Scopus","2-s2.0-84963940143"
"Chu V.; Thomaz A.L.","Chu, Vivian (56423308800); Thomaz, Andrea L. (13007283900)","56423308800; 13007283900","Analyzing differences between teachers when learning object affordances via guided exploration","2017","International Journal of Robotics Research","36","5-7","","739","758","19","4","10.1177/0278364917693691","https://www.scopus.com/inward/record.uri?eid=2-s2.0-85044088656&doi=10.1177%2f0278364917693691&partnerID=40&md5=590a427c8206b38f6a5f85ad74226e5a","Article","Final","","Scopus","2-s2.0-85044088656"
"Rovida F.; Krueger V.; Nalpantidis L.; Charzoule A.; Lasnier A.; Petrick R.; Crosby M.; Toscano C.; Veiga G.","Rovida, Francesco (56732803900); Krueger, Volker (7003464904); Nalpantidis, Lazaros (8624502900); Charzoule, Arnaud (57192181482); Lasnier, Antoine (36133352800); Petrick, R. (36447706600); Crosby, M. (55957313000); Toscano, C. (16040941400); Veiga, G. (25643487000)","56732803900; 7003464904; 8624502900; 57192181482; 36133352800; 36447706600; 55957313000; 16040941400; 25643487000","A cyber-physical systems approach for controlling autonomous mobile manipulators","2016","Advances in Cooperative Robotics: Proceedings of the 19th International Conference on Climbing and Walking Robots and the Support Technologies for Mobile Machines, CLAWAR 2016","","","","169","177","8","2","10.1142/9789813149137_0022","https://www.scopus.com/inward/record.uri?eid=2-s2.0-84999880303&doi=10.1142%2f9789813149137_0022&partnerID=40&md5=82b48acbdc014ef6130f2300b710f723","Conference paper","Final","","Scopus","2-s2.0-84999880303"
"Gupta A.; Devin C.; Liu Y.; Abbeel P.; Levine S.","Gupta, Abhishek (57216316623); Devin, Coline (57195421430); Liu, YuXuan (57208195222); Abbeel, Pieter (8269962600); Levine, Sergey (35731728100)","57216316623; 57195421430; 57208195222; 8269962600; 35731728100","Learning invariant feature spaces to transfer skills with reinforcement learning","2017","5th International Conference on Learning Representations, ICLR 2017 - Conference Track Proceedings","","","","","","","192","","https://www.scopus.com/inward/record.uri?eid=2-s2.0-85048435317&partnerID=40&md5=32d8a1590690f87146be1ec287d9fd29","Conference paper","Final","","Scopus","2-s2.0-85048435317"
"Chu V.; Thomaz A.L.","Chu, Vivian (56423308800); Thomaz, Andrea L. (13007283900)","56423308800; 13007283900","Learning and grounding haptic affordances using demonstration and human-guided exploration","2016","ACM/IEEE International Conference on Human-Robot Interaction","2016-April","","7451878","605","606","1","2","10.1109/HRI.2016.7451878","https://www.scopus.com/inward/record.uri?eid=2-s2.0-84964819108&doi=10.1109%2fHRI.2016.7451878&partnerID=40&md5=55c1746731c906f66b9f3b366875b5d9","Conference paper","Final","","Scopus","2-s2.0-84964819108"
"Basso A.; Hlaváč V.; Hůlka J.; Jilich M.; Krsek P.; Malassiotis S.; Molfino R.; Smutný V.; Wagner L.; Zoppi M.","Basso, Andrea (57195803943); Hlaváč, Václav (55897406200); Hůlka, Jiří (15723347900); Jilich, Michael (56085467300); Krsek, Pavel (6602132587); Malassiotis, Sotiris (35614013900); Molfino, Rezia (6603391162); Smutný, Vladimír (56568213700); Wagner, Libor (56423158000); Zoppi, Matteo (35838978700)","57195803943; 55897406200; 15723347900; 56085467300; 6602132587; 35614013900; 6603391162; 56568213700; 56423158000; 35838978700","Towards Intelligent Autonomous Sorting of Unclassified Nuclear Wastes","2017","Procedia Manufacturing","11","","","389","396","7","9","10.1016/j.promfg.2017.07.122","https://www.scopus.com/inward/record.uri?eid=2-s2.0-85029838948&doi=10.1016%2fj.promfg.2017.07.122&partnerID=40&md5=fdbb9379705d8c37672d6cbf7fd44160","Conference paper","Final","All Open Access; Gold Open Access; Green Open Access","Scopus","2-s2.0-85029838948"
"Müller R.; Vette M.; Geenen A.","Müller, Rainer (57191738253); Vette, Matthias (35489539800); Geenen, Aaron (57148123200)","57191738253; 35489539800; 57148123200","Skill-based Dynamic Task Allocation in Human-Robot-Cooperation with the Example of Welding Application","2017","Procedia Manufacturing","11","","","13","21","8","60","10.1016/j.promfg.2017.07.113","https://www.scopus.com/inward/record.uri?eid=2-s2.0-85029846601&doi=10.1016%2fj.promfg.2017.07.113&partnerID=40&md5=37666ec75ccbf7458fc56e2d7f94ce95","Conference paper","Final","All Open Access; Gold Open Access","Scopus","2-s2.0-85029846601"
"","","","CEUR Workshop Proceedings","2017","CEUR Workshop Proceedings","1782","","","","","71","0","","https://www.scopus.com/inward/record.uri?eid=2-s2.0-85013250239&partnerID=40&md5=53efd008dca926bdcefb040d71b597db","Conference review","Final","","Scopus","2-s2.0-85013250239"
"Zhao L.; Lawhorn R.; Patil S.; Susanibar S.; Lu L.; Wang C.; Ouyang B.","Zhao, Leidi (57207406351); Lawhorn, Raheem (57193692966); Patil, Siddharth (57198502805); Susanibar, Steve (57195560771); Lu, Lu (55474677600); Wang, Cong (55846570500); Ouyang, Bo (56103989200)","57207406351; 57193692966; 57198502805; 57195560771; 55474677600; 55846570500; 56103989200","Multiform adaptive robot skill learning from humans","2017","ASME 2017 Dynamic Systems and Control Conference, DSCC 2017","1","","","","","","1","10.1115/DSCC2017-5114","https://www.scopus.com/inward/record.uri?eid=2-s2.0-85036614291&doi=10.1115%2fDSCC2017-5114&partnerID=40&md5=0a2ef253e64fb1bc8791943bdf6bc1d9","Conference paper","Final","All Open Access; Green Open Access","Scopus","2-s2.0-85036614291"
"Kaelbling L.P.; Lozano-Perez T.","Kaelbling, L.P. (6701501293); Lozano-Perez, Tomas (7004446279)","6701501293; 7004446279","Learning composable models of parameterized skills","2017","Proceedings - IEEE International Conference on Robotics and Automation","","","7989109","886","893","7","35","10.1109/ICRA.2017.7989109","https://www.scopus.com/inward/record.uri?eid=2-s2.0-85027981036&doi=10.1109%2fICRA.2017.7989109&partnerID=40&md5=abc6ac12e120a4e2ba8eb90a8b0f3936","Conference paper","Final","All Open Access; Green Open Access","Scopus","2-s2.0-85027981036"
"Kertész C.; Turunen M.","Kertész, Csaba (57163432200); Turunen, Markku (8680277100)","57163432200; 8680277100","What Can We Learn from the Long-Term Users of a Social Robot?","2017","Lecture Notes in Computer Science (including subseries Lecture Notes in Artificial Intelligence and Lecture Notes in Bioinformatics)","10652 LNAI","","","657","665","8","10","10.1007/978-3-319-70022-9_65","https://www.scopus.com/inward/record.uri?eid=2-s2.0-85035783772&doi=10.1007%2f978-3-319-70022-9_65&partnerID=40&md5=b6a0d21afda904031f226d14def8a7ba","Conference paper","Final","","Scopus","2-s2.0-85035783772"
"Lawhorn R.; Susanibar S.; Lu L.; Wang C.","Lawhorn, Raheem (57193692966); Susanibar, Steve (57195560771); Lu, Lu (55474677600); Wang, Cong (55846570500)","57193692966; 57195560771; 55474677600; 55846570500","Polymorphic Robot Learning for Dynamic and Contact-Rich Handling of Soft-Rigid Objects","2017","IEEE/ASME International Conference on Advanced Intelligent Mechatronics, AIM","","","8014082","596","601","5","8","10.1109/AIM.2017.8014082","https://www.scopus.com/inward/record.uri?eid=2-s2.0-85028747330&doi=10.1109%2fAIM.2017.8014082&partnerID=40&md5=c22db2a2e5c5abe1f8cbc4c9423266ec","Conference paper","Final","","Scopus","2-s2.0-85028747330"
"Yan P.; He B.; Zhang L.; Zhang J.","Yan, Peiqing (57193804606); He, Bingwei (15753777300); Zhang, Liwei (46662146800); Zhang, Jianwei (56039580400)","57193804606; 15753777300; 46662146800; 56039580400","Task execution based-on human-robot dialogue and deictic gestures","2016","2016 IEEE International Conference on Robotics and Biomimetics, ROBIO 2016","","","7866609","1918","1923","5","4","10.1109/ROBIO.2016.7866609","https://www.scopus.com/inward/record.uri?eid=2-s2.0-85016741306&doi=10.1109%2fROBIO.2016.7866609&partnerID=40&md5=1eb3d9a3c0a31cb8e0ba737ad1c59be7","Conference paper","Final","","Scopus","2-s2.0-85016741306"
"Herrero H.; Moughlbay A.A.; Outón J.L.; Sallé D.; de Ipiña K.L.","Herrero, Héctor (56733085300); Moughlbay, Amine Abou (55567678100); Outón, Jose Luis (56732941900); Sallé, Damien (6507442417); de Ipiña, Karmele López (56263484400)","56733085300; 55567678100; 56732941900; 6507442417; 56263484400","Skill based robot programming: Assembly, vision and Workspace Monitoring skill interaction","2017","Neurocomputing","255","","","61","70","9","34","10.1016/j.neucom.2016.09.133","https://www.scopus.com/inward/record.uri?eid=2-s2.0-85017119068&doi=10.1016%2fj.neucom.2016.09.133&partnerID=40&md5=01175c4ec23b91ca10b92266f4e372bb","Article","Final","","Scopus","2-s2.0-85017119068"
"Cao C.; Wan W.; Pan J.; Harada K.","Cao, Chao (57117018000); Wan, Weiwei (56238867200); Pan, Jia (35786627600); Harada, Kensuke (35446109900)","57117018000; 56238867200; 35786627600; 35446109900","Analyzing the utility of a support pin in sequential robotic manipulation","2016","Proceedings - IEEE International Conference on Robotics and Automation","2016-June","","7487764","5499","5504","5","13","10.1109/ICRA.2016.7487764","https://www.scopus.com/inward/record.uri?eid=2-s2.0-84977534382&doi=10.1109%2fICRA.2016.7487764&partnerID=40&md5=5eece1abaa08908f6154faf5e90f5593","Conference paper","Final","All Open Access; Green Open Access","Scopus","2-s2.0-84977534382"
"Brinkman W.; de Angst I.; Schreuder H.; Schout B.; Draaisma W.; Verweij L.; Hendrikx A.; van der Poel H.","Brinkman, Willem (57023425700); de Angst, Isabel (55619874600); Schreuder, Henk (7004444996); Schout, Barbara (23493570600); Draaisma, Werner (12753746800); Verweij, Lisanne (26326633200); Hendrikx, Ad (7004341048); van der Poel, Henk (7004230990)","57023425700; 55619874600; 7004444996; 23493570600; 12753746800; 26326633200; 7004341048; 7004230990","Current training on the basics of robotic surgery in the Netherlands: Time for a multidisciplinary approach?","2017","Surgical Endoscopy","31","1","","281","287","6","15","10.1007/s00464-016-4970-2","https://www.scopus.com/inward/record.uri?eid=2-s2.0-84969844575&doi=10.1007%2fs00464-016-4970-2&partnerID=40&md5=342d837aab023e1e6b510768c1dc81f5","Article","Final","All Open Access; Green Open Access; Hybrid Gold Open Access","Scopus","2-s2.0-84969844575"
"Žabkar J.; Leonardis A.","Žabkar, Jure (14061424900); Leonardis, Aleš (7003317327)","14061424900; 7003317327","Motor memory: Representation, learning and consolidation","2016","Biologically Inspired Cognitive Architectures","16","","","64","74","10","1","10.1016/j.bica.2016.03.003","https://www.scopus.com/inward/record.uri?eid=2-s2.0-84992311873&doi=10.1016%2fj.bica.2016.03.003&partnerID=40&md5=d6e0ec3382b6e2d363aeb7536cb5bda3","Article","Final","","Scopus","2-s2.0-84992311873"
"St-Onge D.; Brèches P.-Y.; Sharf I.; Reeves N.; Rekleitis I.; Abouzakhm P.; Girdhar Y.; Harmat A.; Dudek G.; Giguère P.","St-Onge, David (53880511100); Brèches, Pierre-Yves (57192542930); Sharf, Inna (7004605208); Reeves, Nicolas (14034716500); Rekleitis, Ioannis (6602707549); Abouzakhm, Patrick (57191728545); Girdhar, Yogesh (34881819500); Harmat, Adam (40161380100); Dudek, Gregory (7006413576); Giguère, Philippe (16028596400)","53880511100; 57192542930; 7004605208; 14034716500; 6602707549; 57191728545; 34881819500; 40161380100; 7006413576; 16028596400","Control, localization and human interaction with an autonomous lighter-than-air performer","2017","Robotics and Autonomous Systems","88","","","165","186","21","17","10.1016/j.robot.2016.10.013","https://www.scopus.com/inward/record.uri?eid=2-s2.0-85006785075&doi=10.1016%2fj.robot.2016.10.013&partnerID=40&md5=9694e413f6fda971f3a1eec497187602","Article","Final","","Scopus","2-s2.0-85006785075"
"Chu V.; Akgun B.; Thomaz A.L.","Chu, Vivian (56423308800); Akgun, Baris (57218644192); Thomaz, Andrea L. (13007283900)","56423308800; 57218644192; 13007283900","Learning haptic affordances from demonstration and human-guided exploration","2016","IEEE Haptics Symposium, HAPTICS","2016-April","","7463165","119","125","6","11","10.1109/HAPTICS.2016.7463165","https://www.scopus.com/inward/record.uri?eid=2-s2.0-84967189226&doi=10.1109%2fHAPTICS.2016.7463165&partnerID=40&md5=972c1183b5b2d80e33d8c855ce0e2c41","Conference paper","Final","","Scopus","2-s2.0-84967189226"
"Krueger V.; Chazoule A.; Crosby M.; Lasnier A.; Pedersen M.R.; Rovida F.; Nalpantidis L.; Petrick R.; Toscano C.; Veiga G.","Krueger, Volker (7003464904); Chazoule, Arnaud (57188722699); Crosby, Matthew (55957313000); Lasnier, Antoine (36133352800); Pedersen, Mikkel Rath (57213867649); Rovida, Francesco (56732803900); Nalpantidis, Lazaros (8624502900); Petrick, Ronald (36447706600); Toscano, Cesar (16040941400); Veiga, Germano (25643487000)","7003464904; 57188722699; 55957313000; 36133352800; 57213867649; 56732803900; 8624502900; 36447706600; 16040941400; 25643487000","A vertical and cyber-physical integration of cognitive robots in manufacturing","2016","Proceedings of the IEEE","104","5","7440782","1114","1127","13","40","10.1109/JPROC.2016.2521731","https://www.scopus.com/inward/record.uri?eid=2-s2.0-84979469582&doi=10.1109%2fJPROC.2016.2521731&partnerID=40&md5=905b7a13a4a93e3c8553fbe5791c7de8","Article","Final","","Scopus","2-s2.0-84979469582"
"Winkler J.; Bálint-Benczédi F.; Wiedemeyer T.; Beetz M.; Vaskevicius N.; Mueller C.A.; Fromm T.; Birk A.","Winkler, Jan (57544551100); Bálint-Benczédi, Ferenc (55334750900); Wiedemeyer, Thiemo (50362288900); Beetz, Michael (36818071500); Vaskevicius, Narunas (24478182700); Mueller, Christian A. (57190873382); Fromm, Tobias (46661886500); Birk, Andreas (7005194050)","57544551100; 55334750900; 50362288900; 36818071500; 24478182700; 57190873382; 46661886500; 7005194050","Knowledge-enabled robotic agents for shelf replenishment in cluttered retail environments","2016","Proceedings of the International Joint Conference on Autonomous Agents and Multiagent Systems, AAMAS","","","","1421","1422","1","11","","https://www.scopus.com/inward/record.uri?eid=2-s2.0-85006449755&partnerID=40&md5=03b724fe6395381dcb4220233c19ba38","Conference paper","Final","","Scopus","2-s2.0-85006449755"
"Polydoros A.S.; Großmann B.; Rovida F.; Nalpantidis L.; Krüger V.","Polydoros, Athanasios S. (57117553700); Großmann, Bjarne (55938745700); Rovida, Francesco (56732803900); Nalpantidis, Lazaros (8624502900); Krüger, Volker (7003464904)","57117553700; 55938745700; 56732803900; 8624502900; 7003464904","Accurate and versatile automation of industrial kitting operations with SkiROS","2016","Lecture Notes in Computer Science (including subseries Lecture Notes in Artificial Intelligence and Lecture Notes in Bioinformatics)","9716","","","255","268","13","9","10.1007/978-3-319-40379-3_26","https://www.scopus.com/inward/record.uri?eid=2-s2.0-84977551710&doi=10.1007%2f978-3-319-40379-3_26&partnerID=40&md5=fc9486fe9017857ade5910003c5ec6b3","Conference paper","Final","","Scopus","2-s2.0-84977551710"
"Ahmadzadeh S.R.; Rana M.A.; Chernova S.","Ahmadzadeh, S. Reza (13807679300); Rana, Muhammad Asif (57191608167); Chernova, Sonia (56084330100)","13807679300; 57191608167; 56084330100","Generalized cylinders for learning, reproduction, generalization, and refinement of robot skills","2017","Robotics: Science and Systems","13","","","","","","11","","https://www.scopus.com/inward/record.uri?eid=2-s2.0-85048842058&partnerID=40&md5=433273b0e578de83c8a72a23e55dfa38","Conference paper","Final","","Scopus","2-s2.0-85048842058"
"Kroemer O.; Sukhatme G.","Kroemer, Oliver (35194171900); Sukhatme, Gaurav (7003730870)","35194171900; 7003730870","Meta-level Priors for Learning Manipulation Skills with Sparse Features","2017","Springer Proceedings in Advanced Robotics","1","","","211","222","11","6","10.1007/978-3-319-50115-4_19","https://www.scopus.com/inward/record.uri?eid=2-s2.0-85107051807&doi=10.1007%2f978-3-319-50115-4_19&partnerID=40&md5=a7d7f10f310b4374ff12c5f671419334","Book chapter","Final","","Scopus","2-s2.0-85107051807"
"Andersen R.E.; Hansen E.B.; Cerny D.; Madsen S.; Pulendralingam B.; Bøgh S.; Chrysostomou D.","Andersen, Rasmus Eckholdt (57206184543); Hansen, Emil Blixt (57195902704); Cerny, David (57195905593); Madsen, Steffen (57195904606); Pulendralingam, Biranavan (57195905159); Bøgh, Simon (35760920300); Chrysostomou, Dimitrios (24477398900)","57206184543; 57195902704; 57195905593; 57195904606; 57195905159; 35760920300; 24477398900","Integration of a Skill-based Collaborative Mobile Robot in a Smart Cyber-physical Environment","2017","Procedia Manufacturing","11","","","114","123","9","44","10.1016/j.promfg.2017.07.209","https://www.scopus.com/inward/record.uri?eid=2-s2.0-85029951065&doi=10.1016%2fj.promfg.2017.07.209&partnerID=40&md5=8b122a8dd7f21318bb398624bc051db6","Conference paper","Final","All Open Access; Gold Open Access; Green Open Access","Scopus","2-s2.0-85029951065"
"Ude A.; Vuga R.; Nemec B.; Morimoto J.","Ude, Aleš (6701345288); Vuga, Rok (54929891000); Nemec, Bojan (7004338161); Morimoto, Jun (36464057500)","6701345288; 54929891000; 7004338161; 36464057500","Trajectory representation by nonlinear scaling of dynamic movement primitives","2016","IEEE International Conference on Intelligent Robots and Systems","2016-November","","7759695","4728","4735","7","7","10.1109/IROS.2016.7759695","https://www.scopus.com/inward/record.uri?eid=2-s2.0-85006356729&doi=10.1109%2fIROS.2016.7759695&partnerID=40&md5=31f2ba16286dff3f903c5da7236ad21d","Conference paper","Final","","Scopus","2-s2.0-85006356729"
"Buchler D.; Ott H.; Peters J.","Buchler, Dieter (57190123575); Ott, Heiko (57190122287); Peters, Jan (35248912800)","57190123575; 57190122287; 35248912800","A lightweight robotic arm with pneumatic muscles for robot learning","2016","Proceedings - IEEE International Conference on Robotics and Automation","2016-June","","7487599","4086","4092","6","30","10.1109/ICRA.2016.7487599","https://www.scopus.com/inward/record.uri?eid=2-s2.0-84977574673&doi=10.1109%2fICRA.2016.7487599&partnerID=40&md5=92e4b55ef347fcd39876a535cd17ac77","Conference paper","Final","","Scopus","2-s2.0-84977574673"
"Mohammed O.; Bailly G.; Pellier D.","Mohammed, Omar (57193761137); Bailly, Gerard (7003803108); Pellier, Damien (12769915400)","57193761137; 7003803108; 12769915400","Acquiring human-robot interaction skills with transfer learning techniques","2017","ACM/IEEE International Conference on Human-Robot Interaction","","","","359","360","1","4","10.1145/3029798.3034823","https://www.scopus.com/inward/record.uri?eid=2-s2.0-85016422628&doi=10.1145%2f3029798.3034823&partnerID=40&md5=bd3d2e47afb4850623f9a16d9b0b12bd","Conference paper","Final","All Open Access; Green Open Access","Scopus","2-s2.0-85016422628"
"Zhong W.; Mancuso P.","Zhong, Wenjie (57188653597); Mancuso, Pascal (15519687800)","57188653597; 15519687800","Utilization and Surgical Skill Transferability of the Simulator Robot to the Clinical Robot for Urology Surgery","2017","Urologia Internationalis","98","1","","1","6","5","4","10.1159/000449473","https://www.scopus.com/inward/record.uri?eid=2-s2.0-84988662380&doi=10.1159%2f000449473&partnerID=40&md5=871dd4080d6d758a79f95245dd5775fe","Review","Final","All Open Access; Bronze Open Access","Scopus","2-s2.0-84988662380"
"Wilbers D.; Lioutikov R.; Peters J.","Wilbers, Daniel (56159395900); Lioutikov, Rudolf (56388760200); Peters, Jan (35248912800)","56159395900; 56388760200; 35248912800","Context-driven movement primitive adaptation","2017","Proceedings - IEEE International Conference on Robotics and Automation","","","7989396","3469","3475","6","4","10.1109/ICRA.2017.7989396","https://www.scopus.com/inward/record.uri?eid=2-s2.0-85027972433&doi=10.1109%2fICRA.2017.7989396&partnerID=40&md5=90e45b01826ac26187ac2cb7b76e5b54","Conference paper","Final","","Scopus","2-s2.0-85027972433"
"Sermanet P.; Xu K.; Levine S.","Sermanet, Pierre (24777391900); Xu, Kelvin (57202579207); Levine, Sergey (35731728100)","24777391900; 57202579207; 35731728100","Unsupervised perceptual rewards for imitation learning","2017","5th International Conference on Learning Representations, ICLR 2017 - Workshop Track Proceedings","","","","","","","6","","https://www.scopus.com/inward/record.uri?eid=2-s2.0-85094309528&partnerID=40&md5=3ceefb5c5b4631f09b9d65ee974ab16b","Conference paper","Final","","Scopus","2-s2.0-85094309528"
"Nezhat C.; Lakhi N.","Nezhat, Ceana (57527558200); Lakhi, Nisha (23970923400)","57527558200; 23970923400","Learning Experiences in Robotic-Assisted Laparoscopic Surgery","2016","Best Practice and Research: Clinical Obstetrics and Gynaecology","35","","","20","29","9","10","10.1016/j.bpobgyn.2015.11.009","https://www.scopus.com/inward/record.uri?eid=2-s2.0-84950145432&doi=10.1016%2fj.bpobgyn.2015.11.009&partnerID=40&md5=d23881500850e9d4cf447dc3c0d2cd45","Article","Final","","Scopus","2-s2.0-84950145432"
"Gross H.-M.; Meyer S.; Scheidig A.; Eisenbach M.; Mueller S.; Trinh T.Q.; Wengefeld T.; Bley A.; Martin C.; Fricke C.","Gross, Horst-Michael (7202668837); Meyer, Sibylle (57195423173); Scheidig, Andrea (13105198000); Eisenbach, Markus (57220422464); Mueller, Steffen (57199400995); Trinh, Thanh Quang (57139928900); Wengefeld, Tim (56731144600); Bley, A. (56469346000); Martin, Christian (8215059200); Fricke, Christa (57195416135)","7202668837; 57195423173; 13105198000; 57220422464; 57199400995; 57139928900; 56731144600; 56469346000; 8215059200; 57195416135","Mobile robot companion for walking training of stroke patients in clinical post-stroke rehabilitation","2017","Proceedings - IEEE International Conference on Robotics and Automation","","","7989124","1028","1035","7","22","10.1109/ICRA.2017.7989124","https://www.scopus.com/inward/record.uri?eid=2-s2.0-85028006698&doi=10.1109%2fICRA.2017.7989124&partnerID=40&md5=9a15bb2d06676235c762db8f83650d39","Conference paper","Final","","Scopus","2-s2.0-85028006698"
"Zhang X.; Zhang J.; Zhong J.","Zhang, Xinzheng (55715147800); Zhang, Jianfen (24777410400); Zhong, Junpei (27268086700)","55715147800; 24777410400; 27268086700","Skill Learning for Intelligent Robot by Perception-Action Integration: A View from Hierarchical Temporal Memory","2017","Complexity","2017","","7948684","","","","3","10.1155/2017/7948684","https://www.scopus.com/inward/record.uri?eid=2-s2.0-85042223042&doi=10.1155%2f2017%2f7948684&partnerID=40&md5=943929e5edd5e210193e77d09018d1eb","Article","Final","All Open Access; Gold Open Access; Green Open Access","Scopus","2-s2.0-85042223042"
"Marino H.; Ferrati M.; Settimi A.; Rosales C.; Gabiccini M.","Marino, Hamal (55325588200); Ferrati, Mirko (56204100300); Settimi, Alessandro (56360240800); Rosales, Carlos (35590812700); Gabiccini, Marco (7801538627)","55325588200; 56204100300; 56360240800; 35590812700; 7801538627","On the Problem of Moving Objects with Autonomous Robots: A Unifying High-Level Planning Approach","2016","IEEE Robotics and Automation Letters","1","1","7384694","469","476","7","15","10.1109/LRA.2016.2519149","https://www.scopus.com/inward/record.uri?eid=2-s2.0-85058585210&doi=10.1109%2fLRA.2016.2519149&partnerID=40&md5=b13ae1e69f86181d23ac5b5f79042cb1","Article","Final","","Scopus","2-s2.0-85058585210"
"Liang P.; Yang C.; Wang N.; Li Z.; Li R.","Liang, Peidong (56341925400); Yang, Chenguang (55671767000); Wang, Ning (55446268900); Li, Zhijun (56266709300); Li, Ruifeng (57219000160)","56341925400; 55671767000; 55446268900; 56266709300; 57219000160","Mechatronic Design of a Human Robot Coupling Interface for Teaching by Demonstration","2016","IFAC-PapersOnLine","49","21","","675","680","5","8","10.1016/j.ifacol.2016.10.678","https://www.scopus.com/inward/record.uri?eid=2-s2.0-84995615188&doi=10.1016%2fj.ifacol.2016.10.678&partnerID=40&md5=12cbddb8ab48f6e33df8a9d98af4bf19","Conference paper","Final","All Open Access; Gold Open Access","Scopus","2-s2.0-84995615188"
"Nottensteiner K.; Bodenmüller T.; Kassecker M.; Roa M.A.; Stemmer A.; Stouraitis T.; Seidel D.; Thomas U.","Nottensteiner, Korbinian (57190120709); Bodenmüller, Tim (24775236000); Kassecker, Michael (55348137900); Roa, Máximo A. (24476753400); Stemmer, Andreas (19338016900); Stouraitis, Theodoros (56155099700); Seidel, Daniel (56423260000); Thomas, Ulrike (7004226574)","57190120709; 24775236000; 55348137900; 24476753400; 19338016900; 56155099700; 56423260000; 7004226574","A complete automated chain for flexible assembly using recognition, planning and sensor-based execution","2016","47th International Symposium on Robotics, ISR 2016","","","","365","372","7","7","","https://www.scopus.com/inward/record.uri?eid=2-s2.0-84983738930&partnerID=40&md5=01d4bee443e5ef72e5974d72b2acb7e7","Conference paper","Final","","Scopus","2-s2.0-84983738930"
"Hu F.; Wu X.; Luo D.","Hu, Fan (56739810200); Wu, Xihong (7407061832); Luo, Dingsheng (7202658172)","56739810200; 7407061832; 7202658172","Learning basic unit movements for humanoid arm motion control","2016","2016 IEEE 14th International Workshop on Advanced Motion Control, AMC 2016","","","7496371","327","333","6","4","10.1109/AMC.2016.7496371","https://www.scopus.com/inward/record.uri?eid=2-s2.0-84982850754&doi=10.1109%2fAMC.2016.7496371&partnerID=40&md5=e29e64205ad2f2479c82d69bc80c53dd","Conference paper","Final","","Scopus","2-s2.0-84982850754"
"Liu M.-J.; Xiong C.-H.; Hu D.","Liu, Ming-Jin (56424233400); Xiong, Cai-Hua (57211738191); Hu, Di (57192301561)","56424233400; 57211738191; 57192301561","Assessing the manipulative potentials of monkeys, apes and humans from hand proportions: Implications for hand evolution","2016","Proceedings of the Royal Society B: Biological Sciences","283","1843","20161923","","","","22","10.1098/rspb.2016.1923","https://www.scopus.com/inward/record.uri?eid=2-s2.0-85003486012&doi=10.1098%2frspb.2016.1923&partnerID=40&md5=d19ef8d2ccd6613ae3f80503284e4336","Article","Final","All Open Access; Bronze Open Access; Green Open Access","Scopus","2-s2.0-85003486012"
"Gu S.; Holly E.; Lillicrap T.; Levine S.","Gu, Shixiang (57192162618); Holly, Ethan (57195414768); Lillicrap, Timothy (6503977179); Levine, Sergey (35731728100)","57192162618; 57195414768; 6503977179; 35731728100","Deep reinforcement learning for robotic manipulation with asynchronous off-policy updates","2017","Proceedings - IEEE International Conference on Robotics and Automation","","","7989385","3389","3396","7","1206","10.1109/ICRA.2017.7989385","https://www.scopus.com/inward/record.uri?eid=2-s2.0-85027967014&doi=10.1109%2fICRA.2017.7989385&partnerID=40&md5=ad468e27473a84d6fc0f7ae47c47c3d9","Conference paper","Final","All Open Access; Green Open Access","Scopus","2-s2.0-85027967014"
"Rafii-Tari H.; Payne C.J.; Bicknell C.; Kwok K.-W.; Cheshire N.J.W.; Riga C.; Yang G.-Z.","Rafii-Tari, Hedyeh (40462397700); Payne, Christopher J. (36622128200); Bicknell, Colin (6701649965); Kwok, Ka-Wai (24724484100); Cheshire, Nicholas J. W. (7003912230); Riga, Celia (24345300300); Yang, Guang-Zhong (55539304100)","40462397700; 36622128200; 6701649965; 24724484100; 7003912230; 24345300300; 55539304100","Objective Assessment of Endovascular Navigation Skills with Force Sensing","2017","Annals of Biomedical Engineering","45","5","","1315","1327","12","57","10.1007/s10439-017-1791-y","https://www.scopus.com/inward/record.uri?eid=2-s2.0-85011807442&doi=10.1007%2fs10439-017-1791-y&partnerID=40&md5=b997e21bf0f89772471612f1078368e1","Article","Final","All Open Access; Green Open Access; Hybrid Gold Open Access","Scopus","2-s2.0-85011807442"
"Pedersen M.R.; Nalpantidis L.; Andersen R.S.; Schou C.; Bøgh S.; Krüger V.; Madsen O.","Pedersen, Mikkel Rath (57213867649); Nalpantidis, Lazaros (8624502900); Andersen, Rasmus Skovgaard (58527211400); Schou, Casper (56023056800); Bøgh, Simon (35760920300); Krüger, Volker (7003464904); Madsen, Ole (26421715700)","57213867649; 8624502900; 58527211400; 56023056800; 35760920300; 7003464904; 26421715700","Robot skills for manufacturing: From concept to industrial deployment","2016","Robotics and Computer-Integrated Manufacturing","37","","","282","291","9","351","10.1016/j.rcim.2015.04.002","https://www.scopus.com/inward/record.uri?eid=2-s2.0-84943820679&doi=10.1016%2fj.rcim.2015.04.002&partnerID=40&md5=24a9a79c98ea3deaeeead4cf88d9886f","Article","Final","","Scopus","2-s2.0-84943820679"
"Cooksey P.; Mendoza J.P.; Veloso M.","Cooksey, Philip (56119592900); Mendoza, Juan Pablo (40661592400); Veloso, Manuela (7006520632)","56119592900; 40661592400; 7006520632","Opponent-aware ball-manipulation skills for an autonomous soccer robot","2017","Lecture Notes in Computer Science (including subseries Lecture Notes in Artificial Intelligence and Lecture Notes in Bioinformatics)","9776 LNAI","","","84","96","12","1","10.1007/978-3-319-68792-6_7","https://www.scopus.com/inward/record.uri?eid=2-s2.0-85034247029&doi=10.1007%2f978-3-319-68792-6_7&partnerID=40&md5=29093b5055208a81a467117721cad9c9","Conference paper","Final","","Scopus","2-s2.0-85034247029"
"Baum M.; Brock O.","Baum, Manuel (57014299600); Brock, Oliver (6602822080)","57014299600; 6602822080","Achieving robustness by optimizing failure behavior","2017","Proceedings - IEEE International Conference on Robotics and Automation","","","7989681","5806","5811","5","1","10.1109/ICRA.2017.7989681","https://www.scopus.com/inward/record.uri?eid=2-s2.0-85027990350&doi=10.1109%2fICRA.2017.7989681&partnerID=40&md5=ea1e6fd9c987a402f5be4d2999eed2f4","Conference paper","Final","","Scopus","2-s2.0-85027990350"
"Dai F.; Wahrburg A.; Matthias B.; Ding H.","Dai, Fan (7102055805); Wahrburg, Arne (54912093700); Matthias, Björn (6603746939); Ding, Hao (23466148400)","7102055805; 54912093700; 6603746939; 23466148400","Robot assembly skills based on compliant motion","2016","47th International Symposium on Robotics, ISR 2016","","","","194","199","5","14","","https://www.scopus.com/inward/record.uri?eid=2-s2.0-84983775837&partnerID=40&md5=c5837461b0f46b3f6e2cfa0d1ce1ac3c","Conference paper","Final","","Scopus","2-s2.0-84983775837"
"Katlein C.; Schiller M.; Belter H.J.; Coppolaro V.; Wenslandt D.; Nicolaus M.","Katlein, Christian (55542506600); Schiller, Martin (57195590395); Belter, Hans J. (57195587814); Coppolaro, Veronica (56377763000); Wenslandt, David (57195591323); Nicolaus, Marcel (16316664600)","55542506600; 57195590395; 57195587814; 56377763000; 57195591323; 16316664600","A new remotely operated sensor platform for interdisciplinary observations under sea ice","2017","Frontiers in Marine Science","4","SEP","281","","","","30","10.3389/fmars.2017.00281","https://www.scopus.com/inward/record.uri?eid=2-s2.0-85028973941&doi=10.3389%2ffmars.2017.00281&partnerID=40&md5=693ccd78ad98d2681012919c4c42e0ba","Article","Final","All Open Access; Gold Open Access; Green Open Access","Scopus","2-s2.0-85028973941"
"García J.C.; Pérez J.; Menezes P.; Sanz P.J.","García, J.C. (55757784125); Pérez, J. (57208553386); Menezes, P. (56592011600); Sanz, P.J. (7102001752)","55757784125; 57208553386; 56592011600; 7102001752","A control architecture for Hybrid underwater intervention systems","2017","2016 IEEE International Conference on Systems, Man, and Cybernetics, SMC 2016 - Conference Proceedings","","","7844396","1147","1152","5","1","10.1109/SMC.2016.7844396","https://www.scopus.com/inward/record.uri?eid=2-s2.0-85015766965&doi=10.1109%2fSMC.2016.7844396&partnerID=40&md5=fa1ae32bfc2fad0c13d8479972f291b1","Conference paper","Final","","Scopus","2-s2.0-85015766965"
"Kroemer O.; Sukhatme G.S.","Kroemer, Oliver (35194171900); Sukhatme, Gaurav S. (7003730870)","35194171900; 7003730870","Learning spatial preconditions of manipulation skills using random forests","2016","IEEE-RAS International Conference on Humanoid Robots","","","7803347","676","683","7","15","10.1109/HUMANOIDS.2016.7803347","https://www.scopus.com/inward/record.uri?eid=2-s2.0-85010204822&doi=10.1109%2fHUMANOIDS.2016.7803347&partnerID=40&md5=494dc4e93679a6896d3c09766d5ee49e","Conference paper","Final","","Scopus","2-s2.0-85010204822"
"Akkaladevi S.C.; Plasch M.; Pichler A.","Akkaladevi, Sharath Chandra (55970920300); Plasch, Matthias (55941347100); Pichler, Andreas (7004603934)","55970920300; 55941347100; 7004603934","Skill-based learning of an assembly process; [Skill-basiertes Lernen für Montageprozesse]","2017","Elektrotechnik und Informationstechnik","134","6","","312","315","3","7","10.1007/s00502-017-0514-2","https://www.scopus.com/inward/record.uri?eid=2-s2.0-85028804883&doi=10.1007%2fs00502-017-0514-2&partnerID=40&md5=347dfbec4d2b4ceb08fe9acfee13a243","Article","Final","","Scopus","2-s2.0-85028804883"
"Müller R.; Vette M.; Mailahn O.","Müller, Rainer (57191738253); Vette, Matthias (35489539800); Mailahn, Ortwin (56741396000)","57191738253; 35489539800; 56741396000","Process-oriented Task Assignment for Assembly Processes with Human-robot Interaction","2016","Procedia CIRP","44","","","210","215","5","82","10.1016/j.procir.2016.02.080","https://www.scopus.com/inward/record.uri?eid=2-s2.0-84994157730&doi=10.1016%2fj.procir.2016.02.080&partnerID=40&md5=d47b6f892b6a51b6a3d767af8ed7c0a6","Conference paper","Final","All Open Access; Gold Open Access","Scopus","2-s2.0-84994157730"
"Hanai R.; Suzuki H.; Nakabo Y.; Harada K.","Hanai, R. (55751744929); Suzuki, H. (57207072749); Nakabo, Y. (55488875500); Harada, K. (35446109900)","55751744929; 57207072749; 55488875500; 35446109900","Modeling development process of skill-based system for human-like manipulation robot","2016","Advanced Robotics","30","10","","676","690","14","5","10.1080/01691864.2016.1156575","https://www.scopus.com/inward/record.uri?eid=2-s2.0-84961391279&doi=10.1080%2f01691864.2016.1156575&partnerID=40&md5=96a971d7d86a28f9abe7c9f3d9a71ffa","Article","Final","","Scopus","2-s2.0-84961391279"
"Crosby M.; Petrick R.P.A.; Toscano C.; Dias R.C.; Rovida F.; Krüger V.","Crosby, Matthew (55957313000); Petrick, Ronald P. A. (36447706600); Toscano, César (16040941400); Dias, Rui Correia (57193354391); Rovida, Francesco (56732803900); Krüger, Volker (7003464904)","55957313000; 36447706600; 16040941400; 57193354391; 56732803900; 7003464904","Integrating mission, logistics, and task planning for skills-based robot control in industrial kitting applications","2017","CEUR Workshop Proceedings","1782","","","","","","2","","https://www.scopus.com/inward/record.uri?eid=2-s2.0-85013249565&partnerID=40&md5=fe87ae056c8b0ff07b1d361fa337fcf5","Conference paper","Final","","Scopus","2-s2.0-85013249565"
"Vicente P.; Jamone L.; Bernardino A.","Vicente, Pedro (57205948891); Jamone, Lorenzo (24479375600); Bernardino, Alexandre (7003407125)","57205948891; 24479375600; 7003407125","Online body schema adaptation based on internal mental simulation and multisensory feedback","2016","Frontiers Robotics  AI","3","MAR","7","","","","16","10.3389/frobt.2016.00007","https://www.scopus.com/inward/record.uri?eid=2-s2.0-85028011358&doi=10.3389%2ffrobt.2016.00007&partnerID=40&md5=b21128015e6bf240a910d0e585540164","Article","Final","All Open Access; Gold Open Access","Scopus","2-s2.0-85028011358"
"Juett J.; Kuipers B.","Juett, Jonathan (57193029159); Kuipers, Benjamin (7006082850)","57193029159; 7006082850","Learning to reach by building a representation of peri-personal space","2016","IEEE-RAS International Conference on Humanoid Robots","","","7803414","1141","1148","7","8","10.1109/HUMANOIDS.2016.7803414","https://www.scopus.com/inward/record.uri?eid=2-s2.0-85010197125&doi=10.1109%2fHUMANOIDS.2016.7803414&partnerID=40&md5=63966575d145b879d278285ef26a62ca","Conference paper","Final","","Scopus","2-s2.0-85010197125"
"Cho N.J.; Lee S.H.; Suh I.H.","Cho, Nam Jun (56640607100); Lee, Sang Hyoung (55350211200); Suh, Il Hong (55663194100)","56640607100; 55350211200; 55663194100","Modeling and evaluating Gaussian mixture model based on motion granularity","2016","Intelligent Service Robotics","9","2","","123","139","16","4","10.1007/s11370-015-0190-1","https://www.scopus.com/inward/record.uri?eid=2-s2.0-84961216756&doi=10.1007%2fs11370-015-0190-1&partnerID=40&md5=603079034ef5c4c6fba0fe6bb0d62c44","Article","Final","","Scopus","2-s2.0-84961216756"
"Koch P.J.; van Amstel M.K.; Dębska P.; Thormann M.A.; Tetzlaff A.J.; Bøgh S.; Chrysostomou D.","Koch, Paul J. (57195805372); van Amstel, Marike K. (57195804293); Dębska, Patrycja (57195804034); Thormann, Moritz A. (57195803327); Tetzlaff, Adrian J. (57195809005); Bøgh, Simon (35760920300); Chrysostomou, Dimitrios (24477398900)","57195805372; 57195804293; 57195804034; 57195803327; 57195809005; 35760920300; 24477398900","A Skill-based Robot Co-worker for Industrial Maintenance Tasks","2017","Procedia Manufacturing","11","","","83","90","7","68","10.1016/j.promfg.2017.07.141","https://www.scopus.com/inward/record.uri?eid=2-s2.0-85029860838&doi=10.1016%2fj.promfg.2017.07.141&partnerID=40&md5=b29377ca97a54f0504c32a367e8f3009","Conference paper","Final","All Open Access; Gold Open Access; Green Open Access","Scopus","2-s2.0-85029860838"
"Fu J.; Chen S.","Fu, Jian (49661360600); Chen, Siming (57193604374)","49661360600; 57193604374","Various Robot Motor Skills Learning with PI2-GMR","2017","Proceedings - 2016 International Conference on Industrial Informatics - Computing Technology, Intelligent Technology, Industrial Information Integration, ICIICII 2016","","","7823533","246","250","4","4","10.1109/ICIICII.2016.0066","https://www.scopus.com/inward/record.uri?eid=2-s2.0-85015198513&doi=10.1109%2fICIICII.2016.0066&partnerID=40&md5=0e71473e5d84dec3e414439438243413","Conference paper","Final","","Scopus","2-s2.0-85015198513"
"Karigiannis J.N.; Tzafestas C.S.","Karigiannis, John N. (6505831053); Tzafestas, Costas S. (6701475189)","6505831053; 6701475189","Model-free learning on robot kinematic chains using a nested multi-agent topology","2016","Journal of Experimental and Theoretical Artificial Intelligence","28","6","","913","954","41","1","10.1080/0952813X.2015.1042923","https://www.scopus.com/inward/record.uri?eid=2-s2.0-84932094855&doi=10.1080%2f0952813X.2015.1042923&partnerID=40&md5=47bbe676c33e315c2be66258591fad53","Article","Final","","Scopus","2-s2.0-84932094855"
"Englert P.; Toussaint M.","Englert, Peter (7003292187); Toussaint, Marc (7006246144)","7003292187; 7006246144","Combined optimization and reinforcement learning for manipulation skills","2016","Robotics: Science and Systems","12","","","","","","29","10.15607/rss.2016.xii.033","https://www.scopus.com/inward/record.uri?eid=2-s2.0-85048689164&doi=10.15607%2frss.2016.xii.033&partnerID=40&md5=ce250ab753d8507937fc1da0a5f26cdb","Conference paper","Final","All Open Access; Bronze Open Access","Scopus","2-s2.0-85048689164"
"Jacq A.; Lemaignan S.; Garcia F.; Dillenbourg P.; Paiva A.","Jacq, Alexis (57189044515); Lemaignan, Séverin (18234152100); Garcia, Fernando (56704270200); Dillenbourg, Pierre (8912010400); Paiva, Ana (7102683774)","57189044515; 18234152100; 56704270200; 8912010400; 7102683774","Building successful long child-robot interactions in a learning context","2016","ACM/IEEE International Conference on Human-Robot Interaction","2016-April","","7451758","239","246","7","59","10.1109/HRI.2016.7451758","https://www.scopus.com/inward/record.uri?eid=2-s2.0-84964914896&doi=10.1109%2fHRI.2016.7451758&partnerID=40&md5=d8d300e6021563f9adc129d69ca412d2","Conference paper","Final","All Open Access; Green Open Access","Scopus","2-s2.0-84964914896"
"Ahmadzadeh S.R.; Kaushik R.; Chernova S.","Ahmadzadeh, S. Reza (13807679300); Kaushik, Roshni (57204364042); Chernova, Sonia (56084330100)","13807679300; 57204364042; 56084330100","Trajectory learning from demonstration with canal surfaces: A parameter-free approach","2016","IEEE-RAS International Conference on Humanoid Robots","","","7803328","544","549","5","15","10.1109/HUMANOIDS.2016.7803328","https://www.scopus.com/inward/record.uri?eid=2-s2.0-85010192522&doi=10.1109%2fHUMANOIDS.2016.7803328&partnerID=40&md5=12617ccdda02c5bb1bb332523576965a","Conference paper","Final","","Scopus","2-s2.0-85010192522"
"Deng Z.; Mi J.; Chen Z.; Einig L.; Zou C.; Zhang J.","Deng, Zhen (56039946900); Mi, Jinpeng (56352257300); Chen, Zhixian (56970012400); Einig, Lasse (56118591700); Zou, Cheng (57193811587); Zhang, Jianwei (56039580400)","56039946900; 56352257300; 56970012400; 56118591700; 57193811587; 56039580400","Learning human compliant behavior from demonstration for force-based robot manipulation","2016","2016 IEEE International Conference on Robotics and Biomimetics, ROBIO 2016","","","7866342","319","324","5","11","10.1109/ROBIO.2016.7866342","https://www.scopus.com/inward/record.uri?eid=2-s2.0-85016747207&doi=10.1109%2fROBIO.2016.7866342&partnerID=40&md5=d9fa1cef3fae85e78733f822bb1422e5","Conference paper","Final","","Scopus","2-s2.0-85016747207"
"Konnaris C.; Thomik A.A.C.; Aldo Faisal A.","Konnaris, Charalambos (57190842127); Thomik, Andreas A. C. (56102646600); Aldo Faisal, A. (6602900233)","57190842127; 56102646600; 6602900233","Sparse Eigenmotions derived from daily life kinematics implemented on a dextrous robotic hand","2016","Proceedings of the IEEE RAS and EMBS International Conference on Biomedical Robotics and Biomechatronics","2016-July","","7523821","1358","1363","5","8","10.1109/BIOROB.2016.7523821","https://www.scopus.com/inward/record.uri?eid=2-s2.0-84983460700&doi=10.1109%2fBIOROB.2016.7523821&partnerID=40&md5=2b0052fe2def6b0cc1db5720a7bb06b4","Conference paper","Final","All Open Access; Green Open Access","Scopus","2-s2.0-84983460700"
"Zhao Y.C.; Al-Yacoub A.; Goh Y.M.; Justham L.; Lohse N.; Jackson M.R.","Zhao, Y.C. (57190406346); Al-Yacoub, A. (57190946378); Goh, Y.M. (8626315800); Justham, L. (6506661924); Lohse, N. (6603252771); Jackson, M.R. (55456024000)","57190406346; 57190946378; 8626315800; 6506661924; 6603252771; 55456024000","Human skill capture: A Hidden Markov Model of force and torque data in peg-in-a-hole assembly process","2017","2016 IEEE International Conference on Systems, Man, and Cybernetics, SMC 2016 - Conference Proceedings","","","7844315","655","660","5","17","10.1109/SMC.2016.7844315","https://www.scopus.com/inward/record.uri?eid=2-s2.0-85015793277&doi=10.1109%2fSMC.2016.7844315&partnerID=40&md5=35eeab0ce12e257496ce0dc979c62b67","Conference paper","Final","All Open Access; Green Open Access","Scopus","2-s2.0-85015793277"
"Zhou X.-H.; Bian G.-B.; Xie X.-L.; Hou Z.-G.; Hao J.-L.","Zhou, Xiao-Hu (57189496798); Bian, Gui-Bin (24831518900); Xie, Xiao-Liang (36480732200); Hou, Zeng-Guang (13102644800); Hao, Jian-Long (56438564400)","57189496798; 24831518900; 36480732200; 13102644800; 56438564400","PCA-based muscle selection for interventional manipulation recognition","2016","2016 IEEE International Conference on Robotics and Biomimetics, ROBIO 2016","","","7866442","921","926","5","3","10.1109/ROBIO.2016.7866442","https://www.scopus.com/inward/record.uri?eid=2-s2.0-85016726410&doi=10.1109%2fROBIO.2016.7866442&partnerID=40&md5=cbde124773ac12b97af49ce27902ff9e","Conference paper","Final","","Scopus","2-s2.0-85016726410"
"Lehmann C.","Lehmann, Christian (50161666900)","50161666900","Fault propagation and graph-based path generation for skill-based robot programming","2016","47th International Symposium on Robotics, ISR 2016","","","","342","349","7","3","","https://www.scopus.com/inward/record.uri?eid=2-s2.0-84983741928&partnerID=40&md5=ea41eb1d11d0fc365a1360e1c952265f","Conference paper","Final","","Scopus","2-s2.0-84983741928"
"Krivic S.; Ugur E.; Piater J.","Krivic, Senka (49561566500); Ugur, Emre (15021295100); Piater, Justus (8935537700)","49561566500; 15021295100; 8935537700","A robust pushing skill for object delivery between obstacles","2016","IEEE International Conference on Automation Science and Engineering","2016-November","","7743539","1184","1189","5","19","10.1109/COASE.2016.7743539","https://www.scopus.com/inward/record.uri?eid=2-s2.0-85001040043&doi=10.1109%2fCOASE.2016.7743539&partnerID=40&md5=f738930943566c67f7d60f9af01e4027","Conference paper","Final","","Scopus","2-s2.0-85001040043"
"Muxfeldt A.; Haus J.N.; Cheng J.; Kubus D.","Muxfeldt, Arne (56502270100); Haus, Jan Niklas (57192062873); Cheng, Jingyuan (55492602200); Kubus, Daniel (16550432300)","56502270100; 57192062873; 55492602200; 16550432300","Exploring tactile surface sensors as a gesture input device for intuitive robot programming","2016","IEEE International Conference on Emerging Technologies and Factory Automation, ETFA","2016-November","","7733658","","","","13","10.1109/ETFA.2016.7733658","https://www.scopus.com/inward/record.uri?eid=2-s2.0-84996561826&doi=10.1109%2fETFA.2016.7733658&partnerID=40&md5=18c4863c439fb071f15a99b3de351790","Conference paper","Final","","Scopus","2-s2.0-84996561826"
"Sermanet P.; Xu K.; Levine S.","Sermanet, Pierre (24777391900); Xu, Kelvin (57202579207); Levine, Sergey (35731728100)","24777391900; 57202579207; 35731728100","Unsupervised perceptual rewards for imitation learning","2017","Robotics: Science and Systems","13","","","","","","40","10.15607/rss.2017.xiii.050","https://www.scopus.com/inward/record.uri?eid=2-s2.0-85048763035&doi=10.15607%2frss.2017.xiii.050&partnerID=40&md5=2f6a26f54c0a2dcec29b730163b717ef","Conference paper","Final","All Open Access; Bronze Open Access; Green Open Access","Scopus","2-s2.0-85048763035"
"Aly A.; Griffiths S.; Stramandinoli F.","Aly, Amir (37057007800); Griffiths, Sascha (53879604400); Stramandinoli, Francesca (36054179500)","37057007800; 53879604400; 36054179500","Metrics and benchmarks in human-robot interaction: Recent advances in cognitive robotics","2017","Cognitive Systems Research","43","","","313","323","10","46","10.1016/j.cogsys.2016.06.002","https://www.scopus.com/inward/record.uri?eid=2-s2.0-84994575929&doi=10.1016%2fj.cogsys.2016.06.002&partnerID=40&md5=e531e649d2878b2739369163c8c34886","Article","Final","All Open Access; Green Open Access","Scopus","2-s2.0-84994575929"
"Weber A.","Weber, Austin (36020637400)","36020637400","Assembly lines 12: MIT robots teach other robots","2017","Assembly","60","7","","12","17","5","0","","https://www.scopus.com/inward/record.uri?eid=2-s2.0-85025802060&partnerID=40&md5=2f6667a8cae4fd662da342f9c7c708e8","Article","Final","","Scopus","2-s2.0-85025802060"
"Yamakawa Y.; Namiki A.; Ishikawa M.; Shimojo M.","Yamakawa, Yuji (10041787100); Namiki, Akio (7202899102); Ishikawa, Masatoshi (7404031178); Shimojo, Makoto (7102952249)","10041787100; 7202899102; 7404031178; 7102952249","Planning of knotting based on manipulation skills with consideration of robot mechanism/motion and its realization by a robot hand system","2017","Symmetry","9","9","194","","","","4","10.3390/sym9090194","https://www.scopus.com/inward/record.uri?eid=2-s2.0-85029435217&doi=10.3390%2fsym9090194&partnerID=40&md5=dcd4f0b1d687c4b53db3e345bfa66456","Article","Final","All Open Access; Gold Open Access; Green Open Access","Scopus","2-s2.0-85029435217"
"Athanasiou L.; Topali P.; Mikropoulos T.A.","Athanasiou, Lito (57193680173); Topali, Paraskevi (57193685517); Mikropoulos, Tassos A. (6603399630)","57193680173; 57193685517; 6603399630","The use of robotics in introductory programming for elementary students","2017","Advances in Intelligent Systems and Computing","560","","","183","192","9","8","10.1007/978-3-319-55553-9_14","https://www.scopus.com/inward/record.uri?eid=2-s2.0-85015779509&doi=10.1007%2f978-3-319-55553-9_14&partnerID=40&md5=49f26320707158698284601cedca9287","Article","Final","","Scopus","2-s2.0-85015779509"
"Stumm S.; Braumann J.; Brell-Cokcan S.","Stumm, Sven (56400866100); Braumann, Johannes (52463084100); Brell-Cokcan, Sigrid (52463104700)","56400866100; 52463084100; 52463104700","Human-Machine Interaction for Intuitive Programming of Assembly Tasks in Construction","2016","Procedia CIRP","44","","","269","274","5","9","10.1016/j.procir.2016.02.108","https://www.scopus.com/inward/record.uri?eid=2-s2.0-84994104537&doi=10.1016%2fj.procir.2016.02.108&partnerID=40&md5=4dc010dedf6fa3cd6f0e49b29d8f1049","Conference paper","Final","All Open Access; Gold Open Access; Green Open Access","Scopus","2-s2.0-84994104537"
"Kumar V.; Todorov E.; Levine S.","Kumar, Vikash (57202530476); Todorov, Emanuel (6701358567); Levine, Sergey (35731728100)","57202530476; 6701358567; 35731728100","Optimal control with learned local models: Application to dexterous manipulation","2016","Proceedings - IEEE International Conference on Robotics and Automation","2016-June","","7487156","378","383","5","170","10.1109/ICRA.2016.7487156","https://www.scopus.com/inward/record.uri?eid=2-s2.0-84977506735&doi=10.1109%2fICRA.2016.7487156&partnerID=40&md5=3c833f87e91d33e7c565adf81e3629fa","Conference paper","Final","","Scopus","2-s2.0-84977506735"
"Amaral F.; Pedrosa E.; Lim G.H.; Shafii N.; Pereira A.; Azevedo J.L.; Cunha B.; Reis L.P.; Badini S.; Lau N.","Amaral, Filipe (57215452232); Pedrosa, Eurico (55246502500); Lim, Gi Hyun (23028016700); Shafii, Nima (35108072000); Pereira, Artur (55999597100); Azevedo, Jose Luis (7101722202); Cunha, Bernardo (24476249900); Reis, Luis Paulo (13907511600); Badini, Simone (57195302947); Lau, Nuno (13907323500)","57215452232; 55246502500; 23028016700; 35108072000; 55999597100; 7101722202; 24476249900; 13907511600; 57195302947; 13907323500","Skill-based anytime agent architecture for logistics and manipulation tasks: EuRoC Challenge 2, Stage II - Realistic Labs: Benchmarking","2017","2017 IEEE International Conference on Autonomous Robot Systems and Competitions, ICARSC 2017","","","7964075","198","203","5","9","10.1109/ICARSC.2017.7964075","https://www.scopus.com/inward/record.uri?eid=2-s2.0-85026869156&doi=10.1109%2fICARSC.2017.7964075&partnerID=40&md5=b8bda9c691c56f294c25fd6b9756a119","Conference paper","Final","","Scopus","2-s2.0-85026869156"
"Lottermoser A.; Berger C.; Braunreuther S.; Reinhart G.","Lottermoser, Albrecht (57194546606); Berger, Christoph (57189304350); Braunreuther, Stefan (36138577300); Reinhart, Gunther (7101858932)","57194546606; 57189304350; 36138577300; 7101858932","Method of Usability for Mobile Robotics in a Manufacturing Environment","2017","Procedia CIRP","62","","","594","599","5","8","10.1016/j.procir.2016.06.122","https://www.scopus.com/inward/record.uri?eid=2-s2.0-85020731542&doi=10.1016%2fj.procir.2016.06.122&partnerID=40&md5=b168093fef9c3311027c7d0964b9c0b4","Conference paper","Final","All Open Access; Gold Open Access","Scopus","2-s2.0-85020731542"
"Kroemer O.; Sukhatme G.S.","Kroemer, Oliver (35194171900); Sukhatme, Gaurav S. (7003730870)","35194171900; 7003730870","Feature selection for learning versatile manipulation skills based on observed and desired trajectories","2017","Proceedings - IEEE International Conference on Robotics and Automation","","","7989546","4713","4720","7","5","10.1109/ICRA.2017.7989546","https://www.scopus.com/inward/record.uri?eid=2-s2.0-85027972743&doi=10.1109%2fICRA.2017.7989546&partnerID=40&md5=31e38eab9a1317b1bafe4b21aced65da","Conference paper","Final","","Scopus","2-s2.0-85027972743"
"Das A.N.; Doelling K.; Lundberg C.; Sevil H.E.; Lewis F.","Das, Aditya N. (15623100500); Doelling, Kris (56781422300); Lundberg, Cody (57190255585); Sevil, Hakki Erhan (26031694300); Lewis, Frank (24729085600)","15623100500; 56781422300; 57190255585; 26031694300; 24729085600","A Mixed reality based hybrid swarm control architecture for manned-unmanned teaming (MUM-T)","2017","ASME International Mechanical Engineering Congress and Exposition, Proceedings (IMECE)","14","","","","","","9","10.1115/IMECE2017-72076","https://www.scopus.com/inward/record.uri?eid=2-s2.0-85040928941&doi=10.1115%2fIMECE2017-72076&partnerID=40&md5=e1bd6d87f514aa47a7378a3f0792a67e","Conference paper","Final","","Scopus","2-s2.0-85040928941"
"Duan Y.; Chen X.; Houthooft R.; Schulman J.; Abbeel P.","Duan, Yan (56031920600); Chen, Xi (57192473527); Houthooft, Rein (56266863400); Schulman, John (55921038800); Abbeel, Pieter (8269962600)","56031920600; 57192473527; 56266863400; 55921038800; 8269962600","Benchmarking deep reinforcement learning for continuous control","2016","33rd International Conference on Machine Learning, ICML 2016","3","","","2001","2014","13","474","","https://www.scopus.com/inward/record.uri?eid=2-s2.0-84999018287&partnerID=40&md5=519d2f1e37d8dfe14f4b6cfe3bcd483e","Conference paper","Final","","Scopus","2-s2.0-84999018287"
"Rovida F.; Crosby M.; Holz D.; Polydoros A.S.; Großmann B.; Petrick R.P.A.; Krüger V.","Rovida, Francesco (56732803900); Crosby, Matthew (55957313000); Holz, Dirk (35190509500); Polydoros, Athanasios S. (57117553700); Großmann, Bjarne (55938745700); Petrick, Ronald P. A. (36447706600); Krüger, Volker (7003464904)","56732803900; 55957313000; 35190509500; 57117553700; 55938745700; 36447706600; 7003464904","SkiROS—A skill-based robot control platform on top of ROS","2017","Studies in Computational Intelligence","707","","","121","160","39","52","10.1007/978-3-319-54927-9_4","https://www.scopus.com/inward/record.uri?eid=2-s2.0-85019698096&doi=10.1007%2f978-3-319-54927-9_4&partnerID=40&md5=54dadd1819492ac17742ffd747aae3a2","Book chapter","Final","","Scopus","2-s2.0-85019698096"
"Delhaisse B.; Esteban D.; Rozo L.; Caldwell D.","Delhaisse, Brian (57191253109); Esteban, Domingo (56921801000); Rozo, Leonel (36603179000); Caldwell, Darwin (7202685497)","57191253109; 56921801000; 36603179000; 7202685497","Transfer learning of shared latent spaces between robots with similar kinematic structure","2017","Proceedings of the International Joint Conference on Neural Networks","2017-May","","7966379","4142","4149","7","28","10.1109/IJCNN.2017.7966379","https://www.scopus.com/inward/record.uri?eid=2-s2.0-85030987129&doi=10.1109%2fIJCNN.2017.7966379&partnerID=40&md5=370bd50de7306e3ede241740b8535266","Conference paper","Final","","Scopus","2-s2.0-85030987129"
"Steinmetz F.; Weitschat R.","Steinmetz, Franz (56743138600); Weitschat, Roman (55556034900)","56743138600; 55556034900","Skill parametrization approaches and skill architecture for human-robot interaction","2016","IEEE International Conference on Automation Science and Engineering","2016-November","","7743419","280","285","5","28","10.1109/COASE.2016.7743419","https://www.scopus.com/inward/record.uri?eid=2-s2.0-85001086137&doi=10.1109%2fCOASE.2016.7743419&partnerID=40&md5=155b92d375b71b13acc8868a61c5a067","Conference paper","Final","All Open Access; Green Open Access","Scopus","2-s2.0-85001086137"
"Kupcsik A.; Deisenroth M.P.; Peters J.; Loh A.P.; Vadakkepat P.; Neumann G.","Kupcsik, Andras (56024620600); Deisenroth, Marc Peter (24922891000); Peters, Jan (35248912800); Loh, Ai Poh (7006799756); Vadakkepat, Prahlad (6602209843); Neumann, Gerhard (23392898000)","56024620600; 24922891000; 35248912800; 7006799756; 6602209843; 23392898000","Model-based contextual policy search for data-efficient generalization of robot skills","2017","Artificial Intelligence","247","","","415","439","24","47","10.1016/j.artint.2014.11.005","https://www.scopus.com/inward/record.uri?eid=2-s2.0-84919497776&doi=10.1016%2fj.artint.2014.11.005&partnerID=40&md5=ec377888a06aad8272015adbaefca2b0","Article","Final","All Open Access; Bronze Open Access; Green Open Access","Scopus","2-s2.0-84919497776"
"Hussain I.; Salvietti G.; Prattichizzo D.","Hussain, Irfan (56730038800); Salvietti, Gionata (35932923900); Prattichizzo, Domenico (7004048807)","56730038800; 35932923900; 7004048807","On control interfaces for the robotic sixth finger","2016","ACM International Conference Proceeding Series","25-27-February-2016","","a49","","","","7","10.1145/2875194.2875243","https://www.scopus.com/inward/record.uri?eid=2-s2.0-84985905613&doi=10.1145%2f2875194.2875243&partnerID=40&md5=5da664ae7cb4934baad0185eef09b3f5","Conference paper","Final","","Scopus","2-s2.0-84985905613"
"Horn B.","Horn, Britton (57189294680)","57189294680","A skill-based framework for the generation and presentation of educational videogame content","2017","Proceedings of the 13th AAAI Conference on Artificial Intelligence and Interactive Digital Entertainment, AIIDE 2017","","","","292","294","2","0","10.1609/aiide.v13i1.12917","https://www.scopus.com/inward/record.uri?eid=2-s2.0-85070840879&doi=10.1609%2faiide.v13i1.12917&partnerID=40&md5=0388982ebb20070d8a2fb7e8769f1cef","Conference paper","Final","All Open Access; Bronze Open Access","Scopus","2-s2.0-85070840879"
"Cardoso C.; Bernardino A.","Cardoso, Carlos (57196512376); Bernardino, Alexandre (7003407125)","57196512376; 7003407125","Adaptive Non-Maximal Suppression filtering for online exploration learning with Cost-Regularized Kernel Regression","2017","2017 IEEE International Conference on Autonomous Robot Systems and Competitions, ICARSC 2017","","","7964087","272","277","5","1","10.1109/ICARSC.2017.7964087","https://www.scopus.com/inward/record.uri?eid=2-s2.0-85026869442&doi=10.1109%2fICARSC.2017.7964087&partnerID=40&md5=731ebb55cbbcea55f863cc9fe056732e","Conference paper","Final","","Scopus","2-s2.0-85026869442"
"Andersen R.S.; Schou C.; Damgaard J.S.; Madsen O.","Andersen, Rasmus S. (58527211400); Schou, Casper (56023056800); Damgaard, Jens S. (56021807300); Madsen, Ole (26421715700)","58527211400; 56023056800; 56021807300; 26421715700","Using a flexible skill-based approach to recognize objects in industrial scenarios","2016","47th International Symposium on Robotics, ISR 2016","","","","399","406","7","4","","https://www.scopus.com/inward/record.uri?eid=2-s2.0-84983747555&partnerID=40&md5=b1a060a890b91ac120af29936e1c4c52","Conference paper","Final","","Scopus","2-s2.0-84983747555"
"Garcia D.H.; Monje C.; Balaguer C.","Garcia, Daniel Hernandez (56520258500); Monje, Concepcion (8524755300); Balaguer, Carlos (6701864168)","56520258500; 8524755300; 6701864168","A use case of an adaptive cognitive architecture for the operation of humanoid robots in real environments","2016","International Journal of Advanced Robotic Systems","14","1","","","","","1","10.1177/1729881416678133","https://www.scopus.com/inward/record.uri?eid=2-s2.0-85014560220&doi=10.1177%2f1729881416678133&partnerID=40&md5=5055fb698d1286e1a452713db43738b4","Article","Final","All Open Access; Gold Open Access","Scopus","2-s2.0-85014560220"
"Mueller R.; Vette M.; Mailahn O.","Mueller, Rainer (56292139200); Vette, Matthias (35489539800); Mailahn, Ortwin (56741396000)","56292139200; 35489539800; 56741396000","Empowering of Assembly Processes for Human-Robot-Cooperation in Terms of Task Assignment","2016","SAE Technical Papers","2016-October","October","","","","","1","10.4271/2016-01-2093","https://www.scopus.com/inward/record.uri?eid=2-s2.0-85016465194&doi=10.4271%2f2016-01-2093&partnerID=40&md5=29588fc759c8aa4c6f48342238271295","Conference paper","Final","","Scopus","2-s2.0-85016465194"
"Chu V.; Fitzgerald T.; Thomaz A.L.","Chu, Vivian (56423308800); Fitzgerald, Tesca (56808851200); Thomaz, Andrea L. (13007283900)","56423308800; 56808851200; 13007283900","Learning object affordances by leveraging the combination of human-guidance and self-exploration","2016","ACM/IEEE International Conference on Human-Robot Interaction","2016-April","","7451755","221","228","7","21","10.1109/HRI.2016.7451755","https://www.scopus.com/inward/record.uri?eid=2-s2.0-84964859773&doi=10.1109%2fHRI.2016.7451755&partnerID=40&md5=058a9fba04ec7d4ebb0593070c82a401","Conference paper","Final","","Scopus","2-s2.0-84964859773"
"Fu J.; Levine S.; Abbeel P.","Fu, Justin (57192429455); Levine, Sergey (35731728100); Abbeel, Pieter (8269962600)","57192429455; 35731728100; 8269962600","One-shot learning of manipulation skills with online dynamics adaptation and neural network priors","2016","IEEE International Conference on Intelligent Robots and Systems","2016-November","","7759592","4019","4026","7","94","10.1109/IROS.2016.7759592","https://www.scopus.com/inward/record.uri?eid=2-s2.0-85006489405&doi=10.1109%2fIROS.2016.7759592&partnerID=40&md5=1c35096b52c81aa7923309759ac85620","Conference paper","Final","All Open Access; Green Open Access","Scopus","2-s2.0-85006489405"
"Maeda G.; Ewerton M.; Koert D.; Peters J.","Maeda, Guilherme (56743018400); Ewerton, Marco (55976075500); Koert, Dorothea (56682771900); Peters, Jan (35248912800)","56743018400; 55976075500; 56682771900; 35248912800","Acquiring and Generalizing the Embodiment Mapping from Human Observations to Robot Skills","2016","IEEE Robotics and Automation Letters","1","2","7397886","784","791","7","21","10.1109/LRA.2016.2525038","https://www.scopus.com/inward/record.uri?eid=2-s2.0-85058585371&doi=10.1109%2fLRA.2016.2525038&partnerID=40&md5=cf099c73a8129c7b2686ad53d6408cc9","Article","Final","","Scopus","2-s2.0-85058585371"
"Guo J.; Guo S.; Tamiya T.; Hirata H.; Ishihara H.","Guo, Jin (38561463400); Guo, Shuxiang (7403650655); Tamiya, Takashi (55197257100); Hirata, Hideyuki (56486972900); Ishihara, Hidenori (7401979882)","38561463400; 7403650655; 55197257100; 56486972900; 7401979882","Design and performance evaluation of a master controller for endovascular catheterization","2016","International Journal of Computer Assisted Radiology and Surgery","11","1","","119","131","12","24","10.1007/s11548-015-1211-4","https://www.scopus.com/inward/record.uri?eid=2-s2.0-84955635764&doi=10.1007%2fs11548-015-1211-4&partnerID=40&md5=34041769ad3e8d9fa0f69dc78afab9ae","Article","Final","","Scopus","2-s2.0-84955635764"
"Zhou X.-H.; Bian G.-B.; Xie X.-L.; Hou Z.-G.; Hao J.-L.","Zhou, Xiao-Hu (57189496798); Bian, Gui-Bin (24831518900); Xie, Xiao-Liang (36480732200); Hou, Zeng-Guang (13102644800); Hao, Jian-Long (56438564400)","57189496798; 24831518900; 36480732200; 13102644800; 56438564400","Prediction of natural guidewire rotation using an sEMG-based NARX neural network","2017","Proceedings of the International Joint Conference on Neural Networks","2017-May","","7965884","419","424","5","5","10.1109/IJCNN.2017.7965884","https://www.scopus.com/inward/record.uri?eid=2-s2.0-85031007492&doi=10.1109%2fIJCNN.2017.7965884&partnerID=40&md5=01b405746bb0c0054bad46bbfeffadf3","Conference paper","Final","","Scopus","2-s2.0-85031007492"
"Abdolmaleki A.; Lau N.; Reis L.P.; Peters J.; Neumann G.","Abdolmaleki, Abbas (24922594700); Lau, Nuno (13907323500); Reis, Luis Paulo (13907511600); Peters, Jan (35248912800); Neumann, Gerhard (23392898000)","24922594700; 13907323500; 13907511600; 35248912800; 23392898000","Contextual Policy Search for Linear and Nonlinear Generalization of a Humanoid Walking Controller","2016","Journal of Intelligent and Robotic Systems: Theory and Applications","83","3-4","","393","408","15","4","10.1007/s10846-016-0347-y","https://www.scopus.com/inward/record.uri?eid=2-s2.0-84958255106&doi=10.1007%2fs10846-016-0347-y&partnerID=40&md5=96a34832814b422c3a7c3a1da307b425","Article","Final","","Scopus","2-s2.0-84958255106"
"Kramberger A.; Schou C.; Chrysostomou D.; Gams A.; Madsen O.; Ude A.","Kramberger, Aljaž (56449295900); Schou, Casper (56023056800); Chrysostomou, Dimitrios (24477398900); Gams, Andrej (15622806800); Madsen, Ole (26421715700); Ude, Aleš (6701345288)","56449295900; 56023056800; 24477398900; 15622806800; 26421715700; 6701345288","Fast setup and adaptation of industrial assembly tasks with force-based exception strategies","2017","Advances in Intelligent Systems and Computing","540","","","421","429","8","0","10.1007/978-3-319-49058-8_46","https://www.scopus.com/inward/record.uri?eid=2-s2.0-85007385861&doi=10.1007%2f978-3-319-49058-8_46&partnerID=40&md5=7c8f15dd5c4d29824b6f0ee82387efcb","Conference paper","Final","","Scopus","2-s2.0-85007385861"
"Matsui H.; Hunt G.R.; Oberhofer K.; Ogihara N.; McGowan K.J.; Mithraratne K.; Yamasaki T.; Gray R.D.; Izawa E.-I.","Matsui, Hiroshi (56244151400); Hunt, Gavin R. (56276783000); Oberhofer, Katja (25650002900); Ogihara, Naomichi (6603820072); McGowan, Kevin J. (7006291327); Mithraratne, Kumar (12787530500); Yamasaki, Takeshi (36726482500); Gray, Russell D. (7403689938); Izawa, Ei-Ichi (7004099456)","56244151400; 56276783000; 25650002900; 6603820072; 7006291327; 12787530500; 36726482500; 7403689938; 7004099456","Adaptive bill morphology for enhanced tool manipulation in New Caledonian crows","2016","Scientific Reports","6","","22776","","","","38","10.1038/srep22776","https://www.scopus.com/inward/record.uri?eid=2-s2.0-84960365037&doi=10.1038%2fsrep22776&partnerID=40&md5=f6191213c0cf25c29b3bad49571f0a80","Article","Final","All Open Access; Gold Open Access; Green Open Access","Scopus","2-s2.0-84960365037"
"Hu F.; Liu W.; Wu X.; Luo D.","Hu, Fan (56739810200); Liu, Wentao (35422430100); Wu, Xihong (7407061832); Luo, Dingsheng (7202658172)","56739810200; 35422430100; 7407061832; 7202658172","Learning basic unit movements with gate-model auto-encoder for humanoid arm motion control","2017","2016 IEEE International Conference on Information and Automation, IEEE ICIA 2016","","","7831830","246","251","5","3","10.1109/ICInfA.2016.7831830","https://www.scopus.com/inward/record.uri?eid=2-s2.0-85015788356&doi=10.1109%2fICInfA.2016.7831830&partnerID=40&md5=22134a396470b02e2d7a477d2a7ebce7","Conference paper","Final","","Scopus","2-s2.0-85015788356"
"Krechetov I.V.; Skvortsov A.A.; Lavrikov P.S.","Krechetov, Ivan Vladimirovich (56976400400); Skvortsov, Arkadiy Alekseyevich (58173684500); Lavrikov, Pavel Sergeyevich (56976280000)","56976400400; 58173684500; 56976280000","Developing two-armed robot assistant: Intelligent tutoring skills based system","2016","Indian Journal of Science and Technology","9","47","108700","","","","1","10.17485/ijst/2016/v9i47/108700","https://www.scopus.com/inward/record.uri?eid=2-s2.0-85009743251&doi=10.17485%2fijst%2f2016%2fv9i47%2f108700&partnerID=40&md5=94d628573431e0ecfc195e0a43795686","Article","Final","All Open Access; Gold Open Access","Scopus","2-s2.0-85009743251"
"Grossard M.; Martin J.; Huard B.","Grossard, Mathieu (24490939600); Martin, Javier (56131283500); Huard, Benoît (57206217500)","24490939600; 56131283500; 57206217500","Force-sensing actuator with a compliant flexure-type joint for a robotic manipulator","2015","Actuators","4","4","","281","300","19","4","10.3390/act4040281","https://www.scopus.com/inward/record.uri?eid=2-s2.0-85054269195&doi=10.3390%2fact4040281&partnerID=40&md5=be4f690f4ab6eef29539063f62a1ea68","Article","Final","All Open Access; Gold Open Access; Green Open Access","Scopus","2-s2.0-85054269195"
"Carrera A.; Palomeras N.; Hurtós N.; Carreras M.","Carrera, Arnau (55463554000); Palomeras, Narcís (55901120100); Hurtós, Natàlia (36625604300); Carreras, Marc (7005596822)","55463554000; 55901120100; 36625604300; 7005596822","Free-floating panel intervention by means of learning by demonstration","2015","IFAC-PapersOnLine","28","2","","38","43","5","5","10.1016/j.ifacol.2015.06.007","https://www.scopus.com/inward/record.uri?eid=2-s2.0-84992498923&doi=10.1016%2fj.ifacol.2015.06.007&partnerID=40&md5=0688e96a06b364eb536b403d5911cd12","Conference paper","Final","All Open Access; Gold Open Access","Scopus","2-s2.0-84992498923"
"Ding F.; Huang J.; Wang Y.","Ding, Feng (36022246800); Huang, Jian (58188004000); Wang, Yongji (8842933100)","36022246800; 58188004000; 8842933100","Vibration damping for manipulating deformable linear object robotic operation based on fuzzy control","2013","Huazhong Keji Daxue Xuebao (Ziran Kexue Ban)/Journal of Huazhong University of Science and Technology (Natural Science Edition)","41","SUPPL.I","","58","62","4","0","","https://www.scopus.com/inward/record.uri?eid=2-s2.0-84890854526&partnerID=40&md5=3d1482b996636ddd66c7b13baf3b985c","Article","Final","","Scopus","2-s2.0-84890854526"
"Siepmann F.; Ziegler L.; Kortkamp M.; Wachsmuth S.","Siepmann, Frederic (35105870200); Ziegler, Leon (55311546500); Kortkamp, Marco (36608236700); Wachsmuth, Sven (6506127757)","35105870200; 55311546500; 36608236700; 6506127757","Deploying a modeling framework for reusable robot behavior to enable informed strategies for domestic service robots","2014","Robotics and Autonomous Systems","62","5","","619","631","12","11","10.1016/j.robot.2012.10.013","https://www.scopus.com/inward/record.uri?eid=2-s2.0-84897915370&doi=10.1016%2fj.robot.2012.10.013&partnerID=40&md5=d8888921f040882c2e4c1edc43925e93","Conference paper","Final","","Scopus","2-s2.0-84897915370"
"Stulp F.; Raiola G.; Hoarau A.; Ivaldi S.; Sigaud O.","Stulp, Freek (55891892900); Raiola, Gennaro (56423462100); Hoarau, Antoine (56423601200); Ivaldi, Serena (26643860200); Sigaud, Olivier (6508371727)","55891892900; 56423462100; 56423601200; 26643860200; 6508371727","Learning compact parameterized skills with a single regression","2015","IEEE-RAS International Conference on Humanoid Robots","2015-February","February","7030008","417","422","5","43","10.1109/HUMANOIDS.2013.7030008","https://www.scopus.com/inward/record.uri?eid=2-s2.0-84937831102&doi=10.1109%2fHUMANOIDS.2013.7030008&partnerID=40&md5=ed24076fde609b160a236a0056473989","Conference paper","Final","All Open Access; Green Open Access","Scopus","2-s2.0-84937831102"
"Pedrosa E.; Lau N.; Pereira A.; Cunha B.","Pedrosa, Eurico (55246502500); Lau, Nuno (13907323500); Pereira, Artur (55999597100); Cunha, Bernardo (24476249900)","55246502500; 13907323500; 55999597100; 24476249900","A skill-based architecture for pick and place manipulation tasks","2015","Lecture Notes in Computer Science (including subseries Lecture Notes in Artificial Intelligence and Lecture Notes in Bioinformatics)","9273","","","457","468","11","8","10.1007/978-3-319-23485-4_45","https://www.scopus.com/inward/record.uri?eid=2-s2.0-84945908825&doi=10.1007%2f978-3-319-23485-4_45&partnerID=40&md5=875d41e712e2f1f4dd9248994db18909","Conference paper","Final","","Scopus","2-s2.0-84945908825"
"Sun A.J.; Aron M.; Hung A.J.","Sun, Andrew J. (57196187122); Aron, Monish (7006799181); Hung, Andrew J. (16835305000)","57196187122; 7006799181; 16835305000","Novel training methods for robotic surgery","2014","Indian Journal of Urology","30","3","","333","338","5","16","10.4103/0970-1591.128506","https://www.scopus.com/inward/record.uri?eid=2-s2.0-84905903779&doi=10.4103%2f0970-1591.128506&partnerID=40&md5=211b6d34e3030001713ed48e1cda83a3","Conference paper","Final","All Open Access; Gold Open Access; Green Open Access","Scopus","2-s2.0-84905903779"
"Van Hoof H.; Hermans T.; Neumann G.; Peters J.","Van Hoof, Herke (55556536600); Hermans, Tucker (36730868000); Neumann, Gerhard (23392898000); Peters, Jan (35248912800)","55556536600; 36730868000; 23392898000; 35248912800","Learning robot in-hand manipulation with tactile features","2015","IEEE-RAS International Conference on Humanoid Robots","2015-December","","7363524","121","127","6","130","10.1109/HUMANOIDS.2015.7363524","https://www.scopus.com/inward/record.uri?eid=2-s2.0-84962314631&doi=10.1109%2fHUMANOIDS.2015.7363524&partnerID=40&md5=ca40f344ab8af75cc3de8c433147a422","Conference paper","Final","All Open Access; Green Open Access","Scopus","2-s2.0-84962314631"
"Sanz P.J.; Peñalver A.; Sales J.; Fornas D.; Fernández J.J.; Pérez J.; Bernabé J.","Sanz, P.J. (7102001752); Peñalver, A. (57027825400); Sales, J. (26433898100); Fornas, D. (55941307700); Fernández, J.J. (24449342800); Pérez, J. (57208553386); Bernabé, J. (55976673900)","7102001752; 57027825400; 26433898100; 55941307700; 24449342800; 57208553386; 55976673900","GRASPER: A multisensory based manipulation system for underwater operations","2013","Proceedings - 2013 IEEE International Conference on Systems, Man, and Cybernetics, SMC 2013","","","6722442","4036","4041","5","27","10.1109/SMC.2013.689","https://www.scopus.com/inward/record.uri?eid=2-s2.0-84893522989&doi=10.1109%2fSMC.2013.689&partnerID=40&md5=b57abc37cc4032ecf4a6321e4fd78a1a","Conference paper","Final","","Scopus","2-s2.0-84893522989"
"Holz D.; Topalidou-Kyniazopoulou A.; Rovida F.; Pedersen M.R.; Krüger V.; Behnke S.","Holz, Dirk (35190509500); Topalidou-Kyniazopoulou, Angeliki (55842195100); Rovida, Francesco (56732803900); Pedersen, Mikkel Rath (57213867649); Krüger, Volker (7003464904); Behnke, Sven (13007277900)","35190509500; 55842195100; 56732803900; 57213867649; 7003464904; 13007277900","A skill-based system for object perception and manipulation for automating kitting tasks","2015","IEEE International Conference on Emerging Technologies and Factory Automation, ETFA","2015-October","","7301453","","","","19","10.1109/ETFA.2015.7301453","https://www.scopus.com/inward/record.uri?eid=2-s2.0-84952948324&doi=10.1109%2fETFA.2015.7301453&partnerID=40&md5=4d2f46a8f05c203ae4f5ae7543ced138","Conference paper","Final","","Scopus","2-s2.0-84952948324"
"Brandi S.; Kroemer O.; Peters J.","Brandi, Sascha (56921862600); Kroemer, Oliver (35194171900); Peters, Jan (35248912800)","56921862600; 35194171900; 35248912800","Generalizing pouring actions between objects using warped parameters","2015","IEEE-RAS International Conference on Humanoid Robots","2015-February","","7041426","616","621","5","21","10.1109/HUMANOIDS.2014.7041426","https://www.scopus.com/inward/record.uri?eid=2-s2.0-84945177229&doi=10.1109%2fHUMANOIDS.2014.7041426&partnerID=40&md5=31d58f405dba2949c25f90da372543f2","Conference paper","Final","","Scopus","2-s2.0-84945177229"
"Lee S.H.; Cho N.J.; Suh I.H.","Lee, Sang Hyoung (55350211200); Cho, Nam Jun (56640607100); Suh, Il Hong (55663194100)","55350211200; 56640607100; 55663194100","Learning of motor skills based on grossness and fineness of movements in daily-life tasks","2014","Proceedings - IEEE International Conference on Robotics and Automation","","","6907632","5260","5267","7","3","10.1109/ICRA.2014.6907632","https://www.scopus.com/inward/record.uri?eid=2-s2.0-84929223934&doi=10.1109%2fICRA.2014.6907632&partnerID=40&md5=a1c77a12077d79213d323b8c65183874","Conference paper","Final","","Scopus","2-s2.0-84929223934"
"Stückler J.; Droeschel D.; Gräve K.; Holz D.; Schreiber M.; Topalidou-Kyniazopoulou A.; Schwarz M.; Behnke S.","Stückler, Jörg (24470272200); Droeschel, David (35145549000); Gräve, Kathrin (36959563400); Holz, Dirk (35190509500); Schreiber, Michael (57197224657); Topalidou-Kyniazopoulou, Angeliki (55842195100); Schwarz, Max (55843457100); Behnke, Sven (13007277900)","24470272200; 35145549000; 36959563400; 35190509500; 57197224657; 55842195100; 55843457100; 13007277900","Increasing flexibility of mobile manipulation and intuitive human-robot interaction in RoboCup@Home","2014","Lecture Notes in Computer Science (including subseries Lecture Notes in Artificial Intelligence and Lecture Notes in Bioinformatics)","8371 LNAI","","","135","146","11","10","10.1007/978-3-662-44468-9_13","https://www.scopus.com/inward/record.uri?eid=2-s2.0-84905457358&doi=10.1007%2f978-3-662-44468-9_13&partnerID=40&md5=4a5a2b904877290e525eeb1be5e73be6","Conference paper","Final","","Scopus","2-s2.0-84905457358"
"Kupcsik A.G.; Deisenroth M.P.; Peters J.; Neumann G.","Kupcsik, -Andras Gabor (56024620600); Deisenroth, Marc Peter (24922891000); Peters, Jan (35248912800); Neumann, Gerhard (23392898000)","56024620600; 24922891000; 35248912800; 23392898000","Data-efficient generalization of robot skills with contextual policy search","2013","Proceedings of the 27th AAAI Conference on Artificial Intelligence, AAAI 2013","","","","1401","1407","6","79","","https://www.scopus.com/inward/record.uri?eid=2-s2.0-84893352715&partnerID=40&md5=e1d7b6c135d41913570df907fe53f486","Conference paper","Final","","Scopus","2-s2.0-84893352715"
"Rovida F.; Krüger V.","Rovida, Francesco (56732803900); Krüger, Volker (7003464904)","56732803900; 7003464904","Design and development of a software architecture for autonomous mobile manipulators in industrial environments","2015","Proceedings of the IEEE International Conference on Industrial Technology","2015-June","June","7125585","3288","3295","7","20","10.1109/ICIT.2015.7125585","https://www.scopus.com/inward/record.uri?eid=2-s2.0-84937710896&doi=10.1109%2fICIT.2015.7125585&partnerID=40&md5=942ffc3c9bdca5b69b022eb5cb8520a3","Conference paper","Final","","Scopus","2-s2.0-84937710896"
"Calinon S.; Bruno D.; Malekzadeh M.S.; Nanayakkara T.; Caldwell D.G.","Calinon, Sylvain (6507248533); Bruno, Danilo (56018693500); Malekzadeh, Milad S. (56019474800); Nanayakkara, Thrishantha (6508336274); Caldwell, Darwin G. (7202685497)","6507248533; 56018693500; 56019474800; 6508336274; 7202685497","Human-robot skills transfer interfaces for a flexible surgical robot","2014","Computer Methods and Programs in Biomedicine","116","2","","81","96","15","48","10.1016/j.cmpb.2013.12.015","https://www.scopus.com/inward/record.uri?eid=2-s2.0-84903192398&doi=10.1016%2fj.cmpb.2013.12.015&partnerID=40&md5=928d826f81dc853819cf4a14e1c201b9","Article","Final","","Scopus","2-s2.0-84903192398"
"","","","CEUR Workshop Proceedings","2015","CEUR Workshop Proceedings","1484","","","","","74","0","","https://www.scopus.com/inward/record.uri?eid=2-s2.0-84956511858&partnerID=40&md5=134d280de0d7ee5b13b6a0d7eb1a0b40","Conference review","Final","","Scopus","2-s2.0-84956511858"
"Saveriano M.; Lee D.","Saveriano, Matteo (55556026600); Lee, Dongheui (55661385300)","55556026600; 55661385300","Learning motion and impedance behaviors from human demonstrations","2014","2014 11th International Conference on Ubiquitous Robots and Ambient Intelligence, URAI 2014","","","7057371","368","373","5","11","10.1109/URAI.2014.7057371","https://www.scopus.com/inward/record.uri?eid=2-s2.0-84988254014&doi=10.1109%2fURAI.2014.7057371&partnerID=40&md5=21b60b6d3af1d12c87c7e27bdb61ef63","Conference paper","Final","","Scopus","2-s2.0-84988254014"
"Lee A.X.; Lu H.; Gupta A.; Levine S.; Abbeel P.","Lee, Alex X. (57190865877); Lu, Henry (56742495500); Gupta, Abhishek (57216316623); Levine, Sergey (35731728100); Abbeel, Pieter (8269962600)","57190865877; 56742495500; 57216316623; 35731728100; 8269962600","Learning force-based manipulation of deformable objects from multiple demonstrations","2015","Proceedings - IEEE International Conference on Robotics and Automation","2015-June","June","7138997","177","184","7","106","10.1109/ICRA.2015.7138997","https://www.scopus.com/inward/record.uri?eid=2-s2.0-84938252581&doi=10.1109%2fICRA.2015.7138997&partnerID=40&md5=68ae69dd9ba9172018c2d2238316eba1","Conference paper","Final","","Scopus","2-s2.0-84938252581"
"Hoppenbrouwers G.; Stewart H.; Kernot J.","Hoppenbrouwers, Grace (56433374300); Stewart, Hugh (7202198307); Kernot, Jocelyn (52063395100)","56433374300; 7202198307; 52063395100","Assistive technology assessment tools for assessing switch use of children: A systematic review and descriptive analysis","2014","Technology and Disability","26","2-3","","171","185","14","7","10.3233/TAD-140405","https://www.scopus.com/inward/record.uri?eid=2-s2.0-84913541390&doi=10.3233%2fTAD-140405&partnerID=40&md5=dbf612219a060f591501c8b418be2cc0","Review","Final","","Scopus","2-s2.0-84913541390"
"Moglia A.; Ferrari V.; Morelli L.; Melfi F.; Ferrari M.; Mosca F.; Cuschieri A.","Moglia, Andrea (34572177900); Ferrari, Vincenzo (57189717806); Morelli, Luca (15754056100); Melfi, Franca (6701793857); Ferrari, Mauro (57202224107); Mosca, Franco (7102054460); Cuschieri, Alfred (7202993447)","34572177900; 57189717806; 15754056100; 6701793857; 57202224107; 7102054460; 7202993447","Distribution of innate ability for surgery amongst medical students assessed by an advanced virtual reality surgical simulator","2014","Surgical Endoscopy","28","6","","1830","1837","7","42","10.1007/s00464-013-3393-6","https://www.scopus.com/inward/record.uri?eid=2-s2.0-84903625599&doi=10.1007%2fs00464-013-3393-6&partnerID=40&md5=f4f3fed5d31d3e6cc12ba488f79ee6f2","Article","Final","","Scopus","2-s2.0-84903625599"
"Herrero H.; Pacheco R.; Alberdi N.; Rumayor M.; Salle D.; Depina K.L.","Herrero, Hector (56733085300); Pacheco, Raquel (57188567934); Alberdi, Nerea (55345198500); Rumayor, Mikel (57188573647); Salle, Damien (6507442417); Depina, Karmele Lopez (59159162900)","56733085300; 57188567934; 55345198500; 57188573647; 6507442417; 59159162900","Skills for vision-based applications in robotics application to aeronautics assembly pilot station","2015","Proceedings - EUROCON 2015","","","7313718","","","","4","10.1109/EUROCON.2015.7313718","https://www.scopus.com/inward/record.uri?eid=2-s2.0-84961692479&doi=10.1109%2fEUROCON.2015.7313718&partnerID=40&md5=761e298d90c3632b10e592f6098bea2b","Conference paper","Final","","Scopus","2-s2.0-84961692479"
"Jones A.; Castellano G.; Bull S.","Jones, Aidan (7407101857); Castellano, Ginevra (23007528900); Bull, Susan (7102631687)","7407101857; 23007528900; 7102631687","Investigating the effect of a robotic tutor on learner perception of skill based feedback","2014","Lecture Notes in Computer Science (including subseries Lecture Notes in Artificial Intelligence and Lecture Notes in Bioinformatics)","8755","","","186","195","9","17","10.1007/978-3-319-11973-1_19","https://www.scopus.com/inward/record.uri?eid=2-s2.0-84910016462&doi=10.1007%2f978-3-319-11973-1_19&partnerID=40&md5=0d3a0291f64afab64842699373bff551","Conference paper","Final","","Scopus","2-s2.0-84910016462"
"Carrera A.; Palomeras N.; Hurtos N.; Kormushev P.; Carreras M.","Carrera, Arnau (55463554000); Palomeras, Narcis (55901120100); Hurtos, Natalia (36625604300); Kormushev, Petar (36802084500); Carreras, Marc (7005596822)","55463554000; 55901120100; 36625604300; 36802084500; 7005596822","Learning multiple strategies to perform a valve turning with underwater currents using an I-AUV","2015","MTS/IEEE OCEANS 2015 - Genova: Discovering Sustainable Ocean Energy for a New World","","","7271609","","","","19","10.1109/OCEANS-Genova.2015.7271609","https://www.scopus.com/inward/record.uri?eid=2-s2.0-84957689543&doi=10.1109%2fOCEANS-Genova.2015.7271609&partnerID=40&md5=3270893c391ec151d7abbffc7d1173bd","Conference paper","Final","All Open Access; Green Open Access","Scopus","2-s2.0-84957689543"
"","","","Social Robotics - 5th International Conference, ICSR 2013, Proceedings","2013","Lecture Notes in Computer Science (including subseries Lecture Notes in Artificial Intelligence and Lecture Notes in Bioinformatics)","8239 LNAI","","","","","592","0","","https://www.scopus.com/inward/record.uri?eid=2-s2.0-84892414584&partnerID=40&md5=a574a0d69aba4760f9e967ce27e8a640","Conference review","Final","","Scopus","2-s2.0-84892414584"
"Wächter M.; Schulz S.; Asfour T.; Aksoy E.; Wörgötter F.; Dillmann R.","Wächter, Mirko (55975520500); Schulz, Sebastian (36183979500); Asfour, Tamim (15724268700); Aksoy, Eren (35190172800); Wörgötter, Florentin (7003438923); Dillmann, Rüdiger (35599949300)","55975520500; 36183979500; 15724268700; 35190172800; 7003438923; 35599949300","Action sequence reproduction based on automatic segmentation and Object-Action Complexes","2015","IEEE-RAS International Conference on Humanoid Robots","2015-February","February","7029975","189","195","6","23","10.1109/HUMANOIDS.2013.7029975","https://www.scopus.com/inward/record.uri?eid=2-s2.0-84937921254&doi=10.1109%2fHUMANOIDS.2013.7029975&partnerID=40&md5=cff089eb563c299bd953cbded1809a39","Conference paper","Final","","Scopus","2-s2.0-84937921254"
"Ugur E.; Nagai Y.; Sahin E.; Oztop E.","Ugur, Emre (15021295100); Nagai, Yukie (7402580650); Sahin, Erol (57189656417); Oztop, Erhan (8744870300)","15021295100; 7402580650; 57189656417; 8744870300","Staged development of robot skills: Behavior formation, affordance learning and imitation with motionese","2015","IEEE Transactions on Autonomous Mental Development","7","2","7094253","119","139","20","63","10.1109/TAMD.2015.2426192","https://www.scopus.com/inward/record.uri?eid=2-s2.0-84933505617&doi=10.1109%2fTAMD.2015.2426192&partnerID=40&md5=94c7f80b46d7fb5d0889090432787d9f","Article","Final","All Open Access; Green Open Access","Scopus","2-s2.0-84933505617"
"Wang Y.; Han X.; Liu Z.; Luo D.; Wu X.","Wang, Yi (57192184073); Han, Xiaoqiang (56555579100); Liu, Zhan (55616409900); Luo, Dingsheng (7202658172); Wu, Xihong (7407061832)","57192184073; 56555579100; 55616409900; 7202658172; 7407061832","Modelling inter-task relations to transfer robot skills with three-way RBMs","2015","2015 IEEE International Conference on Mechatronics and Automation, ICMA 2015","","","7237669","1276","1282","6","3","10.1109/ICMA.2015.7237669","https://www.scopus.com/inward/record.uri?eid=2-s2.0-84955268590&doi=10.1109%2fICMA.2015.7237669&partnerID=40&md5=d918dc2ed3a70e3329255c995a7e5ef0","Conference paper","Final","","Scopus","2-s2.0-84955268590"
"Kurenkov A.; Akgun B.; Thomaz A.L.","Kurenkov, Andrey (58238392300); Akgun, Baris (57218644192); Thomaz, Andrea L. (13007283900)","58238392300; 57218644192; 13007283900","An evaluation of GUI and kinesthetic teaching methods for constrained-keyframe skills","2015","IEEE International Conference on Intelligent Robots and Systems","2015-December","","7353881","3608","3613","5","13","10.1109/IROS.2015.7353881","https://www.scopus.com/inward/record.uri?eid=2-s2.0-84958158730&doi=10.1109%2fIROS.2015.7353881&partnerID=40&md5=d284ce254bc8c1091c54339b969d06de","Conference paper","Final","All Open Access; Green Open Access","Scopus","2-s2.0-84958158730"
"Florek-Jasinska M.; Wimbock T.; Ott C.","Florek-Jasinska, Monika (56423695400); Wimbock, Thomas (23010910100); Ott, Christian (24504165800)","56423695400; 23010910100; 24504165800","Humanoid compliant whole arm dexterous manipulation: Control design and experiments","2014","IEEE International Conference on Intelligent Robots and Systems","","","6942771","1616","1621","5","9","10.1109/IROS.2014.6942771","https://www.scopus.com/inward/record.uri?eid=2-s2.0-84911468597&doi=10.1109%2fIROS.2014.6942771&partnerID=40&md5=e2ba18d590f8605ebd46973469c7d70f","Conference paper","Final","","Scopus","2-s2.0-84911468597"
"GarcÍa D.H.; Monje C.A.; Balaguer C.","GarcÍa, Daniel Hernández (56520258500); Monje, Concepción A. (8524755300); Balaguer, Carlos (6701864168)","56520258500; 8524755300; 6701864168","Framework for learning and adaptation of humanoid robot skills to task constraints","2014","Advances in Intelligent Systems and Computing","252","","","557","572","15","2","10.1007/978-3-319-03413-3_41","https://www.scopus.com/inward/record.uri?eid=2-s2.0-84924624583&doi=10.1007%2f978-3-319-03413-3_41&partnerID=40&md5=7adc41e7f8357282a3ab2a9bdee68d56","Conference paper","Final","","Scopus","2-s2.0-84924624583"
"Wang W.; Johnston B.; Williams M.-A.","Wang, Wei (57196098818); Johnston, Benjamin (56648269000); Williams, Mary-Anne (7410005152)","57196098818; 56648269000; 7410005152","Recognition and representation of robot skills in real time: A theoretical analysis","2013","Lecture Notes in Computer Science (including subseries Lecture Notes in Artificial Intelligence and Lecture Notes in Bioinformatics)","8239 LNAI","","","127","137","10","1","10.1007/978-3-319-02675-6_13","https://www.scopus.com/inward/record.uri?eid=2-s2.0-84892420284&doi=10.1007%2f978-3-319-02675-6_13&partnerID=40&md5=4153fd58b0cb9fab5beab9630cacf6b0","Conference paper","Final","","Scopus","2-s2.0-84892420284"
"Dogar M.; Knepper R.A.; Spielberg A.; Choi C.; Christensen H.I.; Rus D.","Dogar, Mehmet (22939838000); Knepper, Ross A. (16549885400); Spielberg, Andrew (56641563200); Choi, Changhyun (55585296000); Christensen, Henrik I. (55567693000); Rus, Daniela (57218886083)","22939838000; 16549885400; 56641563200; 55585296000; 55567693000; 57218886083","Towards coordinated precision assembly with robot teams","2016","Springer Tracts in Advanced Robotics","109","","","655","669","14","8","10.1007/978-3-319-23778-7_43","https://www.scopus.com/inward/record.uri?eid=2-s2.0-84948156354&doi=10.1007%2f978-3-319-23778-7_43&partnerID=40&md5=9f115c2607fa76320fd7f3926ef0d417","Book chapter","Final","","Scopus","2-s2.0-84948156354"
"Manschitz S.; Kober J.; Gienger M.; Peters J.","Manschitz, Simon (55936997600); Kober, Jens (22940629000); Gienger, Michael (6602364550); Peters, Jan (35248912800)","55936997600; 22940629000; 6602364550; 35248912800","Learning to sequence movement primitives from demonstrations","2014","IEEE International Conference on Intelligent Robots and Systems","","","6943187","4414","4421","7","44","10.1109/IROS.2014.6943187","https://www.scopus.com/inward/record.uri?eid=2-s2.0-84911469219&doi=10.1109%2fIROS.2014.6943187&partnerID=40&md5=dfe2dbabdece74db8f004ab50cbe6658","Conference paper","Final","All Open Access; Green Open Access","Scopus","2-s2.0-84911469219"
"Ramirez-Amaro K.; Inamura T.; Dean-León E.; Beetz M.; Cheng G.","Ramirez-Amaro, Karinne (24366936500); Inamura, Tetsunari (7102940240); Dean-León, Emmanuel (9736968400); Beetz, Michael (36818071500); Cheng, Gordon (10243873000)","24366936500; 7102940240; 9736968400; 36818071500; 10243873000","Bootstrapping humanoid robot skills by extracting semantic representations of human-like activities from virtual reality","2015","IEEE-RAS International Conference on Humanoid Robots","2015-February","","7041398","438","443","5","12","10.1109/HUMANOIDS.2014.7041398","https://www.scopus.com/inward/record.uri?eid=2-s2.0-84945174939&doi=10.1109%2fHUMANOIDS.2014.7041398&partnerID=40&md5=5c8ee872ecaf6fe640eb4e06e25e3c02","Conference paper","Final","","Scopus","2-s2.0-84945174939"
"Stückler J.; Behnke S.","Stückler, Jörg (24470272200); Behnke, Sven (13007277900)","24470272200; 13007277900","Adaptive tool-use strategies for anthropomorphic service robots","2015","IEEE-RAS International Conference on Humanoid Robots","2015-February","","7041448","755","760","5","12","10.1109/HUMANOIDS.2014.7041448","https://www.scopus.com/inward/record.uri?eid=2-s2.0-84945175908&doi=10.1109%2fHUMANOIDS.2014.7041448&partnerID=40&md5=ee2a699ce396ab11ec3f2f005ef1afe5","Conference paper","Final","","Scopus","2-s2.0-84945175908"
"Beck A.B.; Schwartz A.D.; Fugl A.R.; Naumann M.; Kahl B.","Beck, A.B. (48361159700); Schwartz, A.D. (57646821500); Fugl, A.R. (54883539600); Naumann, M. (24504252200); Kahl, B. (7003657259)","48361159700; 57646821500; 54883539600; 24504252200; 7003657259","Skill-based exception handling and error recovery for collaborative industrial robots","2015","CEUR Workshop Proceedings","1484","","","5","10","5","7","","https://www.scopus.com/inward/record.uri?eid=2-s2.0-84961375655&partnerID=40&md5=382b4ef6d9e0c9da627daffaeccef422","Conference paper","Final","","Scopus","2-s2.0-84961375655"
"Pratama F.; Jeong S.; Chong N.Y.","Pratama, Ferdian (55617568100); Jeong, Sungmoon (23100090400); Chong, Nak Young (7007012034)","55617568100; 23100090400; 7007012034","Learning manipulative skills using a POMDP framework","2014","2014 11th International Conference on Ubiquitous Robots and Ambient Intelligence, URAI 2014","","","7057524","169","175","6","1","10.1109/URAI.2014.7057524","https://www.scopus.com/inward/record.uri?eid=2-s2.0-84949924693&doi=10.1109%2fURAI.2014.7057524&partnerID=40&md5=5695830602e58745854b96514942a3b5","Conference paper","Final","","Scopus","2-s2.0-84949924693"
"Gu Y.; Sheng W.; Liu M.; Ou Y.","Gu, Ye (46461576700); Sheng, Weihua (7103379368); Liu, Meiqin (26643265600); Ou, Yongsheng (55618994600)","46461576700; 7103379368; 26643265600; 55618994600","Fine manipulative action recognition through sensor fusion","2015","IEEE International Conference on Intelligent Robots and Systems","2015-December","","7353476","886","891","5","6","10.1109/IROS.2015.7353476","https://www.scopus.com/inward/record.uri?eid=2-s2.0-84958165897&doi=10.1109%2fIROS.2015.7353476&partnerID=40&md5=6063e2c5965f88297b987f4eb1424ea8","Conference paper","Final","","Scopus","2-s2.0-84958165897"
"Peters J.; Mülling K.; Kober J.","Peters, Jan (35248912800); Mülling, Katharina (36959948000); Kober, Jens (22940629000)","35248912800; 36959948000; 22940629000","Experiments with motor primitives in table tennis","2014","Springer Tracts in Advanced Robotics","79","","","347","359","12","4","10.1007/978-3-642-28572-1_24","https://www.scopus.com/inward/record.uri?eid=2-s2.0-84928267308&doi=10.1007%2f978-3-642-28572-1_24&partnerID=40&md5=edbffc82488209b56688aee46ba4894d","Conference paper","Final","","Scopus","2-s2.0-84928267308"
"Kroemer O.; Daniel C.; Neumann G.; Van Hoof H.; Peters J.","Kroemer, Oliver (35194171900); Daniel, Christian (55556874400); Neumann, Gerhard (23392898000); Van Hoof, Herke (55556536600); Peters, Jan (35248912800)","35194171900; 55556874400; 23392898000; 55556536600; 35248912800","Towards learning hierarchical skills for multi-phase manipulation tasks","2015","Proceedings - IEEE International Conference on Robotics and Automation","2015-June","June","7139389","1503","1510","7","92","10.1109/ICRA.2015.7139389","https://www.scopus.com/inward/record.uri?eid=2-s2.0-84938227861&doi=10.1109%2fICRA.2015.7139389&partnerID=40&md5=303a2df1e36d98b9a558c14712248b25","Conference paper","Final","All Open Access; Green Open Access","Scopus","2-s2.0-84938227861"
"Foit K.; Gwiazda A.; Banas W.; Sekala A.; Hryniewicz P.","Foit, K. (55975928700); Gwiazda, A. (6507347230); Banas, W. (6506442646); Sekala, A. (8347088500); Hryniewicz, P. (57190882509)","55975928700; 6507347230; 6506442646; 8347088500; 57190882509","Modelling of cooperating robotized systems with the use of object-based approach","2015","IOP Conference Series: Materials Science and Engineering","95","1","012107","","","","0","10.1088/1757-899X/95/1/012107","https://www.scopus.com/inward/record.uri?eid=2-s2.0-84960434611&doi=10.1088%2f1757-899X%2f95%2f1%2f012107&partnerID=40&md5=25357fe74b1bfa3f35067c2219b717a8","Conference paper","Final","All Open Access; Gold Open Access","Scopus","2-s2.0-84960434611"
"García D.H.; Monje C.A.; Balaguer C.","García, Daniel Hernández (56520258500); Monje, Concepción A. (8524755300); Balaguer, Carlos (6701864168)","56520258500; 8524755300; 6701864168","Generation of new robot skills from learned skills","2014","IFAC Proceedings Volumes (IFAC-PapersOnline)","19","","","3030","3035","5","0","10.3182/20140824-6-za-1003.02232","https://www.scopus.com/inward/record.uri?eid=2-s2.0-84929783047&doi=10.3182%2f20140824-6-za-1003.02232&partnerID=40&md5=c129c63457b2bc999617d4089be48577","Conference paper","Final","All Open Access; Bronze Open Access","Scopus","2-s2.0-84929783047"
"Leibrandt K.; Lorenz T.; Nierhoff T.; Hirche S.","Leibrandt, Konrad (56001386300); Lorenz, Tamara (36662312500); Nierhoff, Thomas (55309217200); Hirche, Sandra (15725278100)","56001386300; 36662312500; 55309217200; 15725278100","Modelling human gameplay at pool and countering it with an anthropomorphic robot","2013","Lecture Notes in Computer Science (including subseries Lecture Notes in Artificial Intelligence and Lecture Notes in Bioinformatics)","8239 LNAI","","","30","39","9","2","10.1007/978-3-319-02675-6_4","https://www.scopus.com/inward/record.uri?eid=2-s2.0-84892398655&doi=10.1007%2f978-3-319-02675-6_4&partnerID=40&md5=6a4e7fc5952845fdb9f561a7e99d22e9","Conference paper","Final","","Scopus","2-s2.0-84892398655"
"Grossard M.","Grossard, M. (24490939600)","24490939600","Robust decentralized control of a fully actuated robot hand","2015","IFAC-PapersOnLine","28","3","","2176","2182","6","3","10.1016/j.ifacol.2015.06.411","https://www.scopus.com/inward/record.uri?eid=2-s2.0-84992530143&doi=10.1016%2fj.ifacol.2015.06.411&partnerID=40&md5=a6bf96ddbb9c4d7684a58f768c8fd28e","Conference paper","Final","All Open Access; Gold Open Access","Scopus","2-s2.0-84992530143"
"Klingbeil E.; Menon S.; Go K.; Khatib O.","Klingbeil, Ellen (36463737400); Menon, Samir (55904567400); Go, Keegan (56136016500); Khatib, Oussama (7006484906)","36463737400; 55904567400; 56136016500; 7006484906","Using haptics to probe human contact control strategies for six degree-of-freedom tasks","2014","IEEE Haptics Symposium, HAPTICS","","","6775438","93","95","2","6","10.1109/HAPTICS.2014.6775438","https://www.scopus.com/inward/record.uri?eid=2-s2.0-84899529571&doi=10.1109%2fHAPTICS.2014.6775438&partnerID=40&md5=e51c7d2c3b8b1fdd71fc0f663353b141","Conference paper","Final","","Scopus","2-s2.0-84899529571"
"Mori Y.; Ikeura R.; Zhang D.","Mori, Yuki (42962206300); Ikeura, Ryojun (6701347027); Zhang, Dapeng (36810828100)","42962206300; 6701347027; 36810828100","Motion reproduction by human demonstration based on discrete hidden markov model for nursing-care assistant robot","2014","Conference Proceedings - IEEE International Conference on Systems, Man and Cybernetics","2014-January","January","6974016","842","846","4","2","10.1109/SMC.2014.6974016","https://www.scopus.com/inward/record.uri?eid=2-s2.0-84938093908&doi=10.1109%2fSMC.2014.6974016&partnerID=40&md5=5071e6bc905225bb4bb7fdd510a8ce31","Conference paper","Final","","Scopus","2-s2.0-84938093908"
"Wan W.; Cheung E.C.H.; Pan J.; Harada K.","Wan, Weiwei (56238867200); Cheung, Earnest C. H. (56650674900); Pan, Jia (35786627600); Harada, Kensuke (35446109900)","56238867200; 56650674900; 35786627600; 35446109900","Optimizing the parameters of tilting surfaces in robotic workcells","2015","IEEE International Conference on Automation Science and Engineering","2015-October","","7294143","593","599","6","6","10.1109/CoASE.2015.7294143","https://www.scopus.com/inward/record.uri?eid=2-s2.0-84952779027&doi=10.1109%2fCoASE.2015.7294143&partnerID=40&md5=61a18dd12312146635e665c1c0586af6","Conference paper","Final","","Scopus","2-s2.0-84952779027"
"Liang P.; Yang C.; Li Z.; Li R.","Liang, Peidong (56341925400); Yang, Chenguang (55671767000); Li, Zhijun (56266709300); Li, Ruifeng (57219000160)","56341925400; 55671767000; 56266709300; 57219000160","Writing skills transfer from human to robot using stiffness extracted from sEMG","2015","2015 IEEE International Conference on Cyber Technology in Automation, Control and Intelligent Systems, IEEE-CYBER 2015","","","7287903","19","24","5","25","10.1109/CYBER.2015.7287903","https://www.scopus.com/inward/record.uri?eid=2-s2.0-84983097933&doi=10.1109%2fCYBER.2015.7287903&partnerID=40&md5=6acf356926cdf1a72b024bf21c3cd684","Conference paper","Final","","Scopus","2-s2.0-84983097933"
"Garciá D.H.; Monje C.A.; Balaguer C.","Garciá, Daniel H. (56520258500); Monje, Concepción A. (8524755300); Balaguer, Carlos (6701864168)","56520258500; 8524755300; 6701864168","Adaptation of Robot Skills Models to New Task Contraints","2015","International Journal of Humanoid Robotics","12","3","1550024","","","","2","10.1142/S0219843615500243","https://www.scopus.com/inward/record.uri?eid=2-s2.0-84941876587&doi=10.1142%2fS0219843615500243&partnerID=40&md5=35e77773cca9651318c2d403f24f2091","Article","Final","","Scopus","2-s2.0-84941876587"
"Liang X.; Kato H.; Hashimoto N.; Okawa K.","Liang, Xin (55253067100); Kato, Hideo (56063678100); Hashimoto, Nobuyoshi (24343280500); Okawa, Kazuya (23392918900)","55253067100; 56063678100; 24343280500; 23392918900","Simple virtual reality skill training system for manual arc welding","2014","Journal of Robotics and Mechatronics","26","1","","78","84","6","9","10.20965/jrm.2014.p0078","https://www.scopus.com/inward/record.uri?eid=2-s2.0-84894052817&doi=10.20965%2fjrm.2014.p0078&partnerID=40&md5=96dfdd46e63c63e8636e02e8dfc79a81","Article","Final","All Open Access; Gold Open Access","Scopus","2-s2.0-84894052817"
"Kornuta T.; Winiarski T.; Zieliński C.","Kornuta, Tomasz (19337532100); Winiarski, Tomasz (15520277600); Zieliński, Cezary (7102986341)","19337532100; 15520277600; 7102986341","Specification of abstract robot skills in terms of control system behaviours","2015","Advances in Intelligent Systems and Computing","351","","","139","152","13","3","10.1007/978-3-319-15847-1_14","https://www.scopus.com/inward/record.uri?eid=2-s2.0-84924709974&doi=10.1007%2f978-3-319-15847-1_14&partnerID=40&md5=8b9fcce2baad9585799da785e2c27ae6","Article","Final","","Scopus","2-s2.0-84924709974"
"Ugur E.; Nagai Y.; Celikkanat H.; Oztop E.","Ugur, Emre (15021295100); Nagai, Yukie (7402580650); Celikkanat, Hande (24723690300); Oztop, Erhan (8744870300)","15021295100; 7402580650; 24723690300; 8744870300","Parental scaffolding as a bootstrapping mechanism for learning grasp affordances and imitation skills","2015","Robotica","33","5","","1163","1180","17","22","10.1017/S0263574714002148","https://www.scopus.com/inward/record.uri?eid=2-s2.0-84929283648&doi=10.1017%2fS0263574714002148&partnerID=40&md5=54f242933f613cefbe901a3d9838a600","Conference paper","Final","","Scopus","2-s2.0-84929283648"
"Manschitz S.; Kober J.; Gienger M.; Peters J.","Manschitz, Simon (55936997600); Kober, Jens (22940629000); Gienger, Michael (6602364550); Peters, Jan (35248912800)","55936997600; 22940629000; 6602364550; 35248912800","Learning movement primitive attractor goals and sequential skills from kinesthetic demonstrations","2015","Robotics and Autonomous Systems","74","","","97","107","10","43","10.1016/j.robot.2015.07.005","https://www.scopus.com/inward/record.uri?eid=2-s2.0-84955645081&doi=10.1016%2fj.robot.2015.07.005&partnerID=40&md5=95ee54f970554ae4513a1cb3c5635abf","Article","Final","","Scopus","2-s2.0-84955645081"
"Lee D.","Lee, Dongheui (55661385300)","55661385300","Incremental robot skill learning by human motion retargetting and physical human guidance","2015","2015 12th International Conference on Ubiquitous Robots and Ambient Intelligence, URAI 2015","","","7358837","585","586","1","5","10.1109/URAI.2015.7358837","https://www.scopus.com/inward/record.uri?eid=2-s2.0-84962759022&doi=10.1109%2fURAI.2015.7358837&partnerID=40&md5=2cc7b1e2c4c1d93a23558e3c427ce51f","Conference paper","Final","All Open Access; Green Open Access","Scopus","2-s2.0-84962759022"
"Silvério J.; Rozo L.; Calinon S.; Caldwell D.G.","Silvério, João (57117682900); Rozo, Leonel (36603179000); Calinon, Sylvain (6507248533); Caldwell, Darwin G. (7202685497)","57117682900; 36603179000; 6507248533; 7202685497","Learning bimanual end-effector poses from demonstrations using task-parameterized dynamical systems","2015","IEEE International Conference on Intelligent Robots and Systems","2015-December","","7353413","464","470","6","63","10.1109/IROS.2015.7353413","https://www.scopus.com/inward/record.uri?eid=2-s2.0-84958164908&doi=10.1109%2fIROS.2015.7353413&partnerID=40&md5=03327ad6af29d399c62b4ca78c368b42","Conference paper","Final","","Scopus","2-s2.0-84958164908"
"Kober J.; Gienger M.; Steil J.J.","Kober, Jens (22940629000); Gienger, Michael (6602364550); Steil, Jochen J. (6701553064)","22940629000; 6602364550; 6701553064","Learning movement primitives for force interaction tasks","2015","Proceedings - IEEE International Conference on Robotics and Automation","2015-June","June","7139639","3192","3199","7","39","10.1109/ICRA.2015.7139639","https://www.scopus.com/inward/record.uri?eid=2-s2.0-84938243026&doi=10.1109%2fICRA.2015.7139639&partnerID=40&md5=9c36700c2b024620eca07480b55532ea","Conference paper","Final","","Scopus","2-s2.0-84938243026"
"Palm R.; Iliev B.","Palm, Rainer (14623351700); Iliev, Boyko (12787240900)","14623351700; 12787240900","Programming-by-demonstration and adaptation of robot skills by fuzzy time modeling","2014","International Journal of Humanoid Robotics","11","1","1450009","","","","2","10.1142/S0219843614500091","https://www.scopus.com/inward/record.uri?eid=2-s2.0-84898453229&doi=10.1142%2fS0219843614500091&partnerID=40&md5=4502cc5a3c549d0a750959e845f4a3d3","Article","Final","","Scopus","2-s2.0-84898453229"
"Dvorak F.; Bartak R.; Bit-Monnot A.; Ingrand F.; Ghallab M.","Dvorak, Filip (57194225810); Bartak, Roman (6701669812); Bit-Monnot, Arthur (56035400000); Ingrand, Felix (6602708486); Ghallab, Malik (6701456954)","57194225810; 6701669812; 56035400000; 6602708486; 6701456954","Planning and Acting with Temporal and Hierarchical Decomposition Models","2014","Proceedings - International Conference on Tools with Artificial Intelligence, ICTAI","2014-December","","6984463","115","121","6","32","10.1109/ICTAI.2014.27","https://www.scopus.com/inward/record.uri?eid=2-s2.0-84946554553&doi=10.1109%2fICTAI.2014.27&partnerID=40&md5=3418517ce68b6060a30dbcf36a9a44da","Conference paper","Final","","Scopus","2-s2.0-84946554553"
"Volnova A.; Kurzina N.; Aristova I.","Volnova, Anna (6602746803); Kurzina, Natalia (6603091265); Aristova, Irina (55498678200)","6602746803; 6603091265; 55498678200","Manipulatory training during early postnatal ontogenesis effects on forelimb preference in food-reaching tasks in albino rats","2013","Laterality","18","6","","641","651","10","1","10.1080/1357650X.2012.737801","https://www.scopus.com/inward/record.uri?eid=2-s2.0-84886380373&doi=10.1080%2f1357650X.2012.737801&partnerID=40&md5=c5ba5f72612953dfa5fab4eb761ef558","Article","Final","","Scopus","2-s2.0-84886380373"
"Grossard M.; Martin J.; Pacheco G.F.D.C.","Grossard, Mathieu (24490939600); Martin, Javier (56131283500); Pacheco, Gabriel Felippe Da Cruz (57195451928)","24490939600; 56131283500; 57195451928","Control-Oriented Design and Robust Decentralized Control of the CEA Dexterous Robot Hand","2015","IEEE/ASME Transactions on Mechatronics","20","4","6909048","1809","1821","12","26","10.1109/TMECH.2014.2355040","https://www.scopus.com/inward/record.uri?eid=2-s2.0-85027925268&doi=10.1109%2fTMECH.2014.2355040&partnerID=40&md5=bbe334fff791e6e0c939ea9b91f87850","Article","Final","","Scopus","2-s2.0-85027925268"
"Abu-Dakka F.J.; Nemec B.; Jørgensen J.A.; Savarimuthu T.R.; Krüger N.; Ude A.","Abu-Dakka, Fares J. (54882427200); Nemec, Bojan (7004338161); Jørgensen, Jimmy A. (39863032400); Savarimuthu, Thiusius R. (35788432200); Krüger, Norbert (7004442773); Ude, Aleš (6701345288)","54882427200; 7004338161; 39863032400; 35788432200; 7004442773; 6701345288","Adaptation of manipulation skills in physical contact with the environment to reference force profiles","2015","Autonomous Robots","39","2","","199","217","18","125","10.1007/s10514-015-9435-2","https://www.scopus.com/inward/record.uri?eid=2-s2.0-84937523610&doi=10.1007%2fs10514-015-9435-2&partnerID=40&md5=3265c5d5ebd8ce6c46905da942ad4759","Article","Final","","Scopus","2-s2.0-84937523610"
"Herrero H.; Outon J.L.; Esnaola U.; Salle D.; Lopez De Ipina K.","Herrero, Hector (56733085300); Outon, Jose Luis (56732941900); Esnaola, Urko (9738517900); Salle, Damien (6507442417); Lopez De Ipina, Karmele (56263484400)","56733085300; 56732941900; 9738517900; 6507442417; 56263484400","Development and evaluation of a Skill Based Architecture for applied industrial robotics","2015","IWOBI 2015 - 2015 International Work Conference on Bio-Inspired Intelligence: Intelligent Systems for Biodiversity Conservation, Proceedings","","","7160165","191","196","5","7","10.1109/IWOBI.2015.7160165","https://www.scopus.com/inward/record.uri?eid=2-s2.0-84943156842&doi=10.1109%2fIWOBI.2015.7160165&partnerID=40&md5=f2f5610b62c3e7bd7ee68f14c560089f","Conference paper","Final","","Scopus","2-s2.0-84943156842"
"Chu V.; Thomaz A.L.","Chu, Vivian (56423308800); Thomaz, Andrea L. (13007283900)","56423308800; 13007283900","Exploring affordances using human-Guidance and self-exploration","2015","AAAI Fall Symposium - Technical Report","FS-15-01","","","40","43","3","1","","https://www.scopus.com/inward/record.uri?eid=2-s2.0-84964584614&partnerID=40&md5=dc9ac316f652f003ef041b2b45463569","Conference paper","Final","","Scopus","2-s2.0-84964584614"
"Cakmak M.; Takayama L.","Cakmak, Maya (22940323800); Takayama, Leila (6507505628)","22940323800; 6507505628","Teaching people how to teach robots: The effect of instructional materials and dialog design","2014","ACM/IEEE International Conference on Human-Robot Interaction","","","","431","438","7","34","10.1145/2559636.2559675","https://www.scopus.com/inward/record.uri?eid=2-s2.0-84896929372&doi=10.1145%2f2559636.2559675&partnerID=40&md5=e55d422b757b341e82a4baa972706cb1","Conference paper","Final","","Scopus","2-s2.0-84896929372"
"Luo D.; Han X.; Wang Y.; Wu X.","Luo, Dingsheng (7202658172); Han, Xiaoqiang (56555579100); Wang, Yi (57192184073); Wu, Xihong (7407061832)","7202658172; 56555579100; 57192184073; 7407061832","Modelling and generalizing achieved robot skills with temporal Restricted Boltzmann Machines","2015","IEEE-RAS International Conference on Humanoid Robots","2015-February","","7041460","835","840","5","1","10.1109/HUMANOIDS.2014.7041460","https://www.scopus.com/inward/record.uri?eid=2-s2.0-84945200431&doi=10.1109%2fHUMANOIDS.2014.7041460&partnerID=40&md5=ae2be3fb759ba91ac4c3863024a1440a","Conference paper","Final","","Scopus","2-s2.0-84945200431"
"Zamani M.A.; Oztop E.","Zamani, Mohammad Ali (26768390900); Oztop, Erhan (8744870300)","26768390900; 8744870300","Simultaneous human-robot adaptation for effective skill transfer","2015","Proceedings of the 17th International Conference on Advanced Robotics, ICAR 2015","","","7251437","78","84","6","5","10.1109/ICAR.2015.7251437","https://www.scopus.com/inward/record.uri?eid=2-s2.0-84957656041&doi=10.1109%2fICAR.2015.7251437&partnerID=40&md5=dcc55f3541a3561e27e8dc80d4475b8e","Conference paper","Final","","Scopus","2-s2.0-84957656041"
"Stenmark M.; Malec J.","Stenmark, Maj (56021600600); Malec, Jacek (12445541400)","56021600600; 12445541400","Connecting natural language to task demonstrations and low-level control of industrial robots","2015","CEUR Workshop Proceedings","1540","","","25","29","4","1","","https://www.scopus.com/inward/record.uri?eid=2-s2.0-84964053756&partnerID=40&md5=4e46d6c6fda62d89ed1646762d10ef46","Conference paper","Final","","Scopus","2-s2.0-84964053756"
"Stückler J.; Behnke S.","Stückler, Jörg (24470272200); Behnke, Sven (13007277900)","24470272200; 13007277900","Perception of deformable objects and compliant manipulation for service robots","2015","Soft Robotics: Transferring Theory to Application","","","","7","","","0","10.1007/978-3-662-44506-8_7","https://www.scopus.com/inward/record.uri?eid=2-s2.0-84956765330&doi=10.1007%2f978-3-662-44506-8_7&partnerID=40&md5=a8d217e6dffedbb55dbc5e70f2e93137","Book chapter","Final","","Scopus","2-s2.0-84956765330"
"","","","1st International Workshop on Medical and Service Robots, MeSRoB 2012","2014","Mechanisms and Machine Science","20","","","1","384","383","0","","https://www.scopus.com/inward/record.uri?eid=2-s2.0-84929244857&partnerID=40&md5=64721115f10b5bfef98a73de89d73f9c","Conference review","Final","","Scopus","2-s2.0-84929244857"
"Kramberger A.","Kramberger, Aljaz (56449295900)","56449295900","A comparison of learning-by-demonstration methods for force-based robot skills","2015","23rd International Conference on Robotics in Alpe-Adria-Danube Region, IEEE RAAD 2014 - Conference Proceedings","","","7002256","","","","7","10.1109/RAAD.2014.7002256","https://www.scopus.com/inward/record.uri?eid=2-s2.0-84921777396&doi=10.1109%2fRAAD.2014.7002256&partnerID=40&md5=92e97900b4269c1c4ac76759eda386ab","Conference paper","Final","","Scopus","2-s2.0-84921777396"
"Abu-Dakk F.J.; Valera A.; Escalera J.A.; Vallés M.; Mata V.; Abderrahim M.","Abu-Dakk, Fares J. (54882427200); Valera, A. (7004609135); Escalera, J.A. (23389046600); Vallés, M. (7007099897); Mata, V. (6701432459); Abderrahim, M. (6507297082)","54882427200; 7004609135; 23389046600; 7007099897; 6701432459; 6507297082","Trajectory adaptation and learning for ankle rehabilitation using a 3-PRS parallel robot","2015","Lecture Notes in Computer Science (including subseries Lecture Notes in Artificial Intelligence and Lecture Notes in Bioinformatics)","9245","","","483","494","11","12","10.1007/978-3-319-22876-1_41","https://www.scopus.com/inward/record.uri?eid=2-s2.0-84951752137&doi=10.1007%2f978-3-319-22876-1_41&partnerID=40&md5=e6e0d0d8900d8d4652b615bee89781ca","Conference paper","Final","","Scopus","2-s2.0-84951752137"
"Pedersen M.R.; Herzog D.L.; Krüger V.","Pedersen, Mikkel Rath (57213867649); Herzog, Dennis Levin (26427682400); Krüger, Volker (7003464904)","57213867649; 26427682400; 7003464904","Intuitive skill-level programming of industrial handling tasks on a mobile manipulator","2014","IEEE International Conference on Intelligent Robots and Systems","","","6943203","4523","4530","7","23","10.1109/IROS.2014.6943203","https://www.scopus.com/inward/record.uri?eid=2-s2.0-84911488814&doi=10.1109%2fIROS.2014.6943203&partnerID=40&md5=8e9a67130d8bff19c04de60e6acf4b02","Conference paper","Final","","Scopus","2-s2.0-84911488814"
"Levine S.; Wagener N.; Abbeel P.","Levine, Sergey (35731728100); Wagener, Nolan (56743102200); Abbeel, Pieter (8269962600)","35731728100; 56743102200; 8269962600","Learning contact-rich manipulation skills with guided policy search","2015","Proceedings - IEEE International Conference on Robotics and Automation","2015-June","June","7138994","156","163","7","214","10.1109/ICRA.2015.7138994","https://www.scopus.com/inward/record.uri?eid=2-s2.0-84938277141&doi=10.1109%2fICRA.2015.7138994&partnerID=40&md5=5fcfc491bc7acf3b49872c611191b6a5","Conference paper","Final","All Open Access; Green Open Access","Scopus","2-s2.0-84938277141"
"Stückler J.; Behnke S.","Stückler, Jörg (24470272200); Behnke, Sven (13007277900)","24470272200; 13007277900","Perception of deformable objects and compliant manipulation for service robots","2015","Soft Robotics: Transferring Theory to Application","","","","69","80","11","4","10.1007/978-3-662-44506-8_27","https://www.scopus.com/inward/record.uri?eid=2-s2.0-84956760565&doi=10.1007%2f978-3-662-44506-8_27&partnerID=40&md5=65fff2530111d5ab778a123584d78ee4","Book chapter","Final","","Scopus","2-s2.0-84956760565"
"","","","1st Iberian Robotics Conference, ROBOT 2013","2014","Advances in Intelligent Systems and Computing","252","","","1","736","735","0","","https://www.scopus.com/inward/record.uri?eid=2-s2.0-84924560304&partnerID=40&md5=b1a35f03a89d9c64c3b18302122d0cd6","Conference review","Final","","Scopus","2-s2.0-84924560304"
"André J.; Costa L.; Santos C.","André, João (55927531500); Costa, Lino (55605779150); Santos, Cristina (24403024500)","55927531500; 55605779150; 24403024500","Sensor-based failure prediction in biped locomotion","2014","2014 IEEE International Conference on Autonomous Robot Systems and Competitions, ICARSC 2014","","","6849781","170","174","4","0","10.1109/ICARSC.2014.6849781","https://www.scopus.com/inward/record.uri?eid=2-s2.0-84904975484&doi=10.1109%2fICARSC.2014.6849781&partnerID=40&md5=1874cc114f15d5f80e4d86999c626058","Conference paper","Final","","Scopus","2-s2.0-84904975484"
"García D.H.; Monje C.A.; Balaguer C.","García, Daniel Hernández (56520258500); Monje, Concepción A. (8524755300); Balaguer, Carlos (6701864168)","56520258500; 8524755300; 6701864168","Generation and adaptation of robot skills models","2015","IEEE-RAS International Conference on Humanoid Robots","2015-February","","7041356","173","178","5","3","10.1109/HUMANOIDS.2014.7041356","https://www.scopus.com/inward/record.uri?eid=2-s2.0-84945185637&doi=10.1109%2fHUMANOIDS.2014.7041356&partnerID=40&md5=3acd4de2ad8f51bf6b61a10d26702043","Conference paper","Final","","Scopus","2-s2.0-84945185637"
"Stenmark M.; Malec J.","Stenmark, Maj (56021600600); Malec, Jacek (12445541400)","56021600600; 12445541400","Knowledge-based instruction of manipulation tasks for industrial robotics","2015","Robotics and Computer-Integrated Manufacturing","33","","","56","67","11","90","10.1016/j.rcim.2014.07.004","https://www.scopus.com/inward/record.uri?eid=2-s2.0-85027922369&doi=10.1016%2fj.rcim.2014.07.004&partnerID=40&md5=576517225c1c46d05f014b611f7f6877","Article","Final","","Scopus","2-s2.0-85027922369"
"Andersen R.S.; Bøgh S.; Moeslund T.B.; Madsen O.","Andersen, Rasmus S. (58527211400); Bøgh, Simon (35760920300); Moeslund, Thomas B. (6507267791); Madsen, Ole (26421715700)","58527211400; 35760920300; 6507267791; 26421715700","Intuitive task programming of stud welding robots for ship construction","2015","Proceedings of the IEEE International Conference on Industrial Technology","2015-June","June","7125587","3302","3307","5","25","10.1109/ICIT.2015.7125587","https://www.scopus.com/inward/record.uri?eid=2-s2.0-84937705110&doi=10.1109%2fICIT.2015.7125587&partnerID=40&md5=a5053c359b80ea72317d9f4c80e464c9","Conference paper","Final","","Scopus","2-s2.0-84937705110"
"Kalisch M.; Panfil W.","Kalisch, Mateusz (56429311400); Panfil, Wawrzyniec (35273363800)","56429311400; 35273363800","Autonomous control of the Small Size League robots group","2015","2015 10th International Workshop on Robot Motion and Control, RoMoCo 2015","","","7219706","7","14","7","0","10.1109/RoMoCo.2015.7219706","https://www.scopus.com/inward/record.uri?eid=2-s2.0-84994085027&doi=10.1109%2fRoMoCo.2015.7219706&partnerID=40&md5=85ff57c83a9d5a166e97f2ad95e5b649","Conference paper","Final","","Scopus","2-s2.0-84994085027"
"Aversi-Ferreira R.A.G.M.F.; Maior R.S.; Aziz A.; Ziermann J.M.; Nishijo H.; Tomaz C.; Tavares M.C.H.; Aversi-Ferreira T.A.","Aversi-Ferreira, Roqueline A. G. M. F. (37086998900); Maior, Rafael Souto (8371385000); Aziz, Ashraf (56082178000); Ziermann, Janine M. (14038294700); Nishijo, Hisao (7005780854); Tomaz, Carlos (7004546302); Tavares, Maria Clotilde H. (13407536900); Aversi-Ferreira, Tales Alexandre (12804802500)","37086998900; 8371385000; 56082178000; 14038294700; 7005780854; 7004546302; 13407536900; 12804802500","Anatomical analysis of thumb opponency movement in the capuchin monkey (Sapajus sp)","2014","PLoS ONE","9","2","e87288","","","","17","10.1371/journal.pone.0087288","https://www.scopus.com/inward/record.uri?eid=2-s2.0-84896847521&doi=10.1371%2fjournal.pone.0087288&partnerID=40&md5=3ab1d552fc630820fea9e89bf4713915","Article","Final","All Open Access; Gold Open Access; Green Open Access","Scopus","2-s2.0-84896847521"
"Pedersen M.R.; Krüger V.","Pedersen, Mikkel Rath (57213867649); Krüger, Volker (7003464904)","57213867649; 7003464904","Gesture-Based Extraction of Robot Skill Parameters for Intuitive Robot Programming","2015","Journal of Intelligent and Robotic Systems: Theory and Applications","80","","","149","163","14","19","10.1007/s10846-015-0219-x","https://www.scopus.com/inward/record.uri?eid=2-s2.0-84953348846&doi=10.1007%2fs10846-015-0219-x&partnerID=40&md5=fdb80ff2396f2b556105be325c0da57f","Article","Final","","Scopus","2-s2.0-84953348846"
"Stückler J.; Behnke S.","Stückler, Jörg (24470272200); Behnke, Sven (13007277900)","24470272200; 13007277900","Efficient deformable registration of multi-resolution surfel maps for object manipulation skill transfer","2014","Proceedings - IEEE International Conference on Robotics and Automation","","","6906975","994","1001","7","13","10.1109/ICRA.2014.6906975","https://www.scopus.com/inward/record.uri?eid=2-s2.0-84929207119&doi=10.1109%2fICRA.2014.6906975&partnerID=40&md5=e177c50b319d693406f82e6f89823204","Conference paper","Final","","Scopus","2-s2.0-84929207119"
"Andrade K.D.O.; Fernandes G.; Caurin G.A.P.; Siqueira A.A.G.; Romero R.A.F.; Pereira R.D.L.","Andrade, Kleber De O. (55183588800); Fernandes, Guilherme (57196609033); Caurin, Glauco A.P. (6602494854); Siqueira, Adriano A.G. (7003788864); Romero, Roseli A.F. (24465478300); Pereira, Rogerio De L. (56531359100)","55183588800; 57196609033; 6602494854; 7003788864; 24465478300; 56531359100","Dynamic player modelling in serious games applied to rehabilitation robotics","2015","Proceedings - 2nd SBR Brazilian Robotics Symposium, 11th LARS Latin American Robotics Symposium and 6th Robocontrol Workshop on Applied Robotics and Automation, SBR LARS Robocontrol 2014 - Part of the Joint Conference on Robotics and Intelligent Systems, JCRIS 2014","","","7024283","211","216","5","27","10.1109/SBR.LARS.Robocontrol.2014.41","https://www.scopus.com/inward/record.uri?eid=2-s2.0-84923798737&doi=10.1109%2fSBR.LARS.Robocontrol.2014.41&partnerID=40&md5=8d4809274eb48127ab2806e61851336a","Conference paper","Final","","Scopus","2-s2.0-84923798737"
"Rafii-Tari H.; Payne C.J.; Yang G.-Z.","Rafii-Tari, Hedyeh (40462397700); Payne, Christopher J. (36622128200); Yang, Guang-Zhong (55539304100)","40462397700; 36622128200; 55539304100","Current and emerging robot-assisted endovascular catheterization technologies: A review","2014","Annals of Biomedical Engineering","42","4","","697","715","18","241","10.1007/s10439-013-0946-8","https://www.scopus.com/inward/record.uri?eid=2-s2.0-84898596332&doi=10.1007%2fs10439-013-0946-8&partnerID=40&md5=95c30349a2fc2d9de05ec2fa16461aeb","Review","Final","","Scopus","2-s2.0-84898596332"
"Penaloza C.I.; Mae Y.; Kojima M.; Arai T.","Penaloza, Christian I. (37057750700); Mae, Yasushi (7003523565); Kojima, Masaru (55142751800); Arai, Tatsuo (55500429000)","37057750700; 7003523565; 55142751800; 55500429000","BMI-based framework for Teaching and evaluating robot skills","2014","Proceedings - IEEE International Conference on Robotics and Automation","","","6907749","6040","6046","6","3","10.1109/ICRA.2014.6907749","https://www.scopus.com/inward/record.uri?eid=2-s2.0-84929192381&doi=10.1109%2fICRA.2014.6907749&partnerID=40&md5=c5f810fe2a653f99f74d3ddf7997d845","Conference paper","Final","","Scopus","2-s2.0-84929192381"
"Wang C.; Hindriks K.V.; Babuska R.","Wang, Chang (57207369475); Hindriks, Koen V. (55904124900); Babuska, Robert (24723543100)","57207369475; 55904124900; 24723543100","Active learning of affordances for robot use of household objects","2015","IEEE-RAS International Conference on Humanoid Robots","2015-February","","7041419","566","572","6","13","10.1109/HUMANOIDS.2014.7041419","https://www.scopus.com/inward/record.uri?eid=2-s2.0-84945175273&doi=10.1109%2fHUMANOIDS.2014.7041419&partnerID=40&md5=4bb844b9a85b79703c67b007509be450","Conference paper","Final","","Scopus","2-s2.0-84945175273"
"Smith R.; Patel V.; Satava R.","Smith, Roger (17347006600); Patel, Vipul (8564080000); Satava, Richard (7006711764)","17347006600; 8564080000; 7006711764","Fundamentals of robotic surgery: A course of basic robotic surgery skills based upon a 14-society consensus template of outcomes measures and curriculum development","2014","International Journal of Medical Robotics and Computer Assisted Surgery","10","3","","379","384","5","152","10.1002/rcs.1559","https://www.scopus.com/inward/record.uri?eid=2-s2.0-84908309856&doi=10.1002%2frcs.1559&partnerID=40&md5=a6423cd7409e9df29078cb76ff935f64","Article","Final","","Scopus","2-s2.0-84908309856"
"Sales J.; Santos L.; Sanz P.J.; Dias J.; García J.C.","Sales, Jorge (26433898100); Santos, Luís (55947742400); Sanz, Pedro J. (7102001752); Dias, Jorge (57651818500); García, J.C. (55757784125)","26433898100; 55947742400; 7102001752; 57651818500; 55757784125","Increasing the autonomy levels for underwater intervention missions by using learning and probabilistic techniques","2014","Advances in Intelligent Systems and Computing","252","","","17","32","15","1","10.1007/978-3-319-03413-3_2","https://www.scopus.com/inward/record.uri?eid=2-s2.0-84924585015&doi=10.1007%2f978-3-319-03413-3_2&partnerID=40&md5=cb2db77bf8f4f9b69d04af0b21ed4a40","Conference paper","Final","","Scopus","2-s2.0-84924585015"
"Huang S.; Yamakawa Y.; Senoo T.; Ishikawa M.","Huang, Shouren (55657596400); Yamakawa, Yuji (10041787100); Senoo, Taku (7004786076); Ishikawa, Masatoshi (7404031178)","55657596400; 10041787100; 7004786076; 7404031178","Robotic needle threading manipulation based on high-speed motion strategy using high-speed visual feedback","2015","IEEE International Conference on Intelligent Robots and Systems","2015-December","","7353947","4041","4046","5","6","10.1109/IROS.2015.7353947","https://www.scopus.com/inward/record.uri?eid=2-s2.0-84958158641&doi=10.1109%2fIROS.2015.7353947&partnerID=40&md5=58f6fb9035a531fd41a88648a87b90ee","Conference paper","Final","","Scopus","2-s2.0-84958158641"
"Duran C.; Estrada S.; O'Malley M.; Sheahan M.G.; Shames M.L.; Lee J.T.; Bismuth J.","Duran, Cassidy (54787696300); Estrada, Sean (56490269300); O'Malley, Marcia (35917120900); Sheahan, Malachi G. (7004196531); Shames, Murray L. (6602706163); Lee, Jason T. (14007839300); Bismuth, Jean (35232346100)","54787696300; 56490269300; 35917120900; 7004196531; 6602706163; 14007839300; 35232346100","The model for Fundamentals of Endovascular Surgery (FEVS) successfully defines the competent endovascular surgeon","2015","Journal of Vascular Surgery","62","6","","1660","1666.e3","","18","10.1016/j.jvs.2015.09.026","https://www.scopus.com/inward/record.uri?eid=2-s2.0-84948668163&doi=10.1016%2fj.jvs.2015.09.026&partnerID=40&md5=80ac4bc2d0f362c6e562a38ca312474f","Conference paper","Final","All Open Access; Bronze Open Access","Scopus","2-s2.0-84948668163"
"Aviles-Viñas J.F.; Lopez-Juarez I.; Rios-Cabrera R.","Aviles-Viñas, J.F. (56560292700); Lopez-Juarez, I. (6507474784); Rios-Cabrera, R. (8961092400)","56560292700; 6507474784; 8961092400","Acquisition of welding skills in industrial robots","2015","Industrial Robot","42","2","","156","166","10","17","10.1108/IR-09-2014-0395","https://www.scopus.com/inward/record.uri?eid=2-s2.0-84925140818&doi=10.1108%2fIR-09-2014-0395&partnerID=40&md5=36ed425c13852c135eba99edf963059b","Article","Final","","Scopus","2-s2.0-84925140818"
"Rajanbabu A.; Drudi L.; Lau S.; Press J.Z.; Gotlieb W.H.","Rajanbabu, Anupama (55655316500); Drudi, Laura (41261265500); Lau, Susie (8948084200); Press, Joshua Z. (11240201400); Gotlieb, Walter H. (7003468484)","55655316500; 41261265500; 8948084200; 11240201400; 7003468484","Virtual Reality Surgical Simulators- A Prerequisite for Robotic Surgery","2014","Indian Journal of Surgical Oncology","5","2","","125","127","2","16","10.1007/s13193-014-0314-7","https://www.scopus.com/inward/record.uri?eid=2-s2.0-84905189666&doi=10.1007%2fs13193-014-0314-7&partnerID=40&md5=48c772026fed3cc0bbbc05dcf58399ec","Article","Final","All Open Access; Green Open Access","Scopus","2-s2.0-84905189666"
"Wang N.; Yang C.; Lyu M.R.; Li Z.","Wang, Ning (55446268900); Yang, Chenguang (55671767000); Lyu, Michael R. (7006811415); Li, Zhijun (56266709300)","55446268900; 55671767000; 7006811415; 56266709300","An EMG enhanced impedance and force control framework for telerobot operation in space","2014","IEEE Aerospace Conference Proceedings","","","6836500","","","","12","10.1109/AERO.2014.6836500","https://www.scopus.com/inward/record.uri?eid=2-s2.0-84904013354&doi=10.1109%2fAERO.2014.6836500&partnerID=40&md5=798271af96610ca14bf9f33221408366","Conference paper","Final","","Scopus","2-s2.0-84904013354"
"Andersen R.H.; Sølund T.; Hallam J.","Andersen, Rasmus Hasle (57213213085); Sølund, Thomas (56401080800); Hallam, John (7005243802)","57213213085; 56401080800; 7005243802","Definition and initial case-based evaluation of hardware-independent robot skills for industrial robotic co-workers","2014","Proceedings for the Joint Conference of ISR 2014 - 45th International Symposium on Robotics and Robotik 2014 - 8th German Conference on Robotics, ISR/ROBOTIK 2014","","","","101","107","6","25","","https://www.scopus.com/inward/record.uri?eid=2-s2.0-84908407087&partnerID=40&md5=7950e57d975c62c216b69533065f489a","Conference paper","Final","","Scopus","2-s2.0-84908407087"
"García D.H.; Monje C.A.; Balaguer C.","García, Daniel Hernández (56520258500); Monje, Concepción A. (8524755300); Balaguer, Carlos (6701864168)","56520258500; 8524755300; 6701864168","Knowledge base representation for humanoid robot skills","2014","IFAC Proceedings Volumes (IFAC-PapersOnline)","19","","","3042","3047","5","4","10.3182/20140824-6-za-1003.02229","https://www.scopus.com/inward/record.uri?eid=2-s2.0-84929791567&doi=10.3182%2f20140824-6-za-1003.02229&partnerID=40&md5=7d6a45afd78e755abfe1364a9f76132b","Conference paper","Final","All Open Access; Bronze Open Access","Scopus","2-s2.0-84929791567"
"Guerin F.; Ferreira P.A.; Indurkhya B.","Guerin, Frank (23396695000); Ferreira, Paulo Abelha (57196905533); Indurkhya, Bipin (6603120668)","23396695000; 57196905533; 6603120668","Using analogy to transfer manipulation skills","2014","AAAI Fall Symposium - Technical Report","FS","","","14","19","5","3","","https://www.scopus.com/inward/record.uri?eid=2-s2.0-84940563485&partnerID=40&md5=afee549eaea341f5f05a30da847232d7","Conference paper","Final","","Scopus","2-s2.0-84940563485"
"Nemec B.; Ude A.","Nemec, Bojan (7004338161); Ude, Ales (6701345288)","7004338161; 6701345288","Robot skill acquisition by demonstration and explorative learning","2014","Mechanisms and Machine Science","20","","","163","175","12","4","10.1007/978-3-319-05431-5_11","https://www.scopus.com/inward/record.uri?eid=2-s2.0-84928113794&doi=10.1007%2f978-3-319-05431-5_11&partnerID=40&md5=5b67c48c88bde8661741317d2ea91e88","Conference paper","Final","","Scopus","2-s2.0-84928113794"
"Andersen R.S.; Nalpantidis L.; Krüger V.; Madsen O.; Moeslund T.B.","Andersen, Rasmus S. (58527211400); Nalpantidis, Lazaros (8624502900); Krüger, Volker (7003464904); Madsen, Ole (26421715700); Moeslund, Thomas B. (6507267791)","58527211400; 8624502900; 7003464904; 26421715700; 6507267791","Using robot skills for flexible reprogramming of pick operations in industrial scenarios","2014","VISAPP 2014 - Proceedings of the 9th International Conference on Computer Vision Theory and Applications","3","","","678","685","7","9","10.5220/0004752306780685","https://www.scopus.com/inward/record.uri?eid=2-s2.0-84906903771&doi=10.5220%2f0004752306780685&partnerID=40&md5=b3e0c5d3d45edb43afe46b1c94c91a46","Conference paper","Final","All Open Access; Hybrid Gold Open Access","Scopus","2-s2.0-84906903771"
"Phung A.S.; Malzahn J.; Hoffmann F.; Bertram T.","Phung, A.S. (36938108800); Malzahn, J. (36938071900); Hoffmann, F. (36183891000); Bertram, T. (56262850600)","36938108800; 36938071900; 36183891000; 56262850600","Get out of the way - Obstacle avoidance and learning by demonstration for manipulation","2011","IFAC Proceedings Volumes (IFAC-PapersOnline)","44","1 PART 1","","11514","11519","5","7","10.3182/20110828-6-IT-1002.01363","https://www.scopus.com/inward/record.uri?eid=2-s2.0-84866765761&doi=10.3182%2f20110828-6-IT-1002.01363&partnerID=40&md5=91914a8806f2baf0c8a584cc49734eb4","Conference paper","Final","","Scopus","2-s2.0-84866765761"
"Schneider M.; Cubek R.; Fromm T.; Ertel W.","Schneider, Markus (57214536090); Cubek, Richard (35145243300); Fromm, Tobias (46661886500); Ertel, Wolfgang (35106910200)","57214536090; 35145243300; 46661886500; 35106910200","Combining Gaussian processes and conventional path planning in a learning from demonstration framework","2011","Communications in Computer and Information Science","156 CCIS","","","118","129","11","0","10.1007/978-3-642-27272-1_11","https://www.scopus.com/inward/record.uri?eid=2-s2.0-82455212354&doi=10.1007%2f978-3-642-27272-1_11&partnerID=40&md5=f55c40a485736bc839f7f9d9c4e3b936","Conference paper","Final","","Scopus","2-s2.0-82455212354"
"Lee S.H.; Suh I.H.","Lee, Sang Hyoung (55350211200); Suh, Il Hong (55663194100)","55350211200; 55663194100","Skill learning and inference framework","2013","Lecture Notes in Computer Science (including subseries Lecture Notes in Artificial Intelligence and Lecture Notes in Bioinformatics)","7999 LNAI","","","196","205","9","1","10.1007/978-3-642-39521-5_23","https://www.scopus.com/inward/record.uri?eid=2-s2.0-84879925598&doi=10.1007%2f978-3-642-39521-5_23&partnerID=40&md5=0e50e34fe4518264f739b230b9f9bb6e","Conference paper","Final","","Scopus","2-s2.0-84879925598"
"Schillaci G.; Bodiroža S.; Hafner V.V.","Schillaci, Guido (35956866400); Bodiroža, Saša (50360973400); Hafner, Verena Vanessa (55910634600)","35956866400; 50360973400; 55910634600","Evaluating the Effect of Saliency Detection and Attention Manipulation in Human-Robot Interaction","2013","International Journal of Social Robotics","5","1","","139","152","13","42","10.1007/s12369-012-0174-7","https://www.scopus.com/inward/record.uri?eid=2-s2.0-84872522534&doi=10.1007%2fs12369-012-0174-7&partnerID=40&md5=6d9ea05759708ce34a1fe083691d374b","Article","Final","All Open Access; Hybrid Gold Open Access","Scopus","2-s2.0-84872522534"
"Kelly D.C.; Margules A.C.; Kundavaram C.R.; Narins H.; Gomella L.G.; Trabulsi E.J.; Lallas C.D.","Kelly, Douglas C. (55203347300); Margules, Andrew C. (6507756039); Kundavaram, Chandan R. (55203541200); Narins, Hadley (55203541100); Gomella, Leonard G. (7005666942); Trabulsi, Edouard J. (6508182380); Lallas, Costas D. (6507910490)","55203347300; 6507756039; 55203541200; 55203541100; 7005666942; 6508182380; 6507910490","Face, content, and construct validation of the da Vinci Skills Simulator","2012","Urology","79","5","","1068","1072","4","95","10.1016/j.urology.2012.01.028","https://www.scopus.com/inward/record.uri?eid=2-s2.0-84860497100&doi=10.1016%2fj.urology.2012.01.028&partnerID=40&md5=0b46f150a591f8a809cac408d9b8847a","Article","Final","","Scopus","2-s2.0-84860497100"
"Stulp F.; Sigaud O.","Stulp, Freek (55891892900); Sigaud, Olivier (6508371727)","55891892900; 6508371727","Robot Skill Learning: From Reinforcement Learning to Evolution Strategies","2013","Paladyn","4","1","","49","61","12","109","10.2478/pjbr-2013-0003","https://www.scopus.com/inward/record.uri?eid=2-s2.0-84899573498&doi=10.2478%2fpjbr-2013-0003&partnerID=40&md5=21e4bd26ed6995ec618b7a7cb2d2659a","Article","Final","All Open Access; Gold Open Access","Scopus","2-s2.0-84899573498"
"Nakamura A.; Kawai Y.","Nakamura, Akira (55236249100); Kawai, Yoshihiro (7401615944)","55236249100; 7401615944","Recovery technique from classified errors in skill-based manipulation","2010","Proceedings of the 15th International Symposium on Artificial Life and Robotics, AROB 15th'10","","","","1010","1013","3","2","","https://www.scopus.com/inward/record.uri?eid=2-s2.0-84866673784&partnerID=40&md5=d73b3c758cdb5757e8d12c576d1f8d21","Conference paper","Final","","Scopus","2-s2.0-84866673784"
"Kallmann M.; Huang Y.; Backman R.","Kallmann, Marcelo (57203497864); Huang, Yazhou (35102284800); Backman, Robert (36463214400)","57203497864; 35102284800; 36463214400","A skill-based motion planning framework for humanoids","2010","Proceedings - IEEE International Conference on Robotics and Automation","","","5509939","2507","2514","7","7","10.1109/ROBOT.2010.5509939","https://www.scopus.com/inward/record.uri?eid=2-s2.0-77955838702&doi=10.1109%2fROBOT.2010.5509939&partnerID=40&md5=eae06a227c6e50c2130fb4a9052fb643","Conference paper","Final","All Open Access; Green Open Access","Scopus","2-s2.0-77955838702"
"Chalon M.; Grebenstein M.; Wimböck T.; Hirzinger G.","Chalon, Maxime (36460547700); Grebenstein, Markus (7801540176); Wimböck, Thomas (23010910100); Hirzinger, Gerd (35579753000)","36460547700; 7801540176; 23010910100; 35579753000","The thumb: Guidelines for a robotic design","2010","IEEE/RSJ 2010 International Conference on Intelligent Robots and Systems, IROS 2010 - Conference Proceedings","","","5650454","5886","5893","7","47","10.1109/IROS.2010.5650454","https://www.scopus.com/inward/record.uri?eid=2-s2.0-78651511546&doi=10.1109%2fIROS.2010.5650454&partnerID=40&md5=c164f9a36093298d0c73b0cd3ce69873","Conference paper","Final","All Open Access; Green Open Access","Scopus","2-s2.0-78651511546"
"Palm R.; Iliev B.","Palm, Rainer (14623351700); Iliev, Boyko (12787240900)","14623351700; 12787240900","Programming-by-demonstration of robot skills using fuzzy-time-modeling","2010","Conference Proceedings - IEEE International Conference on Systems, Man and Cybernetics","","","5642365","1153","1160","7","0","10.1109/ICSMC.2010.5642365","https://www.scopus.com/inward/record.uri?eid=2-s2.0-78751482927&doi=10.1109%2fICSMC.2010.5642365&partnerID=40&md5=ccdcf11c7afd9912ab77906072d2379c","Conference paper","Final","","Scopus","2-s2.0-78751482927"
"Shimizu M.; Endo Y.; Onda H.; Yoon W.-K.; Torii T.","Shimizu, Masayuki (55185992300); Endo, Yamato (55933464000); Onda, Hiromu (7006391806); Yoon, Woo-Keun (35771983700); Torii, Takao (7102094834)","55185992300; 55933464000; 7006391806; 35771983700; 7102094834","Improving task skill transfer method by acquiring impedance parameters from human demonstration","2013","2013 IEEE International Conference on Mechatronics and Automation, IEEE ICMA 2013","","","6618057","1033","1038","5","1","10.1109/ICMA.2013.6618057","https://www.scopus.com/inward/record.uri?eid=2-s2.0-84887878017&doi=10.1109%2fICMA.2013.6618057&partnerID=40&md5=78d3aba0fdc126077d7bbe3424b01f1a","Conference paper","Final","","Scopus","2-s2.0-84887878017"
"Knoll A.; Mayer H.; Staub C.; Bauernschmitt R.","Knoll, Alois (7102250639); Mayer, Hermann (56247876800); Staub, Christoph (35312391800); Bauernschmitt, Robert (7004080519)","7102250639; 56247876800; 35312391800; 7004080519","Selective automation and skill transfer in medical robotics: A demonstration on surgical knot-tying","2012","International Journal of Medical Robotics and Computer Assisted Surgery","8","4","","384","397","13","25","10.1002/rcs.1419","https://www.scopus.com/inward/record.uri?eid=2-s2.0-84870398309&doi=10.1002%2frcs.1419&partnerID=40&md5=1a19027fba7a480621792efe07732dfb","Article","Final","All Open Access; Green Open Access","Scopus","2-s2.0-84870398309"
"Geng T.; Lee M.; Hülse M.","Geng, Tao (22134002300); Lee, Mark (55651378800); Hülse, Martin (7005551515)","22134002300; 55651378800; 7005551515","Transferring human grasping synergies to a robot","2011","Mechatronics","21","1","","272","284","12","80","10.1016/j.mechatronics.2010.11.003","https://www.scopus.com/inward/record.uri?eid=2-s2.0-79551505261&doi=10.1016%2fj.mechatronics.2010.11.003&partnerID=40&md5=14b932a99041d98b2653befc59cc13f8","Article","Final","","Scopus","2-s2.0-79551505261"
"Infante M.L.; Kyrki V.","Infante, Marta Lopez (37057432600); Kyrki, Ville (6603653623)","37057432600; 6603653623","Usability of force-based controllers in physical human-robot interaction","2011","HRI 2011 - Proceedings of the 6th ACM/IEEE International Conference on Human-Robot Interaction","","","","355","362","7","19","10.1145/1957656.1957790","https://www.scopus.com/inward/record.uri?eid=2-s2.0-79953138216&doi=10.1145%2f1957656.1957790&partnerID=40&md5=af20a876f5da3bb9eb83c11d85d534c3","Conference paper","Final","","Scopus","2-s2.0-79953138216"
"Abdo N.; Kretzschmar H.; Spinello L.; Stachniss C.","Abdo, Nichola (54388500600); Kretzschmar, Henrik (34168016900); Spinello, Luciano (24339364300); Stachniss, Cyrill (6507517732)","54388500600; 34168016900; 24339364300; 6507517732","Learning manipulation actions from a few demonstrations","2013","Proceedings - IEEE International Conference on Robotics and Automation","","","6630734","1268","1275","7","43","10.1109/ICRA.2013.6630734","https://www.scopus.com/inward/record.uri?eid=2-s2.0-84887297097&doi=10.1109%2fICRA.2013.6630734&partnerID=40&md5=5470a447eec6703f1b24ecc837854869","Conference paper","Final","All Open Access; Green Open Access","Scopus","2-s2.0-84887297097"
"Kinugasa T.; Akagi T.; Ishii K.; Haji T.; Yoshida K.; Otani Y.; Amano H.; Hayashi R.; Tokuda K.; Osuka K.","Kinugasa, T. (7004506947); Akagi, T. (7202840707); Ishii, K. (36664671500); Haji, T. (26430593700); Yoshida, K. (59095489500); Otani, Y. (34881906600); Amano, H. (7201933339); Hayashi, R. (57204847817); Tokuda, K. (7103165819); Osuka, K. (35425777900)","7004506947; 7202840707; 36664671500; 26430593700; 59095489500; 34881906600; 7201933339; 57204847817; 7103165819; 35425777900","Measurement of flexed posture for Flexible Mono-tread mobile Track using new flexible displacement sensor","2010","8th IEEE International Workshop on Safety, Security, and Rescue Robotics, SSRR-2010","","","5981568","","","","0","10.1109/SSRR.2010.5981568","https://www.scopus.com/inward/record.uri?eid=2-s2.0-80052582059&doi=10.1109%2fSSRR.2010.5981568&partnerID=40&md5=5a58228e1cc480366782ddc83a0779e5","Conference paper","Final","","Scopus","2-s2.0-80052582059"
"Berglund E.; Iliev B.; Palm R.; Krug R.; Charusta K.; Dimitrov D.","Berglund, E. (55144898500); Iliev, B. (12787240900); Palm, R. (14623351700); Krug, R. (36802018500); Charusta, K. (35145448600); Dimitrov, D. (7202564426)","55144898500; 12787240900; 14623351700; 36802018500; 35145448600; 7202564426","Mapping between different kinematic structures without absolute positioning during operation","2012","Electronics Letters","48","18","","1110","1112","2","1","10.1049/el.2012.1085","https://www.scopus.com/inward/record.uri?eid=2-s2.0-84865961531&doi=10.1049%2fel.2012.1085&partnerID=40&md5=de72367213ae8d499085a05711ea3443","Article","Final","","Scopus","2-s2.0-84865961531"
"Palm R.; Iliev B.","Palm, Rainer (14623351700); Iliev, Boyko (12787240900)","14623351700; 12787240900","Programming-by-demonstration and adaptation of robot skills by fuzzy-time-modeling","2011","IEEE SSCI 2011: Symposium Series on Computational Intelligence - RIISS 2011: 2011 IEEE Workshop on Robotic Intelligence in Informationally Structured Space","","","5945775","18","25","7","1","10.1109/RIISS.2011.5945775","https://www.scopus.com/inward/record.uri?eid=2-s2.0-79961212226&doi=10.1109%2fRIISS.2011.5945775&partnerID=40&md5=6d7ce8d2ffe223ba39fc9cc8638022c6","Conference paper","Final","","Scopus","2-s2.0-79961212226"
"Matej G.; Ivan B.","Matej, Guid (51665504900); Ivan, Bratko (51665122700)","51665504900; 51665122700","Using heuristic-search based engines for estimating human skill at chess","2011","ICGA Journal","34","2","","71","81","10","18","10.3233/icg-2011-34204","https://www.scopus.com/inward/record.uri?eid=2-s2.0-80053259484&doi=10.3233%2ficg-2011-34204&partnerID=40&md5=890abbcb6d8a94c101fc625b1a2c8271","Article","Final","","Scopus","2-s2.0-80053259484"
"Bätz G.; Scheint M.; Wollherr D.","Bätz, Georg (24780477200); Scheint, Michael (24923847700); Wollherr, Dirk (23010951900)","24780477200; 24923847700; 23010951900","Toward dynamic manipulation for humanoid robots: Experiments and design aspects","2011","International Journal of Humanoid Robotics","8","3","","513","532","19","2","10.1142/S0219843611002599","https://www.scopus.com/inward/record.uri?eid=2-s2.0-83655193051&doi=10.1142%2fS0219843611002599&partnerID=40&md5=84df25d23c7d380ebd326dd2dde6d621","Article","Final","","Scopus","2-s2.0-83655193051"
"Bjorkelund A.; Edstrom L.; Haage M.; Malec J.; Nilsson K.; Nugues P.; Robertz S.G.; Storkle D.; Blomdell A.; Johansson R.; Linderoth M.; Nilsson A.; Robertsson A.; Stolt A.; Bruyninckx H.","Bjorkelund, Anders (49963001600); Edstrom, Lisett (49963181100); Haage, Mathias (15727868300); Malec, Jacek (12445541400); Nilsson, Klas (7202864700); Nugues, Pierre (57223668383); Robertz, Sven Gestegard (6508119087); Storkle, Denis (49964576500); Blomdell, Anders (6507888437); Johansson, Rolf (7102588451); Linderoth, Magnus (25028118500); Nilsson, Anders (57225343955); Robertsson, Anders (7004026771); Stolt, Andreas (49964599300); Bruyninckx, Herman (7003332828)","49963001600; 49963181100; 15727868300; 12445541400; 7202864700; 57223668383; 6508119087; 49964576500; 6507888437; 7102588451; 25028118500; 57225343955; 7004026771; 49964599300; 7003332828","On the integration of skilled robot motions for productivity in manufacturing","2011","Proceedings - 2011 IEEE International Symposium on Assembly and Manufacturing, ISAM 2011","","","5942366","","","","52","10.1109/ISAM.2011.5942366","https://www.scopus.com/inward/record.uri?eid=2-s2.0-80052042595&doi=10.1109%2fISAM.2011.5942366&partnerID=40&md5=30b9c78252d773432516a5651eec1a55","Conference paper","Final","All Open Access; Green Open Access","Scopus","2-s2.0-80052042595"
"","","","Advances in Pattern Recognition - Second Mexican Conference on Pattern Recognition, MCPR 2010, Proceedings","2010","Lecture Notes in Computer Science (including subseries Lecture Notes in Artificial Intelligence and Lecture Notes in Bioinformatics)","6256 LNCS","","","","","393","0","","https://www.scopus.com/inward/record.uri?eid=2-s2.0-78751532286&partnerID=40&md5=48e26f7c79bdcea3f407f1b335210572","Conference review","Final","","Scopus","2-s2.0-78751532286"
"Stenmark M.","Stenmark, Maj (56021600600)","56021600600","Industrial robot skills","2013","Frontiers in Artificial Intelligence and Applications","257","","","295","298","3","3","10.3233/978-1-61499-330-8-295","https://www.scopus.com/inward/record.uri?eid=2-s2.0-84894648296&doi=10.3233%2f978-1-61499-330-8-295&partnerID=40&md5=d3bcd0754a0638d41a02656f94d3d776","Conference paper","Final","","Scopus","2-s2.0-84894648296"
"Konidaris G.","Konidaris, George (14822243500)","14822243500","Robots, skills, and symbols","2013","ACM International Conference Proceeding Series","","","","9","11","2","1","10.1145/2493525.2493528","https://www.scopus.com/inward/record.uri?eid=2-s2.0-84883045847&doi=10.1145%2f2493525.2493528&partnerID=40&md5=9a7354ea3f378c6f1ed13508aa7b28a9","Conference paper","Final","","Scopus","2-s2.0-84883045847"
"Szynkiewicz W.","Szynkiewicz, Wojciech (6506437521)","6506437521","Skill-based bimanual manipulation planning","2012","Journal of Telecommunications and Information Technology","2012","4","","54","62","8","8","10.26636/jtit.2012.4.1292","https://www.scopus.com/inward/record.uri?eid=2-s2.0-84873893735&doi=10.26636%2fjtit.2012.4.1292&partnerID=40&md5=07cf353d8a536bee681e22733b0ea219","Article","Final","All Open Access; Hybrid Gold Open Access","Scopus","2-s2.0-84873893735"
"Leugger T.; Nolfi S.","Leugger, Tobias (55316960600); Nolfi, Stefano (56231750100)","55316960600; 56231750100","Action development and integration in an humanoid iCub robot","2012","Lecture Notes in Computer Science (including subseries Lecture Notes in Artificial Intelligence and Lecture Notes in Bioinformatics)","7375 LNAI","","","369","370","1","2","10.1007/978-3-642-31525-1_46","https://www.scopus.com/inward/record.uri?eid=2-s2.0-84864011809&doi=10.1007%2f978-3-642-31525-1_46&partnerID=40&md5=fdf1400ff705b4b416b5a5ad87d467a5","Conference paper","Final","","Scopus","2-s2.0-84864011809"
"Bausch J.","Bausch, Jeffrey (54790653500)","54790653500","Robot gripper teaches itself how to pick up different shaped objects: Researchers give robot ability to learn how to grasp and lift various items","2012","Electronic Products","54","5","","","","","0","","https://www.scopus.com/inward/record.uri?eid=2-s2.0-84862068165&partnerID=40&md5=8193ce65f2135780d6f48501f102b6c4","Short survey","Final","","Scopus","2-s2.0-84862068165"
"Liang X.; Kato H.; Hashimoto N.; Higuchi S.; Okawa K.","Liang, Xin (55253067100); Kato, Hideo (7406497208); Hashimoto, Nobuyoshi (24343280500); Higuchi, Shizuichi (7202931348); Okawa, Kazuya (23392918900)","55253067100; 7406497208; 24343280500; 7202931348; 23392918900","Simple VR system for skill training in manual arc welding and investigation of its effectiveness by comparison with skill in actual task","2013","Seimitsu Kogaku Kaishi/Journal of the Japan Society for Precision Engineering","79","7","","692","696","4","0","10.2493/jjspe.79.692","https://www.scopus.com/inward/record.uri?eid=2-s2.0-84880415312&doi=10.2493%2fjjspe.79.692&partnerID=40&md5=5813ccdeddb5ac6872589301358cc252","Article","Final","All Open Access; Bronze Open Access","Scopus","2-s2.0-84880415312"
"Peters J.; Mulling K.; Kober J.; Nguyen-Tuong D.; Krömer O.","Peters, Jan (35248912800); Mulling, Katharina (36959948000); Kober, Jens (22940629000); Nguyen-Tuong, Duy (24781085200); Krömer, Oliver (35194171900)","35248912800; 36959948000; 22940629000; 24781085200; 35194171900","Robot skill learning","2012","Frontiers in Artificial Intelligence and Applications","242","","","40","45","5","6","10.3233/978-1-61499-098-7-40","https://www.scopus.com/inward/record.uri?eid=2-s2.0-84878799066&doi=10.3233%2f978-1-61499-098-7-40&partnerID=40&md5=15545e0a8d32df6a6ebfc1e64db1fa6f","Conference paper","Final","","Scopus","2-s2.0-84878799066"
"Wallhoff F.; Blume J.; Bannat A.; Rösel W.; Lenz C.; Knoll A.","Wallhoff, Frank (6602639415); Blume, Jürgen (36445148800); Bannat, Alexander (25031351600); Rösel, Wolfgang (35119545700); Lenz, Claus (23985158000); Knoll, Alois (7102250639)","6602639415; 36445148800; 25031351600; 35119545700; 23985158000; 7102250639","A skill-based approach towards hybrid assembly","2010","Advanced Engineering Informatics","24","3","","329","339","10","32","10.1016/j.aei.2010.05.013","https://www.scopus.com/inward/record.uri?eid=2-s2.0-77955419540&doi=10.1016%2fj.aei.2010.05.013&partnerID=40&md5=a564b093f71cfe1da4cbe3a6397887fb","Article","Final","All Open Access; Green Open Access","Scopus","2-s2.0-77955419540"
"Stenmark M.; Malec J.","Stenmark, Maj (56021600600); Malec, Jacek (12445541400)","56021600600; 12445541400","Knowledge-based industrial robotics","2013","Frontiers in Artificial Intelligence and Applications","257","","","265","274","9","19","10.3233/978-1-61499-330-8-265","https://www.scopus.com/inward/record.uri?eid=2-s2.0-84894670108&doi=10.3233%2f978-1-61499-330-8-265&partnerID=40&md5=6e4f7b0f06c1d70d05568a7b2b254879","Conference paper","Final","","Scopus","2-s2.0-84894670108"
"Duan F.; Gao Q.; Arai T.","Duan, Feng (24537140100); Gao, Qi (58463940100); Arai, Tamio (35494671300)","24537140100; 58463940100; 35494671300","Assembly skill transfer system for cell production","2010","2010 IEEE International Conference on Robotics and Biomimetics, ROBIO 2010","","","5723336","253","258","5","2","10.1109/ROBIO.2010.5723336","https://www.scopus.com/inward/record.uri?eid=2-s2.0-79952948091&doi=10.1109%2fROBIO.2010.5723336&partnerID=40&md5=8eeffa08b1e87abc35f31d4b22d52756","Conference paper","Final","","Scopus","2-s2.0-79952948091"
"Liu H.","Liu, Honghai (54958434200)","54958434200","Exploring human hand capabilities into embedded multifingered object manipulation","2011","IEEE Transactions on Industrial Informatics","7","3","5951810","389","398","9","83","10.1109/TII.2011.2158838","https://www.scopus.com/inward/record.uri?eid=2-s2.0-80051786361&doi=10.1109%2fTII.2011.2158838&partnerID=40&md5=2be9f7717c375bd5fcb5aa694860981e","Article","Final","","Scopus","2-s2.0-80051786361"
"Huckaby J.; Christensen H.I.","Huckaby, Jacob (55635883700); Christensen, Henrik I. (55567693000)","55635883700; 55567693000","A taxonomic framework for task modeling and knowledge transfer in manufacturing robotics","2012","AAAI Workshop - Technical Report","WS-12-06","","","94","101","7","29","","https://www.scopus.com/inward/record.uri?eid=2-s2.0-84875609860&partnerID=40&md5=3edbce236c4c1adeb66abcfcec7181e4","Conference paper","Final","","Scopus","2-s2.0-84875609860"
"Vinh T.V.; Tomizawa T.; Kudoh S.; Suehiro T.","Vinh, Trinh Van (55325260200); Tomizawa, Tetsuo (7007021945); Kudoh, Shunsuke (7103070515); Suehiro, Takashi (7103054254)","55325260200; 7007021945; 7103070515; 7103054254","A new strategy for making a knot with a general-purpose arm","2012","Proceedings - IEEE International Conference on Robotics and Automation","","","6224852","2217","2222","5","19","10.1109/ICRA.2012.6224852","https://www.scopus.com/inward/record.uri?eid=2-s2.0-84864458292&doi=10.1109%2fICRA.2012.6224852&partnerID=40&md5=2d7da561979d053e36f22293aa643bb8","Conference paper","Final","","Scopus","2-s2.0-84864458292"
"Yamazaki K.; Ueda R.; Nozawa S.; Kojima M.; Okada K.; Matsumoto K.; Ishikawa M.; Shimoyama I.; Inaba M.","Yamazaki, Kimitoshi (7402217404); Ueda, Ryohei (36802970000); Nozawa, Shunichi (34168175500); Kojima, Mitsuharu (24479438500); Okada, Kei (7404191426); Matsumoto, Kiyoshi (56452014400); Ishikawa, Masaru (55252552000); Shimoyama, Isao (7006317924); Inaba, Masayuki (7202428637)","7402217404; 36802970000; 34168175500; 24479438500; 7404191426; 56452014400; 55252552000; 7006317924; 7202428637","Home-assistant robot for an aging society","2012","Proceedings of the IEEE","100","8","6218159","2429","2441","12","139","10.1109/JPROC.2012.2200563","https://www.scopus.com/inward/record.uri?eid=2-s2.0-84864144983&doi=10.1109%2fJPROC.2012.2200563&partnerID=40&md5=f3747482e97309955f0ea37cd7fb4b17","Conference paper","Final","","Scopus","2-s2.0-84864144983"
"Goeller M.; Oberlaender J.; Uhl K.; Roennau A.; Dillmann R.","Goeller, Michael (34969348400); Oberlaender, Jan (24781072300); Uhl, Klaus (24781512000); Roennau, Arne (35273332500); Dillmann, Rudiger (35599949300)","34969348400; 24781072300; 24781512000; 35273332500; 35599949300","Modular robots for on-orbit satellite servicing","2012","2012 IEEE International Conference on Robotics and Biomimetics, ROBIO 2012 - Conference Digest","","","6491265","2018","2023","5","73","10.1109/ROBIO.2012.6491265","https://www.scopus.com/inward/record.uri?eid=2-s2.0-84876475446&doi=10.1109%2fROBIO.2012.6491265&partnerID=40&md5=409652f354ac41882b177d07bd048cd5","Conference paper","Final","","Scopus","2-s2.0-84876475446"
"Off D.; Jianwei Z.","Off, Dominik (36464077400); Jianwei, Zhang (56039580400)","36464077400; 56039580400","Multimodal integration processes in plan-based service robot control","2011","Tsinghua Science and Technology","16","1","","1","6","5","2","10.1016/S1007-0214(11)70001-3","https://www.scopus.com/inward/record.uri?eid=2-s2.0-79551654141&doi=10.1016%2fS1007-0214%2811%2970001-3&partnerID=40&md5=142e3bf589d71c20b6a1eb592b2bde40","Article","Final","All Open Access; Green Open Access","Scopus","2-s2.0-79551654141"
"Palm R.","Palm, Rainer (14623351700)","14623351700","My way to fuzzy control","2013","Studies in Fuzziness and Soft Computing","299","","","519","523","4","0","10.1007/978-3-642-35644-5_13","https://www.scopus.com/inward/record.uri?eid=2-s2.0-84876534746&doi=10.1007%2f978-3-642-35644-5_13&partnerID=40&md5=e3e6fe2276f37f5f220d4e3dd4cab628","Article","Final","","Scopus","2-s2.0-84876534746"
"Sturm J.","Sturm, Jürgen (24781333500)","24781333500","Learning manipulation tasks by demonstration","2013","Springer Tracts in Advanced Robotics","89","","","161","178","17","0","10.1007/978-3-642-37160-8_8","https://www.scopus.com/inward/record.uri?eid=2-s2.0-85028746488&doi=10.1007%2f978-3-642-37160-8_8&partnerID=40&md5=34b958e04f7de96b5cafa0c940fff187","Book chapter","Final","","Scopus","2-s2.0-85028746488"
"Babič J.","Babič, Jan (6701699940)","6701699940","Utilization of human sensorimotor learning capacity for obtaining novel robot behaviours: 2-DOF ball balancing on a parallel platform","2011","2011 IEEE International Conference on Robotics and Biomimetics, ROBIO 2011","","","6181547","1778","1782","4","0","10.1109/ROBIO.2011.6181547","https://www.scopus.com/inward/record.uri?eid=2-s2.0-84860711129&doi=10.1109%2fROBIO.2011.6181547&partnerID=40&md5=6b88272cb0fbb0a3bf50eb224dd144de","Conference paper","Final","","Scopus","2-s2.0-84860711129"
"Lee S.H.; Han G.N.; Suh I.H.; You B.-J.","Lee, Sang Hyoung (55350211200); Han, Gyung Nam (55921683800); Suh, Il Hong (55663194100); You, Bum-Jae (7102335442)","55350211200; 55921683800; 55663194100; 7102335442","Skill learning using temporal and spatial entropies for accurate skill acquisition","2013","Proceedings - IEEE International Conference on Robotics and Automation","","","6630742","1323","1330","7","5","10.1109/ICRA.2013.6630742","https://www.scopus.com/inward/record.uri?eid=2-s2.0-84887276376&doi=10.1109%2fICRA.2013.6630742&partnerID=40&md5=37d3696c451b7207f746dc1bb5736ef9","Conference paper","Final","","Scopus","2-s2.0-84887276376"
"Vol'nova A.B.; Kurzina N.P.","Vol'nova, A.B. (6602746803); Kurzina, N.P. (6603091265)","6602746803; 6603091265","[Formation of lateralization of manipulatory food-procuring behavior in the white rat early ontogenesis].","2012","Zhurnal evoliutsionnoǐ biokhimii i fiziologii","48","6","","562","567","5","0","","https://www.scopus.com/inward/record.uri?eid=2-s2.0-84874431328&partnerID=40&md5=83761115a680f625e88ac0309233d4a2","Article","Final","","Scopus","2-s2.0-84874431328"
"Moldovan B.; Moreno P.; Van Otterlo M.","Moldovan, Bogdan (55921536000); Moreno, Plinio (22433465300); Van Otterlo, Martijn (8316318200)","55921536000; 22433465300; 8316318200","On the use of probabilistic relational affordance models for sequential manipulation tasks in robotics","2013","Proceedings - IEEE International Conference on Robotics and Automation","","","6630737","1290","1295","5","11","10.1109/ICRA.2013.6630737","https://www.scopus.com/inward/record.uri?eid=2-s2.0-84887294059&doi=10.1109%2fICRA.2013.6630737&partnerID=40&md5=f663c3d4fccea125dd03fb5a35c5950c","Conference paper","Final","All Open Access; Green Open Access","Scopus","2-s2.0-84887294059"
"Liu Z.; Wang Y.; Lu T.-F.","Liu, Zhenzhang (35206336700); Wang, Yijun (36703646500); Lu, Tien-Fu (7402684549)","35206336700; 36703646500; 7402684549","Car-like mobile robot reverse parking: Using fuzzy logic control approach","2011","Proceedings - 1st International Conference on Robot, Vision and Signal Processing, RVSP 2011","","","6114909","77","80","3","5","10.1109/RVSP.2011.20","https://www.scopus.com/inward/record.uri?eid=2-s2.0-84863023730&doi=10.1109%2fRVSP.2011.20&partnerID=40&md5=167a9988f7070ef75fdd317a947cf3e1","Conference paper","Final","","Scopus","2-s2.0-84863023730"
"Mattar E.","Mattar, Ebrahim (37661782600)","37661782600","Biomimetic dexterous hands: Human like multi-fingered robotics hand control","2012","Proceedings - 2012 14th International Conference on Modelling and Simulation, UKSim 2012","","","6205448","193","200","7","2","10.1109/UKSim.2012.35","https://www.scopus.com/inward/record.uri?eid=2-s2.0-84863104123&doi=10.1109%2fUKSim.2012.35&partnerID=40&md5=1feacde3dbc418e60998105933d780cc","Conference paper","Final","","Scopus","2-s2.0-84863104123"
"Melchiorri C.; Palli G.; Berselli G.; Vassura G.","Melchiorri, Claudio (7005102783); Palli, Gianluca (23009761100); Berselli, Giovanni (24483038000); Vassura, Gabriele (6602095100)","7005102783; 23009761100; 24483038000; 6602095100","Development of the UB hand IV: Overview of design solutions and enabling technologies","2013","IEEE Robotics and Automation Magazine","20","3","6523131","72","81","9","115","10.1109/MRA.2012.2225471","https://www.scopus.com/inward/record.uri?eid=2-s2.0-84884417991&doi=10.1109%2fMRA.2012.2225471&partnerID=40&md5=80ea16067a8d908672b8409b948a2f61","Article","Final","","Scopus","2-s2.0-84884417991"
"Harada K.; Minakawa Y.; Baek Y.; Kozuka Y.; Sora S.; Morita A.; Sugita N.; Mitsuishi M.","Harada, K. (14050144400); Minakawa, Y. (54787993000); Baek, Y. (56765347500); Kozuka, Y. (36682489800); Sora, S. (8927717600); Morita, A. (7102118420); Sugita, N. (57217592235); Mitsuishi, M. (7006421155)","14050144400; 54787993000; 56765347500; 36682489800; 8927717600; 7102118420; 57217592235; 7006421155","Microsurgical skill assessment: Toward skill-based surgical robotic control","2011","Proceedings of the Annual International Conference of the IEEE Engineering in Medicine and Biology Society, EMBS","","","6091652","6700","6703","3","20","10.1109/IEMBS.2011.6091652","https://www.scopus.com/inward/record.uri?eid=2-s2.0-84864620458&doi=10.1109%2fIEMBS.2011.6091652&partnerID=40&md5=fa38808f31e006dd46da23b585fe49a6","Conference paper","Final","","Scopus","2-s2.0-84864620458"
"Kalakrishnan M.; Righetti L.; Pastor P.; Schaal S.","Kalakrishnan, Mrinal (24467757900); Righetti, Ludovic (22981433900); Pastor, Peter (57197413733); Schaal, Stefan (7007171558)","24467757900; 22981433900; 57197413733; 7007171558","Learning force control policies for compliant manipulation","2011","IEEE International Conference on Intelligent Robots and Systems","","","6048825","4639","4644","5","143","10.1109/IROS.2011.6048825","https://www.scopus.com/inward/record.uri?eid=2-s2.0-84455188451&doi=10.1109%2fIROS.2011.6048825&partnerID=40&md5=496e4b1ef83c1798fa1bb71896466a77","Conference paper","Final","","Scopus","2-s2.0-84455188451"
"Hertle A.; Dornhege C.","Hertle, Andreas (55759587600); Dornhege, Christian (22834317100)","55759587600; 22834317100","Efficient extensible path planning on 3D terrain using behavior modules","2013","2013 European Conference on Mobile Robots, ECMR 2013 - Conference Proceedings","","","6698826","94","99","5","3","10.1109/ECMR.2013.6698826","https://www.scopus.com/inward/record.uri?eid=2-s2.0-84893234623&doi=10.1109%2fECMR.2013.6698826&partnerID=40&md5=5465dab707b46e6131cd0e8e9ff87550","Conference paper","Final","","Scopus","2-s2.0-84893234623"
"Peinado G.; Urdiales C.; Peula J.M.; Fdez-Carmona M.; Annicchiarico R.; Sandoval F.; Caltagirone C.","Peinado, G. (55540046200); Urdiales, C. (6603880612); Peula, J.M. (36246577300); Fdez-Carmona, M. (32667745300); Annicchiarico, R. (6603194216); Sandoval, F. (7007182451); Caltagirone, C. (35228717800)","55540046200; 6603880612; 36246577300; 32667745300; 6603194216; 7007182451; 35228717800","Navigation skills based profiling for collaborative wheelchair control","2011","Proceedings - IEEE International Conference on Robotics and Automation","","","5980249","2229","2234","5","10","10.1109/ICRA.2011.5980249","https://www.scopus.com/inward/record.uri?eid=2-s2.0-84870463227&doi=10.1109%2fICRA.2011.5980249&partnerID=40&md5=7ac52fecd64be158f5d3e01416e0fde4","Conference paper","Final","","Scopus","2-s2.0-84870463227"
"Urdiales C.; Perez E.J.; Peinado G.; Fdez-Carmona M.; Peula J.M.; Annicchiarico R.; Sandoval F.; Caltagirone C.","Urdiales, Cristina (6603880612); Perez, Eduardo Javier (7401547199); Peinado, Gloria (55540046200); Fdez-Carmona, Manuel (32667745300); Peula, Jose M. (36246577300); Annicchiarico, Roberta (6603194216); Sandoval, Francisco (7007182451); Caltagirone, Carlo (35228717800)","6603880612; 7401547199; 55540046200; 32667745300; 36246577300; 6603194216; 7007182451; 35228717800","On the construction of a skill-based wheelchair navigation profile","2013","IEEE Transactions on Neural Systems and Rehabilitation Engineering","21","6","6471833","917","927","10","21","10.1109/TNSRE.2013.2241454","https://www.scopus.com/inward/record.uri?eid=2-s2.0-84888102847&doi=10.1109%2fTNSRE.2013.2241454&partnerID=40&md5=185ff53c0b430ab5bc8e508c06b1c9af","Article","Final","","Scopus","2-s2.0-84888102847"
"Barakova E.; Lourens T.","Barakova, Emilia (35614959800); Lourens, Tino (6603186391)","35614959800; 6603186391","Interplay between natural and artificial intelligence in training autistic children with robots","2013","Lecture Notes in Computer Science (including subseries Lecture Notes in Artificial Intelligence and Lecture Notes in Bioinformatics)","7930 LNCS","PART 1","","161","170","9","8","10.1007/978-3-642-38637-4_17","https://www.scopus.com/inward/record.uri?eid=2-s2.0-84885814710&doi=10.1007%2f978-3-642-38637-4_17&partnerID=40&md5=7d28ef401235cca84d33ff52c4223b51","Conference paper","Final","","Scopus","2-s2.0-84885814710"
"","","","Proceedings of the 2nd Workshop on Machine Learning for Interactive Systems: Bridging the Gap Between Perception, Action and Communication, MLIS 2013 - 23rd IJCAI 2013","2013","ACM International Conference Proceeding Series","","","","","","81","0","","https://www.scopus.com/inward/record.uri?eid=2-s2.0-84883008795&partnerID=40&md5=7407a17bb4138e08cfae3b85c4445026","Conference review","Final","","Scopus","2-s2.0-84883008795"
"Tahara K.; Arimoto S.","Tahara, Kenji (7102788233); Arimoto, Suguru (35555805800)","7102788233; 35555805800","Iterative learning scheme for a redundant manipulator: Skilled hand writing motion on an arbitrary smooth surface","2011","Proceedings - IEEE International Conference on Robotics and Automation","","","5979700","4682","4687","5","0","10.1109/ICRA.2011.5979700","https://www.scopus.com/inward/record.uri?eid=2-s2.0-84871692581&doi=10.1109%2fICRA.2011.5979700&partnerID=40&md5=7ba228f50dbaf237c8a55c40e9ca5d56","Conference paper","Final","","Scopus","2-s2.0-84871692581"
"Yamada T.; Tanaka A.; Yamada M.; Funahashi Y.; Yamamoto H.","Yamada, Takayoshi (57203953355); Tanaka, Akira (58728418800); Yamada, Manabu (55723405100); Funahashi, Yasuyuki (7005266360); Yamamoto, Hidehiko (26428599700)","57203953355; 58728418800; 55723405100; 7005266360; 26428599700","Identification of contact conditions by active force sensing: Estimated parameter uncertainty and experimental verification","2011","Journal of Robotics and Mechatronics","23","1","","X44","52","8","6","10.20965/jrm.2011.p0044","https://www.scopus.com/inward/record.uri?eid=2-s2.0-84856298448&doi=10.20965%2fjrm.2011.p0044&partnerID=40&md5=3098d1f2b927c7464edde021f243c3f5","Article","Final","All Open Access; Gold Open Access","Scopus","2-s2.0-84856298448"
"Guo S.; Wang P.; Guo J.; Wei W.; Ji Y.; Wang Y.","Guo, Shuxiang (7403650655); Wang, Peng (56352266600); Guo, Jian (7404488454); Wei, Wei (56640325500); Ji, Yuehui (35188997700); Wang, Yunliang (36983164000)","7403650655; 56352266600; 7404488454; 56640325500; 35188997700; 36983164000","A novel master-slave robotic catheter system for Vascular Interventional Surgery","2013","2013 IEEE International Conference on Mechatronics and Automation, IEEE ICMA 2013","","","6618043","951","956","5","14","10.1109/ICMA.2013.6618043","https://www.scopus.com/inward/record.uri?eid=2-s2.0-84887968562&doi=10.1109%2fICMA.2013.6618043&partnerID=40&md5=35cfffcc2038e1c637e7a4a69718608e","Conference paper","Final","","Scopus","2-s2.0-84887968562"
"Jun S.-K.; Sathia Narayanan M.; Singhal P.; Garimella S.; Krovi V.","Jun, Seung-kook (8362889900); Sathia Narayanan, Madusudanan (55786236400); Singhal, Pankaj (12781472600); Garimella, Sudha (56250278100); Krovi, Venkat (6602136460)","8362889900; 55786236400; 12781472600; 56250278100; 6602136460","Evaluation of robotic minimally invasive surgical skills using motion studies","2013","Journal of Robotic Surgery","7","3","","241","249","8","6","10.1007/s11701-013-0419-y","https://www.scopus.com/inward/record.uri?eid=2-s2.0-84883053720&doi=10.1007%2fs11701-013-0419-y&partnerID=40&md5=565c65b55f94c4cc17afa3dab3bf956e","Article","Final","","Scopus","2-s2.0-84883053720"
"Stuckler J.; Holz D.; Behnke S.","Stuckler, Jörg (24470272200); Holz, Dirk (35190509500); Behnke, Sven (13007277900)","24470272200; 35190509500; 13007277900","RoboCup@Home: Demonstrating everyday manipulation skills in RoboCup@Home","2012","IEEE Robotics and Automation Magazine","19","2","6213612","34","42","8","41","10.1109/MRA.2012.2191993","https://www.scopus.com/inward/record.uri?eid=2-s2.0-84862294233&doi=10.1109%2fMRA.2012.2191993&partnerID=40&md5=cda6d1aba34583a3151ba824f09b9229","Article","Final","","Scopus","2-s2.0-84862294233"
"Poletz L.; Encarnação P.; Adams K.; Cook A.","Poletz, Linda (36701908800); Encarnação, Pedro (6602542891); Adams, Kim (12902675100); Cook, Al (7401881111)","36701908800; 6602542891; 12902675100; 7401881111","Robot skills and cognitive performance of preschool children","2010","Technology and Disability","22","3","","117","126","9","23","10.3233/TAD-2010-0296","https://www.scopus.com/inward/record.uri?eid=2-s2.0-78650606750&doi=10.3233%2fTAD-2010-0296&partnerID=40&md5=a5643d358494af6151253126849337a9","Article","Final","All Open Access; Green Open Access","Scopus","2-s2.0-78650606750"
"Ben Amor H.; Kroemer O.; Hillenbrand U.; Neumann G.; Peters J.","Ben Amor, Heni (23388323100); Kroemer, Oliver (35194171900); Hillenbrand, Ulrich (6603456296); Neumann, Gerhard (23392898000); Peters, Jan (35248912800)","23388323100; 35194171900; 6603456296; 23392898000; 35248912800","Generalization of human grasping for multi-fingered robot hands","2012","IEEE International Conference on Intelligent Robots and Systems","","","6386072","2043","2050","7","75","10.1109/IROS.2012.6386072","https://www.scopus.com/inward/record.uri?eid=2-s2.0-84872291978&doi=10.1109%2fIROS.2012.6386072&partnerID=40&md5=e8f34b0d15efe18e7ca8bb49325fe832","Conference paper","Final","All Open Access; Green Open Access","Scopus","2-s2.0-84872291978"
"Peña-Cabrera M.; Lopez-Juarez I.; Ríos-Cabrera R.; Osorio R.; Gómez H.","Peña-Cabrera, M. (55995884200); Lopez-Juarez, I. (6507474784); Ríos-Cabrera, R. (8961092400); Osorio, R. (24470341200); Gómez, H. (57198300943)","55995884200; 6507474784; 8961092400; 24470341200; 57198300943","Robot skill acquisition: A new method for learning and fast object recognition","2010","Proceedings of the 2010 International Conference on Artificial Intelligence, ICAI 2010","2","","","542","548","6","0","","https://www.scopus.com/inward/record.uri?eid=2-s2.0-84866135152&partnerID=40&md5=e37b79342613ad4ab48a3bdb6bdf0247","Conference paper","Final","","Scopus","2-s2.0-84866135152"
"Thomas U.; Hirzinger G.; Rumpe B.; Schulze C.; Wortmann A.","Thomas, Ulrike (7004226574); Hirzinger, Gerd (35579753000); Rumpe, Bernhard (55861872700); Schulze, Christoph (57191918656); Wortmann, Andreas (56581745100)","7004226574; 35579753000; 55861872700; 57191918656; 56581745100","A new skill based robot programming language using UML/P Statecharts","2013","Proceedings - IEEE International Conference on Robotics and Automation","","","6630615","461","466","5","116","10.1109/ICRA.2013.6630615","https://www.scopus.com/inward/record.uri?eid=2-s2.0-84887300711&doi=10.1109%2fICRA.2013.6630615&partnerID=40&md5=7fe4d8056efed3ae9f592af924589639","Conference paper","Final","All Open Access; Green Open Access","Scopus","2-s2.0-84887300711"
"Pastor P.; Kalakrishnan M.; Chitta S.; Theodorou E.; Schaal S.","Pastor, Peter (57197413733); Kalakrishnan, Mrinal (24467757900); Chitta, Sachin (6602631016); Theodorou, Evangelos (23398293600); Schaal, Stefan (7007171558)","57197413733; 24467757900; 6602631016; 23398293600; 7007171558","Skill learning and task outcome prediction for manipulation","2011","Proceedings - IEEE International Conference on Robotics and Automation","","","5980200","3828","3834","6","177","10.1109/ICRA.2011.5980200","https://www.scopus.com/inward/record.uri?eid=2-s2.0-84868008342&doi=10.1109%2fICRA.2011.5980200&partnerID=40&md5=c1fd258f6423397e811331c99e636fdc","Conference paper","Final","","Scopus","2-s2.0-84868008342"
"Palm R.; Iliev B.","Palm, Rainer (14623351700); Iliev, Boyko (12787240900)","14623351700; 12787240900","Learning and adaptation of robot skills using fuzzy models","2010","2010 IEEE World Congress on Computational Intelligence, WCCI 2010","","","5584536","","","","1","10.1109/FUZZY.2010.5584536","https://www.scopus.com/inward/record.uri?eid=2-s2.0-78549241652&doi=10.1109%2fFUZZY.2010.5584536&partnerID=40&md5=83a6da0cd94fd1a8fa2dde0f6d10490c","Conference paper","Final","","Scopus","2-s2.0-78549241652"
"Grossard M.; Felippe G.; Hamon G.; Martin J.","Grossard, Mathieu (24490939600); Felippe, Gabriel (56131257700); Hamon, Guillaume (56131794200); Martin, Javier (56131283500)","24490939600; 56131257700; 56131794200; 56131283500","Force sensing strategy for the backdrivable and dexterous CEA hand","2013","2013 16th International Conference on Advanced Robotics, ICAR 2013","","","6766555","","","","5","10.1109/ICAR.2013.6766555","https://www.scopus.com/inward/record.uri?eid=2-s2.0-84899440407&doi=10.1109%2fICAR.2013.6766555&partnerID=40&md5=00a72110ed737ca8499d75c99bf1efc0","Conference paper","Final","","Scopus","2-s2.0-84899440407"
"Del Pobil A.P.; Prats M.; Sanz P.J.","Del Pobil, Angel P. (7004107850); Prats, Mario (23010042400); Sanz, Pedro J. (7102001752)","7004107850; 23010042400; 7102001752","Interaction in robotics with a combination of vision, tactile and force sensing","2011","Proceedings of the International Conference on Sensing Technology, ICST","","","6136969","21","26","5","4","10.1109/ICSensT.2011.6136969","https://www.scopus.com/inward/record.uri?eid=2-s2.0-84857752172&doi=10.1109%2fICSensT.2011.6136969&partnerID=40&md5=77e42d18769b9e5effe2383180121d08","Conference paper","Final","","Scopus","2-s2.0-84857752172"
"Jun S.-K.; Singhal P.; Sathianarayanan M.; Garimella S.; Eddib A.; Krovi V.","Jun, Seung-Kook (8362889900); Singhal, Pankaj (12781472600); Sathianarayanan, Madusudanan (55512728400); Garimella, Sudha (56250278100); Eddib, Abeer (13008152400); Krovi, Venkat (6602136460)","8362889900; 12781472600; 55512728400; 56250278100; 13008152400; 6602136460","Evaluation of robotic minimally invasive surgical skills using motion studies","2012","Performance Metrics for Intelligent Systems (PerMIS) Workshop","","","","198","205","7","6","10.1145/2393091.2393129","https://www.scopus.com/inward/record.uri?eid=2-s2.0-84870590808&doi=10.1145%2f2393091.2393129&partnerID=40&md5=750eaf19753081a54db2419c89b75849","Conference paper","Final","","Scopus","2-s2.0-84870590808"
"Lopez-Juarez I.; Rios-Cabrera R.; Peña-Cabrera M.; Osorio-Comparan R.","Lopez-Juarez, I. (6507474784); Rios-Cabrera, R. (8961092400); Peña-Cabrera, M. (8961092600); Osorio-Comparan, R. (24470341200)","6507474784; 8961092400; 8961092600; 24470341200","Learning and fast object recognition in robot skill acquisition: A new method","2010","Lecture Notes in Computer Science (including subseries Lecture Notes in Artificial Intelligence and Lecture Notes in Bioinformatics)","6256 LNCS","","","40","49","9","1","10.1007/978-3-642-15992-3_5","https://www.scopus.com/inward/record.uri?eid=2-s2.0-78751496846&doi=10.1007%2f978-3-642-15992-3_5&partnerID=40&md5=526207d13f8ba18a61d5374007151195","Conference paper","Final","All Open Access; Bronze Open Access","Scopus","2-s2.0-78751496846"
"Massera G.; Tuci E.; Ferrauto T.; Nolfi S.","Massera, Gianluca (35177937900); Tuci, Elio (6603207541); Ferrauto, Tomassino (36175630200); Nolfi, Stefano (56231750100)","35177937900; 6603207541; 36175630200; 56231750100","The facilitatory role of linguistic instructions on developing manipulation skills","2010","IEEE Computational Intelligence Magazine","5","3","5508719","33","42","9","13","10.1109/MCI.2010.937321","https://www.scopus.com/inward/record.uri?eid=2-s2.0-77954727623&doi=10.1109%2fMCI.2010.937321&partnerID=40&md5=17f39a9fc81d169727c48d3f37eac2ba","Article","Final","All Open Access; Green Open Access","Scopus","2-s2.0-77954727623"
"Karigiannis J.N.; Rekatsinas T.I.; Tzafestas C.S.","Karigiannis, John N. (6505831053); Rekatsinas, Theodoros I. (36242517700); Tzafestas, Costas S. (6701475189)","6505831053; 36242517700; 6701475189","Fuzzy rule based neuro-dynamic programming for mobile robot skill acquisition on the basis of a nested multi-agent architecture","2010","2010 IEEE International Conference on Robotics and Biomimetics, ROBIO 2010","","","5723346","312","319","7","2","10.1109/ROBIO.2010.5723346","https://www.scopus.com/inward/record.uri?eid=2-s2.0-79952937967&doi=10.1109%2fROBIO.2010.5723346&partnerID=40&md5=329898258ab9fe00ba65206b1615c89e","Conference paper","Final","","Scopus","2-s2.0-79952937967"
"Volnova A.B.; Kurzina N.P.","Volnova, A.B. (6602746803); Kurzina, N.P. (6603091265)","6602746803; 6603091265","Formation of lateralization of manipulatory food-procuring behavior in the white rat early ontogenesis","2013","Journal of Evolutionary Biochemistry and Physiology","49","3","","341","347","6","1","10.1134/S0022093013030080","https://www.scopus.com/inward/record.uri?eid=2-s2.0-84883816572&doi=10.1134%2fS0022093013030080&partnerID=40&md5=1767e76e618b9e7106098bd28d9dc937","Article","Final","","Scopus","2-s2.0-84883816572"
"Sen S.; Sherrick G.; Ruiken D.; Grupen R.","Sen, Shiraj (57212636804); Sherrick, Grant (53980269400); Ruiken, Dirk (36715321000); Grupen, Rod (7003740330)","57212636804; 53980269400; 36715321000; 7003740330","Hierarchical skills and skill-based representation","2011","AAAI Workshop - Technical Report","WS-11-15","","","38","43","5","1","","https://www.scopus.com/inward/record.uri?eid=2-s2.0-80055055629&partnerID=40&md5=4015cb1157351296a506452b7b26d3df","Conference paper","Final","","Scopus","2-s2.0-80055055629"
"Lemaignan S.","Lemaignan, Séverin (18234152100)","18234152100","Grounding the Interaction: Knowledge Management for Interactive Robots: Dissertation Abstract","2013","KI - Kunstliche Intelligenz","27","2","","183","185","2","7","10.1007/s13218-013-0246-3","https://www.scopus.com/inward/record.uri?eid=2-s2.0-84936953381&doi=10.1007%2fs13218-013-0246-3&partnerID=40&md5=5fc74af59a9269a9d812727a89681f2b","Article","Final","","Scopus","2-s2.0-84936953381"
"Panahi A.K.; Cho S.","Panahi, Ali Keshavarz (36191023200); Cho, Sohyung (57192806505)","36191023200; 57192806505","Objective assessment of minimally invasive surgical skills","2013","ASME International Mechanical Engineering Congress and Exposition, Proceedings (IMECE)","3 A","","","","","","0","10.1115/IMECE2013-63739","https://www.scopus.com/inward/record.uri?eid=2-s2.0-84903456202&doi=10.1115%2fIMECE2013-63739&partnerID=40&md5=e6f9bf1ef19d2e4149ad7f5665b8de85","Conference paper","Final","","Scopus","2-s2.0-84903456202"
"Nguyen S.M.; Oudeyer P.-Y.","Nguyen, Sao Mai (54387384600); Oudeyer, Pierre-Yves (6507418132)","54387384600; 6507418132","Active Choice of Teachers, Learning Strategies and Goals for a Socially Guided Intrinsic Motivation Learner","2012","Paladyn","3","3","","136","146","10","35","10.2478/s13230-013-0110-z","https://www.scopus.com/inward/record.uri?eid=2-s2.0-84884513535&doi=10.2478%2fs13230-013-0110-z&partnerID=40&md5=295f1e2090492452bbb2476c2b5cc02f","Article","Final","All Open Access; Gold Open Access; Green Open Access","Scopus","2-s2.0-84884513535"
"Patel S.R.; Hedican S.P.; Bishoff J.T.; Shichman S.J.; Link R.E.; Wolf Jr. J.S.; Nakada S.Y.","Patel, Sutchin R. (7403903552); Hedican, Sean P. (6701635026); Bishoff, Jay T. (7004038828); Shichman, Steven J. (6603382280); Link, Richard E. (7006562401); Wolf Jr., J. Stuart (7403564957); Nakada, Stephen Y. (7102965296)","7403903552; 6701635026; 7004038828; 6603382280; 7006562401; 7403564957; 7102965296","Skill based mentored laparoscopy course participation leads to laparoscopic practice expansion and assists in transition to robotic surgery","2011","Journal of Urology","186","5","","1997","2000","3","11","10.1016/j.juro.2011.07.007","https://www.scopus.com/inward/record.uri?eid=2-s2.0-80053989830&doi=10.1016%2fj.juro.2011.07.007&partnerID=40&md5=9f7774605a33cbfc8ca785f4187e1d90","Article","Final","","Scopus","2-s2.0-80053989830"
"Tanaka H.; Schauß T.; Ohnishi K.; Peer A.; Buss M.","Tanaka, Hiroyuki (55628563863); Schauß, Thomas (24781014700); Ohnishi, Kouhei (35500694600); Peer, Angelika (15823160300); Buss, Martin (7006359409)","55628563863; 24781014700; 35500694600; 15823160300; 7006359409","A coordinating controller for improved task performance in multi-user teleoperation","2010","Lecture Notes in Computer Science (including subseries Lecture Notes in Artificial Intelligence and Lecture Notes in Bioinformatics)","6191 LNCS","PART 1","","155","160","5","2","10.1007/978-3-642-14064-8_23","https://www.scopus.com/inward/record.uri?eid=2-s2.0-77955156077&doi=10.1007%2f978-3-642-14064-8_23&partnerID=40&md5=cfdb9c2e0458bc238b9a0e81bd94956f","Conference paper","Final","","Scopus","2-s2.0-77955156077"
"Peters J.; Kober J.; Mülling K.; Krämer O.; Neumann G.","Peters, Jan (35248912800); Kober, Jens (22940629000); Mülling, Katharina (36959948000); Krämer, Oliver (59022963400); Neumann, Gerhard (23392898000)","35248912800; 22940629000; 36959948000; 59022963400; 23392898000","Towards robot skill learning: From simple skills to table tennis","2013","Lecture Notes in Computer Science (including subseries Lecture Notes in Artificial Intelligence and Lecture Notes in Bioinformatics)","8190 LNAI","PART 3","","627","631","4","26","10.1007/978-3-642-40994-3_42","https://www.scopus.com/inward/record.uri?eid=2-s2.0-84886492011&doi=10.1007%2f978-3-642-40994-3_42&partnerID=40&md5=7e0aa7fdd91cfff72735feff6c40629d","Conference paper","Final","","Scopus","2-s2.0-84886492011"
"Rafii-Tari H.; Payne C.J.; Riga C.; Bicknell C.; Lee S.-L.; Yang G.-Z.","Rafii-Tari, Hedyeh (40462397700); Payne, Christopher J. (36622128200); Riga, Celia (24345300300); Bicknell, Colin (6701649965); Lee, Su-Lin (8431703100); Yang, Guang-Zhong (55539304100)","40462397700; 36622128200; 24345300300; 6701649965; 8431703100; 55539304100","Assessment of navigation cues with proximal force sensing during endovascular catheterization","2012","Lecture Notes in Computer Science (including subseries Lecture Notes in Artificial Intelligence and Lecture Notes in Bioinformatics)","7511 LNCS","","","560","567","7","13","10.1007/978-3-642-33418-4_69","https://www.scopus.com/inward/record.uri?eid=2-s2.0-84988905748&doi=10.1007%2f978-3-642-33418-4_69&partnerID=40&md5=9e469864286fd9702b3adbc5d1d7bbae","Conference paper","Final","","Scopus","2-s2.0-84988905748"
"Lin H.-I.; Liu Y.-C.; Chen C.-L.","Lin, Hsien-I (24780828300); Liu, Yu-Cheng (49961675700); Chen, Chi-Li (46460920900)","24780828300; 49961675700; 46460920900","Evaluation of human-robot arm movement imitation","2011","ASCC 2011 - 8th Asian Control Conference - Final Program and Proceedings","","","5899086","287","292","5","7","","https://www.scopus.com/inward/record.uri?eid=2-s2.0-80051961150&partnerID=40&md5=89c9e2eca19fbef9260dcf2d9ccd1bef","Conference paper","Final","","Scopus","2-s2.0-80051961150"
"Rafii-Taril H.; Payne C.J.; Riga C.; Bicknell C.; Lee S.L.; Yang G.Z.","Rafii-Taril, Hedyeh (55570946600); Payne, Christopher J (36622128200); Riga, Celia (24345300300); Bicknell, Colin (6701649965); Lee, Su-Lin (8431703100); Yang, Guang-Zhong (55539304100)","55570946600; 36622128200; 24345300300; 6701649965; 8431703100; 55539304100","Assessment of navigation cues with proximal force sensing during endovascular catheterization.","2012","Medical image computing and computer-assisted intervention : MICCAI ... International Conference on Medical Image Computing and Computer-Assisted Intervention","15","Pt 2","","560","567","7","14","","https://www.scopus.com/inward/record.uri?eid=2-s2.0-84872909423&partnerID=40&md5=c7cc635829aeabdd6487660cb36b97d6","Article","Final","","Scopus","2-s2.0-84872909423"
"Nelson R.","Nelson, Rick (57198614298)","57198614298","Robots: Will they hire or fire us?","2013","EE: Evaluation Engineering","52","11","","","","2","0","","https://www.scopus.com/inward/record.uri?eid=2-s2.0-84889840796&partnerID=40&md5=cea76dad86b29ca329f24f7cf01152e9","Short survey","Final","","Scopus","2-s2.0-84889840796"
"Pedersen M.R.; Høilund C.; Krüger V.","Pedersen, Mikkel Rath (57213867649); Høilund, Carsten (35181447900); Krüger, Volker (7003464904)","57213867649; 35181447900; 7003464904","Using human gestures and generic skills to instruct a mobile robot arm in a feeder filling scenario","2012","2012 IEEE International Conference on Mechatronics and Automation, ICMA 2012","","","6282849","243","248","5","7","10.1109/ICMA.2012.6282849","https://www.scopus.com/inward/record.uri?eid=2-s2.0-84867605126&doi=10.1109%2fICMA.2012.6282849&partnerID=40&md5=ddeb919020cdcc9ea2b9a7756f5ed819","Conference paper","Final","All Open Access; Green Open Access","Scopus","2-s2.0-84867605126"
"Notheis S.; Milighetti G.; Hein B.; Wörn H.; Beyerer J.","Notheis, Simon (36802417600); Milighetti, Giulio (8404631900); Hein, Björn (23008891600); Wörn, Heinz (7003467912); Beyerer, Jürgen (6603794653)","36802417600; 8404631900; 23008891600; 7003467912; 6603794653","Skill-based telemanipulation by means of intelligent robots","2010","IEEE/RSJ 2010 International Conference on Intelligent Robots and Systems, IROS 2010 - Conference Proceedings","","","5650731","5258","5263","5","4","10.1109/IROS.2010.5650731","https://www.scopus.com/inward/record.uri?eid=2-s2.0-78651489871&doi=10.1109%2fIROS.2010.5650731&partnerID=40&md5=0bf52f6e36bc22a754e8dee11f016d88","Conference paper","Final","All Open Access; Green Open Access","Scopus","2-s2.0-78651489871"
"Nakamura A.; Kawai Y.","Nakamura, Akira (55236249100); Kawai, Yoshihiro (7401615944)","55236249100; 7401615944","Recovery technique from classified errors in adjustment tasks of domestic appliances","2011","Proceedings of the 16th International Symposium on Artificial Life and Robotics, AROB 16th'11","","","","930","933","3","0","","https://www.scopus.com/inward/record.uri?eid=2-s2.0-84866725726&partnerID=40&md5=50f5c876df6fb0b878263d41f805fee1","Conference paper","Final","","Scopus","2-s2.0-84866725726"
"Ding F.; Huang J.; Matsuno T.; Fukuda T.","Ding, Feng (36022246800); Huang, Jian (58188004000); Matsuno, Takayuki (7101883099); Fukuda, Toshio (36037263500)","36022246800; 58188004000; 7101883099; 36037263500","Skill-based vibration suppression in manipulation of deformable linear objects","2011","2011 Int. Symp. on Micro-NanoMechatronics and Human Science, Symp. on ""COE for Education and Research of Micro-Nano Mechatronics"", Symposium on ""Hyper Bio Assembler for 3D Cellular System Innovation""","","","6102220","421","426","5","12","10.1109/MHS.2011.6102220","https://www.scopus.com/inward/record.uri?eid=2-s2.0-84863301532&doi=10.1109%2fMHS.2011.6102220&partnerID=40&md5=bcf441805330fc66d9ec4557c987518f","Conference paper","Final","","Scopus","2-s2.0-84863301532"
"Ju Z.; Liu H.","Ju, Zhaojie (25655056800); Liu, Honghai (54958434200)","25655056800; 54958434200","Human hand motion recognition using empirical copula","2010","IEEE/RSJ 2010 International Conference on Intelligent Robots and Systems, IROS 2010 - Conference Proceedings","","","5649027","4625","4630","5","1","10.1109/IROS.2010.5649027","https://www.scopus.com/inward/record.uri?eid=2-s2.0-78651503309&doi=10.1109%2fIROS.2010.5649027&partnerID=40&md5=6ddc896e698a45e61fad4d637436e6be","Conference paper","Final","","Scopus","2-s2.0-78651503309"
"Deshpande A.D.; Xu Z.; Weghe M.J.V.; Brown B.H.; Ko J.; Chang L.Y.; Wilkinson D.D.; Bidic S.M.; Matsuoka Y.","Deshpande, Ashish D. (7202168327); Xu, Zhe (59047067900); Weghe, Michael J. Vande (6507850086); Brown, Benjamin H. (7404161932); Ko, Jonathan (8076729600); Chang, Lillian Y. (8728779500); Wilkinson, David D. (57224797705); Bidic, Sean M. (6507904042); Matsuoka, Yoky (7402637760)","7202168327; 59047067900; 6507850086; 7404161932; 8076729600; 8728779500; 57224797705; 6507904042; 7402637760","Mechanisms of the anatomically correct testbed hand","2013","IEEE/ASME Transactions on Mechatronics","18","1","6032103","238","250","12","131","10.1109/TMECH.2011.2166801","https://www.scopus.com/inward/record.uri?eid=2-s2.0-84866481691&doi=10.1109%2fTMECH.2011.2166801&partnerID=40&md5=eaa07c0e4187fdcdc5fbbe9c6f93883f","Article","Final","","Scopus","2-s2.0-84866481691"
"Haage M.; Malec J.; Nilsson A.; Nilsson K.; Nowaczyk S.","Haage, Mathias (15727868300); Malec, Jacek (12445541400); Nilsson, Anders (57225343955); Nilsson, Klas (7202864700); Nowaczyk, Sławomir (23398175200)","15727868300; 12445541400; 57225343955; 7202864700; 23398175200","Declarative-knowledge-based reconfiguration of automation systems using a blackboard architecture","2011","Frontiers in Artificial Intelligence and Applications","227","","","163","172","9","14","10.3233/978-1-60750-754-3-163","https://www.scopus.com/inward/record.uri?eid=2-s2.0-79956141087&doi=10.3233%2f978-1-60750-754-3-163&partnerID=40&md5=994322eb201747749797e0e5b9339dd1","Conference paper","Final","","Scopus","2-s2.0-79956141087"
"","","","IEEE SSCI 2011: Symposium Series on Computational Intelligence - RIISS 2011: 2011 IEEE Workshop on Robotic Intelligence in Informationally Structured Space","2011","IEEE SSCI 2011: Symposium Series on Computational Intelligence - RIISS 2011: 2011 IEEE Workshop on Robotic Intelligence in Informationally Structured Space","","","","","","150","0","","https://www.scopus.com/inward/record.uri?eid=2-s2.0-79961224613&partnerID=40&md5=38edd2496c9323b48017690fc0bafeba","Conference review","Final","","Scopus","2-s2.0-79961224613"
"Steffen J.; Oztop E.; Ritter H.","Steffen, Jan (24777364100); Oztop, Erhan (8744870300); Ritter, Helge (55964297500)","24777364100; 8744870300; 55964297500","Structured unsupervised kernel regression for closed-loop motion control","2010","IEEE/RSJ 2010 International Conference on Intelligent Robots and Systems, IROS 2010 - Conference Proceedings","","","5651216","75","80","5","6","10.1109/IROS.2010.5651216","https://www.scopus.com/inward/record.uri?eid=2-s2.0-78651474428&doi=10.1109%2fIROS.2010.5651216&partnerID=40&md5=c65fbdf22a9b0276fff49c96d03dd06f","Conference paper","Final","","Scopus","2-s2.0-78651474428"
"Babič J.; Hale J.G.; Oztop E.","Babič, Jan (6701699940); Hale, Joshua G. (7202307922); Oztop, Erhan (8744870300)","6701699940; 7202307922; 8744870300","Human sensorimotor learning for humanoid robot skill synthesis","2011","Adaptive Behavior","19","4","","250","263","13","28","10.1177/1059712311411112","https://www.scopus.com/inward/record.uri?eid=2-s2.0-80052010164&doi=10.1177%2f1059712311411112&partnerID=40&md5=ad028bfc99eeb8a89c185e07a7cc646d","Article","Final","","Scopus","2-s2.0-80052010164"
"Ferreira M.; Rocha L.; Costa P.; Moreira A.P.","Ferreira, Marcos (35955835700); Rocha, Luís (48361687100); Costa, Paulo (27167495800); Moreira, A. Paulo (55971638300)","35955835700; 48361687100; 27167495800; 55971638300","Stereoscopic vision system for human gesture tracking and robot programming by demonstration","2013","Communications in Computer and Information Science","371","","","82","90","8","0","10.1007/978-3-642-39223-8_8","https://www.scopus.com/inward/record.uri?eid=2-s2.0-84888422401&doi=10.1007%2f978-3-642-39223-8_8&partnerID=40&md5=f8763258c0c0f5ec869f4f07a9a9998d","Conference paper","Final","","Scopus","2-s2.0-84888422401"
"Laaksonen J.; Felip J.; Morales A.; Kyrki V.","Laaksonen, Janne (24280242600); Felip, Javier (35409023600); Morales, Antonio (7202367874); Kyrki, Ville (6603653623)","24280242600; 35409023600; 7202367874; 6603653623","Embodiment independent manipulation through action abstraction","2010","Proceedings - IEEE International Conference on Robotics and Automation","","","5509153","2113","2118","5","6","10.1109/ROBOT.2010.5509153","https://www.scopus.com/inward/record.uri?eid=2-s2.0-77955812130&doi=10.1109%2fROBOT.2010.5509153&partnerID=40&md5=6c5019cd63013c1679adea2fc9007948","Conference paper","Final","","Scopus","2-s2.0-77955812130"
"Ciancio A.L.; Zollo L.; Guglielmelli E.; Caligiore D.; Baldassarre G.","Ciancio, Anna Lisa (53879404600); Zollo, Loredana (55902740000); Guglielmelli, Eugenio (7003550032); Caligiore, Daniele (23092725300); Baldassarre, Gianluca (57196314496)","53879404600; 55902740000; 7003550032; 23092725300; 57196314496","Hierarchical reinforcement learning and central pattern generators for modeling the development of rhythmic manipulation skills","2011","2011 IEEE International Conference on Development and Learning, ICDL 2011","","","6037370","","","","15","10.1109/DEVLRN.2011.6037370","https://www.scopus.com/inward/record.uri?eid=2-s2.0-80055010893&doi=10.1109%2fDEVLRN.2011.6037370&partnerID=40&md5=9b4550371cc18f865b9552a595a79593","Conference paper","Final","","Scopus","2-s2.0-80055010893"
"Svaco M.; Basic D.; Sekoranja B.; Jerbic B.","Svaco, Marko (37006332800); Basic, Denis (56126580900); Sekoranja, Bojan (37006247300); Jerbic, Bojan (6602397236)","37006332800; 56126580900; 37006247300; 6602397236","A capacitive sensor for human-robot interaction","2012","23rd DAAAM International Symposium on Intelligent Manufacturing and Automation 2012","2","","","819","822","3","3","","https://www.scopus.com/inward/record.uri?eid=2-s2.0-84899085751&partnerID=40&md5=16d96f782310fa7f31aebd9d2812903f","Conference paper","Final","","Scopus","2-s2.0-84899085751"
"Guan Y.; Zhu H.; Wu W.; Zhou X.; Jiang L.; Cai C.; Zhang L.; Zhang H.","Guan, Yisheng (7202924042); Zhu, Haifei (55657362800); Wu, Wenqiang (55657862400); Zhou, Xuefeng (55743312800); Jiang, Li (34770599200); Cai, Chuanwu (35744526400); Zhang, Lianmeng (8701487500); Zhang, Hong (57188562671)","7202924042; 55657362800; 55657862400; 55743312800; 34770599200; 35744526400; 8701487500; 57188562671","A modular biped wall-climbing robot with high mobility and manipulating function","2013","IEEE/ASME Transactions on Mechatronics","18","6","6295663","1787","1798","11","143","10.1109/TMECH.2012.2213303","https://www.scopus.com/inward/record.uri?eid=2-s2.0-84898597491&doi=10.1109%2fTMECH.2012.2213303&partnerID=40&md5=2dd224f4ffc9fd0a9b3cb16b0035f704","Article","Final","","Scopus","2-s2.0-84898597491"
"Martin J.; Huard B.; Robert M.; Grossard M.","Martin, Javier (56131283500); Huard, Benoît (57206217500); Robert, Mathieu (53164757200); Grossard, Mathieu (24490939600)","56131283500; 57206217500; 53164757200; 24490939600","Novel self-sensing actuated joint for robotic hands","2011","IEEE/ASME International Conference on Advanced Intelligent Mechatronics, AIM","","","6027003","475","480","5","5","10.1109/AIM.2011.6027003","https://www.scopus.com/inward/record.uri?eid=2-s2.0-80053946605&doi=10.1109%2fAIM.2011.6027003&partnerID=40&md5=14dfeb84a787ddb2cbda128513a9813b","Conference paper","Final","","Scopus","2-s2.0-80053946605"
"Pastor P.; Kalakrishnan M.; Righetti L.; Schaal S.","Pastor, Peter (57197413733); Kalakrishnan, Mrinal (24467757900); Righetti, Ludovic (22981433900); Schaal, Stefan (7007171558)","57197413733; 24467757900; 22981433900; 7007171558","Towards associative skill memories","2012","IEEE-RAS International Conference on Humanoid Robots","","","6651537","309","315","6","86","10.1109/HUMANOIDS.2012.6651537","https://www.scopus.com/inward/record.uri?eid=2-s2.0-84891103646&doi=10.1109%2fHUMANOIDS.2012.6651537&partnerID=40&md5=9ec81c0e2f0941bd0acea83fb77e661b","Conference paper","Final","","Scopus","2-s2.0-84891103646"
"Tvaryanas A.P.; Thompson W.T.; Constable S.H.","Tvaryanas, Anthony P. (6602240698); Thompson, William T. (14039672100); Constable, Stefan H. (57196508107)","6602240698; 14039672100; 57196508107","Human factors in remotely piloted aircraft operations: HFACS analysis of 221 mishaps over 10 years","2006","Aviation Space and Environmental Medicine","77","7","","724","732","8","80","","https://www.scopus.com/inward/record.uri?eid=2-s2.0-33745935980&partnerID=40&md5=6052eda9c1a337a92800318095c8ae26","Article","Final","","Scopus","2-s2.0-33745935980"
"Chen Y.; Naghdy F.","Chen, Y. (59653156100); Naghdy, F. (35609146200)","59653156100; 35609146200","Acquisition of manipulation skills from a haptic rendered virtual environment","2004","Integrated Computer-Aided Engineering","11","4","","359","372","13","0","10.3233/ica-2004-11406","https://www.scopus.com/inward/record.uri?eid=2-s2.0-10044243817&doi=10.3233%2fica-2004-11406&partnerID=40&md5=064ba4598a09bfcb6a586da0cb82ccc2","Article","Final","","Scopus","2-s2.0-10044243817"
"Calinon S.; Billard A.G.","Calinon, Sylvain (6507248533); Billard, Aude G. (7006389948)","6507248533; 7006389948","What is the teacher's role in robot programming by demonstration? Toward benchmarks for improved learning","2007","Interaction Studies","8","3","","441","464","23","94","10.1075/is.8.3.08cal","https://www.scopus.com/inward/record.uri?eid=2-s2.0-39049132513&doi=10.1075%2fis.8.3.08cal&partnerID=40&md5=ea91d406b867ad6d7c5c3afb8a2262d1","Article","Final","All Open Access; Green Open Access","Scopus","2-s2.0-39049132513"
"Rozo L.; Jiménez P.; Torras C.","Rozo, Leonel (36603179000); Jiménez, Pablo (7103171718); Torras, Carme (7003421114)","36603179000; 7103171718; 7003421114","Learning force-based robot skills from haptic demonstration","2010","Frontiers in Artificial Intelligence and Applications","220","","","331","340","9","9","10.3233/978-1-60750-643-0-331","https://www.scopus.com/inward/record.uri?eid=2-s2.0-78049315385&doi=10.3233%2f978-1-60750-643-0-331&partnerID=40&md5=9907e9704b8e2c4708295d9cdfcebadb","Conference paper","Final","","Scopus","2-s2.0-78049315385"
"Dong S.; Naghdy F.","Dong, Shen (36837763100); Naghdy, Fazel (35609146200)","36837763100; 35609146200","Application of hidden Markov model to acquisition of manipulation skills from haptic rendered virtual environment","2007","Robotics and Computer-Integrated Manufacturing","23","3","","351","360","9","11","10.1016/j.rcim.2006.02.010","https://www.scopus.com/inward/record.uri?eid=2-s2.0-33846796035&doi=10.1016%2fj.rcim.2006.02.010&partnerID=40&md5=bdfaf42720eab6187d68ef77e802ebae","Article","Final","","Scopus","2-s2.0-33846796035"
"Newman W.; Birkhimer C.; Hebbar R.","Newman, Wyatt (7202790609); Birkhimer, Craig (8144282200); Hebbar, Ravi (6506116288)","7202790609; 8144282200; 6506116288","Towards Automatic Transfer of Human Skills for Robotic Assembly","2003","IEEE International Conference on Intelligent Robots and Systems","3","","","2528","2533","5","10","","https://www.scopus.com/inward/record.uri?eid=2-s2.0-0348252369&partnerID=40&md5=bcff11b672e06e9f7c80dd08a7042e06","Conference paper","Final","","Scopus","2-s2.0-0348252369"
"Moorthy K.; Munz Y.; Dosis A.; Hernandez J.; Martin S.; Bello F.; Rockall T.; Darzi A.","Moorthy, K. (7005014119); Munz, Y. (6602197387); Dosis, A. (6507543369); Hernandez, J. (7403026610); Martin, S. (7404841866); Bello, F. (24329025000); Rockall, T. (6701736878); Darzi, A. (14633357600)","7005014119; 6602197387; 6507543369; 7403026610; 7404841866; 24329025000; 6701736878; 14633357600","Dexterity enhancement with robotic surgery","2004","Surgical Endoscopy and Other Interventional Techniques","18","5","","790","795","5","271","10.1007/s00464-003-8922-2","https://www.scopus.com/inward/record.uri?eid=2-s2.0-2442526347&doi=10.1007%2fs00464-003-8922-2&partnerID=40&md5=15f8a1e0aeaa185fda2d28d74ba58807","Article","Final","","Scopus","2-s2.0-2442526347"
"Wei Y.; Zhao M.","Wei, Yingzi (24832264500); Zhao, Mingyang (7403534663)","24832264500; 7403534663","A framework for the robot skill learning using reinforcement learning","2003","Proceedings of SPIE - The International Society for Optical Engineering","5253","","","910","914","4","0","10.1117/12.522188","https://www.scopus.com/inward/record.uri?eid=2-s2.0-2342633301&doi=10.1117%2f12.522188&partnerID=40&md5=e05f364946fd3f1e9c172f29269be2fe","Conference paper","Final","","Scopus","2-s2.0-2342633301"
"Chen Y.; Naghdy F.","Chen, Y. (58431851700); Naghdy, F. (35609146200)","58431851700; 35609146200","Skill acquisition in transfer of manipulation skills from human to machine through a haptic virtual environment","2002","Proceedings of the IEEE International Conference on Industrial Technology","1","","1189918","337","342","5","10","10.1109/ICIT.2002.1189918","https://www.scopus.com/inward/record.uri?eid=2-s2.0-49249109398&doi=10.1109%2fICIT.2002.1189918&partnerID=40&md5=78bbd5e1b75f209afc0c8dbb5fa31345","Conference paper","Final","All Open Access; Green Open Access","Scopus","2-s2.0-49249109398"
"Kenney J.; Buckley T.; Brock O.","Kenney, Jacqueline (23008900300); Buckley, Thomas (57238357800); Brock, Oliver (6602822080)","23008900300; 57238357800; 6602822080","Interactive segmentation for manipulation in unstructured environments","2009","Proceedings - IEEE International Conference on Robotics and Automation","","","5152393","1377","1382","5","71","10.1109/ROBOT.2009.5152393","https://www.scopus.com/inward/record.uri?eid=2-s2.0-84938274480&doi=10.1109%2fROBOT.2009.5152393&partnerID=40&md5=59d7911fcbbb63db7eedb99c7cb671b8","Conference paper","Final","","Scopus","2-s2.0-84938274480"
"Hart S.; Sen S.; Grupen R.","Hart, Stephen (10242089500); Sen, Shiraj (57212636804); Grupen, Rod (7003740330)","10242089500; 57212636804; 7003740330","Intrinsically motivated hierarchical manipulation","2008","Proceedings - IEEE International Conference on Robotics and Automation","","","4543796","3814","3819","5","21","10.1109/ROBOT.2008.4543796","https://www.scopus.com/inward/record.uri?eid=2-s2.0-51649105212&doi=10.1109%2fROBOT.2008.4543796&partnerID=40&md5=e815707676dae29349f1553af467c517","Conference paper","Final","","Scopus","2-s2.0-51649105212"
"Salomon R.; Krumpholz B.; Pfüller H.","Salomon, Ralf (56235360200); Krumpholz, Birgit (55650019500); Pfüller, Hartmut (55649623700)","56235360200; 55650019500; 55649623700","The SPURT approach: An alternative way of teaching engineering matters","2005","Proceedings of the IASTED International Conference on Web-Based Education, WBE 2005","","","","661","666","5","0","","https://www.scopus.com/inward/record.uri?eid=2-s2.0-84887293291&partnerID=40&md5=41c3c764044602fdb02fd9dcc4144afe","Conference paper","Final","","Scopus","2-s2.0-84887293291"
"Weser M.; Zhang J.","Weser, Martin (23981256500); Zhang, Jianwei (56039580400)","23981256500; 56039580400","Autonomous planning for mobile manipulation services based on multi-level robot skills","2009","2009 IEEE/RSJ International Conference on Intelligent Robots and Systems, IROS 2009","","","5353901","1999","2004","5","8","10.1109/IROS.2009.5353901","https://www.scopus.com/inward/record.uri?eid=2-s2.0-76249127766&doi=10.1109%2fIROS.2009.5353901&partnerID=40&md5=ddae68a1c4b138a56755c381b9c41573","Conference paper","Final","","Scopus","2-s2.0-76249127766"
"Metta G.; Sandini G.; Vernon D.; Natale L.; Nori F.","Metta, Giorgio (6602884280); Sandini, Giulio (35280694500); Vernon, David (55278856700); Natale, Lorenzo (9737895100); Nori, Francesco (57197776930)","6602884280; 35280694500; 55278856700; 9737895100; 57197776930","The iCub humanoid robot: An open platform for research in embodied cognition","2008","Performance Metrics for Intelligent Systems (PerMIS) Workshop","","","","50","56","6","460","10.1145/1774674.1774683","https://www.scopus.com/inward/record.uri?eid=2-s2.0-77950550081&doi=10.1145%2f1774674.1774683&partnerID=40&md5=1c5d473fda6394c7349ad9fc895c3a60","Conference paper","Final","","Scopus","2-s2.0-77950550081"
"Rivas R.; Corrales A.; Barber R.; Salichs M.A.","Rivas, R. (17435863400); Corrales, A. (17433438000); Barber, R. (7201418416); Salichs, M.A. (6603829011)","17435863400; 17433438000; 7201418416; 6603829011","Robot skill abstraction for ad architecture","2007","IFAC Proceedings Volumes (IFAC-PapersOnline)","6","PART 1","","415","420","5","12","","https://www.scopus.com/inward/record.uri?eid=2-s2.0-79960947705&partnerID=40&md5=412384ac580128183001156bb7e61840","Conference paper","Final","","Scopus","2-s2.0-79960947705"
"Jenkins O.C.; Nicolescu M.N.; Matarić M.J.","Jenkins, Odest Chadwicke (35589011000); Nicolescu, Monica N. (7003316754); Matarić, Maja J. (7005611984)","35589011000; 7003316754; 7005611984","Autonomy and supervision for robot skills and tasks learned from demonstration","2004","AAAI Workshop - Technical Report","WS-04-10","","","27","29","2","3","","https://www.scopus.com/inward/record.uri?eid=2-s2.0-32144454389&partnerID=40&md5=36c51b333b7d2b4763c3e5c18abec2c0","Conference paper","Final","","Scopus","2-s2.0-32144454389"
"Graefe V.; Bischoff R.","Graefe, Volker (6603751741); Bischoff, Rainer (35777393300)","6603751741; 35777393300","Learning robots","2010","3rd International Symposium on Test Automation and Instrumentation, ISTAI 2010","","","","1","9","8","0","","https://www.scopus.com/inward/record.uri?eid=2-s2.0-84900024622&partnerID=40&md5=41bfb74885f81173351f73e4b418391d","Conference paper","Final","","Scopus","2-s2.0-84900024622"
"Ionescu F.; Talpasanu I.; Kostadinov K.; Hradynarski R.; Arotaritei D.","Ionescu, Florin (7003343939); Talpasanu, Ilie (12645986400); Kostadinov, Kostadin (6701739798); Hradynarski, Radyk (25645675500); Arotaritei, Dragos (55901104400)","7003343939; 12645986400; 6701739798; 25645675500; 55901104400","Closed chain mechanism of a micro and nano robot for cell manipulations","2007","Proceedings of the 13th IASTED International Conference on Robotics and Applications, RA 2007 and Proceedings of the IASTED International Conference on Telematics","","","","340","345","5","3","","https://www.scopus.com/inward/record.uri?eid=2-s2.0-56149092006&partnerID=40&md5=1734863e520cc8fa0ab9d8b8a9e50781","Conference paper","Final","","Scopus","2-s2.0-56149092006"
"Touati Y.; Amirat Y.; Saadia N.; Ali-Chérif A.","Touati, Y. (6603142785); Amirat, Y. (7003336093); Saadia, N. (6507760408); Ali-Chérif, A. (24775058100)","6603142785; 7003336093; 6507760408; 24775058100","A neural network-based approach for an assembly cell control","2008","Applied Soft Computing Journal","8","4","","1335","1343","8","5","10.1016/j.asoc.2007.10.001","https://www.scopus.com/inward/record.uri?eid=2-s2.0-50249125979&doi=10.1016%2fj.asoc.2007.10.001&partnerID=40&md5=f3502c889eb4804aaaf1094ea5d6350b","Article","Final","","Scopus","2-s2.0-50249125979"
"Ionescu F.; Talpasanu I.","Ionescu, Florin (7003343939); Talpasanu, Ilie (12645986400)","7003343939; 12645986400","Teleoperation hybrid robot for cell micro and nano manipulations","2006","Proceedings of Frontiers in Biomedical Devices Conference, NanoBio06","2006","","","","","2","2","10.1115/nanobio2006-18018","https://www.scopus.com/inward/record.uri?eid=2-s2.0-33845771392&doi=10.1115%2fnanobio2006-18018&partnerID=40&md5=3cb4b09a9e39bd7f475b5e04171a23cb","Conference paper","Final","","Scopus","2-s2.0-33845771392"
"Nakamura A.; Kitagaki K.","Nakamura, Akira (55236249100); Kitagaki, Kosei (7003367501)","55236249100; 7003367501","Skill-based manipulation and error recovery in maintenance tasks","2007","Proceedings of the 12th International Symposium on Artificial Life and Robotis, AROB 12th'07","","","","179","182","3","3","","https://www.scopus.com/inward/record.uri?eid=2-s2.0-72449154332&partnerID=40&md5=66d80e52c420a80252dd8411481741c8","Conference paper","Final","","Scopus","2-s2.0-72449154332"
"Konidaris G.; Barto A.","Konidaris, George (14822243500); Barto, Andrew (7003417191)","14822243500; 7003417191","Sensorimotor abstraction selection for efficient, autonomous robot skill acquisition","2008","2008 IEEE 7th International Conference on Development and Learning, ICDL","","","4640821","151","156","5","10","10.1109/DEVLRN.2008.4640821","https://www.scopus.com/inward/record.uri?eid=2-s2.0-67650127165&doi=10.1109%2fDEVLRN.2008.4640821&partnerID=40&md5=888308febe9700ac6b26869cbd71aaed","Conference paper","Final","","Scopus","2-s2.0-67650127165"
"Gopalan R.; Dariush B.","Gopalan, Raghuraman (33867541300); Dariush, Behzad (6602544786)","33867541300; 6602544786","Toward a vision based hand gesture interface for robotic grasping","2009","2009 IEEE/RSJ International Conference on Intelligent Robots and Systems, IROS 2009","","","5354682","1452","1459","7","8","10.1109/IROS.2009.5354682","https://www.scopus.com/inward/record.uri?eid=2-s2.0-76249119083&doi=10.1109%2fIROS.2009.5354682&partnerID=40&md5=e5b20b6171326321cc6d34cc274a9e92","Conference paper","Final","","Scopus","2-s2.0-76249119083"
"Liu J.-F.; Gu Y.; Ren X.-M.","Liu, Jun-Feng (57196289564); Gu, Yang (57199810552); Ren, Xue-Mei (23111326700)","57196289564; 57199810552; 23111326700","Kick skill based on fuzzy inference and its Implementation in RoboCup","2003","Beijing Ligong Daxue Xuebao/Transaction of Beijing Institute of Technology","23","5","","571","575","4","0","","https://www.scopus.com/inward/record.uri?eid=2-s2.0-1542714270&partnerID=40&md5=68d5aa103a148a6cf2e33d1403c588ca","Article","Final","","Scopus","2-s2.0-1542714270"
"Hirana K.; Suzuki T.; Okuma S.","Hirana, Kazuaki (6603252421); Suzuki, Tatsuya (55628567602); Okuma, Shigeru (35493609600)","6603252421; 55628567602; 35493609600","Optimal motion planning for assembly skill based on mixed logical dynamical system","2002","International Workshop on Advanced Motion Control, AMC","","","","359","364","5","4","","https://www.scopus.com/inward/record.uri?eid=2-s2.0-19844362278&partnerID=40&md5=436729d7d51c9536a63d421ad5044eb2","Conference paper","Final","","Scopus","2-s2.0-19844362278"
"Calinon S.; Billard A.","Calinon, Sylvain (6507248533); Billard, Aude (7006389948)","6507248533; 7006389948","Active teaching in robot programming by demonstration","2007","Proceedings - IEEE International Workshop on Robot and Human Interactive Communication","","","4415177","702","707","5","71","10.1109/ROMAN.2007.4415177","https://www.scopus.com/inward/record.uri?eid=2-s2.0-48749126225&doi=10.1109%2fROMAN.2007.4415177&partnerID=40&md5=9e2bc2cf0b0d852473893f0425a71271","Conference paper","Final","All Open Access; Green Open Access","Scopus","2-s2.0-48749126225"
"Hur Y.; Choi M.; Han J.","Hur, YunYoung (57224649740); Choi, MiAe (58428902400); Han, Jeonghye (14053724400)","57224649740; 58428902400; 14053724400","Make your own robots to play and learn with! - Robot-based instruction program in Korea-","2009","Proceedings - IEEE International Workshop on Robot and Human Interactive Communication","","","5326276","319","","","1","10.1109/ROMAN.2009.5326276","https://www.scopus.com/inward/record.uri?eid=2-s2.0-72849147762&doi=10.1109%2fROMAN.2009.5326276&partnerID=40&md5=1b2bfabe2ec7a2e25848e4ae495a6b7d","Conference paper","Final","","Scopus","2-s2.0-72849147762"
"Howard A.M.; Park H.W.; Kemp C.C.","Howard, Ayanna M. (26643170000); Park, Hae Won (57191796621); Kemp, Charles C. (56423300400)","26643170000; 57191796621; 56423300400","Extracting play primitives for a robot playmate by sequencing low-level motion behaviors","2008","Proceedings of the 17th IEEE International Symposium on Robot and Human Interactive Communication, RO-MAN","","","4600692","360","365","5","8","10.1109/ROMAN.2008.4600692","https://www.scopus.com/inward/record.uri?eid=2-s2.0-52949102212&doi=10.1109%2fROMAN.2008.4600692&partnerID=40&md5=09f0fe47a790d4d1ac823768a1eb670c","Conference paper","Final","All Open Access; Green Open Access","Scopus","2-s2.0-52949102212"
"Suksawat B.; Ohya T.; Yabuta D.; Hiraoka H.; Ihara T.","Suksawat, B. (24483773500); Ohya, T. (23976515300); Yabuta, D. (23977268200); Hiraoka, H. (35482806300); Ihara, T. (7101896912)","24483773500; 23976515300; 23977268200; 35482806300; 7101896912","A prototype safety system for new on-the-job training (OJT) in an anthropocentric cell manufacturing system","2008","Virtual and Physical Prototyping","3","1","","33","39","6","1","10.1080/17452750701822444","https://www.scopus.com/inward/record.uri?eid=2-s2.0-40749109409&doi=10.1080%2f17452750701822444&partnerID=40&md5=3518a61908ca5e406e1bb1b6204fbf54","Article","Final","","Scopus","2-s2.0-40749109409"
"Liu Z.; Nakamura T.","Liu, Zhiqi (7406672272); Nakamura, Tatsuya (55574186768)","7406672272; 55574186768","Combination of robot control and assembly planning for a precision manipulator","2007","International Journal of Advanced Manufacturing Technology","31","7-8","","797","804","7","7","10.1007/s00170-005-0232-5","https://www.scopus.com/inward/record.uri?eid=2-s2.0-33845809520&doi=10.1007%2fs00170-005-0232-5&partnerID=40&md5=32316faec1170c44677371feb69e27bd","Article","Final","","Scopus","2-s2.0-33845809520"
"Kamada M.; Kurosawa K.; Ohtaki Y.; Okamoto S.","Kamada, Masaru (7201636552); Kurosawa, Kaoru (57216069488); Ohtaki, Yasuhiro (8539555500); Okamoto, Shusuke (8539555600)","7201636552; 57216069488; 8539555500; 8539555600","A network game based on fair random numbers","2005","IEICE Transactions on Information and Systems","E88-D","5","","859","864","5","6","10.1093/ietisy/e88-d.5.859","https://www.scopus.com/inward/record.uri?eid=2-s2.0-24144463780&doi=10.1093%2fietisy%2fe88-d.5.859&partnerID=40&md5=a1740e0471421522a193c9e8d564c591","Article","Final","","Scopus","2-s2.0-24144463780"
"Zhang D.; Nebel B.","Zhang, Dapeng (35520322200); Nebel, Bernhard (7003717286)","35520322200; 7003717286","Learning a table soccer robot a new action sequence by observing and imitating","2007","Proceedings of the 3rd Artificial Intelligence and Interactive Digital Entertainment Conference, AIIDE 2007","","","","61","66","5","8","10.1609/aiide.v3i1.18784","https://www.scopus.com/inward/record.uri?eid=2-s2.0-47249161446&doi=10.1609%2faiide.v3i1.18784&partnerID=40&md5=bb7f93b14046844a9b8fd474f1252483","Conference paper","Final","All Open Access; Bronze Open Access; Green Open Access","Scopus","2-s2.0-47249161446"
"Mayer H.; Nagy I.; Knoll A.; Braun E.U.; Lange R.; Bauernschmitt R.","Mayer, H. (56247876800); Nagy, I. (56227168200); Knoll, A. (7102250639); Braun, E.U. (56208334300); Lange, R. (15762869200); Bauernschmitt, R. (7004080519)","56247876800; 56227168200; 7102250639; 56208334300; 15762869200; 7004080519","Adaptive control for human-robot skilltransfer: Trajectory planning based on fluid dynamics","2007","Proceedings - IEEE International Conference on Robotics and Automation","","","4209347","1800","1807","7","35","10.1109/ROBOT.2007.363583","https://www.scopus.com/inward/record.uri?eid=2-s2.0-36348936723&doi=10.1109%2fROBOT.2007.363583&partnerID=40&md5=53b7937339b7b49442d1ade60be3e36f","Conference paper","Final","All Open Access; Green Open Access","Scopus","2-s2.0-36348936723"
"Oztop E.; Lin L.-H.; Kawato M.; Cheng G.","Oztop, Erhan (8744870300); Lin, Li-Heng (26642934100); Kawato, Mitsuo (7004347773); Cheng, Gordon (10243873000)","8744870300; 26642934100; 7004347773; 10243873000","Extensive human training for robot skill synthesis: Validation on a robotic hand","2007","Proceedings - IEEE International Conference on Robotics and Automation","","","4209345","1788","1793","5","14","10.1109/ROBOT.2007.363581","https://www.scopus.com/inward/record.uri?eid=2-s2.0-36349013717&doi=10.1109%2fROBOT.2007.363581&partnerID=40&md5=fecfc07430f5ada1cd1a97d440bc2ebd","Conference paper","Final","","Scopus","2-s2.0-36349013717"
"Westkämper E.; Spingler J.C.; Beumelburg K.","Westkämper, Engelbert (16069424100); Spingler, Jochen C. (6507051075); Beumelburg, Katharina (57208326277)","16069424100; 6507051075; 57208326277","Skill oriented planning of semi automated assembly systems","2003","IFAC Proceedings Volumes (IFAC-PapersOnline)","36","22","","111","116","5","6","10.1016/S1474-6670(17)37702-9","https://www.scopus.com/inward/record.uri?eid=2-s2.0-85059384675&doi=10.1016%2fS1474-6670%2817%2937702-9&partnerID=40&md5=21916f69befb5681fb3a472d1fd5b638","Conference paper","Final","","Scopus","2-s2.0-85059384675"
"Jo S.","Jo, Sungho (36922784600)","36922784600","Adaptive biomimetic control of robot arm motions","2008","Neurocomputing","71","16-18","","3625","3630","5","3","10.1016/j.neucom.2008.04.015","https://www.scopus.com/inward/record.uri?eid=2-s2.0-56549092169&doi=10.1016%2fj.neucom.2008.04.015&partnerID=40&md5=d691f95d055de695df8460ae99f95f51","Conference paper","Final","","Scopus","2-s2.0-56549092169"
"Castuera J.C.; Lopez-Juarez I.","Castuera, Jorge Corona (8961092500); Lopez-Juarez, Ismael (6507474784)","8961092500; 6507474784","Intelligent task level planning for robotic assembly: Issues and experiments","2004","Lecture Notes in Artificial Intelligence (Subseries of Lecture Notes in Computer Science)","2972","","","872","881","9","4","10.1007/978-3-540-24694-7_90","https://www.scopus.com/inward/record.uri?eid=2-s2.0-9444282653&doi=10.1007%2f978-3-540-24694-7_90&partnerID=40&md5=1ffa8f6659e70b9f3b34655fb5f2d50b","Conference paper","Final","","Scopus","2-s2.0-9444282653"
"Hibi H.","Hibi, Hitoshi (7004414804)","7004414804","An autonomous production system that coexists harmoniously with human - Development of autonomous mobile robot system","2003","Proceedings - IEEE International Conference on Robotics and Automation","2","","","2865","2870","5","2","","https://www.scopus.com/inward/record.uri?eid=2-s2.0-0344876662&partnerID=40&md5=4ac01919c11725bc3e479fa9e0d0e22f","Conference paper","Final","","Scopus","2-s2.0-0344876662"
"Konidaris G.","Konidaris, George (14822243500)","14822243500","Autonomous Robot Skill Acquisition","2008","Proceedings of the 23rd AAAI Conference on Artificial Intelligence, AAAI 2008","","","","1855","1856","1","0","","https://www.scopus.com/inward/record.uri?eid=2-s2.0-85167410887&partnerID=40&md5=99e55d902512a2f301234714620b875b","Conference paper","Final","","Scopus","2-s2.0-85167410887"
"","","","Supervisory Control of Learning and Adaptive Systems - Papers from the AAAI-04 Workshop, Technical Report","2004","AAAI Workshop - Technical Report","WS-04-10","","","","","69","0","","https://www.scopus.com/inward/record.uri?eid=2-s2.0-32144459996&partnerID=40&md5=f53d5b323fdd800688473eeb05ad5f67","Conference review","Final","","Scopus","2-s2.0-32144459996"
"Galindo C.; Fernández-Madrigal J.-A.; González J.","Galindo, Cipriano (7007051088); Fernández-Madrigal, Juan-Antonio (6507644323); González, Javier (6603553203)","7007051088; 6507644323; 6603553203","Implementation and experiences on a real robot","2007","Studies in Computational Intelligence","68","","","115","141","26","0","10.1007/978-3-540-72690-6_6","https://www.scopus.com/inward/record.uri?eid=2-s2.0-34447544210&doi=10.1007%2f978-3-540-72690-6_6&partnerID=40&md5=44e3d10e3a330747c35b77a3e7b3ac98","Article","Final","","Scopus","2-s2.0-34447544210"
"Hüser M.; Baier-Löwenstein T.; Svagusa M.; Zhang J.","Hüser, Markus (23396944700); Baier-Löwenstein, Tim (23395883600); Svagusa, Marina (23398359800); Zhang, Jianwei (56039580400)","23396944700; 23395883600; 23398359800; 56039580400","Natural demonstration of manipulation skills for multimodal interactive robots","2007","Lecture Notes in Computer Science (including subseries Lecture Notes in Artificial Intelligence and Lecture Notes in Bioinformatics)","4555 LNCS","PART 2","","888","897","9","0","10.1007/978-3-540-73281-5_97","https://www.scopus.com/inward/record.uri?eid=2-s2.0-38149048635&doi=10.1007%2f978-3-540-73281-5_97&partnerID=40&md5=2b95438fd4f849a9927a7a07428ffda4","Conference paper","Final","All Open Access; Hybrid Gold Open Access","Scopus","2-s2.0-38149048635"
"Taylor G.; Kleeman L.","Taylor, Geoffrey (55345583100); Kleeman, Lindsay (7003594460)","55345583100; 7003594460","Summary and future work","2006","Springer Tracts in Advanced Robotics","26","","","171","175+207","","0","10.1007/11540151_8","https://www.scopus.com/inward/record.uri?eid=2-s2.0-33748909038&doi=10.1007%2f11540151_8&partnerID=40&md5=002ae6dd234402bed2670913ee70b092","Article","Final","","Scopus","2-s2.0-33748909038"
"Dong S.; Naghdy F.","Dong, Shen (36837763100); Naghdy, Fazel (35609146200)","36837763100; 35609146200","Haptic rendered virtual modelling of gear assembly","2004","IFAC Proceedings Volumes (IFAC-PapersOnline)","37","14","","371","376","5","0","10.1016/S1474-6670(17)31132-1","https://www.scopus.com/inward/record.uri?eid=2-s2.0-85064524952&doi=10.1016%2fS1474-6670%2817%2931132-1&partnerID=40&md5=f58a02db2873d4c3e9bce4b230732cea","Conference paper","Final","","Scopus","2-s2.0-85064524952"
"Wang Q.; Mei Z.-Q.; Zhang G.-L.; Yang R.-Q.","Wang, Qin (57199481206); Mei, Zhi-Qian (35337292100); Zhang, Guang-Li (56170403900); Yang, Ru-Qing (7403924693)","57199481206; 35337292100; 56170403900; 7403924693","Force based skill learning for robot tasks in contact conditions","2004","Journal of Beijing Institute of Technology (English Edition)","13","2","","220","224","4","0","","https://www.scopus.com/inward/record.uri?eid=2-s2.0-4544365103&partnerID=40&md5=3c0cd0c189089cbc326f09ea8f15d3aa","Article","Final","","Scopus","2-s2.0-4544365103"
"","","","IEE/ASME International Conference on Advanced Intelligent Mechatronics, Aim","2007","IEEE/ASME International Conference on Advanced Intelligent Mechatronics, AIM","","","","","","1204","0","","https://www.scopus.com/inward/record.uri?eid=2-s2.0-48649103284&partnerID=40&md5=cd9c4989965e3e54f3e10d4016d155b8","Conference review","Final","","Scopus","2-s2.0-48649103284"
"Schlechter A.; Henrich D.","Schlechter, A. (57217871390); Henrich, D. (7003604183)","57217871390; 7003604183","Manipulating deformable linear objects: Programming using different manipulation skills; [Handhabung deformierbarer linearer Objekte: Programmierunq mit verschiedenen Manipulation-Skills]","2002","VDI Berichte","","1679","","47","52","5","1","","https://www.scopus.com/inward/record.uri?eid=2-s2.0-4444275863&partnerID=40&md5=0c0f89be8d2fd588ffa19a237fda52df","Article","Final","","Scopus","2-s2.0-4444275863"
"Liu Z.; Nakamura T.","Liu, Zhiqi (7406672272); Nakamura, Tatsuya (55574186768)","7406672272; 55574186768","Skin-based micromanipulation system for assembly operation","2003","MHS 2003 - Proceedings of 2003 International Symposium on Micromechatronics and Human Science","","","1249932","197","203","6","5","10.1109/MHS.2003.1249932","https://www.scopus.com/inward/record.uri?eid=2-s2.0-33646189768&doi=10.1109%2fMHS.2003.1249932&partnerID=40&md5=38a2cb81189b4ddc210ace8ade240395","Conference paper","Final","","Scopus","2-s2.0-33646189768"
"Kawasaki H.; Li G.","Kawasaki, Haruhisa (7403230258); Li, Geng (56163676100)","7403230258; 56163676100","Expert Skill-Based Gain Tuning in Discrete-Time Adaptive Control for Robots","2004","Journal of Robotics and Mechatronics","16","1","","54","60","6","5","10.20965/jrm.2004.p0054","https://www.scopus.com/inward/record.uri?eid=2-s2.0-31144450440&doi=10.20965%2fjrm.2004.p0054&partnerID=40&md5=9c6a7c6938ff56fcfdcdd978b81edef8","Article","Final","All Open Access; Hybrid Gold Open Access","Scopus","2-s2.0-31144450440"
"Oztop E.; Babic J.; Hale J.; Cheng G.; Kawato M.","Oztop, Erhan (8744870300); Babic, Jan (6701699940); Hale, Joshua (7202307922); Cheng, Gordon (10243873000); Kawato, Mitsuo (7004347773)","8744870300; 6701699940; 7202307922; 10243873000; 7004347773","From biologically realistic imitation to robot teaching via human motor learning","2008","Lecture Notes in Computer Science (including subseries Lecture Notes in Artificial Intelligence and Lecture Notes in Bioinformatics)","4985 LNCS","PART 2","","214","221","7","4","10.1007/978-3-540-69162-4_23","https://www.scopus.com/inward/record.uri?eid=2-s2.0-54049126598&doi=10.1007%2f978-3-540-69162-4_23&partnerID=40&md5=2061fdc4bb5b119df53c1f5e605a6de3","Conference paper","Final","","Scopus","2-s2.0-54049126598"
"Lin H.-I.; Lee C.S.G.","Lin, Hsien-I. (24780828300); Lee, C.S. George (57196253920)","24780828300; 57196253920","Understanding robot motor capability using information-theory-based approach","2009","2009 IEEE/RSJ International Conference on Intelligent Robots and Systems, IROS 2009","","","5354332","3101","3106","5","0","10.1109/IROS.2009.5354332","https://www.scopus.com/inward/record.uri?eid=2-s2.0-76249121932&doi=10.1109%2fIROS.2009.5354332&partnerID=40&md5=62c9bb783cc3ea4d4398040c2e38786c","Conference paper","Final","","Scopus","2-s2.0-76249121932"
"Konidaris G.","Konidaris, George (14822243500)","14822243500","Autonomous robot skill acquisition","2008","Proceedings of the National Conference on Artificial Intelligence","3","","","1855","1856","1","0","","https://www.scopus.com/inward/record.uri?eid=2-s2.0-57749085411&partnerID=40&md5=75664d32e04ed3d6e052f058a15310b8","Conference paper","Final","","Scopus","2-s2.0-57749085411"
"Bruyninckx H.","Bruyninckx, Herman (7003332828)","7003332828","Session 12: Manipulation","2009","Springer Tracts in Advanced Robotics","54","","","535","536","1","0","10.1007/978-3-642-00196-3_61","https://www.scopus.com/inward/record.uri?eid=2-s2.0-84883027526&doi=10.1007%2f978-3-642-00196-3_61&partnerID=40&md5=f0e1367e9e5753459a9a9e27f152be29","Conference paper","Final","","Scopus","2-s2.0-84883027526"
"Yamada T.; Mouri T.; Shimosaka K.; Mimura N.; Funahashi Y.","Yamada, Takayoshi (57203953355); Mouri, Tetsuya (7005417642); Shimosaka, Kyouhei (26027210600); Mimura, Nobuharu (7005509294); Funahashi, Yasuyuki (7005266360)","57203953355; 7005417642; 26027210600; 7005509294; 7005266360","Uncertainty of estimated parameters of contact conditions by active force sensing","2009","2008 IEEE International Conference on Robotics and Biomimetics, ROBIO 2008","","","4913186","1291","1297","6","4","10.1109/ROBIO.2009.4913186","https://www.scopus.com/inward/record.uri?eid=2-s2.0-70349170936&doi=10.1109%2fROBIO.2009.4913186&partnerID=40&md5=67c21497a22b9074b3f3d4431fbfbca9","Conference paper","Final","","Scopus","2-s2.0-70349170936"
"Higashimori M.; Utsumi K.; Omoto Y.; Kaneko M.","Higashimori, Mitsuru (6603160328); Utsumi, Keisuke (24781496900); Omoto, Yasutaka (25223701000); Kaneko, Makoto (7403595190)","6603160328; 24781496900; 25223701000; 7403595190","Dynamic manipulation inspired by the handling of a pizza peel","2009","IEEE Transactions on Robotics","25","4","","829","838","9","49","10.1109/TRO.2009.2017085","https://www.scopus.com/inward/record.uri?eid=2-s2.0-69249231187&doi=10.1109%2fTRO.2009.2017085&partnerID=40&md5=c6445cd25733d2523de3e8e0b7f00a38","Article","Final","","Scopus","2-s2.0-69249231187"
"Egido V.; Barber R.; Boada M.J.L.; Salichs M.A.","Egido, V. (6507207227); Barber, R. (7201418416); Boada, M.J.L. (9250262700); Salichs, M.A. (6603829011)","6507207227; 7201418416; 9250262700; 6603829011","A planner for topological navigation based on previous experiences","2004","IFAC Proceedings Volumes (IFAC-PapersOnline)","37","8","","615","620","5","1","","https://www.scopus.com/inward/record.uri?eid=2-s2.0-43549106457&partnerID=40&md5=0889420f3a3ae9dd77c5681bab05ba40","Conference paper","Final","","Scopus","2-s2.0-43549106457"
"Wang D.; Zhang Y.; Yao C.","Wang, Dangxiao (23399237500); Zhang, Yuru (55922442200); Yao, Chong (55420927000)","23399237500; 55922442200; 55420927000","Machine-mediated motor skill training method in haptic-enabled Chinese handwriting simulation system","2006","IEEE International Conference on Intelligent Robots and Systems","","","4059331","5644","5649","5","4","10.1109/IROS.2006.282363","https://www.scopus.com/inward/record.uri?eid=2-s2.0-34250659824&doi=10.1109%2fIROS.2006.282363&partnerID=40&md5=87d2836b967ff44d0463b522649af76b","Conference paper","Final","","Scopus","2-s2.0-34250659824"
"Ueda J.; Negi R.; Yoshikawa T.","Ueda, Jun (35594285800); Negi, Ryoji (6603893484); Yoshikawa, Tsuneo (35599696100)","35594285800; 6603893484; 35599696100","Acquisition of a page turning skill for a multifingered hand using reinforcement learning","2004","Advanced Robotics","18","1","","101","114","13","5","10.1163/156855304322753326","https://www.scopus.com/inward/record.uri?eid=2-s2.0-1642340351&doi=10.1163%2f156855304322753326&partnerID=40&md5=5affcb3ab0d728dccd3fa6fbb9b741a8","Article","Final","","Scopus","2-s2.0-1642340351"
"Kinugasa T.; Akagi T.; Ishii K.; Haji T.; Yoshida K.; Otani Y.; Amano H.; Hayashi R.; Tokuda K.-I.; Osuka K.","Kinugasa, Tetsuya (7004506947); Akagi, Tetsuya (7202840707); Ishii, Kuniaki (36664671500); Haji, Takafumi (26430593700); Yoshida, Koji (59095489500); Otani, Yuta (34881906600); Amano, Hisanori (7201933339); Hayashi, Ryota (57204847817); Tokuda, Ken-Ichi (7103165819); Osuka, Koichi (35425777900)","7004506947; 7202840707; 36664671500; 26430593700; 59095489500; 34881906600; 7201933339; 57204847817; 7103165819; 35425777900","Measurement of flexed posture for flexible mono-tread mobile track: Fundamental Test and Validation Using New Flexible Displacement Sensor","2010","Proceedings of the SICE Annual Conference","","","5603745","867","872","5","2","","https://www.scopus.com/inward/record.uri?eid=2-s2.0-78649256363&partnerID=40&md5=58159892057e33aa399d760196ac8958","Conference paper","Final","","Scopus","2-s2.0-78649256363"
"Babič J.; Hajdinjak B.; Oztop E.","Babič, Jan (6701699940); Hajdinjak, Blaž (35299349700); Oztop, Erhan (8744870300)","6701699940; 35299349700; 8744870300","Robot skill synthesis through human visuo-motor learning: Humanoid robot statically-stable reaching and in-place stepping","2010","ICINCO 2010 - Proceedings of the 7th International Conference on Informatics in Control, Automation and Robotics","2","","","212","215","3","0","","https://www.scopus.com/inward/record.uri?eid=2-s2.0-78649653606&partnerID=40&md5=73aea40a6dde834436e543a4b0132d3d","Conference paper","Final","","Scopus","2-s2.0-78649653606"
"Otero N.; Saunders J.; Dautenhahn K.; Nehaniv C.L.","Otero, Nuno (24448610400); Saunders, Joe (9736705400); Dautenhahn, Kerstin (7003305185); Nehaniv, Chrystopher L. (6701663176)","24448610400; 9736705400; 7003305185; 6701663176","Teaching robot companions: The role of scaffolding and event structuring","2008","Connection Science","20","2-3","","111","134","23","10","10.1080/09540090802091925","https://www.scopus.com/inward/record.uri?eid=2-s2.0-46249103219&doi=10.1080%2f09540090802091925&partnerID=40&md5=d7aa8af1ff0484dd9edb2ec07db681ba","Article","Final","","Scopus","2-s2.0-46249103219"
"Yue S.; Henrich D.","Yue, Shigang (7102296450); Henrich, Dominik (7003604183)","7102296450; 7003604183","Manipulating deformable linear objects: Fuzzy-based active vibration damping skill","2006","Journal of Intelligent and Robotic Systems: Theory and Applications","46","3","","201","219","18","16","10.1007/s10846-006-9049-1","https://www.scopus.com/inward/record.uri?eid=2-s2.0-33747873701&doi=10.1007%2fs10846-006-9049-1&partnerID=40&md5=3a7ef31c0be9158e7659fcadcd2ac660","Article","Final","","Scopus","2-s2.0-33747873701"
"Milighetti G.; Kuntze H.-B.; Emter T.; Bechler D.; Kroschel K.","Milighetti, G. (8404631900); Kuntze, H.-B. (55909600200); Emter, T. (14015501500); Bechler, D. (6506169624); Kroschel, K. (6603065235)","8404631900; 55909600200; 14015501500; 6506169624; 6603065235","Primitive skill-based supervisory control of a humanoid robot applied to a visual-acoustic localization task","2006","VDI Berichte","","1956","","69","","","0","","https://www.scopus.com/inward/record.uri?eid=2-s2.0-33745124385&partnerID=40&md5=57068ba594bee6394eec7ca8c6cb3bfa","Conference paper","Final","","Scopus","2-s2.0-33745124385"
"Ishibashi S.","Ishibashi, Shojiro (22034889600)","22034889600","The stereo vision system for an underwater vehicle","2009","OCEANS '09 IEEE Bremen: Balancing Technology with Future Needs","","","5278314","","","","23","10.1109/OCEANSE.2009.5278314","https://www.scopus.com/inward/record.uri?eid=2-s2.0-71249087094&doi=10.1109%2fOCEANSE.2009.5278314&partnerID=40&md5=73d758c957e751bedb959eb6a0d70a8e","Conference paper","Final","","Scopus","2-s2.0-71249087094"
"Culbert C.; Rochlis J.; Rehnmark F.; Kortenkamp D.; Watson K.; Ambrose R.; Diftler R.; Ward B.; Pedersen L.; Weisbin C.; Rodriguez G.; Easter B.; DiJoseph M.","Culbert, Chris (6603359920); Rochlis, Jen (6505813182); Rehnmark, Fred (6506805618); Kortenkamp, David (6603805656); Watson, Kevin (57196949484); Ambrose, Rob (7004976130); Diftler, Ron (55539956000); Ward, Brenda (55438796600); Pedersen, Liam (9746109800); Weisbin, Chuck (7003467759); Rodriguez, Guillermo (7203006793); Easter, Bob (56104359200); DiJoseph, Mary (56042992300)","6603359920; 6505813182; 6506805618; 6603805656; 57196949484; 7004976130; 55539956000; 55438796600; 9746109800; 7003467759; 7203006793; 56104359200; 56042992300","Activities of the NASA exploration team human-robotics working group","2003","AIAA Space 2003 Conference and Exposition","","","","","","","10","","https://www.scopus.com/inward/record.uri?eid=2-s2.0-84897749714&partnerID=40&md5=33da0f79b93df3a435ed7c33bb0c6c13","Conference paper","Final","","Scopus","2-s2.0-84897749714"
"","","","Proc. - The Fourth IEEE Workshop on Software Technol. for Future Embedded and Uhiquitous systems, SEUS 2006 and the Second Int. Workshop on Collaborative Computing, Integr., and Assurance, WCCIA 2006","2006","Proc. - The Fourth IEEE Workshop on Software Technol. for Future Embedded and Ubiquitous Syst., SEUS 2006 andthe Second Int. Workshop on Collaborative Comput., Integr., and Assur., WCCIA 2006","2006","","","","","270","0","","https://www.scopus.com/inward/record.uri?eid=2-s2.0-33750893405&partnerID=40&md5=68b64bee1bfed2d214e77c5ea91a3912","Conference review","Final","","Scopus","2-s2.0-33750893405"
"Nakamura A.; Kotoku T.","Nakamura, Akira (55236249100); Kotoku, Tetsuo (6701309066)","55236249100; 6701309066","Systematization of error recovery in skill-based manipulation","2009","Proceedings of the 14th International Symposium on Artificial Life and Robotics, AROB 14th'09","","","","541","544","3","2","","https://www.scopus.com/inward/record.uri?eid=2-s2.0-78149296740&partnerID=40&md5=0fda4a62378f0d16330a1556378e6517","Conference paper","Final","","Scopus","2-s2.0-78149296740"
"Graefe V.; Bischoff R.","Graefe, Volker (6603751741); Bischoff, Rainer (35777393300)","6603751741; 35777393300","Three types of learning robots","2003","Proceedings of the SICE Annual Conference","1","","1323453","683","688","5","0","","https://www.scopus.com/inward/record.uri?eid=2-s2.0-84945193537&partnerID=40&md5=5207cc6337098a450a8fba3318f75139","Conference paper","Final","","Scopus","2-s2.0-84945193537"
"Chen Y.; Han X.; Okada M.; Chen Y.; Naghdy F.","Chen, Yutuo (23479459300); Han, Xuli (8340748300); Okada, Minoru (36712329900); Chen, Y. (58431851700); Naghdy, F. (35609146200)","23479459300; 8340748300; 36712329900; 58431851700; 35609146200","Intelligent robotic peg-in-hole insertion learning based on haptic virtual environment","2007","Proceedings of 2007 10th IEEE International Conference on Computer Aided Design and Computer Graphics, CAD/Graphics 2007","","","4407908","355","360","5","9","10.1109/CADCG.2007.4407908","https://www.scopus.com/inward/record.uri?eid=2-s2.0-48149096707&doi=10.1109%2fCADCG.2007.4407908&partnerID=40&md5=6a821e56d722c6332ef3b75e68c8e207","Conference paper","Final","","Scopus","2-s2.0-48149096707"
"Hall D.; Barker M.","Hall, David (7404435592); Barker, Mark (36712981000)","7404435592; 36712981000","Living with the lab–boosting experiential learning and creativity in 1st year engineering students","2007","Intelligent Automation and Soft Computing","13","1","","3","18","15","7","10.1080/10798587.2007.10642946","https://www.scopus.com/inward/record.uri?eid=2-s2.0-34248576041&doi=10.1080%2f10798587.2007.10642946&partnerID=40&md5=0c609a91e1b9144f888f96bfa91d2eef","Article","Final","","Scopus","2-s2.0-34248576041"
"Saida K.; Suzuki S.; Maeda Y.; Hidaka K.","Saida, Kazumasa (24172591900); Suzuki, Satoshi (59100307400); Maeda, Yorito (16643090900); Hidaka, Kouiti (35612315600)","24172591900; 59100307400; 16643090900; 35612315600","Skill analysis in human tele-operation using dynamic image","2006","IECON Proceedings (Industrial Electronics Conference)","","","4153625","4528","4533","5","6","10.1109/IECON.2006.348066","https://www.scopus.com/inward/record.uri?eid=2-s2.0-50249104811&doi=10.1109%2fIECON.2006.348066&partnerID=40&md5=b8379ef57ea1899f3d6450fd35b62b98","Conference paper","Final","","Scopus","2-s2.0-50249104811"
"Nicolescu M.N.; Matarić M.J.","Nicolescu, M.N. (7003316754); Matarić, M.J. (7005611984)","7003316754; 7005611984","Linking perception and action in a control architecture for human-robot domains","2003","Proceedings of the 36th Annual Hawaii International Conference on System Sciences, HICSS 2003","","","1174287","","","10","16","10.1109/HICSS.2003.1174287","https://www.scopus.com/inward/record.uri?eid=2-s2.0-84969567875&doi=10.1109%2fHICSS.2003.1174287&partnerID=40&md5=48678172ce5d2acf7d427710731659ac","Conference paper","Final","","Scopus","2-s2.0-84969567875"
"Rivero D.M.; Barber R.; Rodriguez F.J.; Salichs M.A.","Rivero, D.M. (59158277500); Barber, R. (7201418416); Rodriguez, F.J. (56545842100); Salichs, M.A. (6603829011)","59158277500; 7201418416; 56545842100; 6603829011","A language for sequence specification for sequencing autonomous robots skills","2004","Robotics: Trends, Principles, and Applications - Proceedings of the Sixth Biannual World Automation Congress, WAC","","","","365","370","5","0","","https://www.scopus.com/inward/record.uri?eid=2-s2.0-32844474193&partnerID=40&md5=946e6d39fe66fee8748d5eddc7ea4d1d","Conference paper","Final","","Scopus","2-s2.0-32844474193"
"Zang X.; Zhao J.; Cai H.","Zang, Xizhe (13611954300); Zhao, Jie (56184355900); Cai, Hegao (7202853359)","13611954300; 56184355900; 7202853359","A skill-based autonomous control method for robotic teleoperation","2008","Lecture Notes in Computer Science (including subseries Lecture Notes in Artificial Intelligence and Lecture Notes in Bioinformatics)","5314 LNAI","PART 1","","679","688","9","1","10.1007/978-3-540-88513-9_73","https://www.scopus.com/inward/record.uri?eid=2-s2.0-56749153400&doi=10.1007%2f978-3-540-88513-9_73&partnerID=40&md5=1ad5cdba858619a5f8ef267ea627f01d","Conference paper","Final","","Scopus","2-s2.0-56749153400"
"Milighetti G.; Kuntze H.-B.; Frey C.W.; Diestel-Feddersen B.; Balzer J.","Milighetti, G. (8404631900); Kuntze, H.-B. (55909600200); Frey, C.W. (35615456900); Diestel-Feddersen, B. (14631814500); Balzer, J. (37666667500)","8404631900; 55909600200; 35615456900; 14631814500; 37666667500","On a primitive skill-based supervisory robot control architecture","2005","2005 International Conference on Advanced Robotics, ICAR '05, Proceedings","2005","","1507404","141","147","6","18","10.1109/ICAR.2005.1507404","https://www.scopus.com/inward/record.uri?eid=2-s2.0-33749053810&doi=10.1109%2fICAR.2005.1507404&partnerID=40&md5=68d5867aff365ff473acf37806a1a4da","Conference paper","Final","","Scopus","2-s2.0-33749053810"
"Hall D.; Barker M.; Nelson J.","Hall, David (7404435592); Barker, Mark (36712981000); Nelson, James (57198974305)","7404435592; 36712981000; 57198974305","Living with the lab: Update on the second year of full implementation for over 400 first-year engineering students","2009","ASEE Annual Conference and Exposition, Conference Proceedings","","","","","","11","6","","https://www.scopus.com/inward/record.uri?eid=2-s2.0-85029069331&partnerID=40&md5=7ce874234f25bdae3d7509f6b9dfcf33","Conference paper","Final","","Scopus","2-s2.0-85029069331"
"Rai L.; Kang S.J.; Rim K.-W.","Rai, Laxmisha (14632214100); Kang, Soon Ju (55666313900); Rim, Kee-Wook (9245278900)","14632214100; 55666313900; 9245278900","Dynamic skill-based software architecture for locomotion control in shape reconfigurable mobile robots","2006","Proc. - The Fourth IEEE Workshop on Software Technol. for Future Embedded and Ubiquitous Syst., SEUS 2006 andthe Second Int. Workshop on Collaborative Comput., Integr., and Assur., WCCIA 2006","2006","","1611710","29","34","5","0","10.1109/SEUS-WCCIA.2006.24","https://www.scopus.com/inward/record.uri?eid=2-s2.0-33750917281&doi=10.1109%2fSEUS-WCCIA.2006.24&partnerID=40&md5=b51de141281e3fc10147cdb90793151d","Conference paper","Final","","Scopus","2-s2.0-33750917281"
"Galindo C.; Gonzalez J.; Fernández-Madrigal J.A.","Galindo, C. (7007051088); Gonzalez, J. (6603553203); Fernández-Madrigal, J.A. (6507644323)","7007051088; 6603553203; 6507644323","An Architecture for cognitive human-robot integration. Application to rehabilitation robotics","2005","IEEE International Conference on Mechatronics and Automation, ICMA 2005","","","","329","334","5","12","","https://www.scopus.com/inward/record.uri?eid=2-s2.0-27744432405&partnerID=40&md5=bb67d8b3da8d854a38082079f7530b56","Conference paper","Final","","Scopus","2-s2.0-27744432405"
"Yamada T.; Tanaka A.; Mouri T.; Yamada M.; Funahashi Y.; Yamamoto H.","Yamada, Takayoshi (57203953355); Tanaka, Akira (58728418800); Mouri, Tetsuya (7005417642); Yamada, Manabu (55723405100); Funahashi, Yasuyuki (7005266360); Yamamoto, Hidehiko (26428599700)","57203953355; 58728418800; 7005417642; 55723405100; 7005266360; 26428599700","Experimental verification of estimated parameters of contact conditions by active force sensing","2009","2009 IEEE International Conference on Mechatronics and Automation, ICMA 2009","","","5246552","3674","3679","5","1","10.1109/ICMA.2009.5246552","https://www.scopus.com/inward/record.uri?eid=2-s2.0-77449120018&doi=10.1109%2fICMA.2009.5246552&partnerID=40&md5=e53967f33c25774e6b176a69dc3a420f","Conference paper","Final","","Scopus","2-s2.0-77449120018"
"","","","2009 International Fuzzy Systems Association World Congress and 2009 European Society for Fuzzy Logic and Technology Conference, IFSA-EUSFLAT 2009 - Proceedings","2009","2009 International Fuzzy Systems Association World Congress and 2009 European Society for Fuzzy Logic and Technology Conference, IFSA-EUSFLAT 2009 - Proceedings","","","","","","1913","0","","https://www.scopus.com/inward/record.uri?eid=2-s2.0-84871864956&partnerID=40&md5=428c5c155affd04f8eb960f1862d5794","Conference review","Final","","Scopus","2-s2.0-84871864956"
"Nakamura A.; Kitagaki K.; Suehiro T.","Nakamura, Akira (55236249100); Kitagaki, Kosei (7003367501); Suehiro, Takashi (7103054254)","55236249100; 7003367501; 7103054254","Using simplified geometric models in skill-based manipulation","2004","Advanced Robotics","18","8","","835","858","23","6","10.1163/1568553041738130","https://www.scopus.com/inward/record.uri?eid=2-s2.0-6344280896&doi=10.1163%2f1568553041738130&partnerID=40&md5=36e902798c0a457ff312972bf115ed22","Conference paper","Final","","Scopus","2-s2.0-6344280896"
"Amirat Y.; Djouani K.; Kirad M.; Saadia N.","Amirat, Yacine (7003336093); Djouani, Karim (57201566445); Kirad, Mohamed (6506353476); Saadia, Nadia (6507760408)","7003336093; 57201566445; 6506353476; 6507760408","Neural Adaptive Approach-Application to Robot Force Control in an Unknown Environment","2006","Journal of Robotics and Mechatronics","18","5","","529","538","9","1","10.20965/jrm.2006.p0529","https://www.scopus.com/inward/record.uri?eid=2-s2.0-84865261989&doi=10.20965%2fjrm.2006.p0529&partnerID=40&md5=c3a3a545e18a8af1659f47be60a2132a","Article","Final","All Open Access; Hybrid Gold Open Access","Scopus","2-s2.0-84865261989"
"Rodriguez G.; Weisbin C.R.","Rodriguez, G. (7203006793); Weisbin, C.R. (7003467759)","7203006793; 7003467759","A new method to evaluate human-robot system performance","2003","Autonomous Robots","14","2-3","","165","178","13","49","10.1023/A:1022279618991","https://www.scopus.com/inward/record.uri?eid=2-s2.0-0037336915&doi=10.1023%2fA%3a1022279618991&partnerID=40&md5=d90aa15d41bd1e3bfcd46d8f08e7c3ba","Article","Final","","Scopus","2-s2.0-0037336915"
"Dornhege C.; Kleiner A.","Dornhege, Christian (22834317100); Kleiner, Alexander (8938318300)","22834317100; 8938318300","Behavior maps for online planning of obstacle negotiation and climbing on rough terrain","2007","IEEE International Conference on Intelligent Robots and Systems","","","4399107","3005","3011","6","32","10.1109/IROS.2007.4399107","https://www.scopus.com/inward/record.uri?eid=2-s2.0-51349103880&doi=10.1109%2fIROS.2007.4399107&partnerID=40&md5=4cd480c265c20980effd2417b794a0fe","Conference paper","Final","All Open Access; Green Open Access","Scopus","2-s2.0-51349103880"
"Dos Santos R.R.; Steffen Jr. V.; Saramago S.D.F.P.","Dos Santos, Rogério R. (58253605500); Steffen Jr., Valder (7004361797); Saramago, Sezimária De F. P. (35611767900)","58253605500; 7004361797; 35611767900","Robot path planning in a constrained workspace by using optimal control techniques","2008","Multibody System Dynamics","19","1-2","","159","177","18","29","10.1007/s11044-007-9059-1","https://www.scopus.com/inward/record.uri?eid=2-s2.0-38849141730&doi=10.1007%2fs11044-007-9059-1&partnerID=40&md5=e63a34b51af322801d05167e7196eb03","Article","Final","","Scopus","2-s2.0-38849141730"
"Kihara Y.; Yokokohji Y.","Kihara, Yasuyuki (35169819300); Yokokohji, Yasuyoshi (55957593800)","35169819300; 55957593800","Skill transfer from human to robot by direct teaching and task sharing - A case study with origami folding task","2010","IFAC Proceedings Volumes (IFAC-PapersOnline)","11","PART 1","","","","","4","10.3182/20100831-4-fr-2021.00080","https://www.scopus.com/inward/record.uri?eid=2-s2.0-84901933131&doi=10.3182%2f20100831-4-fr-2021.00080&partnerID=40&md5=f602b900720e0d27f4d71ff4792f7624","Conference paper","Final","","Scopus","2-s2.0-84901933131"
"Hersch M.; Guenter F.; Calinon S.; Billard A.","Hersch, Micha (13106002300); Guenter, Florent (8376855800); Calinon, Sylvain (6507248533); Billard, Aude (7006389948)","13106002300; 8376855800; 6507248533; 7006389948","Dynamical system modulation for robot learning via kinesthetic demonstrations","2008","IEEE Transactions on Robotics","24","6","","1463","1467","4","209","10.1109/TRO.2008.2006703","https://www.scopus.com/inward/record.uri?eid=2-s2.0-58249138517&doi=10.1109%2fTRO.2008.2006703&partnerID=40&md5=cec76f6d9829f9503f8f41e9fc95543c","Article","Final","All Open Access; Green Open Access","Scopus","2-s2.0-58249138517"
"Dong S.; Naghdy F.","Dong, Shen (36837763100); Naghdy, Fazel (35609146200)","36837763100; 35609146200","Manipulation skills acquisition through state classification and dimension decrease","2005","Proceedings - International Conference on Tools with Artificial Intelligence, ICTAI","2005","","1562967","392","396","4","0","10.1109/ICTAI.2005.83","https://www.scopus.com/inward/record.uri?eid=2-s2.0-33845884298&doi=10.1109%2fICTAI.2005.83&partnerID=40&md5=370569a7a70afd5c9aa22c247c8926cc","Conference paper","Final","All Open Access; Green Open Access","Scopus","2-s2.0-33845884298"
"Zhang J.; Quoy M.","Zhang, Jianwei (56039580400); Quoy, Mathias (57203005814)","56039580400; 57203005814","Advances in robot skill learning","2002","Robotics and Autonomous Systems","38","3-4","","135","136","1","0","10.1016/S0921-8890(02)00162-8","https://www.scopus.com/inward/record.uri?eid=2-s2.0-0037204453&doi=10.1016%2fS0921-8890%2802%2900162-8&partnerID=40&md5=41b8aba7568f97df9350c1bdfa84e00d","Short survey","Final","","Scopus","2-s2.0-0037204453"
"Touati Y.; Amirat Y.; Saadia N.","Touati, Y. (6603142785); Amirat, Y. (7003336093); Saadia, N. (6507760408)","6603142785; 7003336093; 6507760408","Artificial neural network-based hybrid force/position control of an assembly task","2006","IEEE Intelligent Systems","","","4155493","594","599","5","3","10.1109/IS.2006.348486","https://www.scopus.com/inward/record.uri?eid=2-s2.0-46249127547&doi=10.1109%2fIS.2006.348486&partnerID=40&md5=ecbdbc765b19fcb7530132e0a965e707","Conference paper","Final","","Scopus","2-s2.0-46249127547"
"Dong S.; Naghdy F.","Dong, Shen (36837763100); Naghdy, Fazel (35609146200)","36837763100; 35609146200","Application of competitive clustering to acquisition of human manipulation skills acquisition","2006","IEEE International Conference on Fuzzy Systems","","","1681698","78","83","5","1","10.1109/FUZZY.2006.1681698","https://www.scopus.com/inward/record.uri?eid=2-s2.0-34250741337&doi=10.1109%2fFUZZY.2006.1681698&partnerID=40&md5=c9281773c983896dbe2a851c4b1069fd","Conference paper","Final","","Scopus","2-s2.0-34250741337"
"Okuda H.; Takeuchi H.; Inagaki S.; Suzuki T.; Hayakawa S.","Okuda, Hiroyuki (56460838600); Takeuchi, Hidenori (35305777400); Inagaki, Shinkichi (11639426900); Suzuki, Tatsuya (55628567602); Hayakawa, Soichiro (35591570200)","56460838600; 35305777400; 11639426900; 55628567602; 35591570200","Understanding of positioning skill based on feedforward / feedback switched dynamical model","2009","2009 IEEE/RSJ International Conference on Intelligent Robots and Systems, IROS 2009","","","5353903","3057","","","1","10.1109/IROS.2009.5353903","https://www.scopus.com/inward/record.uri?eid=2-s2.0-76249091005&doi=10.1109%2fIROS.2009.5353903&partnerID=40&md5=4ed18e3f1dcf7fac204d73f84871fc6b","Conference paper","Final","","Scopus","2-s2.0-76249091005"
"Sonnenberg R.; Falk D.; Lopez R.; Kotani A.","Sonnenberg, Rhonda (6603229053); Falk, Darcy (7006534261); Lopez, Ruth (7401490779); Kotani, Akiko (8208276700)","6603229053; 7006534261; 7401490779; 8208276700","Quilts with a point of view","2004","Fiberarts","31","1","","28","35","7","0","","https://www.scopus.com/inward/record.uri?eid=2-s2.0-2942538655&partnerID=40&md5=4dfc1808070bc0ef162ba8b62c39a53d","Article","Final","","Scopus","2-s2.0-2942538655"
"Nakamura A.; Kotoku T.","Nakamura, Akira (55236249100); Kotoku, Tetsuo (6701309066)","55236249100; 6701309066","Systematization of error recovery in skill-based manipulation","2009","Artificial Life and Robotics","14","2","","203","208","5","5","10.1007/s10015-009-0654-5","https://www.scopus.com/inward/record.uri?eid=2-s2.0-72449179518&doi=10.1007%2fs10015-009-0654-5&partnerID=40&md5=1ffeb06bbbb2053295819554af232851","Article","Final","","Scopus","2-s2.0-72449179518"
"Shen D.; Naghdy F.","Shen, Dong (36837763100); Naghdy, Fazel (35609146200)","36837763100; 35609146200","Application of competitive clustering to acquisition of human manipulation skills","2005","Proceedings - International Conference on Computational Intelligence for Modelling, Control and Automation, CIMCA 2005 and International Conference on Intelligent Agents, Web Technologies and Internet","2","","1631615","1092","1097","5","0","","https://www.scopus.com/inward/record.uri?eid=2-s2.0-33847184576&partnerID=40&md5=c758aa1b87950c9eeebb28866cca87a1","Conference paper","Final","","Scopus","2-s2.0-33847184576"
"Dong S.; Naghdy F.","Dong, Shen (36837763100); Naghdy, Fazel (35609146200)","36837763100; 35609146200","Manipulation skills acquisition and classification from haptic rendered virtual environment","2005","Proceedings of the 2005 International Conference on Human-Computer Interaction, HCI'05","","","","103","108","5","0","","https://www.scopus.com/inward/record.uri?eid=2-s2.0-60749106693&partnerID=40&md5=ef1391906660518f443c6c2a7d7ef08d","Conference paper","Final","","Scopus","2-s2.0-60749106693"
"Yamamoto T.; Mori S.; Sakaguchi A.","Yamamoto, Toru (55752352700); Mori, Shinnosuke (56232288500); Sakaguchi, Akihiro (16643785000)","55752352700; 56232288500; 16643785000","Data-driven skill-based PID control of a pilot-scale helicopter model","2008","International Journal of Innovative Computing, Information and Control","4","12","","3349","3358","9","6","","https://www.scopus.com/inward/record.uri?eid=2-s2.0-63549122709&partnerID=40&md5=570a6b924289ed9fdb66d5aba12cd93c","Conference paper","Final","","Scopus","2-s2.0-63549122709"
"Bischoff R.; Graefe V.","Bischoff, Rainer (35777393300); Graefe, Volker (6603751741)","35777393300; 6603751741","HERMES - A versatile personal robotic assistant","2004","Proceedings of the IEEE","92","11","","1759","1778","19","68","10.1109/JPROC.2004.835381","https://www.scopus.com/inward/record.uri?eid=2-s2.0-21244505005&doi=10.1109%2fJPROC.2004.835381&partnerID=40&md5=79d1fca9fbc3855298e0036dc867087f","Conference paper","Final","","Scopus","2-s2.0-21244505005"
"Suzuki S.; Harashima F.; Kurihara K.","Suzuki, Satoshi (59100307400); Harashima, Fumio (7006685484); Kurihara, Keiichi (8604132500)","59100307400; 7006685484; 8604132500","Assist control and its tuning method for haptic system","2006","International Workshop on Advanced Motion Control, AMC","2006","","1631687","374","379","5","7","10.1109/AMC.2006.1631687","https://www.scopus.com/inward/record.uri?eid=2-s2.0-33751043885&doi=10.1109%2fAMC.2006.1631687&partnerID=40&md5=4fd94226dfd32fa4f68e449525c92f57","Conference paper","Final","","Scopus","2-s2.0-33751043885"
"Palm R.; Kadmiry B.; Iliev B.; Driankov D.","Palm, Rainer (14623351700); Kadmiry, Bourhane (6603128296); Iliev, Boyko (12787240900); Driankov, Dimiter (6603813280)","14623351700; 6603128296; 12787240900; 6603813280","Recognition and teaching of robot skills by fuzzy time-modeling","2009","2009 International Fuzzy Systems Association World Congress and 2009 European Society for Fuzzy Logic and Technology Conference, IFSA-EUSFLAT 2009 - Proceedings","","","","7","12","5","7","","https://www.scopus.com/inward/record.uri?eid=2-s2.0-80053645996&partnerID=40&md5=978ae3f2e5a8e9e8da05b7c74d6e089f","Conference paper","Final","","Scopus","2-s2.0-80053645996"
"Pin F.G.; Parker L.E.; DePiero F.W.","Pin, François G. (7004745366); Parker, Lynne E. (7202926415); DePiero, Fred W. (6602899088)","7004745366; 7202926415; 6602899088","On the design and development of a human-robot synergistic system","1992","Robotics and Autonomous Systems","10","2-3","","161","184","23","7","10.1016/0921-8890(92)90024-S","https://www.scopus.com/inward/record.uri?eid=2-s2.0-0026962803&doi=10.1016%2f0921-8890%2892%2990024-S&partnerID=40&md5=8622665a9f4a0b77275be2fb755e0341","Article","Final","","Scopus","2-s2.0-0026962803"
"Morrow J.Daniel; Khosla Pradeep K.","Morrow, J.Daniel (57198238905); Khosla, Pradeep K. (7101950321)","57198238905; 7101950321","Manipulation task primitives for composing robot skills","1997","Proceedings - IEEE International Conference on Robotics and Automation","4","","","3354","3359","5","58","","https://www.scopus.com/inward/record.uri?eid=2-s2.0-0030682645&partnerID=40&md5=f9038f784b611c645058ae591e350580","Conference paper","Final","","Scopus","2-s2.0-0030682645"
"Buss M.; Hashimoto H.","Buss, Martin (7006359409); Hashimoto, Hideki (57201849952)","7006359409; 57201849952","Skill acquisition system for the intelligent assisting system-IAS","1993","Advanced Robotics","8","2","","157","171","14","2","10.1163/156855394X00437","https://www.scopus.com/inward/record.uri?eid=2-s2.0-0028060825&doi=10.1163%2f156855394X00437&partnerID=40&md5=04d9b5514ba0bea040912ef058c20efb","Article","Final","","Scopus","2-s2.0-0028060825"
"Schneider J.G.; Brown C.M.","Schneider, J.G. (57194307511); Brown, C.M. (55547126710)","57194307511; 55547126710","Robot skill learning, basis functions, and control regimes","1993","Proceedings - IEEE International Conference on Robotics and Automation","1","","","403","410","7","4","","https://www.scopus.com/inward/record.uri?eid=2-s2.0-0027201492&partnerID=40&md5=3f8917e8b8c0a87fdae7c5920d0cb3b1","Conference paper","Final","","Scopus","2-s2.0-0027201492"
"McCarragher B.J.; Hovland G.; Sikka P.; Aigner P.; Austin D.","McCarragher, Brenan J. (7003699938); Hovland, Geir (6701656177); Sikka, Pavan (8607871900); Aigner, Peter (7003885953); Austin, David (56234903600)","7003699938; 6701656177; 8607871900; 7003885953; 56234903600","Hybrid dynamic modeling and control of constrained manipulation systems","1997","IEEE Robotics and Automation Magazine","4","2","","27","44","17","14","10.1109/100.591644","https://www.scopus.com/inward/record.uri?eid=2-s2.0-0031169601&doi=10.1109%2f100.591644&partnerID=40&md5=9afb3f8527456ac267495462b5b71dc5","Article","Final","","Scopus","2-s2.0-0031169601"
"Kubota N.; Morioka T.; Kojima F.; Fukuda T.","Kubota, Naoyuki (7202158579); Morioka, Toshihito (7202479507); Kojima, Fumio (55684217000); Fukuda, Toshio (36037263500)","7202158579; 7202479507; 55684217000; 36037263500","Adaptive Behavior of Mobile Robot Based on Sensory Network","1999","Nihon Kikai Gakkai Ronbunshu, C Hen/Transactions of the Japan Society of Mechanical Engineers, Part C","65","631","","1006","1012","6","5","10.1299/kikaic.65.1006","https://www.scopus.com/inward/record.uri?eid=2-s2.0-0343188417&doi=10.1299%2fkikaic.65.1006&partnerID=40&md5=941c909f15dc71e8e0640a3f5b0c79d3","Article","Final","","Scopus","2-s2.0-0343188417"
"Remde A.; Abegg F.; Wörn H.; Henrich D.","Remde, A. (6603055286); Abegg, F. (6602714397); Wörn, H. (7003467912); Henrich, D. (7003604183)","6603055286; 6602714397; 7003467912; 7003604183","Ein allgemeiner Ansatz zur Montage deformierbarer linearer Werkstücke mit Industrierobotern","2000","VDI Berichte","","1552","","371","376","5","0","","https://www.scopus.com/inward/record.uri?eid=2-s2.0-31344467134&partnerID=40&md5=35b4929f631424999a1d086c124deccc","Article","Final","","Scopus","2-s2.0-31344467134"
"Lee Sukhan; Chen Judy","Lee, Sukhan (7601402085); Chen, Judy (16034226700)","7601402085; 16034226700","Skill learning from observations","1994","Proceedings - IEEE International Conference on Robotics and Automation","","pt 4","","3245","3250","5","6","","https://www.scopus.com/inward/record.uri?eid=2-s2.0-0027963793&partnerID=40&md5=4e8ebcf564b199b6e21733049913d23d","Conference paper","Final","","Scopus","2-s2.0-0027963793"
"Becker M.; Kefalea E.; Maël E.; Von Der Malsburg C.; Pagel M.; Triesch J.; Vorbrüggen J.C.; Würtz R.P.; Zadel S.","Becker, Mark (7402282480); Kefalea, Efthimia (6508248251); Maël, Eric (6603495478); Von Der Malsburg, Christoph (7003801540); Pagel, Mike (7005747532); Triesch, Jochen (57204294797); Vorbrüggen, Jan C. (6506775510); Würtz, Rolf P. (7006742749); Zadel, Stefan (6507807812)","7402282480; 6508248251; 6603495478; 7003801540; 7005747532; 57204294797; 6506775510; 7006742749; 6507807812","GripSee: a gesture-controlled robot for object perception and manipulation","1999","Autonomous Robots","6","2","","203","221","18","44","10.1023/A:1008839628783","https://www.scopus.com/inward/record.uri?eid=2-s2.0-0032688535&doi=10.1023%2fA%3a1008839628783&partnerID=40&md5=bd0d5ab813bc46bdad80e5cc08c92b6a","Article","Final","","Scopus","2-s2.0-0032688535"
"Cortesão R.; Koeppe R.; Nunes U.; Hirzinger G.","Cortesão, Rui (6602671461); Koeppe, Ralf (56212638800); Nunes, Urbano (6603870766); Hirzinger, Gerd (35579753000)","6602671461; 56212638800; 6603870766; 35579753000","Compliant motion control with stochastic active observers","2001","IEEE International Conference on Intelligent Robots and Systems","4","","","1876","1881","5","11","10.1109/IROS.2001.976347","https://www.scopus.com/inward/record.uri?eid=2-s2.0-0035559994&doi=10.1109%2fIROS.2001.976347&partnerID=40&md5=acc6ddec4a3910a49d7a1d430fe10e5a","Article","Final","","Scopus","2-s2.0-0035559994"
"Itabashi Kaiji; Hirana Kazuaki; Suzuki Tatsuya; Okuma Shigeru; Fujiwara Fumiharu","Itabashi, Kaiji (7005335842); Hirana, Kazuaki (56628990700); Suzuki, Tatsuya (55628567602); Okuma, Shigeru (35493609600); Fujiwara, Fumiharu (7007158710)","7005335842; 56628990700; 55628567602; 35493609600; 7007158710","Implementation of the human skill based on hybrid architecture","1998","IECON Proceedings (Industrial Electronics Conference)","3","","","1795","1800","5","1","","https://www.scopus.com/inward/record.uri?eid=2-s2.0-0032305722&partnerID=40&md5=5931baa4eef7d5475894063d7dfcfc14","Conference paper","Final","","Scopus","2-s2.0-0032305722"
"Shibata T.; Fukuda T.; Kosuge K.; Arai F.; Toktta M.; Mitsuoka T.","Shibata, Takanori (56890247700); Fukuda, Toshio (57209572679); Kosuge, Kazuhiro (55821756500); Arai, Fumihito (7102069340); Toktta, Masatoshi (57742380600); Mitsuoka, Toyokazu (35463185100)","56890247700; 57209572679; 55821756500; 7102069340; 57742380600; 35463185100","SKILL BASED CONTROL BY USING FUZZY NEURAL NETWORK FOR HIERARCHICAL INTELLIGENT CONTROL","1992","Proceedings of the International Joint Conference on Neural Networks","2","","","81","86","5","22","10.1109/IJCNN.1992.226980","https://www.scopus.com/inward/record.uri?eid=2-s2.0-33749969312&doi=10.1109%2fIJCNN.1992.226980&partnerID=40&md5=dea7e2ccd87acc9b8cd6f5bca1a765c8","Conference paper","Final","","Scopus","2-s2.0-33749969312"
"Egido V.; Barber R.; Boada M.J.L.; Salichs M.A.","Egido, V. (6507207227); Barber, R. (7201418416); Boada, M.J.L. (9250262700); Salichs, M.A. (6603829011)","6507207227; 7201418416; 9250262700; 6603829011","Self-generation by a mobile robot of topological maps of corridors","2002","Proceedings - IEEE International Conference on Robotics and Automation","3","","","2662","2667","5","8","","https://www.scopus.com/inward/record.uri?eid=2-s2.0-0036055443&partnerID=40&md5=7a6a947e86b296acba8ec282a1a68318","Conference paper","Final","","Scopus","2-s2.0-0036055443"
"Piaggio M.; Fornaro R.; Piombo A.; Sanna L.; Zaccaria R.","Piaggio, M. (7003585363); Fornaro, R. (55769745682); Piombo, A. (6602939636); Sanna, L. (57205336391); Zaccaria, R. (7003339894)","7003585363; 55769745682; 6602939636; 57205336391; 7003339894","Optical-flow person following behaviour","1998","IEEE International Symposium on Intelligent Control - Proceedings","","","","301","306","5","8","","https://www.scopus.com/inward/record.uri?eid=2-s2.0-0032289667&partnerID=40&md5=180cc59b2ebb2a0ed88ce6ff55277e36","Conference paper","Final","","Scopus","2-s2.0-0032289667"
"Malak R.J. Jr.; Khosla P.K.","Malak R.J., Jr. (55664484600); Khosla, P.K. (7101950321)","55664484600; 7101950321","A framework for the adaptive transfer of robot skill knowledge using reinforcement learning agents","2001","Proceedings - IEEE International Conference on Robotics and Automation","2","","","1994","2001","7","12","","https://www.scopus.com/inward/record.uri?eid=2-s2.0-0034874034&partnerID=40&md5=9f3529eda6dc1df721a4fe1b226b0283","Conference paper","Final","","Scopus","2-s2.0-0034874034"
"Hasegawa T.; Suehiro T.; Takase K.","Hasegawa, Tsutomu (7404174677); Suehiro, Takashi (7103054254); Takase, Kunikatsu (7201509273)","7404174677; 7103054254; 7201509273","A Model-Based Manipulation System with Skill-Based Execution","1992","IEEE Transactions on Robotics and Automation","8","5","","535","544","9","106","10.1109/70.163779","https://www.scopus.com/inward/record.uri?eid=2-s2.0-0026941272&doi=10.1109%2f70.163779&partnerID=40&md5=553805b477c535d24007f5b213631305","Article","Final","","Scopus","2-s2.0-0026941272"
"Fuentes O.; Nelson R.C.","Fuentes, Olac (56240528900); Nelson, Randal C. (55451978200)","56240528900; 55451978200","Learning Dextrous Manipulation Skills for Multifingered Robot Hands Using the Evolution Strategy","1998","Autonomous Robots","5","3-4","","395","405","10","3","10.1023/a:1008822709073","https://www.scopus.com/inward/record.uri?eid=2-s2.0-0032117387&doi=10.1023%2fa%3a1008822709073&partnerID=40&md5=3743887d4b0f42d002203e5b023333b1","Article","Final","","Scopus","2-s2.0-0032117387"
"Zhuravin I.A.; Nalivaeva N.N.; Plesneva S.A.; Dubrovskaya N.M.","Zhuravin, I.A. (7004172334); Nalivaeva, N.N. (7003989311); Plesneva, S.A. (7004765346); Dubrovskaya, N.M. (6602818468)","7004172334; 7003989311; 7004765346; 6602818468","Effect of gangliosides on motor activity, learning, and mechanisms of regulation of signal transduction in the rat brain","1999","Journal of Evolutionary Biochemistry and Physiology","35","3","","298","308","10","2","","https://www.scopus.com/inward/record.uri?eid=2-s2.0-23044519798&partnerID=40&md5=a446a47660be2e51a54538fb5ff43711","Review","Final","","Scopus","2-s2.0-23044519798"
"Tominaga Hirohisa; Ikeuchi Katsushi","Tominaga, Hirohisa (7102416093); Ikeuchi, Katsushi (35208602900)","7102416093; 35208602900","Acquiring manipulation skills through observation","1999","IEEE International Conference on Multisensor Fusion and Integration for Intelligent Systems","","","","7","12","5","4","","https://www.scopus.com/inward/record.uri?eid=2-s2.0-0033357935&partnerID=40&md5=654762d8c1f6be3a42005541297456b5","Conference paper","Final","","Scopus","2-s2.0-0033357935"
"Buss Martin; Hashimoto Hideki","Buss, Martin (7006359409); Hashimoto, Hideki (57201849952)","7006359409; 57201849952","Information and power flow during skill acquisition for the intelligent assisting system - IAS","1993","1993 International Conference on Intelligent Robots and Systems","","","","25","32","7","3","","https://www.scopus.com/inward/record.uri?eid=2-s2.0-0027866886&partnerID=40&md5=514b7806c71e894140a8c07ef3335e91","Conference paper","Final","","Scopus","2-s2.0-0027866886"
"Scheering C.; Knoll A.","Scheering, Christian (6506831716); Knoll, Alois (7102250639)","6506831716; 7102250639","A framework for implementing self-organising task-oriented multi-sensor networks","1998","Proceedings of SPIE - The International Society for Optical Engineering","3523","","","18","29","11","0","10.1117/12.327011","https://www.scopus.com/inward/record.uri?eid=2-s2.0-0037960217&doi=10.1117%2f12.327011&partnerID=40&md5=d2c20955c2d509b3df697ca56330d998","Conference paper","Final","","Scopus","2-s2.0-0037960217"
"Liu S.; Asada H.","Liu, Sheng (55724750900); Asada, Haruhiko (57202577830)","55724750900; 57202577830","Transferring manipulative skills to robots: Representation and acquisition of tool manipulative skills using a process dynamics model","1992","Journal of Dynamic Systems, Measurement and Control, Transactions of the ASME","114","2","","220","228","8","36","10.1115/1.2896518","https://www.scopus.com/inward/record.uri?eid=2-s2.0-0026880744&doi=10.1115%2f1.2896518&partnerID=40&md5=1e231153b056db7284b0e7dc025bcff7","Article","Final","","Scopus","2-s2.0-0026880744"
"Fuentes O.; Nelson R.C.","Fuentes, Olac (56240528900); Nelson, Randal C. (55451978200)","56240528900; 55451978200","Learning Dextrous Manipulation Skills for Multifingered Robot Hands Using the Evolution Strategy","1998","Machine Learning","31","1-3","","223","237","14","16","10.1023/a:1007409228154","https://www.scopus.com/inward/record.uri?eid=2-s2.0-0032043794&doi=10.1023%2fa%3a1007409228154&partnerID=40&md5=940bf071446e064e18e86bc3a6608198","Article","Final","All Open Access; Bronze Open Access","Scopus","2-s2.0-0032043794"
"Buss Martin; Hashimoto Hideki","Buss, Martin (7006359409); Hashimoto, Hideki (57201849952)","7006359409; 57201849952","Skill acquisition and transfer system as approach to the intelligent assisting system - IAS","1993","Proceedings of the IEEE Conference on Control Applications","1","","","451","456","5","0","","https://www.scopus.com/inward/record.uri?eid=2-s2.0-0027849366&partnerID=40&md5=ee5b8712486565fd7a9bb92fc6d01817","Conference paper","Final","","Scopus","2-s2.0-0027849366"
"Archibald Colin","Archibald, Colin (7005946227)","7005946227","Software design of sensor-based robot skills","1994","Conference Record - IEEE Instrumentation and Measurement Technology Conference","1","","","175","178","3","1","","https://www.scopus.com/inward/record.uri?eid=2-s2.0-0028755463&partnerID=40&md5=37ae1ba31dba5abce3a652ca6d5b83f2","Article","Final","","Scopus","2-s2.0-0028755463"
"Eppler M.A.","Eppler, Marion A. (6701657560)","6701657560","Development of manipulatory skills and the deployment of attention","1995","Infant Behavior and Development","18","4","","391","405","14","69","10.1016/0163-6383(95)90029-2","https://www.scopus.com/inward/record.uri?eid=2-s2.0-0001331263&doi=10.1016%2f0163-6383%2895%2990029-2&partnerID=40&md5=98e7b132da28156f7c143833a500157a","Article","Final","","Scopus","2-s2.0-0001331263"
"Kozlowski D.M.; Morimoto A.K.; Charles S.T.","Kozlowski, David M. (7005398916); Morimoto, Alan K. (15023276000); Charles, Steven T. (57214440478)","7005398916; 15023276000; 57214440478","Micro-telerobotic surgical system for microsurgery","1997","Studies in Health Technology and Informatics","39","","","216","223","7","7","10.3233/978-1-60750-883-0-216","https://www.scopus.com/inward/record.uri?eid=2-s2.0-0030626363&doi=10.3233%2f978-1-60750-883-0-216&partnerID=40&md5=47349a9f49a7c0f6e7a1a6d41335e350","Conference paper","Final","","Scopus","2-s2.0-0030626363"
"Daxwanger W.A.; Schmidt G.","Daxwanger, W.A. (6602981333); Schmidt, G. (55708530600)","6602981333; 55708530600","Neural and fuzzy approaches to vision-based parking control","1996","Control Engineering Practice","4","11","","1607","1614","7","7","10.1016/0967-0661(96)00176-1","https://www.scopus.com/inward/record.uri?eid=2-s2.0-0030289353&doi=10.1016%2f0967-0661%2896%2900176-1&partnerID=40&md5=a42e33f14198f67e5e5c1eec0515691a","Article","Final","","Scopus","2-s2.0-0030289353"
"McCarragher Brenan J.","McCarragher, Brenan J. (7003699938)","7003699938","Force sensing from human demonstration: stiffness, impedance and kinesthetic sensibility","1994","IEEE/RSJ/GI International Conference on Intelligent Robots and Systems","2","","","1226","1233","7","2","","https://www.scopus.com/inward/record.uri?eid=2-s2.0-0028753328&partnerID=40&md5=3570c0baa0e808607c0030c17722b314","Conference paper","Final","","Scopus","2-s2.0-0028753328"
"Zhang J.; Knoll A.","Zhang, Jianwei (56039580400); Knoll, Alois (7102250639)","56039580400; 7102250639","Learning manipulation skills by combining PCA technique and adaptive interpolation","1998","Proceedings of SPIE - The International Society for Optical Engineering","3523","","","211","222","11","0","10.1117/12.327003","https://www.scopus.com/inward/record.uri?eid=2-s2.0-0037960182&doi=10.1117%2f12.327003&partnerID=40&md5=1c2c119a951fd25fd741bc337fd45718","Conference paper","Final","All Open Access; Green Open Access","Scopus","2-s2.0-0037960182"
"Nagata H.; Tsuchiya T.","Nagata, Hideo (58509333400); Tsuchiya, Takeshi (7403025779)","58509333400; 7403025779","Intelligent Control Concerning Obstacle Avoidance of Mobile Robot","1996","Journal of Robotics and Mechatronics","8","1","","104","111","7","0","10.20965/jrm.1996.p0104","https://www.scopus.com/inward/record.uri?eid=2-s2.0-85165967432&doi=10.20965%2fjrm.1996.p0104&partnerID=40&md5=4a40299a7f5d2d08f5ad55a71686fa2f","Article","Final","All Open Access; Green Open Access; Hybrid Gold Open Access","Scopus","2-s2.0-85165967432"
"Aiyama Yasumichi; Arai Tamio","Aiyama, Yasumichi (7003479863); Arai, Tamio (35494671300)","7003479863; 35494671300","Box picking-up with graspless manipulation skill","1999","Proceedings of the IEEE International Symposium on Assembly and Task Planning","","","","244","249","5","0","","https://www.scopus.com/inward/record.uri?eid=2-s2.0-0033358895&partnerID=40&md5=c0668d9d374570597cd2fb474a7f2447","Article","Final","","Scopus","2-s2.0-0033358895"
"Tani J.","Tani, Jun (56072068100)","56072068100","Essential dynamical structure in learnable autonomous robots","1995","Lecture Notes in Computer Science (including subseries Lecture Notes in Artificial Intelligence and Lecture Notes in Bioinformatics)","929","","","721","732","11","4","10.1007/3-540-59496-5_338","https://www.scopus.com/inward/record.uri?eid=2-s2.0-84957799546&doi=10.1007%2f3-540-59496-5_338&partnerID=40&md5=923633b16809e1624bb2f030fe153df5","Conference paper","Final","","Scopus","2-s2.0-84957799546"
"Daxwanger W.; Schmidt G.","Daxwanger, Wolfgang (6602981333); Schmidt, Günther (55708530600)","6602981333; 55708530600","Skill-based vehicle guidance by use of artificial neural networks","1996","Mathematics and Computers in Simulation","41","3-4","","263","271","8","2","10.1016/0378-4754(95)00076-3","https://www.scopus.com/inward/record.uri?eid=2-s2.0-0030188619&doi=10.1016%2f0378-4754%2895%2900076-3&partnerID=40&md5=060424b6ed026dbd1687b38b7e68df73","Article","Final","","Scopus","2-s2.0-0030188619"
"Liu Sheng; Asada Haruhiko","Liu, Sheng (55724750900); Asada, Haruhiko (57202577830)","55724750900; 57202577830","Skill-based adaptive controller for deburring robots","1991","American Society of Mechanical Engineers, Dynamic Systems and Control Division (Publication) DSC","28","","","107","113","6","1","","https://www.scopus.com/inward/record.uri?eid=2-s2.0-0026371502&partnerID=40&md5=be6865accbe3fbfd1d7d8d4ce39547a5","Conference paper","Final","","Scopus","2-s2.0-0026371502"
"Hailu G.; Sommer G.","Hailu, G. (6602853654); Sommer, G. (7102542747)","6602853654; 7102542747","Learning by biasing","1998","Proceedings - IEEE International Conference on Robotics and Automation","3","","680643","2168","2173","5","6","10.1109/ROBOT.1998.680643","https://www.scopus.com/inward/record.uri?eid=2-s2.0-0031646109&doi=10.1109%2fROBOT.1998.680643&partnerID=40&md5=96f1b78e264e6742d9fc71d051470279","Conference paper","Final","","Scopus","2-s2.0-0031646109"
"Ogasawara T.; Hirukawa H.; Kitagaki K.; Onda H.; Nakamura A.; Tsukune H.","Ogasawara, T. (7201579979); Hirukawa, H. (22834932900); Kitagaki, K. (7003367501); Onda, H. (7006391806); Nakamura, A. (55236249100); Tsukune, H. (6603839498)","7201579979; 22834932900; 7003367501; 7006391806; 55236249100; 6603839498","A telerobotics system for maintenance tasks integrating planning functions based on manipulation skills","1998","Proceedings - IEEE International Conference on Robotics and Automation","4","","680624","2870","2876","6","16","10.1109/ROBOT.1998.680624","https://www.scopus.com/inward/record.uri?eid=2-s2.0-0031637229&doi=10.1109%2fROBOT.1998.680624&partnerID=40&md5=81f81eb7d62f24ff4c291c9113385041","Conference paper","Final","","Scopus","2-s2.0-0031637229"
"Kubota N.; Arakawa T.; Fukuda T.","Kubota, Naoyuki (7202158579); Arakawa, Takemasa (7202299376); Fukuda, Toshio (36037263500)","7202158579; 7202299376; 36037263500","Hierarchical Trajectory Planning of Robot Manipulators with Structured Intelligence by Virus-Evolutionary Genetic Algorithm","1998","Nihon Kikai Gakkai Ronbunshu, C Hen/Transactions of the Japan Society of Mechanical Engineers, Part C","64","625","","3481","3489","8","0","10.1299/kikaic.64.3481","https://www.scopus.com/inward/record.uri?eid=2-s2.0-85024458847&doi=10.1299%2fkikaic.64.3481&partnerID=40&md5=ac3e79690c0e32d5d6d3f6bf2bd06d1f","Article","Final","All Open Access; Bronze Open Access","Scopus","2-s2.0-85024458847"
"Hashiguchi Y.; Takaoka K.; Kanemaru M.","Hashiguchi, Y. (7005416440); Takaoka, K. (7102246628); Kanemaru, M. (6602162627)","7005416440; 7102246628; 6602162627","The development of a practical dexterous assembly robot system without the use of force sensor","2001","Proceedings of the IEEE International Symposium on Assembly and Task Planning","","","","470","475","5","2","","https://www.scopus.com/inward/record.uri?eid=2-s2.0-0034838048&partnerID=40&md5=80872373a1a4e5d96d3e9c9d36cb3c4e","Conference paper","Final","","Scopus","2-s2.0-0034838048"
"Cortesão R.; Koeppe R.","Cortesão, Rui (6602671461); Koeppe, Ralf (56212638800)","6602671461; 56212638800","Sensor fusion for human-robot skill transfer systems","2000","Advanced Robotics","14","6","","537","549","12","3","10.1163/156855300741997","https://www.scopus.com/inward/record.uri?eid=2-s2.0-0034444344&doi=10.1163%2f156855300741997&partnerID=40&md5=60c67dcb083e3cdf1882ad3941633e2d","Article","Final","","Scopus","2-s2.0-0034444344"
"Gullapalli V.; Franklin J.A.; Benbrahim H.","Gullapalli, Vijakumar (6602817906); Franklin, Judy A. (7202890546); Benbrahim, Hamid (6506877862)","6602817906; 7202890546; 6506877862","Acquiring Robot Skills via Reinforcement Learning","1994","IEEE Control Systems","14","1","","13","24","11","148","10.1109/37.257890","https://www.scopus.com/inward/record.uri?eid=2-s2.0-0028381374&doi=10.1109%2f37.257890&partnerID=40&md5=1b5fc97dd995197d034b1e5b91d2420a","Article","Final","","Scopus","2-s2.0-0028381374"
"Friedrich H.; Rogalla O.; Dillmann R.","Friedrich, Holger (7101845006); Rogalla, Oliver (6603273418); Dillmann, Rüdiger (35599949300)","7101845006; 6603273418; 35599949300","Integrating skills into multi-agent systems","1998","Journal of Intelligent Manufacturing","9","2","","119","127","8","9","10.1023/A:1008811827890","https://www.scopus.com/inward/record.uri?eid=2-s2.0-0032048334&doi=10.1023%2fA%3a1008811827890&partnerID=40&md5=eb945daae71b8c7ef4ba8d5bb6d8b3a7","Article","Final","","Scopus","2-s2.0-0032048334"
"Dupuis Erick; Liu Sheng; Asada Haruhiko","Dupuis, Erick (57518943800); Liu, Sheng (55724750900); Asada, Haruhiko (57202577830)","57518943800; 55724750900; 57202577830","On the consistency of compliance control laws acquired from humans","1992","American Society of Mechanical Engineers, Dynamic Systems and Control Division (Publication) DSC","42","","","155","162","7","0","","https://www.scopus.com/inward/record.uri?eid=2-s2.0-0026972798&partnerID=40&md5=3ec2a55f94ccf596f6ba3acd5e540598","Conference paper","Final","","Scopus","2-s2.0-0026972798"
"Martens C.; Ruchel N.; Lang O.; Ivlev O.; Gräser A.","Martens, C. (7006527818); Ruchel, N. (6504612428); Lang, O. (57522409300); Ivlev, O. (55928524600); Gräser, A. (6603445190)","7006527818; 6504612428; 57522409300; 55928524600; 6603445190","A FRIEND for assisting handicapped people","2001","IEEE Robotics and Automation Magazine","8","1","","57","65","8","71","10.1109/100.924364","https://www.scopus.com/inward/record.uri?eid=2-s2.0-0035264634&doi=10.1109%2f100.924364&partnerID=40&md5=227f3215a579c53ac996d90fae5a0dd6","Article","Final","","Scopus","2-s2.0-0035264634"
"","","","Proceedings of the 1997 IEEE International Symposium on Computational Intelligence in Robotics and Automation, CIRA","1997","Proceedings of IEEE International Symposium on Computational Intelligence in Robotics and Automation, CIRA","","","","","","418","0","","https://www.scopus.com/inward/record.uri?eid=2-s2.0-0030661160&partnerID=40&md5=d2d393ab687046cbcba3e842fc8a57d9","Conference review","Final","","Scopus","2-s2.0-0030661160"
"Ledezma A.; Berlanga A.; Aler R.","Ledezma, Agapito (6507061932); Berlanga, Antonio (57211236904); Aler, Ricardo (6602918196)","6507061932; 57211236904; 6602918196","Automatic symbolic modelling of co-evolutionarily learned robot skills","2001","Lecture Notes in Computer Science (including subseries Lecture Notes in Artificial Intelligence and Lecture Notes in Bioinformatics)","2084 LNCS","PART 1","","799","806","7","3","10.1007/3-540-45720-8_96","https://www.scopus.com/inward/record.uri?eid=2-s2.0-84902139197&doi=10.1007%2f3-540-45720-8_96&partnerID=40&md5=0e1f77ac30409ad2659b4c2163b1020e","Conference paper","Final","","Scopus","2-s2.0-84902139197"
"Shibata T.; Abe A.; Tanie K.; Nose M.","Shibata, Takanori (56890247700); Abe, Tamotsu (7405996924); Tanie, Kazuo (55951046600); Nose, Matsuo (7102457180)","56890247700; 7405996924; 55951046600; 7102457180","Skill based motion planning in hierarchical intelligent control of a redundant manipulator","1996","Robotics and Autonomous Systems","18","1-2","","65","73","8","7","10.1016/0921-8890(95)00095-X","https://www.scopus.com/inward/record.uri?eid=2-s2.0-0030191576&doi=10.1016%2f0921-8890%2895%2900095-X&partnerID=40&md5=3589e3aa5b0166a6a0d24b4b0abb5ebc","Article","Final","","Scopus","2-s2.0-0030191576"
"Donald B.; Gariepy L.; Rus D.","Donald, Bruce (7005215486); Gariepy, Larry (37024366500); Rus, Daniela (57218886083)","7005215486; 37024366500; 57218886083","Distributed manipulation of multiple objects using ropes","2000","Proceedings-IEEE International Conference on Robotics and Automation","1","","","450","457","7","80","10.1109/ROBOT.2000.844096","https://www.scopus.com/inward/record.uri?eid=2-s2.0-0033721802&doi=10.1109%2fROBOT.2000.844096&partnerID=40&md5=c73cc08c2b87d9b7bb073fed23d48248","Article","Final","","Scopus","2-s2.0-0033721802"
"Kubota N.; Arakawa T.; Fukuda T.","Kubota, Naoyuki (7202158579); Arakawa, Takemasa (7202299376); Fukuda, Toshio (36037263500)","7202158579; 7202299376; 36037263500","Hierarchical trajectory planning of redundant manipulators with structured intelligence","1997","Advanced Robotics","12","3","","209","225","16","0","10.1163/156855398X00154","https://www.scopus.com/inward/record.uri?eid=2-s2.0-0032316937&doi=10.1163%2f156855398X00154&partnerID=40&md5=f322d698bd24a8afccf681295c35144a","Article","Final","","Scopus","2-s2.0-0032316937"
"Shibata Takanori; Abe Tamotsu; Tanie Kazuo; Nose Matsuo","Shibata, Takanori (56890247700); Abe, Tamotsu (7405996924); Tanie, Kazuo (55951046600); Nose, Matsuo (7102457180)","56890247700; 7405996924; 55951046600; 7102457180","Skill based motion planning of a redundant manipulator by genetic algorithm","1995","Proceedings of the IEEE Conference on Evolutionary Computation","1","","","473","478","5","1","","https://www.scopus.com/inward/record.uri?eid=2-s2.0-0029522018&partnerID=40&md5=274caefadde0c70fbbff062c5eafb2ed","Conference paper","Final","","Scopus","2-s2.0-0029522018"
"Rochat P.","Rochat, Philippe (7005253335)","7005253335","Hand-mouth coordination in the newborn: Morphology, determinants, and early development of a basic act","1993","Advances in Psychology","97","C","","265","288","23","48","10.1016/S0166-4115(08)60956-5","https://www.scopus.com/inward/record.uri?eid=2-s2.0-77956785220&doi=10.1016%2fS0166-4115%2808%2960956-5&partnerID=40&md5=dff1a089d5a6607129d1637d3dd7a0ae","Article","Final","","Scopus","2-s2.0-77956785220"
"Alford W.A.; Kawamura K.; Wilkes D.M.","Alford, W.A. (7003286771); Kawamura, K. (57202749216); Wilkes, D.M. (35613474000)","7003286771; 57202749216; 35613474000","Human Directed Local Autonomy for motion guidance and coordination in an intelligent manufacturing system","1997","Proceedings of SPIE - The International Society for Optical Engineering","3203","","","81","86","5","1","10.1117/12.294421","https://www.scopus.com/inward/record.uri?eid=2-s2.0-57749097590&doi=10.1117%2f12.294421&partnerID=40&md5=97b57ed63de001cc46d19ca7fbb280ec","Conference paper","Final","","Scopus","2-s2.0-57749097590"
"Archibald C.; Krieger M.; Petriu E.","Archibald, Colin (7005946227); Krieger, Moshe (7102773047); Petriu, Emil (35428404800)","7005946227; 7102773047; 35428404800","Software design of sensor-based robot skills","1994","Conference Proceedings - 10th Anniv., IMTC 1994: Advanced Technologies in I and M. 1994 IEEE Instrumentation and Measurement Technology Conference","","","352097","175","178","3","0","10.1109/IMTC.1994.352097","https://www.scopus.com/inward/record.uri?eid=2-s2.0-85064703493&doi=10.1109%2fIMTC.1994.352097&partnerID=40&md5=0419cf0aaae319eddc9cafa6b999cd17","Conference paper","Final","","Scopus","2-s2.0-85064703493"
"Schneider J.G.","Schneider, Jeff G. (57194307511)","57194307511","Learning Open Loop Control of Complex Motor Tasks","1993","AAAI Fall Symposium - Technical Report","FS-93-04","","","130","134","4","1","","https://www.scopus.com/inward/record.uri?eid=2-s2.0-34147128501&partnerID=40&md5=335bbe85c50c66052e152f8c3a7b5b96","Conference paper","Final","","Scopus","2-s2.0-34147128501"
"Lin Long-Ji","Lin, Long-Ji (7404130726)","7404130726","Hierarchical learning of robot skills by reinforcement","1993","1993 IEEE International Conference on Neural Networks","","","","181","186","5","28","","https://www.scopus.com/inward/record.uri?eid=2-s2.0-84943270108&partnerID=40&md5=a3230b5c1a0fac065f3e1159c087872a","Conference paper","Final","","Scopus","2-s2.0-84943270108"
"Suehiro Takashi; Kitagaki Kosei","Suehiro, Takashi (7103054254); Kitagaki, Kosei (7003367501)","7103054254; 7003367501","Multi-agent based implementation of robot skills","1996","Proceedings - IEEE International Conference on Robotics and Automation","4","","","2976","2981","5","4","","https://www.scopus.com/inward/record.uri?eid=2-s2.0-0029704942&partnerID=40&md5=e6c83589d86853e36b900f0d5dba253f","Conference paper","Final","","Scopus","2-s2.0-0029704942"
"Nakamura Akira; Ogasawara Tsukasa; Suehiro Takashi; Tsukune Hideo","Nakamura, Akira (55236249100); Ogasawara, Tsukasa (7201579979); Suehiro, Takashi (7103054254); Tsukune, Hideo (6603839498)","55236249100; 7201579979; 7103054254; 6603839498","Skill-based backprojection for fine motion planning","1996","IEEE International Conference on Intelligent Robots and Systems","2","","","526","533","7","23","","https://www.scopus.com/inward/record.uri?eid=2-s2.0-0030414984&partnerID=40&md5=4f6e2180c08e5ea1f55bbde0c883bc2b","Conference paper","Final","","Scopus","2-s2.0-0030414984"
"Kubota Naoyuki; Arakawa Takemasa; Fukuda Toshio; Shimojima Koji","Kubota, Naoyuki (7202158579); Arakawa, Takemasa (7202299376); Fukuda, Toshio (36037263500); Shimojima, Koji (57523299800)","7202158579; 7202299376; 36037263500; 57523299800","Motion planning for a robotic system with structured intelligence","1997","Proceedings of IEEE International Symposium on Computational Intelligence in Robotics and Automation, CIRA","","","","60","65","5","13","","https://www.scopus.com/inward/record.uri?eid=2-s2.0-0030692370&partnerID=40&md5=c265a2e60f808b35efba42ff3de1fe1b","Conference paper","Final","","Scopus","2-s2.0-0030692370"
"Buss Martin; Hashimoto Hideki","Buss, Martin (7006359409); Hashimoto, Hideki (57201849952)","7006359409; 57201849952","Manipulation skill modeling for dexterous hands","1994","Proceedings - IEEE International Conference on Robotics and Automation","","pt 4","","3403","3408","5","3","","https://www.scopus.com/inward/record.uri?eid=2-s2.0-0027989064&partnerID=40&md5=de858cdeb23cfdfbe32e1a7e89b30989","Conference paper","Final","","Scopus","2-s2.0-0027989064"
"Ogasawara T.; Kitagaki K.; Suehiro T.; Hasegawa T.; Takase K.","Ogasawara, Tsukasa (7201579979); Kitagaki, K. (7003367501); Suehiro, T. (7103054254); Hasegawa, Tsutomu (7404174677); Takase, K. (7201509273)","7201579979; 7003367501; 7103054254; 7404174677; 7201509273","Model based implementation of a manipulation system with artificial skills","1993","Lecture Notes in Control and Information Sciences","190","","","89","98","9","1","10.1007/BFb0036133","https://www.scopus.com/inward/record.uri?eid=2-s2.0-85049687229&doi=10.1007%2fBFb0036133&partnerID=40&md5=c0ee1f2db4b84d65845488921cc1eca2","Conference paper","Final","","Scopus","2-s2.0-85049687229"
"Archibald C.; Petriu E.","Archibald, Colin (7005946227); Petriu, Emil (35428404800)","7005946227; 35428404800","A model for skills-oriented robot programming (SKORP)","1993","Proceedings of SPIE - The International Society for Optical Engineering","1964","","","392","402","10","10","10.1117/12.141787","https://www.scopus.com/inward/record.uri?eid=2-s2.0-85072871528&doi=10.1117%2f12.141787&partnerID=40&md5=f743082b9a59aeace4ec0bbf883e6dfc","Conference paper","Final","","Scopus","2-s2.0-85072871528"
"Dowland B.; Clarkson J.; Cipolla R.","Dowland, Bob (6506948794); Clarkson, John (7103180311); Cipolla, Roberto (7006935878)","6506948794; 7103180311; 7006935878","A prototyping strategy for use in interactive robotic system development","1998","Robotica","16","5","","517","521","4","3","10.1017/S0263574798000678","https://www.scopus.com/inward/record.uri?eid=2-s2.0-0032155737&doi=10.1017%2fS0263574798000678&partnerID=40&md5=7413c47b6dc34484a643c3d2ee25ed67","Article","Final","","Scopus","2-s2.0-0032155737"
"Hexmoor H.H.","Hexmoor, Henry H. (7004364556)","7004364556","Learning routines","1996","Lecture Notes in Computer Science (including subseries Lecture Notes in Artificial Intelligence and Lecture Notes in Bioinformatics)","1037","","","97","110","13","1","10.1007/3540608052_61","https://www.scopus.com/inward/record.uri?eid=2-s2.0-84957638569&doi=10.1007%2f3540608052_61&partnerID=40&md5=29b79787a070764ca9f13106f312e03b","Conference paper","Final","","Scopus","2-s2.0-84957638569"
"Cortesão R.; Koeppe R.; Nunes U.; Hirzinger G.","Cortesão, Rui (6602671461); Koeppe, Ralf (56212638800); Nunes, Urbano (6603870766); Hirzinger, Gerd (35579753000)","6602671461; 56212638800; 6603870766; 35579753000","Data fusion for compliant motion tasks based on human skills","2002","IEEE International Conference on Intelligent Robots and Systems","2","","","1529","1534","5","5","","https://www.scopus.com/inward/record.uri?eid=2-s2.0-0036450713&partnerID=40&md5=e39b6798e1845a050ea401dbadb1ee34","Conference paper","Final","","Scopus","2-s2.0-0036450713"
"","","","Proceedings: 2002 IEEE International Conference on Robotics and Automation","2002","Proceedings - IEEE International Conference on Robotics and Automation","2","","","","","1133","0","","https://www.scopus.com/inward/record.uri?eid=2-s2.0-0036060799&partnerID=40&md5=3cf58353717e124d934c892cb569aa0e","Conference review","Final","","Scopus","2-s2.0-0036060799"
"Buss Martin; Hashimoto Hideki","Buss, Martin (7006359409); Hashimoto, Hideki (57201849952)","7006359409; 57201849952","Intelligent cooperative manipulation system","1993","IECON Proceedings (Industrial Electronics Conference)","1","","","45","50","5","0","","https://www.scopus.com/inward/record.uri?eid=2-s2.0-0027843692&partnerID=40&md5=cefef5689a42966eebba6b4b4c0fb0e9","Conference paper","Final","","Scopus","2-s2.0-0027843692"
"Grudic Gregory Z.; Lawrence Peter D.","Grudic, Gregory Z. (6602354237); Lawrence, Peter D. (36729888200)","6602354237; 36729888200","Human-to-robot skill transfer using the SPORE approximation","1996","Proceedings - IEEE International Conference on Robotics and Automation","4","","","2962","2967","5","16","","https://www.scopus.com/inward/record.uri?eid=2-s2.0-0029720233&partnerID=40&md5=2ae12b27ed4fe849c29ab66371895405","Conference paper","Final","","Scopus","2-s2.0-0029720233"
"Yang Boo-Ho; Asada Haruhiko","Yang, Boo-Ho (7404472335); Asada, Haruhiko (57202577830)","7404472335; 57202577830","Hybrid linguistic/numeric control of deburring robots based on human skills","1992","Proceedings - IEEE International Conference on Robotics and Automation","2","","","1467","1474","7","16","","https://www.scopus.com/inward/record.uri?eid=2-s2.0-0026977030&partnerID=40&md5=eedd4e407af2eafe406865560b8b169a","Conference paper","Final","","Scopus","2-s2.0-0026977030"
"Knotts R.M.; Nourbakhsh I.R.; Morris R.C.","Knotts, Ryan M. (6602269464); Nourbakhsh, Illah R. (6701422876); Morris, Robert C. (7404056971)","6602269464; 6701422876; 7404056971","Navigates: A benchmark for indoor navigation","1998","Robotics 1998","","","","36","42","6","3","10.1061/40337(205)6","https://www.scopus.com/inward/record.uri?eid=2-s2.0-84904820128&doi=10.1061%2f40337%28205%296&partnerID=40&md5=77d5dfa06f0376bbdb9c0e59ecb9da4a","Conference paper","Final","","Scopus","2-s2.0-84904820128"
"Zhuravin I.A.; Nalivaeva N.N.; Plesneva S.A.; Dubrovskaya N.M.; Chekulaeva U.B.; Klement'ev B.I.","Zhuravin, I.A. (7004172334); Nalivaeva, N.N. (7003989311); Plesneva, S.A. (7004765346); Dubrovskaya, N.M. (6602818468); Chekulaeva, U.B. (6603317366); Klement'ev, B.I. (6604067820)","7004172334; 7003989311; 7004765346; 6602818468; 6603317366; 6604067820","Neurochemical characteristics of the rat neostriatum and motor cortex after the development of a unilateral manipulatory reflex","1995","Neuroscience and Behavioral Physiology","25","2","","117","121","4","2","10.1007/BF02358578","https://www.scopus.com/inward/record.uri?eid=2-s2.0-0029268204&doi=10.1007%2fBF02358578&partnerID=40&md5=46f46f06017ddfcb256a21f8c5afbd0a","Article","Final","","Scopus","2-s2.0-0029268204"
"Sanz P.J.; Recatalá G.; Traver V.J.; del Pobil Á.P.","Sanz, Pedro J. (7102001752); Recatalá, Gabriel (6506219070); Traver, V. Javier (57194268468); del Pobil, Ángel P. (7004107850)","7102001752; 6506219070; 57194268468; 7004107850","Towards a reactive grasping system for an industrial robot arm","1999","Proceedings - 1999 IEEE International Symposium on Computational Intelligence in Robotics and Automation, CIRA 1999","","","","1","6","5","2","","https://www.scopus.com/inward/record.uri?eid=2-s2.0-0004110551&partnerID=40&md5=cd401cbcdef2026d7b7f39013aa4ce33","Conference paper","Final","","Scopus","2-s2.0-0004110551"
"Hexmoor Henry; Bandera Cesar","Hexmoor, Henry (7004364556); Bandera, Cesar (6603770074)","7004364556; 6603770074","Architectural issues for integration of sensing and acting modalities","1998","IEEE International Symposium on Intelligent Control - Proceedings","","","","319","324","5","1","","https://www.scopus.com/inward/record.uri?eid=2-s2.0-0032299426&partnerID=40&md5=8648c60b2331bd0d5123e2f7f808686a","Conference paper","Final","","Scopus","2-s2.0-0032299426"
"Takamatsu J.; Tominaga H.; Ogawara K.; Kimura H.; Ikeuchi K.","Takamatsu, J. (35243684200); Tominaga, H. (7102416093); Ogawara, K. (7006272822); Kimura, H. (56875082500); Ikeuchi, K. (35208602900)","35243684200; 7102416093; 7006272822; 56875082500; 35208602900","Extracting manipulation skills from observation","2000","IEEE International Conference on Intelligent Robots and Systems","1","","","584","589","5","14","","https://www.scopus.com/inward/record.uri?eid=2-s2.0-0034446490&partnerID=40&md5=86d61ef69e2e789092314ff5d0789d40","Conference paper","Final","","Scopus","2-s2.0-0034446490"
"Kaiser M.; Dillmann R.","Kaiser, M. (57196911873); Dillmann, R. (35599949300)","57196911873; 35599949300","Building elementary robot skills from human demonstration","1996","Proceedings - IEEE International Conference on Robotics and Automation","3","","","2700","2705","5","96","","https://www.scopus.com/inward/record.uri?eid=2-s2.0-0029697750&partnerID=40&md5=5473b60ac76b1f73af1e27db03d07f63","Conference paper","Final","","Scopus","2-s2.0-0029697750"
"Archibald C.; Harb A.","Archibald, Colin (7005946227); Harb, Ahmad (36721757800)","7005946227; 36721757800","Robot Skills Development Using a Laser Range Finder","1994","IEEE Transactions on Instrumentation and Measurement","43","2","","265","271","6","1","10.1109/19.293431","https://www.scopus.com/inward/record.uri?eid=2-s2.0-0028422433&doi=10.1109%2f19.293431&partnerID=40&md5=5262339ebc6d031352f24af45b0c338a","Article","Final","","Scopus","2-s2.0-0028422433"
"Araujo Rui; Nunes Urbano; de Almedia A.T.","Araujo, Rui (7103253230); Nunes, Urbano (6603870766); de Almedia, A.T. (6506763223)","7103253230; 6603870766; 6506763223","Fuzzy-based reinforcement learning of a robot force control skill","1996","IEEE International Symposium on Industrial Electronics","1","","","453","458","5","2","","https://www.scopus.com/inward/record.uri?eid=2-s2.0-0029728647&partnerID=40&md5=a3a8e9aa2db9ae3f68535471c264ba63","Conference paper","Final","","Scopus","2-s2.0-0029728647"
"Buss Martin; Hashimoto Hideki","Buss, Martin (7006359409); Hashimoto, Hideki (57201849952)","7006359409; 57201849952","Hand manipulation skill modeling for the intelligent cooperative manipulation system - ICMS","1994","IEEE/RSJ/GI International Conference on Intelligent Robots and Systems","2","","","1234","1241","7","0","","https://www.scopus.com/inward/record.uri?eid=2-s2.0-0028741813&partnerID=40&md5=c08acb404fca5e601cd3f66abdf3c34f","Conference paper","Final","","Scopus","2-s2.0-0028741813"
"Nakamura A.; Ogasawara T.; Kitagaki K.; Suehiro T.","Nakamura, Akira (55236249100); Ogasawara, Tsukasa (7201579979); Kitagaki, Kosei (7003367501); Suehiro, Takashi (7103054254)","55236249100; 7201579979; 7003367501; 7103054254","Using robust and simplified geometric models in skill-based manipulation","2001","IEEE International Conference on Intelligent Robots and Systems","1","","","138","145","7","10","","https://www.scopus.com/inward/record.uri?eid=2-s2.0-0035559044&partnerID=40&md5=42bf7ba1cc6b6f1c4e23fd20566d50d1","Conference paper","Final","","Scopus","2-s2.0-0035559044"
"Schneider Jeff G.; Gans Roger F.","Schneider, Jeff G. (57194307511); Gans, Roger F. (7102358966)","57194307511; 7102358966","Efficient search for robot skill learning: simulation and reality","1994","IEEE/RSJ/GI International Conference on Intelligent Robots and Systems","2","","","1256","1263","7","4","","https://www.scopus.com/inward/record.uri?eid=2-s2.0-0028741812&partnerID=40&md5=c4af8ef67e218b25409da235652d6a92","Conference paper","Final","","Scopus","2-s2.0-0028741812"
"Schuyler J.L.; Mahoney R.M.","Schuyler, J.L. (6701682500); Mahoney, R.M. (7005236972)","6701682500; 7005236972","Assessing human-robotic performance for vocational placement","2000","IEEE Transactions on Rehabilitation Engineering","8","3","","394","404","10","14","10.1109/86.867881","https://www.scopus.com/inward/record.uri?eid=2-s2.0-0034283135&doi=10.1109%2f86.867881&partnerID=40&md5=442f6e9c1a1822fe734e5e8b8677d06f","Article","Final","","Scopus","2-s2.0-0034283135"
"Laugier C.; Fraichard Th.; Garnier Ph.; Paromtchik I.E.; Scheuer A.","Laugier, Christian (7007031683); Fraichard, Thierry (6701547879); Garnier, Philippe (36958381100); Paromtchik, Igor E. (6601956246); Scheuer, Alexis (7004633681)","7007031683; 6701547879; 36958381100; 6601956246; 7004633681","Sensor-based control architecture for a car-like vehicle","1999","Autonomous Robots","6","2","","165","185","20","28","10.1023/A:1008835527875","https://www.scopus.com/inward/record.uri?eid=2-s2.0-0032643088&doi=10.1023%2fA%3a1008835527875&partnerID=40&md5=34882c165315567cc0f585d3a8cd1d3c","Article","Final","","Scopus","2-s2.0-0032643088"
"Fuentes Olac; Nelson Randal C.","Fuentes, Olac (56240528900); Nelson, Randal C. (55451978200)","56240528900; 55451978200","Learning dextrous manipulation skills using the evolution strategy","1997","Proceedings - IEEE International Conference on Robotics and Automation","1","","","501","506","5","6","","https://www.scopus.com/inward/record.uri?eid=2-s2.0-0030678886&partnerID=40&md5=8e597441229d1e496d91fc1369683670","Conference paper","Final","","Scopus","2-s2.0-0030678886"
"Lopez-Juarez I.; Howarth M.","Lopez-Juarez, I. (6507474784); Howarth, M. (57207588058)","6507474784; 57207588058","Learning manipulative skills with ART","2000","IEEE International Conference on Intelligent Robots and Systems","1","","","578","583","5","20","10.1109/IROS.2000.894666","https://www.scopus.com/inward/record.uri?eid=2-s2.0-0034449392&doi=10.1109%2fIROS.2000.894666&partnerID=40&md5=8c81401e770506820177de566340968b","Article","Final","","Scopus","2-s2.0-0034449392"
"Madden M.G.M.; Nolan P.J.","Madden, M.G.M. (59268382800); Nolan, P.J. (7202342490)","59268382800; 7202342490","Application of AI based reinforcement learning to robot vehicle control","1995","Applications of Artificial Intelligence in Engineering","","","","437","445","8","2","","https://www.scopus.com/inward/record.uri?eid=2-s2.0-0029454044&partnerID=40&md5=32f230b1df84fbcb9bafb31d6ef5c11a","Conference paper","Final","","Scopus","2-s2.0-0029454044"
"Lee Sukhan; Chen Judy","Lee, Sukhan (7601402085); Chen, Judy (16034226700)","7601402085; 16034226700","Robot skill discovery based on observed data","1996","Proceedings - IEEE International Conference on Robotics and Automation","3","","","2694","2699","5","2","","https://www.scopus.com/inward/record.uri?eid=2-s2.0-0029717479&partnerID=40&md5=54c153b03b4cc170f0122558a5bd24cd","Conference paper","Final","","Scopus","2-s2.0-0029717479"
"Brignone L.M.; Howarth M.","Brignone, Lorenzo M. (23007855500); Howarth, Martin (57207588058)","23007855500; 57207588058","A geometrically validated approach to autonomous robotic assembly","2002","IEEE International Conference on Intelligent Robots and Systems","2","","","1626","1631","5","13","","https://www.scopus.com/inward/record.uri?eid=2-s2.0-0036451146&partnerID=40&md5=9ccef0bdff466edc971baf1e855a469f","Conference paper","Final","","Scopus","2-s2.0-0036451146"
"Ferch Markus; Zhang Jianwei; Knoll Alois","Ferch, Markus (6603902944); Zhang, Jianwei (56039580400); Knoll, Alois (7102250639)","6603902944; 56039580400; 7102250639","Robot skill transfer based on B-spline fuzzy controllers for force-control tasks","1999","Proceedings - IEEE International Conference on Robotics and Automation","2","","","1170","1175","5","4","","https://www.scopus.com/inward/record.uri?eid=2-s2.0-0032658170&partnerID=40&md5=8658458ce75d43818b4d5f8adf727312","Article","Final","","Scopus","2-s2.0-0032658170"
"Knotts Ryan M.; Nourbakhsh Illah R.; Morris Robert C.","Knotts, Ryan M. (6602269464); Nourbakhsh, Illah R. (6701422876); Morris, Robert C. (7404056971)","6602269464; 6701422876; 7404056971","NaviGates: A benchmark for indoor navigation","1998","Proceedings of the ASCE Specialty Conference on Robotics for Challenging Environments","","","","36","42","6","4","","https://www.scopus.com/inward/record.uri?eid=2-s2.0-0031650522&partnerID=40&md5=d79402f5fad728a3b26e820ff9d6fb3c","Conference paper","Final","","Scopus","2-s2.0-0031650522"
"Grudic G.Z.; Lawrence P.D.","Grudic, G.Z. (6602354237); Lawrence, P.D. (36729888200)","6602354237; 36729888200","Human-to-robot skill transfer via teleoperation","1995","Proceedings of the IEEE International Conference on Systems, Man and Cybernetics","3","","","2109","2114","5","4","","https://www.scopus.com/inward/record.uri?eid=2-s2.0-0029509258&partnerID=40&md5=17306b5db403309ce24ba9d0d386bc12","Conference paper","Final","","Scopus","2-s2.0-0029509258"
"Lee Christopher; Xu Yangsheng","Lee, Christopher (55954504700); Xu, Yangsheng (35075420400)","55954504700; 35075420400","Reduced-dimension representations of human performance data for human-to-robot skill transfer","1998","IEEE International Conference on Intelligent Robots and Systems","3","","","1956","1961","5","7","","https://www.scopus.com/inward/record.uri?eid=2-s2.0-0032317784&partnerID=40&md5=154266805d25defed42073836414455f","Conference paper","Final","","Scopus","2-s2.0-0032317784"
"Daxwanger Wolfgang A.; Schmidt Guenther K.","Daxwanger, Wolfgang A. (6602981333); Schmidt, Guenther K. (55708530600)","6602981333; 55708530600","Skill-based visual parking control using neural and fuzzy networks","1995","Proceedings of the IEEE International Conference on Systems, Man and Cybernetics","2","","","1659","1664","5","43","","https://www.scopus.com/inward/record.uri?eid=2-s2.0-0029511217&partnerID=40&md5=c65338287919d5b04bdc52edf72c8b78","Conference paper","Final","","Scopus","2-s2.0-0029511217"
"Fuentes Olac; Nelson Randal C.","Fuentes, Olac (56240528900); Nelson, Randal C. (55451978200)","56240528900; 55451978200","Learning dextrous manipulation skills using multisensory information","1996","IEEE International Conference on Multisensor Fusion and Integration for Intelligent Systems","","","","342","348","6","4","","https://www.scopus.com/inward/record.uri?eid=2-s2.0-0030405618&partnerID=40&md5=86235ae0b8edded3e93d6c34e6a296af","Conference paper","Final","","Scopus","2-s2.0-0030405618"
"Kitagaki K.; Suehiro T.; Fujiwara M.","Kitagaki, Kosei (7003367501); Suehiro, Takashi (7103054254); Fujiwara, Motoynshi (58537345400)","7003367501; 7103054254; 58537345400","Sensor-Based Artificial Skills with Force and Vision Information","2001","Journal of Robotics and Mechatronics","13","3","","254","266","12","0","10.20965/jrm.2001.p0254","https://www.scopus.com/inward/record.uri?eid=2-s2.0-85167991598&doi=10.20965%2fjrm.2001.p0254&partnerID=40&md5=b2338972b79467042ae985b1a35cfe8f","Article","Final","All Open Access; Hybrid Gold Open Access","Scopus","2-s2.0-85167991598"
"Amagai A.; Takase K.","Amagai, A. (6701554943); Takase, K. (57220661936)","6701554943; 57220661936","Implementation of dynamic manipulation with visual feedback and its application to pick and place task","2001","Proceedings of the IEEE International Symposium on Assembly and Task Planning","","","","344","350","6","22","","https://www.scopus.com/inward/record.uri?eid=2-s2.0-0034822973&partnerID=40&md5=707e611b472496a65d43785320d59dc0","Conference paper","Final","","Scopus","2-s2.0-0034822973"
"Schneider Jeff G.","Schneider, Jeff G. (57194307511)","57194307511","High dimension action spaces in robot skill learning","1994","Proceedings of the National Conference on Artificial Intelligence","2","","","1272","1278","6","0","","https://www.scopus.com/inward/record.uri?eid=2-s2.0-0028566776&partnerID=40&md5=31d18adfd9d66d5341a34fb31a56df68","Conference paper","Final","","Scopus","2-s2.0-0028566776"
"Archibald Colin; Petriu Emil","Archibald, Colin (7005946227); Petriu, Emil (35428404800)","7005946227; 35428404800","Robot skills development using a laser range finder","1993","Conference Record - IEEE Instrumentation and Measurement Technology Conference","","","","448","452","4","1","10.1109/imtc.1993.382601","https://www.scopus.com/inward/record.uri?eid=2-s2.0-0027187892&doi=10.1109%2fimtc.1993.382601&partnerID=40&md5=c4cdf170f845c3c6a942bdec706104cf","Conference paper","Final","","Scopus","2-s2.0-0027187892"
"Schlechter A.; Henrich D.","Schlechter, Antoine (57217871390); Henrich, Dominik (7003604183)","57217871390; 7003604183","Manipulating deformable linear objects: Manipulation skill for active damping of oscillations","2002","IEEE International Conference on Intelligent Robots and Systems","2","","79","1541","1546","5","5","10.1109/IRDS.2002.1043974","https://www.scopus.com/inward/record.uri?eid=2-s2.0-0036450461&doi=10.1109%2fIRDS.2002.1043974&partnerID=40&md5=1ddf57c25d720fcbd8f9496deb534f71","Article","Final","All Open Access; Green Open Access","Scopus","2-s2.0-0036450461"
"Tso S.K.; Liu K.P.","Tso, S.K. (7103261608); Liu, K.P. (57197929070)","7103261608; 57197929070","Visual programming for capturing of human manipulation skill","1993","1993 International Conference on Intelligent Robots and Systems","","","","42","45","3","5","","https://www.scopus.com/inward/record.uri?eid=2-s2.0-0027884517&partnerID=40&md5=b363f0b2971594eb0f5ec33c77f68c1a","Conference paper","Final","","Scopus","2-s2.0-0027884517"
"Kosuge Kazuhiro; Takeo Koji; Fukuda Toshio; Sugiura Tunehiko; Sakai Akira; Yamada Koji","Kosuge, Kazuhiro (55821756500); Takeo, Koji (35498720500); Fukuda, Toshio (36037263500); Sugiura, Tunehiko (35476185200); Sakai, Akira (57206317868); Yamada, Koji (57192142765)","55821756500; 35498720500; 36037263500; 35476185200; 57206317868; 57192142765","Unified approach for teleoperation of virtual and real environment for skill based teleoperation","1994","IEEE/RSJ/GI International Conference on Intelligent Robots and Systems","2","","","1242","1247","5","5","","https://www.scopus.com/inward/record.uri?eid=2-s2.0-0028742640&partnerID=40&md5=60b0439bc05e9dafe64767aab2323036","Conference paper","Final","","Scopus","2-s2.0-0028742640"
"Anon","Anon (1)","1","ABB robots lay it on the line for car seat manufacturers","1993","Industrial Robot","20","2","","32","33","1","0","","https://www.scopus.com/inward/record.uri?eid=2-s2.0-0027882692&partnerID=40&md5=30ff484e7499e5cf94dad3763e08498c","Article","Final","","Scopus","2-s2.0-0027882692"
"Hasegawa Tsutomu; Suehiro Takashi; Takase Kunikatsu","Hasegawa, Tsutomu (7404174677); Suehiro, Takashi (7103054254); Takase, Kunikatsu (7201509273)","7404174677; 7103054254; 7201509273","A robot system for unstructured environments based on an environment model and manipulation skills","1991","Proceedings - IEEE International Conference on Robotics and Automation","1","","","916","923","7","16","","https://www.scopus.com/inward/record.uri?eid=2-s2.0-0025796266&partnerID=40&md5=73fd4a68bdf4c3f003abd9a29d9b2ee0","Conference paper","Final","","Scopus","2-s2.0-0025796266"
"Groth H.; Lyman J.","Groth, Hilde (25952479600); Lyman, John (35515060600)","25952479600; 35515060600","Effects of massed practice and thickness of handcoverings on manipulation with gloves","1959","Journal of Applied Psychology","43","3","","154","161","7","3","10.1037/h0045163","https://www.scopus.com/inward/record.uri?eid=2-s2.0-58149408321&doi=10.1037%2fh0045163&partnerID=40&md5=c8a0c542d3eef3b0cc2a4edbb5176640","Article","Final","","Scopus","2-s2.0-58149408321"
"Pamnani G.L.","Pamnani, G.L. (57189705366)","57189705366","Human resource development paradigm as applied to sanitation management in public buildings in the metropolitan and municipal context","1988","Human Systems Management","7","3","","253","258","5","0","10.3233/HSM-1988-7309","https://www.scopus.com/inward/record.uri?eid=2-s2.0-84974766446&doi=10.3233%2fHSM-1988-7309&partnerID=40&md5=d4f47d99654739d4ba40e20c8894cab9","Article","Final","","Scopus","2-s2.0-84974766446"
"Zytkow J.M.; Pachowicz P.W.","Zytkow, Jan M. (6701646960); Pachowicz, Peter W. (56180857200)","6701646960; 56180857200","Fusion of vision and touch for spatio-temporal reasoning in learning manipulation tasks","1990","Proceedings of SPIE - The International Society for Optical Engineering","1198","","","404","415","11","3","10.1117/12.969994","https://www.scopus.com/inward/record.uri?eid=2-s2.0-0024845835&doi=10.1117%2f12.969994&partnerID=40&md5=2dfb81c1f876611d1a5b1737d06e1344","Conference paper","Final","","Scopus","2-s2.0-0024845835"
"Tomovich R.","Tomovich, R. (6506567940)","6506567940","Nonanalytic Control of Manipulators","1991","Avtomatika i Telemekhanika","","1","","46","61","15","0","","https://www.scopus.com/inward/record.uri?eid=2-s2.0-0025926927&partnerID=40&md5=d28953af95ebb4c0a8a12ef49359dbc6","Article","Final","","Scopus","2-s2.0-0025926927"
"Previc F.H.","Previc, Fred H. (7004489259)","7004489259","Functional specialization in the lower and upper visual fields in humans: Its ecological origins and neurophysiological implications","1990","Behavioral and Brain Sciences","13","3","","519","575","56","541","","https://www.scopus.com/inward/record.uri?eid=2-s2.0-0001680114&partnerID=40&md5=5fccaf741098942f12575c645c83344b","Article","Final","","Scopus","2-s2.0-0001680114"
"Symons L.A.; Tees R.C.","Symons, Lawrence A. (7006043567); Tees, Richard C. (7003421138)","7006043567; 7003421138","An examination of the intramodal and intermodal behavioral consequences of long‐term vibrissae removal in rats","1990","Developmental Psychobiology","23","8","","849","867","18","19","10.1002/dev.420230807","https://www.scopus.com/inward/record.uri?eid=2-s2.0-0025647910&doi=10.1002%2fdev.420230807&partnerID=40&md5=58179fd8d5d780c1319396635cbb1112","Article","Final","","Scopus","2-s2.0-0025647910"
"SHULMANT P.F.","SHULMANT, PAUL F. (57190451269)","57190451269","An Evaluation of the Schiotz Sklar Corneal Tonometer used on the Sclera*","1963","The Australian Journal of Optometry","46","12","","344","348","4","0","10.1111/j.1444-0938.1963.tb04109.x","https://www.scopus.com/inward/record.uri?eid=2-s2.0-84980078688&doi=10.1111%2fj.1444-0938.1963.tb04109.x&partnerID=40&md5=f973240bf3bd20129af3dcf9ecdc609c","Article","Final","","Scopus","2-s2.0-84980078688"
"Liu Sheng; Asada Haruhiko","Liu, Sheng (55724750900); Asada, Haruhiko (57202577830)","55724750900; 57202577830","Transferring manipulative skills to robots. Representation and acquisition of tool manipulative skills using a process dynamics model","1991","American Society of Mechanical Engineers, Dynamic Systems and Control Division (Publication) DSC","31","","","121","129","8","4","","https://www.scopus.com/inward/record.uri?eid=2-s2.0-0026367087&partnerID=40&md5=79ddab5972e4d1bb83fbfe46092e9a33","Conference paper","Final","","Scopus","2-s2.0-0026367087"
"Hirzinger G.","Hirzinger, G. (35579753000)","35579753000","Roboter in der Raumfahrt","1983","Acta Astronautica","10","12","","777","792","15","0","10.1016/0094-5765(83)90046-2","https://www.scopus.com/inward/record.uri?eid=2-s2.0-0020921589&doi=10.1016%2f0094-5765%2883%2990046-2&partnerID=40&md5=5f2c026ae4e78f36c084fbecb4c5fe71","Article","Final","","Scopus","2-s2.0-0020921589"
"Bailey S.J.","Bailey, S.J. (7401729499)","7401729499","FLUID POWER CONTROL PROVIDES A WIDE TORQUE/FORCE CHOICE.","1982","Control engineering","29","4","","69","72","3","0","","https://www.scopus.com/inward/record.uri?eid=2-s2.0-0020103041&partnerID=40&md5=c8fd46ce238a01091b23b4c702931bef","Article","Final","","Scopus","2-s2.0-0020103041"
"Lee Sukhan; Kim Moon H.","Lee, Sukhan (7601402085); Kim, Moon H. (57199746842)","7601402085; 57199746842","Learning expert systems for robot fine motion control","1988","","","","","534","544","10","9","","https://www.scopus.com/inward/record.uri?eid=2-s2.0-0024188595&partnerID=40&md5=5eb087e3ea04063430ea0e1aac991882","Conference paper","Final","","Scopus","2-s2.0-0024188595"
"Asada Haruhiko; Yang Boo-Ho","Asada, Haruhiko (57202577830); Yang, Boo-Ho (7404472335)","57202577830; 7404472335","Skill acquisition from human experts through pattern processing of teaching data","1989","Proceedings - IEEE International Conference on Robotics and Automation","","","","1302","1307","5","19","","https://www.scopus.com/inward/record.uri?eid=2-s2.0-0024864010&partnerID=40&md5=bcf3ee9070b51438a75554ae5bd0dc6e","Conference paper","Final","","Scopus","2-s2.0-0024864010"
"Tomović R.","Tomović, Rajko (6701307905)","6701307905","Transfer of motor skills to machines","1989","Robotics and Computer Integrated Manufacturing","5","2-3","","261","267","6","3","10.1016/0736-5845(89)90073-2","https://www.scopus.com/inward/record.uri?eid=2-s2.0-0024889554&doi=10.1016%2f0736-5845%2889%2990073-2&partnerID=40&md5=b11d8223754324f1e4ae64ed3afbcc5d","Article","Final","","Scopus","2-s2.0-0024889554"
"Crowley James L.","Crowley, James L. (7202580103)","7202580103","COORDINATION OF ACTION AND PERCEPTION IN A SURVEILLANCE ROBOT.","1988","IEEE Expert","2","4","","32","43","11","16","10.1109/MEX.1987.5006532","https://www.scopus.com/inward/record.uri?eid=2-s2.0-0024274646&doi=10.1109%2fMEX.1987.5006532&partnerID=40&md5=7246d3a32da59adc2dc104e37445291c","Article","Final","","Scopus","2-s2.0-0024274646"
"Hasegawa T.; Suehiro T.; Ogasawara T.; Matsui T.; Kitagaki K.; Takase K.","Hasegawa, Tsutomu (7404174677); Suehiro, Takashi (7103054254); Ogasawara, Tsukasa (7201579979); Matsui, Toshihiro (35484727900); Kitagaki, Kosei (7003367501); Takase, Kunikatsu (7201509273)","7404174677; 7103054254; 7201579979; 35484727900; 7003367501; 7201509273","An integrated tele-robotics system with a geometric environment model and manipulation skills","1990","IEEE International Conference on Intelligent Robots and Systems","1990-July","","262400","335","341","6","11","10.1109/IROS.1990.262400","https://www.scopus.com/inward/record.uri?eid=2-s2.0-0005999093&doi=10.1109%2fIROS.1990.262400&partnerID=40&md5=3a043fb0eef3ea9ae65adba69667d7b3","Conference paper","Final","","Scopus","2-s2.0-0005999093"
"Asada Haruhiko; Asari Yukio","Asada, Haruhiko (57202577830); Asari, Yukio (58346697700)","57202577830; 58346697700","DIRECT TEACHING OF TOOL MANIPULATION SKILLS VIA THE IMPEDANCE IDENTIFICATION OF HUMAN MOTIONS.","1988","","","","","1269","1274","5","64","","https://www.scopus.com/inward/record.uri?eid=2-s2.0-0023713082&partnerID=40&md5=23544826eb283970ccda02122135cdde","Conference paper","Final","","Scopus","2-s2.0-0023713082"
"Jau B.M.","Jau, B.M. (6602666042)","6602666042","A new anthropomorphic telerobot servicer","1989","IEEE International Conference on Intelligent Robots and Systems","1989-September","","637961","579","582","3","0","10.1109/IROS.1989.637961","https://www.scopus.com/inward/record.uri?eid=2-s2.0-85067940751&doi=10.1109%2fIROS.1989.637961&partnerID=40&md5=bf0901609d98a1902abc61451583aa82","Conference paper","Final","","Scopus","2-s2.0-85067940751"
"Cook A.M.; Hoseit P.; Liu K.M.; Lee R.Y.; Zenteno-Sanchez C.M.","Cook, Albert M. (7401881111); Hoseit, Paul (6507027222); Liu, Ka Man (56225028600); Lee, Ronald Y. (56299315100); Zenteno-Sanchez, Carlos M. (6504830744)","7401881111; 6507027222; 56225028600; 56299315100; 6504830744","Using a Robotic Arm System to Facilitate Learning in Very Young Disabled Children","1988","IEEE Transactions on Biomedical Engineering","35","2","","132","137","5","23","10.1109/10.1351","https://www.scopus.com/inward/record.uri?eid=2-s2.0-0023962318&doi=10.1109%2f10.1351&partnerID=40&md5=635670d92571430a9000441f850c6187","Article","Final","","Scopus","2-s2.0-0023962318"
