Publication Type,Authors,Book Authors,Book Editors,Book Group Authors,Author Full Names,Book Author Full Names,Group Authors,Article Title,Source Title,Book Series Title,Book Series Subtitle,Language,Document Type,Conference Title,Conference Date,Conference Location,Conference Sponsor,Conference Host,Author Keywords,Keywords Plus,Abstract,Addresses,Affiliations,Reprint Addresses,Email Addresses,Researcher Ids,ORCIDs,Funding Orgs,Funding Name Preferred,Funding Text,Cited References,Cited Reference Count,"Times Cited, WoS Core","Times Cited, All Databases",180 Day Usage Count,Since 2013 Usage Count,Publisher,Publisher City,Publisher Address,ISSN,eISSN,ISBN,Journal Abbreviation,Journal ISO Abbreviation,Publication Date,Publication Year,Volume,Issue,Part Number,Supplement,Special Issue,Meeting Abstract,Start Page,End Page,Article Number,DOI,DOI Link,Book DOI,Early Access Date,Number of Pages,WoS Categories,Web of Science Index,Research Areas,IDS Number,Pubmed Id,Open Access Designations,Highly Cited Status,Hot Paper Status,Date of Export,UT (Unique WOS ID),Web of Science Record
J,"Englert, P; Toussaint, M",,,,"Englert, Peter; Toussaint, Marc",,,Learning manipulation skills from a single demonstration,INTERNATIONAL JOURNAL OF ROBOTICS RESEARCH,,,,,,,,,,,,,,,,,,"Toussaint, Marc/0000-0002-5487-6767; Englert, Peter/0000-0003-4598-7809",,,,,,,,,,,,,0278-3649,1741-3176,,,,JAN,2018,37,1,,,,,137,154,,10.1177/0278364917743795,http://dx.doi.org/10.1177/0278364917743795,,,,,,,,,,,,,WOS:000423752800008,View Full Record in Web of Science
C,"Ciancio, AL; Zollo, L; Guglielmelli, E; Caligiore, D; Baldassarre, G",,,IEEE,"Ciancio, Anna Lisa; Zollo, Loredana; Guglielmelli, Eugenio; Caligiore, Daniele; Baldassarre, Gianluca",,,Hierarchical Reinforcement Learning and Central Pattern Generators for Modeling the Development of Rhythmic Manipulation Skills,2011 IEEE INTERNATIONAL CONFERENCE ON DEVELOPMENT AND LEARNING (ICDL),,,,,IEEE International Conference on Development and Learning (ICDL),"AUG 24-27, 2011",GERMANY,"IEEE,IEEE Computat Intelligence Soc,Frankfurt Inst Adv Studies (FIAS),CITEC,italk,Springer,Microsoft Res,IM CLeVeR",,,,,,,,,"Zollo, Loredana/AAB-9645-2020; Caligiore, Daniele/AAX-1887-2020; Baldassarre, Gianluca/AAY-1081-2020","Ciancio, Anna Lisa/0000-0003-0488-0546; Zollo, Loredana/0000-0002-8015-010X; Baldassarre, Gianluca/0000-0002-1277-4447; Guglielmelli, Eugenio/0000-0001-8258-6073",,,,,,,,,,,,,,,978-1-61284-990-4,,,,2011,,,,,,,,,,,,,,,,,,,,,,,,WOS:000297472300058,View Full Record in Web of Science
J,"Saukkoriipi, J; Heikkilä, T; Ahola, JM; Seppälä, T; Isto, P",,,,"Saukkoriipi, Janne; Heikkila, Tapio; Ahola, Jari M.; Seppala, Tuomas; Isto, Pekka",,,Programming and control for skill-based robots,OPEN ENGINEERING,,,,,,,,,,,,,,,,,,", Tapio/0000-0001-7180-2148",,,,,,,,,,,,,2391-5439,,,,,MAY 9,2020,10,1,,,,,368,376,,10.1515/eng-2020-0037,http://dx.doi.org/10.1515/eng-2020-0037,,,,,,,,,,,,,WOS:000534616400001,View Full Record in Web of Science
C,"Wang, W; Johnston, B; Williams, MA",,"Herrmann, G; Pearson, MJ; Lenz, A; Bremner, P; Spiers, A; Leonards, U",,"Wang, Wei; Johnston, Benjamin; Williams, Mary-Anne",,,Recognition and Representation of Robot Skills in Real Time: A Theoretical Analysis,"SOCIAL ROBOTICS, ICSR 2013",Lecture Notes in Artificial Intelligence,,,,5th International Conference on Social Robotics (ICSR),"OCT 27-29, 2013","Bristol, ENGLAND","Univ Bristol,Univ W England,Inst Engn & Technol Robot & Mechatron, Tech & Profess Network,Act Robots,Aldebaran Robot,Bristol Robot Lab",,,,,,,,,,"Williams, Mary-Anne/0000-0002-1047-0503",,,,,,,,,,,,,0302-9743,,978-3-319-02675-6; 978-3-319-02674-9,,,,2013,8239,,,,,,127,137,,,,,,,,,,,,,,,,WOS:000341015200013,View Full Record in Web of Science
C,"Kroemer, O; Sukhatme, GS",,"Asfour, T; Billard, A; Harada, K; Kulic, D; Ude, A; Venture, G; Yamane, K; Yokoi, K; Yoshida, E",,"Kroemer, Oliver; Sukhatme, Gaurav S.",,,Learning Spatial Preconditions of Manipulation Skills using Random Forests,2016 IEEE-RAS 16TH INTERNATIONAL CONFERENCE ON HUMANOID ROBOTS (HUMANOIDS),IEEE-RAS International Conference on Humanoid Robots,,,,16th IEEE-RAS International Conference on Humanoid Robots (Humanoids),"NOV 15-17, 2016","Mexican Assoc Comp Vis Robot & Neural Comp, Cancun, MEXICO","IEEE Robot & Automat Soc,Disney Res,ROBOTIS,INTEL,PAL,MACVNR,CONACYT,CINVESTAV",Mexican Assoc Comp Vis Robot & Neural Comp,,,,,,,,,"Kroemer, Oliver/0000-0003-2007-3867",,,,,,,,,,,,,2164-0572,,978-1-5090-4718-5,,,,2016,,,,,,,676,683,,,,,,,,,,,,,,,,WOS:000403009300102,View Full Record in Web of Science
C,"Gajewski, P; Ferreira, P; Bartels, G; Wang, CZ; Guerin, F; Indurkhya, B; Beetz, M; Sniezynski, B",,"Howard, A; Althoefer, K; Arai, F; Arrichiello, F; Caputo, B; Castellanos, J; Hauser, K; Isler, V; Kim, J; Liu, H; Oh, P; Santos, V; Scaramuzza, D; Ude, A; Voyles, R; Yamane, K; Okamura, A",IEEE,"Gajewski, Pawel; Ferreira, Paulo; Bartels, Georg; Wang, Chaozheng; Guerin, Frank; Indurkhya, Bipin; Beetz, Michael; Sniezynski, Bartlomiej",,,Adapting Everyday Manipulation Skills to Varied Scenarios,2019 INTERNATIONAL CONFERENCE ON ROBOTICS AND AUTOMATION (ICRA),IEEE International Conference on Robotics and Automation ICRA,,,,IEEE International Conference on Robotics and Automation (ICRA),"MAY 20-24, 2019","Montreal, CANADA","Bosch,DJI,Kinova,Mercedes Benz,Samsung,Argo AI,Clearpath Robot,Element AI,Fetch Robot,Huawei,iRobot,KUKA,Quanser,SICK,Toyota Res Inst,Uber,Waymo,Zhejiang Lab,Amazon,Applanix,Cloudminds,Honda Res Inst,MathWorks,Ouster",,,,,,,,,"Sniezynski, Bartlomiej/ABF-8160-2021; Sniezynski, Bartlomiej/K-2296-2012; Indurkhya, Bipin/Q-7115-2017","Sniezynski, Bartlomiej/0000-0002-4206-9052; Beetz, Michael/0000-0002-7888-7444; Guerin, Frank/0000-0003-1918-6311; Gajewski, Pawel/0000-0003-0931-2476; Indurkhya, Bipin/0000-0002-3798-9209",,,,,,,,,,,,,1050-4729,2577-087X,978-1-5386-6026-3,,,,2019,,,,,,,1345,1351,,10.1109/icra.2019.8793590,http://dx.doi.org/10.1109/icra.2019.8793590,,,,,,,,,,,,,WOS:000494942301012,View Full Record in Web of Science
J,"BUSS, M; HASHIMOTO, H",,,,"BUSS, M; HASHIMOTO, H",,,SKILL ACQUISITION-SYSTEM FOR THE INTELLIGENT ASSISTING SYSTEM - IAS,ADVANCED ROBOTICS,,,,,,,,,,,,,,,,,,,,,,,,,,,,,,,0169-1864,,,,,,1994,8,2,,,,,157,171,,,,,,,,,,,,,,,,WOS:A1994NX44300004,View Full Record in Web of Science
C,"Schlechter, A; Henrich, D",,,VDI; VDI,"Schlechter, A; Henrich, D",,,Manipulating deformoble linear objects: Programming using different manipulation skills,ROBOTIK 2002,VDI BERICHTE,,,,Robotik 2002 Conference,"JUN 19-20, 2002","LUDWIGSBURG, GERMANY",VDI Gesell,,,,,,,,,,,,,,,,,,,,,,,0083-5560,,3-18-091679-6,,,,2002,1679,,,,,,47,52,,,,,,,,,,,,,,,,WOS:000180710200008,View Full Record in Web of Science
C,"Shao, L; Migimatsu, T; Bohg, J",,,IEEE,"Shao, Lin; Migimatsu, Toki; Bohg, Jeannette",,,Learning to Scaffold the Development of Robotic Manipulation Skills,2020 IEEE INTERNATIONAL CONFERENCE ON ROBOTICS AND AUTOMATION (ICRA),IEEE International Conference on Robotics and Automation ICRA,,,,IEEE International Conference on Robotics and Automation (ICRA),"MAY 31-JUN 15, 2020",ELECTR NETWORK,IEEE,,,,,,,,,"Bohg, Jeannette/AAD-4010-2019","Bohg, Jeannette/0000-0002-4921-7193",,,,,,,,,,,,,1050-4729,2577-087X,978-1-7281-7395-5,,,,2020,,,,,,,5671,5677,,10.1109/icra40945.2020.9197134,http://dx.doi.org/10.1109/icra40945.2020.9197134,,,,,,,,,,,,,WOS:000712319503133,View Full Record in Web of Science
C,"Ogasawara, T; Hirukawa, H; Kitagaki, K; Onda, H; Nakamura, A; Tsukune, H",,,IEEE,"Ogasawara, T; Hirukawa, H; Kitagaki, K; Onda, H; Nakamura, A; Tsukune, H",,,A telerobotics system for maintenance tasks integrating planning functions based on manipulation skills,"1998 IEEE INTERNATIONAL CONFERENCE ON ROBOTICS AND AUTOMATION, VOLS 1-4",IEEE INTERNATIONAL CONFERENCE ON ROBOTICS AND AUTOMATION,,,,IEEE International Conference on Robotics and Automation,"MAY 16-20, 1998","KATHOLIEKE UNIV LEUVEN, LEUVEN, BELGIUM","IEEE, Robot & Automat Soc,Consiglio Nazl Ric,Fund Sci Res, Flanders, Belgium,Fraunhofer Inst Produktionstechnik & Automatisier,Commiss European Communities,INRIA,BULL,CNES,DAIMLER,KUKA,MATRA,SIEMENS,TECNOSPAZIO,THOMSON-CSF",KATHOLIEKE UNIV LEUVEN,,,,,,,,"Hirukawa, Hirohisa/B-4209-2017; Onda, Hiromu/M-3382-2016","Ogasawara, Tsukasa/0000-0001-9767-6039",,,,,,,,,,,,,1050-4729,,0-7803-4300-X,,,,1998,,,,,,,2870,2876,,,,,,,,,,,,,,,,WOS:000074368900456,View Full Record in Web of Science
C,"Rozo, L; Guo, M; Kupcsik, AG; Todescato, M; Schillinger, P; Giftthaler, M; Ochs, M; Spies, M; Waniek, N; Kesper, P; Bürger, M",,,IEEE,"Rozo, Leonel; Guo, Meng; Kupcsik, Andras G.; Todescato, Marco; Schillinger, Philipp; Giftthaler, Markus; Ochs, Matthias; Spies, Markus; Waniek, Nicolai; Kesper, Patrick; Buerger, Mathias",,,Learning and Sequencing of Object-Centric Manipulation Skills for Industrial Tasks,2020 IEEE/RSJ INTERNATIONAL CONFERENCE ON INTELLIGENT ROBOTS AND SYSTEMS (IROS),IEEE International Conference on Intelligent Robots and Systems,,,,IEEE/RSJ International Conference on Intelligent Robots and Systems (IROS),"OCT 24-JAN 24, 2020-2021",ELECTR NETWORK,"IEEE,RSJ",,,,,,,,,"Rozo, Leonel/HTP-2045-2023",,,,,,,,,,,,,,2153-0858,,978-1-7281-6212-6,,,,2020,,,,,,,9072,9079,,10.1109/IROS45743.2020.9341570,http://dx.doi.org/10.1109/IROS45743.2020.9341570,,,,,,,,,,,,,WOS:000724145803026,View Full Record in Web of Science
J,"Hao, P; Lu, T; Cui, SW; Wei, JH; Cai, YH; Wang, S",,,,"Hao, Peng; Lu, Tao; Cui, Shaowei; Wei, Junhang; Cai, Yinghao; Wang, Shuo",,,Meta-Residual Policy Learning: Zero-Trial Robot Skill Adaptation via Knowledge Fusion,IEEE ROBOTICS AND AUTOMATION LETTERS,,,,,,,,,,,,,,,,,"Cui, Shaowei/HSE-9424-2023; wang, shuo/MIT-1662-2025","Wei, Junhang/0000-0003-2156-1109; Cui, Shaowei/0000-0003-4750-3011; Hao, Peng/0000-0001-6448-3062; wang, shuo/0000-0002-1390-9219",,,,,,,,,,,,,2377-3766,,,,,APR,2022,7,2,,,,,3656,3663,,10.1109/LRA.2022.3146916,http://dx.doi.org/10.1109/LRA.2022.3146916,,,,,,,,,,,,,WOS:000756831900004,View Full Record in Web of Science
J,"Wang, H; Zhang, H; Li, L; Kan, Z; Song, YD",,,,"Wang, Hao; Zhang, Hao; Li, Lin; Kan, Zhen; Song, Yongduan",,,Task-Driven Reinforcement Learning With Action Primitives for Long-Horizon Manipulation Skills,IEEE TRANSACTIONS ON CYBERNETICS,,,,,,,,,,,,,,,,,"Song, Yongduan/AAI-7645-2021; Zhang, Hao/LBH-2052-2024","Zhang, Hao/0000-0002-1669-6984; Wang, Hao/0009-0001-3132-2809; Zhao, kai/0000-0003-0656-1901",,,,,,,,,,,,,2168-2267,2168-2275,,,,AUG,2024,54,8,,,,,4513,4526,,10.1109/TCYB.2023.3298195,http://dx.doi.org/10.1109/TCYB.2023.3298195,,AUG 2023,,,,,,37566505,,,,,WOS:001051286100001,View Full Record in Web of Science
C,"Ben Abbatemaueo; Rosen, E; Thompson, S; Akbulut, T; Rammohan, S; Konidaris, G",,,IEEE,"Ben Abbatemaueo; Rosen, Eric; Thompson, Skye; Akbulut, Tuluhan; Rammohan, Sreehari; Konidaris, George",,,Composable Interaction Primitives: A Structured Policy Class for Efficiently Learning Sustained-Contact Manipulation Skills,"2024 IEEE INTERNATIONAL CONFERENCE ON ROBOTICS AND AUTOMATION, ICRA 2024",IEEE International Conference on Robotics and Automation ICRA,,,,IEEE International Conference on Robotics and Automation (ICRA),"MAY 13-17, 2024","Yokohama, JAPAN","IEEE,IEEE Robot & Automat Soc",,,,,,,,,,,,,,,,,,,,,,,1050-4729,2577-087X,979-8-3503-8458-1; 979-8-3503-8457-4,,,,2024,,,,,,,7522,7529,,10.1109/ICRA57147.2024.10610846,http://dx.doi.org/10.1109/ICRA57147.2024.10610846,,,,,,,,,,,,,WOS:001294576205083,View Full Record in Web of Science
J,"Si, WY; Wang, N; Yang, CG",,,,"Si, Weiyong; Wang, Ning; Yang, Chenguang",,,A review on manipulation skill acquisition through teleoperation-based learning from demonstration,COGNITIVE COMPUTATION AND SYSTEMS,,,,,,,,,,,,,,,,,"Yang, Chenguang/ABE-7755-2020; SI, WEIYONG/KIB-2268-2024","Yang, Chenguang/0000-0001-5255-5559; Si, Weiyong/0000-0003-4531-2596",,,,,,,,,,,,,,2517-7567,,,,MAR,2021,3,1,,,,,1,16,,10.1049/ccs2.12005,http://dx.doi.org/10.1049/ccs2.12005,,,,,,,,,,,,,WOS:001062676000001,View Full Record in Web of Science
C,"Lopez-Juarez, I; Rios-Cabrera, R; Peña-Cabrera, M; Osorio-Comparan, R",,"CarrascoOchoa, JA; MartinezTrinidad, JF; Kittler, J",,"Lopez-Juarez, I.; Rios-Cabrera, R.; Pena-Cabrera, M.; Osorio-Comparan, R.",,,Learning and Fast Object Recognition in Robot Skill Acquisition: A New Method,ADVANCES IN PATTERN RECOGNITION,Lecture Notes in Computer Science,,,,2nd Mexican Conference on Pattern Recognition,"SEP 27-29, 2010","Natl Inst Astrophys, Puebla, MEXICO","Natl Inst Astrophys, Comp Sci Dept,Opt & Elect,Natl Polytechn Inst, Comp Res",Natl Inst Astrophys,,,,,,,,"Lopez-Juarez, Ismael/E-7088-2011; Osorio-Comparan, Roman/GLR-4090-2022; Pena-Cabrera, Mario/N-1910-2017","Lopez-Juarez, Ismael/0000-0001-6405-5519; Osorio-Comparan, Roman/0000-0002-1887-9813; Pena-Cabrera, Mario/0000-0002-0104-6559",,,,,,,,,,,,,0302-9743,1611-3349,978-3-642-15991-6,,,,2010,6256,,,,,,40,+,,,,,,,,,,,,,,,,WOS:000286415900005,View Full Record in Web of Science
C,"Liu, WY; Mao, JY; Hsu, J; Hermans, T; Garg, A; Wu, JJ",,"Tan, J; Toussaint, M; Darvish, K",,"Liu, Weiyu; Mao, Jiayuan; Hsu, Joy; Hermans, Tucker; Garg, Animesh; Wu, Jiajun",,,Composable Part-Based Manipulation,"CONFERENCE ON ROBOT LEARNING, VOL 229",Proceedings of Machine Learning Research,,,,7th Conference on Robot Learning (CoRL),"NOV 06-09, 2023","Atlanta, GA",,,,,,,,,,,,,,,,,,,,,,,,2640-3498,,,,,,2023,229,,,,,,,,,,,,,,,,,,,,,,,WOS:001221201501019,View Full Record in Web of Science
C,"He, MC; Cheng, H; Duan, F; Sun, Z; Li, SN; Yokoi, H; Zhu, C",,,IEEE,"He, Maochang; Cheng, Hao; Duan, Feng; Sun, Zhe; Li, Si Ning; Yokoi, Hiroshi; Zhu, Chi",,,Deep Reinforcement Learning for the Improvement of Robot Manipulation Skills Under Sparse Reward,"2022 34TH CHINESE CONTROL AND DECISION CONFERENCE, CCDC",Chinese Control and Decision Conference,,,,34th Chinese Control and Decision Conference (CCDC),"AUG 15-17, 2022","Hefei, PEOPLES R CHINA",,,,,,,,,,,,,,,,,,,,,,,,1948-9439,,978-1-6654-7896-0,,,,2022,,,,,,,5508,5513,,10.1109/CCDC55256.2022.10034200,http://dx.doi.org/10.1109/CCDC55256.2022.10034200,,,,,,,,,,,,,WOS:000972039304086,View Full Record in Web of Science
C,"Fuentes, O; Nelson, RC",,,IEEE,"Fuentes, O; Nelson, RC",,,Learning dextrous manipulation skills using multisensory information,MF '96 - 1996 IEEE/SICE/RSJ INTERNATIONAL CONFERENCE ON MULTISENSOR FUSION AND INTEGRATION FOR INTELLIGENT SYSTEMS,,,,,1996 IEEE/SICE/RSJ International Conference on Multisensor Fusion and Integration for Intelligent Systems,"DEC 08-11, 1996","WASHINGTON, DC","IEEE Ind Electr Soc,IEEE Robot & Automat Soc,Soc Instrument & Control Engineers,Robot Soc Japan",,,,,,,,,,,,,,,,,,,,,,,,,0-7803-3700-X,,,,1996,,,,,,,342,348,,10.1109/MFI.1996.572199,http://dx.doi.org/10.1109/MFI.1996.572199,,,,,,,,,,,,,WOS:A1996BG88Y00046,View Full Record in Web of Science
C,"Liu, JJ; Li, ZH; Lin, WY; Calinon, S; Tan, KC; Chen, F",,,IEEE,"Liu, Junjia; Li, Zhihao; Lin, Wanyu; Calinon, Sylvain; Tan, Kay Chen; Chen, Fei",,,SoftGPT: Learn Goal-oriented Soft Object Manipulation Skills by Generative Pre-trained Heterogeneous Graph Transformer,"2023 IEEE/RSJ INTERNATIONAL CONFERENCE ON INTELLIGENT ROBOTS AND SYSTEMS, IROS",IEEE International Conference on Intelligent Robots and Systems,,,,IEEE/RSJ International Conference on Intelligent Robots and Systems (IROS),"OCT 01-05, 2023","Detroit, MI","IEEE,RSJ",,,,,,,,,"li, zhihao/HLW-8433-2023; Chen, Fei/JZC-6314-2024; Liu, Junjia/JUY-7108-2023",,,,,,,,,,,,,,2153-0858,,978-1-6654-9190-7,,,,2023,,,,,,,4920,4925,,10.1109/IROS55552.2023.10341846,http://dx.doi.org/10.1109/IROS55552.2023.10341846,,,,,,,,,,,,,WOS:001133658803111,View Full Record in Web of Science
J,"Yamakawa, Y; Namiki, A; Ishikawa, M; Shimojo, M",,,,"Yamakawa, Yuji; Namiki, Akio; Ishikawa, Masatoshi; Shimojo, Makoto",,,Planning of Knotting Based on Manipulation Skills with Consideration of Robot Mechanism/ Motion and Its Realization by a Robot Hand System,SYMMETRY-BASEL,,,,,,,,,,,,,,,,,"Namiki, Akio/J-8062-2014","Namiki, Akio/0000-0003-3181-0818; Ishikawa, Masatoshi/0000-0002-6096-830X",,,,,,,,,,,,,,2073-8994,,,,SEP,2017,9,9,,,,,,,194,10.3390/sym9090194,http://dx.doi.org/10.3390/sym9090194,,,,,,,,,,,,,WOS:000411526000027,View Full Record in Web of Science
C,"Arenas, MG; Xiao, T; Singh, S; Jain, V; Ren, A; Vuong, Q; Varley, J; Lerzog, A; Leal, I; Kirmani, S; Prats, M; Sadigh, D; Sindhwani, V; Rao, K; Ljang, J; Zeng, A",,,IEEE,"Arenas, Montserrat Gonzalez; Xiao, Ted; Singh, Sumeet; Jain, Vidhi; Ren, Allen; Vuong, Quan; Varley, Jake; Lerzog, Alexander, I; Leal, Isabel; Kirmani, Sean; Prats, Mario; Sadigh, Dorsa; Sindhwani, Vikas; Rao, Kanishka; Ljang, Jacky; Zeng, Andy",,,How to Prompt Your Robot: A PromptBook for Manipulation Skills with Code as Policies,"2024 IEEE INTERNATIONAL CONFERENCE ON ROBOTICS AND AUTOMATION, ICRA 2024",IEEE International Conference on Robotics and Automation ICRA,,,,IEEE International Conference on Robotics and Automation (ICRA),"MAY 13-17, 2024","Yokohama, JAPAN","IEEE,IEEE Robot & Automat Soc",,,,,,,,,"Shah, Dhruv/G-9659-2016",,,,,,,,,,,,,,1050-4729,2577-087X,979-8-3503-8458-1; 979-8-3503-8457-4,,,,2024,,,,,,,4340,4348,,10.1109/ICRA57147.2024.10610784,http://dx.doi.org/10.1109/ICRA57147.2024.10610784,,,,,,,,,,,,,WOS:001294576203060,View Full Record in Web of Science
C,"Pedrosa, E; Lau, N; Pereira, A; Cunha, B",,"Pereira, F; Machado, P; Costa, E; Cardoso, A",,"Pedrosa, Eurico; Lau, Nuno; Pereira, Artur; Cunha, Bernardo",,,A Skill-Based Architecture for Pick and Place Manipulation Tasks,PROGRESS IN ARTIFICIAL INTELLIGENCE-BK,Lecture Notes in Artificial Intelligence,,,,17th Portuguese Conference on Artificial Intelligence (EPIA),"SEP 08-11, 2015","Univ Coimbra, Coimbra, PORTUGAL","Sistemas Cognitivos S A,Feedzai S A,Thinkware S A,iClio,FBA,Fundacao Ciencia Tecnologia",Univ Coimbra,,,,,,,,"Pedrosa, Eurico/AAE-7988-2021; Cunha, Bernardo/B-3380-2013; Pereira, Artur/V-3022-2019; Lau, Nuno/E-5934-2010","Lau, Nuno/0000-0003-0513-158X; Pedrosa, Eurico/0000-0002-7954-9922; Pereira, Artur/0000-0002-7099-1247; Cunha, Bernardo/0000-0003-4859-6942",,,,,,,,,,,,,0302-9743,1611-3349,978-3-319-23485-4; 978-3-319-23484-7,,,,2015,9273,,,,,,457,468,,10.1007/978-3-319-23485-4_45,http://dx.doi.org/10.1007/978-3-319-23485-4_45,,,,,,,,,,,,,WOS:000363570000045,View Full Record in Web of Science
J,"Zhao, YQ; Qian, K; Duan, BY; Luo, S",,,,"Zhao, Yongqiang; Qian, Kun; Duan, Boyi; Luo, Shan",,,FOTS: A Fast Optical Tactile Simulator for Sim2Real Learning of Tactile-Motor Robot Manipulation Skills,IEEE ROBOTICS AND AUTOMATION LETTERS,,,,,,,,,,,,,,,,,"Luo, Shan/JEP-7010-2023","Luo, Shan/0000-0003-4760-0372; Duan, Boyi/0009-0009-2332-9670",,,,,,,,,,,,,2377-3766,,,,,JUN,2024,9,6,,,,,5647,5654,,10.1109/LRA.2024.3396665,http://dx.doi.org/10.1109/LRA.2024.3396665,,,,,,,,,,,,,WOS:001216335300007,View Full Record in Web of Science
C,"Su, H; Hu, YB; Li, ZJ; Knoll, A; Ferrigno, G; De Momi, E",,,IEEE,"Su, Hang; Hu, Yingbai; Li, Zhijun; Knoll, Alois; Ferrigno, Giancarlo; De Momi, Elena",,,Reinforcement Learning Based Manipulation Skill Transferring for Robot-assisted Minimally Invasive Surgery,2020 IEEE INTERNATIONAL CONFERENCE ON ROBOTICS AND AUTOMATION (ICRA),IEEE International Conference on Robotics and Automation ICRA,,,,IEEE International Conference on Robotics and Automation (ICRA),"MAY 31-JUN 15, 2020",ELECTR NETWORK,IEEE,,,,,,,,,"Knoll, Alois/AAN-8417-2021; De Momi, Elena/D-7375-2016; Li, Zhijun/ACT-9992-2022; Ferrigno, Giancarlo/JBJ-7692-2023; Su, Hang/Z-1713-2019",,,,,,,,,,,,,,1050-4729,2577-087X,978-1-7281-7395-5,,,,2020,,,,,,,2203,2208,,10.1109/icra40945.2020.9196588,http://dx.doi.org/10.1109/icra40945.2020.9196588,,,,,,,,,,,,,WOS:000712319501089,View Full Record in Web of Science
J,"Si, WY; Wang, N; Yang, CG",,,,"Si, Weiyong; Wang, Ning; Yang, Chenguang",,,Composite dynamic movement primitives based on neural networks for human-robot skill transfer,NEURAL COMPUTING & APPLICATIONS,,,,,,,,,,,,,,,,,"SI, WEIYONG/KIB-2268-2024; Yang, Chenguang/ABE-7755-2020","Yang, Chenguang/0000-0001-5255-5559; Si, Weiyong/0000-0003-4531-2596",,,,,,,,,,,,,0941-0643,1433-3058,,,,NOV,2023,35,32,,,SI,,23283,23293,,10.1007/s00521-021-05747-8,http://dx.doi.org/10.1007/s00521-021-05747-8,,FEB 2021,,,,,,,,,,,WOS:000617864100001,View Full Record in Web of Science
J,"Liu, X; Huang, PF; Liu, ZX",,,,"Liu, Xing; Huang, Panfeng; Liu, Zhengxiong",,,A Novel Contact State Estimation Method for Robot Manipulation Skill Learning via Environment Dynamics and Constraints Modeling,IEEE TRANSACTIONS ON AUTOMATION SCIENCE AND ENGINEERING,,,,,,,,,,,,,,,,,"刘, 星/JPY-1840-2023; Liu, Zhengxiong/B-4709-2019","Liu, Zhengxiong/0000-0002-9427-4066",,,,,,,,,,,,,1545-5955,1558-3783,,,,OCT,2022,19,4,,,,,3903,3913,,10.1109/TASE.2021.3139096,http://dx.doi.org/10.1109/TASE.2021.3139096,,JAN 2022,,,,,,,,,,,WOS:000745429200001,View Full Record in Web of Science
J,"Fuentes, O; Nelson, RC",,,,"Fuentes, O; Nelson, RC",,,Learning dextrous manipulation skills for multifingered robot hands using the evolution strategy,MACHINE LEARNING,,,,,,,,,,,,,,,,,,,,,,,,,,,,,,,0885-6125,1573-0565,,,,APR-JUN,1998,31,1-3,,,,,223,237,,10.1023/A:1007409228154,http://dx.doi.org/10.1023/A:1007409228154,,,,,,,,,,,,,WOS:000075539200011,View Full Record in Web of Science
C,"Si, WY; Yue, TQ; Guan, Y; Wang, N; Yang, CG",,,IEEE,"Si, Weiyong; Yue, Tianqi; Guan, Yuan; Wang, Ning; Yang, Chenguang",,,A Novel Robot Skill Learning Framework Based on Bilateral Teleoperation,2022 IEEE 18TH INTERNATIONAL CONFERENCE ON AUTOMATION SCIENCE AND ENGINEERING (CASE),IEEE International Conference on Automation Science and Engineering,,,,IEEE 18th International Conference on Automation Science and Engineering (IEEE CASE),"AUG 20-24, 2022","Mexico City, MEXICO",IEEE,,,,,,,,,"Yang, Chenguang/ABE-7755-2020; SI, WEIYONG/KIB-2268-2024","Si, Weiyong/0000-0003-4531-2596; Yang, Chenguang/0000-0001-5255-5559",,,,,,,,,,,,,2161-8070,,978-1-6654-9042-9,,,,2022,,,,,,,758,763,,10.1109/CASE49997.2022.9926526,http://dx.doi.org/10.1109/CASE49997.2022.9926526,,,,,,,,,,,,,WOS:000927622400084,View Full Record in Web of Science
J,"Zhang, HY; Cheng, L; Zhang, Y; Wang, YF",,,,"Zhang, Haoyu; Cheng, Long; Zhang, Yu; Wang, Yifan",,,Neural Liénard system: learning periodic manipulation skills through dynamical systems,SCIENCE CHINA-INFORMATION SCIENCES,,,,,,,,,,,,,,,,,"Cheng, Long/G-5027-2011",,,,,,,,,,,,,,1674-733X,1869-1919,,,,DEC,2024,67,12,,,,,,,222207,10.1007/s11432-023-4219-8,http://dx.doi.org/10.1007/s11432-023-4219-8,,,,,,,,,,,,,WOS:001375204800002,View Full Record in Web of Science
C,"Nakamura, A; Ogasawara, T; Kitagaki, K; Suehiro, T",,,IEEE; IEEE,"Nakamura, A; Ogasawara, T; Kitagaki, K; Suehiro, T",,,Using robust and simplified geometric models in skill-based manipulation,"IROS 2001: PROCEEDINGS OF THE 2001 IEEE/RJS INTERNATIONAL CONFERENCE ON INTELLIGENT ROBOTS AND SYSTEMS, VOLS 1-4: EXPANDING THE SOCIETAL ROLE OF ROBOTICS IN THE NEXT MILLENNIUM",,,,,IEEE Conference on Intelligent Robots and Systems (IROS 2001),"OCT 29-NOV 03, 2001","MAUI, HI","IEEE Ind Electr Soc,IEEE Robot & Automat Soc,Robot Soc Japan,Soc Instrument & Control Engineers",,,,,,,,,"; Kitagaki, Kosei/M-5346-2016; Nakamura, Akira/M-3854-2016","Ogasawara, Tsukasa/0000-0001-9767-6039; Kitagaki, Kosei/0000-0003-0067-0410; Nakamura, Akira/0000-0002-9063-7026",,,,,,,,,,,,,,,0-7803-6612-3,,,,2001,,,,,,,138,145,,,,,,,,,,,,,,,,WOS:000176593900023,View Full Record in Web of Science
C,"Khandate, G; Mehlman, CP; Wei, XS; Ciocarlie, M",,,IEEE,"Khandate, Gagan; Mehlman, Cameron Paul; Wei, Xingsheng; Ciocarlie, Matei",,,Dexterous In-hand Manipulation by Guiding Exploration with Simple Sub-skill Controllers,"2024 IEEE INTERNATIONAL CONFERENCE ON ROBOTICS AND AUTOMATION, ICRA 2024",IEEE International Conference on Robotics and Automation ICRA,,,,IEEE International Conference on Robotics and Automation (ICRA),"MAY 13-17, 2024","Yokohama, JAPAN","IEEE,IEEE Robot & Automat Soc",,,,,,,,,,,,,,,,,,,,,,,1050-4729,2577-087X,979-8-3503-8458-1; 979-8-3503-8457-4,,,,2024,,,,,,,6551,6557,,10.1109/ICRA57147.2024.10611300,http://dx.doi.org/10.1109/ICRA57147.2024.10611300,,,,,,,,,,,,,WOS:001294576204133,View Full Record in Web of Science
J,"Cho, NJ; Lee, SH; Suh, IH",,,,"Cho, Nam Jun; Lee, Sang Hyoung; Suh, Il Hong",,,Modeling and evaluating Gaussian mixture model based on motion granularity,INTELLIGENT SERVICE ROBOTICS,,,,,,,,,,,,,,,,,,,,,,,,,,,,,,,1861-2776,1861-2784,,,,APR,2016,9,2,,,,,123,139,,10.1007/s11370-015-0190-1,http://dx.doi.org/10.1007/s11370-015-0190-1,,,,,,,,,,,,,WOS:000372589900004,View Full Record in Web of Science
J,"Abu-Dakka, FJ; Huang, YL; Silvério, J; Kyrki, V",,,,"Abu-Dakka, Fares J.; Huang, Yanlong; Silverio, Joao; Kyrki, Ville",,,A probabilistic framework for learning geometry-based robot manipulation skills,ROBOTICS AND AUTONOMOUS SYSTEMS,,,,,,,,,,,,,,,,,"AbuDakka, Fares/M-2085-2019; Kyrki, Ville/F-3034-2011; Abu-Dakka, Fares J./M-4099-2014","Kyrki, Ville/0000-0002-5230-5549; Abu-Dakka, Fares J./0000-0001-9062-9416",,,,,,,,,,,,,0921-8890,1872-793X,,,,JUL,2021,141,,,,,,,,103761,10.1016/j.robot.2021.103761,http://dx.doi.org/10.1016/j.robot.2021.103761,,APR 2021,,,,,,,,,,,WOS:000649552900003,View Full Record in Web of Science
C,"Schlechter, A; Henrich, D",,,IEEE; IEEE,"Schlechter, A; Henrich, D",,,Manipulating deformable linear objects: Manipulation skill for active damping of oscillations,"2002 IEEE/RSJ INTERNATIONAL CONFERENCE ON INTELLIGENT ROBOTS AND SYSTEMS, VOLS 1-3, PROCEEDINGS",,,,,IEEE/RSJ International Conference on Intelligent Robots and Systems (IROS 2002),"SEP 30-OCT 04, 2002","LAUSANNE, SWITZERLAND","IEEE Robot & Automat Soc,IEEE Ind Electr Soc,Robot Soc Japan,Soc Instruments & Control Engineers,INRIA Rhone Alpes Grenoble,EPFL Lausanne",,,,,,,,,,,,,,,,,,,,,,,,,0-7803-7398-7,,,,2002,,,,,,,1541,1546,,,,,,,,,,,,,,,,WOS:000179289100251,View Full Record in Web of Science
C,"Wilches, J; Huang, YQ; Sun, Y",,,IEEE,"Wilches, Juan; Huang, Yongqiang; Sun, Yu",,,Generalizing Learned Manipulation Skills in Practice,2020 IEEE/RSJ INTERNATIONAL CONFERENCE ON INTELLIGENT ROBOTS AND SYSTEMS (IROS),IEEE International Conference on Intelligent Robots and Systems,,,,IEEE/RSJ International Conference on Intelligent Robots and Systems (IROS),"OCT 24-JAN 24, 2020-2021",ELECTR NETWORK,"IEEE,RSJ",,,,,,,,,,"Wilches, Juan Ricardo/0000-0003-4483-3947",,,,,,,,,,,,,2153-0858,,978-1-7281-6212-6,,,,2020,,,,,,,9322,9328,,10.1109/IROS45743.2020.9340739,http://dx.doi.org/10.1109/IROS45743.2020.9340739,,,,,,,,,,,,,WOS:000724145803047,View Full Record in Web of Science
C,"Kowalski, V; Eiband, T; Lee, D",,,IEEE,"Kowalski, Victor; Eiband, Thomas; Lee, Dongheui",,,Kinesthetic Skill Refinement for Error Recovery in Skill-based Robotic Systems,"2024 21ST INTERNATIONAL CONFERENCE ON UBIQUITOUS ROBOTS, UR 2024",,,,,21st International Conference on Ubiquitous Robots (UR),"JUN 24-27, 2024","New York, NY",IEEE,,,,,,,,,,,,,,,,,,,,,,,,,979-8-3503-6108-7; 979-8-3503-6107-0,,,,2024,,,,,,,27,34,,10.1109/UR61395.2024.10597483,http://dx.doi.org/10.1109/UR61395.2024.10597483,,,,,,,,,,,,,WOS:001283831100045,View Full Record in Web of Science
J,"Si, WY; Wang, N; Li, QC; Yang, CG",,,,"Si, Weiyong; Wang, Ning; Li, Qinchuan; Yang, Chenguang",,,A Framework for Composite Layup Skill Learning and Generalizing Through Teleoperation,FRONTIERS IN NEUROROBOTICS,,,,,,,,,,,,,,,,,"SI, WEIYONG/KIB-2268-2024; Yang, Chenguang/AAJ-2509-2020","Yang, Chenguang/0000-0001-5255-5559; Si, Weiyong/0000-0003-4531-2596",,,,,,,,,,,,,1662-5218,,,,,FEB 11,2022,16,,,,,,,,840240,10.3389/fnbot.2022.840240,http://dx.doi.org/10.3389/fnbot.2022.840240,,,,,,,,35250529,,,,,WOS:000772843300001,View Full Record in Web of Science
C,"Kroemer, O; Sukhatme, G",,"Kulic, D; Nakamura, Y; Khatib, O; Venture, G",,"Kroemer, Oliver; Sukhatme, Gaurav",,,Meta-level Priors for Learning Manipulation Skills with Sparse Features,2016 INTERNATIONAL SYMPOSIUM ON EXPERIMENTAL ROBOTICS,Springer Proceedings in Advanced Robotics,,,,15th International Symposium on Experimental Robotics (ISER),"OCT 03-06, 2016","Tokyo, JAPAN","Springer Proceedings Adv Robot,Int Fdn Robot Res,Tateishi Sci & Technol Fdn,Murata Sci Fdn,Toyota Motor Corp",,,,,,,,,,,,,,,,,,,,,,,2511-1256,2511-1264,978-3-319-50115-4; 978-3-319-50114-7,,,,2017,1,,,,,,211,222,,10.1007/978-3-319-50115-4_19,http://dx.doi.org/10.1007/978-3-319-50115-4_19,,,,,,,,,,,,,WOS:000418796400019,View Full Record in Web of Science
C,"Hüser, M; Baier-Löwenstein, T; Svagusa, M; Zhang, JW",,"Stephanidis, C",,"Hueser, Markus; Baier-Loewenstein, Tim; Svagusa, Marina; Zhang, Jianwei",,,Natural demonstration of manipulation skills for multimodal interactive robots,"UNIVERSAL ACCESS IN HUMAN-COMPUTER INTERACTION: AMBIENT INTERACTION, PT 2, PROCEEDINGS",Lecture Notes in Computer Science,,,,4th International Conference on Universal Access in Human-Computer Interaction held at the HCI International 2007,"JUL 22-27, 2007","Beijing, PEOPLES R CHINA","ICS FORTH, Human Comp Interact Lab",,,,,,,,,,,,,,,,,,,,,,,0302-9743,1611-3349,978-3-540-73280-8,,,,2007,4555,,2,,,,888,+,,,,,,,,,,,,,,,,WOS:000248235800097,View Full Record in Web of Science
C,"Chen, IM; Tay, R; Xing, SS; Yeo, SH",,"Ceccarelli, M",,"Chen, IM; Tay, R; Xing, SS; Yeo, SH",,,Marionette: From traditional manipulation to robotic manipulation,"INTERNATIONAL SYMPOSIUM ON HISTORY OF MACHINES AND MECHANISMS, PROCEEDINGS",,,,,International Symposium on History of Machines and Mechanisms,"MAY 12-15, 2004","Univ Cassino, Cassino, ITALY",IFToMM,Univ Cassino,,,,,,,,"Yeo, Song/A-3810-2011; Chen, I-Ming/A-3811-2011","Chen, I-Ming/0000-0002-4831-3781",,,,,,,,,,,,,,,1-4020-2203-4,,,,2004,,,,,,,119,133,,10.1007/1-4020-2204-2_10,http://dx.doi.org/10.1007/1-4020-2204-2_10,,,,,,,,,,,,,WOS:000222027800010,View Full Record in Web of Science
J,"Zeng, C; Li, YN; Guo, J; Huang, ZF; Wang, N; Yang, CG",,,,"Zeng, Chao; Li, Yanan; Guo, Jing; Huang, Zhifeng; Wang, Ning; Yang, Chenguang",,,A Unified Parametric Representation for Robotic Compliant Skills With Adaptation of Impedance and Force,IEEE-ASME TRANSACTIONS ON MECHATRONICS,,,,,,,,,,,,,,,,,"Yang, Chenguang/ABE-7755-2020; Li, Yanan/ABE-1354-2021; Wang, Han/A-5016-2011","Yang, Chenguang/0000-0001-5255-5559; Wang, Ning/0000-0002-3264-1852",,,,,,,,,,,,,1083-4435,1941-014X,,,,APR,2022,27,2,,,,,623,633,,10.1109/TMECH.2021.3109160,http://dx.doi.org/10.1109/TMECH.2021.3109160,,SEP 2021,,,,,,,,,,,WOS:000732642300001,View Full Record in Web of Science
J,"Fuentes, O; Nelson, RC",,,,"Fuentes, O; Nelson, RC",,,Learning dextrous manipulation skills for multifingered robot hands using the evolution strategy,AUTONOMOUS ROBOTS,,,,,,,,,,,,,,,,,,,,,,,,,,,,,,,0929-5593,1573-7527,,,,,1998,5,3-4,,,,,395,405,,10.1023/A:1008822709073,http://dx.doi.org/10.1023/A:1008822709073,,,,,,,,,,,,,WOS:000075591600011,View Full Record in Web of Science
C,"Fuentes, O; Nelson, RC",,,IEEE,"Fuentes, O; Nelson, RC",,,Learning dextrous manipulation skills using the evolution strategy,"1997 IEEE INTERNATIONAL CONFERENCE ON ROBOTICS AND AUTOMATION - PROCEEDINGS, VOLS 1-4",IEEE INTERNATIONAL CONFERENCE ON ROBOTICS AND AUTOMATION,,,,1997 IEEE International Conference on Robotics and Automation (ICRA97) - Teaming to Make an Impact,"APR 20-25, 1997","ALBUQUERQUE, NM","IEEE, Robot & Automat Soc",,,,,,,,,,,,,,,,,,,,,,,1050-4729,,0-7803-3613-5,,,,1997,,,,,,,501,506,,,,,,,,,,,,,,,,WOS:A1997BJ42X00080,View Full Record in Web of Science
C,"Englert, P; Toussaint, M",,"Hsu, D; Amato, N; Berman, S; Jacobs, S",,"Englert, Peter; Toussaint, Marc",,,Combined Optimization and Reinforcement Learning for Manipulation Skills,ROBOTICS: SCIENCE AND SYSTEMS XII,,,,,Workshop on Are the Skeptics Right Limits and Potentials of Deep Learning in Robotics at the 12th Conference on Robotics - Science and Systems (RSS),"JUN 18-22, 2016","Univ Michigan, Ann Arbor, MI",,Univ Michigan,,,,,,,,,"Toussaint, Marc/0000-0002-5487-6767; Englert, Peter/0000-0003-4598-7809",,,,,,,,,,,,,,,978-0-9923747-2-3,,,,2016,,,,,,,,,,,,,,,,,,,,,,,,WOS:000570976500033,View Full Record in Web of Science
J,"Liu, D; Lu, BP; Cong, M; Yu, HH; Zou, Q; Du, Y",,,,"Liu, Dong; Lu, Binpeng; Cong, Ming; Yu, Honghua; Zou, Qiang; Du, Yu",,,Robotic Manipulation Skill Acquisition Via Demonstration Policy Learning,IEEE TRANSACTIONS ON COGNITIVE AND DEVELOPMENTAL SYSTEMS,,,,,,,,,,,,,,,,,"Zou, Qiang/GRS-6853-2022","Zou, Qiang/0000-0002-6651-1554",,,,,,,,,,,,,2379-8920,2379-8939,,,,SEP,2022,14,3,,,,,1054,1065,,10.1109/TCDS.2021.3094269,http://dx.doi.org/10.1109/TCDS.2021.3094269,,,,,,,,,,,,,WOS:000852243600027,View Full Record in Web of Science
C,"Thomas, G; Chien, M; Tamar, A; Ojea, JA; Abbeel, P",,,IEEE,"Thomas, Garrett; Chien, Melissa; Tamar, Aviv; Ojea, Juan Aparicio; Abbeel, Pieter",,,Learning Robotic Assembly from CAD,2018 IEEE INTERNATIONAL CONFERENCE ON ROBOTICS AND AUTOMATION (ICRA),IEEE International Conference on Robotics and Automation ICRA,,,,IEEE International Conference on Robotics and Automation (ICRA),"MAY 21-25, 2018","Brisbane, AUSTRALIA","IEEE,CSIRO,Australian Govt, Dept Def Sci & Technol,DJI,Queensland Univ Technol,Woodside,Baidu,Bosch,Houston Mechatron,Kinova Robot,KUKA,Hit Robot Grp,Honda Res Inst,iRobot,Mathworks,NuTonomy,Ouster,Uber",,,,,,,,,,,,,,,,,,,,,,,1050-4729,2577-087X,978-1-5386-3081-5,,,,2018,,,,,,,3524,3531,,,,,,,,,,,,,,,,WOS:000446394502108,View Full Record in Web of Science
C,"Penaloza, CI; Mae, Y; Kojima, M; Arai, T",,,IEEE,"Penaloza, Christian I.; Mae, Yasushi; Kojima, Masaru; Arai, Tatsuo",,,BMI-based Framework for Teaching and Evaluating Robot Skills,2014 IEEE INTERNATIONAL CONFERENCE ON ROBOTICS AND AUTOMATION (ICRA),IEEE International Conference on Robotics and Automation ICRA,,,,IEEE International Conference on Robotics and Automation (ICRA),"MAY 31-JUN 07, 2014","Hong Kong, PEOPLES R CHINA",IEEE,,,,,,,,,,,,,,,,,,,,,,,1050-4729,2577-087X,978-1-4799-3685-4,,,,2014,,,,,,,6040,6046,,,,,,,,,,,,,,,,WOS:000377221106012,View Full Record in Web of Science
C,"Heikkilä, T; Saukkoriipi, J; Ahola, JM; Seppälä, T",,,ASME,"Heikkila, Tapio; Saukkoriipi, Janne; Ahola, Jari M.; Seppala, Tuomas",,,ON-LINE PROGRAMMING OF ROBOT SKILLS,"PROCEEDINGS OF THE ASME INTERNATIONAL DESIGN ENGINEERING TECHNICAL CONFERENCES AND COMPUTERS AND INFORMATION IN ENGINEERING CONFERENCE, 2019, VOL 9",,,,,American-Society-of-Mechanical-Engineers(ASME) International Design Engineering Technical Conferences / 39th American-Society-of-Mechanical-Engineers(ASME) Computers and Information in Engineering Conference (IDETC-CIE),"AUG 18-21, 2019","Anaheim, CA","ASME, Design Engn Div,ASME, Comp & Informat Engn Div",,,,,,,,,,", Tapio/0000-0001-7180-2148",,,,,,,,,,,,,,,978-0-7918-5929-2,,,,2019,,,,,,,,,UNSP V009T12A038,,,,,,,,,,,,,,,WOS:000519338500038,View Full Record in Web of Science
C,"Dong, S; Naghdy, F",,"Mohammadian, M",,"Dong, Shen; Naghdy, Fazel",,,Application of competitive clustering to acquisition of human manipulation skills,"INTERNATIONAL CONFERENCE ON COMPUTATIONAL INTELLIGENCE FOR MODELLING, CONTROL & AUTOMATION JOINTLY WITH INTERNATIONAL CONFERENCE ON INTELLIGENT AGENTS, WEB TECHNOLOGIES & INTERNET COMMERCE, VOL 2, PROCEEDINGS",,,,,"International Conference on Computational Intelligence for Modelling, Control and Automation/International Conference on Intelligent Agents Web Technologies and International Commerce","NOV 28-30, 2005","Vienna, AUSTRIA","IEEE Computat Intelligence Soc,European Soc Fuzzy Log & Technol,European Neural Network Soc,Int Assoc Fuzzy Set Management & Econ,Japan Soc Fuzzy Theory & Intelligent Informat,Taiwan Fuzzy Syst Assoc,World Wide Web Business Intelligence,Hungarian Fuzzy Assoc,Univ Canberra",,,,,,,,,,,,,,,,,,,,,,,,,0-7695-2504-0,,,,2006,,,,,,,1092,+,,,,,,,,,,,,,,,,WOS:000239915100181,View Full Record in Web of Science
J,"Liu, X; Liu, ZH; Wang, GZ; Liu, ZX; Huang, PF",,,,"Liu, Xing; Liu, Zihao; Wang, Gaozhao; Liu, Zhengxiong; Huang, Panfeng",,,"Efficient Reinforcement Learning Method for Multi-Phase Robot Manipulation Skill Acquisition via Human Knowledge, Model-Based, and Model-Free Methods",IEEE TRANSACTIONS ON AUTOMATION SCIENCE AND ENGINEERING,,,,,,,,,,,,,,,,,"刘, 星/JPY-1840-2023; Liu, Zhengxiong/B-4709-2019","Liu, Zhengxiong/0000-0002-9427-4066; Wang, Gaozhao/0009-0003-4184-0903",,,,,,,,,,,,,1545-5955,1558-3783,,,,,2025,22,,,,,,6643,6652,,10.1109/TASE.2024.3451296,http://dx.doi.org/10.1109/TASE.2024.3451296,,SEP 2024,,,,,,,,,,,WOS:001308201700001,View Full Record in Web of Science
C,"Johannsmeier, L; Gerchow, M; Haddadin, S",,"Howard, A; Althoefer, K; Arai, F; Arrichiello, F; Caputo, B; Castellanos, J; Hauser, K; Isler, V; Kim, J; Liu, H; Oh, P; Santos, V; Scaramuzza, D; Ude, A; Voyles, R; Yamane, K; Okamura, A",IEEE,"Johannsmeier, Lars; Gerchow, Malkin; Haddadin, Sami",,,"A Framework for Robot Manipulation: Skill Formalism, Meta Learning and Adaptive Control",2019 INTERNATIONAL CONFERENCE ON ROBOTICS AND AUTOMATION (ICRA),IEEE International Conference on Robotics and Automation ICRA,,,,IEEE International Conference on Robotics and Automation (ICRA),"MAY 20-24, 2019","Montreal, CANADA","Bosch,DJI,Kinova,Mercedes Benz,Samsung,Argo AI,Clearpath Robot,Element AI,Fetch Robot,Huawei,iRobot,KUKA,Quanser,SICK,Toyota Res Inst,Uber,Waymo,Zhejiang Lab,Amazon,Applanix,Cloudminds,Honda Res Inst,MathWorks,Ouster",,,,,,,,,,"Haddadin, Sami/0000-0001-7696-4955",,,,,,,,,,,,,1050-4729,2577-087X,978-1-5386-6026-3,,,,2019,,,,,,,5844,5850,,10.1109/icra.2019.8793542,http://dx.doi.org/10.1109/icra.2019.8793542,,,,,,,,,,,,,WOS:000494942304038,View Full Record in Web of Science
C,"Zhang, X; Wang, CH; Sun, LF; Wu, Z; Zhu, XH; Tomizuka, M",,"Tan, J; Toussaint, M; Darvish, K",,"Zhang, Xiang; Wang, Changhao; Sun, Lingfeng; Wu, Zheng; Zhu, Xinghao; Tomizuka, Masayoshi",,,Efficient Sim-to-real Transfer of Contact-Rich Manipulation Skills with Online Admittance Residual Learning,"CONFERENCE ON ROBOT LEARNING, VOL 229",Proceedings of Machine Learning Research,,,,7th Conference on Robot Learning (CoRL),"NOV 06-09, 2023","Atlanta, GA",,,,,,,,,,,,,,,,,,,,,,,,2640-3498,,,,,,2023,229,,,,,,,,,,,,,,,,,,,,,,,WOS:001221201501036,View Full Record in Web of Science
C,"Singh, J; Zhou, J; Beferull-Lozano, B; Yan, S; Khan, S",,,IEEE,"Singh, Jayant; Zhou, Jing; Beferull-Lozano, Baltasar; Yan, Shijun; Khan, Shalman",,,Haptic Teleoperation Framework for Learning Task Space Fine Manipulation Skills,"2024 IEEE 19TH CONFERENCE ON INDUSTRIAL ELECTRONICS AND APPLICATIONS, ICIEA 2024",IEEE Conference on Industrial Electronics and Applications,,,,IEEE 19th Conference on Industrial Electronics and Applications (ICIEA),"AUG 05-08, 2024","Kristiansand, NORWAY",IEEE,,,,,,,,,,,,,,,,,,,,,,,2156-2318,,979-8-3503-6087-5; 979-8-3503-6086-8,,,,2024,,,,,,,,,,10.1109/ICIEA61579.2024.10665270,http://dx.doi.org/10.1109/ICIEA61579.2024.10665270,,,,,,,,,,,,,WOS:001323563900343,View Full Record in Web of Science
C,"Tosatto, S; Chalvatzaki, G; Peters, J",,,IEEE,"Tosatto, Samuele; Chalvatzaki, Georgia; Peters, Jan",,,Contextual Latent-Movements Off-Policy Optimization for Robotic Manipulation Skills,2021 IEEE INTERNATIONAL CONFERENCE ON ROBOTICS AND AUTOMATION (ICRA 2021),IEEE International Conference on Robotics and Automation ICRA,,,,IEEE International Conference on Robotics and Automation (ICRA),"MAY 30-JUN 05, 2021","Xian, PEOPLES R CHINA","IEEE,IEEE Robot & Automat Soc,So Univ Sci & Technol,Harbin Inst Technol,Xian Jiaotong Univ,Univ Toronto,Nat Sci & Engn Res Council Canada,Chinese Univ Hong Kong,DJI,Biomimet Intelligence & Robot,Toyota Res Inst,Baidu,Mech Mind Robot Technologies,Facebook AI,Nokov,Manycore,Franka Emika,Zhejiang Univ, Huzhou Inst,Jing Tian,ATI Ind Automat,Amber,Direct Drive Tech,Inceptio,Flexiv,Deeproute AI,Unitree,Waymo,Kuka,Pudu Robot,Deep Robot,Nvidia,MathWorks",,,,,,,,,"Chalvatzaki, Georgia/HTT-4855-2023",,,,,,,,,,,,,,1050-4729,2577-087X,978-1-7281-9077-8,,,,2021,,,,,,,10815,10821,,10.1109/ICRA48506.2021.9561870,http://dx.doi.org/10.1109/ICRA48506.2021.9561870,,,,,,,,,,,,,WOS:000771405403066,View Full Record in Web of Science
C,"Pastor, P; Kalakrishnan, M; Righetti, L; Schaal, S",,,IEEE,"Pastor, Peter; Kalakrishnan, Mrinal; Righetti, Ludovic; Schaal, Stefan",,,Towards Associative Skill Memories,2012 12TH IEEE-RAS INTERNATIONAL CONFERENCE ON HUMANOID ROBOTS (HUMANOIDS),IEEE-RAS International Conference on Humanoid Robots,,,,12th IEEE-RAS International Conference on Humanoid Robots (Humanoids),"NOV 29-DEC 01, 2012","Osaka, JAPAN",IEEE RAS,,,,,,,,,"Righetti, Ludovic/P-1261-2018","Righetti, Ludovic/0000-0002-6458-9112; Kalakrishnan, Mrinal/0000-0003-4292-9857",,,,,,,,,,,,,2164-0572,,978-1-4673-1369-8,,,,2012,,,,,,,309,315,,,,,,,,,,,,,,,,WOS:000392842100047,View Full Record in Web of Science
C,"Dong, S; Naghdy, F",,"Arabnia, HR",,"Dong, S; Naghdy, F",,,Manipulation skills acquisition and classification from haptic rendered virtual environment,HCI '05: PROCEEDINGS OF THE 2005 INTERNATIONAL CONFERENCE ON HUMAN-COMPUTER INTERACTION,,,,,11th International Conference on Human-Computer Interaction,"JUL 22-27, 2005","Las Vegas, NV","CSREA,Int Technol Inst,World Acad Sci & Informat Technol,HPCwire,GRIDtoday",,,,,,,,,,,,,,,,,,,,,,,,,1-932415-80-7,,,,2005,,,,,,,103,108,,,,,,,,,,,,,,,,WOS:000236443400015,View Full Record in Web of Science
C,"Dong, S; Naghdy, F",,"Lim, A",,"Dong, S; Naghdy, F",,,Manipulation skills acquistion through state classification and dimension decrease,"ICTAI 2005: 17TH IEEE INTERNATIONAL CONFERENCE ON TOOLS WITH ARTIFICIAL INTELLIGENCE, PROCEEDINGS",Proceedings - International Conference on Tools With Artificial Intelligence,,,,17th International Conference on Tools with Artificial Intelligence,"NOV 14-16, 2005","Hong Kong, PEOPLES R CHINA","IEEE Comp Soc,Informat Technol Res Inst,Wright State Univ,Hong Kong Univ Sci & Technol",,,,,,,,,,,,,,,,,,,,,,,1082-3409,,0-7695-2488-5,,,,2005,,,,,,,392,396,,,,,,,,,,,,,,,,WOS:000234632500061,View Full Record in Web of Science
C,"Rosen, E; James, S; Orozco, S; Gupta, V; Merlin, M; Tellex, S; Konidaris, G",,"Tan, J; Toussaint, M; Darvish, K",,"Rosen, Eric; James, Steve; Orozco, Sergio; Gupta, Vedant; Merlin, Max; Tellex, Stefanie; Konidaris, George",,,Synthesizing Navigation Abstractions for Planning with Portable Manipulation Skills,"CONFERENCE ON ROBOT LEARNING, VOL 229",Proceedings of Machine Learning Research,,,,7th Conference on Robot Learning (CoRL),"NOV 06-09, 2023","Atlanta, GA",,,,,,,,,,,,,,,,,,,,,,,,2640-3498,,,,,,2023,229,,,,,,,,,,,,,,,,,,,,,,,WOS:001221201502017,View Full Record in Web of Science
C,"Han, H; Lee, E; Kang, H",,,IEEE,"Han, Hyonyoung; Lee, Eunseo; Kang, Hyunchul",,,Development of Unit Robot Skill based Task Recipe for Task Planning,"11TH INTERNATIONAL CONFERENCE ON ICT CONVERGENCE: DATA, NETWORK, AND AI IN THE AGE OF UNTACT (ICTC 2020)",International Conference on Information and Communication Technology Convergence,,,,"11th International Conference on Information and Communication Technology Convergence (ICTC) - Data, Network, and AI in the age of Untact (ICTC)","OCT 21-23, 2020","Jeju, SOUTH KOREA","Korean Inst Commun & Informat Sci,IEEE Commun Soc,IEICE Commun Soc,Minist Sci & ICT,Elect & Telecommunicat Res Inst,Korean Federat Sci & Technol Soc,Samsung Elect,LG Elect,SK Telecom,LGU+,KT,SOLiD,FRTek,Huawei,Ericsson LG,ICT Convergence Korea Forum,Soc Safety Syst Forum,5G Based Smart Factory Standardizat Forum,Jeju Convent & Visitors Bur,Korea Assoc Photon Ind Dev",,,,,,,,,,,,,,,,,,,,,,,2162-1233,,978-1-7281-6758-9,,,,2020,,,,,,,1720,1722,,,,,,,,,,,,,,,,WOS:000692529100430,View Full Record in Web of Science
C,"Nägele, F; Halt, L; Tenbrock, P; Pott, A",,,IEEE,"Naegele, Frank; Halt, Lorenz; Tenbrock, Philipp; Pott, Andreas",,,Composition and Incremental Refinement of Skill Models For Robotic Assembly Tasks,2019 THIRD IEEE INTERNATIONAL CONFERENCE ON ROBOTIC COMPUTING (IRC 2019),,,,,3rd IEEE International Conference on Robotic Computing (IRC),"FEB 25-27, 2019","Naples, ITALY","IEEE,IEEE Comp Soc",,,,,,,,,"Pott, Andreas/LZF-9743-2025","Pott, Andreas/0000-0002-4031-6363",,,,,,,,,,,,,,,978-1-5386-9245-5,,,,2019,,,,,,,177,182,,10.1109/IRC.2019.00034,http://dx.doi.org/10.1109/IRC.2019.00034,,,,,,,,,,,,,WOS:000465234300025,View Full Record in Web of Science
J,"Wiese, T; Abicht, J; Friedrich, C; Hellmich, A; Ihlenfeldt, S",,,,"Wiese, Torben; Abicht, Johannes; Friedrich, Christian; Hellmich, Arvid; Ihlenfeldt, Steffen",,,Flexible skill-based control for robot cells in manufacturing,FRONTIERS IN ROBOTICS AND AI,,,,,,,,,,,,,,,,,,"Friedrich, Christian/0000-0002-1882-5524",,,,,,,,,,,,,2296-9144,,,,,SEP 29,2022,9,,,,,,,,1014476,10.3389/frobt.2022.1014476,http://dx.doi.org/10.3389/frobt.2022.1014476,,,,,,,,36246488,,,,,WOS:000868499400001,View Full Record in Web of Science
C,"Zhang, Y; Zhao, F; Liao, ZW",,,IEEE,"Zhang, Yan; Zhao, Fei; Liao, Zhiwei",,,Learning and Generalizing Variable Impedance Manipulation Skills from Human Demonstrations,2022 IEEE/ASME INTERNATIONAL CONFERENCE ON ADVANCED INTELLIGENT MECHATRONICS (AIM),IEEE ASME International Conference on Advanced Intelligent Mechatronics,,,,IEEE/ASME International Conference on Advanced Intelligent Mechatronics (AIM),"JUL 11-15, 2022","Sapporo, JAPAN","IEEE,ASME",,,,,,,,,,,,,,,,,,,,,,,2159-6255,,978-1-6654-1308-4,,,,2022,,,,,,,810,815,,10.1109/AIM52237.2022.9863389,http://dx.doi.org/10.1109/AIM52237.2022.9863389,,,,,,,,,,,,,WOS:000860750800084,View Full Record in Web of Science
J,"Liu, D; Wang, ZT; Lu, BP; Cong, M; Yu, HH; Zou, Q",,,,"Liu, Dong; Wang, Zitu; Lu, Binpeng; Cong, Ming; Yu, Honghua; Zou, Qiang",,,A Reinforcement Learning-Based Framework for Robot Manipulation Skill Acquisition,IEEE ACCESS,,,,,,,,,,,,,,,,,"Zou, Qiang/AAP-2001-2020; Zou, Qiang/GRS-6853-2022","Zou, Qiang/0000-0002-6651-1554",,,,,,,,,,,,,2169-3536,,,,,,2020,8,,,,,,108429,108437,,10.1109/ACCESS.2020.3001130,http://dx.doi.org/10.1109/ACCESS.2020.3001130,,,,,,,,,,,,,WOS:000544045000004,View Full Record in Web of Science
C,"Lottermoser, A; Berger, C; Braunreuther, S; Reinhart, G",,"Teti, R",,"Lottermoser, Albrecht; Berger, Christoph; Braunreuther, Stefan; Reinhart, Gunther",,,Method of usability for mobile robotics in a manufacturing environment,10TH CIRP CONFERENCE ON INTELLIGENT COMPUTATION IN MANUFACTURING ENGINEERING - CIRP ICME '16,Procedia CIRP,,,,10th CIRP International Conference on Intelligent Computation in Manufacturing Engineering (CIRP ICME),"JUL 20-22, 2016","Ischia, ITALY","Int Acad Prod Engn,Fraunhofer Joint Lab Excellence Adv Prod Technol",,,,,,,,,,"Berger, Christoph/0000-0002-2674-9656; Braunreuther, Stefan/0000-0001-5696-2813",,,,,,,,,,,,,2212-8271,,,,,,2017,62,,,,,,594,599,,10.1016/j.procir.2016.06.122,http://dx.doi.org/10.1016/j.procir.2016.06.122,,,,,,,,,,,,,WOS:000414525400103,View Full Record in Web of Science
J,"Su, H; Mariani, A; Ovur, SE; Menciassi, A; Ferrigno, G; De Momi, E",,,,"Su, Hang; Mariani, Andrea; Ovur, Salih Ertug; Menciassi, Arianna; Ferrigno, Giancarlo; De Momi, Elena",,,Toward Teaching by Demonstration for Robot-Assisted Minimally Invasive Surgery,IEEE TRANSACTIONS ON AUTOMATION SCIENCE AND ENGINEERING,,,,,,,,,,,,,,,,,"OVUR, Salih Ertug/AAW-6009-2021; Ferrigno, Giancarlo/JBJ-7692-2023; Su, Hang/Z-1713-2019; DE MOMI, ELENA/D-7375-2016; Ferrigno, Giancarlo/O-5833-2015","menciassi, arianna/0000-0001-6348-1081; DE MOMI, ELENA/0000-0002-8819-2734; Ferrigno, Giancarlo/0000-0001-5913-9451; Mariani, Andrea/0000-0002-9606-7378",,,,,,,,,,,,,1545-5955,1558-3783,,,,APR,2021,18,2,,,,,484,494,,10.1109/TASE.2020.3045655,http://dx.doi.org/10.1109/TASE.2020.3045655,,,,,,,,,,,,,WOS:000638401500010,View Full Record in Web of Science
C,"Dai, F",,"Gusikhin, O; Madani, K; Zaytoon, J",,"Dai, Fan",,,Towards Skills-based Easy Programming of Dual-arm Robot Applications,"ICINCO: PROCEEDINGS OF THE 16TH INTERNATIONAL CONFERENCE ON INFORMATICS IN CONTROL, AUTOMATION AND ROBOTICS, VOL 2",,,,,"16th International Conference on Informatics in Control, Automation and Robotics (ICINCO)","JUL 29-31, 2019","Prague, CZECH REPUBLIC",,,,,,,,,,,,,,,,,,,,,,,,,,978-989-758-380-3,,,,2019,,,,,,,363,370,,10.5220/0007920203630370,http://dx.doi.org/10.5220/0007920203630370,,,,,,,,,,,,,WOS:000571072100041,View Full Record in Web of Science
C,"Lopez-Juarez, I; Howarth, M",,,IEEE; IEEE,"Lopez-Juarez, I; Howarth, M",,,Learning manipulative skills with ART,"2000 IEEE/RSJ INTERNATIONAL CONFERENCE ON INTELLIGENT ROBOTS AND SYSTEMS (IROS 2000), VOLS 1-3, PROCEEDINGS",,,,,IEEE/Robotics-Society-of-Japan International Conference on Intelligent Robots and Systems (IROS 2000),"OCT 31-NOV 05, 2000","KAGAWA UNIV, TAKAMATSU, JAPAN","IEEE, Ind Electr Soc,IEEE, Robot & Automat Soc,Robot Soc Japan,Soc Instrument & Control Engineers,New Technol Fdn,Kagawa Univ",KAGAWA UNIV,,,,,,,,"Lopez-Juarez, Ismael/E-7088-2011","Lopez-Juarez, Ismael/0000-0001-6405-5519",,,,,,,,,,,,,,,0-7803-6348-5; 0-7803-6349-3,,,,2000,,,,,,,578,583,,,,,,,,,,,,,,,,WOS:000166948600093,View Full Record in Web of Science
J,"Sun, XL; Li, JQ; Kovalenko, AV; Feng, W; Ou, YS",,,,"Sun, Xilong; Li, Jiqing; Kovalenko, Anna Vladimirovna; Feng, Wei; Ou, Yongsheng",,,Integrating Reinforcement Learning and Learning From Demonstrations to Learn Nonprehensile Manipulation,IEEE TRANSACTIONS ON AUTOMATION SCIENCE AND ENGINEERING,,,,,,,,,,,,,,,,,"Feng, Wei/GZG-7076-2022; Kovalenko, Anna/P-1166-2015",,,,,,,,,,,,,,1545-5955,1558-3783,,,,JUL,2023,20,3,,,,,1735,1744,,10.1109/TASE.2022.3185071,http://dx.doi.org/10.1109/TASE.2022.3185071,,JUN 2022,,,,,,,,,,,WOS:000824708800001,View Full Record in Web of Science
J,"Rafii-Tari, H; Payne, CJ; Yang, GZ",,,,"Rafii-Tari, Hedyeh; Payne, Christopher J.; Yang, Guang-Zhong",,,Current and Emerging Robot-Assisted Endovascular Catheterization Technologies: A Review,ANNALS OF BIOMEDICAL ENGINEERING,,,,,,,,,,,,,,,,,"Yang, Guangzhong/ABB-7316-2021","Payne, Christopher/0000-0002-5741-8948",,,,,,,,,,,,,0090-6964,1573-9686,,,,APR,2014,42,4,,,,,697,715,,10.1007/s10439-013-0946-8,http://dx.doi.org/10.1007/s10439-013-0946-8,,,,,,,,24281653,,,,,WOS:000333010900001,View Full Record in Web of Science
J,"HASEGAWA, T; SUEHIRO, T; TAKASE, K",,,,"HASEGAWA, T; SUEHIRO, T; TAKASE, K",,,A MODEL-BASED MANIPULATION SYSTEM WITH SKILL-BASED EXECUTION,IEEE TRANSACTIONS ON ROBOTICS AND AUTOMATION,,,,,,,,,,,,,,,,,,,,,,,,,,,,,,,1042-296X,,,,,OCT,1992,8,5,,,,,535,544,,10.1109/70.163779,http://dx.doi.org/10.1109/70.163779,,,,,,,,,,,,,WOS:A1992JU73400003,View Full Record in Web of Science
C,"Luo, DS; Han, XQ; Wang, Y; Wu, XH",,,IEEE,"Luo, Dingsheng; Han, Xiaoqiang; Wang, Yi; Wu, Xihong",,,Modelling and Generalizing Achieved Robot Skills with Temporal Restricted Boltzmann Machines,2014 14TH IEEE-RAS INTERNATIONAL CONFERENCE ON HUMANOID ROBOTS (HUMANOIDS),IEEE-RAS International Conference on Humanoid Robots,,,,14th IEEE-RAS International Conference on Humanoid Robots (Humanoids),"NOV 18-20, 2014","Madrid, SPAIN",IEEE RAS,,,,,,,,,,,,,,,,,,,,,,,2164-0572,,978-1-4799-7174-9,,,,2014,,,,,,,835,840,,,,,,,,,,,,,,,,WOS:000392843800133,View Full Record in Web of Science
J,"Kim, H; Ohmura, Y; Kuniyoshi, Y",,,,"Kim, Heecheol; Ohmura, Yoshiyuki; Kuniyoshi, Yasuo",,,Goal-Conditioned Dual-Action Imitation Learning for Dexterous Dual-Arm Robot Manipulation,IEEE TRANSACTIONS ON ROBOTICS,,,,,,,,,,,,,,,,,,"Ohmura, Yoshiyuki/0000-0002-9158-5360",,,,,,,,,,,,,1552-3098,1941-0468,,,,,2024,40,,,,,,2287,2305,,10.1109/TRO.2024.3372778,http://dx.doi.org/10.1109/TRO.2024.3372778,,,,,,,,,,,,,WOS:001192358800001,View Full Record in Web of Science
C,"Ennen, P; Bresenitz, P; Vossen, R; Hees, F",,"Howard, A; Althoefer, K; Arai, F; Arrichiello, F; Caputo, B; Castellanos, J; Hauser, K; Isler, V; Kim, J; Liu, H; Oh, P; Santos, V; Scaramuzza, D; Ude, A; Voyles, R; Yamane, K; Okamura, A",IEEE,"Ennen, Philipp; Bresenitz, Pia; Vossen, Rene; Hees, Frank",,,Learning Robust Manipulation Skills with Guided Policy Search via Generative Motor Reflexes,2019 INTERNATIONAL CONFERENCE ON ROBOTICS AND AUTOMATION (ICRA),IEEE International Conference on Robotics and Automation ICRA,,,,IEEE International Conference on Robotics and Automation (ICRA),"MAY 20-24, 2019","Montreal, CANADA","Bosch,DJI,Kinova,Mercedes Benz,Samsung,Argo AI,Clearpath Robot,Element AI,Fetch Robot,Huawei,iRobot,KUKA,Quanser,SICK,Toyota Res Inst,Uber,Waymo,Zhejiang Lab,Amazon,Applanix,Cloudminds,Honda Res Inst,MathWorks,Ouster",,,,,,,,,,"Hees, Frank/0000-0002-1614-6245",,,,,,,,,,,,,1050-4729,2577-087X,978-1-5386-6026-3,,,,2019,,,,,,,7851,7857,,10.1109/icra.2019.8793775,http://dx.doi.org/10.1109/icra.2019.8793775,,,,,,,,,,,,,WOS:000494942305104,View Full Record in Web of Science
C,"Chen, Y; Naghdy, F",,"Nunes, U; deAalmeida, AT; Bejczy, AK; Kosuge, K; Macgado, JAT",,"Chen, Y; Naghdy, F",,,Manipulation skills acquisition through a haptic rendered virtual environment,"PROCEEDINGS OF THE 11TH INTERNATIONAL CONFERENCE ON ADVANCED ROBOTICS 2003, VOL 1-3",,,,,11th International Conference on Advanced Robotics (ICAR 2003),"JUN 30-JUL 03, 2003","COIMBRA, PORTUGAL","Inst Syst & Robot,Univ Coimbra,IEEE Portuguese Sect,IEEE Robot & Automat Soc,IEEE Ind Elect Soc,Robot Soc Japan,Japan Robot Assoc",,,,,,,,,,,,,,,,,,,,,,,,,972-96889-8-2,,,,2003,,,,,,,1437,1442,,,,,,,,,,,,,,,,WOS:000184782300239,View Full Record in Web of Science
C,"Hammoud, A; Belcamino, V; Carfi, A; Perdereau, V; Mastrogiovanni, F",,,IEEE,"Hammoud, Ali; Belcamino, Valerio; Carfi, Alessandro; Perdereau, Veronique; Mastrogiovanni, Fulvio",,,In-hand manipulation planning using human motion dictionary,2022 31ST IEEE INTERNATIONAL CONFERENCE ON ROBOT AND HUMAN INTERACTIVE COMMUNICATION (IEEE RO-MAN 2022),,,,,"31st IEEE International Conference on Robot and Human Interactive Communication (RO-MAN) - Social, Asocial, and Antisocial Robots","AUG 29-SEP 02, 2022","Napoli, ITALY","IEEE,LuxAI,Furhat Robot,Navel Robot,PAL Robot,Prensilia s r l,Naver Labs,Paladyn Journal Behav Robot,DIETI UNINA,PERSE,EurAi,IEEE Robot & Automat Soc,Robot Soc Japan,Korea Robot Soc",,,,,,,,,"Carfì, Alessandro/ABE-4767-2020",,,,,,,,,,,,,,,,978-1-7281-8859-1,,,,2022,,,,,,,927,933,,10.1109/RO-MAN53752.2022.9900858,http://dx.doi.org/10.1109/RO-MAN53752.2022.9900858,,,,,,,,,,,,,WOS:000885903300134,View Full Record in Web of Science
J,"Jiang, R; He, B; Wang, ZP; Cheng, X; Sang, HR; Zhou, YM",,,,"Jiang, Rong; He, Bin; Wang, Zhipeng; Cheng, Xu; Sang, Hongrui; Zhou, Yanmin",,,Robot skill learning and the data dilemma it faces: a systematic review,ROBOTIC INTELLIGENCE AND AUTOMATION,,,,,,,,,,,,,,,,,"he, bin/AAV-6319-2021",,,,,,,,,,,,,,2754-6969,2754-6977,,,,MAY 6,2024,44,2,,,,,270,286,,10.1108/RIA-10-2023-0146,http://dx.doi.org/10.1108/RIA-10-2023-0146,,MAR 2024,,,,,,,,,,,WOS:001215306500001,View Full Record in Web of Science
J,"Han, CL; Peng, ZY; Liu, YD; Tang, JS; Yu, Y; Zhou, ZT",,,,"Han, Changlin; Peng, Zhiyong; Liu, Yadong; Tang, Jingsheng; Yu, Yang; Zhou, Zongtan",,,Learning robotic manipulation skills with multiple semantic goals by conservative curiosity-motivated exploration,FRONTIERS IN NEUROROBOTICS,,,,,,,,,,,,,,,,,"Yu, Yangguang/HII-7045-2022",,,,,,,,,,,,,,1662-5218,,,,,MAR 7,2023,17,,,,,,,,1089270,10.3389/fnbot.2023.1089270,http://dx.doi.org/10.3389/fnbot.2023.1089270,,,,,,,,36960195,,,,,WOS:000950890800001,View Full Record in Web of Science
C,"Yuan, QL; Leong, ISW",,"Li, H; Ge, SS; Wu, Y; Wykowska, A; He, H; Liu, X; Li, D; PerezOsorio, J",,"Yuan, Qilong; Leong, Ivan Sim Wan",,,Human-Robot Coordination in Agile Robot Manipulation,"SOCIAL ROBOTICS, ICSR 2021",Lecture Notes in Artificial Intelligence,,,,13th International Conference on Social Robotics (ICSR) - Robotics in Our Everyday Lives,"NOV 10-13, 2021","Singapore, SINGAPORE","AI Shell,DataBaker,Kriston AI,Magic Data,Arcadia,SpeechOcean",,,,,,,,,"Chen, I-Ming/A-3811-2011",,,,,,,,,,,,,,2945-9133,1611-3349,978-3-030-90525-5; 978-3-030-90524-8,,,,2021,13086,,,,,,532,540,,10.1007/978-3-030-90525-5_46,http://dx.doi.org/10.1007/978-3-030-90525-5_46,,,,,,,,,,,,,WOS:000776504300046,View Full Record in Web of Science
C,"Lee, TE; Vats, S; Girdhar, S; Kroemer, O",,"Tan, J; Toussaint, M; Darvish, K",,"Lee, Tabitha Edith; Vats, Shivam; Girdhar, Siddharth; Kroemer, Oliver",,,SCALE: Causal Learning and Discovery of Robot Manipulation Skills using Simulation,"CONFERENCE ON ROBOT LEARNING, VOL 229",Proceedings of Machine Learning Research,,,,7th Conference on Robot Learning (CoRL),"NOV 06-09, 2023","Atlanta, GA",,,,,,,,,,,,,,,,,,,,,,,,2640-3498,,,,,,2023,229,,,,,,,,,,,,,,,,,,,,,,,WOS:001221201502015,View Full Record in Web of Science
C,"Lohi, T; Soutukorva, S; Heikkilä, T",,,IEEE,"Lohi, Taneli; Soutukorva, Samuli; Heikkila, Tapio",,,Programming of Skill-based Robots,"2024 IEEE 19TH CONFERENCE ON INDUSTRIAL ELECTRONICS AND APPLICATIONS, ICIEA 2024",IEEE Conference on Industrial Electronics and Applications,,,,IEEE 19th Conference on Industrial Electronics and Applications (ICIEA),"AUG 05-08, 2024","Kristiansand, NORWAY",IEEE,,,,,,,,,,"Soutukorva, Samuli/0009-0000-9076-2778; , Tapio/0000-0001-7180-2148",,,,,,,,,,,,,2156-2318,,979-8-3503-6087-5; 979-8-3503-6086-8,,,,2024,,,,,,,,,,10.1109/ICIEA61579.2024.10664981,http://dx.doi.org/10.1109/ICIEA61579.2024.10664981,,,,,,,,,,,,,WOS:001323563900181,View Full Record in Web of Science
S,"Donald, B; Gariepy, L; Rus, D",,"Corke, P; Trevelyan, J",,"Donald, B; Gariepy, L; Rus, D",,,Experiments in constrained prehensile manipulation: Distributed manipulation with ropes,EXPERIMENTAL ROBOTICS VI,LECTURE NOTES IN CONTROL AND INFORMATION SCIENCES,,,,6th International Symposium on Experimental Robotics,"MAR 26-28, 1999","SYDNEY, AUSTRALIA",,,,,,,,,,,,,,,,,,,,,,,,0170-8643,,1-85233-210-7,,,,2000,250,,,,,,25,36,,,,,,,,,,,,,,,,WOS:000086068500003,View Full Record in Web of Science
J,"Wang, N; Chen, CZ; Di Nuovo, A",,,,"Wang, Ning; Chen, Chuize; Di Nuovo, Alessandro",,,A Framework of Hybrid Force/Motion Skills Learning for Robots,IEEE TRANSACTIONS ON COGNITIVE AND DEVELOPMENTAL SYSTEMS,,,,,,,,,,,,,,,,,"Di Nuovo, Alessandro/F-5659-2011; Wang, Han/A-5016-2011","Di Nuovo, Alessandro/0000-0003-2677-2650; Wang, Ning/0000-0002-3264-1852",,,,,,,,,,,,,2379-8920,2379-8939,,,,MAR,2021,13,1,,,,,162,170,,10.1109/TCDS.2020.2968056,http://dx.doi.org/10.1109/TCDS.2020.2968056,,,,,,,,,,,,,WOS:000628911300015,View Full Record in Web of Science
J,"Schou, C; Andersen, RS; Chrysostomou, D; Bogh, S; Madsen, O",,,,"Schou, Casper; Andersen, Rasmus Skovgaard; Chrysostomou, Dimitrios; Bogh, Simon; Madsen, Ole",,,Skill-based instruction of collaborative robots in industrial settings,ROBOTICS AND COMPUTER-INTEGRATED MANUFACTURING,,,,,,,,,,,,,,,,,"Bøgh, Simon/J-1526-2012; Andersen, Rasmus/GWD-0055-2022; Schou, Casper/J-3357-2012; Chrysostomou, Dimitrios/H-7077-2013; Madsen, Ole/B-3458-2013","Schou, Casper/0000-0001-7831-311X; Chrysostomou, Dimitrios/0000-0002-6114-8944; Bogh, Simon/0000-0002-5960-4365; Madsen, Ole/0000-0003-2133-2541",,,,,,,,,,,,,0736-5845,1879-2537,,,,OCT,2018,53,,,,,,72,80,,10.1016/j.rcim.2018.03.008,http://dx.doi.org/10.1016/j.rcim.2018.03.008,,,,,,,,,,,,,WOS:000437037900006,View Full Record in Web of Science
J,"Cho, D; Kim, J; Kim, HJ",,,,"Cho, Daesol; Kim, Jigang; Kim, H. Jin",,,Unsupervised Reinforcement Learning for Transferable Manipulation Skill Discovery,IEEE ROBOTICS AND AUTOMATION LETTERS,,,,,,,,,,,,,,,,,,"Kim, H Jin/0000-0002-6819-1136; Cho, Daesol/0000-0002-4105-4422; Kim, Jigang/0000-0003-3381-5241",,,,,,,,,,,,,2377-3766,,,,,JUL,2022,7,3,,,,,7455,7462,,10.1109/LRA.2022.3171915,http://dx.doi.org/10.1109/LRA.2022.3171915,,,,,,,,,,,,,WOS:000815662100012,View Full Record in Web of Science
J,"Han, K; Li, SQ; Li, Z; Zhou, YM; Fu, CJ; Xiong, YJ",,,,"Han, Ke; Li, Shiqi; Li, Zhuo; Zhou, Yumei; Fu, Chunjiang; Xiong, Youjun",,,Robust real-time upper limb motion transfer from human to humanoid for manipulation skill teaching,PROCEEDINGS OF THE INSTITUTION OF MECHANICAL ENGINEERS PART C-JOURNAL OF MECHANICAL ENGINEERING SCIENCE,,,,,,,,,,,,,,,,,"Han, Ke/HDN-4666-2022","Han, Ke/0000-0003-2539-5232",,,,,,,,,,,,,0954-4062,2041-2983,,,,MAR,2024,238,5,,,,,1522,1541,,10.1177/09544062231182893,http://dx.doi.org/10.1177/09544062231182893,,JUL 2023,,,,,,,,,,,WOS:001024757200001,View Full Record in Web of Science
J,"Li, BQ; Liu, X; Liu, ZX; Huang, PF",,,,"Li, Bingqian; Liu, Xing; Liu, Zhengxiong; Huang, Panfeng",,,Episode-Fuzzy-COACH Method for Fast Robot Skill Learning,IEEE TRANSACTIONS ON INDUSTRIAL ELECTRONICS,,,,,,,,,,,,,,,,,"刘, 星/JPY-1840-2023; Liu, Zhengxiong/B-4709-2019","Liu, Zhengxiong/0000-0002-9427-4066; Li, Bingqian/0000-0001-7103-9103",,,,,,,,,,,,,0278-0046,1557-9948,,,,JUN,2024,71,6,,,,,5931,5940,,10.1109/TIE.2023.3294600,http://dx.doi.org/10.1109/TIE.2023.3294600,,,,,,,,,,,,,WOS:001167814000070,View Full Record in Web of Science
C,"Özen, BK; Demirbilek, BH",,,IEEE,"Ozen, Batu Kaan; Demirbilek, Burak Han",,,Analysis of Robot Skill Learning Methods and Secondary Approaches to Enhance Learning,"2022 7TH INTERNATIONAL CONFERENCE ON MECHANICAL ENGINEERING AND ROBOTICS RESEARCH, ICMERR",,,,,7th International Conference on Mechanical Engineering and Robotics Research (ICMERR),"DEC 09-11, 2022","Krakow, POLAND",IEEE,,,,,,,,,,,,,,,,,,,,,,,,,978-1-6654-9051-1,,,,2022,,,,,,,73,81,,10.1109/ICMERR56497.2022.10097826,http://dx.doi.org/10.1109/ICMERR56497.2022.10097826,,,,,,,,,,,,,WOS:000986705500014,View Full Record in Web of Science
C,"Gui, BX; Qian, K; Chen, SH; Jing, XS; Ma, XD",,,IEEE,"Gui, Boxing; Qian, Kun; Chen, Shenghao; Jing, Xingshuo; Ma, Xudong",,,Knowledge Induced Deep Q-Network for Robot Push and Grasp Manipulation Skills Learning,2020 CHINESE AUTOMATION CONGRESS (CAC 2020),Chinese Automation Congress,,,,Chinese Automation Congress (CAC),"NOV 06-08, 2020","Shanghai, PEOPLES R CHINA","IEEE,CAA,IEEE Syst, Man, & Cybernet Soc",,,,,,,,,"Jing, Xingshuo/HHN-6982-2022","Jing, Xingshuo/0000-0002-1328-4706",,,,,,,,,,,,,2688-092X,2688-0938,978-1-7281-7687-1,,,,2020,,,,,,,4078,4083,,10.1109/CAC51589.2020.9326745,http://dx.doi.org/10.1109/CAC51589.2020.9326745,,,,,,,,,,,,,WOS:000678697004033,View Full Record in Web of Science
C,"Zang, XZ; Zhao, J; Cai, HG",,"Xiong, C; Liu, H; Huang, Y; Xiong, Y",,"Zang, Xizhe; Zhao, Jie; Cai, Hegao",,,A Skill-Based Autonomous Control Method for Robotic Teleoperation,"INTELLIGENT ROBOTICS AND APPLICATIONS, PT I, PROCEEDINGS",Lecture Notes in Artificial Intelligence,,,,1st International Conference Intelligent Robotics and Applications,"OCT 15-17, 2008","Wuhan, PEOPLES R CHINA","Huazhong Univ, Sci & Technol,Natl Nat Sci Fdn China,HUST, Sch Mech Sci & Engn,State Key Lab, Digital Mfg Equipment & Technol,State Key Lab Robot,State Key Lab, Mech Syst & Vibrat",,,,,,,,,,,,,,,,,,,,,,,0302-9743,1611-3349,978-3-540-88516-0,,,,2008,5314,,I,,,,679,688,,,,,,,,,,,,,,,,WOS:000261049200073,View Full Record in Web of Science
C,"Katara, P; Xian, Z; Fragkiadaki, K",,,IEEE,"Katara, Pushkal; Xian, Zhou; Fragkiadaki, Katerina",,,Gen2Sim: Scaling up Robot Learning in Simulation with Generative Models,"2024 IEEE INTERNATIONAL CONFERENCE ON ROBOTICS AND AUTOMATION, ICRA 2024",IEEE International Conference on Robotics and Automation ICRA,,,,IEEE International Conference on Robotics and Automation (ICRA),"MAY 13-17, 2024","Yokohama, JAPAN","IEEE,IEEE Robot & Automat Soc",,,,,,,,,,,,,,,,,,,,,,,1050-4729,2577-087X,979-8-3503-8458-1; 979-8-3503-8457-4,,,,2024,,,,,,,6672,6679,,10.1109/ICRA57147.2024.10610566,http://dx.doi.org/10.1109/ICRA57147.2024.10610566,,,,,,,,,,,,,WOS:001294576205005,View Full Record in Web of Science
C,"Bhatt, A; Sieler, A; Puhlmann, S; Brock, O",,"Shell, DA; Toussaint, M; Hsieh, MA",,"Bhatt, Aditya; Sieler, Adrian; Puhlmann, Steffen; Brock, Oliver",,,Surprisingly Robust In-Hand Manipulation: An Empirical Study,ROBOTICS: SCIENCE AND SYSTEM XVII,Robotics - Science and Systems,,,,Conference on Robotics - Science and Systems,"JUL 12-16, 2021",ELECTR NETWORK,,,,,,,,,,,,,,,,,,,,,,,,2330-7668,2330-765X,978-0-9923747-7-8,,,,2021,,,,,,,,,,,,,,,,,,,,,,,,WOS:000684604200089,View Full Record in Web of Science
C,"Petrík, V; Tapaswi, M; Laptev, I; Sivic, J",,"Kober, J; Ramos, F; Tomlin, C",,"Petrik, Vladimir; Tapaswi, Makarand; Laptev, Ivan; Sivic, Josef",,,Learning Object Manipulation Skills via Approximate State Estimation from Real Videos,"CONFERENCE ON ROBOT LEARNING, VOL 155",Proceedings of Machine Learning Research,,,,4th Conference on Robot Learning (CoRL),"NOV 16-18, 2020",ELECTR NETWORK,,,,,,,,,,"Petrík, Vladimír/AAE-2083-2019; Tapaswi, Makarand/JYO-4644-2024",,,,,,,,,,,,,,2640-3498,,,,,,2020,155,,,,,,296,312,,,,,,,,,,,,,,,,WOS:001237128900023,View Full Record in Web of Science
J,"Cortesao, R; Koeppe, R",,,,"Cortesao, R; Koeppe, R",,,Sensor fusion for human-robot skill transfer systems,ADVANCED ROBOTICS,,,,,,,,,,,,,,,,,"Cortesao, Rui/Y-5620-2019","Cortesao, Rui/0000-0003-1338-3138",,,,,,,,,,,,,0169-1864,1568-5535,,,,,2000,14,6,,,,,537,549,,10.1163/156855300741997,http://dx.doi.org/10.1163/156855300741997,,,,,,,,,,,,,WOS:000168705000006,View Full Record in Web of Science
C,"Abu-Dakka, FJ; Rozo, L; Caldwell, DG",,"Asfour, T",,"Abu-Dakka, Fares J.; Rozo, Leonel; Caldwell, Darwin G.",,,Force-based Learning of Variable Impedance Skills for Robotic Manipulation,2018 IEEE-RAS 18TH INTERNATIONAL CONFERENCE ON HUMANOID ROBOTS (HUMANOIDS),IEEE-RAS International Conference on Humanoid Robots,,,,18th IEEE-RAS International Conference on Humanoid Robots (Humanoids),"NOV 06-09, 2018","Beijing Inst Technol, Beijing, PEOPLES R CHINA",IEEE RAS,Beijing Inst Technol,,,,,,,,"Rozo, Leonel/HTP-2045-2023; Caldwell, Darwin/E-9954-2018; AbuDakka, Fares/M-2085-2019; Abu-Dakka, Fares J./M-4099-2014","Abu-Dakka, Fares J./0000-0001-9062-9416",,,,,,,,,,,,,2164-0572,,978-1-5386-7283-9,,,,2018,,,,,,,278,285,,,,,,,,,,,,,,,,WOS:000458689700040,View Full Record in Web of Science
J,"Tsai, YY; Xiao, B; Johns, E; Yang, GZ",,,,"Tsai, Ya-Yen; Xiao, Bo; Johns, Edward; Yang, Guang-Zhong",,,Constrained-Space Optimization and Reinforcement Learning for Complex Tasks,IEEE ROBOTICS AND AUTOMATION LETTERS,,,,,,,,,,,,,,,,,"Yang, Guangzhong/ABB-7316-2021","Johns, Edward/0000-0002-8914-8786",,,,,,,,,,,,,2377-3766,,,,,APR,2020,5,2,,,,,683,690,,10.1109/LRA.2020.2965392,http://dx.doi.org/10.1109/LRA.2020.2965392,,,,,,,,,,,,,WOS:000526519900006,View Full Record in Web of Science
J,"Abu-Dakka, FJ; Nemec, B; Jorgensen, JA; Savarimuthu, TR; Krüger, N; Ude, A",,,,"Abu-Dakka, Fares J.; Nemec, Bojan; Jorgensen, Jimmy A.; Savarimuthu, Thiusius R.; Kruger, Norbert; Ude, Ales",,,Adaptation of manipulation skills in physical contact with the environment to reference force profiles,AUTONOMOUS ROBOTS,,,,,,,,,,,,,,,,,"Savarimuthu, Thiusius/J-7766-2015; AbuDakka, Fares/M-2085-2019; Ude, Aleš/ABB-7839-2020; Kruger, Norbert/P-6315-2015","ABU-DAKKA, FARES JAWAD MOH D/0000-0003-0719-703X",,,,,,,,,,,,,0929-5593,1573-7527,,,,AUG,2015,39,2,,,,,199,217,,10.1007/s10514-015-9435-2,http://dx.doi.org/10.1007/s10514-015-9435-2,,,,,,,,,,,,,WOS:000357652400006,View Full Record in Web of Science
C,"Shukla, R; Manyar, OM; Ranparia, D; Gupta, SK",,,IEEE,"Shukla, Rishabh; Manyar, Omey M.; Ranparia, Devsmit; Gupta, Satyandra K.",,,A Framework for Improving Information Content of Human Demonstrations for Enabling Robots to Acquire Complex Tool Manipulation Skills,"2023 32ND IEEE INTERNATIONAL CONFERENCE ON ROBOT AND HUMAN INTERACTIVE COMMUNICATION, RO-MAN",IEEE RO-MAN,,,,32nd IEEE International Conference on Robot and Human Interactive Communication (RO-MAN),"AUG 28-31, 2023","Busan, SOUTH KOREA",IEEE,,,,,,,,,,,,,,,,,,,,,,,1944-9445,,979-8-3503-3670-2,,,,2023,,,,,,,2273,2280,,10.1109/RO-MAN57019.2023.10309492,http://dx.doi.org/10.1109/RO-MAN57019.2023.10309492,,,,,,,,,,,,,WOS:001108678600298,View Full Record in Web of Science
C,"Hu, ZY; Rovinsky, A; Luo, JL; Kumar, V; Gupta, A; Levine, S",,"Tan, J; Toussaint, M; Darvish, K",,"Hu, Zheyuan; Rovinsky, Aaron; Luo, Jianlan; Kumar, Vikash; Gupta, Abhishek; Levine, Sergey",,,REBOOT: Reuse Data for Bootstrapping Efficient Real-World Dexterous Manipulation,"CONFERENCE ON ROBOT LEARNING, VOL 229",Proceedings of Machine Learning Research,,,,7th Conference on Robot Learning (CoRL),"NOV 06-09, 2023","Atlanta, GA",,,,,,,,,,,,,,,,,,,,,,,,2640-3498,,,,,,2023,229,,,,,,,,,,,,,,,,,,,,,,,WOS:001221201502001,View Full Record in Web of Science
C,"Levine, S; Wagener, N; Abbeel, P",,,IEEE,"Levine, Sergey; Wagener, Nolan; Abbeel, Pieter",,,Learning Contact-Rich Manipulation Skills with Guided Policy Search,2015 IEEE INTERNATIONAL CONFERENCE ON ROBOTICS AND AUTOMATION (ICRA),IEEE International Conference on Robotics and Automation ICRA,,,,IEEE International Conference on Robotics and Automation (ICRA),"MAY 26-30, 2015","Seattle, WA",IEEE,,,,,,,,,,"Levine, Sergey/0000-0001-6764-2743",,,,,,,,,,,,,1050-4729,2577-087X,978-1-4799-6923-4,,,,2015,,,,,,,156,163,,,,,,,,,,,,,,,,WOS:000370974900021,View Full Record in Web of Science
J,"Lu, ZY; Wang, N; Yang, CG",,,,"Lu, Zhenyu; Wang, Ning; Yang, Chenguang",,,A Constrained DMPs Framework for Robot Skills Learning and Generalization From Human Demonstrations,IEEE-ASME TRANSACTIONS ON MECHATRONICS,,,,,,,,,,,,,,,,,"Wang, Han/A-5016-2011; lu, zhenyu/AAH-5454-2019; Yang, Chenguang/ABE-7755-2020","Yang, Chenguang/0000-0001-5255-5559; Wang, Ning/0000-0002-3264-1852; zhenyu, lu/0000-0002-5446-7285",,,,,,,,,,,,,1083-4435,1941-014X,,,,DEC,2021,26,6,,,,,3265,3275,,10.1109/TMECH.2021.3057022,http://dx.doi.org/10.1109/TMECH.2021.3057022,,,,,,,,,,,,,WOS:000730420400044,View Full Record in Web of Science
J,"Liu, MJ; Xiong, CH; Hu, D",,,,"Liu, Ming-Jin; Xiong, Cai-Hua; Hu, Di",,,"Assessing the manipulative potentials of monkeys, apes and humans from hand proportions: implications for hand evolution",PROCEEDINGS OF THE ROYAL SOCIETY B-BIOLOGICAL SCIENCES,,,,,,,,,,,,,,,,,"Hu, Di/HJG-9597-2022; Xiong, Caihua/AAE-1189-2019","Liu, Ming-Jin/0000-0002-9722-3870; Hu, Di/0000-0002-0582-3108",,,,,,,,,,,,,0962-8452,1471-2954,,,,NOV 30,2016,283,1843,,,,,,,20161923,10.1098/rspb.2016.1923,http://dx.doi.org/10.1098/rspb.2016.1923,,,,,,,,27903877,,,,,WOS:000390349900020,View Full Record in Web of Science
J,"Du, WJ; Omisore, OM; Duan, WK; Zhou, T; Lv, XD; Li, YF; Han, SP; Al-Handarish, Y; Liu, QH; Wang, L",,,,"Du, Wenjing; Omisore, Olatunji Mumini; Duan, Wenke; Zhou, Tao; Lv, Xiaodan; Li, Yifa; Han, Shipeng; Al-Handarish, Yousef; Liu, Qiuhua; Wang, Lei",,,Exploration of Interventionists' Technical Manipulation Skills for Robot-Assisted Intravascular PCI Catheterization,IEEE ACCESS,,,,,,,,,,,,,,,,,"Wang, Lei/F-2792-2012; Omisore, Olatunji/AAT-8753-2021; liu, qiuhua/A-5215-2019","Omisore, Olatunji/0000-0002-9740-5471; Duan, Wenke/0000-0001-7509-7538; al-handarish, yousef/0000-0002-2215-5922",,,,,,,,,,,,,2169-3536,,,,,,2020,8,,,,,,53750,53765,,10.1109/ACCESS.2020.2980579,http://dx.doi.org/10.1109/ACCESS.2020.2980579,,,,,,,,,,,,,WOS:000524749200009,View Full Record in Web of Science
C,"van Hoof, H; Hermans, T; Neumann, G; Peters, J",,,IEEE,"van Hoof, Herke; Hermans, Tucker; Neumann, Gerhard; Peters, Jan",,,Learning Robot In-Hand Manipulation with Tactile Features,2015 IEEE-RAS 15TH INTERNATIONAL CONFERENCE ON HUMANOID ROBOTS (HUMANOIDS),IEEE-RAS International Conference on Humanoid Robots,,,,15th IEEE-RAS International Conference on Humanoid Robots (Humanoids),"NOV 03-05, 2015","Seoul, SOUTH KOREA","IEEE Robot & Automat Soc,IEEE",,,,,,,,,"Peters, Jan/D-5068-2009; van Hoof, Herke/N-7775-2017","Neumann, Gerhard/0000-0002-5483-4225; van Hoof, Herke/0000-0002-1583-3692",,,,,,,,,,,,,2164-0572,,978-1-4799-6885-5,,,,2015,,,,,,,121,127,,,,,,,,,,,,,,,,WOS:000377954900019,View Full Record in Web of Science
C,"Mizuchi, Y; Inamura, T",,"Cabibihan, JJ; Mastrogiovanni, F; Pandey, AK; Rossi, S; Staffa, M",,"Mizuchi, Yoshiaki; Inamura, Tetsunari",,,Evaluation of Human Behavior Difference with Restricted Field of View in Real and VR Environments,2018 27TH IEEE INTERNATIONAL SYMPOSIUM ON ROBOT AND HUMAN INTERACTIVE COMMUNICATION (IEEE RO-MAN 2018),IEEE RO-MAN,,,,27th IEEE International Symposium on Robot and Human Interactive Communication (IEEE RO-MAN),"AUG 27-31, 2018","Nanjing, PEOPLES R CHINA","IEEE,IEEE Robot & Automat Soc,Robot Soc Japan,Korea Robot Soc,Nanjing Forestry Univ",,,,,,,,,"Inamura, Tetsunari/ADW-8458-2022",,,,,,,,,,,,,,1944-9445,,978-1-5386-7980-7,,,,2018,,,,,,,196,201,,,,,,,,,,,,,,,,WOS:000494315600029,View Full Record in Web of Science
C,"Nagabandi, A; Konolige, K; Levine, S; Kumar, V",,"Kaelbling, LP; Kragic, D; Sugiura, K",,"Nagabandi, Anusha; Konolige, Kurt; Levine, Sergey; Kumar, Vikash",,,Deep Dynamics Models for Learning Dexterous Manipulation,"CONFERENCE ON ROBOT LEARNING, VOL 100",Proceedings of Machine Learning Research,,,,3rd Conference on Robot Learning (CoRL),"OCT 30-NOV 01, 2019","Osaka, JAPAN",,,,,,,,,,,,,,,,,,,,,,,,2640-3498,,,,,,2019,100,,,,,,,,,,,,,,,,,,,,,,,WOS:001228521000084,View Full Record in Web of Science
C,"Zhang, JW; Knoll, A",,"Schenker, PS; McKee, GT",,"Zhang, JW; Knoll, A",,,Learning manipulation skills by combining PCA technique and adaptive interpolation,SENSOR FUSION AND DECENTRALIZED CONTROL IN ROBOTIC SYSTEMS,PROCEEDINGS OF THE SOCIETY OF PHOTO-OPTICAL INSTRUMENTATION ENGINEERS (SPIE),,,,Conference on Sensor Fusion amd Decentralized Control in Robotic Systems,"NOV 02-03, 1998","BOSTON, MA",SPIE Int Soc Opt Engn,,,,,,,,,"Knoll, Alois/AAN-8417-2021","Knoll, Alois/0000-0003-4840-076X",,,,,,,,,,,,,0277-786X,,0-8194-2984-8,,,,1998,3523,,,,,,211,222,,10.1117/12.327003,http://dx.doi.org/10.1117/12.327003,,,,,,,,,,,,,WOS:000077158300022,View Full Record in Web of Science
J,"Alhousani, N; Saveriano, M; Sevinc, I; Abdulkuddus, T; Kose, H; Abu-Dakka, FJ",,,,"Alhousani, Naseem; Saveriano, Matteo; Sevinc, Ibrahim; Abdulkuddus, Talha; Kose, Hatice; Abu-Dakka, Fares J.",,,Geometric Reinforcement Learning for Robotic Manipulation,IEEE ACCESS,,,,,,,,,,,,,,,,,"ALHOUSANI, NASEEM/JIY-6425-2023; AbuDakka, Fares/M-2085-2019; Kose, Hatice/C-6322-2013; Abu-Dakka, Fares J./M-4099-2014","Abdulkuddus, Talha/0009-0009-4956-2104; Kose, Hatice/0000-0003-4796-4766; Saveriano, Matteo/0000-0002-9784-3973; Abu-Dakka, Fares J./0000-0001-9062-9416",,,,,,,,,,,,,2169-3536,,,,,,2023,11,,,,,,111492,111505,,10.1109/ACCESS.2023.3322654,http://dx.doi.org/10.1109/ACCESS.2023.3322654,,,,,,,,,,,,,WOS:001090332800001,View Full Record in Web of Science
C,"Schwenkel, L; Guo, M; Bürger, M",,"Kaelbling, LP; Kragic, D; Sugiura, K",,"Schwenkel, Lukas; Guo, Meng; Buerger, Mathias",,,Optimizing Sequences of Probabilistic Manipulation Skills Learned from Demonstration,"CONFERENCE ON ROBOT LEARNING, VOL 100",Proceedings of Machine Learning Research,,,,3rd Conference on Robot Learning (CoRL),"OCT 30-NOV 01, 2019","Osaka, JAPAN",,,,,,,,,,,,,,,,,,,,,,,,2640-3498,,,,,,2019,100,,,,,,,,,,,,,,,,,,,,,,,WOS:001228521000022,View Full Record in Web of Science
C,"Liang, XY; Jin, CC; Zhang, WA",,,IEEE,"Liang, Xin-Yu; Jin, Cong-Cong; Zhang, Wen-An",,,A Robot Skill Learning Method with Obstacle Avoidance Ability Based on Dynamic System Approach,2022 INTERNATIONAL CONFERENCE ON ADVANCED ROBOTICS AND MECHATRONICS (ICARM 2022),,,,,7th IEEE International Conference on Advanced Robotics and Mechatronics,"JUL 09-11, 2022","Guilin, PEOPLES R CHINA","Guangxi Univ,Foshan Univ,So Univ Sci & Technol,IEEE Robot & Automat Soc,IEEE Syst Man & Cybernet Soc,IEEE RAS Tech Comm Neuro Robot Syst,IEEE SMC Tech Comm Bio Mechatron & Bio Robot Syst,Chinese Assoc Automat, Tech Comm Robot Intelligence,Beijing Inst Technol Press,MDPI, Machines,Springer,MDPI, Actuators,Gaitech Robot,Beijing Nokov Sci & Technol Co Ltd",,,,,,,,,,,,,,,,,,,,,,,,,978-1-6654-8306-3,,,,2022,,,,,,,702,706,,10.1109/ICARM54641.2022.9959491,http://dx.doi.org/10.1109/ICARM54641.2022.9959491,,,,,,,,,,,,,WOS:000926398000114,View Full Record in Web of Science
C,"Wang, C; Vungarala, D; Navarro, K; Adwani, N; Han, T",,,IEEE,"Wang, Cong; Vungarala, Deepak; Navarro, Kevin; Adwani, Neel; Han, Tao",,,The Pinch Sensor: An Input Device for In-Hand Manipulation with the Index Finger and Thumb,"2023 IEEE/ASME INTERNATIONAL CONFERENCE ON ADVANCED INTELLIGENT MECHATRONICS, AIM",IEEE ASME International Conference on Advanced Intelligent Mechatronics,,,,IEEE/ASME International Conference on Advanced Intelligent Mechatronics (AIM),"JUN 28-30, 2023","Seattle, WA","IEEE,ASME",,,,,,,,,"Adwani, Neel/LIF-6612-2024",,,,,,,,,,,,,,2159-6255,,978-1-6654-7633-1,,,,2023,,,,,,,822,827,,10.1109/AIM46323.2023.10196268,http://dx.doi.org/10.1109/AIM46323.2023.10196268,,,,,,,,,,,,,WOS:001051263900114,View Full Record in Web of Science
J,"LIU, S; ASADA, H",,,,"LIU, S; ASADA, H",,,TRANSFERRING MANIPULATIVE SKILLS TO ROBOTS - REPRESENTATION AND ACQUISITION OF TOOL MANIPULATIVE SKILLS USING A PROCESS DYNAMICS MODEL,JOURNAL OF DYNAMIC SYSTEMS MEASUREMENT AND CONTROL-TRANSACTIONS OF THE ASME,,,,,,,,,,,,,,,,,,,,,,,,,,,,,,,0022-0434,,,,,JUN,1992,114,2,,,,,220,228,,10.1115/1.2896518,http://dx.doi.org/10.1115/1.2896518,,,,,,,,,,,,,WOS:A1992JB60300006,View Full Record in Web of Science
C,"Le, AT; Guo, M; van Duijkeren, N; Rozo, L; Krug, R; Kupcsik, AG; Bürger, M",,,IEEE,"Le, An T.; Guo, Meng; van Duijkeren, Niels; Rozo, Leonel; Krug, Robert; Kupcsik, Andras G.; Buerger, Mathias",,,Learning Forceful Manipulation Skills from Multi-modal Human Demonstrations,2021 IEEE/RSJ INTERNATIONAL CONFERENCE ON INTELLIGENT ROBOTS AND SYSTEMS (IROS),IEEE International Conference on Intelligent Robots and Systems,,,,IEEE/RSJ International Conference on Intelligent Robots and Systems (IROS),"SEP 27-OCT 01, 2021",ELECTR NETWORK,"IEEE,RSJ",,,,,,,,,"Le, An/KVA-4432-2024; Rozo, Leonel/HTP-2045-2023",,,,,,,,,,,,,,2153-0858,,978-1-6654-1714-3,,,,2021,,,,,,,7770,7777,,10.1109/IROS51168.2021.9636828,http://dx.doi.org/10.1109/IROS51168.2021.9636828,,,,,,,,,,,,,WOS:000755125506025,View Full Record in Web of Science
J,"Rizwan, M; Reichenbach, C; Caldas, R; Mayr, M; Krueger, V",,,,"Rizwan, Momina; Reichenbach, Christoph; Caldas, Ricardo; Mayr, Matthias; Krueger, Volker",,,EzSkiROS: enhancing robot skill composition with embedded DSL for early error detection,FRONTIERS IN ROBOTICS AND AI,,,,,,,,,,,,,,,,,,,,,,,,,,,,,,,2296-9144,,,,,JAN 3,2025,11,,,,,,,,1363443,10.3389/frobt.2024.1363443,http://dx.doi.org/10.3389/frobt.2024.1363443,,,,,,,,39831284,,,,,WOS:001397003500001,View Full Record in Web of Science
C,"Dong, S; Naghdy, F",,,IEEE,"Dong, Shen; Naghdy, Fazel",,,Application of competitive clustering to acquisition of human manipulation skills acquisition,"2006 IEEE INTERNATIONAL CONFERENCE ON FUZZY SYSTEMS, VOLS 1-5",IEEE International Conference on Fuzzy Systems,,,,IEEE International Conference on Fuzzy Systems,"JUL 16-21, 2006","Vancouver, CANADA",IEEE,,,,,,,,,,,,,,,,,,,,,,,1098-7584,,978-0-7803-9488-9,,,,2006,,,,,,,78,+,,,,,,,,,,,,,,,,WOS:000244063600013,View Full Record in Web of Science
C,"Stenmark, M",,"Jaeger, M; Nielsen, TD; Viappiani, P",,"Stenmark, Maj",,,Industrial Robot Skills,TWELFTH SCANDINAVIAN CONFERENCE ON ARTIFICIAL INTELLIGENCE (SCAI 2013),Frontiers in Artificial Intelligence and Applications,,,,12th Scandinavian Conference on Artificial Intelligence (SCAI),"NOV 20-22, 2013","Aalborg, DENMARK","Otto Monsteds Fond,Dezide ApS,Hugin Expert A S,Verdande Technol AS",,,,,,,,,,,,,,,,,,,,,,,0922-6389,,978-1-61499-330-8; 978-1-61499-329-2,,,,2013,257,,,,,,295,298,,10.3233/978-1-61499-330-8-295,http://dx.doi.org/10.3233/978-1-61499-330-8-295,,,,,,,,,,,,,WOS:000343477100032,View Full Record in Web of Science
C,"Bharadhwaj, H; Gupta, A; Kumar, V; Tulsiani, S",,,IEEE,"Bharadhwaj, Homanga; Gupta, Abhinav; Kumar, Vikash; Tulsiani, Shubham",,,Towards Generalizable Zero-Shot Manipulation via Translating Human Interaction Plans,"2024 IEEE INTERNATIONAL CONFERENCE ON ROBOTICS AND AUTOMATION, ICRA 2024",IEEE International Conference on Robotics and Automation ICRA,,,,IEEE International Conference on Robotics and Automation (ICRA),"MAY 13-17, 2024","Yokohama, JAPAN","IEEE,IEEE Robot & Automat Soc",,,,,,,,,"Bharadhwaj, Homanga/LQK-7079-2024",,,,,,,,,,,,,,1050-4729,2577-087X,979-8-3503-8458-1; 979-8-3503-8457-4,,,,2024,,,,,,,6904,6911,,10.1109/ICRA57147.2024.10610288,http://dx.doi.org/10.1109/ICRA57147.2024.10610288,,,,,,,,,,,,,WOS:001294576205022,View Full Record in Web of Science
J,"Yamamoto, T; Mori, S; Sakaguchi, A",,,,"Yamamoto, Toru; Mori, Shinnosuke; Sakaguchi, Akihiro",,,DATA-DRIVEN SKILL-BASED PID CONTROL OF A PILOT-SCALE HELICOPTER MODEL,INTERNATIONAL JOURNAL OF INNOVATIVE COMPUTING INFORMATION AND CONTROL,,,,,"2nd International Conference on Innovative Computing, Information and Control (ICICIC 2007)","SEP 05-07, 2007","Kumamoto, JAPAN",,,,,,,,,,"Yamamoto, Toru/D-8818-2011","Yamamoto, Toru/0000-0001-6500-8394",,,,,,,,,,,,,1349-4198,1349-418X,,,,DEC,2008,4,12,,,,,3349,3358,,,,,,,,,,,,,,,,WOS:000261409800024,View Full Record in Web of Science
C,"García, DH; Monje, CA; Balaguer, C",,,IEEE,"Hernandez Garcia, Daniel; Monje, Concepcion A.; Balaguer, Carlos",,,Generation and Adaptation of Robot Skills Models,2014 14TH IEEE-RAS INTERNATIONAL CONFERENCE ON HUMANOID ROBOTS (HUMANOIDS),IEEE-RAS International Conference on Humanoid Robots,,,,14th IEEE-RAS International Conference on Humanoid Robots (Humanoids),"NOV 18-20, 2014","Madrid, SPAIN",IEEE RAS,,,,,,,,,,"BALAGUER, CARLOS/0000-0003-4864-4625",,,,,,,,,,,,,2164-0572,,978-1-4799-7174-9,,,,2014,,,,,,,173,178,,,,,,,,,,,,,,,,WOS:000392843800029,View Full Record in Web of Science
C,"Hart, S; Sen, S; Grupen, R",,,IEEE,"Hart, Stephen; Sen, Shiraj; Grupen, Rod",,,Intrinsically motivated hierarchical manipulation,"2008 IEEE INTERNATIONAL CONFERENCE ON ROBOTICS AND AUTOMATION, VOLS 1-9",IEEE INTERNATIONAL CONFERENCE ON ROBOTICS AND AUTOMATION,,,,IEEE International Conference on Robotics and Automation,"MAY 19-23, 2008","Pasadena, CA",IEEE,,,,,,,,,,,,,,,,,,,,,,,1050-4729,,978-1-4244-1646-2,,,,2008,,,,,,,3814,3819,,10.1109/ROBOT.2008.4543796,http://dx.doi.org/10.1109/ROBOT.2008.4543796,,,,,,,,,,,,,WOS:000258095002174,View Full Record in Web of Science
J,"Aversi-Ferreira, RAGMF; Maior, RS; Aziz, A; Ziermann, JM; Nishijo, H; Tomaz, C; Tavares, MCH; Aversi-Ferreira, TA",,,,"Aversi-Ferreira, Roqueline A. G. M. F.; Maior, Rafael Souto; Aziz, Ashraf; Ziermann, Janine M.; Nishijo, Hisao; Tomaz, Carlos; Tavares, Maria Clotilde H.; Aversi-Ferreira, Tales Alexandre",,,Anatomical Analysis of Thumb Opponency Movement in the Capuchin Monkey (Sapajus sp),PLOS ONE,,,,,,,,,,,,,,,,,"Ziermann-Canabarro, Janine/C-7155-2014; Tomaz, Carlos/F-8626-2012; Maior, Rafael/F-3994-2012","Maior, Rafael/0000-0001-7219-8675; Ziermann-Canabarro, Janine/0000-0002-1264-9240",,,,,,,,,,,,,1932-6203,,,,,FEB 3,2014,9,2,,,,,,,e87288,10.1371/journal.pone.0087288,http://dx.doi.org/10.1371/journal.pone.0087288,,,,,,,,24498307,,,,,WOS:000330626900053,View Full Record in Web of Science
J,"García, DH; Monje, CA; Balaguer, C",,,,"Garcia, Daniel H.; Monje, Concepcion A.; Balaguer, Carlos",,,Adaptation of Robot Skills Models to New Task Contraints,INTERNATIONAL JOURNAL OF HUMANOID ROBOTICS,,,,,14th IEEE-RAS International Conference on Humanoid Robots - Humans and Humanoids Face to Face,"NOV 18-20, 2014","Madrid, SPAIN",Univ Carlos III Madrid,,,,,,,,,,"BALAGUER, CARLOS/0000-0003-4864-4625",,,,,,,,,,,,,0219-8436,1793-6942,,,,SEP,2015,12,3,,,SI,,,,1550024,10.1142/S0219843615500243,http://dx.doi.org/10.1142/S0219843615500243,,,,,,,,,,,,,WOS:000361569800002,View Full Record in Web of Science
J,"Liu, HH",,,,"Liu, Honghai",,,Exploring Human Hand Capabilities Into Embedded Multifingered Object Manipulation,IEEE TRANSACTIONS ON INDUSTRIAL INFORMATICS,,,,,,,,,,,,,,,,,,,,,,,,,,,,,,,1551-3203,1941-0050,,,,AUG,2011,7,3,,,,,389,398,,10.1109/TII.2011.2158838,http://dx.doi.org/10.1109/TII.2011.2158838,,,,,,,,,,,,,WOS:000293753600002,View Full Record in Web of Science
C,"Brandl, S; Kroemer, O; Peters, J",,,IEEE,"Brandl, Sascha; Kroemer, Oliver; Peters, Jan",,,Generalizing Pouring Actions Between Objects using Warped Parameters,2014 14TH IEEE-RAS INTERNATIONAL CONFERENCE ON HUMANOID ROBOTS (HUMANOIDS),IEEE-RAS International Conference on Humanoid Robots,,,,14th IEEE-RAS International Conference on Humanoid Robots (Humanoids),"NOV 18-20, 2014","Madrid, SPAIN",IEEE RAS,,,,,,,,,"Peters, Jan/D-5068-2009",,,,,,,,,,,,,,2164-0572,,978-1-4799-7174-9,,,,2014,,,,,,,616,621,,,,,,,,,,,,,,,,WOS:000392843800099,View Full Record in Web of Science
C,"Palm, R; Kadmiry, B; Iliev, B; Driankov, D",,"Carvalho, JP; Kaymak, DU; Sousa, JMC",,"Palm, Rainer; Kadmiry, Bourhane; Iliev, Boyko; Driankov, Dimiter",,,Recognition and Teaching of Robot Skills by Fuzzy Time-Modeling,PROCEEDINGS OF THE JOINT 2009 INTERNATIONAL FUZZY SYSTEMS ASSOCIATION WORLD CONGRESS AND 2009 EUROPEAN SOCIETY OF FUZZY LOGIC AND TECHNOLOGY CONFERENCE,,,,,Joint International-Fuzzy-Systems-Association World Congress/European-Society-Fuzzy-Logic-and-Technology Conference,"JUL 20-24, 2009","Lisbon, PORTUGAL","Int Fuzzy Syst Assoc,European Soc Fuzzy Log & Technol",,,,,,,,,"Driankov, Dimiter/K-1268-2013","Kadmiry, Bourhane/0000-0002-8121-6238",,,,,,,,,,,,,,,978-989-95079-6-8,,,,2009,,,,,,,7,12,,,,,,,,,,,,,,,,WOS:000279170600002,View Full Record in Web of Science
C,"Amagai, A; Takase, K",,,IEEE; IEEE,"Amagai, A; Takase, K",,,Implementation of dynamic manipulation with visual feedback and its application to pick and place task,PROCEEDINGS OF THE 2001 IEEE INTERNATIONAL SYMPOSIUM ON ASSEMBLY AND TASK PLANNING (ISATP2001): ASSEMBLY AND DISASSEMBLY IN THE TWENTY-FIRST CENTURY,,,,,4th IEEE International Symposium on Assembly and Task Planning (ISATP2001),"MAY 28-29, 2001","FUKUOKA, JAPAN","IEEE Robotics & Automat Soc,IEEE Japan,Int Inst Prod Engn Res,Japan Assoc Automat Advancement,Japan Robot Assoc,Japan Soc Mech Engineers,Japan Soc Precis Engn,Mfg Sci Technol Ctr,Robotics Soc Japan,Sensing Instrument Control Engn,Soc Automobile Engineers Japan",,,,,,,,,,,,,,,,,,,,,,,,,0-7803-7004-X,,,,2001,,,,,,,344,350,,10.1109/ISATP.2001.929049,http://dx.doi.org/10.1109/ISATP.2001.929049,,,,,,,,,,,,,WOS:000169644600057,View Full Record in Web of Science
C,"Remazeilles, A; Rasines, I; Fernandez, A; McIntyre, J",,"Silva, MF; Lima, JL; Reis, LP; Sanfeliu, A; Tardioli, D",,"Remazeilles, Anthony; Rasines, Irati; Fernandez, Asier; McIntyre, Joseph",,,Human Manipulation Segmentation and Characterization Based on Instantaneous Work,"FOURTH IBERIAN ROBOTICS CONFERENCE: ADVANCES IN ROBOTICS, ROBOT 2019, VOL 1",Advances in Intelligent Systems and Computing,,,,4th Iberian Robotics Conference (Robot) - Advances in Robotics,"NOV 20-22, 2019","Porto, PORTUGAL","Portuguese Soc Robot,Spanish Soc Res & Dev Robot",,,,,,,,,"; McIntyre, Dr Joseph/K-6395-2015","Rasines, Irati/0000-0003-2143-6359; McIntyre, Dr Joseph/0000-0003-4974-4257; Fernandez, Asier/0000-0002-2150-3489",,,,,,,,,,,,,2194-5357,2194-5365,978-3-030-35990-4; 978-3-030-35989-8,,,,2020,1092,,,,,,343,354,,10.1007/978-3-030-35990-4_28,http://dx.doi.org/10.1007/978-3-030-35990-4_28,,,,,,,,,,,,,WOS:000627321900028,View Full Record in Web of Science
J,"Fazeli, N; Oller, M; Wu, J; Wu, Z; Tenenbaum, JB; Rodriguez, A",,,,"Fazeli, N.; Oller, M.; Wu, J.; Wu, Z.; Tenenbaum, J. B.; Rodriguez, A.",,,"See, feel, act: Hierarchical learning for complex manipulation skills with multisensory fusion",SCIENCE ROBOTICS,,,,,,,,,,,,,,,,,"Wu, Jimmy/IQU-8501-2023; Wu, Zhen/GZG-5518-2022","Oller Oliveras, Miquel/0000-0001-7052-1061",,,,,,,,,,,,,2470-9476,,,,,JAN 16,2019,4,26,,,,,,,eaav3123,10.1126/scirobotics.aav3123,http://dx.doi.org/10.1126/scirobotics.aav3123,,,,,,,,33137764,,,,,WOS:000458560100005,View Full Record in Web of Science
C,"Koch, PJ; van Amstel, MK; Debska, P; Thormann, MA; Tetzlaff, AJ; Bogh, S; Chrysostomou, D",,"Pellicciari, M; Peruzzini, M",,"Koch, Paul J.; van Amstel, Marike K.; Debska, Patrycja; Thormann, Moritz A.; Tetzlaff, Adrian J.; Bogh, Simon; Chrysostomou, Dimitrios",,,A Skill-based Robot Co-worker for Industrial Maintenance Tasks,"27TH INTERNATIONAL CONFERENCE ON FLEXIBLE AUTOMATION AND INTELLIGENT MANUFACTURING, FAIM2017",Procedia Manufacturing,,,,27th International Conference on Flexible Automation and Intelligent Manufacturing (FAIM),"JUN 27-30, 2017","Modena, ITALY",,,,,,,,,,"Bøgh, Simon/J-1526-2012; Chrysostomou, Dimitrios/H-7077-2013","Chrysostomou, Dimitrios/0000-0002-6114-8944; Bogh, Simon/0000-0002-5960-4365; van den Broek, Marike Koch/0000-0002-6185-3862; Koch, Paul/0000-0002-7045-5700",,,,,,,,,,,,,2351-9789,,,,,,2017,11,,,,,,83,90,,10.1016/j.promfg.2017.07.141,http://dx.doi.org/10.1016/j.promfg.2017.07.141,,,,,,,,,,,,,WOS:000419072100010,View Full Record in Web of Science
C,"Mori, S; Sakaguchi, A; Yamamoto, T",,,IEEE,"Mori, Shinnosuke; Sakaguchi, Akihiro; Yamamoto, Toru",,,Design and experimental evaluation of a data-driven skill-based PID controller,"2007 IEEE/ASME INTERNATIONAL CONFERENCE ON ADVANCED INTELLIGENT MECHATRONICS, VOLS 1-3",IEEE ASME International Conference on Advanced Intelligent Mechatronics,,,,IEEE/ASME International Conference on Advanced Intelligent Mechatronics,"SEP 04-07, 2007","Swiss Fed Inst Technol, Zurich, SWITZERLAND","IEEE Robot & Automat Soc,ASME, Dynam Syst & Control Div,IEEE Ind Elect Soc",Swiss Fed Inst Technol,,,,,,,,,,,,,,,,,,,,,,2159-6255,,978-1-4244-1263-1,,,,2007,,,,,,,44,+,,,,,,,,,,,,,,,,WOS:000255992100008,View Full Record in Web of Science
C,"Bejjani, W; Dogar, MR; Leonetti, M",,,IEEE,"Bejjani, Wissam; Dogar, Mehmet R.; Leonetti, Matteo",,,Learning Physics-Based Manipulation in Clutter: Combining Image-Based Generalization and Look-Ahead Planning,2019 IEEE/RSJ INTERNATIONAL CONFERENCE ON INTELLIGENT ROBOTS AND SYSTEMS (IROS),IEEE International Conference on Intelligent Robots and Systems,,,,IEEE/RSJ International Conference on Intelligent Robots and Systems (IROS),"NOV 04-08, 2019","Macau, PEOPLES R CHINA","IEEE,RSJ",,,,,,,,,,"Dogar, Mehmet R/0000-0002-6896-5461",,,,,,,,,,,,,2153-0858,,978-1-7281-4004-9,,,,2019,,,,,,,6562,6569,,10.1109/iros40897.2019.8967717,http://dx.doi.org/10.1109/iros40897.2019.8967717,,,,,,,,,,,,,WOS:000544658405030,View Full Record in Web of Science
J,"Herrero, H; Abou Moughlbay, A; Outón, JL; Sallé, D; de Ipiña, KL",,,,"Herrero, Hector; Abou Moughlbay, Amine; Luis Outon, Jose; Salle, Damien; Lopez de Ipina, Karmele",,,"Skill based robot programming: Assembly, vision and Workspace Monitoring skill interaction",NEUROCOMPUTING,,,,,,,,,,,,,,,,,"Outón Méndez, Jose Luis/AFF-6092-2022; Herrero, Hector/JYP-9763-2024; Moughlbay, Amine/O-7259-2019; Lopez-de-Ipina, Karmele/N-8131-2019; Lopez-de-Ipina, Karmele/K-4379-2013","Outon Mendez, Jose Luis/0000-0001-8268-4562; Herrero, Hector/0000-0002-3372-0288; Lopez-de-Ipina, Karmele/0000-0003-0742-0932; Lopez-de-Ipina, Karmele/0000-0002-2135-2393; SALLE, Damien/0000-0002-5933-2419",,,,,,,,,,,,,0925-2312,1872-8286,,,,SEP 13,2017,255,,,,SI,,61,70,,10.1016/j.neucom.2016.09.133,http://dx.doi.org/10.1016/j.neucom.2016.09.133,,,,,,,,,,,,,WOS:000404313500007,View Full Record in Web of Science
J,"Yang, CG; Zeng, C; Cong, Y; Wang, N; Wang, M",,,,"Yang, Chenguang; Zeng, Chao; Cong, Yang; Wang, Ning; Wang, Min",,,A Learning Framework of Adaptive Manipulative Skills From Human to Robot,IEEE TRANSACTIONS ON INDUSTRIAL INFORMATICS,,,,,,,,,,,,,,,,,"Wang, Han/A-5016-2011; Yang, Chenguang/AAJ-2509-2020","Yang, Chenguang/0000-0001-5255-5559; Wang, Ning/0000-0002-3264-1852",,,,,,,,,,,,,1551-3203,1941-0050,,,,FEB,2019,15,2,,,,,1153,1161,,10.1109/TII.2018.2826064,http://dx.doi.org/10.1109/TII.2018.2826064,,,,,,,,,,,,,WOS:000458199000051,View Full Record in Web of Science
J,"Carmona, D; Yu, HY",,,,"Carmona, David; Yu, Haoyong",,,BiCap: A novel bi-modal dataset of daily living dual-arm manipulation actions,INTERNATIONAL JOURNAL OF ROBOTICS RESEARCH,,,,,,,,,,,,,,,,,"Yu, Haoyong/C-2238-2011","Yu, Haoyong/0000-0002-9876-4863",,,,,,,,,,,,,0278-3649,1741-3176,,,,2024 NOV 12,2024,,,,,,,,,,10.1177/02783649241290836,http://dx.doi.org/10.1177/02783649241290836,,NOV 2024,,,,,,,,,,,WOS:001359663600001,View Full Record in Web of Science
J,"Sprenger, CZ; Ramón, JAC; Baier, NU",,,,"Sprenger, Congyu Zhang; Ramon, Juan Antonio Corrales; Baier, Norman Urs",,,ORPP-An Ontology for Skill-Based Robotic Process Planning in Agile Manufacturing,ELECTRONICS,,,,,,,,,,,,,,,,,"Corrales Ramon, Juan Antonio/I-2883-2015","Corrales Ramon, Juan Antonio/0000-0002-9373-7954",,,,,,,,,,,,,,2079-9292,,,,SEP,2024,13,18,,,,,,,3666,10.3390/electronics13183666,http://dx.doi.org/10.3390/electronics13183666,,,,,,,,,,,,,WOS:001322863800001,View Full Record in Web of Science
J,"Steinmetz, F; Nitsch, V; Stulp, F",,,,"Steinmetz, Franz; Nitsch, Verena; Stulp, Freek",,,Intuitive Task-Level Programming by Demonstration Through Semantic Skill Recognition,IEEE ROBOTICS AND AUTOMATION LETTERS,,,,,,,,,,,,,,,,,"Steinmetz, Franz/AAW-7116-2020","Stulp, Freek/0000-0001-9555-9517; Steinmetz, Franz/0000-0002-1481-9215",,,,,,,,,,,,,2377-3766,,,,,OCT,2019,4,4,,,,,3742,3749,,10.1109/LRA.2019.2928782,http://dx.doi.org/10.1109/LRA.2019.2928782,,,,,,,,,,,,,WOS:000477983400043,View Full Record in Web of Science
J,"Sun, HR; Yang, LH; Gu, YP; Pan, J; Wan, F; Song, CY",,,,"Sun, Haoran; Yang, Linhan; Gu, Yuping; Pan, Jia; Wan, Fang; Song, Chaoyang",,,Bridging Locomotion and Manipulation Using Reconfigurable Robotic Limbs via Reinforcement Learning,BIOMIMETICS,,,,,,,,,,,,,,,,,"Gu, Yuping/KCK-0799-2024; Song, Chaoyang/IZD-8475-2023; Sun, Haoran/GXG-6277-2022","Song, Chaoyang/0000-0002-0166-8112; Wan, Fang/0000-0002-8658-1197; Gu, Yuping/0000-0002-9891-7719; Sun, Haoran/0009-0004-0090-2511",,,,,,,,,,,,,,2313-7673,,,,AUG,2023,8,4,,,,,,,364,10.3390/biomimetics8040364,http://dx.doi.org/10.3390/biomimetics8040364,,,,,,,,37622969,,,,,WOS:001178331900001,View Full Record in Web of Science
C,"Guo, M; Bürger, M",,,IEEE,"Guo, Meng; Buerger, Mathias",,,Interactive Human-in-the-loop Coordination of Manipulation Skills Learned from Demonstration,"2022 IEEE INTERNATIONAL CONFERENCE ON ROBOTICS AND AUTOMATION, ICRA 2022",IEEE International Conference on Robotics and Automation ICRA,,,,IEEE International Conference on Robotics and Automation (ICRA),"MAY 23-27, 2022","Philadelphia, PA","IEEE,IEEE Robot & Automat Soc",,,,,,,,,"Guo, Meng/H-9288-2015",,,,,,,,,,,,,,1050-4729,2577-087X,978-1-7281-9681-7,,,,2022,,,,,,,7292,7298,,10.1109/ICRA46639.2022.9811813,http://dx.doi.org/10.1109/ICRA46639.2022.9811813,,,,,,,,,,,,,WOS:000941277600101,View Full Record in Web of Science
C,"Akash, MI; Bhattacharya, R; Zurzolo, L; Qiu, QY; Adamovich, S; Wang, C",,,IEEE,"Akash, Muhaiminul Islam; Bhattacharya, Rituja; Zurzolo, Lorenzo; Qiu, Qinyin; Adamovich, Sergei; Wang, Cong",,,"Integrated Object, Skill, and Motion Models for Nonprehensile Manipulation","2024 IEEE INTERNATIONAL CONFERENCE ON ADVANCED INTELLIGENT MECHATRONICS, AIM 2024",IEEE ASME International Conference on Advanced Intelligent Mechatronics,,,,IEEE/ASME International Conference on Advanced Intelligent Mechatronics (AIM),"JUL 15-19, 2024","Boston, MA","IEEE,ASME",,,,,,,,,,,,,,,,,,,,,,,2159-6255,,979-8-3503-5537-6; 979-8-3503-5536-9,,,,2024,,,,,,,184,191,,10.1109/AIM55361.2024.10637220,http://dx.doi.org/10.1109/AIM55361.2024.10637220,,,,,,,,,,,,,WOS:001304524000024,View Full Record in Web of Science
J,"Volnova, A; Kurzina, N; Aristova, I",,,,"Volnova, Anna; Kurzina, Natalia; Aristova, Irina",,,Manipulatory training during early postnatal ontogenesis effects on forelimb preference in food-reaching tasks in albino rats,LATERALITY,,,,,,,,,,,,,,,,,"Kurzina, Natalia/AAG-6252-2019; Volnova, Anna/J-5449-2013; Kurzina, Natalia/N-8235-2013","Volnova, Anna/0000-0003-0724-887X; Kurzina, Natalia/0000-0002-9205-713X",,,,,,,,,,,,,1357-650X,1464-0678,,,,DEC 1,2013,18,6,,,,,641,651,,10.1080/1357650X.2012.737801,http://dx.doi.org/10.1080/1357650X.2012.737801,,,,,,,,23163554,,,,,WOS:000326014600001,View Full Record in Web of Science
J,"Dong, S; Naghdy, F",,,,"Dong, Shen; Naghdy, Fazel",,,Application of hidden Markov model to acquisition of manipulation skills from haptic rendered virtual environment,ROBOTICS AND COMPUTER-INTEGRATED MANUFACTURING,,,,,2nd International Manufacturing Leaders Forum (IMLF-2005),"FEB 27-MAR 02, 2005","Glenelg, AUSTRALIA","IBM,CAMR",,,,,,,,,,,,,,,,,,,,,,,0736-5845,1879-2537,,,,JUN,2007,23,3,,,,,351,360,,10.1016/j.rcim.2006.02.010,http://dx.doi.org/10.1016/j.rcim.2006.02.010,,,,,,,,,,,,,WOS:000245223400010,View Full Record in Web of Science
C,"Hussain, I; Salvietti, G; Prattichizzo, D",,,ACM,"Hussain, Irfan; Salvietti, Gionata; Prattichizzo, Domenico",,,On Control Interfaces for the Robotic Sixth Finger,PROCEEDINGS OF THE 7TH AUGMENTED HUMAN INTERNATIONAL CONFERENCE (AUGMENTED HUMAN 2016),,,,,7th Augmented Human International Conference (AH),"FEB 25-27, 2016","Geneva, SWITZERLAND","Swiss Natl Sci Fdn,Google",,,,,,,,,"SALVIETTI, GIONATA/AAB-8755-2019; Hussain, Irfan/GOK-2448-2022","Hussain, Irfan/0000-0003-2759-0306; SALVIETTI, GIONATA/0000-0001-9170-4051; PRATTICHIZZO, Domenico/0000-0001-9051-9698",,,,,,,,,,,,,,,978-1-4503-3680-2,,,,2016,,,,,,,,,,10.1145/2875194.2875243,http://dx.doi.org/10.1145/2875194.2875243,,,,,,,,,,,,,WOS:000383742400049,View Full Record in Web of Science
C,"Wang, C; Fan, LX; Sun, JK; Zhang, RH; Li, FF; Xu, DF; Zhu, YK; Anandkumar, A",,"Tan, J; Toussaint, M; Darvish, K",,"Wang, Chen; Fan, Linxi; Sun, Jiankai; Zhang, Ruohan; Li Fei-Fei; Xu, Danfei; Zhu, Yuke; Anandkumar, Anima",,,MimicPlay: Long-Horizon Imitation Learning by Watching Human Play,"CONFERENCE ON ROBOT LEARNING, VOL 229",Proceedings of Machine Learning Research,,,,7th Conference on Robot Learning (CoRL),"NOV 06-09, 2023","Atlanta, GA",,,,,,,,,,"Sun, Jiankai/AAU-3304-2020; Li, Feifei/C-3476-2017",,,,,,,,,,,,,,2640-3498,,,,,,2023,229,,,,,,,,,,,,,,,,,,,,,,,WOS:001221201500009,View Full Record in Web of Science
J,"Ning, YM; Li, TJ; Yao, C; Du, WQ; Zhang, Y; Huang, YH",,,,"Ning, Yuming; Li, Tuanjie; Yao, Cong; Du, Wenqian; Zhang, Yan; Huang, Yonghua",,,MT-RSL: A multitasking-oriented robot skill learning framework based on continuous dynamic movement primitives for improving efficiency and quality in robot-based intelligent operation,ROBOTICS AND COMPUTER-INTEGRATED MANUFACTURING,,,,,,,,,,,,,,,,,"Li, Tuanjie/B-7804-2012; Ning, Yuming/KTI-6016-2024","Li, Tuanjie/0000-0002-5426-8120; Ning, Yuming/0009-0006-1486-1014",,,,,,,,,,,,,0736-5845,1879-2537,,,,DEC,2024,90,,,,,,,,102817,10.1016/j.rcim.2024.102817,http://dx.doi.org/10.1016/j.rcim.2024.102817,,JUL 2024,,,,,,,,,,,WOS:001267755300001,View Full Record in Web of Science
C,"Vinh, TV; Tomizawa, T; Kudoh, S; Suehiro, T",,,IEEE,"Trinh Van Vinh; Tomizawa, Tetsuo; Kudoh, Shunsuke; Suehiro, Takashi",,,A New Strategy for Making a Knot with a General-Purpose Arm,2012 IEEE INTERNATIONAL CONFERENCE ON ROBOTICS AND AUTOMATION (ICRA),IEEE International Conference on Robotics and Automation ICRA,,,,IEEE International Conference on Robotics and Automation (ICRA),"MAY 14-18, 2012","St Paul, MN",IEEE,,,,,,,,,,,,,,,,,,,,,,,1050-4729,2577-087X,978-1-4673-1405-3,,,,2012,,,,,,,2217,2222,,,,,,,,,,,,,,,,WOS:000309406702034,View Full Record in Web of Science
C,"Kawamura, Y; Murooka, M; Hiraoka, N; Ito, H; Okada, K; Inaba, M",,,IEEE,"Kawamura, Yoichiro; Murooka, Masaki; Hiraoka, Naoki; Ito, Hideaki; Okada, Kei; Inaba, Masayuki",,,Learning of Tool Force Adjustment Skills by a Life-sized Humanoid using Deep Reinforcement Learning and Active Teaching Request,2020 IEEE/RSJ INTERNATIONAL CONFERENCE ON INTELLIGENT ROBOTS AND SYSTEMS (IROS),IEEE International Conference on Intelligent Robots and Systems,,,,IEEE/RSJ International Conference on Intelligent Robots and Systems (IROS),"OCT 24-JAN 24, 2020-2021",ELECTR NETWORK,"IEEE,RSJ",,,,,,,,,"Ito, Hideaki/LCE-5782-2024; Murooka, Masaki/AAL-4097-2020",,,,,,,,,,,,,,2153-0858,,978-1-7281-6212-6,,,,2020,,,,,,,3795,3802,,10.1109/IROS45743.2020.9341803,http://dx.doi.org/10.1109/IROS45743.2020.9341803,,,,,,,,,,,,,WOS:000714033801137,View Full Record in Web of Science
J,"Xu, X; Qian, K; Jing, XS; Song, W",,,,"Xu, Xin; Qian, Kun; Jing, Xingshuo; Song, Wei",,,Learning Robot Manipulation Skills From Human Demonstration Videos Using Two-Stream 2-D/3-D Residual Networks With Self-Attention,IEEE TRANSACTIONS ON COGNITIVE AND DEVELOPMENTAL SYSTEMS,,,,,,,,,,,,,,,,,"; Jing, Xingshuo/HHN-6982-2022","WEI, SONG/0000-0002-0828-7486; Jing, Xingshuo/0000-0002-1328-4706",,,,,,,,,,,,,2379-8920,2379-8939,,,,SEP,2023,15,3,,,,,1000,1011,,10.1109/TCDS.2022.3182877,http://dx.doi.org/10.1109/TCDS.2022.3182877,,,,,,,,,,,,,WOS:001089186500003,View Full Record in Web of Science
J,"Li, H; Zhou, XH; Xie, XL; Liu, SQ; Gui, MJ; Xiang, TY; Wang, JL; Hou, ZG",,,,"Li, Hao; Zhou, Xiao-Hu; Xie, Xiao-Liang; Liu, Shi-Qi; Gui, Mei-Jiang; Xiang, Tian-Yu; Wang, Jin-Li; Hou, Zeng-Guang",,,Discrete soft actor-critic with auto-encoder on vascular robotic system,ROBOTICA,,,,,,,,,,,,,,,,,"刘, 仕祺/GWR-1294-2022; Xie, Xiaoliang/AAG-2625-2021; Li, Hao/KFA-8920-2024","zhou, xiao hu/0000-0002-7602-4848; Li, Hao/0000-0002-1948-8283",,,,,,,,,,,,,0263-5747,1469-8668,,,,APR,2023,41,4,,,,,1115,1126,PII S0263574722001527,10.1017/S0263574722001527,http://dx.doi.org/10.1017/S0263574722001527,,NOV 2022,,,,,,,,,,,WOS:000889895900001,View Full Record in Web of Science
C,"Pelletier, B; Lesire, C; Grand, C; Doose, D; Rognant, M",,,IEEE,"Pelletier, Baptiste; Lesire, Charles; Grand, Christophe; Doose, David; Rognant, Mathieu",,,Predictive Runtime Verification of Skill-based Robotic Systems using Petri Nets,2023 IEEE INTERNATIONAL CONFERENCE ON ROBOTICS AND AUTOMATION (ICRA 2023),IEEE International Conference on Robotics and Automation ICRA,,,,IEEE International Conference on Robotics and Automation (ICRA),"MAY 29-JUN 02, 2023","London, ENGLAND","IEEE,IEEE Robot & Automat Soc",,,,,,,,,,"Pelletier, Baptiste/0000-0002-5002-337X",,,,,,,,,,,,,1050-4729,2577-087X,979-8-3503-2365-8,,,,2023,,,,,,,10580,10586,,10.1109/ICRA48891.2023.10160434,http://dx.doi.org/10.1109/ICRA48891.2023.10160434,,,,,,,,,,,,,WOS:001048371103042,View Full Record in Web of Science
C,"Wiemann, R; Terei, N; Raatz, A",,,IEEE,"Wiemann, Rolf; Terei, Niklas; Raatz, Annika",,,Large Language Model for Intuitive Control of Robots in Micro-Assembly,"2024 IEEE 20TH INTERNATIONAL CONFERENCE ON AUTOMATION SCIENCE AND ENGINEERING, CASE 2024",IEEE International Conference on Automation Science and Engineering,,,,IEEE 20th International Conference on Automation Science and Engineering (CASE),"AUG 28-SEP 01, 2024","Bari, ITALY",IEEE,,,,,,,,,,,,,,,,,,,,,,,2161-8070,,979-8-3503-5851-3; 979-8-3503-5852-0,,,,2024,,,,,,,3957,3962,,10.1109/CASE59546.2024.10711830,http://dx.doi.org/10.1109/CASE59546.2024.10711830,,,,,,,,,,,,,WOS:001361783103050,View Full Record in Web of Science
C,"Elangovan, N; Chang, CM; Godoy, RV; Sanches, F; Wang, K; Jarvis, P; Liarokapis, M",,,IEEE,"Elangovan, Nathan; Chang, Che-Ming; Godoy, Ricardo, V; Sanches, Felipe; Wang, Ke; Jarvis, Patrick; Liarokapis, Minas",,,Comparing Human and Robot Performance in the Execution of Kitchen Tasks: Evaluating Grasping and Dexterous Manipulation Skills,2022 IEEE-RAS 21ST INTERNATIONAL CONFERENCE ON HUMANOID ROBOTS (HUMANOIDS),IEEE-RAS International Conference on Humanoid Robots,,,,IEEE-RAS 21st International Conference on Humanoid Robots (Humanoids),"NOV 28-30, 2022","Ginowan, JAPAN","IEEE,IEEE Robot & Automat Soc",,,,,,,,,"Liarokapis, Minas/E-1990-2015; Vilela de Godoy, Ricardo/GLT-9558-2022",,,,,,,,,,,,,,2164-0572,,979-8-3503-0979-9,,,,2022,,,,,,,518,525,,,,,,,,,,,,,,,,WOS:000925894300068,View Full Record in Web of Science
C,"Zhu, H; Gupta, A; Rajeswaran, A; Levine, S; Kumar, V",,"Howard, A; Althoefer, K; Arai, F; Arrichiello, F; Caputo, B; Castellanos, J; Hauser, K; Isler, V; Kim, J; Liu, H; Oh, P; Santos, V; Scaramuzza, D; Ude, A; Voyles, R; Yamane, K; Okamura, A",IEEE,"Zhu, Henry; Gupta, Abhishek; Rajeswaran, Aravind; Levine, Sergey; Kumar, Vikash",,,"Dexterous Manipulation with Deep Reinforcement Learning: Efficient, General, and Low-Cost",2019 INTERNATIONAL CONFERENCE ON ROBOTICS AND AUTOMATION (ICRA),IEEE International Conference on Robotics and Automation ICRA,,,,IEEE International Conference on Robotics and Automation (ICRA),"MAY 20-24, 2019","Montreal, CANADA","Bosch,DJI,Kinova,Mercedes Benz,Samsung,Argo AI,Clearpath Robot,Element AI,Fetch Robot,Huawei,iRobot,KUKA,Quanser,SICK,Toyota Res Inst,Uber,Waymo,Zhejiang Lab,Amazon,Applanix,Cloudminds,Honda Res Inst,MathWorks,Ouster",,,,,,,,,"Kumar, Vikash/KAM-2125-2024","Levine, Sergey/0000-0001-6764-2743",,,,,,,,,,,,,1050-4729,2577-087X,978-1-5386-6026-3,,,,2019,,,,,,,3651,3657,,10.1109/icra.2019.8794102,http://dx.doi.org/10.1109/icra.2019.8794102,,,,,,,,,,,,,WOS:000494942302099,View Full Record in Web of Science
C,"Ionescu, F; Talpasanu, I; Kostadinov, K; Hradynarski, R; Arotaritei, D",,"Schilling, K",,"Ionescu, Florin; Talpasanu, Ilie; Kostadinov, Kostadin; Hradynarski, Radyk; Arotaritei, Dragos",,,Closed chain mechanism of a micro and nano robot for cell manipulations,PROCEEDINGS OF THE 13TH IASTED INTERNATIONAL CONFERENCE ON ROBOTICS AND APPLICATIONS/PROCEEDINGS OF THE IASTED INTERNATIONAL CONFERENCE ON TELEMATICS,IASTED International Conference on Robotics and Applications,,,,13th IASTED International Conference on Robotics and Applications/IASTED International Conference on Telematics,"AUG 29-31, 2007","Julius Maximilians Univ Wurzburg, Wurzburg, GERMANY","Int Assoc Sci & Technol Dev,IASTED TCR,IASTED TCT",Julius Maximilians Univ Wurzburg,,,,,,,,"Kostadinov, Kostadin/B-6901-2015","Kostadinov, Kostadin/0000-0002-3020-830X",,,,,,,,,,,,,1027-264X,,978-0-88986-685-0,,,,2007,,,,,,,340,+,,,,,,,,,,,,,,,,WOS:000251420100057,View Full Record in Web of Science
C,"Englert, P; Toussaint, M","Kosecka, J","Maciejewski, AA; Okamura, A; Bicchi, A; Stachniss, C; Song, DZ; Lee, DH; Chaumette, F; Ding, H; Li, JS; Wen, J; Roberts, J; Masamune, K; Chong, NY; Amato, N; Tsagwarakis, N; Rocco, P; Asfour, T; Chung, WK; Yasuyoshi, Y; Sun, Y; Maciekeski, T; Althoefer, K; AndradeCetto, J; Chung, WK; Demircan, E; Dias, J; Fraisse, P; Gross, R; Harada, H; Hasegawa, Y; Hayashibe, M; Kiguchi, K; Kim, K; Kroeger, T; Li, Y; Ma, S; Mochiyama, H; Monje, CA; Rekleitis, I; Roberts, R; Stulp, F; Tsai, CHD; Zollo, L",,"Englert, Peter; Toussaint, Marc","Kosecka, J",,Kinematic Morphing Networks for Manipulation Skill Transfer,2018 IEEE/RSJ INTERNATIONAL CONFERENCE ON INTELLIGENT ROBOTS AND SYSTEMS (IROS),IEEE International Conference on Intelligent Robots and Systems,,,,25th IEEE/RSJ International Conference on Intelligent Robots and Systems (IROS),"OCT 01-05, 2018","Madrid, SPAIN","IEEE Robot & Automat Soc,IEEE Ind Elect Soc,Robot Soc Japan,Soc Instrument & Control Engineers,New Technol Fdn,IEEE,Adept MobileRobots,Willow Garage,Aldebaran Robot,Natl Instruments,Reflexxes GmbH,Schunk Intec S L U,Univ Carlos III Madrid,BOSCH,JD COM,Pal Robot,KUKA,Santander,Squirrel AI Learning,Baidu,Generat Robots,KINOVA Robot,Ouster,Univ Pablo Olavide Sevilla,Rapyuta Robot,SICK,TOYOTA,UP,Amazon,ARGO,Built Robot,Disney Res,Easy Mile,Hitachi,Robot,Khalifa Univ,Magazino,MathWorks,New Dexterity,Schunk,nuTonomy,PILZ,Prophesee,Rootnik,Saga Robot,Shadow,Soft Bank Robot,Anyverse,GalTech,Generat Robot,IEEE CAA Journal Automatica Sinica,Sci Robot, AAAS,TERAS",,,,,,,,,,,,,,,,,,,,,,,2153-0858,,978-1-5386-8094-0,,,,2018,,,,,,,2517,2523,,,,,,,,,,,,,,,,WOS:000458872702072,View Full Record in Web of Science
C,"Mannam, P; Liu, XY; Zhao, D; Oh, J; Pollard, N",,,IEEE,"Mannam, Pragna; Liu, Xingyu; Zhao, Ding; Oh, Jean; Pollard, Nancy",,,Design and Control Co-Optimization for Automated Design Iteration of Dexterous Anthropomorphic Soft Robotic Hands,"2024 IEEE 7TH INTERNATIONAL CONFERENCE ON SOFT ROBOTICS, ROBOSOFT",IEEE International Conference on Soft Robotics,,,,7th International Conference on Soft Robotics (ROBOSOFT),"APR 14-17, 2024","San Diego, CA",IEEE,,,,,,,,,,"Pollard, Nancy/0000-0001-6464-839X; Zhao, Ding/0000-0002-9400-8446",,,,,,,,,,,,,2769-4526,,979-8-3503-8181-8,,,,2024,,,,,,,332,339,,10.1109/ROBOSOFT60065.2024.10521927,http://dx.doi.org/10.1109/ROBOSOFT60065.2024.10521927,,,,,,,,,,,,,WOS:001230033600014,View Full Record in Web of Science
J,"McCarragher, BJ; Hovland, G; Sikka, P; Aigner, P; Austin, D",,,,"McCarragher, BJ; Hovland, G; Sikka, P; Aigner, P; Austin, D",,,Hybrid dynamic modeling and control of constrained manipulation systems,IEEE ROBOTICS & AUTOMATION MAGAZINE,,,,,,,,,,,,,,,,,,,,,,,,,,,,,,,1070-9932,1558-223X,,,,JUN,1997,4,2,,,,,27,44,,10.1109/100.591644,http://dx.doi.org/10.1109/100.591644,,,,,,,,,,,,,WOS:A1997XF07100007,View Full Record in Web of Science
C,"Sieler, A; Brock, O",,,IEEE,"Sieler, Adrian; Brock, Oliver",,,Dexterous Soft Hands Linearize Feedback-Control for In-Hand Manipulation,2023 IEEE/RSJ INTERNATIONAL CONFERENCE ON INTELLIGENT ROBOTS AND SYSTEMS (IROS),IEEE International Conference on Intelligent Robots and Systems,,,,IEEE/RSJ International Conference on Intelligent Robots and Systems (IROS),"OCT 01-05, 2023","Detroit, MI","IEEE,RSJ",,,,,,,,,,,,,,,,,,,,,,,2153-0858,,978-1-6654-9190-7,,,,2023,,,,,,,8757,8764,,10.1109/IROS55552.2023.10341438,http://dx.doi.org/10.1109/IROS55552.2023.10341438,,,,,,,,,,,,,WOS:001136907802127,View Full Record in Web of Science
J,"Pedersen, MR; Nalpantidis, L; Andersen, RS; Schou, C; Bogh, S; Krüger, V; Madsen, O",,,,"Pedersen, Mikkel Rath; Nalpantidis, Lazaros; Andersen, Rasmus Skovgaard; Schou, Casper; Bogh, Simon; Kruger, Volker; Madsen, Ole",,,Robot skills for manufacturing: From concept to industrial deployment,ROBOTICS AND COMPUTER-INTEGRATED MANUFACTURING,,,,,,,,,,,,,,,,,"Nalpantidis, Lazaros/J-1803-2012; Bøgh, Simon/J-1526-2012; Andersen, Rasmus/J-3360-2012; Schou, Casper/J-3357-2012; Madsen, Ole/B-3458-2013; Pedersen, Mikkel Rath/J-2395-2012","Nalpantidis, Lazaros/0000-0002-3620-4123; Schou, Casper/0000-0001-7831-311X; Madsen, Ole/0000-0003-2133-2541; Bogh, Simon/0000-0002-5960-4365; Pedersen, Mikkel Rath/0000-0003-3026-7315; Kruger, Volker/0000-0002-8836-8816",,,,,,,,,,,,,0736-5845,1879-2537,,,,FEB,2016,37,,,,,,282,291,,10.1016/j.rcim.2015.04.002,http://dx.doi.org/10.1016/j.rcim.2015.04.002,,,,,,,,,,,,,WOS:000363816900026,View Full Record in Web of Science
J,"Song, XG; Xu, P; Xu, WF; Li, B; Qin, L",,,,"Song, Xiaogang; Xu, Peng; Xu, Wenfu; Li, Bing; Qin, Lei",,,Robot skill acquisition for precision assembly of flexible flat cable with force control,ROBOTICA,,,,,,,,,,,,,,,,,,,,,,,,,,,,,,,0263-5747,1469-8668,,,,SEP,2024,42,9,,,,,2908,2923,,10.1017/S0263574724001164,http://dx.doi.org/10.1017/S0263574724001164,,OCT 2024,,,,,,,,,,,WOS:001346246600001,View Full Record in Web of Science
C,"Hibi, H",,,IEEE; IEEE,"Hibi, H",,,An autonomous production system that coexists harmoniously with human - Development of autonomous mobile robot system,"2003 IEEE INTERNATIONAL CONFERENCE ON ROBOTICS AND AUTOMATION, VOLS 1-3, PROCEEDINGS",IEEE INTERNATIONAL CONFERENCE ON ROBOTICS AND AUTOMATION,,,,20th IEEE International Conference on Robotics and Automation (ICRA),"SEP 14-19, 2003","TAIPEI, TAIWAN","IEEE Robot & Automat Soc,Natl Sci Council,Minist Educ,Chinese Inst Automat Engineers,Ind Technol Res Inst,TECO Elect & Machinery Co Ltd,Met Ind Res & Dev Ctr",,,,,,,,,,,,,,,,,,,,,,,1050-4729,,0-7803-7736-2,,,,2003,,,,,,,2865,2870,,10.1109/ROBOT.2003.1242027,http://dx.doi.org/10.1109/ROBOT.2003.1242027,,,,,,,,,,,,,WOS:000187419900460,View Full Record in Web of Science
J,"Zhai, B; Zhang, EZ; Li, BC; Fang, XJ",,,,"Zhai, Bin; Zhang, Enzheng; Li, Bingchen; Fang, Xiujun",,,High Precision Trajectory Learning Method Based Improved Dynamic Movement Primitives for Robot Skill Learning,JOURNAL OF MECHANISMS AND ROBOTICS-TRANSACTIONS OF THE ASME,,,,,,,,,,,,,,,,,,,,,,,,,,,,,,,1942-4302,1942-4310,,,,JUN 1,2024,16,6,,,,,,,61001,10.1115/1.4062985,http://dx.doi.org/10.1115/1.4062985,,,,,,,,,,,,,WOS:001225911800008,View Full Record in Web of Science
J,"Chen, YP; Geng, YR; Zhong, FW; Ji, JM; Jiang, JC; Lu, ZQ; Dong, H; Yang, YD",,,,"Chen, Yuanpei; Geng, Yiran; Zhong, Fangwei; Ji, Jiaming; Jiang, Jiechuang; Lu, Zongqing; Dong, Hao; Yang, Yaodong",,,Bi-DexHands: Towards Human-Level Bimanual Dexterous Manipulation,IEEE TRANSACTIONS ON PATTERN ANALYSIS AND MACHINE INTELLIGENCE,,,,,,,,,,,,,,,,,"Chen, Yuanpei/A-6151-2016; Zhong, Fangwei/ABC-7632-2020; Dong, Hao/AAH-5581-2021","LU, ZONGQING/0000-0003-3967-2704; Jiang, Jiechuan/0000-0002-6076-5000; Yang, Yaodong/0000-0001-8132-5613; Zhong, Fangwei/0000-0002-0428-4552; geng, yiran/0000-0003-2440-6438",,,,,,,,,,,,,0162-8828,1939-3539,,,,MAY,2024,46,5,,,,,2804,2818,,10.1109/TPAMI.2023.3339515,http://dx.doi.org/10.1109/TPAMI.2023.3339515,,,,,,,,38051620,,,,,WOS:001196751500085,View Full Record in Web of Science
C,"Chun, EH; Du, YL; Simeonov, A; Lozano-Perez, T; Kaelbling, L",,,IEEE,"Chun, Ethan; Du, Yilun; Simeonov, Anthony; Lozano-Perez, Tomas; Kaelbling, Leslie",,,Local Neural Descriptor Fields: Locally Conditioned Object Representations for Manipulation,"2023 IEEE INTERNATIONAL CONFERENCE ON ROBOTICS AND AUTOMATION, ICRA",IEEE International Conference on Robotics and Automation ICRA,,,,IEEE International Conference on Robotics and Automation (ICRA),"MAY 29-JUN 02, 2023","London, ENGLAND","IEEE,IEEE Robot & Automat Soc",,,,,,,,,,,,,,,,,,,,,,,1050-4729,2577-087X,979-8-3503-2365-8,,,,2023,,,,,,,1830,1836,,10.1109/ICRA48891.2023.10160423,http://dx.doi.org/10.1109/ICRA48891.2023.10160423,,,,,,,,,,,,,WOS:001036713001092,View Full Record in Web of Science
C,"Fu, TY; Li, FM; Zheng, YK; Song, R",,"Liu, XJ; Nie, Z; Yu, J; Xie, F; Song, R",,"Fu, Tianyu; Li, Fengming; Zheng, Yukun; Song, Rui",,,Process Learning of Robot Fabric Manipulation Based on Composite Reward Functions,"INTELLIGENT ROBOTICS AND APPLICATIONS, ICIRA 2021, PT II",Lecture Notes in Artificial Intelligence,,,,14th International Conference on Intelligent Robotics and Applications (ICIRA),"OCT 22-25, 2021","Yantai, PEOPLES R CHINA","Tsinghua Univ,Beihang Univ,Shandong Univ,YEDA,Yantai Univ,IFToMM China,Springer",,,,,,,,,,"Fu, Tianyu/0000-0002-5441-9750; Fu, Tianyu/0000-0002-7958-6950",,,,,,,,,,,,,0302-9743,1611-3349,978-3-030-89098-8; 978-3-030-89097-1,,,,2021,13014,,,,,,163,174,,10.1007/978-3-030-89098-8_16,http://dx.doi.org/10.1007/978-3-030-89098-8_16,,,,,,,,,,,,,WOS:000725394600016,View Full Record in Web of Science
J,"Triantafyllidis, E; Acero, F; Liu, ZC; Li, ZB",,,,"Triantafyllidis, Eleftherios; Acero, Fernando; Liu, Zhaocheng; Li, Zhibin",,,Hybrid hierarchical learning for solving complex sequential tasks using the robotic manipulation network ROMAN,NATURE MACHINE INTELLIGENCE,,,,,,,,,,,,,,,,,"Liu, Zhaocheng/T-8674-2019; zhibin, Li/GQH-6384-2022","Acero, Fernando/0000-0002-5470-8122",,,,,,,,,,,,,,2522-5839,,,,SEP,2023,5,9,,,,,991,1005,,10.1038/s42256-023-00709-2,http://dx.doi.org/10.1038/s42256-023-00709-2,,SEP 2023,,,,,,,,,,,WOS:001060239200001,View Full Record in Web of Science
J,"Liang, WH; Zhao, Y; Huang, WZ; Liang, HR; Zeng, HK; He, JX",,,,"Liang, Wenhua; Zhao, Yi; Huang, Weizhe; Liang, Hengrui; Zeng, Haikang; He, Jianxing",,,Liquid biopsy for early stage lung cancer,JOURNAL OF THORACIC DISEASE,,,,,,,,,,,,,,,,,"Liang, Hengrui/JQJ-0324-2023; Wenhua, Liang/KGM-7253-2024","Wenhua, Liang/0000-0002-1391-8238; He, Jianxing/0000-0003-1737-8192",,,,,,,,,,,,,2072-1439,2077-6624,,,,APR,2018,10,,,7,,,S876,S881,,10.21037/jtd.2018.04.26,http://dx.doi.org/10.21037/jtd.2018.04.26,,,,,,,,29780634,,,,,WOS:000431684000013,View Full Record in Web of Science
C,"Notheis, S; Milighetti, G; Hein, B; Wörn, H; Beyerer, J",,,IEEE,"Notheis, Simon; Milighetti, Giulio; Hein, Bjoern; Woern, Heinz; Beyerer, Juergen",,,Skill-based telemanipulation by means of intelligent robots,IEEE/RSJ 2010 INTERNATIONAL CONFERENCE ON INTELLIGENT ROBOTS AND SYSTEMS (IROS 2010),IEEE International Conference on Intelligent Robots and Systems,,,,IEEE/RSJ International Conference on Intelligent Robots and Systems,"OCT 18-22, 2010","Taipei, TAIWAN",,,,,,,,,,,,,,,,,,,,,,,,2153-0858,,978-1-4244-6675-7,,,,2010,,,,,,,,,,,,,,,,,,,,,,,,WOS:000287672002108,View Full Record in Web of Science
J,"Zech, P; Renaudo, E; Haller, S; Zhang, X; Piater, J",,,,"Zech, Philipp; Renaudo, Erwan; Haller, Simon; Zhang, Xiang; Piater, Justus",,,Action representations in robotics: A taxonomy and systematic classification,INTERNATIONAL JOURNAL OF ROBOTICS RESEARCH,,,,,,,,,,,,,,,,,"; Haller-Seeber, Simon/JQW-3179-2023","Zech, Philipp/0000-0002-4952-4337; Renaudo, Erwan/0000-0003-3282-8972; Haller-Seeber, Simon/0000-0002-1538-5906",,,,,,,,,,,,,0278-3649,1741-3176,,,,APR,2019,38,5,,,,,518,562,,10.1177/0278364919835020,http://dx.doi.org/10.1177/0278364919835020,,,,,,,,,,,,,WOS:000465025200002,View Full Record in Web of Science
J,"Bretas, R; Freitas-Ferreira, E; Maior, RS; Tomaz, C; Gonçalves-Mendes, MT; Aversi-Ferreira, TA",,,,"Bretas, Rafael; Freitas-Ferreira, Emmanuel; Maior, Rafael Souto; Tomaz, Carlos; Goncalves-Mendes, Maria Tereza; Aversi-Ferreira, Tales Alexandre",,,Comparative anatomy of the Sapajus sp. (bearded capuchin) hand with comments on tool use in a parallel evolution with the hominid pathway,FRONTIERS IN PHYSIOLOGY,,,,,,,,,,,,,,,,,,,,,,,,,,,,,,,,1664-042X,,,,FEB 9,2024,15,,,,,,,,1292035,10.3389/fphys.2024.1292035,http://dx.doi.org/10.3389/fphys.2024.1292035,,,,,,,,38405122,,,,,WOS:001169789100001,View Full Record in Web of Science
J,"Guerin, F; Ferreira, P",,,,"Guerin, Frank; Ferreira, Paulo",,,Robot Manipulation in Open Environments: New Perspectives,IEEE TRANSACTIONS ON COGNITIVE AND DEVELOPMENTAL SYSTEMS,,,,,,,,,,,,,,,,,,"Guerin, Frank/0000-0003-1918-6311",,,,,,,,,,,,,2379-8920,2379-8939,,,,SEPT,2020,12,3,,,,,669,675,,10.1109/TCDS.2019.2921098,http://dx.doi.org/10.1109/TCDS.2019.2921098,,,,,,,,,,,,,WOS:000568663000025,View Full Record in Web of Science
C,"Babic, J; Hajdinjak, B; Oztop, E",,"Filipe, J; Cetto, JA; Ferrier, JL",,"Babic, Jan; Hajdinjak, Blaz; Oztop, Erhan",,,ROBOT SKILL SYNTHESIS THROUGH HUMAN VISUO-MOTOR LEARNING Humanoid Robot Statically-stable Reaching and In-place Stepping,"ICINCO 2010: PROCEEDINGS OF THE 7TH INTERNATIONAL CONFERENCE ON INFORMATICS IN CONTROL, AUTOMATION AND ROBOTICS, VOL 2",,,,,"7th International Conference on Informatics in Control, Automation and Robotics","JUN 15-18, 2010","Funchal, PORTUGAL","Inst Syst & Technol Informat Control & Commun,Int Fed Automat Control",,,,,,,,,"; Oztop, Erhan/K-8111-2012","Babic, Jan/0000-0002-1870-8264; Oztop, Erhan/0000-0002-3051-6038",,,,,,,,,,,,,,,978-989-8425-01-0,,,,2010,,,,,,,212,215,,,,,,,,,,,,,,,,WOS:000393353400035,View Full Record in Web of Science
C,"Donald, B; Gariepy, L; Rus, D",,"Schultz, AC; Parker, LE",,"Donald, B; Gariepy, L; Rus, D",,,Distributed manipulation of multiple objects using ropes,MULTI-ROBOT SYSTEMS: FROM SWARMS TO INTELLIGENT AUTOMATA,,,,,Workshop on Multi-Robot Systems,"MAR, 2002","WASHINGTON, D.C.",Naval Res Lab,,,,,,,,,,,,,,,,,,,,,,,,,1-4020-0679-9,,,,2002,,,,,,,83,91,,,,,,,,,,,,,,,,WOS:000178302300009,View Full Record in Web of Science
C,"Konidaris, G; Barto, A",,,IEEE,"Konidaris, George; Barto, Andrew",,,"Sensorimotor Abstraction Selection for Efficient, Autonomous Robot Skill Acquisition",2008 IEEE 7TH INTERNATIONAL CONFERENCE ON DEVELOPMENT AND LEARNING,IEEE International Conference on Development and Learning,,,,7th IEEE International Conference on Development and Learning,"AUG 09-12, 2008","Monterey, CA",IEEE,,,,,,,,,,,,,,,,,,,,,,,,,978-1-4244-2661-4,,,,2008,,,,,,,151,156,,10.1109/DEVLRN.2008.4640821,http://dx.doi.org/10.1109/DEVLRN.2008.4640821,,,,,,,,,,,,,WOS:000265407300026,View Full Record in Web of Science
C,"Kim, S; Jang, I; Kim, H; Park, CW; Park, JH",,,IEEE,"Kim, Seonghyun; Jang, Ingook; Kim, Hyunseok; Park, Chan-Won; Park, Jun Hee",,,Learning Robot Manipulation based on Modular Reward Shaping,"11TH INTERNATIONAL CONFERENCE ON ICT CONVERGENCE: DATA, NETWORK, AND AI IN THE AGE OF UNTACT (ICTC 2020)",International Conference on Information and Communication Technology Convergence,,,,"11th International Conference on Information and Communication Technology Convergence (ICTC) - Data, Network, and AI in the age of Untact (ICTC)","OCT 21-23, 2020","Jeju, SOUTH KOREA","Korean Inst Commun & Informat Sci,IEEE Commun Soc,IEICE Commun Soc,Minist Sci & ICT,Elect & Telecommunicat Res Inst,Korean Federat Sci & Technol Soc,Samsung Elect,LG Elect,SK Telecom,LGU+,KT,SOLiD,FRTek,Huawei,Ericsson LG,ICT Convergence Korea Forum,Soc Safety Syst Forum,5G Based Smart Factory Standardizat Forum,Jeju Convent & Visitors Bur,Korea Assoc Photon Ind Dev",,,,,,,,,,,,,,,,,,,,,,,2162-1233,,978-1-7281-6758-9,,,,2020,,,,,,,883,886,,,,,,,,,,,,,,,,WOS:000692529100208,View Full Record in Web of Science
C,"Salas, R; Cáceres, JP; Loayza, E; Feliú, F; Valenzuela, F; del Solar, JR",,"Alami, R; Biswas, J; Cakmak, M; Obst, O",,"Salas, Rodrigo; Pablo Caceres, Juan; Loayza, Eduardo; Feliu, Fernando; Valenzuela, Felipe; Ruiz del Solar, Javier",,,Robocup©Home 2021 Champion Team Paper: SSPL Winner Uchile Peppers,"ROBOT WORLD CUP XXIV, ROBOCUP 2021",Lecture Notes in Artificial Intelligence,,,,24th International Symposium on Robot World Cup (RoboCup),"JUN 22-28, 2021",ELECTR NETWORK,,,,,,,,,,"; Ruiz-del-Solar, Javier/H-5214-2013","Valenzuela Reyes, Felipe/0000-0001-7354-5990; Caceres Briones, Juan Pablo/0000-0003-4594-4622; Ruiz-del-Solar, Javier/0000-0003-2965-633X; Salas, Rodrigo/0000-0003-1729-5549",,,,,,,,,,,,,0302-9743,1611-3349,978-3-030-98682-7; 978-3-030-98681-0,,,,2022,13132,,,,,,273,280,,10.1007/978-3-030-98682-7_22,http://dx.doi.org/10.1007/978-3-030-98682-7_22,,,,,,,,,,,,,WOS:000784727700022,View Full Record in Web of Science
C,"Chen, YT; Han, XL; Okada, M; Chen, Y; Naghdy, F",,"Wang, G; Li, H; Zha, HB; Zhou, BF",,"Chen, Yutuo; Han, Xuli; Okada, Minoru; Chen, Y.; Naghdy, F.",,,Intelligent robotic peg-in-hole insertion learning based on haptic virtual environment,PROCEEDINGS OF 2007 10TH IEEE INTERNATIONAL CONFERENCE ON COMPUTER AIDED DESIGN AND COMPUTER GRAPHICS,International Conference on Computer-Aided Design and Computer Graphics CAD GRAPHICS,,,,10th International Conference on Computer-Aided Design and Computer Graphics,"OCT 15-18, 2007","Peking Univ, Beijing, PEOPLES R CHINA","China Comp Federat,IEEE Beijing Sect,Peking Univ, Inst Comp Sci & Technol,Peking Univ, Sch EECS,Natl Nat Sci Fdn China,Microsoft Res Asia,Peking Univ, Natl Lab Machine Percept,Key Lab High Confidence Software Technologies, Minist Educ",Peking Univ,,,,,,,,"Okada, Minoru/AAG-3697-2020",,,,,,,,,,,,,,,,978-1-4244-1578-6,,,,2007,,,,,,,355,+,,,,,,,,,,,,,,,,WOS:000252377300059,View Full Record in Web of Science
C,"Stumm, S; Braumann, J; Brell-Cokcan, S",,"Soderberg, R",,"Stumm, Sven; Braumann, Johannes; Brell-Cokcan, Sigrid",,,Human-Machine Interaction for Intuitive Programming of Assembly Tasks in Construction,6TH CIRP CONFERENCE ON ASSEMBLY TECHNOLOGIES AND SYSTEMS (CATS),Procedia CIRP,,,,6th CIRP Conference on Assembly Technologies and Systems (CATS),"MAY 16-18, 2016","Chalmers Univ Technol, Wingquist Lab, Gothenburg, SWEDEN",CIRP,"Chalmers Univ Technol, Wingquist Lab",,,,,,,,"Stumm, Sven/I-5866-2018","Stumm, Sven/0000-0001-5534-8774; Brell-Cokcan, Sigrid/0000-0003-1463-7515",,,,,,,,,,,,,2212-8271,,,,,,2016,44,,,,,,269,274,,10.1016/j.procir.2016.02.108,http://dx.doi.org/10.1016/j.procir.2016.02.108,,,,,,,,,,,,,WOS:000376432200045,View Full Record in Web of Science
C,"Wu, HM; Xu, ZH; Yan, W; Ou, YM; Liao, ZY; Zhou, XF",,,IEEE,"Wu, Hongmin; Xu, Zhihao; Yan, Wu; Ou, Yangmin; Liao, Zhaoyang; Zhou, Xuefeng",,,"A Framework of Rehabilitation-assisted Robot Skill Representation, Learning, and Modulation via Manifold-Mappings and Gaussian Processes",2022 IEEE/RSJ INTERNATIONAL CONFERENCE ON INTELLIGENT ROBOTS AND SYSTEMS (IROS),IEEE International Conference on Intelligent Robots and Systems,,,,IEEE/RSJ International Conference on Intelligent Robots and Systems (IROS),"OCT 23-27, 2022","Kyoto, JAPAN","IEEE,Royal Soc Japan,IEEE Robot & Automat Soc,IES,SICE,New Technol Fdn",,,,,,,,,"Yan, Wu/JYO-9522-2024; Liao, Zhaoyang/HPD-6400-2023",,,,,,,,,,,,,,2153-0858,,978-1-6654-7927-1,,,,2022,,,,,,,3680,3686,,10.1109/IROS47612.2022.9982172,http://dx.doi.org/10.1109/IROS47612.2022.9982172,,,,,,,,,,,,,WOS:000908368202111,View Full Record in Web of Science
J,"Duan, BY; Qian, K; Liu, AH; Luo, S",,,,"Duan, Boyi; Qian, Kun; Liu, Aohua; Luo, Shan",,,Visual-tactile learning of robotic cable-in-duct installation skills,AUTOMATION IN CONSTRUCTION,,,,,,,,,,,,,,,,,"Luo, Shan/JEP-7010-2023","Luo, Shan/0000-0003-4760-0372",,,,,,,,,,,,,0926-5805,1872-7891,,,,FEB,2025,170,,,,,,,,105905,10.1016/j.autcon.2024.105905,http://dx.doi.org/10.1016/j.autcon.2024.105905,,DEC 2024,,,,,,,,,,,WOS:001390170000001,View Full Record in Web of Science
J,"Jiang, R; He, B; Wang, ZP; Zhou, YM; Xu, SL; Li, X",,,,"Jiang, Rong; He, Bin; Wang, Zhipeng; Zhou, Yanmin; Xu, Shoulin; Li, Xin",,,A Novel Simulation-Reality Closed-Loop Learning Framework for Autonomous Robot Skill Learning,IEEE TRANSACTIONS ON COGNITIVE AND DEVELOPMENTAL SYSTEMS,,,,,,,,,,,,,,,,,"he, bin/AAV-6319-2021","Zhou, Yanmin/0000-0001-7824-1179; li, xin/0000-0001-6003-7719",,,,,,,,,,,,,2379-8920,2379-8939,,,,DEC,2022,14,4,,,,,1520,1531,,10.1109/TCDS.2021.3118294,http://dx.doi.org/10.1109/TCDS.2021.3118294,,,,,,,,,,,,,WOS:000916821100018,View Full Record in Web of Science
J,"ARCHIBALD, C; PETRIU, E; HARB, A",,,,"ARCHIBALD, C; PETRIU, E; HARB, A",,,ROBOT SKILLS DEVELOPMENT USING A LASER RANGE FINDER,IEEE TRANSACTIONS ON INSTRUMENTATION AND MEASUREMENT,,,,,,,,,,,,,,,,,,,,,,,,,,,,,,,0018-9456,,,,,APR,1994,43,2,,,,,265,271,,10.1109/19.293431,http://dx.doi.org/10.1109/19.293431,,,,,,,,,,,,,WOS:A1994NU25900028,View Full Record in Web of Science
J,"Liu, Z; Wang, S; Cao, YF; Cao, ZG; Lin, L; Xie, L",,,,"Liu, Zheng; Wang, Shuang; Cao, Yongfeng; Cao, Zhenggang; Lin, Li; Xie, Le",,,An Autonomous Guidewire Delivery Method With Distal Position-Based Impedance Control,IEEE TRANSACTIONS ON AUTOMATION SCIENCE AND ENGINEERING,,,,,,,,,,,,,,,,,"Cao, Yongfeng/KFS-6849-2024","Cao, Yongfeng/0000-0002-7157-5325; Liu, Zheng/0000-0002-4812-813X; Lin, Li/0000-0003-0431-8481",,,,,,,,,,,,,1545-5955,1558-3783,,,,,2025,22,,,,,,1658,1672,,10.1109/TASE.2024.3368764,http://dx.doi.org/10.1109/TASE.2024.3368764,,FEB 2024,,,,,,,,,,,WOS:001181502400001,View Full Record in Web of Science
C,"Wächter, M; Schulz, S; Asfour, T; Aksoy, E; Wörgötter, F; Dillmann, R",,,IEEE,"Waechter, Mirko; Schulz, Sebastian; Asfour, Tamim; Aksoy, Eren; Woergoetter, Florentin; Dillmann, Ruediger",,,Action Sequence Reproduction based on Automatic Segmentation and Object-Action Complexes,2013 13TH IEEE-RAS INTERNATIONAL CONFERENCE ON HUMANOID ROBOTS (HUMANOIDS),IEEE-RAS International Conference on Humanoid Robots,,,,13th IEEE-RAS International Conference on Humanoid Robots (Humanoids),"OCT 15-17, 2013","Atlanta, GA",IEEE RAS,,,,,,,,,"Schulz, Sebastian/IAO-2745-2023",,,,,,,,,,,,,,2164-0572,,978-1-4799-2619-0,,,,2013,,,,,,,189,195,,,,,,,,,,,,,,,,WOS:000396584300029,View Full Record in Web of Science
C,"D'Souza, C; Lopez-Juarez, I; Sivayoganathan, K; Howarth, M; Balendran, V",,"Baines, RW; TalebBendiab, A; Zhao, Z",,"D'Souza, C; Lopez-Juarez, I; Sivayoganathan, K; Howarth, M; Balendran, V",,,Skill acquisition for robotic assembly via integration of vision and force sensing,ADVANCES IN MANUFACTURING TECHNOLOGY XII,,,,,14th National Conference on Manufacturing Research,"SEP 07-09, 1998","UNIV DERBY, DERBY, ENGLAND",,UNIV DERBY,,,,,,,,"Lopez-Juarez, Ismael/E-7088-2011","Lopez-Juarez, Ismael/0000-0001-6405-5519",,,,,,,,,,,,,,,1-86058-172-2,,,,1998,,,,,,,349,354,,,,,,,,,,,,,,,,WOS:000076418700051,View Full Record in Web of Science
J,"Pang, MW; Zhao, XH; Lu, DY; Dong, YH; Jiang, L; Li, J; Ji, P",,,,"Pang, Mengwei; Zhao, Xiaohan; Lu, Daiyu; Dong, Yihan; Jiang, Lin; Li, Jie; Ji, Ping",,,Preliminary User Evaluation of a New Dental Technology Virtual Simulation System: Development and Validation Study,JMIR SERIOUS GAMES,,,,,,,,,,,,,,,,,"Jiang, Lin/KLE-2955-2024; Pang, MengWei/KWU-6351-2024; Li, Jie/K-3437-2018","Lu, Daiyu/0000-0002-1745-0265; Dong, Yihan/0000-0002-4188-0660; Pang, MengWei/0000-0003-3524-7049; Li, Jie/0000-0003-2343-1658",,,,,,,,,,,,,2291-9279,,,,,JUL-SEP,2022,10,3,,,,,,,e36079,10.2196/36079,http://dx.doi.org/10.2196/36079,,,,,,,,36094803,,,,,WOS:000886937900016,View Full Record in Web of Science
C,"Zambelli, M; Aytar, Y; Visin, F; Zhou, YX; Hadsell, R",,"Kober, J; Ramos, F; Tomlin, C",,"Zambelli, Martina; Aytar, Yusuf; Visin, Francesco; Zhou, Yuxiang; Hadsell, Raia",,,Learning rich touch representations through cross-modal self-supervision,"CONFERENCE ON ROBOT LEARNING, VOL 155",Proceedings of Machine Learning Research,,,,4th Conference on Robot Learning (CoRL),"NOV 16-18, 2020",ELECTR NETWORK,,,,,,,,,,"Zambelli, Martina/LOR-7911-2024",,,,,,,,,,,,,,2640-3498,,,,,,2020,155,,,,,,1415,1425,,,,,,,,,,,,,,,,WOS:001237128900098,View Full Record in Web of Science
C,"Simeonov, A; Du, YL; Kim, B; Hogan, FR; Tenenbaum, J; Agrawal, P; Rodriguez, A",,"Kober, J; Ramos, F; Tomlin, C",,"Simeonov, Anthony; Du, Yilun; Kim, Beomjoon; Hogan, Francois R.; Tenenbaum, Joshua; Agrawal, Pulkit; Rodriguez, Alberto",,,A Long Horizon Planning Framework for Manipulating Rigid Pointcloud Objects,"CONFERENCE ON ROBOT LEARNING, VOL 155",Proceedings of Machine Learning Research,,,,4th Conference on Robot Learning (CoRL),"NOV 16-18, 2020",ELECTR NETWORK,,,,,,,,,,,,,,,,,,,,,,,,2640-3498,,,,,,2020,155,,,,,,1582,1601,,,,,,,,,,,,,,,,WOS:001237128900110,View Full Record in Web of Science
C,"Zentner, KR; Puri, U; Zhang, YL; Julian, R; Sukhatme, GS",,,IEEE,"Zentner, K. R.; Puri, Ujjwal; Zhang, Yulun; Julian, Ryan; Sukhatme, Gaurav S.",,,Efficient Multi-Task Learning via Iterated Single-Task Transfer,2022 IEEE/RSJ INTERNATIONAL CONFERENCE ON INTELLIGENT ROBOTS AND SYSTEMS (IROS),IEEE International Conference on Intelligent Robots and Systems,,,,IEEE/RSJ International Conference on Intelligent Robots and Systems (IROS),"OCT 23-27, 2022","Kyoto, JAPAN","IEEE,Royal Soc Japan,IEEE Robot & Automat Soc,IES,SICE,New Technol Fdn",,,,,,,,,"Zhang, Yulun/JXN-0583-2024","Zhang, Yulun/0000-0003-3199-8697",,,,,,,,,,,,,2153-0858,,978-1-6654-7927-1,,,,2022,,,,,,,10141,10146,,10.1109/IROS47612.2022.9981244,http://dx.doi.org/10.1109/IROS47612.2022.9981244,,,,,,,,,,,,,WOS:000909405302067,View Full Record in Web of Science
C,"Li, JH; Wang, JZ; Wang, SK; Peng, H; Wen, Q; Zhang, LB; Lin, MN",,,IEEE,"Li, Jiehao; Wang, Junzheng; Wang, Shoukun; Peng, Hui; Wen, Qi; Zhang, Longbin; Lin, Meina",,,A Human-Robot Skill Transfer Framework of Mobile Medical Robots for Autonomous Motion with Teaching by Demonstration,2020 5TH INTERNATIONAL CONFERENCE ON ADVANCED ROBOTICS AND MECHATRONICS (ICARM 2020),,,,,5th IEEE International Conference on Advanced Robotics and Mechatronics (ICARM),"DEC 18-21, 2020","Shenzhen, PEOPLES R CHINA","IEEE,IEEE Syst, Man & Cybernet Soc,IEEE Robot & Automat Soc,IEEE SMC Tech Comm Bio Mechatron & Bio Robot Syst,IEEE RAS Tech Comm Neuro Robot Syst,Shenzhen Univ,Artificial Intelligence & Robot Assoc Guangdong Prov,Anhui Robot Soc,IEEE CAA Journal Automatica Sinica,Deltason",,,,,,,,,"Li, Jiehao/AAH-9089-2021",,,,,,,,,,,,,,,,978-1-7281-6479-3,,,,2020,,,,,,,209,213,,10.1109/icarm49381.2020.9195398,http://dx.doi.org/10.1109/icarm49381.2020.9195398,,,,,,,,,,,,,WOS:000728183800039,View Full Record in Web of Science
C,"Mao, JY; Tenenbaum, JB; Lozano-Pérez, T; Kaelbling, LP",,"Tan, J; Toussaint, M; Darvish, K",,"Mao, Jiayuan; Tenenbaum, Joshua B.; Lozano-Perez, Tomas; Kaelbling, Leslie Pack",,,Learning Reusable Manipulation Strategies,"CONFERENCE ON ROBOT LEARNING, VOL 229",Proceedings of Machine Learning Research,,,,7th Conference on Robot Learning (CoRL),"NOV 06-09, 2023","Atlanta, GA",,,,,,,,,,,,,,,,,,,,,,,,2640-3498,,,,,,2023,229,,,,,,,,,,,,,,,,,,,,,,,WOS:001221201501029,View Full Record in Web of Science
C,"Kim, GH; Rhim, S; Yun, SK; Bum, SH; Kang, S; Lee, SG",,"Sasaki, M; Sang, GC; Li, Z; Ikeura, R; Kim, H; Xue, F",,"Kim, Gi-Hong; Rhim, Sungsoo; Yun, Seung-kook; Bum, Sun-Ho; Kang, Sungchul; Lee, Soon-Geul",,,Adaptive trajectory shaping for liquid container manipulation,"ICMIT 2007: MECHATRONICS, MEMS, AND SMART MATERIALS, PTS 1 AND 2",Proceedings of SPIE,,,,4th International Conference on Metronics and Information Technology (ICMIT 2007),"DEC 05-06, 2007","Gifu, JAPAN","Gifu Univ, Fac Engn,Korea Japan Joint Adv Mechatron Res Assoc,Japan Soc Appl Electromagnet & Mech, Biomed & Welfare Div,Yamaguchi Univ, Inst BWE,Gifu Convent Ctr,GES Inc,KAHA Inc,Chongqing Inst Technol,Soc Instruments & Control Engineers,Chinese Assoc Artificial Intelligence,Inst Control, Automat & Syst Engineers,Robot Soc Japan,Nat Sci Fdn China,Korea Soc Precis Engn,Japan Soc Mech Engineers,Chongqing Artificial Intelligence Soc,Korea Inst Informat & Telecommun Facilities Engn,Fukushima Univ, Fac Symbiot Syst Sci,Intelligent Automat Comm Chinese Automat Assoc,Inst Elect Engineers Korea",,,,,,,,,"Lee, Soon-Geul/AAK-7181-2020",,,,,,,,,,,,,,0277-786X,1996-756X,978-0-8194-6959-5,,,,2008,6794,,1-2,,,,,,67940V,10.1117/12.784364,http://dx.doi.org/10.1117/12.784364,,,,,,,,,,,,,WOS:000254565200030,View Full Record in Web of Science
C,"Yang, CG",,"Yu, H",,"Yang, Chenguang",,,Human-like Control Design and Human Robot Skills Transfer,2019 25TH IEEE INTERNATIONAL CONFERENCE ON AUTOMATION AND COMPUTING (ICAC),,,,,25th IEEE International Conference on Automation and Computing (IEEE ICAC),"SEP 05-07, 2019","Lancaster Univ, Lancaster, ENGLAND","IEEE,Chinese Automat & Comp Soc UK,Int Journal Automat & Comp,Jiangsu Univ,Changsha Univ Sci & Technol",Lancaster Univ,,,,,,,,"Yang, Chenguang/AAJ-2509-2020",,,,,,,,,,,,,,,,978-1-8613-7665-7,,,,2019,,,,,,,619,619,,,,,,,,,,,,,,,,WOS:000568623100109,View Full Record in Web of Science
C,"Seo, M; Han, S; Sim, K; Bang, SH; Gonzalez, C; Sentis, L; Zhu, Y",,,IEEE,"Seo, Mingyo; Han, Steve; Sim, Kyutae; Bang, Seung Hyeon; Gonzalez, Carlos; Sentis, Luis; Zhu, Yuke",,,Deep Imitation Learning for Humanoid Loco-manipulation through Human Teleoperation,"2023 IEEE-RAS 22ND INTERNATIONAL CONFERENCE ON HUMANOID ROBOTS, HUMANOIDS",IEEE-RAS International Conference on Humanoid Robots,,,,IEEE-RAS 22nd International Conference on Humanoid Robots (Humanoids),"DEC 12-14, 2023","Austin, TX",IEEE RAS,,,,,,,,,,,,,,,,,,,,,,,2164-0572,,979-8-3503-0327-8,,,,2023,,,,,,,,,,10.1109/HUMANOIDS57100.2023.10375203,http://dx.doi.org/10.1109/HUMANOIDS57100.2023.10375203,,,,,,,,,,,,,WOS:001156965200064,View Full Record in Web of Science
C,"Brignone, LM; Howarth, M",,,IEEE; IEEE,"Brignone, LM; Howarth, M",,,A geometrically validated approach to autonomous robotic assembly,"2002 IEEE/RSJ INTERNATIONAL CONFERENCE ON INTELLIGENT ROBOTS AND SYSTEMS, VOLS 1-3, PROCEEDINGS",,,,,IEEE/RSJ International Conference on Intelligent Robots and Systems (IROS 2002),"SEP 30-OCT 04, 2002","LAUSANNE, SWITZERLAND","IEEE Robot & Automat Soc,IEEE Ind Electr Soc,Robot Soc Japan,Soc Instruments & Control Engineers,INRIA Rhone Alpes Grenoble,EPFL Lausanne",,,,,,,,,,,,,,,,,,,,,,,,,0-7803-7398-7,,,,2002,,,,,,,1626,1631,,,,,,,,,,,,,,,,WOS:000179289100265,View Full Record in Web of Science
C,"Thompson, S; Mannam, P; Temel, Z; Kroemer, O",,,IEEE,"Thompson, Skye; Mannam, Pragna; Temel, Zeynep; Kroemer, Oliver",,,Towards Robust Planar Translations using Delta-manipulator Arrays,2021 IEEE INTERNATIONAL CONFERENCE ON ROBOTICS AND AUTOMATION (ICRA 2021),IEEE International Conference on Robotics and Automation ICRA,,,,IEEE International Conference on Robotics and Automation (ICRA),"MAY 30-JUN 05, 2021","Xian, PEOPLES R CHINA","IEEE,IEEE Robot & Automat Soc,So Univ Sci & Technol,Harbin Inst Technol,Xian Jiaotong Univ,Univ Toronto,Nat Sci & Engn Res Council Canada,Chinese Univ Hong Kong,DJI,Biomimet Intelligence & Robot,Toyota Res Inst,Baidu,Mech Mind Robot Technologies,Facebook AI,Nokov,Manycore,Franka Emika,Zhejiang Univ, Huzhou Inst,Jing Tian,ATI Ind Automat,Amber,Direct Drive Tech,Inceptio,Flexiv,Deeproute AI,Unitree,Waymo,Kuka,Pudu Robot,Deep Robot,Nvidia,MathWorks",,,,,,,,,,"Mannam, Pragna/0000-0001-6428-6050; Temel, Zeynep/0000-0002-1241-3959",,,,,,,,,,,,,1050-4729,2577-087X,978-1-7281-9077-8,,,,2021,,,,,,,6563,6569,,10.1109/ICRA48506.2021.9561003,http://dx.doi.org/10.1109/ICRA48506.2021.9561003,,,,,,,,,,,,,WOS:000765738804132,View Full Record in Web of Science
J,"Calinon, S; Billard, AG",,,,"Calinon, Sylvain; Billard, Aude G.",,,What is the teacher's role in robot programming by demonstration? Toward benchmarks for improved learning,INTERACTION STUDIES,,,,,,,,,,,,,,,,,"Calinon, Sylvain/I-7606-2014","CALINON, Sylvain/0000-0002-9036-6799",,,,,,,,,,,,,1572-0373,1572-0381,,,,,2007,8,3,,,,,441,464,,,,,,,,,,,,,,,,WOS:000252454100006,View Full Record in Web of Science
J,"Liu, NL; Zhou, XD; Liu, ZM; Wang, HW; Cui, L",,,,"Liu, Nailong; Zhou, Xiaodong; Liu, Zhaoming; Wang, Hongwei; Cui, Long",,,Learning peg-in-hole assembly using Cartesian DMPs with feedback mechanism,ASSEMBLY AUTOMATION,,,,,,,,,,,,,,,,,,,,,,,,,,,,,,,0144-5154,1758-4078,,,,NOV 14,2020,40,6,,,,,895,904,,10.1108/AA-04-2020-0053,http://dx.doi.org/10.1108/AA-04-2020-0053,,OCT 2020,,,,,,,,,,,WOS:000583937200001,View Full Record in Web of Science
C,"Chandra, R; Giraud, VH; Alkhatib, M; Mezouar, Y",,,IEEE,"Chandra, Rohit; Giraud, Victor H.; Alkhatib, Mohammad; Mezouar, Youcef",,,Dual quaternion based dynamic movement primitives to learn industrial tasks using teleoperation,"2023 IEEE INTERNATIONAL CONFERENCE ON ROBOTICS AND AUTOMATION, ICRA",IEEE International Conference on Robotics and Automation ICRA,,,,IEEE International Conference on Robotics and Automation (ICRA),"MAY 29-JUN 02, 2023","London, ENGLAND","IEEE,IEEE Robot & Automat Soc",,,,,,,,,"Alkhatib, Mohammad/AAJ-1742-2020","mezouar, youcef/0000-0001-8138-3928; Alkhatib, Mohammad/0000-0003-0971-3835",,,,,,,,,,,,,1050-4729,2577-087X,979-8-3503-2365-8,,,,2023,,,,,,,3757,3763,,10.1109/ICRA48891.2023.10160970,http://dx.doi.org/10.1109/ICRA48891.2023.10160970,,,,,,,,,,,,,WOS:001036713003023,View Full Record in Web of Science
C,"Rafii-Tari, H; Payne, CJ; Riga, C; Bicknell, C; Lee, SL; Yang, GZ",,"Ayache, N; Delingette, H; Golland, P; Mori, K",,"Rafii-Tari, Hedyeh; Payne, Christopher J.; Riga, Celia; Bicknell, Conn; Lee, Su -Lin; Yang, Guang-Zhong",,,Assessment of Navigation Cues with Proximal Force Sensing during Endovascular Catheterization,"MEDICAL IMAGE COMPUTING AND COMPUTER-ASSISTED INTERVENTION - MICCAI 2012, PT II",Lecture Notes in Computer Science,,,,15th International Conference on Medical Image Computing and Computer-Assisted Intervention (MICCAI),"OCT 01-05, 2012","Nice, FRANCE","GE HealthCare,Philips,Siemens,Canon Median,ERC MedYMA,Medtronic,Aviesan,Dosisoft,IHU Strasbourg,IRCAD France,Kitware,Microsoft Res",,,,,,,,,"Yang, Guangzhong/ABB-7316-2021",,,,,,,,,,,,,,0302-9743,1611-3349,978-3-642-33418-4; 978-3-642-33417-7,,,,2012,7511,,,,,,560,567,,,,,,,,,,,23286093,,,,,WOS:000371316700069,View Full Record in Web of Science
J,"Jaquier, N; Zhou, Y; Starke, J; Asfour, T",,,,"Jaquier, Noemie; Zhou, You; Starke, Julia; Asfour, Tamim",,,Learning to Sequence and Blend Robot Skills via Differentiable Optimization,IEEE ROBOTICS AND AUTOMATION LETTERS,,,,,,,,,,,,,,,,,,,,,,,,,,,,,,,2377-3766,,,,,JUL,2022,7,3,,,,,8431,8438,,10.1109/LRA.2022.3184003,http://dx.doi.org/10.1109/LRA.2022.3184003,,,,,,,,,,,,,WOS:000838455200014,View Full Record in Web of Science
J,"Bu, XZ; Li, WJ; Liu, ZX; Ma, ZQ; Huang, PF",,,,"Bu, Xizhou; Li, Wenjuan; Liu, Zhengxiong; Ma, Zhiqiang; Huang, Panfeng",,,Aligning Human Intent From Imperfect Demonstrations With Confidence-Based Inverse Soft-Q Learning,IEEE ROBOTICS AND AUTOMATION LETTERS,,,,,,,,,,,,,,,,,"Li, Wenjuan/ABB-2150-2021; Bu, Xizhou/HTL-3777-2023; Ma, Zhiqiang/J-7603-2019; Liu, Zhengxiong/B-4709-2019","Bu, Xizhou/0009-0004-8132-4599; Liu, Zhengxiong/0000-0002-9427-4066",,,,,,,,,,,,,2377-3766,,,,,AUG,2024,9,8,,,,,7150,7157,,10.1109/LRA.2024.3418275,http://dx.doi.org/10.1109/LRA.2024.3418275,,,,,,,,,,,,,WOS:001262727500004,View Full Record in Web of Science
C,"Lesire, C; Doose, D; Grand, C",,,IEEE,"Lesire, Charles; Doose, David; Grand, Christophe",,,Formalization of Robot Skills with Descriptive and Operational Models,2020 IEEE/RSJ INTERNATIONAL CONFERENCE ON INTELLIGENT ROBOTS AND SYSTEMS (IROS),IEEE International Conference on Intelligent Robots and Systems,,,,IEEE/RSJ International Conference on Intelligent Robots and Systems (IROS),"OCT 24-JAN 24, 2020-2021",ELECTR NETWORK,"IEEE,RSJ",,,,,,,,,,"Grand, Christophe/0000-0002-2310-8757",,,,,,,,,,,,,2153-0858,,978-1-7281-6212-6,,,,2020,,,,,,,7227,7232,,10.1109/IROS45743.2020.9340698,http://dx.doi.org/10.1109/IROS45743.2020.9340698,,,,,,,,,,,,,WOS:000724145801105,View Full Record in Web of Science
C,"Thibault, W; Chavez, FJA; Mombaur, K",,,IEEE,"Thibault, William; Chavez, Francisco Javier Andrade; Mombaur, Katja",,,A standardized benchmark for humanoid whole-body manipulation,2022 IEEE-RAS 21ST INTERNATIONAL CONFERENCE ON HUMANOID ROBOTS (HUMANOIDS),IEEE-RAS International Conference on Humanoid Robots,,,,IEEE-RAS 21st International Conference on Humanoid Robots (Humanoids),"NOV 28-30, 2022","Ginowan, JAPAN","IEEE,IEEE Robot & Automat Soc",,,,,,,,,,,,,,,,,,,,,,,2164-0572,,979-8-3503-0979-9,,,,2022,,,,,,,608,615,,,,,,,,,,,,,,,,WOS:000925894300079,View Full Record in Web of Science
C,"Shi, LX; Lim, JJ; Lee, Y",,"Liu, K; Kulic, D; Ichnowski, J",,"Shi, Lucy Xiaoyang; Lim, Joseph J.; Lee, Youngwoon",,,Skill-based Model-based Reinforcement Learning,"CONFERENCE ON ROBOT LEARNING, VOL 205",Proceedings of Machine Learning Research,,,,6th Conference on Robot Learning (CoRL),"DEC 14-18, 2022","Auckland, NEW ZEALAND",,,,,,,,,,,,,,,,,,,,,,,,2640-3498,,,,,,2022,205,,,,,,2262,2272,,,,,,,,,,,,,,,,WOS:001232393400192,View Full Record in Web of Science
J,"Luo, YK; Li, WY; Wang, P; Duan, HN; Wei, W; Sun, J",,,,"Luo, Yongkang; Li, Wanyi; Wang, Peng; Duan, Haonan; Wei, Wei; Sun, Jia",,,Progressive Transfer Learning for Dexterous In-Hand Manipulation With Multifingered Anthropomorphic Hand,IEEE TRANSACTIONS ON COGNITIVE AND DEVELOPMENTAL SYSTEMS,,,,,,,,,,,,,,,,,"黎, 万义/U-5643-2019; Duan, Haonan/LIH-2762-2024","Wei, Wei/0000-0001-9654-0981; Duan, Haonan/0000-0002-3608-4467; li, wan yi/0000-0002-7643-7132; Wang, Peng/0000-0002-8265-9866",,,,,,,,,,,,,2379-8920,2379-8939,,,,DEC,2024,16,6,,,,,2019,2031,,10.1109/TCDS.2024.3406730,http://dx.doi.org/10.1109/TCDS.2024.3406730,,,,,,,,,,,,,WOS:001371833800013,View Full Record in Web of Science
C,"Torielli, D; Bertoni, L; Tsagarakis, N; Muratore, L",,,IEEE,"Torielli, Davide; Bertoni, Liana; Tsagarakis, Nikos; Muratore, Luca",,,Towards an Open-Source Hardware Agnostic Framework for Robotic End-Effectors Control,2021 20TH INTERNATIONAL CONFERENCE ON ADVANCED ROBOTICS (ICAR),,,,,20th International Conference on Advanced Robotics (ICAR),"DEC 07-10, 2021",ELECTR NETWORK,"IEEE Robot & Automat Soc,Jozef Stefan Inst,Univ Ljubljana, Fac Elect Engn,Univ Verona, Dept Comp Sci",,,,,,,,,"Muratore, Luca/CAA-2744-2022","Torielli, Davide/0000-0002-9711-3006; Muratore, Luca/0000-0002-1265-3370",,,,,,,,,,,,,,,978-1-6654-3684-7,,,,2021,,,,,,,688,694,,10.1109/ICAR53236.2021.9659331,http://dx.doi.org/10.1109/ICAR53236.2021.9659331,,,,,,,,,,,,,WOS:000766318900105,View Full Record in Web of Science
J,"Guan, Y; Wang, N; Yang, CG",,,,"Guan, Yuan; Wang, Ning; Yang, Chenguang",,,Review of the techniques used in motor-cognitive human-robot skill transfer,COGNITIVE COMPUTATION AND SYSTEMS,,,,,,,,,,,,,,,,,"Yang, Chenguang/ABE-7755-2020","Yang, Chenguang/0000-0001-5255-5559",,,,,,,,,,,,,,2517-7567,,,,SEP,2021,3,3,,,,,229,252,,10.1049/ccs2.12025,http://dx.doi.org/10.1049/ccs2.12025,,,,,,,,,,,,,WOS:001062677200006,View Full Record in Web of Science
J,"Liu, X; Wang, GZ; Liu, ZH; Liu, Y; Liu, ZX; Huang, PF",,,,"Liu, Xing; Wang, Gaozhao; Liu, Zihao; Liu, Yu; Liu, Zhengxiong; Huang, Panfeng",,,Hierarchical Reinforcement Learning Integrating With Human Knowledge for Practical Robot Skill Learning in Complex Multi-Stage Manipulation,IEEE TRANSACTIONS ON AUTOMATION SCIENCE AND ENGINEERING,,,,,,,,,,,,,,,,,"刘, 星/JPY-1840-2023; Liu, Zhengxiong/B-4709-2019","Liu, Zhengxiong/0000-0002-9427-4066; Wang, Gaozhao/0009-0003-4184-0903",,,,,,,,,,,,,1545-5955,1558-3783,,,,JUL,2024,21,3,2,,,,3852,3862,,10.1109/TASE.2023.3288037,http://dx.doi.org/10.1109/TASE.2023.3288037,,JUL 2023,,,,,,,,,,,WOS:001035827100001,View Full Record in Web of Science
C,"Straizys, A; Burke, M; Ramamoorthy, S",,,IEEE,"Straizys, Arturas; Burke, Michael; Ramamoorthy, Subramanian",,,Learning robotic cutting from demonstration: Non-holonomic DMPs using the Udwadia-Kalaba method,"2023 IEEE INTERNATIONAL CONFERENCE ON ROBOTICS AND AUTOMATION, ICRA",IEEE International Conference on Robotics and Automation ICRA,,,,IEEE International Conference on Robotics and Automation (ICRA),"MAY 29-JUN 02, 2023","London, ENGLAND","IEEE,IEEE Robot & Automat Soc",,,,,,,,,"Burke, Michael/AAI-8023-2020",,,,,,,,,,,,,,1050-4729,2577-087X,979-8-3503-2365-8,,,,2023,,,,,,,5034,5040,,10.1109/ICRA48891.2023.10160917,http://dx.doi.org/10.1109/ICRA48891.2023.10160917,,,,,,,,,,,,,WOS:001036713004002,View Full Record in Web of Science
J,"Anand, AS; Kaushik, R; Gravdahl, JT; Abu-Dakka, FJ",,,,"Anand, Akhil S.; Kaushik, Rituraj; Gravdahl, Jan Tommy; Abu-Dakka, Fares J.",,,Data-Efficient Reinforcement Learning for Variable Impedance Control,IEEE ACCESS,,,,,,,,,,,,,,,,,"AbuDakka, Fares/M-2085-2019; Abu-Dakka, Fares J./M-4099-2014","Gravdahl, Tommy/0000-0002-5663-0795; Abu-Dakka, Fares J./0000-0001-9062-9416",,,,,,,,,,,,,2169-3536,,,,,,2024,12,,,,,,15631,15641,,10.1109/ACCESS.2024.3355311,http://dx.doi.org/10.1109/ACCESS.2024.3355311,,,,,,,,,,,,,WOS:001155944500001,View Full Record in Web of Science
J,"Wang, WY; Zeng, C; Zhan, H; Yang, CG",,,,"Wang, Weiyong; Zeng, Chao; Zhan, Hong; Yang, Chenguang",,,A Novel Robust Imitation Learning Framework for Complex Skills With Limited Demonstrations,IEEE TRANSACTIONS ON AUTOMATION SCIENCE AND ENGINEERING,,,,,,,,,,,,,,,,,"Yang, Chenguang/AAJ-2509-2020","Wang, Weiyong/0009-0008-6694-9100",,,,,,,,,,,,,1545-5955,1558-3783,,,,2024 MAY 24,2024,,,,,,,,,,10.1109/TASE.2024.3403833,http://dx.doi.org/10.1109/TASE.2024.3403833,,MAY 2024,,,,,,,,,,,WOS:001230792000001,View Full Record in Web of Science
J,"Gao, ZY; Elibol, A; Chong, NY",,,,"Gao, Ziyan; Elibol, Armagan; Chong, Nak Young",,,A few-shot learning framework for planar pushing of unknown objects,INTELLIGENT SERVICE ROBOTICS,,,,,,,,,,,,,,,,,"Elibol, Armagan/B-4103-2013","Chong, Nak Young/0000-0001-5736-0769; GAO, ZIYAN/0000-0001-9948-7960; Elibol, Armagan/0000-0003-0661-9536",,,,,,,,,,,,,1861-2776,1861-2784,,,,JUL,2022,15,3,,,,,335,350,,10.1007/s11370-022-00425-7,http://dx.doi.org/10.1007/s11370-022-00425-7,,MAY 2022,,,,,,,,,,,WOS:000799640700001,View Full Record in Web of Science
J,"Wang, Y; Wang, J; Li, YX; Yang, T; Ren, C",,,,"Wang, Yu; Wang, Juan; Li, Yaxin; Yang, Tao; Ren, Cheng",,,The Deep Reinforcement Learning-Based VR Training System With Haptic Guidance for Catheterization Skill Transfer,IEEE SENSORS JOURNAL,,,,,,,,,,,,,,,,,"Wang, Yu/CAH-6819-2022","Li, Yaxin/0000-0002-7659-4138; Ren, Cheng/0000-0002-3864-5336; Yang, Tao/0000-0002-0422-2036",,,,,,,,,,,,,1530-437X,1558-1748,,,,DEC 1,2022,22,23,,,,,23356,23366,,10.1109/JSEN.2022.3212989,http://dx.doi.org/10.1109/JSEN.2022.3212989,,,,,,,,,,,,,WOS:000893571900106,View Full Record in Web of Science
C,"Kenney, J; Buckley, T; Brock, O",,,IEEE,"Kenney, Jacqueline; Buckley, Thomas; Brock, Oliver",,,Interactive Segmentation for Manipulation in Unstructured Environments,"ICRA: 2009 IEEE INTERNATIONAL CONFERENCE ON ROBOTICS AND AUTOMATION, VOLS 1-7",IEEE International Conference on Robotics and Automation ICRA,,,,IEEE International Conference on Robotics and Automation,"MAY 12-17, 2009","Kobe, JAPAN",IEEE,,,,,,,,,,,,,,,,,,,,,,,1050-4729,2577-087X,978-1-4244-2788-8,,,,2009,,,,,,,1343,1348,,,,,,,,,,,,,,,,WOS:000276080400218,View Full Record in Web of Science
J,"Palm, R; Iliev, B",,,,"Palm, Rainer; Iliev, Boyko",,,Programming-by-Demonstration and Adaptation of Robot Skills by Fuzzy Time Modeling,INTERNATIONAL JOURNAL OF HUMANOID ROBOTICS,,,,,,,,,,,,,,,,,,,,,,,,,,,,,,,0219-8436,1793-6942,,,,MAR,2014,11,1,,,SI,,,,1450009,10.1142/S0219843614500091,http://dx.doi.org/10.1142/S0219843614500091,,,,,,,,,,,,,WOS:000334602700007,View Full Record in Web of Science
C,"Liu, ZQ; Nakamura, T",,,IEEE,"Liu, ZQ; Nakamura, T",,,Skill-based micromanipulation system for assembly operation,MHS2003: PROCEEDINGS OF 2003 INTERNATIONAL SYMPOSIUM ON MICROMECHATRONICS AND HUMAN SCIENCE,,,,,International Symposium on Micromechatronics and Human Science,"OCT 19-22, 2003","Nagoua Municipal Ind Res Inst, Nagoya, JAPAN","IEEE Robot & Automat Soc,Nagoya City,Nagoya Urban Ind Promot Corp,Chubu Sci & Technol Ctr,Nagoya City Sci Musem,Kagawa Univ,Gifu Univ,Int Symp Micromechatron & Human Sci Comm,Minist Educ, Culture, Sports, Sci & Technol,Chubu Bureau Econ, Trade & Ind,Micromach Ctr,Federat Micromach Technol,Aichi Prefecture,Gifu Prefecture,Mie Prefecture,Shizuoka Prefecture,Nagano Prefecture,Nagoya Chamber Commerce & Ind,Nagoya Junior Chamber,21st Century COE,Japan Soc Mech Engineers,Robot Soc Japan,Soc Instrument & Control Engineets,Res Comm Micromech,Japan Soc Precis Enf\gn, Tech Comm Micro-Mech,IEEE Ind Elect Soc,IEEE Nantechnol Council,NPO",Nagoua Municipal Ind Res Inst,,,,,,,,,,,,,,,,,,,,,,,,0-7803-8165-3,,,,2003,,,,,,,197,203,,10.1109/MHS.2003.1249932,http://dx.doi.org/10.1109/MHS.2003.1249932,,,,,,,,,,,,,WOS:000189405400032,View Full Record in Web of Science
C,"Arduengo, M; Arduengo, A; Colomé, A; Lobo-Prat, J; Torras, C",,,IEEE,"Arduengo, Miguel; Arduengo, Ana; Colome, Adria; Lobo-Prat, Joan; Torras, Carme",,,Human to Robot Whole-Body Motion Transfer,PROCEEDINGS OF THE 2020 IEEE-RAS 20TH INTERNATIONAL CONFERENCE ON HUMANOID ROBOTS (HUMANOIDS 2020),IEEE-RAS International Conference on Humanoid Robots,,,,20th IEEE-RAS International Conference on Humanoid Robots (HUMANOIDS),"JUL 19-21, 2021",ELECTR NETWORK,"IEEE,IEEE Robot & Automat Soc",,,,,,,,,"Lobo-Prat, Joan/C-9754-2019; Torras, Carme/M-1794-2014","Torras, Carme/0000-0002-2933-398X",,,,,,,,,,,,,2164-0572,,978-1-7281-9372-4,,,,2021,,,,,,,299,305,,10.1109/HUMANOIDS47582.2021.9555769,http://dx.doi.org/10.1109/HUMANOIDS47582.2021.9555769,,,,,,,,,,,,,WOS:000728400200033,View Full Record in Web of Science
C,"Thuruthel, TG; Iida, F",,,IEEE,"Thuruthel, Thomas George; Iida, Fumiya",,,Multi-modal Sensor Fusion for Learning Rich Models for Interacting Soft Robots,"2023 IEEE INTERNATIONAL CONFERENCE ON SOFT ROBOTICS, ROBOSOFT",IEEE International Conference on Soft Robotics,,,,IEEE International Conference on Soft Robotics (RoboSoft),"APR 03-07, 2023","Singapore, SINGAPORE",IEEE,,,,,,,,,"Thuruthel, Thomas/K-8559-2019; Iida, Fumiya/D-3258-2012",,,,,,,,,,,,,,2769-4526,,979-8-3503-3222-3,,,,2023,,,,,,,,,,10.1109/RoboSoft55895.2023.10121992,http://dx.doi.org/10.1109/RoboSoft55895.2023.10121992,,,,,,,,,,,,,WOS:001008269300050,View Full Record in Web of Science
C,"Winkler, J; Bálint-Benczédi, F; Wiedemeyer, T; Beetz, M; Vaskevicius, N; Mueller, CA; Fromm, T; Birk, A",,,Assoc Comp Machinery,"Winkler, Jan; Balint-Benczedi, Ferenc; Wiedemeyer, Thiemo; Beetz, Michael; Vaskevicius, Narunas; Mueller, Christian A.; Fromm, Tobias; Birk, Andreas",,,Knowledge-Enabled Robotic Agents for Shelf Replenishment in Cluttered Retail Environments,AAMAS'16: PROCEEDINGS OF THE 2016 INTERNATIONAL CONFERENCE ON AUTONOMOUS AGENTS & MULTIAGENT SYSTEMS,,,,,15th International Conference on Autonomous Agents and Multiagent Systems (AAMAS),"MAY 09-10, 2016","Singapore, SINGAPORE","Int Fdn Autonomous Agents & Multiagent Syst,Natl Sci Fdn,Artificial Intelligence Journal,Springer,Unicen,Sumitomo Elect,Living Analyt Res Ctr,Panasonic R & D Ctr Singapore,Assoc Comp Machinery Special Interest Grp Artificial Intelligence,Assoc Comp Machinery",,,,,,,,,"Birk, Andreas/W-9259-2019","Winkler, Jan/0000-0002-5064-4459; Birk, Andreas/0000-0003-4577-2525; Beetz, Michael/0000-0002-7888-7444",,,,,,,,,,,,,,,978-1-4503-4239-1,,,,2016,,,,,,,1421,1422,,,,,,,,,,,,,,,,WOS:000465199800225,View Full Record in Web of Science
C,"Li, CS; Zhang, RH; Wong, J; Gokmen, C; Srivastava, S; Martin-Martin, R; Wang, C; Levine, G; Lingelbach, M; Sun, JK; Anvari, M; Hwang, M; Sharma, M; Aydin, A; Bansal, D; Hunter, S; Kim, KY; Lou, A; Matthews, CR; Villa-Renteria, I; Tang, JH; Tang, C; Xia, F; Savarese, S; Gweon, H; Liu, CK; Wu, JJ; Fei-Fei, L",,"Liu, K; Kulic, D; Ichnowski, J",,"Li, Chengshu; Zhang, Ruohan; Wong, Josiah; Gokmen, Cem; Srivastava, Sanjana; Martin-Martin, Roberto; Wang, Chen; Levine, Gabrael; Lingelbach, Michael; Sun, Jiankai; Anvari, Mona; Hwang, Minjune; Sharma, Manasi; Aydin, Arman; Bansal, Dhruva; Hunter, Samuel; Kim, Kyu-Young; Lou, Alan; Matthews, Caleb R.; Villa-Renteria, Ivan; Tang, Jerry Huayang; Tang, Claire; Xia, Fei; Savarese, Silvio; Gweon, Hyowon; Liu, C. Karen; Wu, Jiajun; Fei-Fei, Li",,,"BEHAVIOR-1K: A Benchmark for Embodied AI with 1,000 Everyday Activities and Realistic Simulation","CONFERENCE ON ROBOT LEARNING, VOL 205",Proceedings of Machine Learning Research,,,,6th Conference on Robot Learning (CoRL),"DEC 14-18, 2022","Auckland, NEW ZEALAND",,,,,,,,,,"Zhang, Ruohan/HPH-7886-2023; Li, Feifei/AAJ-1778-2020",,,,,,,,,,,,,,2640-3498,,,,,,2022,205,,,,,,80,93,,,,,,,,,,,,,,,,WOS:001232393400008,View Full Record in Web of Science
J,"Yue, SG; Henrich, D",,,,"Yue, Shigang; Henrich, Dominik",,,Manipulating deformable linear objects: Fuzzy-based active vibration damping skill,JOURNAL OF INTELLIGENT & ROBOTIC SYSTEMS,,,,,,,,,,,,,,,,,,"Yue, Shigang/0000-0002-1899-6307",,,,,,,,,,,,,0921-0296,1573-0409,,,,JUL,2006,46,3,,,,,201,219,,10.1007/s10846-006-9049-1,http://dx.doi.org/10.1007/s10846-006-9049-1,,,,,,,,,,,,,WOS:000240553000001,View Full Record in Web of Science
C,"Stark, S; Peters, J; Rueckert, E",,,IEEE,"Stark, Svenja; Peters, Jan; Rueckert, Elmar",,,A Comparison of Distance Measures for Learning Nonparametric Motor Skill Libraries,2017 IEEE-RAS 17TH INTERNATIONAL CONFERENCE ON HUMANOID ROBOTICS (HUMANOIDS),,,,,IEEE-RAS 17th International Conference on Humanoid Robotics (Humanoids),"NOV 15-17, 2017","Birmingham, ENGLAND","IEEE, RAS",,,,,,,,,"Peters, Jan/D-5068-2009","Rueckert, Elmar/0000-0003-1221-8253",,,,,,,,,,,,,,,978-1-5386-4678-6,,,,2017,,,,,,,624,630,,,,,,,,,,,,,,,,WOS:000427350100090,View Full Record in Web of Science
C,"Yang, J; Sadigh, D; Finn, C",,"Tan, J; Toussaint, M; Darvish, K",,"Yang, Jonathan; Sadigh, Dorsa; Finn, Chelsea",,,Polybot: Training One Policy Across Robots While Embracing Variability,"CONFERENCE ON ROBOT LEARNING, VOL 229",Proceedings of Machine Learning Research,,,,7th Conference on Robot Learning (CoRL),"NOV 06-09, 2023","Atlanta, GA",,,,,,,,,,"Shah, Dhruv/G-9659-2016","Finn, Chelsea/0000-0001-6298-0874",,,,,,,,,,,,,2640-3498,,,,,,2023,229,,,,,,,,,,,,,,,,,,,,,,,WOS:001221201503002,View Full Record in Web of Science
C,"Peters, J; Mülling, K; Kober, J; Duy, NT; Krömer, O",,"DeRaedt, L; Bessiere, C; Dubois, D; Doherty, P; Frasconi, P; Heintz, F; Lucas, P",,"Peters, Jan; Muelling, Katharina; Kober, Jens; Duy Nguyen-Tuong; Kroemer, Oliver",,,Robot Skill Learning,20TH EUROPEAN CONFERENCE ON ARTIFICIAL INTELLIGENCE (ECAI 2012),Frontiers in Artificial Intelligence and Applications,,,,20th European Conference on Artificial Intelligence (ECAI),"AUG 27-31, 2012","CNRS, Montpellier, FRANCE","European Coordinating Comm Artificial Intelligence,Assoc Francaise Intelligence Artificielle,US AF Res Lab, AF Off Sci Res, European Off Aerosp Res & Dev,Artificial Intelligence,IBM Res,IOS Press,Mines Telecom,Montpellier Agglomerat,Reg Languedoc Roussillon,Univ Montpellier 2,Lab Informatique Robotique Microelectronique Montpellier",CNRS,,,,,,,,"Kober, Jens/I-9119-2017; Peters, Jan/D-5068-2009","Kober, Jens/0000-0001-7257-5434; Peters, Jan/0000-0002-5266-8091",,,,,,,,,,,,,0922-6389,1879-8314,978-1-61499-098-7; 978-1-61499-097-0,,,,2012,242,,,,,,40,45,,10.3233/978-1-61499-098-7-40,http://dx.doi.org/10.3233/978-1-61499-098-7-40,,,,,,,,,,,,,WOS:000349006300010,View Full Record in Web of Science
C,"Nápoles, VMP; Balaguer, C; Giménez, A; Pastor, JM; Abderrahim, M",,"Armada, M; DeSantos, PG",,"Nápoles, VMP; Balaguer, C; Giménez, A; Pastor, JM; Abderrahim, M",,,Skill-based motion planning of a climbing robot for complex metallic structures,PROCEEDINGS OF THE THIRD INTERNATIONAL CONFERENCE ON CLIMBING AND WALKING ROBOTS,,,,,3rd International Conference on Climbing and Walking Robots (CLAWAR 2000),"OCT 02-04, 2000","MADRID, SPAIN","IEE,IEEE,BARA,CEA,BSMEE,Comunidad Madrid,CDTU,AER ATP,FZI,CSIC,DERA,Forward Ind,Univ Portsmouth,Gravatom,ISQ,Kentree,Portech,RISO,Univ Kaiserslautern,Univ Salford,Robosoft,Odense Steel Shipyard Ltd,IRP,UWE Bristol",,,,,,,,,"Pastor Garcia, Jose Manuel/J-6077-2013; Gimenez, Antonio/L-6631-2014; Abderrahim, Mohamed/E-3059-2017","Pastor Garcia, Jose Manuel/0000-0001-5346-996X; Gimenez, Antonio/0000-0001-5167-605X; Abderrahim, Mohamed/0000-0003-4493-5927",,,,,,,,,,,,,,,1-86058-268-0,,,,2000,,,,,,,425,432,,,,,,,,,,,,,,,,WOS:000165883300046,View Full Record in Web of Science
J,"Dowland, B; Clarkson, J; Cipolla, R",,,,"Dowland, B; Clarkson, J; Cipolla, R",,,A prototyping strategy for use in interactive robotic system development,ROBOTICA,,,,,,,,,,,,,,,,,"Clarkson, P/GLR-3580-2022; Arandjelović, Ognjen/V-5255-2019","Cipolla, Roberto/0000-0002-8999-2151; Clarkson, P. John/0000-0001-8018-7706",,,,,,,,,,,,,0263-5747,,,,,SEP-OCT,1998,16,,5,,,,517,521,,10.1017/S0263574798000678,http://dx.doi.org/10.1017/S0263574798000678,,,,,,,,,,,,,WOS:000076650800006,View Full Record in Web of Science
C,"Milighetti, G; Kuntze, HB; Frey, CW; Diestel-Feddersen, B; Balzer, J",,,IEEE,"Milighetti, G; Kuntze, HB; Frey, CW; Diestel-Feddersen, B; Balzer, J",,,On a primitive skill-based supervisory robot control architecture,2005 12th International Conference on Advanced Robotics,,,,,12th International Conference on Advanced Robotics,"JUL 17-20, 2005","Seattle, WA",IEEE,,,,,,,,,,"Frey, Christian Walter/0000-0003-2820-6214",,,,,,,,,,,,,,,0-7803-9177-2,,,,2005,,,,,,,141,147,,,,,,,,,,,,,,,,WOS:000234272400022,View Full Record in Web of Science
C,"Wei, YZ; Zhao, MY",,"Zhang, GJ; Zhao, HJ; Wang, ZY; Jiang, H; Jiang, J; Li, G; Wang, Q; Wei, C",,"Wei, YZ; Zhao, MY",,,A framework for the robot skill learning using reinforcement learning,FIFTH INTERNATIONAL SYMPOSIUM ON INSTRUMENTATION AND CONTROL TECHNOLOGY,Proceedings of SPIE,,,,5th International Symposium on Instrumentation and Control Technology,"OCT 24-27, 2003","BEIJING, PEOPLES R CHINA","Natl Nat Sci Fdn China,Chinese Soc Aeronaut & Astronaut,China Instrument & Control Soc,Chinese Soc Astronaut,Chinese Assoc Automat,SPIE,Beijing Univ Aeronaut & Astronaut,Univ Paderborn,Univ Essen,Hiroshima Shudo Univ,Pusan Natl Univ",,,,,,,,,,,,,,,,,,,,,,,0277-786X,1996-756X,0-8194-5137-1,,,,2003,5253,,,,,,910,914,,10.1117/12.522188,http://dx.doi.org/10.1117/12.522188,,,,,,,,,,,,,WOS:000187954200193,View Full Record in Web of Science
J,"Ruppel, P; Zhang, JW",,,,"Ruppel, Philipp; Zhang, Jianwei",,,Elastic Tactile Sensor Glove for Dexterous Teaching by Demonstration,SENSORS,,,,,,,,,,,,,,,,,,,,,,,,,,,,,,,,1424-8220,,,,MAR,2024,24,6,,,,,,,1912,10.3390/s24061912,http://dx.doi.org/10.3390/s24061912,,,,,,,,38544174,,,,,WOS:001192909800001,View Full Record in Web of Science
C,"Castañeda, TS; Matos, J; Capsi-Morales, P; Piazza, C",,,IEEE,"Castaneda, Theophil Spiegeler; Matos, Joana; Capsi-Morales, Patricia; Piazza, Cristina",,,"Spatial and Temporal Analysis of Normal and Shear Forces During Grasping, Manipulation and Social Activities","2023 INTERNATIONAL CONFERENCE ON REHABILITATION ROBOTICS, ICORR",International Conference on Rehabilitation Robotics ICORR,,,,International Conference on Rehabilitation Robotics (ICORR),"SEP 24-28, 2023","Singapore, SINGAPORE",,,,,,,,,,"Piazza, Cristina/ABA-4649-2021","Matos, Joana/0009-0003-5700-4168; Piazza, Cristina/0000-0002-0358-8677",,,,,,,,,,,,,1945-7898,,979-8-3503-4275-8,,,,2023,,,,,,,,,,10.1109/ICORR58425.2023.10304717,http://dx.doi.org/10.1109/ICORR58425.2023.10304717,,,,,,,,37941284,,,,,WOS:001103260000045,View Full Record in Web of Science
J,"Li, JX; Han, H; Hu, JX; Lin, JW; Li, PY",,,,"Li, Jiaxin; Han, Hasiaoqier; Hu, Jinxin; Lin, Junwei; Li, Peiyi",,,Robot Learning Method for Human-like Arm Skills Based on the Hybrid Primitive Framework,SENSORS,,,,,,,,,,,,,,,,,"Li, Jiaxin/GOV-4862-2022","Li, Jiaxin/0009-0006-4239-8442; Li, Peiyi/0000-0003-2373-9724",,,,,,,,,,,,,,1424-8220,,,,JUN,2024,24,12,,,,,,,3964,10.3390/s24123964,http://dx.doi.org/10.3390/s24123964,,,,,,,,38931748,,,,,WOS:001256536100001,View Full Record in Web of Science
C,"Girgin, H; Jankowski, J; Calinon, S",,"Asfour, T; Billard, A; Khatib, O",,"Girgin, Hakan; Jankowski, Julius; Calinon, Sylvain",,,Reactive Anticipatory Robot Skills with Memory,"ROBOTICS RESEARCH, ISRR 2022",Springer Proceedings in Advanced Robotics,,,,18th International Symposium of Robotics Research (ISRR),"SEP 25-30, 2022","Ecole Polytechnique Frdrrale Lausanne, Geneva, SWITZERLAND",Int Fdn Robot Res,Ecole Polytechnique Frdrrale Lausanne,,,,,,,,,"Girgin, Hakan/0000-0002-4776-7888",,,,,,,,,,,,,2511-1256,2511-1264,978-3-031-25557-1; 978-3-031-25555-7; 978-3-031-25554-0,,,,2023,27,,,,,,436,451,,10.1007/978-3-031-25555-7_30,http://dx.doi.org/10.1007/978-3-031-25555-7_30,,,,,,,,,,,,,WOS:001008380600030,View Full Record in Web of Science
C,"Kalakrishnan, M; Righetti, L; Pastor, P; Schaal, S",,,IEEE,"Kalakrishnan, Mrinal; Righetti, Ludovic; Pastor, Peter; Schaal, Stefan",,,Learning Force Control Policies for Compliant Manipulation,2011 IEEE/RSJ INTERNATIONAL CONFERENCE ON INTELLIGENT ROBOTS AND SYSTEMS,IEEE International Conference on Intelligent Robots and Systems,,,,IEEE/RSJ International Conference on Intelligent Robots and Systems,"SEP 25-30, 2011","San Francisco, CA","IEEE,Robot Soc Japan (RSJ),BOSCH,HONDA,KUKA,SRI Int,ABB,Willow Garage,ALDEBARAN,Google,INTUITIVE Surg,SCHUNK,IEEE Ind Elect Soc (IES),Soc Instrument & Control Engineers (SICE),New Technol Fdn (NTF),IEEE Robot & Automat Soc (RAS),Inst Control, Robto & Syst (ICROS)",,,,,,,,,"; Righetti, Ludovic/P-1261-2018","Kalakrishnan, Mrinal/0000-0003-4292-9857; Righetti, Ludovic/0000-0002-6458-9112",,,,,,,,,,,,,2153-0858,,978-1-61284-455-8,,,,2011,,,,,,,4639,4644,,,,,,,,,,,,,,,,WOS:000297477504149,View Full Record in Web of Science
J,"Asfour, T; Wächter, M; Kaul, L; Rader, S; Weiner, P; Ottenhaus, S; Grimm, R; Zhou, Y; Grotz, M; Paus, F",,,,"Asfour, Tamim; Waechter, Mirko; Kaul, Lukas; Rader, Samuel; Weiner, Pascal; Ottenhaus, Simon; Grimm, Raphael; Zhou, You; Grotz, Markus; Paus, Fabian",,,ARMAR-6: A High-Performance Humanoid for Human-Robot Collaboration in Real-World Scenarios,IEEE ROBOTICS & AUTOMATION MAGAZINE,,,,,,,,,,,,,,,,,,"Grotz, Markus/0000-0001-7257-5872; Weiner, Pascal/0000-0002-2524-8454; Asfour, Tamim/0000-0003-4879-7680; Grimm, Raphael/0000-0001-5532-5468; Rader, Samuel/0000-0002-0353-1451; Paus, Fabian/0000-0002-3885-9035",,,,,,,,,,,,,1070-9932,1558-223X,,,,DEC,2019,26,4,,,,,108,121,,10.1109/MRA.2019.2941246,http://dx.doi.org/10.1109/MRA.2019.2941246,,,,,,,,,,,,,WOS:000502779800013,View Full Record in Web of Science
J,"Heikkilä, T; Pakkala, D; Seppälä, T; Kotaniemi, J; Pääkkönen, P; Saukkoriipi, J; Niskanen, I",,,,"Heikkila, Tapio; Pakkala, Daniel; Seppala, Tuomas; Kotaniemi, Jarkko; Paakkonen, Pekka; Saukkoriipi, Janne; Niskanen, Ilkka",,,Manufacturing operations as services by robots with skills,OPEN ENGINEERING,,,,,,,,,,,,,,,,,,"Kotaniemi, Jarkko/0009-0004-4121-5574; , Tapio/0000-0001-7180-2148",,,,,,,,,,,,,2391-5439,,,,,NOV 7,2022,12,1,,,,,627,639,,10.1515/eng-2022-0380,http://dx.doi.org/10.1515/eng-2022-0380,,,,,,,,,,,,,WOS:000879839700001,View Full Record in Web of Science
J,"Dou, SX; Xiao, JL; Zhao, W; Yuan, H; Liu, HT",,,,"Dou, Saixiong; Xiao, Juliang; Zhao, Wei; Yuan, Hang; Liu, Haitao",,,A Robot Skill Learning Framework Based on Compliant Movement Primitives,JOURNAL OF INTELLIGENT & ROBOTIC SYSTEMS,,,,,,,,,,,,,,,,,"liu, haitao/G-6290-2011","Xiao, Juliang/0000-0002-8221-8104",,,,,,,,,,,,,0921-0296,1573-0409,,,,MAR,2022,104,3,,,,,,,53,10.1007/s10846-022-01605-4,http://dx.doi.org/10.1007/s10846-022-01605-4,,,,,,,,,,,,,WOS:000767931700001,View Full Record in Web of Science
C,"So, P; Abdelrahman, A; Le, HQ; Swikir, A; Haddadin, S",,"Secchi, C; Marconi, L",,"So, Peter; Abdelrahman, Ahmed; Hoan Quang Le; Swikir, Abdalla; Haddadin, Sami",,,Towards Mastering Real-World Robot Benchmarking: Lessons Learned from the Robothon Grand Challenge,"EUROPEAN ROBOTICS FORUM 2024, ERF, VOL 2",Springer Proceedings in Advanced Robotics,,,,15th European Robotics Forum,"MAR 13-15, 2024","Rimini, ITALY",,,,,,,,,,,,,,,,,,,,,,,,2511-1256,2511-1264,978-3-031-76430-1; 978-3-031-76428-8; 978-3-031-76427-1,,,,2024,33,,,,,,87,91,,10.1007/978-3-031-76428-8_17,http://dx.doi.org/10.1007/978-3-031-76428-8_17,,,,,,,,,,,,,WOS:001430985500017,View Full Record in Web of Science
C,"Hammoud, A; Belcamino, V; Huet, Q; Carfi, A; Khoramshahi, M; Perdereau, V; Mastrogiovanni, F",,,IEEE,"Hammoud, Ali; Belcamino, Valerio; Huet, Quentin; Carfi, Alessandro; Khoramshahi, Mahdi; Perdereau, Veronique; Mastrogiovanni, Fulvio",,,Robotic in-hand manipulation with relaxed optimization,"2024 33RD IEEE INTERNATIONAL CONFERENCE ON ROBOT AND HUMAN INTERACTIVE COMMUNICATION, ROMAN 2024",IEEE RO-MAN,,,,33rd IEEE International Conference on Robot and Human Interactive Communication (IEEE RO-MAN) - Embracing Human-Centered HRI,"AUG 26-30, 2024","Pasadena, CA","IEEE,IEEE Robot & Automat Soc,Robot Soc Japan,Korea Robot Soc,UBTECH,FUTRONICS",,,,,,,,,,,,,,,,,,,,,,,1944-9445,,979-8-3503-7503-9; 979-8-3503-7502-2,,,,2024,,,,,,,1422,1429,,10.1109/RO-MAN60168.2024.10731302,http://dx.doi.org/10.1109/RO-MAN60168.2024.10731302,,,,,,,,,,,,,WOS:001348918600184,View Full Record in Web of Science
C,"Eiband, T; Lay, F; Nottensteiner, K; Lee, D",,"Longo, F; Shen, W; Padovano, A",,"Eiband, Thomas; Lay, Florian; Nottensteiner, Korbinian; Lee, Dongheui",,,Unifying Skill-Based Programming and Programming by Demonstration through Ontologies,"5TH INTERNATIONAL CONFERENCE ON INDUSTRY 4.0 AND SMART MANUFACTURING, ISM 2023",Procedia Computer Science,,,,5th International Conference on Industry 4.0 and Smart Manufacturing (ISM),"NOV 22-24, 2023","Lisbon, PORTUGAL",,,,,,,,,,,,,,,,,,,,,,,,1877-0509,,,,,,2024,232,,,,,,595,605,,10.1016/j.procs.2024.01.059,http://dx.doi.org/10.1016/j.procs.2024.01.059,,,,,,,,,,,,,WOS:001196800600059,View Full Record in Web of Science
J,"Luo, JL; Xu, C; Liu, FC; Tan, L; Lin, ZP; Wu, J; Abbeel, P; Levine, S",,,,"Luo, Jianlan; Xu, Charles; Liu, Fangchen; Tan, Liam; Lin, Zipeng; Wu, Jeffrey; Abbeel, Pieter; Levine, Sergey",,,FMB: A functional manipulation benchmark for generalizable robotic learning,INTERNATIONAL JOURNAL OF ROBOTICS RESEARCH,,,,,,,,,,,,,,,,,"Lin, Zipeng/HTO-1205-2023","Luo, Jianlan/0009-0008-8029-7794",,,,,,,,,,,,,0278-3649,1741-3176,,,,2024 SEP 22,2024,,,,,,,,,,10.1177/02783649241276017,http://dx.doi.org/10.1177/02783649241276017,,SEP 2024,,,,,,,,,,,WOS:001317884800001,View Full Record in Web of Science
C,"Li, BQ; Liu, X; Liu, ZX; Huang, PF",,,IEEE,"Li, Bingqian; Liu, Xing; Liu, Zhengxiong; Huang, Panfeng",,,Hybrid Reinforcement Learning based on Human Preference and Advice for Efficient Robot Skill Learning,"2024 INTERNATIONAL CONFERENCE ON ADVANCED ROBOTICS AND MECHATRONICS, ICARM 2024",International Conference on Advanced Robotics and Mechatronics ICARM,,,,9th IEEE International Conference on Advanced Robotics and Mechatronics (ICARM),"JUL 08-10, 2024","Tokyo, JAPAN","IEEE,lEEE Syst, Man & Cybernet Soc,lEEE Robot & Automat Soc,IEEE SMC Tech Comm Bio Mechatrons & Bio Robot Syst,IEEE RAS Tech Comm Neuro Robot Syst,Chinese Assoc Automat, Tech Comm Robot Intelligence",,,,,,,,,,"Li, Bingqian/0000-0001-7103-9103",,,,,,,,,,,,,2993-4982,,979-8-3503-8573-1; 979-8-3503-8572-4,,,,2024,,,,,,,655,661,,10.1109/ICARM62033.2024.10715884,http://dx.doi.org/10.1109/ICARM62033.2024.10715884,,,,,,,,,,,,,WOS:001345014800108,View Full Record in Web of Science
C,"Acker, J; Henrich, D",,,IEEE; IEEE; IEEE,"Acker, J; Henrich, D",,,Manipulating deformable linear objects: Characteristic features for vision-based detection of contact state transitions,PROCEEDINGS OF THE 2003 IEEE INTERNATIONAL SYMPOSIUM ON ASSEMBLY AND TASK PLANNING (ISATP2003),,,,,5th IEEE International Symposium on Assembly and Task Planning (ISATP2003),"JUL 10-11, 2003","BESANCON, FRANCE","IEEE Robot & Automat Soc,Assembly Net",,,,,,,,,,,,,,,,,,,,,,,,,0-7803-7770-2,,,,2003,,,,,,,204,209,,10.1109/ISATP.2003.1217212,http://dx.doi.org/10.1109/ISATP.2003.1217212,,,,,,,,,,,,,WOS:000184467400036,View Full Record in Web of Science
C,"Sawhney, A; Lee, S; Zhang, K; Veloso, M; Kroemer, O",,"Siciliano, B; Laschi, C; Khatib, O",,"Sawhney, Amrita; Lee, Steven; Zhang, Kevin; Veloso, Manuela; Kroemer, Oliver",,,Playing with Food: Learning Food Item Representations Through Interactive Exploration,EXPERIMENTAL ROBOTICS,Springer Proceedings in Advanced Robotics,,,,17th International Symposium on Experimental Robotics (ISER),"NOV 09-12, 2020",MALTA,Int Foundation Robot Res,,,,,,,,,,"Kroemer, Oliver/0000-0003-2007-3867",,,,,,,,,,,,,2511-1256,2511-1264,978-3-030-71153-5; 978-3-030-71151-1; 978-3-030-71150-4,,,,2021,19,,,,,,309,322,,10.1007/978-3-030-71151-1_28,http://dx.doi.org/10.1007/978-3-030-71151-1_28,,,,,,,,,,,,,WOS:001327110100028,View Full Record in Web of Science
C,"Ahuja, S; Admoni, H; Steinfeld, A",,,IEEE,"Ahuja, Sarthak; Admoni, Henny; Steinfeld, Aaron",,,Learning Vision-Based Physics Intuition Models for Non-Disruptive Object Extraction,2020 IEEE/RSJ INTERNATIONAL CONFERENCE ON INTELLIGENT ROBOTS AND SYSTEMS (IROS),IEEE International Conference on Intelligent Robots and Systems,,,,IEEE/RSJ International Conference on Intelligent Robots and Systems (IROS),"OCT 24-JAN 24, 2020-2021",ELECTR NETWORK,"IEEE,RSJ",,,,,,,,,"Steinfeld, Aldo/B-8869-2008","Admoni, Henny/0000-0003-1796-2196",,,,,,,,,,,,,2153-0858,,978-1-7281-6212-6,,,,2020,,,,,,,8161,8168,,10.1109/IROS45743.2020.9341675,http://dx.doi.org/10.1109/IROS45743.2020.9341675,,,,,,,,,,,,,WOS:000724145802063,View Full Record in Web of Science
C,"Bozhinoski, D; Aguado, E; Oviedo, MG; Hernandez, C; Sanz, R; Wasowski, A",,,IEEE COMP SOC,"Bozhinoski, Darko; Aguado, Esther; Oviedo, Mario Garzon; Hernandez, Carlos; Sanz, Ricardo; Wasowski, Andrzej",,,A Modeling Tool for Reconfigurable Skills in ROS,2021 IEEE/ACM 3RD INTERNATIONAL WORKSHOP ON ROBOTICS SOFTWARE ENGINEERING (ROSE 2021),,,,,3rd IEEE/ACM International Workshop on Robotics Software Engineering (RoSE),"JUN 02, 2021",ELECTR NETWORK,"IEEE,Assoc Comp Machinery,IEEE Comp Soc",,,,,,,,,"Aguado, Esther/GLT-1188-2022; Oviedo, Mario/ABI-6479-2020; Garzon Oviedo, Mario Andrei/C-1183-2015; Hernandez Corbato, Carlos/B-1204-2018","Garzon Oviedo, Mario Andrei/0000-0001-6672-4827; Hernandez Corbato, Carlos/0000-0001-6094-4917; Wasowski, Andrzej/0000-0003-0532-2685; Aguado, Esther/0000-0002-7860-9030",,,,,,,,,,,,,,,978-1-6654-4474-3,,,,2021,,,,,,,25,28,,10.1109/RoSE52553.2021.00011,http://dx.doi.org/10.1109/RoSE52553.2021.00011,,,,,,,,,,,,,WOS:000852891100011,View Full Record in Web of Science
J,"Moglia, A; Ferrari, V; Morelli, L; Melfi, F; Ferrari, M; Mosca, F; Cuschieri, A",,,,"Moglia, Andrea; Ferrari, Vincenzo; Morelli, Luca; Melfi, Franca; Ferrari, Mauro; Mosca, Franco; Cuschieri, Alfred",,,Distribution of innate ability for surgery amongst medical students assessed by an advanced virtual reality surgical simulator,SURGICAL ENDOSCOPY AND OTHER INTERVENTIONAL TECHNIQUES,,,,,,,,,,,,,,,,,"Moglia, Andrea/JVM-8313-2024; Cuschieri, Alfred/O-4092-2019; Ferrari, Vincenzo/H-9908-2015; FERRARI, MAURO/K-3270-2018; MORELLI, LUCA/U-7017-2019","Ferrari, Vincenzo/0000-0001-9294-2828; FERRARI, MAURO/0000-0001-7042-0236; Moglia, Andrea/0000-0002-3365-580X; melfi, franca/0000-0002-1773-8269; MORELLI, LUCA/0000-0002-7742-9556",,,,,,,,,,,,,0930-2794,1432-2218,,,,JUN,2014,28,6,,,,,1830,1837,,10.1007/s00464-013-3393-6,http://dx.doi.org/10.1007/s00464-013-3393-6,,,,,,,,24442679,,,,,WOS:000336395400010,View Full Record in Web of Science
C,"Ninomiya, K; Hirokawa, M; Suzuki, K",,"Wani, MA; Sethi, I; Shi, W; Qu, G; Raicu, DS; Jin, R",,"Ninomiya, Kazushi; Hirokawa, Masakazu; Suzuki, Kenji",,,Use of Embedding Spaces for Transferring Robot Skills in Diverse Sensor Settings,20TH IEEE INTERNATIONAL CONFERENCE ON MACHINE LEARNING AND APPLICATIONS (ICMLA 2021),,,,,20th IEEE International Conference on Machine Learning and Applications (ICMLA),"DEC 13-16, 2021",ELECTR NETWORK,IEEE,,,,,,,,,,,,,,,,,,,,,,,,,978-1-6654-4337-1,,,,2021,,,,,,,547,551,,10.1109/ICMLA52953.2021.00091,http://dx.doi.org/10.1109/ICMLA52953.2021.00091,,,,,,,,,,,,,WOS:000779208200084,View Full Record in Web of Science
J,"Hangl, S; Dunjko, V; Briegel, HJ; Piater, J",,,,"Hangl, Simon; Dunjko, Vedran; Briegel, Hans J.; Piater, Justus",,,Skill Learning by Autonomous Robotic Playing Using Active Learning and Exploratory Behavior Composition,FRONTIERS IN ROBOTICS AND AI,,,,,,,,,,,,,,,,,,"Briegel, Hans J/0000-0002-9065-1565",,,,,,,,,,,,,2296-9144,,,,,APR 3,2020,7,,,,,,,,42,10.3389/frobt.2020.00042,http://dx.doi.org/10.3389/frobt.2020.00042,,,,,,,,33501210,,,,,WOS:000528628800001,View Full Record in Web of Science
J,"Yamazaki, K; Ueda, R; Nozawa, S; Kojima, M; Okada, K; Matsumoto, K; Ishikawa, M; Shimoyama, I; Inaba, M",,,,"Yamazaki, Kimitoshi; Ueda, Ryohei; Nozawa, Shunichi; Kojima, Mitsuharu; Okada, Kei; Matsumoto, Kiyoshi; Ishikawa, Masaru; Shimoyama, Isao; Inaba, Masayuki",,,Home-Assistant Robot for an Aging Society,PROCEEDINGS OF THE IEEE,,,,,,,,,,,,,,,,,"Shimoyama, Isao/AAU-7314-2020","Shimoyama, Isao/0000-0002-0116-3085",,,,,,,,,,,,,0018-9219,1558-2256,,,,AUG,2012,100,8,,,SI,,2429,2441,,10.1109/JPROC.2012.2200563,http://dx.doi.org/10.1109/JPROC.2012.2200563,,,,,,,,,,,,,WOS:000306592500005,View Full Record in Web of Science
C,"Basso, A; Hlavác, V; Hulka, J; Jilich, M; Krsek, P; Malassiotis, S; Molfino, R; Smuty, V; Wagner, L; Zoppi, M",,"Pellicciari, M; Peruzzini, M",,"Basso, Andrea; Hlavac, Vaclav; Hulka, Jiri; Jilich, Michael; Krsek, Pavel; Malassiotis, Sotiris; Molfino, Rezia; Smuty, Vladimir; Wagner, Libor; Zoppi, Matteo",,,Towards intelligent autonomous sorting of unclassified nuclear wastes,"27TH INTERNATIONAL CONFERENCE ON FLEXIBLE AUTOMATION AND INTELLIGENT MANUFACTURING, FAIM2017",Procedia Manufacturing,,,,27th International Conference on Flexible Automation and Intelligent Manufacturing (FAIM),"JUN 27-30, 2017","Modena, ITALY",,,,,,,,,,"Hůlka, Jiří/AAM-2488-2020; Zoppi, Matteo/I-7105-2012; Hlavac, Vaclav/D-9415-2014; Krsek, Pavel/C-8221-2011","Jilich, Michal/0000-0002-4751-3351; Krsek, Pavel/0000-0002-3071-1589; Zoppi, Matteo/0000-0003-0122-3196",,,,,,,,,,,,,2351-9789,,,,,,2017,11,,,,,,389,396,,10.1016/j.promfg.2017.07.122,http://dx.doi.org/10.1016/j.promfg.2017.07.122,,,,,,,,,,,,,WOS:000419072100044,View Full Record in Web of Science
J,"Hou, LW; Wang, HS; Zou, HR; Wang, Q",,,,"Hou, Liwei; Wang, Hengsheng; Zou, Haoran; Wang, Qun",,,Efficient Robot Skills Learning with Weighted Near-Optimal Experiences Policy Optimization,APPLIED SCIENCES-BASEL,,,,,,,,,,,,,,,,,,"wang, qun/0000-0002-2989-6889",,,,,,,,,,,,,,2076-3417,,,,FEB,2021,11,3,,,,,,,1131,10.3390/app11031131,http://dx.doi.org/10.3390/app11031131,,,,,,,,,,,,,WOS:000614995100001,View Full Record in Web of Science
C,"Svaco, M; Basic, D; Sekoranja, B; Jerbic, B",,"Katalinic, B",,"Svaco, Marko; Basic, Denis; Sekoranja, Bojan; Jerbic, Bojan",,,A CAPACITIVE SENSOR FOR HUMAN-ROBOT INTERACTION,ANNALS OF DAAAM FOR 2012 & PROCEEDINGS OF THE 23RD INTERNATIONAL DAAAM SYMPOSIUM - INTELLIGENT MANUFACTURING AND AUTOMATION - FOCUS ON SUSTAINABILITY,Annals of DAAAM and Proceedings,,,,23rd International DAAAM Symposium on Intelligent Manufacturing and Automation - Focus on Sustainability,"OCT 24-27, 2012","Zadar, CROATIA","Danube Adria Assoc Automat & Mfg Int,Univ Studiorum Jadertina,Univ Zadar,Int Acad Engn,Vienna Univ Technol,Austrian Soc Engineers & Architects OIAV 1848,Univ Appl Sci Technikum Wien,Danube Rectors Conf,Danube Adria Assoc Automat & Mfg Int, Rectors Honor Comm",,,,,,,,,"Jerbić, Bojan/ACJ-5813-2022; Svaco, Marko/O-1111-2015","Sekoranja, Bojan/0000-0001-9986-3495; Svaco, Marko/0000-0002-6761-4336; Jerbic, Bojan/0000-0003-1811-5669",,,,,,,,,,,,,1726-9679,,978-3-901509-91-9,,,,2012,23,,,,,,819,822,,,,,,,,,,,,,,,,WOS:000392423800189,View Full Record in Web of Science
C,"Graefe, V; Bischoff, R",,"Cui, JP",,"Graefe, Volker; Bischoff, Rainer",,,Learning Robots,"PROCEEDINGS OF THE THIRD INTERNATIONAL SYMPOSIUM ON TEST AUTOMATION & INSTRUMENTATION, VOLS 1 - 4",,,,,3rd International Symposium on Test Automation and Instrumentation,"MAY 22-25, 2010","Xiamen, PEOPLES R CHINA","China Instrument & Control Soc (CIS),Natl Nat Sci Fdn China,Comp Measurement Grp,Silicon Valley Sci & Technol Assoc,Measurement & Instruments Soc CIS,Beijing Informat Sci & Technol Univ",,,,,,,,,,,,,,,,,,,,,,,,,978-7-5100-2084-1,,,,2010,,,,,,,1,9,,,,,,,,,,,,,,,,WOS:000288101900001,View Full Record in Web of Science
C,"SaLoutos, A; Kim, H; Stanger-Jones, E; Guo, ML; Kim, S",,,IEEE,"SaLoutos, Andrew; Kim, Hongmin; Stanger-Jones, Elijah; Guo, Menglong; Kim, Sangbae",,,Towards Robust Autonomous Grasping with Reflexes Using High-Bandwidth Sensing and Actuation,2023 IEEE INTERNATIONAL CONFERENCE ON ROBOTICS AND AUTOMATION (ICRA 2023),IEEE International Conference on Robotics and Automation ICRA,,,,IEEE International Conference on Robotics and Automation (ICRA),"MAY 29-JUN 02, 2023","London, ENGLAND","IEEE,IEEE Robot & Automat Soc",,,,,,,,,,,,,,,,,,,,,,,1050-4729,2577-087X,979-8-3503-2365-8,,,,2023,,,,,,,10254,10260,,10.1109/ICRA48891.2023.10160930,http://dx.doi.org/10.1109/ICRA48891.2023.10160930,,,,,,,,,,,,,WOS:001048371102133,View Full Record in Web of Science
C,"Beetz, M; Bessler, D; Haidu, A; Pomarlan, M; Bozcuoglu, AK; Bartels, G",,,IEEE,"Beetz, Michael; Bessler, Daniel; Haidu, Andrei; Pomarlan, Mihai; Bozcuoglu, Asil Kaan; Bartels, Georg",,,KnowRob 2.0-A 2nd Generation Knowledge Processing Framework for Cognition-enabled Robotic Agents,2018 IEEE INTERNATIONAL CONFERENCE ON ROBOTICS AND AUTOMATION (ICRA),IEEE International Conference on Robotics and Automation ICRA,,,,IEEE International Conference on Robotics and Automation (ICRA),"MAY 21-25, 2018","Brisbane, AUSTRALIA","IEEE,CSIRO,Australian Govt, Dept Def Sci & Technol,DJI,Queensland Univ Technol,Woodside,Baidu,Bosch,Houston Mechatron,Kinova Robot,KUKA,Hit Robot Grp,Honda Res Inst,iRobot,Mathworks,NuTonomy,Ouster,Uber",,,,,,,,,,"Beetz, Michael/0000-0002-7888-7444; Bessler, Daniel/0000-0002-9876-5743",,,,,,,,,,,,,1050-4729,,978-1-5386-3081-5,,,,2018,,,,,,,512,519,,,,,,,,,,,,,,,,WOS:000446394500053,View Full Record in Web of Science
J,"Schmalstieg, F; Honerkamp, D; Welschehold, T; Valada, A",,,,"Schmalstieg, Fabian; Honerkamp, Daniel; Welschehold, Tim; Valada, Abhinav",,,Learning Hierarchical Interactive Multi-Object Search for Mobile Manipulation,IEEE ROBOTICS AND AUTOMATION LETTERS,,,,,,,,,,,,,,,,,"Valada, Abhinav/ABE-8411-2021","Valada, Abhinav/0000-0003-4710-3114; Honerkamp, Daniel/0000-0003-1421-773X",,,,,,,,,,,,,2377-3766,,,,,DEC,2023,8,12,,,,,8549,8556,,10.1109/LRA.2023.3329619,http://dx.doi.org/10.1109/LRA.2023.3329619,,,,,,,,,,,,,WOS:001109132700008,View Full Record in Web of Science
J,"Kuo, CY; Schaarschmidt, A; Cui, YD; Asfour, T; Matsubara, T",,,,"Kuo, Cheng-Yu; Schaarschmidt, Andreas; Cui, Yunduan; Asfour, Tamim; Matsubara, Takamitsu",,,Uncertainty-Aware Contact-Safe Model-Based Reinforcement Learning,IEEE ROBOTICS AND AUTOMATION LETTERS,,,,,,,,,,,,,,,,,"Cui, Yunduan/KRQ-2861-2024","Kuo, Cheng-Yu/0000-0002-3085-0343; Matsubara, Takamitsu/0000-0003-3545-4814; Asfour, Tamim/0000-0003-4879-7680",,,,,,,,,,,,,2377-3766,,,,,APR,2021,6,2,,,,,3918,3925,,10.1109/LRA.2021.3065271,http://dx.doi.org/10.1109/LRA.2021.3065271,,,,,,,,,,,,,WOS:000638400900003,View Full Record in Web of Science
J,"Si, WY; Guan, Y; Wang, N",,,,"Si, Weiyong; Guan, Yuan; Wang, Ning",,,Adaptive Compliant Skill Learning for Contact-Rich Manipulation With Human in the Loop,IEEE ROBOTICS AND AUTOMATION LETTERS,,,,,,,,,,,,,,,,,"Wang, Han/A-5016-2011; SI, WEIYONG/KIB-2268-2024","Wang, Ning/0000-0002-3264-1852; Guan, Yuan/0000-0001-9040-3169; Si, Weiyong/0000-0003-4531-2596",,,,,,,,,,,,,2377-3766,,,,,JUL,2022,7,3,,,,,5834,5841,,10.1109/LRA.2022.3159163,http://dx.doi.org/10.1109/LRA.2022.3159163,,,,,,,,,,,,,WOS:000778903600004,View Full Record in Web of Science
C,"Balakuntala, MV; Kaur, U; Ma, X; Wachs, J; Voyles, RM",,,IEEE,"Balakuntala, Mythra, V; Kaur, Upinder; Ma, Xin; Wachs, Juan; Voyles, Richard M.",,,Learning Multimodal Contact-Rich Skills from Demonstrations Without Reward Engineering,2021 IEEE INTERNATIONAL CONFERENCE ON ROBOTICS AND AUTOMATION (ICRA 2021),IEEE International Conference on Robotics and Automation ICRA,,,,IEEE International Conference on Robotics and Automation (ICRA),"MAY 30-JUN 05, 2021","Xian, PEOPLES R CHINA","IEEE,IEEE Robot & Automat Soc,So Univ Sci & Technol,Harbin Inst Technol,Xian Jiaotong Univ,Univ Toronto,Nat Sci & Engn Res Council Canada,Chinese Univ Hong Kong,DJI,Biomimet Intelligence & Robot,Toyota Res Inst,Baidu,Mech Mind Robot Technologies,Facebook AI,Nokov,Manycore,Franka Emika,Zhejiang Univ, Huzhou Inst,Jing Tian,ATI Ind Automat,Amber,Direct Drive Tech,Inceptio,Flexiv,Deeproute AI,Unitree,Waymo,Kuka,Pudu Robot,Deep Robot,Nvidia,MathWorks",,,,,,,,,"Voyles, Richard/I-4258-2016",,,,,,,,,,,,,,1050-4729,2577-087X,978-1-7281-9077-8,,,,2021,,,,,,,4679,4685,,10.1109/ICRA48506.2021.9561734,http://dx.doi.org/10.1109/ICRA48506.2021.9561734,,,,,,,,,,,,,WOS:000765738803095,View Full Record in Web of Science
C,"Devin, C; Abbeel, P; Darrell, T; Levine, S",,,IEEE,"Devin, Coline; Abbeel, Pieter; Darrell, Trevor; Levine, Sergey",,,Deep Object-Centric Representations for Generalizable Robot Learning,2018 IEEE INTERNATIONAL CONFERENCE ON ROBOTICS AND AUTOMATION (ICRA),IEEE International Conference on Robotics and Automation ICRA,,,,IEEE International Conference on Robotics and Automation (ICRA),"MAY 21-25, 2018","Brisbane, AUSTRALIA","IEEE,CSIRO,Australian Govt, Dept Def Sci & Technol,DJI,Queensland Univ Technol,Woodside,Baidu,Bosch,Houston Mechatron,Kinova Robot,KUKA,Hit Robot Grp,Honda Res Inst,iRobot,Mathworks,NuTonomy,Ouster,Uber",,,,,,,,,,"Levine, Sergey/0000-0001-6764-2743",,,,,,,,,,,,,1050-4729,2577-087X,978-1-5386-3081-5,,,,2018,,,,,,,7111,7118,,,,,,,,,,,,,,,,WOS:000446394505058,View Full Record in Web of Science
C,"Rhodes, T; Bhattacharjee, T; Lee, DD",,,IEEE,"Rhodes, Travers; Bhattacharjee, Tapomayukh; Lee, Daniel D.",,,Learning from Demonstration using a Curvature Regularized Variational Auto-Encoder (CurvVAE),2022 IEEE/RSJ INTERNATIONAL CONFERENCE ON INTELLIGENT ROBOTS AND SYSTEMS (IROS),IEEE International Conference on Intelligent Robots and Systems,,,,IEEE/RSJ International Conference on Intelligent Robots and Systems (IROS),"OCT 23-27, 2022","Kyoto, JAPAN","IEEE,Royal Soc Japan,IEEE Robot & Automat Soc,IES,SICE,New Technol Fdn",,,,,,,,,"Rhodes, Travers/ABM-3697-2022","Bhattacharjee, Tapomayukh/0000-0001-9457-5726",,,,,,,,,,,,,2153-0858,,978-1-6654-7927-1,,,,2022,,,,,,,10795,10800,,10.1109/IROS47612.2022.9981930,http://dx.doi.org/10.1109/IROS47612.2022.9981930,,,,,,,,,,,,,WOS:000909405302130,View Full Record in Web of Science
C,"Hiranaka, A; Hwang, M; Lee, S; Wang, C; Fei-Fei, L; Wu, JJ; Zhang, RH",,,IEEE,"Hiranaka, Ayano; Hwang, Minjune; Lee, Sharon; Wang, Chen; Fei-Fei, Li; Wu, Jiajun; Zhang, Ruohan",,,Primitive Skill-based Robot Learning from Human Evaluative Feedback,2023 IEEE/RSJ INTERNATIONAL CONFERENCE ON INTELLIGENT ROBOTS AND SYSTEMS (IROS),IEEE International Conference on Intelligent Robots and Systems,,,,IEEE/RSJ International Conference on Intelligent Robots and Systems (IROS),"OCT 01-05, 2023","Detroit, MI","IEEE,RSJ",,,,,,,,,"Zhang, Ruohan/HPH-7886-2023; Li, Feifei/AAJ-1778-2020; Wu, Jiajun/AFA-0504-2022",,,,,,,,,,,,,,2153-0858,,978-1-6654-9190-7,,,,2023,,,,,,,7817,7824,,10.1109/IROS55552.2023.10341912,http://dx.doi.org/10.1109/IROS55552.2023.10341912,,,,,,,,,,,,,WOS:001136907802021,View Full Record in Web of Science
C,"Meccanici, F; Karageorgos, D; Heemskerk, CJM; Abbink, DA; Peternel, L",,"Ude, A; Petric, T; Zlajpah, L",,"Meccanici, Floris; Karageorgos, Dimitrios; Heemskerk, Cock J. M.; Abbink, David A.; Peternel, Luka",,,Probabilistic Online Robot Learning via Teleoperated Demonstrations for Remote Elderly Care,"ADVANCES IN SERVICE AND INDUSTRIAL ROBOTICS, RAAD 2023",Mechanisms and Machine Science,,,,31st International Conference on Robotics in Alpe-Adria-Danube Region (RAAD),"JUN 14-16, 2023","Bled, SLOVENIA","Int Federat Promot Mech & Machine Sci,Inst Elect & Elect Engineers, Austrian Sect,SCHUNK Intec GmbH,ABB AG,Universal Robots GmbH",,,,,,,,,"Peternel, Luka/AAX-9766-2021; Abbink, David/G-2650-2015","Peternel, Luka/0000-0002-8696-3689; Abbink, David/0000-0001-7778-0090",,,,,,,,,,,,,2211-0984,2211-0992,978-3-031-32608-0; 978-3-031-32606-6; 978-3-031-32605-9,,,,2023,135,,,,,,12,19,,10.1007/978-3-031-32606-6_2,http://dx.doi.org/10.1007/978-3-031-32606-6_2,,,,,,,,,,,,,WOS:001300049300002,View Full Record in Web of Science
C,"She, QJ; Zhang, SS; Yea, YF; Hue, RZ; Xu, K",,"Leonardis, A; Ricci, E; Roth, S; Russakovsky, O; Sattler, T; Varol, G",,"She, Qijin; Zhang, Shishun; Yea, Yunfan; Hue, Ruizhen; Xu, Kai",,,Learning Cross-Hand Policies of High-DOF Reaching and Grasping,"COMPUTER VISION - ECCV 2024, PT XXX",Lecture Notes in Computer Science,,,,18th European Conference on Computer Vision (ECCV),"SEP 29-OCT 04, 2024","Milan, ITALY",AIM Group,,,,,,,,,,,,,,,,,,,,,,,0302-9743,1611-3349,978-3-031-73403-8; 978-3-031-73404-5,,,,2025,15088,,,,,,269,285,,10.1007/978-3-031-73404-5_16,http://dx.doi.org/10.1007/978-3-031-73404-5_16,,,,,,,,,,,,,WOS:001352847300016,View Full Record in Web of Science
C,"Lee, AX; Lu, H; Gupta, A; Levine, S; Abbeel, P",,,IEEE,"Lee, Alex X.; Lu, Henry; Gupta, Abhishek; Levine, Sergey; Abbeel, Pieter",,,Learning Force-Based Manipulation of Deformable Objects from Multiple Demonstrations,2015 IEEE INTERNATIONAL CONFERENCE ON ROBOTICS AND AUTOMATION (ICRA),IEEE International Conference on Robotics and Automation ICRA,,,,IEEE International Conference on Robotics and Automation (ICRA),"MAY 26-30, 2015","Seattle, WA",IEEE,,,,,,,,,,"Levine, Sergey/0000-0001-6764-2743",,,,,,,,,,,,,1050-4729,2577-087X,978-1-4799-6923-4,,,,2015,,,,,,,177,184,,,,,,,,,,,,,,,,WOS:000370974900024,View Full Record in Web of Science
C,"Zhuo, F; He, Y; Yu, F; Li, PT; Zhao, ZY; Sun, XL",,"Larson, K",,"Zhuo, Fan; He, Ying; Yu, Fei; Li, Pengteng; Zhao, Zheyi; Sun, Xilong",,,ABM: Attention before Manipulation,"PROCEEDINGS OF THE THIRTY-THIRD INTERNATIONAL JOINT CONFERENCE ON ARTIFICIAL INTELLIGENCE, IJCAI 2024",,,,,33rd International Joint Conference on Artificial Intelligence (IJCAI),"AUG 03-09, 2024","Jeju, SOUTH KOREA",Int Joint Conf Artifical Intelligence,,,,,,,,,,,,,,,,,,,,,,,,,978-1-956792-04-1,,,,2024,,,,,,,1816,1824,,,,,,,,,,,,,,,,WOS:001347142801103,View Full Record in Web of Science
J,"Li, ZR; Zeng, C; Deng, Z; Xu, QL; He, BW; Zhang, JW",,,,"Li, Zhuoran; Zeng, Chao; Deng, Zhen; Xu, Qinling; He, Bingwei; Zhang, Jianwei",,,Learning Variable Impedance Control for Robotic Massage With Deep Reinforcement Learning: A Novel Learning Framework,IEEE SYSTEMS MAN AND CYBERNETICS MAGAZINE,,,,,,,,,,,,,,,,,"Li, Zhuoran/AAL-4124-2020",,,,,,,,,,,,,,2380-1298,2333-942X,,,,JAN,2024,10,1,,,,,17,27,,10.1109/MSMC.2022.3231416,http://dx.doi.org/10.1109/MSMC.2022.3231416,,,,,,,,,,,,,WOS:001140373700002,View Full Record in Web of Science
C,"Andersen, RE; Hansen, EB; Cerny, D; Madsen, S; Pulendralingam, B; Bogh, S; Chrysostomou, D",,"Pellicciari, M; Peruzzini, M",,"Andersen, Rasmus Eckholdt; Hansen, Emil Blixt; Cerny, David; Madsen, Steffen; Pulendralingam, Biranavan; Bogh, Simon; Chrysostomou, Dimitrios",,,Integration of a skill-based collaborative mobile robot in a smart cyber-physical environment,"27TH INTERNATIONAL CONFERENCE ON FLEXIBLE AUTOMATION AND INTELLIGENT MANUFACTURING, FAIM2017",Procedia Manufacturing,,,,27th International Conference on Flexible Automation and Intelligent Manufacturing (FAIM),"JUN 27-30, 2017","Modena, ITALY",,,,,,,,,,"Andersen, Rasmus/GWD-0055-2022; Hansen, Emil Blixt/AFR-1171-2022; Bøgh, Simon/J-1526-2012; Chrysostomou, Dimitrios/H-7077-2013","Bogh, Simon/0000-0002-5960-4365; Hansen, Emil Blixt/0000-0001-9901-993X; Chrysostomou, Dimitrios/0000-0002-6114-8944",,,,,,,,,,,,,2351-9789,,,,,,2017,11,,,,,,114,123,,10.1016/j.promfg.2017.07.209,http://dx.doi.org/10.1016/j.promfg.2017.07.209,,,,,,,,,,,,,WOS:000419072100014,View Full Record in Web of Science
C,"Donald, R; Hertel, B; Misenti, S; Gu, Y; Azadeh, R",,,IEEE,"Donald, Ryan; Hertel, Brendan; Misenti, Stephen; Gu, Yan; Azadeh, Reza",,,An Adaptive Framework for Manipulator Skill Reproduction in Dynamic Environments,"2024 21ST INTERNATIONAL CONFERENCE ON UBIQUITOUS ROBOTS, UR 2024",,,,,21st International Conference on Ubiquitous Robots (UR),"JUN 24-27, 2024","New York, NY",IEEE,,,,,,,,,,,,,,,,,,,,,,,,,979-8-3503-6108-7; 979-8-3503-6107-0,,,,2024,,,,,,,498,503,,10.1109/UR61395.2024.10597445,http://dx.doi.org/10.1109/UR61395.2024.10597445,,,,,,,,,,,,,WOS:001283831100008,View Full Record in Web of Science
C,"Eiband, T; Saveriano, M; Lee, D",,"Howard, A; Althoefer, K; Arai, F; Arrichiello, F; Caputo, B; Castellanos, J; Hauser, K; Isler, V; Kim, J; Liu, H; Oh, P; Santos, V; Scaramuzza, D; Ude, A; Voyles, R; Yamane, K; Okamura, A",IEEE,"Eiband, Thomas; Saveriano, Matteo; Lee, Dongheui",,,Learning Haptic Exploration Schemes for Adaptive Task Execution,2019 INTERNATIONAL CONFERENCE ON ROBOTICS AND AUTOMATION (ICRA),IEEE International Conference on Robotics and Automation ICRA,,,,IEEE International Conference on Robotics and Automation (ICRA),"MAY 20-24, 2019","Montreal, CANADA","Bosch,DJI,Kinova,Mercedes Benz,Samsung,Argo AI,Clearpath Robot,Element AI,Fetch Robot,Huawei,iRobot,KUKA,Quanser,SICK,Toyota Res Inst,Uber,Waymo,Zhejiang Lab,Amazon,Applanix,Cloudminds,Honda Res Inst,MathWorks,Ouster",,,,,,,,,,"Saveriano, Matteo/0000-0002-9784-3973",,,,,,,,,,,,,1050-4729,2577-087X,978-1-5386-6026-3,,,,2019,,,,,,,7048,7054,,10.1109/icra.2019.8793934,http://dx.doi.org/10.1109/icra.2019.8793934,,,,,,,,,,,,,WOS:000494942305022,View Full Record in Web of Science
C,"Qian, K; Xu, J; Gao, G; Fang, F; Ma, XD",,,IEEE,"Qian, Kun; Xu, Jun; Gao, Ge; Fang, Fang; Ma, Xudong",,,Learning Under-specified Object Manipulations From Human Demonstrations,"2018 15TH INTERNATIONAL CONFERENCE ON CONTROL, AUTOMATION, ROBOTICS AND VISION (ICARCV)",International Conference on Control Automation Robotics and Vision,,,,"15th International Conference on Control, Automation, Robotics and Vision (ICARCV)","NOV 18-21, 2018","Singapore, SINGAPORE",,,,,,,,,,"Xu, Jun/JTT-6747-2023",,,,,,,,,,,,,,2474-2953,,978-1-5386-9582-1,,,,2018,,,,,,,1936,1941,,,,,,,,,,,,,,,,WOS:000459847700323,View Full Record in Web of Science
C,"Ionescu, F; Talpasanu, I",,,ASME,"Ionescu, Florin; Talpasanu, Ilic",,,Teleoperation hybrid robot for cell micro and nano manipulations,Proceedings of the Frontiers in Biomedical Devices Conference,,,,,Frontiers in Biomedical Devices Conference,"JUN 08-09, 2006","Irvine, CA",Amer Soc Mech Engineers,,,,,,,,,,,,,,,,,,,,,,,,,978-0-7918-4763-3,,,,2007,,,,,,,35,36,,,,,,,,,,,,,,,,WOS:000249812900018,View Full Record in Web of Science
J,"Liu, H; Zhao, LH; Siciliano, B; Ficuciello, F",,,,"Liu, Huan; Zhao, Longhai; Siciliano, Bruno; Ficuciello, Fanny",,,"Modeling, Optimization, and Experimentation of the ParaGripper for In-Hand Manipulation Without Parasitic Rotation",IEEE ROBOTICS AND AUTOMATION LETTERS,,,,,,,,,,,,,,,,,,"Siciliano, Bruno/0000-0002-1037-0588; Ficuciello, Fanny/0000-0001-9214-9977; Liu, Huan/0000-0003-1568-0988",,,,,,,,,,,,,2377-3766,,,,,APR,2020,5,2,,,,,3011,3018,,10.1109/LRA.2020.2974419,http://dx.doi.org/10.1109/LRA.2020.2974419,,,,,,,,,,,,,WOS:000526521700015,View Full Record in Web of Science
C,"Abdo, N; Kretzschmar, H; Spinello, L; Stachniss, C",,,IEEE,"Abdo, Nichola; Kretzschmar, Henrik; Spinello, Luciano; Stachniss, Cyrill",,,Learning Manipulation Actions from a Few Demonstrations,2013 IEEE INTERNATIONAL CONFERENCE ON ROBOTICS AND AUTOMATION (ICRA),IEEE International Conference on Robotics and Automation ICRA,,,,IEEE International Conference on Robotics and Automation (ICRA),"MAY 06-10, 2013","Karlsruhe, GERMANY",IEEE,,,,,,,,,"Stachniss, Cyrill/AAH-3034-2019","Stachniss, Cyrill/0000-0003-1173-6972",,,,,,,,,,,,,1050-4729,2577-087X,978-1-4673-5641-1; 978-1-4673-5643-5,,,,2013,,,,,,,1268,1275,,,,,,,,,,,,,,,,WOS:000337617301040,View Full Record in Web of Science
C,"Wolf, S; Hofmann, C; Bahls, T; Maurenbrecher, H; Pleintinger, B",,,IEEE,"Wolf, Sebastian; Hofmann, Cynthia; Bahls, Thomas; Maurenbrecher, Henry; Pleintinger, Benedikt",,,Modularity in humanoid robot design for flexibility in system structure and application,"2023 IEEE-RAS 22ND INTERNATIONAL CONFERENCE ON HUMANOID ROBOTS, HUMANOIDS",IEEE-RAS International Conference on Humanoid Robots,,,,IEEE-RAS 22nd International Conference on Humanoid Robots (Humanoids),"DEC 12-14, 2023","Austin, TX",IEEE RAS,,,,,,,,,"Wolf, Sebastian/KUD-3034-2024","Wolf, Sebastian/0000-0002-5711-5007; Maurenbrecher, Henry/0009-0004-2586-8487",,,,,,,,,,,,,2164-0572,,979-8-3503-0327-8,,,,2023,,,,,,,,,,10.1109/HUMANOIDS57100.2023.10375175,http://dx.doi.org/10.1109/HUMANOIDS57100.2023.10375175,,,,,,,,,,,,,WOS:001156965200036,View Full Record in Web of Science
C,"Roberge, JP; L'Écuyer-Lapierre, L; Kwiatkowski, J; Nadeau, P; Duchaine, V",,,IEEE,"Roberge, Jean-Philippe; L'Ecuyer-Lapierre, Louis; Kwiatkowski, Jennifer; Nadeau, Philippe; Duchaine, Vincent",,,Tactile-Based Object Recognition Using a Grasp-Centric Exploration,2021 IEEE 17TH INTERNATIONAL CONFERENCE ON AUTOMATION SCIENCE AND ENGINEERING (CASE),IEEE International Conference on Automation Science and Engineering,,,,17th IEEE International Conference on Automation Science and Engineering (CASE),"AUG 23-27, 2021","Lyon, FRANCE",IEEE,,,,,,,,,,,,,,,,,,,,,,,2161-8070,,978-1-6654-1873-7,,,,2021,,,,,,,494,501,,10.1109/CASE49439.2021.9551491,http://dx.doi.org/10.1109/CASE49439.2021.9551491,,,,,,,,,,,,,WOS:000878693200066,View Full Record in Web of Science
C,"Lee, K; Smith, L; Abbeel, P",,"Meila, M; Zhang, T",,"Lee, Kimin; Smith, Laura; Abbeel, Pieter",,,PEBBLE: Feedback-Efficient Interactive Reinforcement Learning via Relabeling Experience and Unsupervised Pre-training,"INTERNATIONAL CONFERENCE ON MACHINE LEARNING, VOL 139",Proceedings of Machine Learning Research,,,,International Conference on Machine Learning (ICML),"JUL 18-24, 2021",ELECTR NETWORK,,,,,,,,,,,,,,,,,,,,,,,,2640-3498,,,,,,2021,139,,,,,,,,,,,,,,,,,,,,,,,WOS:000683104606017,View Full Record in Web of Science
J,"Weng, CY; Yuan, QL; Lim, ZJ; Chen, M",,,,"Weng, Ching-Yen; Yuan, Qilong; Lim, Zhong Jin; Chen, I-Ming",,,Applications of Light-Weight Wearable Devices to Online Programming of Industrial Dual-Arm Robots,UNMANNED SYSTEMS,,,,,,,,,,,,,,,,,"WENG, CHING-YEN/W-4878-2019; Chen, I-Ming/A-3811-2011",,,,,,,,,,,,,,2301-3850,2301-3869,,,,JUL,2020,8,3,,,SI,,211,219,,10.1142/S2301385020500144,http://dx.doi.org/10.1142/S2301385020500144,,,,,,,,,,,,,WOS:000552225600004,View Full Record in Web of Science
J,"Karigiannis, JN; Tzafestas, CS",,,,"Karigiannis, John N.; Tzafestas, Costas S.",,,Model-free learning on robot kinematic chains using a nested multi-agent topology,JOURNAL OF EXPERIMENTAL & THEORETICAL ARTIFICIAL INTELLIGENCE,,,,,,,,,,,,,,,,,"Karigiannis, John/AAE-4779-2020; Tzafestas, Costas/Q-8230-2019","Tzafestas, Costas/0000-0003-1545-9191",,,,,,,,,,,,,0952-813X,1362-3079,,,,,2016,28,6,,,,,913,954,,10.1080/0952813X.2015.1042923,http://dx.doi.org/10.1080/0952813X.2015.1042923,,,,,,,,,,,,,WOS:000385623400001,View Full Record in Web of Science
J,"Zang, YJ; Wang, PF; Zha, FS; Guo, W; Zheng, C; Sun, LN",,,,"Zang, Yajing; Wang, Pengfei; Zha, Fusheng; Guo, Wei; Zheng, Chao; Sun, Lining",,,Peg-in-hole assembly skill imitation learning method based on ProMPs under task geometric representation,FRONTIERS IN NEUROROBOTICS,,,,,,,,,,,,,,,,,"Guo, Wei/KJM-4941-2024",,,,,,,,,,,,,,1662-5218,,,,,NOV 9,2023,17,,,,,,,,1320251,10.3389/fnbot.2023.1320251,http://dx.doi.org/10.3389/fnbot.2023.1320251,,,,,,,,38023454,,,,,WOS:001105187000001,View Full Record in Web of Science
C,"Liu, MH; Li, XL; Ling, Z; Li, YY; Su, H",,"Liu, K; Kulic, D; Ichnowski, J",,"Liu, Minghua; Li, Xuanlin; Ling, Zhan; Li, Yangyan; Su, Hao",,,Frame Mining: a Free Lunch for Learning Robotic Manipulation from 3D Point Clouds,"CONFERENCE ON ROBOT LEARNING, VOL 205",Proceedings of Machine Learning Research,,,,6th Conference on Robot Learning (CoRL),"DEC 14-18, 2022","Auckland, NEW ZEALAND",,,,,,,,,,"XUANLIN, LI/AAO-6594-2021",,,,,,,,,,,,,,2640-3498,,,,,,2022,205,,,,,,527,538,,,,,,,,,,,,,,,,WOS:001232393400043,View Full Record in Web of Science
J,"So, P; Sarabakha, A; Wu, F; Culha, U; Abu-Dakka, FJ; Haddadin, S",,,,"So, Peter; Sarabakha, Andriy; Wu, Fan; Culha, Utku; Abu-Dakka, Fares J.; Haddadin, Sami",,,Digital Robot Judge: Building a Task-Centric Performance Database of Real-World Manipulation With Electronic Task Boards,IEEE ROBOTICS & AUTOMATION MAGAZINE,,,,,,,,,,,,,,,,,"Culha, Utku/S-8156-2019; AbuDakka, Fares/M-2085-2019; Wu, Fan/LJL-1864-2024; Sarabakha, Andriy/LHA-4357-2024; Abu-Dakka, Fares J./M-4099-2014","So, Peter/0000-0002-2762-7407; Sarabakha, Andriy/0000-0002-3629-0674; Abu-Dakka, Fares J./0000-0001-9062-9416; Wu, Fan/0000-0001-5051-3005; Culha, Utku/0000-0002-7788-6124",,,,,,,,,,,,,1070-9932,1558-223X,,,,DEC,2024,31,4,,,,,32,44,,10.1109/MRA.2023.3336473,http://dx.doi.org/10.1109/MRA.2023.3336473,,JAN 2024,,,,,,,,,,,WOS:001137354300001,View Full Record in Web of Science
C,"Holz, D; Topalidou-Kyniazopoulou, A; Rovida, F; Pedersen, MR; Krüger, V; Behnke, S",,,IEEE,"Holz, Dirk; Topalidou-Kyniazopoulou, Angeliki; Rovida, Francesco; Pedersen, Mikkel Rath; Kruger, Volker; Behnke, Sven",,,A Skill-Based System for Object Perception and Manipulation for Automating Kitting Tasks,PROCEEDINGS OF 2015 IEEE 20TH CONFERENCE ON EMERGING TECHNOLOGIES & FACTORY AUTOMATION (ETFA),IEEE International Conference on Emerging Technologies and Factory Automation-ETFA,,,,20th IEEE Conference on Emerging Technologies and Factory Automation (ETFA),"SEP 08-11, 2015","Univ Luxembourg, Interdisciplinary Ctr Secur Reliabil & Trust, LUXEMBOURG","IEEE,IEEE Ind Elect Soc","Univ Luxembourg, Interdisciplinary Ctr Secur Reliabil & Trust",,,,,,,,"Pedersen, Mikkel/J-2395-2012; Holz, Daniel/HGD-5989-2022; Behnke, Sven/B-5509-2013","Behnke, Sven/0000-0002-5040-7525",,,,,,,,,,,,,1946-0740,1946-0759,978-1-4673-7929-8,,,,2015,,,,,,,,,,,,,,,,,,,,,,,,WOS:000378564800054,View Full Record in Web of Science
J,"Bian, GB; Chen, Z; Li, Z; Wei, BT; Liu, WP; da Silva, DS; Wu, WQ; de Albuquerque, VHC",,,,"Bian, Gui-Bin; Chen, Zhang; Li, Zhen; Wei, Bing-Ting; Liu, Wei-Peng; da Silva, Daniel Santos; Wu, Wan-Qing; de Albuquerque, Victor Hugo C.",,,Learning surgical skills under the RCM constraint from demonstrations in robot-assisted minimally invasive surgery,EXPERT SYSTEMS WITH APPLICATIONS,,,,,,,,,,,,,,,,,"Santos da Silva, Daniel/AAG-5238-2021; Wu, Wanqing/I-2929-2019; Bian, Gui-Bin/ADZ-3133-2022; de Albuquerque, Victor/C-3677-2016","Li, Zhen/0000-0002-4033-8650; Bian, Gui-Bin/0000-0003-4708-2245; Santos da Silva, Daniel/0000-0001-5670-1496; Chen, Zhang/0000-0003-1062-9278",,,,,,,,,,,,,0957-4174,1873-6793,,,,SEP 1,2023,225,,,,,,,,120134,10.1016/j.eswa.2023.120134,http://dx.doi.org/10.1016/j.eswa.2023.120134,,APR 2023,,,,,,,,,,,WOS:001033088900001,View Full Record in Web of Science
S,"Kornuta, T; Winiarski, T; Zielinski, C",,"Szewczyk, R; Zielinski, C; Kaliczynska, M",,"Kornuta, Tomasz; Winiarski, Tomasz; Zielinski, Cezary",,,Specification of Abstract Robot Skills in Terms of Control System Behaviours,"PROGRESS IN AUTOMATION, ROBOTICS AND MEASURING TECHNIQUES: VOL 2 ROBOTICS",Advances in Intelligent Systems and Computing,,,,,,,,,,,,,,,,"Winiarski, Tomasz/U-9236-2019; Kornuta, Tomasz/G-1844-2011; Zielinski, Cezary/F-3842-2015","Winiarski, Tomasz/0000-0002-9316-3284; Kornuta, Tomasz/0000-0002-5173-2696; Zielinski, Cezary/0000-0001-7604-8834",,,,,,,,,,,,,2194-5357,,978-3-319-15847-1,,,,2015,351,,,,,,139,152,,10.1007/978-3-319-15847-1_14,http://dx.doi.org/10.1007/978-3-319-15847-1_14,10.1007/978-3-319-15847-1,,,,,,,,,,,,WOS:000400259000015,View Full Record in Web of Science
C,"Duan, Y; Chen, X; Houthooft, R; Schulman, J; Abbeel, P",,"Balcan, MF; Weinberger, KQ",,"Duan, Yan; Chen, Xi; Houthooft, Rein; Schulman, John; Abbeel, Pieter",,,Benchmarking Deep Reinforcement Learning for Continuous Control,"INTERNATIONAL CONFERENCE ON MACHINE LEARNING, VOL 48",Proceedings of Machine Learning Research,,,,33rd International Conference on Machine Learning,"JUN 20-22, 2016","New York, NY",,,,,,,,,,,,,,,,,,,,,,,,2640-3498,,,,,,2016,48,,,,,,,,,,,,,,,,,,,,,,,WOS:000684193701043,View Full Record in Web of Science
C,"Hu, F; Wu, XH; Luo, DS",,,IEEE,"Hu, Fan; Wu, Xihong; Luo, Dingsheng",,,Learning Basic Unit Movements for Humanoid Arm Motion Control,2016 IEEE 14TH INTERNATIONAL WORKSHOP ON ADVANCED MOTION CONTROL (AMC),International Workshop on Advanced Motion Control,,,,14th IEEE International Workshop on Advanced Motion Control (AMC),"APR 22-24, 2016","Auckland, NEW ZEALAND",IEEE,,,,,,,,,"胡, 帆/IUN-2918-2023",,,,,,,,,,,,,,1943-6572,,978-1-4799-8464-0,,,,2016,,,,,,,327,333,,,,,,,,,,,,,,,,WOS:000390947100052,View Full Record in Web of Science
C,"Stückler, J; Behnke, S",,,IEEE,"Stueckler, Joerg; Behnke, Sven",,,Adaptive Tool-Use Strategies for Anthropomorphic Service Robots,2014 14TH IEEE-RAS INTERNATIONAL CONFERENCE ON HUMANOID ROBOTS (HUMANOIDS),IEEE-RAS International Conference on Humanoid Robots,,,,14th IEEE-RAS International Conference on Humanoid Robots (Humanoids),"NOV 18-20, 2014","Madrid, SPAIN",IEEE RAS,,,,,,,,,"Stückler, Jörg/AAK-9145-2021; Behnke, Sven/B-5509-2013","Behnke, Sven/0000-0002-5040-7525",,,,,,,,,,,,,2164-0572,,978-1-4799-7174-9,,,,2014,,,,,,,755,760,,,,,,,,,,,,,,,,WOS:000392843800121,View Full Record in Web of Science
J,"Kamada, M; Kurosawa, K; Ohtaki, Y; Okamoto, S",,,,"Kamada, M; Kurosawa, K; Ohtaki, Y; Okamoto, S",,,A network game based on fair random numbers,IEICE TRANSACTIONS ON INFORMATION AND SYSTEMS,,,,,,,,,,,,,,,,,,,,,,,,,,,,,,,1745-1361,,,,,MAY,2005,E88D,5,,,,,859,864,,10.1093/ietisy/e88-d.5.859,http://dx.doi.org/10.1093/ietisy/e88-d.5.859,,,,,,,,,,,,,WOS:000229253200011,View Full Record in Web of Science
C,"Wan, WW; Cheung, ECH; Pan, J; Harada, K",,,IEEE,"Wan, Weiwei; Cheung, Earnest C. H.; Pan, Jia; Harada, Kensuke",,,Optimizing the Parameters of Tilting Surfaces in Robotic Workcells,2015 INTERNATIONAL CONFERENCE ON AUTOMATION SCIENCE AND ENGINEERING (CASE),IEEE International Conference on Automation Science and Engineering,,,,IEEE International Conference on Automation Science and Engineering (CASE),"AUG 24-28, 2015","Gothenburg, SWEDEN","IEEE,IEEE Robotics & Automation Society,ABB,Chalmers,Wingquist Laboratory,City of Gothenburg,Cognibotics,Kuka,Volvo,AREUS,Information and communication technology",,,,,,,,,"Wan, Weiwei/AAE-6887-2020; Cheung, Eric/F-3352-2010; Wan, Weiwei/M-3333-2016; Harada, Kensuke/M-3376-2016","Wan, Weiwei/0000-0002-0058-2819; Harada, Kensuke/0000-0002-7576-756X",,,,,,,,,,,,,2161-8070,,978-1-4673-8183-3,,,,2015,,,,,,,593,599,,,,,,,,,,,,,,,,WOS:000380453000096,View Full Record in Web of Science
J,"Grossard, M; Martin, J; Pacheco, GFD",,,,"Grossard, Mathieu; Martin, Javier; Pacheco, Gabriel Felippe da Cruz",,,Control-Oriented Design and Robust Decentralized Control of the CEA Dexterous Robot Hand,IEEE-ASME TRANSACTIONS ON MECHATRONICS,,,,,,,,,,,,,,,,,"Pacheco, Gabriel/E-2675-2014",,,,,,,,,,,,,,1083-4435,1941-014X,,,,AUG,2015,20,4,,,,,1809,1821,,10.1109/TMECH.2014.2355040,http://dx.doi.org/10.1109/TMECH.2014.2355040,,,,,,,,,,,,,WOS:000359252300033,View Full Record in Web of Science
J,"Zhang, LS; Gu, SX; Guo, SX; Tamiya, T",,,,"Zhang, Linshuai; Gu, Shuoxin; Guo, Shuxiang; Tamiya, Takashi",,,A Magnetorheological Fluids-Based Robot-Assisted Catheter/Guidewire Surgery System for Endovascular Catheterization,MICROMACHINES,,,,,,,,,,,,,,,,,"Zhang, Linshuai/LWZ-9996-2024","Guo, Shuxiang/0000-0002-0607-9798",,,,,,,,,,,,,,2072-666X,,,,JUN,2021,12,6,,,,,,,640,10.3390/mi12060640,http://dx.doi.org/10.3390/mi12060640,,,,,,,,34070909,,,,,WOS:000666491400001,View Full Record in Web of Science
C,"Youakim, D; Dornbush, A; Likhachev, M; Ridao, P","Kosecka, J","Maciejewski, AA; Okamura, A; Bicchi, A; Stachniss, C; Song, DZ; Lee, DH; Chaumette, F; Ding, H; Li, JS; Wen, J; Roberts, J; Masamune, K; Chong, NY; Amato, N; Tsagwarakis, N; Rocco, P; Asfour, T; Chung, WK; Yasuyoshi, Y; Sun, Y; Maciekeski, T; Althoefer, K; AndradeCetto, J; Chung, WK; Demircan, E; Dias, J; Fraisse, P; Gross, R; Harada, H; Hasegawa, Y; Hayashibe, M; Kiguchi, K; Kim, K; Kroeger, T; Li, Y; Ma, S; Mochiyama, H; Monje, CA; Rekleitis, I; Roberts, R; Stulp, F; Tsai, CHD; Zollo, L",,"Youakim, Dina; Dornbush, Andrew; Likhachev, Maxim; Ridao, Pere","Kosecka, J",,Motion Planning for an Underwater Mobile Manipulator by Exploiting Loose Coupling,2018 IEEE/RSJ INTERNATIONAL CONFERENCE ON INTELLIGENT ROBOTS AND SYSTEMS (IROS),IEEE International Conference on Intelligent Robots and Systems,,,,25th IEEE/RSJ International Conference on Intelligent Robots and Systems (IROS),"OCT 01-05, 2018","Madrid, SPAIN","IEEE Robot & Automat Soc,IEEE Ind Elect Soc,Robot Soc Japan,Soc Instrument & Control Engineers,New Technol Fdn,IEEE,Adept MobileRobots,Willow Garage,Aldebaran Robot,Natl Instruments,Reflexxes GmbH,Schunk Intec S L U,Univ Carlos III Madrid,BOSCH,JD COM,Pal Robot,KUKA,Santander,Squirrel AI Learning,Baidu,Generat Robots,KINOVA Robot,Ouster,Univ Pablo Olavide Sevilla,Rapyuta Robot,SICK,TOYOTA,UP,Amazon,ARGO,Built Robot,Disney Res,Easy Mile,Hitachi,Robot,Khalifa Univ,Magazino,MathWorks,New Dexterity,Schunk,nuTonomy,PILZ,Prophesee,Rootnik,Saga Robot,Shadow,Soft Bank Robot,Anyverse,GalTech,Generat Robot,IEEE CAA Journal Automatica Sinica,Sci Robot, AAAS,TERAS",,,,,,,,,"Ridao, Pere/ABG-6939-2020","Ridao Rodriguez, Pere/0000-0002-1724-3012",,,,,,,,,,,,,2153-0858,,978-1-5386-8094-0,,,,2018,,,,,,,7164,7171,,,,,,,,,,,,,,,,WOS:000458872706081,View Full Record in Web of Science
J,"Costanzo, M; De Maria, G; Natale, C",,,,"Costanzo, Marco; De Maria, Giuseppe; Natale, Ciro",,,Two-Fingered In-Hand Object Handling Based on Force/Tactile Feedback,IEEE TRANSACTIONS ON ROBOTICS,,,,,,,,,,,,,,,,,"Costanzo, Marco/GVU-0814-2022; Natale, Ciro/E-7368-2012","Costanzo, Marco/0000-0001-8364-6728",,,,,,,,,,,,,1552-3098,1941-0468,,,,FEB,2020,36,1,,,,,157,173,,10.1109/TRO.2019.2944130,http://dx.doi.org/10.1109/TRO.2019.2944130,,,,,,,,,,,,,WOS:000526526500010,View Full Record in Web of Science
C,"Müller, R; Vette, M; Geenen, A",,"Pellicciari, M; Peruzzini, M",,"Mueller, Rainer; Vette, Matthias; Geenen, Aaron",,,Skill-based dynamic task allocation in Human-Robot-Cooperation with the example of welding application,"27TH INTERNATIONAL CONFERENCE ON FLEXIBLE AUTOMATION AND INTELLIGENT MANUFACTURING, FAIM2017",Procedia Manufacturing,,,,27th International Conference on Flexible Automation and Intelligent Manufacturing (FAIM),"JUN 27-30, 2017","Modena, ITALY",,,,,,,,,,,,,,,,,,,,,,,,2351-9789,,,,,,2017,11,,,,,,13,21,,10.1016/j.promfg.2017.07.113,http://dx.doi.org/10.1016/j.promfg.2017.07.113,,,,,,,,,,,,,WOS:000419072100002,View Full Record in Web of Science
J,"Wu, HM; Yan, W; Xu, ZH; Zhou, XF",,,,"Wu, Hongmin; Yan, Wu; Xu, Zhihao; Zhou, Xuefeng",,,A Framework of Improving Human Demonstration Efficiency for Goal-Directed Robot Skill Learning,IEEE TRANSACTIONS ON COGNITIVE AND DEVELOPMENTAL SYSTEMS,,,,,,,,,,,,,,,,,"Yan, Wu/JYO-9522-2024","Xu, Zhihao/0000-0003-1344-9731",,,,,,,,,,,,,2379-8920,2379-8939,,,,DEC,2022,14,4,,,,,1743,1754,,10.1109/TCDS.2021.3137262,http://dx.doi.org/10.1109/TCDS.2021.3137262,,,,,,,,,,,,,WOS:000916821100037,View Full Record in Web of Science
C,"Liu, YK; Yao, JY; Lin, TY; Xu, H; Shi, F; Xiao, YY; Zhang, L; Wang, LH",,,ASME,"Liu, Yongkui; Yao, Junying; Lin, Tingyu; Xu, He; Shi, Feng; Xiao, Yingying; Zhang, Lin; Wang, Lihui",,,A framework for industrial robot training in cloud manufacturing with deep reinforcement learning,"PROCEEDINGS OF THE ASME 2020 15TH INTERNATIONAL MANUFACTURING SCIENCE AND ENGINEERING CONFERENCE (MSEC2020), VOL 2B",,,,,15th ASME International Manufacturing Science and Engineering Conference (MSEC),"SEP 03, 2020",ELECTR NETWORK,"Amer Soc Mech Engineers,Amer Soc Mech Engineers, Mfg Engn Div",,,,,,,,,"Liu, Yongkui/R-9307-2017; Wang, Lihui/O-3907-2014; Zhang, Lin/ABB-2395-2022",,,,,,,,,,,,,,,,978-0-7918-8475-1,,,,2020,,,,,,,,,V002T07A024,,,,,,,,,,,,,,,WOS:000850907300012,View Full Record in Web of Science
C,"de la Guardia, R",,"Marques, L; Ferre, M",,"de la Guardia, Rafael",,,Programming Manipulators by Instructions,"2024 7TH IBERIAN ROBOTICS CONFERENCE, ROBOT 2024",,,,,7th Iberian Robotics Conference,"NOV 06-08, 2024","Madrid, SPAIN",,,,,,,,,,,,,,,,,,,,,,,,,,979-8-3503-7637-1; 979-8-3503-7636-4,,,,2024,,,,,,,,,,10.1109/ROBOT61475.2024.10796921,http://dx.doi.org/10.1109/ROBOT61475.2024.10796921,,,,,,,,,,,,,WOS:001420208700031,View Full Record in Web of Science
J,"Shao, QQ; Qi, J; Ma, J; Fang, Y; Wang, WM; Hu, J",,,,"Shao, Quanquan; Qi, Jin; Ma, Jin; Fang, Yi; Wang, Weiming; Hu, Jie",,,Object Detection-Based One-Shot Imitation Learning with an RGB-D Camera,APPLIED SCIENCES-BASEL,,,,,,,,,,,,,,,,,"Hu, Jie/JQI-6149-2023",,,,,,,,,,,,,,,2076-3417,,,,FEB,2020,10,3,,,,,,,803,10.3390/app10030803,http://dx.doi.org/10.3390/app10030803,,,,,,,,,,,,,WOS:000525305900074,View Full Record in Web of Science
C,"Fu, J; Chen, SM",,"Wang, P; Chen, W; Xu, L",,"Fu, Jian; Chen, Siming",,,Various Robot Motor Skills Learning With PI 2- GMR,"2016 2ND INTERNATIONAL CONFERENCE ON INDUSTRIAL INFORMATICS - COMPUTING TECHNOLOGY, INTELLIGENT TECHNOLOGY, INDUSTRIAL INFORMATION INTEGRATION (ICIICII)",,,,,"2nd International Conference on Industrial Informatics - Computing Technology, Intelligent Technology, Industrial Information Integration (ICIICII)","DEC 03-04, 2016","Wuhan, PEOPLES R CHINA","Wuhan Univ Technol,Chinese Assoc Artificial Intelligence, Tech Comm Intelligent Robot,Huazhong Univ Sci & Technol,Old Dominion Univ,Key Lab Digital Signal & Image Proc Guangdong Prov,IEEE SMC Soc Tech Comm Enterprise Informat Syst,IFIP TC8 WG8 9",,,,,,,,,"Fu, Jian/AFY-2041-2022",,,,,,,,,,,,,,,,978-1-5090-3575-5,,,,2016,,,,,,,246,250,,10.1109/ICIICII.2016.67,http://dx.doi.org/10.1109/ICIICII.2016.67,,,,,,,,,,,,,WOS:000393580300057,View Full Record in Web of Science
S,"Castuera, JC; Lopez-Juarez, I",,"Monroy, R; ArroyoFigueroa, G; Sucar, LE; Sossa, H",,"Castuera, JC; Lopez-Juarez, I",,,Intelligent task level planning for robotic assembly: Issues and experiments,MICAI 2004: ADVANCES IN ARTIFICIAL INTELLIGENCE,Lecture Notes in Computer Science,,,,3rd Mexican International Conference on Artificial Intelligence (MICAI 2004),"APR 26-30, 2004","Mexico City, MEXICO","Mexican Soc Artificial Intelligence,Tecnol Monterrey,Ciudad Mexico,Inst Investigaciones Elect,Inst Politec Natl,Inst Technol Autonomo Mexico,Opt & Elect",,,,,,,,,"Lopez-Juarez, Ismael/E-7088-2011","Lopez-Juarez, Ismael/0000-0001-6405-5519",,,,,,,,,,,,,0302-9743,1611-3349,3-540-21459-3,,,,2004,2972,,,,,,872,881,,,,,,,,,,,,,,,,WOS:000221506600090,View Full Record in Web of Science
C,"Nakamura, A; Ogasawara, T; Suehiro, T; Tsukune, H",,,IEEE,"Nakamura, A; Ogasawara, T; Suehiro, T; Tsukune, H",,,Skill-based backprojection for fine motion planning,"IROS 96 - PROCEEDINGS OF THE 1996 IEEE/RSJ INTERNATIONAL CONFERENCE ON INTELLIGENT ROBOTS AND SYSTEMS - ROBOTIC INTELLIGENCE INTERACTING WITH DYNAMIC WORLDS, VOLS 1-3",,,,,1996 IEEE/RSJ International Conference on Intelligent Robots and Systems - Robotic Intelligence Interacting with Dynamic Worlds (IROS 96),"NOV 04-08, 1996","SENRI LIFE SCI CTR, OSAKA, JAPAN","IEEE Ind Electr Soc,IEEE Robot & Automat Soc,Robot Soc Japan,Soc Instrument & Control Engineers,New Technol Fdn",SENRI LIFE SCI CTR,,,,,,,,,"Ogasawara, Tsukasa/0000-0001-9767-6039",,,,,,,,,,,,,,,0-7803-3214-8,,,,1996,,,,,,,526,533,,,,,,,,,,,,,,,,WOS:A1996BH13L00073,View Full Record in Web of Science
C,"Jiang, R; Wang, ZP; He, B; Di, Z",,,IEEE,"Jiang, Rong; Wang, Zhipeng; He, Bin; Di, Zhou",,,Vision-Based Deep Reinforcement Learning For UR5 Robot Motion Control,2021 IEEE INTERNATIONAL CONFERENCE ON CONSUMER ELECTRONICS AND COMPUTER ENGINEERING (ICCECE),,,,,IEEE International Conference on Consumer Electronics and Computer Engineering (ICCECE),"JAN 15-17, 2021","Guangzhou, PEOPLES R CHINA",IEEE,,,,,,,,,"di, zhou/ADL-0549-2022; he, bin/AAV-6319-2021",,,,,,,,,,,,,,,,978-1-7281-8319-0,,,,2021,,,,,,,246,250,,10.1109/ICCECE51280.2021.9342134,http://dx.doi.org/10.1109/ICCECE51280.2021.9342134,,,,,,,,,,,,,WOS:000680655600046,View Full Record in Web of Science
J,"Dong, ZP; Li, ZH; Yan, YH; Calinon, S; Chen, F",,,,"Dong, Zhipeng; Li, Zhihao; Yan, Yunhui; Calinon, Sylvain; Chen, Fei",,,Passive Bimanual Skills Learning From Demonstration With Motion Graph Attention Networks,IEEE ROBOTICS AND AUTOMATION LETTERS,,,,,,,,,,,,,,,,,"YAN, Yunhui/HDL-7343-2022","YAN, Yunhui/0000-0001-7121-2367; Zhihao, Li/0000-0003-3153-6708; Chen, Fei/0000-0003-4397-0931; Dong, Zhipeng/0000-0002-4056-4172",,,,,,,,,,,,,2377-3766,,,,,APR,2022,7,2,,,,,4917,4923,,10.1109/LRA.2022.3152974,http://dx.doi.org/10.1109/LRA.2022.3152974,,,,,,,,,,,,,WOS:000766627200006,View Full Record in Web of Science
C,"Liang, YC; Ellis, K; Henriques, J",,,IEEE,"Liang, Yichao; Ellis, Kevin; Henriques, Joao",,,Rapid Motor Adaptation for Robotic Manipulator Arms,2024 IEEE/CVF CONFERENCE ON COMPUTER VISION AND PATTERN RECOGNITION (CVPR),IEEE Conference on Computer Vision and Pattern Recognition,,,,IEEE/CVF Conference on Computer Vision and Pattern Recognition (CVPR),"JUN 16-22, 2024","Seattle, WA","IEEE,IEEE Comp Soc,CVF",,,,,,,,,,,,,,,,,,,,,,,1063-6919,,979-8-3503-5300-6,,,,2024,,,,,,,16404,16413,,10.1109/CVPR52733.2024.01552,http://dx.doi.org/10.1109/CVPR52733.2024.01552,,,,,,,,,,,,,WOS:001342442407075,View Full Record in Web of Science
C,"Tanaka, H; Schauss, T; Ohnishi, K; Peer, A; Buss, M",,"Kappers, AML; VanErp, JBF; Tiest, WMB; VanDerHelm, FCT",,"Tanaka, Hiroyuki; Schauss, Thomas; Ohnishi, Kouhei; Peer, Angelika; Buss, Martin",,,A Coordinating Controller for Improved Task Performance in Multi-user Teleoperation,"HAPTICS: GENERATING AND PERCEIVING TANGIBLE SENSATIONS, PT I, PROCEEDINGS",Lecture Notes in Computer Science,,,,EuroHaptics International Conference on Generating and Perceiving Tangible Sensations,"JUL 08-10, 2010","Amsterdam, NETHERLANDS","TNO, Netherlands Org Appl Sci Res,VU Univ Amsterdam,Utrecht Univ,Delft Univ Technol,Force Dimens,TNO, Engn Syst Technol,Moog, Engn Syst Technol",,,,,,,,,"Ohnishi, Kouhei/A-6543-2011; Peer, Angelika/E-5806-2013; Peer, Angelika/A-4315-2019","Peer, Angelika/0000-0002-2896-9011",,,,,,,,,,,,,0302-9743,1611-3349,978-3-642-14063-1,,,,2010,6191,,I,,,,155,+,,,,,,,,,,,,,,,,WOS:000281598200023,View Full Record in Web of Science
J,"Blumhofer, B; Ruskowski, M; Ritter, A; Jungbluth, S; Hermann, J",,,,"Blumhofer, Benjamin; Ruskowski, Martin; Ritter, Alexandra; Jungbluth, Simon; Hermann, Jesko",,,Skill-based intralogistics Transport of products to production modules by mobile robots,ATP MAGAZINE,,,,,,,,,,,,,,,,,,,,,,,,,,,,,,,2190-4111,2364-3137,,,,,2023,,8,,,,,48,57,,,,,,,,,,,,,,,,WOS:001085579200005,View Full Record in Web of Science
J,"Gao, JF; Tao, Z; Jaquier, N; Asfour, T",,,,"Gao, Jianfeng; Tao, Zhi; Jaquier, Noemie; Asfour, Tamim",,,K-VIL: Keypoints-Based Visual Imitation Learning,IEEE TRANSACTIONS ON ROBOTICS,,,,,,,,,,,,,,,,,,"Gao, Jianfeng/0000-0002-6371-505X",,,,,,,,,,,,,1552-3098,1941-0468,,,,OCT,2023,39,5,,,,,3888,3908,,10.1109/TRO.2023.3286074,http://dx.doi.org/10.1109/TRO.2023.3286074,,JUL 2023,,,,,,,,,,,WOS:001035827900001,View Full Record in Web of Science
C,"Tunstel, E; Dani, A; Martinez, C; Blakeslee, B; Mendoza, J; Saltus, R; Trombetta, D; Rotithor, G; Fuhlbrigge, T; Lasko, D; Wang, JJ",,,IEEE,"Tunstel, Edward; Dani, Ashwin; Martinez, Carlos; Blakeslee, Brigid; Mendoza, Jeffrey; Saltus, Ryan; Trombetta, Daniel; Rotithor, Ghananeel; Fuhlbrigge, Tom; Lasko, Daniel; Wang, Jianjun",,,Robotic Wire Pinning for Wire Harness Assembly Automation,2020 IEEE/ASME INTERNATIONAL CONFERENCE ON ADVANCED INTELLIGENT MECHATRONICS (AIM),IEEE ASME International Conference on Advanced Intelligent Mechatronics,,,,IEEE/ASME International Conference on Advanced Intelligent Mechatronics (AIM),"JUL 06-09, 2020",ELECTR NETWORK,"IEEE,ASME",,,,,,,,,,,,,,,,,,,,,,,2159-6255,,978-1-7281-6794-7,,,,2020,,,,,,,1208,1215,,10.1109/aim43001.2020.9158905,http://dx.doi.org/10.1109/aim43001.2020.9158905,,,,,,,,,,,,,WOS:000612837600146,View Full Record in Web of Science
J,"Lim, GH; Pedrosa, E; Amaral, F; Pereira, A; Lau, N; Azevedo, JL; Cunha, B; Badini, S",,,,"Lim, Gi Hyun; Pedrosa, Eurico; Amaral, Filipe; Pereira, Artur; Lau, Nuno; Azevedo, Jose Luis; Cunha, Bernardo; Badini, Simone",,,"Skill-based anytime agent architecture for European Robotics Challenges in realistic environments: EuRoC Challenge 2, Stage II - realistic labs",ROBOTICS AND AUTONOMOUS SYSTEMS,,,,,,,,,,,,,,,,,"Amaral, Filipe/J-6167-2013; Pedrosa, Eurico/AAE-7988-2021; Pereira, Artur/V-3022-2019; Lau, Nuno/E-5934-2010","Lim, Gi Hyun/0000-0002-7776-8822; Pedrosa, Eurico/0000-0002-7954-9922; Lau, Nuno/0000-0003-0513-158X; Azevedo, Jose Luis/0000-0002-8485-6441; Pereira, Artur/0000-0002-7099-1247",,,,,,,,,,,,,0921-8890,1872-793X,,,,OCT,2019,120,,,,,,,,103227,10.1016/j.robot.2019.06.006,http://dx.doi.org/10.1016/j.robot.2019.06.006,,,,,,,,,,,,,WOS:000488332300007,View Full Record in Web of Science
C,"Chaudhari, D; Bhagat, K; Demircan, E",,"Xiao, J; Kroger, T; Khatib, O",,"Chaudhari, Dipti; Bhagat, Kunj; Demircan, Emel",,,Understanding and Transfer of Human Skills in Robotics Using Deep Learning and Musculoskeletal Modeling,PROCEEDINGS OF THE 2018 INTERNATIONAL SYMPOSIUM ON EXPERIMENTAL ROBOTICS,Springer Proceedings in Advanced Robotics,,,,International Symposium on Experimental Robotics (ISER),"NOV 05-08, 2018","Buenos Aires, ARGENTINA","Int Fdn Robot Res,Franka Emika,US Natl Sci Fdn",,,,,,,,,,,,,,,,,,,,,,,2511-1256,2511-1264,978-3-030-33950-0; 978-3-030-33949-4,,,,2020,11,,,,,,45,55,,10.1007/978-3-030-33950-0_5,http://dx.doi.org/10.1007/978-3-030-33950-0_5,,,,,,,,,,,,,WOS:000656149800005,View Full Record in Web of Science
C,"Gu, Y; Sheng, WH; Liu, MQ; Ou, YS",,,IEEE,"Gu, Ye; Sheng, Weihua; Liu, Meiqin; Ou, Yongsheng",,,Fine Manipulative Action Recognition through Sensor Fusion,2015 IEEE/RSJ INTERNATIONAL CONFERENCE ON INTELLIGENT ROBOTS AND SYSTEMS (IROS),IEEE International Conference on Intelligent Robots and Systems,,,,IEEE/RSJ International Conference on Intelligent Robots and Systems (IROS),"SEP 28-OCT 02, 2015","Hamburg, GERMANY","IEEE,RSJ,Univ Hamburg,DFG,RA,New Technol Fdn,SICE,KUKA,DJI,Rethink Robot,BOSCH,Chinese Acad Sci, SIAT,Boozhong,Adept,Automatica,HIT,Ascending Technol,OPTOFORCE,DST Robot,BA Syst,Rainbow Robot,SIA,CLEARPATH Robot,Swiss Natl Ctr Competence Res Robot,SINEVA,Dyson,SICK,Robocept,Force Dimension,Open Unit Robot,Luoyang Natl Univ Sci Park,Fuzhou Univ,Synapticon,Google,Technishce Univ Munchen,iRobot,Echord++,Khalifa Univ,Pan Robot,FESTO,Kinova Robot,SCHUNK,ies",,,,,,,,,,"sheng, weihua/0000-0003-2214-0373",,,,,,,,,,,,,2153-0858,,978-1-4799-9994-1,,,,2015,,,,,,,886,891,,,,,,,,,,,,,,,,WOS:000371885401007,View Full Record in Web of Science
C,"Matl, C; Matthew, R; Bajcsy, R",,,IEEE,"Matl, Carolyn; Matthew, Robert; Bajcsy, Ruzena",,,Haptic Perception of Liquids Enclosed in Containers,2019 IEEE/RSJ INTERNATIONAL CONFERENCE ON INTELLIGENT ROBOTS AND SYSTEMS (IROS),IEEE International Conference on Intelligent Robots and Systems,,,,IEEE/RSJ International Conference on Intelligent Robots and Systems (IROS),"NOV 04-08, 2019","Macau, PEOPLES R CHINA","IEEE,RSJ",,,,,,,,,,,,,,,,,,,,,,,2153-0858,,978-1-7281-4004-9,,,,2019,,,,,,,7142,7149,,10.1109/iros40897.2019.8968528,http://dx.doi.org/10.1109/iros40897.2019.8968528,,,,,,,,,,,,,WOS:000544658405104,View Full Record in Web of Science
J,"Chi, MS; Liu, YX; Yao, YF; Liu, Y; Li, SQ; Zeng, C; Zhong, M",,,,"Chi, Mingshan; Liu, Yaxin; Yao, Yufeng; Liu, Yan; Li, Shouqiang; Zeng, Chao; Zhong, Ming",,,Development and evaluation of demonstration information recording approach for wheelchair mounted robotic arm,COMPLEX & INTELLIGENT SYSTEMS,,,,,,,,,,,,,,,,,,"Chi, Mingshan/0000-0002-4129-1153",,,,,,,,,,,,,2199-4536,2198-6053,,,,AUG,2022,8,4,,,,,2843,2857,,10.1007/s40747-021-00350-9,http://dx.doi.org/10.1007/s40747-021-00350-9,,APR 2021,,,,,,,,,,,WOS:000644753000002,View Full Record in Web of Science
C,"Li, BY; Li, JY; Lu, T; Cai, YH; Wang, S",,,IEEE,"Li, Boyao; Li, Jiayi; Lu, Tao; Cai, Yinghao; Wang, Shuo",,,Hierarchical Learning from Demonstrations for Long-Horizon Tasks,2021 IEEE INTERNATIONAL CONFERENCE ON ROBOTICS AND AUTOMATION (ICRA 2021),IEEE International Conference on Robotics and Automation ICRA,,,,IEEE International Conference on Robotics and Automation (ICRA),"MAY 30-JUN 05, 2021","Xian, PEOPLES R CHINA","IEEE,IEEE Robot & Automat Soc,So Univ Sci & Technol,Harbin Inst Technol,Xian Jiaotong Univ,Univ Toronto,Nat Sci & Engn Res Council Canada,Chinese Univ Hong Kong,DJI,Biomimet Intelligence & Robot,Toyota Res Inst,Baidu,Mech Mind Robot Technologies,Facebook AI,Nokov,Manycore,Franka Emika,Zhejiang Univ, Huzhou Inst,Jing Tian,ATI Ind Automat,Amber,Direct Drive Tech,Inceptio,Flexiv,Deeproute AI,Unitree,Waymo,Kuka,Pudu Robot,Deep Robot,Nvidia,MathWorks",,,,,,,,,"li, jiayi/KOD-0287-2024; wang, shuo/MIT-1662-2025",,,,,,,,,,,,,,1050-4729,2577-087X,978-1-7281-9077-8,,,,2021,,,,,,,4545,4551,,10.1109/ICRA48506.2021.9561408,http://dx.doi.org/10.1109/ICRA48506.2021.9561408,,,,,,,,,,,,,WOS:000765738803082,View Full Record in Web of Science
J,"Anand, AS; Gravdahl, JT; Abu-Dakka, FJ",,,,"Anand, Akhil S.; Gravdahl, Jan Tommy; Abu-Dakka, Fares J.",,,Model-based variable impedance learning control for robotic manipulation,ROBOTICS AND AUTONOMOUS SYSTEMS,,,,,,,,,,,,,,,,,"AbuDakka, Fares/M-2085-2019; Abu-Dakka, Fares J./M-4099-2014","Gravdahl, Tommy/0000-0002-5663-0795; Abu-Dakka, Fares J./0000-0001-9062-9416",,,,,,,,,,,,,0921-8890,1872-793X,,,,DEC,2023,170,,,,,,,,104531,10.1016/j.robot.2023.104531,http://dx.doi.org/10.1016/j.robot.2023.104531,,SEP 2023,,,,,,,,,,,WOS:001097511500001,View Full Record in Web of Science
C,"An, SN; Zhou, B; Lin, ZQ; Fu, Q; Chen, B; Zheng, NN; Chen, WZ; Lou, JG",,"Bouamor, H; Pino, J; Bali, K",,"An, Shengnan; Zhou, Bo; Lin, Zeqi; Fu, Qiang; Chen, Bei; Zheng, Nanning; Chen, Weizhu; Lou, Jian-Guang",,,Skill-Based Few-Shot Selection for In-Context Learning,2023 CONFERENCE ON EMPIRICAL METHODS IN NATURAL LANGUAGE PROCESSING (EMNLP 2023),,,,,Conference on Empirical Methods in Natural Language Processing (EMNLP),"DEC 06-10, 2023","Singapore, SINGAPORE","Apple,Colossal AI,Google Res,GTCOM,King Salman Global Acad Arabic Language,LivePerson,SONY,Ahrefs,Alibaba Cloud,Amazon Sci,Baidu,ByteDance,Cohere,Megagon Labs,NEC,ANT Grp,Bloomberg Engn,HUAWEI,J P Morgan Chase & Co,Salesforce,SAP,AiXplain,Duolingo,Jenni,Translated,Adobe,Babelscape,ModelBest,Nyonic,Mercari",,,,,,,,,,,,,,,,,,,,,,,,,979-8-89176-060-8,,,,2023,,,,,,,13472,13492,,,,,,,,,,,,,,,,WOS:001378237105008,View Full Record in Web of Science
J,"Chon, SU; Seo, J; Kim, J; Han, S; Park, S; Kim, JT; Kim, J; Cho, J",,,,"Chon, Sang Uk; Seo, Jaehong; Kim, Jungyeong; Han, Sangchul; Park, Sangshin; Kim, Jin Tak; Kim, Jinhyeon; Cho, Jungsan",,,Design of an Intuitive Master for Improving Teleoperation Task Performance Using the Functional Separation of Actuators: Movement and Gravity Compensation,ACTUATORS,,,,,,,,,,,,,,,,,,"Park, Sangshin/0000-0002-4246-5186; Kim, Jin Tak/0000-0001-9895-6032; Chon, Sang Uk/0000-0002-3555-1625; Cho, Jungsan/0000-0002-4548-880X; seo, jaehong/0000-0002-5161-717X; Han, Sangchul/0000-0003-3773-8263; Kim, Jungyeong/0000-0002-7774-1507",,,,,,,,,,,,,,2076-0825,,,,JUL,2022,11,7,,,,,,,204,10.3390/act11070204,http://dx.doi.org/10.3390/act11070204,,,,,,,,,,,,,WOS:000833384100001,View Full Record in Web of Science
J,"Duan, JH; Ou, YS; Xu, S; Liu, M",,,,"Duan, Jianghua; Ou, Yongsheng; Xu, Sheng; Liu, Ming",,,Sequential learning unification controller from human demonstrations for robotic compliant manipulation,NEUROCOMPUTING,,,,,,,,,,,,,,,,,"Liu, Ming/AAC-9891-2020","Xu, Sheng/0000-0002-5086-4152",,,,,,,,,,,,,0925-2312,1872-8286,,,,NOV 13,2019,366,,,,,,35,45,,10.1016/j.neucom.2019.07.081,http://dx.doi.org/10.1016/j.neucom.2019.07.081,,,,,,,,,,,,,WOS:000488202500004,View Full Record in Web of Science
C,"Khader, SA; Yin, H; Falco, P; Kragic, D",,,IEEE,"Khader, Shahbaz Abdul; Yin, Hang; Falco, Pietro; Kragic, Danica",,,Learning Stable Normalizing-Flow Control for Robotic Manipulation,2021 IEEE INTERNATIONAL CONFERENCE ON ROBOTICS AND AUTOMATION (ICRA 2021),IEEE International Conference on Robotics and Automation ICRA,,,,IEEE International Conference on Robotics and Automation (ICRA),"MAY 30-JUN 05, 2021","Xian, PEOPLES R CHINA","IEEE,IEEE Robot & Automat Soc,So Univ Sci & Technol,Harbin Inst Technol,Xian Jiaotong Univ,Univ Toronto,Nat Sci & Engn Res Council Canada,Chinese Univ Hong Kong,DJI,Biomimet Intelligence & Robot,Toyota Res Inst,Baidu,Mech Mind Robot Technologies,Facebook AI,Nokov,Manycore,Franka Emika,Zhejiang Univ, Huzhou Inst,Jing Tian,ATI Ind Automat,Amber,Direct Drive Tech,Inceptio,Flexiv,Deeproute AI,Unitree,Waymo,Kuka,Pudu Robot,Deep Robot,Nvidia,MathWorks",,,,,,,,,,,,,,,,,,,,,,,1050-4729,2577-087X,978-1-7281-9077-8,,,,2021,,,,,,,1644,1650,,10.1109/ICRA48506.2021.9562071,http://dx.doi.org/10.1109/ICRA48506.2021.9562071,,,,,,,,,,,,,WOS:000765738801085,View Full Record in Web of Science
J,"Gamberini, G; Maglio, S; Mariani, A; Mazzotta, AD; Forgione, A; Marescaux, J; Melfi, F; Tognarelli, S; Menciassi, A",,,,"Gamberini, Giulia; Maglio, Sabina; Mariani, Andrea; Mazzotta, Alessandro Dario; Forgione, Antonello; Marescaux, Jacques; Melfi, Franca; Tognarelli, Selene; Menciassi, Arianna",,,Design and preliminary validation of a high-fidelity vascular simulator for robot-assisted manipulation,SCIENTIFIC REPORTS,,,,,,,,,,,,,,,,,"Tognarelli, Selene/N-9643-2019; Maglio, Sabina/KXS-0506-2024","Gamberini, Giulia/0009-0005-9311-2910",,,,,,,,,,,,,2045-2322,,,,,FEB 27,2024,14,1,,,,,,,4779,10.1038/s41598-024-55351-8,http://dx.doi.org/10.1038/s41598-024-55351-8,,,,,,,,38413654,,,,,WOS:001177603900033,View Full Record in Web of Science
C,"Jaquier, N; Rozo, L; Calinon, S; Bürger, M",,"Kaelbling, LP; Kragic, D; Sugiura, K",,"Jaquier, Noemie; Rozo, Leonel; Calinon, Sylvain; Burger, Mathias",,,Bayesian Optimization Meets Riemannian Manifolds in Robot Learning,"CONFERENCE ON ROBOT LEARNING, VOL 100",Proceedings of Machine Learning Research,,,,3rd Conference on Robot Learning (CoRL),"OCT 30-NOV 01, 2019","Osaka, JAPAN",,,,,,,,,,"Rozo, Leonel/HTP-2045-2023",,,,,,,,,,,,,,2640-3498,,,,,,2019,100,,,,,,,,,,,,,,,,,,,,,,,WOS:001228521000019,View Full Record in Web of Science
C,"Braun, M; Wrede, S",,,IEEE,"Braun, Marco; Wrede, Sebastian",,,Incorporation of Expert Knowledge for Learning Robotic Assembly Tasks,2020 25TH IEEE INTERNATIONAL CONFERENCE ON EMERGING TECHNOLOGIES AND FACTORY AUTOMATION (ETFA),IEEE International Conference on Emerging Technologies and Factory Automation-ETFA,,,,25th IEEE International Conference on Emerging Technologies and Factory Automation (ETFA),"SEP 08-11, 2020","Vienna, AUSTRIA","Inst Elect & Elect Engineers,IEEE Ind Elect Soc,TU Wien, Inst Comp Technol",,,,,,,,,,,,,,,,,,,,,,,1946-0740,1946-0759,978-1-7281-8956-7,,,,2020,,,,,,,1590,1597,,,,,,,,,,,,,,,,WOS:000627406500253,View Full Record in Web of Science
C,"Orbik, J; Agostini, A; Lee, D",,,IEEE,"Orbik, Jedrzej; Agostini, Alejandro; Lee, Dongheui",,,Inverse reinforcement learning for dexterous hand manipulation,"IEEE INTERNATIONAL CONFERENCE ON DEVELOPMENT AND LEARNING, ICDL 2021",IEEE International Conference on Development and Learning,,,,IEEE International Conference on Development and Learning (ICDL),"AUG 23-26, 2021","Peking Univ, ELECTR NETWORK","IEEE,IEEE Computat Intelligence Soc,Microsoft,NSFC,IEEE Robot & Automat Soc,Synced",Peking Univ,,,,,,,,,,,,,,,,,,,,,,,,978-1-7281-6242-3,,,,2021,,,,,,,,,,10.1109/ICDL49984.2021.9515637,http://dx.doi.org/10.1109/ICDL49984.2021.9515637,,,,,,,,,,,,,WOS:001345071900026,View Full Record in Web of Science
C,"Martin, J; Huard, B; Robert, M; Grossard, M",,,IEEE,"Martin, Javier; Huard, Benoit; Robert, Mathieu; Grossard, Mathieu",,,Novel Self-Sensing Actuated Joint for Robotic Hands,2011 IEEE/ASME INTERNATIONAL CONFERENCE ON ADVANCED INTELLIGENT MECHATRONICS (AIM),IEEE ASME International Conference on Advanced Intelligent Mechatronics,,,,IEEE/ASME International Conference on Advanced Intelligent Mechatronics,"JUL 03-07, 2011","Budapest, HUNGARY","IEEE Robot & Automat Soc (RA),IEEE Ind Elect Soc (IES),Amer Soc Mech Engn (ASME) Dynam Syst & Control Div (DSC),Budapest Univ Technol & Economi,Hungarian Acad Sci, Comp & Automat Res Inst",,,,,,,,,,,,,,,,,,,,,,,2159-6255,,978-1-4577-0839-8,,,,2011,,,,,,,475,480,,,,,,,,,,,,,,,,WOS:000298805800082,View Full Record in Web of Science
C,"Herrero, H; Outón, JL; Esnaola, U; Sallé, D; de Ipiña, KL",,"deIpina, KL; TraviesoGonzalez, CM; AlonsoHernandez, JB",,"Herrero, Hector; Luis Outon, Jose; Esnaola, Urko; Salle, Damien; Lopez de Ipina, Karmele",,,Development and Evaluation of a Skill Based Architecture for Applied Industrial Robotics,2015 4TH INTERNATIONAL WORK CONFERENCE ON BIOINSPIRED INTELLIGENCE (IWOBI),,,,,2015 4th International Work Conference on Bioinspired Intelligence (IWOBI),"JUN 09-12, 2015","San Sebastian, SPAIN","Universidad del Pais Vasco Euskal Herriko Unibertsitatea,Universidad de Las Palmas de Gran Canari,Elekin Research Group,iDeTIC,Ikor,AVIA",,,,,,,,,"Outón Méndez, Jose Luis/AFF-6092-2022; Lopez-de-Ipina, Karmele/N-8131-2019; Herrero, Hector/JYP-9763-2024; Lopez-de-Ipina, Karmele/K-4379-2013","Outon Mendez, Jose Luis/0000-0001-8268-4562; Herrero, Hector/0000-0002-3372-0288; Lopez-de-Ipina, Karmele/0000-0002-2135-2393; Lopez-de-Ipina, Karmele/0000-0003-0742-0932; SALLE, Damien/0000-0002-5933-2419",,,,,,,,,,,,,,,978-1-4673-7846-8,,,,2015,,,,,,,191,195,,,,,,,,,,,,,,,,WOS:000380501500029,View Full Record in Web of Science
C,"Andersen, RS; Nalpantidis, L; Krüger, V; Madsen, O; Moeslund, TB",,"Battiato, S; Braz, J",IEEE,"Andersen, Rasmus S.; Nalpantidis, Lazaros; Kruger, Volker; Madsen, Ole; Moeslund, Thomas B.",,,Using Robot Skills for Flexible Reprogramming of Pick Operations in Industrial Scenarios,"PROCEEDINGS OF THE 2014 9TH INTERNATIONAL CONFERENCE ON COMPUTER VISION, THEORY AND APPLICATIONS (VISAPP 2014), VOL 3",,,,,9th International Conference on Computer Vision Theory and Applications (VISAPP),"JAN 05-08, 2014","Lisbon, PORTUGAL","Inst Syst & Technologies Informat Control & Commun,IEEE Comp Soc,IEEE Tech Community Visualizat & Graph",,,,,,,,,"Nalpantidis, Lazaros/J-1803-2012; Andersen, Rasmus/J-3360-2012; Madsen, Ole/B-3458-2013","Moeslund, Thomas B./0000-0001-7584-5209; Madsen, Ole/0000-0003-2133-2541; Nalpantidis, Lazaros/0000-0002-3620-4123; Kruger, Volker/0000-0002-8836-8816",,,,,,,,,,,,,,,978-9-8975-8133-5,,,,2014,,,,,,,678,685,,,,,,,,,,,,,,,,WOS:000412740600084,View Full Record in Web of Science
J,"Han, YH; Chen, ZY; Williams, KA; Ravichandar, H",,,,"Han, Yunhai; Chen, Zhenyang; Williams, Kyle A.; Ravichandar, Harish",,,Learning Prehensile Dexterity by Imitating and Emulating State-Only Observations,IEEE ROBOTICS AND AUTOMATION LETTERS,,,,,,,,,,,,,,,,,,"Han, Yunhai/0000-0003-3119-0129",,,,,,,,,,,,,2377-3766,,,,,OCT,2024,9,10,,,,,8266,8273,,10.1109/LRA.2024.3443595,http://dx.doi.org/10.1109/LRA.2024.3443595,,,,,,,,,,,,,WOS:001297458400005,View Full Record in Web of Science
J,"Guan, YS; Zhu, HF; Wu, WQ; Zhou, XF; Jiang, L; Cai, CW; Zhang, LM; Zhang, H",,,,"Guan, Yisheng; Zhu, Haifei; Wu, Wenqiang; Zhou, Xuefeng; Jiang, Li; Cai, Chuanwu; Zhang, Lianmeng; Zhang, Hong",,,A Modular Biped Wall-Climbing Robot With High Mobility and Manipulating Function,IEEE-ASME TRANSACTIONS ON MECHATRONICS,,,,,,,,,,,,,,,,,"zhang, hongyi/GWQ-7770-2022; Wang, Yixin/AAI-2758-2021",,,,,,,,,,,,,,1083-4435,1941-014X,,,,DEC,2013,18,6,,,,,1787,1798,,10.1109/TMECH.2012.2213303,http://dx.doi.org/10.1109/TMECH.2012.2213303,,,,,,,,,,,,,WOS:000328700200016,View Full Record in Web of Science
C,"Luo, JL; Solowjow, E; Wen, CT; Ojea, JA; Agogino, AM; Tamar, A; Abbeel, P",,"Howard, A; Althoefer, K; Arai, F; Arrichiello, F; Caputo, B; Castellanos, J; Hauser, K; Isler, V; Kim, J; Liu, H; Oh, P; Santos, V; Scaramuzza, D; Ude, A; Voyles, R; Yamane, K; Okamura, A",IEEE,"Luo, Jianlan; Solowjow, Eugen; Wen, Chengtao; Ojea, Juan Aparicio; Agogino, Alice M.; Tamar, Aviv; Abbeel, Pieter",,,Reinforcement Learning on Variable Impedance Controller for High-Precision Robotic Assembly,2019 INTERNATIONAL CONFERENCE ON ROBOTICS AND AUTOMATION (ICRA),IEEE International Conference on Robotics and Automation ICRA,,,,IEEE International Conference on Robotics and Automation (ICRA),"MAY 20-24, 2019","Montreal, CANADA","Bosch,DJI,Kinova,Mercedes Benz,Samsung,Argo AI,Clearpath Robot,Element AI,Fetch Robot,Huawei,iRobot,KUKA,Quanser,SICK,Toyota Res Inst,Uber,Waymo,Zhejiang Lab,Amazon,Applanix,Cloudminds,Honda Res Inst,MathWorks,Ouster",,,,,,,,,"Agogino, Alice/B-6970-2013",,,,,,,,,,,,,,1050-4729,2577-087X,978-1-5386-6026-3,,,,2019,,,,,,,3080,3087,,10.1109/icra.2019.8793506,http://dx.doi.org/10.1109/icra.2019.8793506,,,,,,,,,,,,,WOS:000494942302041,View Full Record in Web of Science
C,"Mayr, M; Rovida, F; Krueger, V",,,IEEE,"Mayr, Matthias; Rovida, Francesco; Krueger, Volker",,,SkiROS2: A skill-based Robot Control Platform for ROS,2023 IEEE/RSJ INTERNATIONAL CONFERENCE ON INTELLIGENT ROBOTS AND SYSTEMS (IROS),IEEE International Conference on Intelligent Robots and Systems,,,,IEEE/RSJ International Conference on Intelligent Robots and Systems (IROS),"OCT 01-05, 2023","Detroit, MI","IEEE,RSJ",,,,,,,,,,"Kruger, Volker/0000-0002-8836-8816",,,,,,,,,,,,,2153-0858,,978-1-6654-9190-7,,,,2023,,,,,,,6273,6280,,10.1109/IROS55552.2023.10342216,http://dx.doi.org/10.1109/IROS55552.2023.10342216,,,,,,,,,,,,,WOS:001136907800121,View Full Record in Web of Science
C,"Canberk, A; Chi, C; Ha, H; Burchfiel, B; Cousineau, E; Peng, SY; Song, SR",,,IEEE,"Canberk, Alper; Chi, Cheng; Ha, Huy; Burchfiel, Benjamin; Cousineau, Eric; Peng, Siyuan; Song, Shuran",,,Cloth Funnels: Canonicalized-Alignment for Multi-Purpose Garment Manipulation,"2023 IEEE INTERNATIONAL CONFERENCE ON ROBOTICS AND AUTOMATION, ICRA",IEEE International Conference on Robotics and Automation ICRA,,,,IEEE International Conference on Robotics and Automation (ICRA),"MAY 29-JUN 02, 2023","London, ENGLAND","IEEE,IEEE Robot & Automat Soc",,,,,,,,,,"song, shuran/0000-0002-8768-7356",,,,,,,,,,,,,1050-4729,2577-087X,979-8-3503-2365-8,,,,2023,,,,,,,5872,5879,,10.1109/ICRA48891.2023.10161546,http://dx.doi.org/10.1109/ICRA48891.2023.10161546,,,,,,,,,,,,,WOS:001036713004121,View Full Record in Web of Science
C,"Nematollahi, I; Rosete-Beas, E; Röfer, A; Welschehold, T; Valada, A; Burgard, W",,,IEEE,"Nematollahi, Iman; Rosete-Beas, Erick; Roefer, Adrian; Welschehold, Tim; Valada, Abhinav; Burgard, Wolfram",,,Robot Skill Adaptation via Soft Actor-Critic Gaussian Mixture Models,"2022 IEEE INTERNATIONAL CONFERENCE ON ROBOTICS AND AUTOMATION, ICRA 2022",IEEE International Conference on Robotics and Automation ICRA,,,,IEEE International Conference on Robotics and Automation (ICRA),"MAY 23-27, 2022","Philadelphia, PA","IEEE,IEEE Robot & Automat Soc",,,,,,,,,"Burgard, Wolfram/N-2381-2019; Valada, Abhinav/ABE-8411-2021","Valada, Abhinav/0000-0003-4710-3114",,,,,,,,,,,,,1050-4729,2577-087X,978-1-7281-9681-7,,,,2022,,,,,,,8651,8657,,10.1109/ICRA46639.2022.9811770,http://dx.doi.org/10.1109/ICRA46639.2022.9811770,,,,,,,,,,,,,WOS:000941277601090,View Full Record in Web of Science
J,"Mesesan, G; Schuller, R; Englsberger, J; Roa, MA; Lee, J; Ott, C; Albu-Schäffer, A",,,,"Mesesan, George; Schuller, Robert; Englsberger, Johannes; Roa, Maximo A.; Lee, Jinoh; Ott, Christian; Albu-Schaeffer, Alin",,,Motion Planning for Humanoid Locomotion: Applications to Homelike Environments,IEEE ROBOTICS & AUTOMATION MAGAZINE,,,,,,,,,,,,,,,,,"Englsberger, Johannes/AAK-4383-2021; Albu-Schaffer, Alin/I-6736-2016","Albu-Schaffer, Alin/0000-0001-5343-9074",,,,,,,,,,,,,1070-9932,1558-223X,,,,2025 JAN 24,2025,,,,,,,,,,10.1109/MRA.2025.3527287,http://dx.doi.org/10.1109/MRA.2025.3527287,,JAN 2025,,,,,,,,,,,WOS:001406017500001,View Full Record in Web of Science
J,"Guo, J; Guo, SX; Li, MX; Tamiya, T",,,,"Guo, Jin; Guo, Shuxiang; Li, Maoxun; Tamiya, Takashi",,,A marker-based contactless catheter-sensing method to detect surgeons' operations for catheterization training systems,BIOMEDICAL MICRODEVICES,,,,,,,,,,,,,,,,,,"Guo, Shuxiang/0000-0002-0607-9798",,,,,,,,,,,,,1387-2176,1572-8781,,,,AUG 22,2018,20,3,,,,,,,76,10.1007/s10544-018-0321-5,http://dx.doi.org/10.1007/s10544-018-0321-5,,,,,,,,30136209,,,,,WOS:000442426400001,View Full Record in Web of Science
C,"Kumar, V; Todorov, E; Levine, S",,"Okamura, A; Menciassi, A; Ude, A; Burschka, D; Lee, D; Arrichiello, F; Liu, H; Moon, H; Neira, J; Sycara, K; Yokoi, K; Martinet, P; Oh, P; Valdastri, P; Krovi, V",,"Kumar, Vikash; Todorov, Emanuel; Levine, Sergey",,,Optimal Control with Learned Local Models: Application to Dexterous Manipulation,2016 IEEE INTERNATIONAL CONFERENCE ON ROBOTICS AND AUTOMATION (ICRA),IEEE International Conference on Robotics and Automation ICRA,,,,IEEE International Conference on Robotics and Automation (ICRA),"MAY 16-21, 2016","Royal Inst Technol, Ctr Autonomous Syst, Stockholm, SWEDEN","IEEE,IEEE Robot & Automat Soc,ABB,DJI,KUKA,Husqvarna,iRobot,Khalifa Univ,Kinova Univ,MOOG,PAL Robot,UBER,Amazon","Royal Inst Technol, Ctr Autonomous Syst",,,,,,,,"Kumar, Vikash/KAM-2125-2024",,,,,,,,,,,,,,1050-4729,2577-087X,978-1-4673-8026-3,,,,2016,,,,,,,378,383,,,,,,,,,,,,,,,,WOS:000389516200047,View Full Record in Web of Science
C,"Lämmle, A; Tenbrock, P; Bálint, B; Nägele, F; Kraus, W; Váncza, J; Huber, MF",,,IEEE,"Laemmle, Arik; Tenbrock, Philipp; Balint, Balazs; Naegele, Frank; Kraus, Werner; Vancza, Jozsef; Huber, Marco F.",,,Simulation-based Learning of the Peg-in-Hole Process Using Robot-Skills,2022 IEEE/RSJ INTERNATIONAL CONFERENCE ON INTELLIGENT ROBOTS AND SYSTEMS (IROS),IEEE International Conference on Intelligent Robots and Systems,,,,IEEE/RSJ International Conference on Intelligent Robots and Systems (IROS),"OCT 23-27, 2022","Kyoto, JAPAN","IEEE,Royal Soc Japan,IEEE Robot & Automat Soc,IES,SICE,New Technol Fdn",,,,,,,,,"Huber, Marco/H-7866-2019",,,,,,,,,,,,,,2153-0858,,978-1-6654-7927-1,,,,2022,,,,,,,9340,9346,,10.1109/IROS47612.2022.9982212,http://dx.doi.org/10.1109/IROS47612.2022.9982212,,,,,,,,,,,,,WOS:000909405301124,View Full Record in Web of Science
J,"Miao, RQ; Jia, QX; Sun, FC; Chen, G; Huang, HM",,,,"Miao, Runqing; Jia, Qingxuan; Sun, Fuchun; Chen, Gang; Huang, Haiming",,,Hierarchical Understanding in Robotic Manipulation: A Knowledge-Based Framework,ACTUATORS,,,,,,,,,,,,,,,,,"Miao, Runqing/GSI-8358-2022",,,,,,,,,,,,,,,2076-0825,,,,JAN,2024,13,1,,,,,,,28,10.3390/act13010028,http://dx.doi.org/10.3390/act13010028,,,,,,,,,,,,,WOS:001149330800001,View Full Record in Web of Science
J,"Gao, X; Silvério, J; Calinon, S; Li, M; Xiao, XH",,,,"Gao, Xiao; Silverio, Joao; Calinon, Sylvain; Li, Miao; Xiao, Xiaohui",,,Bilateral teleoperation with object-adaptive mapping,COMPLEX & INTELLIGENT SYSTEMS,,,,,,,,,,,,,,,,,,,,,,,,,,,,,,,2199-4536,2198-6053,,,,AUG,2022,8,4,,,,,2983,2990,,10.1007/s40747-021-00546-z,http://dx.doi.org/10.1007/s40747-021-00546-z,,OCT 2021,,,,,,35935807,,,,,WOS:000707533300001,View Full Record in Web of Science
J,"Yang, CG; Zeng, C; Fang, C; He, W; Li, ZJ",,,,"Yang, Chenguang; Zeng, Chao; Fang, Cheng; He, Wei; Li, Zhijun",,,A DMPs-Based Framework for Robot Learning and Generalization of Humanlike Variable Impedance Skills,IEEE-ASME TRANSACTIONS ON MECHATRONICS,,,,,,,,,,,,,,,,,"Yang, Chenguang/AAJ-2509-2020; Fang, Cheng/AAE-5813-2019; Li, Zhijun/ACT-9992-2022; He, Wei/K-4900-2019","Fang, Cheng/0000-0002-8535-3774; Yang, Chenguang/0000-0001-5255-5559",,,,,,,,,,,,,1083-4435,1941-014X,,,,JUN,2018,23,3,,,,,1193,1203,,10.1109/TMECH.2018.2817589,http://dx.doi.org/10.1109/TMECH.2018.2817589,,,,,,,,,,,,,WOS:000435338300021,View Full Record in Web of Science
J,"Luo, J; Liu, WB; Qi, W; Hu, JW; Chen, JM; Yang, CG",,,,"Luo, Jing; Liu, Weibin; Qi, Wen; Hu, Jianwen; Chen, Junming; Yang, Chenguang",,,A vision-based virtual fixture with robot learning for teleoperation,ROBOTICS AND AUTONOMOUS SYSTEMS,,,,,,,,,,,,,,,,,"Chen, JunMing/IRZ-3794-2023; Yang, Chenguang/AAJ-2509-2020","Luo, Jing/0000-0003-0646-743X; Yang, Chenguang/0000-0001-5255-5559",,,,,,,,,,,,,0921-8890,1872-793X,,,,JUN,2023,164,,,,,,,,104414,10.1016/j.robot.2023.104414,http://dx.doi.org/10.1016/j.robot.2023.104414,,APR 2023,,,,,,,,,,,WOS:000972030400001,View Full Record in Web of Science
J,"Qin, DD; Liu, AD; Xu, JM; Zhang, WA; Yu, L",,,,"Qin, Dongdong; Liu, Andong; Xu, Jianming; Zhang, Wen-An; Yu, Li",,,Learning From Human Demonstrations for Wheel Mobile Manipulator: An Unscented Model Predictive Control Approach,IEEE TRANSACTIONS ON NEURAL NETWORKS AND LEARNING SYSTEMS,,,,,,,,,,,,,,,,,"xu, jianmin/G-8032-2012; QIN, DONGDONG/LSK-7858-2024; Yu, Li/H-2783-2012; Liu, Andong/J-1853-2014","Zhang, Wen-An/0000-0002-4355-2783; Qin, Dongdong/0000-0003-1120-3092; Yu, Li/0000-0003-3889-3863",,,,,,,,,,,,,2162-237X,2162-2388,,,,DEC,2023,34,12,,,,,10864,10874,,10.1109/TNNLS.2022.3171595,http://dx.doi.org/10.1109/TNNLS.2022.3171595,,MAY 2022,,,,,,35560080,,,,,WOS:000798352500001,View Full Record in Web of Science
C,"Stückler, J; Droeschel, D; Gräve, K; Holz, D; Schreiber, M; Topalidou-Kyniazopoulou, A; Schwarz, M; Behnke, S",,"Behnke, S; Veloso, M; Visser, A; Xiong, R",,"Stueckler, Joerg; Droeschel, David; Graeve, Kathrin; Holz, Dirk; Schreiber, Michael; Topalidou-Kyniazopoulou, Angeliki; Schwarz, Max; Behnke, Sven",,,Increasing Flexibility of Mobile Manipulation and Intuitive Human-Robot Interaction in RoboCup@Home,ROBOCUP 2013: ROBOT WORLD CUP XVII,Lecture Notes in Artificial Intelligence,,,,17th International Symposium on Robot World Cup (RoboCup),"JUN 24-JUL 01, 2013","Eindhoven Univ Technol, Eindhoven, NETHERLANDS",,Eindhoven Univ Technol,,,,,,,,"Stückler, Jörg/AAK-9145-2021; Holz, Daniel/HGD-5989-2022; Behnke, Sven/B-5509-2013","Behnke, Sven/0000-0002-5040-7525",,,,,,,,,,,,,2945-9133,1611-3349,978-3-662-44468-9; 978-3-662-44467-2,,,,2014,8371,,,,,,135,146,,,,,,,,,,,,,,,,WOS:000349024200013,View Full Record in Web of Science
J,"Ak, AC; Aksoy, EE; Sariel, S",,,,"Ak, Abdullah Cihan; Aksoy, Eren Erdal; Sariel, Sanem",,,Learning Failure Prevention Skills for Safe Robot Manipulation,IEEE ROBOTICS AND AUTOMATION LETTERS,,,,,,,,,,,,,,,,,"Ak, Abdullah/ABC-9844-2020; Sariel, Sanem/JWP-5888-2024","Ak, Abdullah Cihan/0000-0002-9809-8629; Sariel, Sanem/0000-0003-2993-6681",,,,,,,,,,,,,2377-3766,,,,,DEC,2023,8,12,,,,,7994,8001,,10.1109/LRA.2023.3324587,http://dx.doi.org/10.1109/LRA.2023.3324587,,,,,,,,,,,,,WOS:001089241600003,View Full Record in Web of Science
J,"Schuyler, JL; Mahoney, RM",,,,"Schuyler, JL; Mahoney, RM",,,Assessing human-robotic performance for vocational placement,IEEE TRANSACTIONS ON REHABILITATION ENGINEERING,,,,,,,,,,,,,,,,,,,,,,,,,,,,,,,1063-6528,,,,,SEP,2000,8,3,,,,,394,404,,10.1109/86.867881,http://dx.doi.org/10.1109/86.867881,,,,,,,,11001519,,,,,WOS:000089336700014,View Full Record in Web of Science
C,"Tobin, J; Fong, R; Ray, A; Schneider, J; Zaremba, W; Abbeel, P",,"Bicchi, A; Okamura, A",,"Tobin, Josh; Fong, Rachel; Ray, Alex; Schneider, Jonas; Zaremba, Wojciech; Abbeel, Pieter",,,Domain Randomization for Transferring Deep Neural Networks from Simulation to the Real World,2017 IEEE/RSJ INTERNATIONAL CONFERENCE ON INTELLIGENT ROBOTS AND SYSTEMS (IROS),IEEE International Conference on Intelligent Robots and Systems,,,,IEEE/RSJ International Conference on Intelligent Robots and Systems (IROS) / Workshop on Machine Learning Methods for High-Level Cognitive Capabilities in Robotics,"SEP 24-28, 2017","Vancouver, CANADA","IEEE,RSJ,IEEE Robot & Automat Soc,IEEE IES,SICE,New Technol Fdn",,,,,,,,,"Ray, Alex/JGE-0892-2023; Tobin, Joshua/AAC-5314-2021",,,,,,,,,,,,,,2153-0858,,978-1-5386-2682-5,,,,2017,,,,,,,23,30,,,,,,,,,,,,,,,,WOS:000426978200004,View Full Record in Web of Science
C,"Shi, F; Homberger, T; Lee, J; Miki, T; Zhao, M; Farshidian, F; Okada, K; Inaba, M; Hutter, M",,,IEEE,"Shi, Fan; Homberger, Timon; Lee, Joonho; Miki, Takahiro; Zhao, Moju; Farshidian, Farbod; Okada, Kei; Inaba, Masayuki; Hutter, Marco",,,Circus ANYmal: A Quadruped Learning Dexterous Manipulation with Its Limbs,2021 IEEE INTERNATIONAL CONFERENCE ON ROBOTICS AND AUTOMATION (ICRA 2021),IEEE International Conference on Robotics and Automation ICRA,,,,IEEE International Conference on Robotics and Automation (ICRA),"MAY 30-JUN 05, 2021","Xian, PEOPLES R CHINA","IEEE,IEEE Robot & Automat Soc,So Univ Sci & Technol,Harbin Inst Technol,Xian Jiaotong Univ,Univ Toronto,Nat Sci & Engn Res Council Canada,Chinese Univ Hong Kong,DJI,Biomimet Intelligence & Robot,Toyota Res Inst,Baidu,Mech Mind Robot Technologies,Facebook AI,Nokov,Manycore,Franka Emika,Zhejiang Univ, Huzhou Inst,Jing Tian,ATI Ind Automat,Amber,Direct Drive Tech,Inceptio,Flexiv,Deeproute AI,Unitree,Waymo,Kuka,Pudu Robot,Deep Robot,Nvidia,MathWorks",,,,,,,,,,,,,,,,,,,,,,,1050-4729,2577-087X,978-1-7281-9077-8,,,,2021,,,,,,,2316,2323,,10.1109/ICRA48506.2021.9561926,http://dx.doi.org/10.1109/ICRA48506.2021.9561926,,,,,,,,,,,,,WOS:000765738802006,View Full Record in Web of Science
C,"Infante, ML; Kyrki, V",,,IEEE,"Infante, Marta Lopez; Kyrki, Ville",,,Usability of Force-Based Controllers in Physical Human-Robot Interaction,PROCEEDINGS OF THE 6TH ACM/IEEE INTERNATIONAL CONFERENCE ON HUMAN-ROBOT INTERACTIONS (HRI 2011),ACM IEEE International Conference on Human-Robot Interaction,,,,6th ACM/IEEE International Conference on Human-Robot Interaction (HRI),"MAR 06-09, 2011","Lausanne, SWITZERLAND","ACM,IEEE,IEEE Robot & Automat,ACM SIGCHI,ACM SIGART,AAAI,Human Factors & Ergon Soc,IEEE Syst Man & Cybernet Soc",,,,,,,,,"Kyrki, Ville/F-3034-2011","Kyrki, Ville/0000-0002-5230-5549",,,,,,,,,,,,,2167-2121,2167-2148,978-1-4503-0561-7,,,,2011,,,,,,,355,362,,,,,,,,,,,,,,,,WOS:000393313200124,View Full Record in Web of Science
C,"Pedersen, MR; Herzog, DL; Krüger, V",,,IEEE,"Pedersen, Mikkel Rath; Herzog, Dennis Levin; Kruger, Volker",,,Intuitive skill-level programming of industrial handling tasks on a mobile manipulator,2014 IEEE/RSJ INTERNATIONAL CONFERENCE ON INTELLIGENT ROBOTS AND SYSTEMS (IROS 2014),IEEE International Conference on Intelligent Robots and Systems,,,,IEEE/RSJ International Conference on Intelligent Robots and Systems (IROS),"SEP 14-18, 2014","Chicago, IL","IEEE,Robot Soc Japan,RA,SICE,IES,New Technol Fdn",,,,,,,,,"; Pedersen, Mikkel Rath/J-2395-2012","Kruger, Volker/0000-0002-8836-8816; Pedersen, Mikkel Rath/0000-0003-3026-7315",,,,,,,,,,,,,2153-0858,,978-1-4799-6934-0,,,,2014,,,,,,,4523,4530,,,,,,,,,,,,,,,,WOS:000349834604095,View Full Record in Web of Science
J,"Liu, YK; Xu, H; Liu, D; Wang, LH",,,,"Liu, Yongkui; Xu, He; Liu, Ding; Wang, Lihui",,,A digital twin-based sim-to-real transfer for deep reinforcement learning-enabled industrial robot grasping,ROBOTICS AND COMPUTER-INTEGRATED MANUFACTURING,,,,,,,,,,,,,,,,,"Liu, Yongkui/R-9307-2017; Wang, Lihui/O-3907-2014","Wang, Lihui/0000-0001-8679-8049",,,,,,,,,,,,,0736-5845,1879-2537,,,,DEC,2022,78,,,,,,,,102365,10.1016/j.rcim.2022.102365,http://dx.doi.org/10.1016/j.rcim.2022.102365,,MAY 2022,,,,,,,,,,,WOS:000807421500001,View Full Record in Web of Science
C,"Bharadhwaj, H; Vakil, J; Sharma, M; Gupta, A; Tulsiani, S; Kumar, V",,,IEEE,"Bharadhwaj, Homanga; Vakil, Jay; Sharma, Mohit; Gupta, Abhinav; Tulsiani, Shubham; Kumar, Vikash",,,RoboAgent: Generalization and Efficiency in Robot Manipulation via Semantic Augmentations and Action Chunking,"2024 IEEE INTERNATIONAL CONFERENCE ON ROBOTICS AND AUTOMATION, ICRA 2024",IEEE International Conference on Robotics and Automation ICRA,,,,IEEE International Conference on Robotics and Automation (ICRA),"MAY 13-17, 2024","Yokohama, JAPAN","IEEE,IEEE Robot & Automat Soc",,,,,,,,,"Bharadhwaj, Homanga/LQK-7079-2024",,,,,,,,,,,,,,1050-4729,2577-087X,979-8-3503-8458-1; 979-8-3503-8457-4,,,,2024,,,,,,,4788,4795,,10.1109/ICRA57147.2024.10611293,http://dx.doi.org/10.1109/ICRA57147.2024.10611293,,,,,,,,,,,,,WOS:001294576203102,View Full Record in Web of Science
J,"Gao, ZY; Elibol, A; Chong, NY",,,,"Gao, Ziyan; Elibol, Armagan; Chong, Nak Young",,,Zero Moment Two Edge Pushing of Novel Objects With Center of Mass Estimation,IEEE TRANSACTIONS ON AUTOMATION SCIENCE AND ENGINEERING,,,,,,,,,,,,,,,,,"Elibol, Armagan/B-4103-2013","Elibol, Armagan/0000-0003-0661-9536; Chong, Nak Young/0000-0001-5736-0769; GAO, ZIYAN/0000-0001-9948-7960",,,,,,,,,,,,,1545-5955,1558-3783,,,,JUL,2023,20,3,,,,,1487,1499,,10.1109/TASE.2022.3208739,http://dx.doi.org/10.1109/TASE.2022.3208739,,SEP 2022,,,,,,,,,,,WOS:000862435700001,View Full Record in Web of Science
J,"Zeng, C; Yang, CG; Jin, ZH; Zhang, JW",,,,"Zeng, Chao; Yang, Chenguang; Jin, Zhehao; Zhang, Jianwei",,,"Hierarchical Impedance, Force, and Manipulability Control for Robot Learning of Skills",IEEE-ASME TRANSACTIONS ON MECHATRONICS,,,,,,,,,,,,,,,,,"Jin, Zhehao/HOA-7661-2023","Jin, Zhehao/0000-0002-0871-9779",,,,,,,,,,,,,1083-4435,1941-014X,,,,2024 JUL 15,2024,,,,,,,,,,10.1109/TMECH.2024.3419852,http://dx.doi.org/10.1109/TMECH.2024.3419852,,JUL 2024,,,,,,,,,,,WOS:001273034800001,View Full Record in Web of Science
C,"Zhou, XH; Bian, GB; Xie, XL; Hou, ZG; Hao, JL",,,IEEE,"Zhou, Xiao-Hu; Bian, Gui-Bin; Xie, Xiao-Liang; Hou, Zeng-Guang; Hao, Jian-Long",,,PCA-Based Muscle Selection for Interventional Manipulation Recognition,2016 IEEE INTERNATIONAL CONFERENCE ON ROBOTICS AND BIOMIMETICS (ROBIO),,,,,IEEE International Conference on Robotics and Biomimetics (IEEE ROBIO),"DEC 03-07, 2016","Qingdao, PEOPLES R CHINA","IEEE,IEEE Robot & Automat Soc,Qingdao Natl High Tech Ind Dev Zone,Ritsumeikan,Tainjin Univ,SRS",,,,,,,,,"Bian, Gui-Bin/ADZ-3133-2022; Xie, Xiaoliang/AAG-2625-2021",,,,,,,,,,,,,,,,978-1-5090-4364-4,,,,2016,,,,,,,921,926,,,,,,,,,,,,,,,,WOS:000405724600155,View Full Record in Web of Science
J,"Ueda, J; Negi, R; Yoshikawa, T",,,,"Ueda, J; Negi, R; Yoshikawa, T",,,Acquisition of a page turning skill for a multifingered hand using reinforcement learning,ADVANCED ROBOTICS,,,,,,,,,,,,,,,,,"Ueda, Jun/AAX-9704-2020",,,,,,,,,,,,,,0169-1864,,,,,,2004,18,1,,,,,101,114,,10.1163/156855304322753326,http://dx.doi.org/10.1163/156855304322753326,,,,,,,,,,,,,WOS:000220520300006,View Full Record in Web of Science
C,"Xu, MD; Xu, ZJ; Chi, C; Veloso, M; Song, SR",,"Tan, J; Toussaint, M; Darvish, K",,"Xu, Mengda; Xu, Zhenjia; Chi, Cheng; Veloso, Manuela; Song, Shuran",,,XSkill: Cross Embodiment Skill Discovery,"CONFERENCE ON ROBOT LEARNING, VOL 229",Proceedings of Machine Learning Research,,,,7th Conference on Robot Learning (CoRL),"NOV 06-09, 2023","Atlanta, GA",,,,,,,,,,"Chi, Cheng/GSE-4960-2022","song, shuran/0000-0002-8768-7356",,,,,,,,,,,,,2640-3498,,,,,,2023,229,,,,,,,,,,,,,,,,,,,,,,,WOS:001221201503032,View Full Record in Web of Science
J,"Gao, X; Ling, J; Xiao, XH; Li, M",,,,"Gao, Xiao; Ling, Jie; Xiao, Xiaohui; Li, Miao",,,Learning Force-Relevant Skills from Human Demonstration,COMPLEXITY,,,,,,,,,,,,,,,,,"Ling, Jie/U-2897-2019; Li, Miao/V-7489-2019","Ling, Jie/0000-0002-6786-0422; gao, xiao/0000-0002-1495-4724",,,,,,,,,,,,,1076-2787,1099-0526,,,,,2019,,,,,,,,,5262859,10.1155/2019/5262859,http://dx.doi.org/10.1155/2019/5262859,,,,,,,,,,,,,WOS:000458993500001,View Full Record in Web of Science
C,"Julian, R; Heiden, E; He, ZP; Zhang, HJ; Schaal, S; Lim, J; Sukhatme, G; Hausmann, K",,"Xiao, J; Kroger, T; Khatib, O",,"Julian, Ryan; Heiden, Eric; He, Zhanpeng; Zhang, Hejia; Schaal, Stefan; Lim, Joseph; Sukhatme, Gaurav; Hausmann, Karol",,,Scaling Simulation-to-Real Transfer by Learning Composable Robot Skills,PROCEEDINGS OF THE 2018 INTERNATIONAL SYMPOSIUM ON EXPERIMENTAL ROBOTICS,Springer Proceedings in Advanced Robotics,,,,International Symposium on Experimental Robotics (ISER),"NOV 05-08, 2018","Buenos Aires, ARGENTINA","Int Fdn Robot Res,Franka Emika,US Natl Sci Fdn",,,,,,,,,"Heiden, Eric/LXA-6432-2024",,,,,,,,,,,,,,2511-1256,2511-1264,978-3-030-33950-0; 978-3-030-33949-4,,,,2020,11,,,,,,267,279,,10.1007/978-3-030-33950-0_24,http://dx.doi.org/10.1007/978-3-030-33950-0_24,,,,,,,,,,,,,WOS:000656149800024,View Full Record in Web of Science
C,"Jin, J; Petrich, L; Zhang, ZC; Dehghan, M; Jagersand, M",,,IEEE,"Jin, Jun; Petrich, Laura; Zhang, Zichen; Dehghan, Masood; Jagersand, Martin",,,Visual Geometric Skill Inference by Watching Human Demonstration,2020 IEEE INTERNATIONAL CONFERENCE ON ROBOTICS AND AUTOMATION (ICRA),IEEE International Conference on Robotics and Automation ICRA,,,,IEEE International Conference on Robotics and Automation (ICRA),"MAY 31-JUN 15, 2020",ELECTR NETWORK,IEEE,,,,,,,,,"Jin, Jun/ABH-7725-2022; Zhang, Zichen/IAO-7490-2023","Dehghan, Masood/0000-0003-2293-6101",,,,,,,,,,,,,1050-4729,2577-087X,978-1-7281-7395-5,,,,2020,,,,,,,8985,8991,,10.1109/icra40945.2020.9196570,http://dx.doi.org/10.1109/icra40945.2020.9196570,,,,,,,,,,,,,WOS:000712319505132,View Full Record in Web of Science
C,"Rueckert, E; Nakatenus, M; Tosatto, S; Peters, J",,,IEEE,"Rueckert, Elmar; Nakatenus, Moritz; Tosatto, Samuele; Peters, Jan",,,Learning Inverse Dynamics Models in O(n) time with LSTM networks,2017 IEEE-RAS 17TH INTERNATIONAL CONFERENCE ON HUMANOID ROBOTICS (HUMANOIDS),,,,,IEEE-RAS 17th International Conference on Humanoid Robotics (Humanoids),"NOV 15-17, 2017","Birmingham, ENGLAND","IEEE, RAS",,,,,,,,,"Peters, Jan/D-5068-2009","Rueckert, Elmar/0000-0003-1221-8253",,,,,,,,,,,,,,,978-1-5386-4678-6,,,,2017,,,,,,,811,816,,,,,,,,,,,,,,,,WOS:000427350100118,View Full Record in Web of Science
J,"Liu, RR; Nageotte, F; Zanne, P; de Mathelin, M; Dresp-Langley, B",,,,"Liu, Rongrong; Nageotte, Florent; Zanne, Philippe; de Mathelin, Michel; Dresp-Langley, Birgitta",,,Deep Reinforcement Learning for the Control of Robotic Manipulation: A Focussed Mini-Review,ROBOTICS,,,,,,,,,,,,,,,,,"; Dresp-Langley, Birgitta/F-8243-2013","LIU, Rongrong/0000-0001-7804-1337; Dresp-Langley, Birgitta/0000-0002-2860-6472",,,,,,,,,,,,,,2218-6581,,,,MAR,2021,10,1,,,,,,,22,10.3390/robotics10010022,http://dx.doi.org/10.3390/robotics10010022,,,,,,,,,,,,,WOS:000633090900001,View Full Record in Web of Science
C,"Aljalbout, E",,"Faust, A; Hsu, D; Neumann, G",,"Aljalbout, Elie",,,Dual-Arm Adversarial Robot Learning,"CONFERENCE ON ROBOT LEARNING, VOL 164",Proceedings of Machine Learning Research,,,,5th Conference on Robot Learning (CoRL),"NOV 08-11, 2021","London, ENGLAND",,,,,,,,,,,,,,,,,,,,,,,,2640-3498,,,,,,2021,164,,,,,,1814,1819,,,,,,,,,,,,,,,,WOS:001234872300166,View Full Record in Web of Science
C,"Xu, X; Qian, K; Zhou, B; Chen, SH; Li, YT",,,IEEE,"Xu, Xin; Qian, Kun; Zhou, Bo; Chen, Shenghao; Li, Yitong",,,Two-stream 2D/3D Residual Networks for Learning Robot Manipulations from Human Demonstration Videos,2021 IEEE INTERNATIONAL CONFERENCE ON ROBOTICS AND AUTOMATION (ICRA 2021),IEEE International Conference on Robotics and Automation ICRA,,,,IEEE International Conference on Robotics and Automation (ICRA),"MAY 30-JUN 05, 2021","Xian, PEOPLES R CHINA","IEEE,IEEE Robot & Automat Soc,So Univ Sci & Technol,Harbin Inst Technol,Xian Jiaotong Univ,Univ Toronto,Nat Sci & Engn Res Council Canada,Chinese Univ Hong Kong,DJI,Biomimet Intelligence & Robot,Toyota Res Inst,Baidu,Mech Mind Robot Technologies,Facebook AI,Nokov,Manycore,Franka Emika,Zhejiang Univ, Huzhou Inst,Jing Tian,ATI Ind Automat,Amber,Direct Drive Tech,Inceptio,Flexiv,Deeproute AI,Unitree,Waymo,Kuka,Pudu Robot,Deep Robot,Nvidia,MathWorks",,,,,,,,,"Zhou, Bo/HRA-1731-2023","Li, Yitong/0009-0009-3874-6055",,,,,,,,,,,,,1050-4729,2577-087X,978-1-7281-9077-8,,,,2021,,,,,,,3353,3358,,10.1109/ICRA48506.2021.9561308,http://dx.doi.org/10.1109/ICRA48506.2021.9561308,,,,,,,,,,,,,WOS:000765738802102,View Full Record in Web of Science
C,"Dai, SY; Xu, W; Hofmann, A; Williams, B",,"Shell, DA; Toussaint, M; Hsieh, MA",,"Dai, Siyu; Xu, Wei; Hofmann, Andreas; Williams, Brian",,,An Empowerment-based Solution to Robotic Manipulation Tasks with Sparse Rewards,ROBOTICS: SCIENCE AND SYSTEM XVII,Robotics - Science and Systems,,,,Conference on Robotics - Science and Systems,"JUL 12-16, 2021",ELECTR NETWORK,,,,,,,,,,"Dai, Siyu/AAX-4082-2021",,,,,,,,,,,,,,2330-7668,2330-765X,978-0-9923747-7-8,,,,2021,,,,,,,,,,,,,,,,,,,,,,,,WOS:000684604200001,View Full Record in Web of Science
J,"Lee, Y; Kim, K",,,,"Lee, Yongseok; Kim, Keehoon",,,Accurate Robotic Pushing Manipulation Through Online Model Estimation Under Uncertain Object Properties,IEEE ROBOTICS AND AUTOMATION LETTERS,,,,,,,,,,,,,,,,,,,,,,,,,,,,,,,2377-3766,,,,,OCT,2024,9,10,,,,,8730,8737,,10.1109/LRA.2024.3449695,http://dx.doi.org/10.1109/LRA.2024.3449695,,,,,,,,,,,,,WOS:001306768200001,View Full Record in Web of Science
J,"Wu, YF; Sun, YR; Yu, XB; Zhang, DW; He, W",,,,"Wu, Yifan; Sun, Yingru; Yu, Xinbo; Zhang, Dawei; He, Wei",,,Intelligent Experiment Robotic Systems Design for Material Preparation and Detection,IEEE TRANSACTIONS ON SYSTEMS MAN CYBERNETICS-SYSTEMS,,,,,,,,,,,,,,,,,"He, Wei/ADP-7281-2022",,,,,,,,,,,,,,2168-2216,2168-2232,,,,FEB,2025,55,2,,,,,1241,1251,,10.1109/TSMC.2024.3501318,http://dx.doi.org/10.1109/TSMC.2024.3501318,,DEC 2024,,,,,,,,,,,WOS:001377380500001,View Full Record in Web of Science
J,"Tekden, AE; Erdem, A; Erdem, E; Asfour, T; Ugur, E",,,,"Tekden, Ahmet E.; Erdem, Aykut; Erdem, Erkut; Asfour, Tamim; Ugur, Emre",,,Object and relation centric representations for push effect prediction,ROBOTICS AND AUTONOMOUS SYSTEMS,,,,,,,,,,,,,,,,,"Erdem, Aykut/A-2290-2012; Erdem, Erkut/A-2291-2012; Ugur, Emre/A-6011-2017","Ugur, Emre/0000-0001-9597-2731",,,,,,,,,,,,,0921-8890,1872-793X,,,,APR,2024,174,,,,,,,,104632,10.1016/j.robot.2024.104632,http://dx.doi.org/10.1016/j.robot.2024.104632,,JAN 2024,,,,,,,,,,,WOS:001173506700001,View Full Record in Web of Science
C,"Li, YM; Wang, P; Shen, XF; Liu, JY; Duan, HN; Zhou, CL",,,IEEE,"Li, Yiming; Wang, Peng; Shen, Xiaofei; Liu, Jiayuan; Duan, Haonan; Zhou, Chenlin",,,ADEL: Autonomous Developmental Evolutionary Learning for Robotic Manipulation,"IEEE INTERNATIONAL CONFERENCE ON DEVELOPMENT AND LEARNING, ICDL 2021",IEEE International Conference on Development and Learning,,,,IEEE International Conference on Development and Learning (ICDL),"AUG 23-26, 2021","Peking Univ, ELECTR NETWORK","IEEE,IEEE Computat Intelligence Soc,Microsoft,NSFC,IEEE Robot & Automat Soc,Synced",Peking Univ,,,,,,,,"Duan, Haonan/LIH-2762-2024","Duan, Haonan/0000-0002-3608-4467; Wang, Peng/0000-0002-8265-9866",,,,,,,,,,,,,,,978-1-7281-6242-3,,,,2021,,,,,,,,,,10.1109/ICDL49984.2021.9515679,http://dx.doi.org/10.1109/ICDL49984.2021.9515679,,,,,,,,,,,,,WOS:001345071900044,View Full Record in Web of Science
C,"Borràs, J; Boix-Granell, A; Foix, S; Torras, C",,,IEEE,"Borras, Julia; Boix-Granell, Arnau; Foix, Sergi; Torras, Carme",,,A Virtual Reality Framework For Fast Dataset Creation Applied to Cloth Manipulation with Automatic Semantic Labelling,2023 IEEE INTERNATIONAL CONFERENCE ON ROBOTICS AND AUTOMATION (ICRA 2023),IEEE International Conference on Robotics and Automation ICRA,,,,IEEE International Conference on Robotics and Automation (ICRA),"MAY 29-JUN 02, 2023","London, ENGLAND","IEEE,IEEE Robot & Automat Soc",,,,,,,,,"Sol, Júlia/B-2652-2017; Torras, Carme/M-1794-2014; Foix, Sergi/E-4993-2012","Torras, Carme/0000-0002-2933-398X; Foix, Sergi/0000-0001-9249-6696",,,,,,,,,,,,,1050-4729,2577-087X,979-8-3503-2365-8,,,,2023,,,,,,,11605,11611,,10.1109/ICRA48891.2023.10161122,http://dx.doi.org/10.1109/ICRA48891.2023.10161122,,,,,,,,,,,,,WOS:001048371103101,View Full Record in Web of Science
C,"Calinon, S; Billard, A",,,IEEE,"Calinon, Sylvain; Billard, Aude",,,Active teaching in robot Programming by Demonstration,"2007 RO-MAN: 16TH IEEE INTERNATIONAL SYMPOSIUM ON ROBOT AND HUMAN INTERACTIVE COMMUNICATION, VOLS 1-3",,,,,16th IEEE International Symposium on Robot and Human Interactive Communication,"AUG 26-29, 2007","Cheju Isl, SOUTH KOREA",IEEE,,,,,,,,,"Calinon, Sylvain/I-7606-2014","CALINON, Sylvain/0000-0002-9036-6799",,,,,,,,,,,,,,,978-1-4244-1634-9,,,,2007,,,,,,,697,702,,,,,,,,,,,,,,,,WOS:000255993700130,View Full Record in Web of Science
C,"Diehl, M; Zappa, I; Zanchettin, AM; Ramirez-Amaro, K",,,IEEE,"Diehl, Maximilian; Zappa, Isacco; Zanchettin, Andrea Maria; Ramirez-Amaro, Karinne",,,Learning Robot Skills From Demonstration for Multi-Agent Planning,"2024 IEEE 20TH INTERNATIONAL CONFERENCE ON AUTOMATION SCIENCE AND ENGINEERING, CASE 2024",IEEE International Conference on Automation Science and Engineering,,,,IEEE 20th International Conference on Automation Science and Engineering (CASE),"AUG 28-SEP 01, 2024","Bari, ITALY",IEEE,,,,,,,,,,"Zappa, Isacco/0000-0003-2370-9867",,,,,,,,,,,,,2161-8070,,979-8-3503-5851-3; 979-8-3503-5852-0,,,,2024,,,,,,,2348,2355,,10.1109/CASE59546.2024.10711439,http://dx.doi.org/10.1109/CASE59546.2024.10711439,,,,,,,,,,,,,WOS:001361783102004,View Full Record in Web of Science
J,"Katlein, C; Schiller, M; Belter, HJ; Coppolaro, V; Wenslandt, D; Nicolaus, M",,,,"Katlein, Christian; Schiller, Martin; Belter, Hans J.; Coppolaro, Veronica; Wenslandt, David; Nicolaus, Marcel",,,A New Remotely Operated Sensor Platform for Interdisciplinary Observations under Sea Ice,FRONTIERS IN MARINE SCIENCE,,,,,,,,,,,,,,,,,"Katlein, Christian/AAY-8731-2020; Nicolaus, Marcel/A-3658-2013; Schiller, Martin/AFQ-9491-2022; Coppolaro, Veronica/JZT-2484-2024","Nicolaus, Marcel/0000-0003-0903-1746; Schiller, Martin/0000-0002-0506-2759; Katlein, Christian/0000-0003-2422-0414; Coppolaro, Veronica/0000-0002-8688-8527",,,,,,,,,,,,,,2296-7745,,,,,2017,4,,,,,,,,281,10.3389/fmars.2017.00281,http://dx.doi.org/10.3389/fmars.2017.00281,,,,,,,,,,,,,WOS:000457690600279,View Full Record in Web of Science
J,"Li, H; Zhou, XH; Xie, XL; Liu, SQ; Feng, ZQ; Hou, ZG",,,,"Li, Hao; Zhou, Xiao-Hu; Xie, Xiao-Liang; Liu, Shi-Qi; Feng, Zhen-Qiu; Hou, Zeng-Guang",,,CASOG: Conservative Actor–Critic With SmOoth Gradient for Skill Learning in Robot-Assisted Intervention,IEEE TRANSACTIONS ON INDUSTRIAL ELECTRONICS,,,,,,,,,,,,,,,,,"Xie, Xiaoliang/AAG-2625-2021; Li, Hao/KFA-8920-2024; 刘, 仕祺/GWR-1294-2022","zhou, xiao hu/0000-0002-7602-4848; Li, Hao/0000-0002-1948-8283",,,,,,,,,,,,,0278-0046,1557-9948,,,,JUL,2024,71,7,,,,,7725,7734,,10.1109/TIE.2023.3310021,http://dx.doi.org/10.1109/TIE.2023.3310021,,SEP 2023,,,,,,,,,,,WOS:001122255700001,View Full Record in Web of Science
C,"Moldovan, B; Moreno, P; van Otterlo, M",,,IEEE,"Moldovan, Bogdan; Moreno, Plinio; van Otterlo, Martijn",,,On the Use of Probabilistic Relational Affordance Models for Sequential Manipulation Tasks in Robotics,2013 IEEE INTERNATIONAL CONFERENCE ON ROBOTICS AND AUTOMATION (ICRA),IEEE International Conference on Robotics and Automation ICRA,,,,IEEE International Conference on Robotics and Automation (ICRA),"MAY 06-10, 2013","Karlsruhe, GERMANY",IEEE,,,,,,,,,"Moreno, Plinio/G-2382-2010","Moreno, Plinio/0000-0002-0496-2050",,,,,,,,,,,,,1050-4729,2577-087X,978-1-4673-5641-1; 978-1-4673-5643-5,,,,2013,,,,,,,1290,1295,,,,,,,,,,,,,,,,WOS:000337617301043,View Full Record in Web of Science
C,"Roshanbin, A; Zhang, Y; Afzal, MR",,,IEEE,"Roshanbin, Ali; Zhang, Yang; Afzal, Muhammad Raheel",,,Self-learning Skill Parameters for Robotic Peg-in-Hole Assembly Task,"2023 11TH INTERNATIONAL CONFERENCE ON CONTROL, MECHATRONICS AND AUTOMATION, ICCMA",International Conference on Control Mechatronics and Automation,,,,"11th International Conference on Control, Mechatronics and Automation (ICCMA)","NOV 01-03, 2023","Univ Agder, Campus Grimstad, Grimstad, NORWAY","IEEE,IEEE Robot & Automat Soc","Univ Agder, Campus Grimstad",,,,,,,,,,,,,,,,,,,,,,2837-5114,,979-8-3503-1568-4,,,,2023,,,,,,,253,258,,10.1109/ICCMA59762.2023.10375064,http://dx.doi.org/10.1109/ICCMA59762.2023.10375064,,,,,,,,,,,,,WOS:001156749200042,View Full Record in Web of Science
C,"Ota, K; Jha, DK; Jatavallabhula, KM; Kanezaki, A; Tenenbaum, JB",,,IEEE,"Ota, Kei; Jha, Devesh K.; Jatavallabhula, Krishna Murthy; Kanezaki, Asako; Tenenbaum, Joshua B.",,,Tactile Estimation of Extrinsic Contact Patch for Stable Placement,2024 IEEE INTERNATIONAL CONFERENCE ON ROBOTICS AND AUTOMATION (ICRA 2024),IEEE International Conference on Robotics and Automation ICRA,,,,IEEE International Conference on Robotics and Automation (ICRA),"MAY 13-17, 2024","Yokohama, JAPAN","IEEE,IEEE Robot & Automat Soc",,,,,,,,,,,,,,,,,,,,,,,1050-4729,2577-087X,979-8-3503-8458-1; 979-8-3503-8457-4,,,,2024,,,,,,,13876,13882,,10.1109/ICRA57147.2024.10611504,http://dx.doi.org/10.1109/ICRA57147.2024.10611504,,,,,,,,,,,,,WOS:001369728003102,View Full Record in Web of Science
C,"Xue, ZR; Zhang, H; Cheng, JW; Het, ZM; Ju, YC; Line, CY; Zhang, G; Xu, HZ",,,IEEE,"Xue, Zhengrong; Zhang, Han; Cheng, Jingwen; Het, Zhengmao; Ju, Yuanchen; Line, Changyi; Zhang, Gu; Xu, Huazhe",,,ArrayBot: Reinforcement Learning for Generalizable Distributed Manipulation through Touch,2024 IEEE INTERNATIONAL CONFERENCE ON ROBOTICS AND AUTOMATION (ICRA 2024),IEEE International Conference on Robotics and Automation ICRA,,,,IEEE International Conference on Robotics and Automation (ICRA),"MAY 13-17, 2024","Yokohama, JAPAN","IEEE,IEEE Robot & Automat Soc",,,,,,,,,,,,,,,,,,,,,,,1050-4729,2577-087X,979-8-3503-8458-1; 979-8-3503-8457-4,,,,2024,,,,,,,16744,16751,,10.1109/ICRA57147.2024.10610350,http://dx.doi.org/10.1109/ICRA57147.2024.10610350,,,,,,,,,,,,,WOS:001369728005109,View Full Record in Web of Science
C,"Shi, F; Zhao, MJ; Murooka, M; Okada, K; Inaba, M",,,IEEE,"Shi, Fan; Zhao, Moju; Murooka, Masaki; Okada, Kei; Inaba, Masayuki",,,Aerial Regrasping: Pivoting with Transformable Multilink Aerial Robot,2020 IEEE INTERNATIONAL CONFERENCE ON ROBOTICS AND AUTOMATION (ICRA),IEEE International Conference on Robotics and Automation ICRA,,,,IEEE International Conference on Robotics and Automation (ICRA),"MAY 31-JUN 15, 2020",ELECTR NETWORK,IEEE,,,,,,,,,"Murooka, Masaki/AAL-4097-2020",,,,,,,,,,,,,,1050-4729,2577-087X,978-1-7281-7395-5,,,,2020,,,,,,,200,207,,10.1109/icra40945.2020.9196576,http://dx.doi.org/10.1109/icra40945.2020.9196576,,,,,,,,,,,,,WOS:000712319500021,View Full Record in Web of Science
J,"Liu, YY; Li, ZJ; Liu, HP; Kan, Z",,,,"Liu, Yueyue; Li, Zhijun; Liu, Huaping; Kan, Zhen",,,Skill transfer learning for autonomous robots and human-robot cooperation: A survey,ROBOTICS AND AUTONOMOUS SYSTEMS,,,,,,,,,,,,,,,,,"Li, Zhijun/ACT-9992-2022","Liu, Yueyue/0000-0002-7148-4167",,,,,,,,,,,,,0921-8890,1872-793X,,,,JUN,2020,128,,,,,,,,103515,10.1016/j.robot.2020.103515,http://dx.doi.org/10.1016/j.robot.2020.103515,,,,,,,,,,,,,WOS:000528251900009,View Full Record in Web of Science
J,"Katanic, B; Veljkovic, AA; Radakovic, R; Stojiljkovic, N; Olanescu, M; Peris, M; Suciu, A; Popa, D",,,,"Katanic, Borko; Aleksic Veljkovic, Aleksandra; Radakovic, Radivoje; Stojiljkovic, Nenad; Olanescu, Mihai; Peris, Miruna; Suciu, Adrian; Popa, Danut",,,How Does a 12-Week Physical Exercise Program Affect the Motor Proficiency and Cognitive Abilities of Overweight and Normal-Weight Preschool Children?,CHILDREN-BASEL,,,,,,,,,,,,,,,,,"Katanić, Borko/HJO-9425-2023; Suciu, Adrian/JVZ-5756-2024; Popa, Ilie/LFU-4528-2024; Olanescu, Mihai/ACG-4610-2022","Stojiljkovic, Nenad/0000-0002-6059-1899; Katanic, Borko/0000-0001-9332-1783; Popa, Ilie Danut/0009-0009-7496-4762; Suciu, Adrian/0000-0002-9583-2170; Olanescu, Mihai/0000-0002-5775-4036",,,,,,,,,,,,,,2227-9067,,,,APR,2024,11,4,,,,,,,479,10.3390/children11040479,http://dx.doi.org/10.3390/children11040479,,,,,,,,38671696,,,,,WOS:001220181300001,View Full Record in Web of Science
C,"Zhang, T; Hu, F; Deng, YA; Zhai, JH; Wu, XH; Luo, DS",,,IEEE,"Zhang, Tao; Hu, Fan; Deng, Yian; Zhai, Junhai; Wu, Xihong; Luo, Dingsheng",,,A Hierarchical Inverse Model Based on Proprioception and DNN for Robot Reaching,IECON 2017 - 43RD ANNUAL CONFERENCE OF THE IEEE INDUSTRIAL ELECTRONICS SOCIETY,IEEE Industrial Electronics Society,,,,43rd Annual Conference of the IEEE-Industrial-Electronics-Society (IECON),"OCT 29-NOV 01, 2017","Beijing, PEOPLES R CHINA","IEEE Ind Eect Soc,Inst Elect & Elect Engineers,Chinese Assoc Automat,Syst Engn Soc China,Chinese Power Supply Soc,Natl Nat Sci Fdn China,Chinese Acad Sci,Chinese Electrotechn Soc,Beihang Univ Sch, Reliabil & Syst Engn,RMIT Univ,Beijing JiaoTong Univ,China Soc Ind & Appl Math,TaiPEA",,,,,,,,,"Zhang, Taolue/N-6332-2015; 胡, 帆/IUN-2918-2023",,,,,,,,,,,,,,1553-572X,,978-1-5386-1127-2,,,,2017,,,,,,,6697,6702,,,,,,,,,,,,,,,,WOS:000427164806097,View Full Record in Web of Science
C,"Röfer, T; Laue, T; Hasselbring, A; Richter-Klug, J; Röhrig, E",,"Akiyama, H; Obst, O; Sammut, C; Tonidandel, F",,"Roefer, Thomas; Laue, Tim; Hasselbring, Arne; Richter-Klug, Jesse; Roehrig, Enno",,,B-Human 2017-Team Tactics and Robot Skills in the Standard Platform League,ROBOCUP 2017: ROBOT WORLD CUP XXI,Lecture Notes in Artificial Intelligence,,,,21st International Symposium on Robot World Cup (RoboCup),"JUL 31, 2017","Aichi Univ, Nagoya Campus, Nagoya, JAPAN",,"Aichi Univ, Nagoya Campus",,,,,,,,,"Laue, Tim/0000-0002-2845-1300",,,,,,,,,,,,,0302-9743,1611-3349,978-3-030-00308-1; 978-3-030-00307-4,,,,2018,11175,,,,,,461,472,,10.1007/978-3-030-00308-1_38,http://dx.doi.org/10.1007/978-3-030-00308-1_38,,,,,,,,,,,,,WOS:000477752400038,View Full Record in Web of Science
J,"Clegg, A; Yu, WH; Tan, J; Liu, CK; Turk, G",,,,"Clegg, Alexander; Yu, Wenhao; Tan, Jie; Liu, C. Karen; Turk, Greg",,,Learning to Dress: Synthesizing Human Dressing Motion via Deep Reinforcement Learning,ACM TRANSACTIONS ON GRAPHICS,,,,,11th ACM SIGGRAPH Conference and Exhibition on Computer Graphics and Interactive Techniques in Asia (SA),"DEC 04-07, 2018","Tokyo, JAPAN","ACM SIGGRAPH,Adobe Syst Inc",,,,,,,,,,,,,,,,,,,,,,,0730-0301,1557-7368,,,,NOV,2018,37,6,,,,,,,179,10.1145/3272127.3275048,http://dx.doi.org/10.1145/3272127.3275048,,,,,,,,,,,,,WOS:000455953100003,View Full Record in Web of Science
C,"Zhou, XH; Bian, GB; Xie, XL; Hou, ZG; Hao, JL",,,IEEE,"Zhou, Xiao-Hu; Bian, Gui-Bin; Xie, Xiao-Liang; Hou, Zeng-Guang; Hao, Jian-Long",,,Prediction of Natural Guidewire Rotation Using an sEMG-based NARX Neural Network,2017 INTERNATIONAL JOINT CONFERENCE ON NEURAL NETWORKS (IJCNN),IEEE International Joint Conference on Neural Networks (IJCNN),,,,International Joint Conference on Neural Networks (IJCNN),"MAY 14-19, 2017","Anchorage, AK","Int Neurol Network Soc,IEEE Computat Intelligence Soc,Intel,BMI,Budapest Semester Cognit Sci",,,,,,,,,"Bian, Gui-Bin/ADZ-3133-2022; Xie, Xiaoliang/AAG-2625-2021",,,,,,,,,,,,,,2161-4393,,978-1-5090-6182-2,,,,2017,,,,,,,419,424,,,,,,,,,,,,,,,,WOS:000426968700057,View Full Record in Web of Science
C,"Nägele, F; Halt, L; Tenbrock, P; Pott, A",,,IEEE,"Naegele, Frank; Halt, Lorenz; Tenbrock, Philipp; Pott, Andreas",,,A prototype-based skill model for specifying robotic assembly tasks,2018 IEEE INTERNATIONAL CONFERENCE ON ROBOTICS AND AUTOMATION (ICRA),IEEE International Conference on Robotics and Automation ICRA,,,,IEEE International Conference on Robotics and Automation (ICRA),"MAY 21-25, 2018","Brisbane, AUSTRALIA","IEEE,CSIRO,Australian Govt, Dept Def Sci & Technol,DJI,Queensland Univ Technol,Woodside,Baidu,Bosch,Houston Mechatron,Kinova Robot,KUKA,Hit Robot Grp,Honda Res Inst,iRobot,Mathworks,NuTonomy,Ouster,Uber",,,,,,,,,"Pott, Andreas/LZF-9743-2025","Pott, Andreas/0000-0002-4031-6363",,,,,,,,,,,,,1050-4729,,978-1-5386-3081-5,,,,2018,,,,,,,558,565,,,,,,,,,,,,,,,,WOS:000446394500058,View Full Record in Web of Science
C,"Zadaianchuk, A; Martius, G; Yang, F",,"Faust, A; Hsu, D; Neumann, G",,"Zadaianchuk, Andrii; Martius, Georg; Yang, Fanny",,,Self-supervised Reinforcement Learning with Independently Controllable Subgoals,"CONFERENCE ON ROBOT LEARNING, VOL 164",Proceedings of Machine Learning Research,,,,5th Conference on Robot Learning (CoRL),"NOV 08-11, 2021","London, ENGLAND",,,,,,,,,,,,,,,,,,,,,,,,2640-3498,,,,,,2021,164,,,,,,384,394,,,,,,,,,,,,,,,,WOS:001234872300036,View Full Record in Web of Science
C,"Wang, C; Hindriks, KV; Babuska, R",,,IEEE,"Wang, Chang; Hindriks, Koen V.; Babuska, Robert",,,Active Learning of Affordances for Robot Use of Household Objects,2014 14TH IEEE-RAS INTERNATIONAL CONFERENCE ON HUMANOID ROBOTS (HUMANOIDS),IEEE-RAS International Conference on Humanoid Robots,,,,14th IEEE-RAS International Conference on Humanoid Robots (Humanoids),"NOV 18-20, 2014","Madrid, SPAIN",IEEE RAS,,,,,,,,,"Babuska, Robert/D-6332-2012",,,,,,,,,,,,,,2164-0572,,978-1-4799-7174-9,,,,2014,,,,,,,566,572,,,,,,,,,,,,,,,,WOS:000392843800092,View Full Record in Web of Science
J,"D'Ettorre, C; Zirino, S; Dei, NN; Stilli, A; De Momi, E; Stoyanov, D",,,,"D'Ettorre, Claudia; Zirino, Silvia; Dei, Neri Niccolo; Stilli, Agostino; De Momi, Elena; Stoyanov, Danail",,,Learning intraoperative organ manipulation with context-based reinforcement learning,INTERNATIONAL JOURNAL OF COMPUTER ASSISTED RADIOLOGY AND SURGERY,,,,,,,,,,,,,,,,,"Stilli, Agostino/IQT-7948-2023; Dei, Neri Niccolò/GWD-1037-2022; DE MOMI, ELENA/D-7375-2016","DE MOMI, ELENA/0000-0002-8819-2734; Dei, Neri Niccolo/0000-0002-4648-8852",,,,,,,,,,,,,1861-6410,1861-6429,,,,AUG,2022,17,8,,,SI,,1419,1427,,10.1007/s11548-022-02630-2,http://dx.doi.org/10.1007/s11548-022-02630-2,,MAY 2022,,,,,,35503394,,,,,WOS:000790200400002,View Full Record in Web of Science
J,"Kulak, T; Calinon, S",,,,"Kulak, Thibaut; Calinon, Sylvain",,,Combining Social and Intrinsically Motivated Learning for Multitask Robot Skill Acquisition,IEEE TRANSACTIONS ON COGNITIVE AND DEVELOPMENTAL SYSTEMS,,,,,,,,,,,,,,,,,,,,,,,,,,,,,,,2379-8920,2379-8939,,,,JUN,2023,15,2,,,,,385,394,,10.1109/TCDS.2021.3069341,http://dx.doi.org/10.1109/TCDS.2021.3069341,,,,,,,,,,,,,WOS:001005746000007,View Full Record in Web of Science
C,"Knobbe, D; Zwirnmann, H; Eckhoff, M; Haddadin, S",,,IEEE,"Knobbe, Dennis; Zwirnmann, Henning; Eckhoff, Moritz; Haddadin, Sami",,,Core Processes in Intelligent Robotic Lab Assistants: Flexible Liquid Handling,2022 IEEE/RSJ INTERNATIONAL CONFERENCE ON INTELLIGENT ROBOTS AND SYSTEMS (IROS),IEEE International Conference on Intelligent Robots and Systems,,,,IEEE/RSJ International Conference on Intelligent Robots and Systems (IROS),"OCT 23-27, 2022","Kyoto, JAPAN","IEEE,Royal Soc Japan,IEEE Robot & Automat Soc,IES,SICE,New Technol Fdn",,,,,,,,,"Zwirnmann, Henning/KTI-3877-2024","Eckhoff, Moritz/0000-0003-0757-9193; Knobbe, Dennis/0000-0002-4891-9783; Haddadin, Sami/0000-0001-7696-4955; Zwirnmann, Henning/0000-0002-6097-8858",,,,,,,,,,,,,2153-0858,,978-1-6654-7927-1,,,,2022,,,,,,,2335,2342,,10.1109/IROS47612.2022.9981636,http://dx.doi.org/10.1109/IROS47612.2022.9981636,,,,,,,,,,,,,WOS:000908368201134,View Full Record in Web of Science
J,"Knoll, A; Mayer, H; Staub, C; Bauernschmitt, R",,,,"Knoll, Alois; Mayer, Hermann; Staub, Christoph; Bauernschmitt, Robert",,,Selective automation and skill transfer in medical robotics: a demonstration on surgical knot-tying,INTERNATIONAL JOURNAL OF MEDICAL ROBOTICS AND COMPUTER ASSISTED SURGERY,,,,,,,,,,,,,,,,,"Knoll, Alois/AAN-8417-2021","Knoll, Alois/0000-0003-4840-076X",,,,,,,,,,,,,1478-5951,1478-596X,,,,DEC,2012,8,4,,,,,384,397,,10.1002/rcs.1419,http://dx.doi.org/10.1002/rcs.1419,,,,,,,,22605676,,,,,WOS:000311848600002,View Full Record in Web of Science
C,"Kumar, A; Singh, A; Tian, S; Finn, C; Levine, S",,"Faust, A; Hsu, D; Neumann, G",,"Kumar, Aviral; Singh, Anikait; Tian, Stephen; Finn, Chelsea; Levine, Sergey",,,A Workflow for Offline Model-Free Robotic Reinforcement Learning,"CONFERENCE ON ROBOT LEARNING, VOL 164",Proceedings of Machine Learning Research,,,,5th Conference on Robot Learning (CoRL),"NOV 08-11, 2021","London, ENGLAND",,,,,,,,,,,,,,,,,,,,,,,,2640-3498,,,,,,2021,164,,,,,,417,428,,,,,,,,,,,,,,,,WOS:001234872300039,View Full Record in Web of Science
J,"Deshpande, AD; Xu, Z; Vande Weghe, MJ; Brown, BH; Ko, J; Chang, LY; Wilkinson, DD; Bidic, SM; Matsuoka, Y",,,,"Deshpande, Ashish D.; Xu, Zhe; Vande Weghe, Michael J.; Brown, Benjamin H.; Ko, Jonathan; Chang, Lillian Y.; Wilkinson, David D.; Bidic, Sean M.; Matsuoka, Yoky",,,Mechanisms of the Anatomically Correct Testbed Hand,IEEE-ASME TRANSACTIONS ON MECHATRONICS,,,,,,,,,,,,,,,,,"Deshpande, Ashish/GNP-2908-2022",,,,,,,,,,,,,,1083-4435,1941-014X,,,,FEB,2013,18,1,,,,,238,250,,10.1109/TMECH.2011.2166801,http://dx.doi.org/10.1109/TMECH.2011.2166801,,,,,,,,,,,,,WOS:000308964500025,View Full Record in Web of Science
C,"Hu, F; Liu, W; Wu, XH; Luo, DS",,,IEEE,"Hu, Fan; Liu, Wentao; Wu, Xihong; Luo, Dingsheng",,,Learning Basic Unit Movements with Gate-model Auto-encoder for Humanoid Arm Motion Control,2016 IEEE INTERNATIONAL CONFERENCE ON INFORMATION AND AUTOMATION (ICIA),,,,,IEEE International Conference on Information and Automation (ICIA),"AUG 01-03, 2016","Ningbo, PEOPLES R CHINA",IEEE,,,,,,,,,"胡, 帆/IUN-2918-2023",,,,,,,,,,,,,,,,978-1-5090-4102-2,,,,2016,,,,,,,246,251,,,,,,,,,,,,,,,,WOS:000405519500043,View Full Record in Web of Science
C,"Deng, Z; Mi, JP; Chen, ZX; Einig, L; Zou, C; Zhang, JW",,,IEEE,"Deng, Zhen; Mi, Jinpeng; Chen, Zhixian; Einig, Lasse; Zou, Cheng; Zhang, Jianwei",,,Learning Human Compliant Behavior from Demonstration for Force-based Robot Manipulation,2016 IEEE INTERNATIONAL CONFERENCE ON ROBOTICS AND BIOMIMETICS (ROBIO),,,,,IEEE International Conference on Robotics and Biomimetics (IEEE ROBIO),"DEC 03-07, 2016","Qingdao, PEOPLES R CHINA","IEEE,IEEE Robot & Automat Soc,Qingdao Natl High Tech Ind Dev Zone,Ritsumeikan,Tainjin Univ,SRS",,,,,,,,,,,,,,,,,,,,,,,,,978-1-5090-4364-4,,,,2016,,,,,,,319,324,,,,,,,,,,,,,,,,WOS:000405724600055,View Full Record in Web of Science
J,"Xu, PA; Mishra, AK; Bai, H; Aubin, CA; Zullo, L; Shepherd, RF",,,,"Xu, Patricia A.; Mishra, A. K.; Bai, H.; Aubin, C. A.; Zullo, L.; Shepherd, R. F.",,,Optical lace for synthetic afferent neural networks,SCIENCE ROBOTICS,,,,,,,,,,,,,,,,,"; zullo, letizia/G-5269-2018; Mishra, Anand Kumar/H-4753-2018","Xu, Artemis/0000-0002-4576-742X; Bai, Hedan/0000-0003-3332-7387; Aubin, Cameron/0000-0002-2715-8137; zullo, letizia/0000-0003-0503-6312; Mishra, Anand Kumar/0000-0001-7423-7850",,,,,,,,,,,,,2470-9476,,,,,SEP 25,2019,4,34,,,,,,,eaaw6304,10.1126/scirobotics.aaw6304,http://dx.doi.org/10.1126/scirobotics.aaw6304,,,,,,,,31723716,,,,,WOS:000489688100001,View Full Record in Web of Science
C,"Takano, R; Oyama, H; Taya, Y",,,IEEE,"Takano, Rin; Oyama, Hiroyuki; Taya, Yuki",,,Robot Skill Learning with Identification of Preconditions and Postconditions via Level Set Estimation,2022 IEEE/RSJ INTERNATIONAL CONFERENCE ON INTELLIGENT ROBOTS AND SYSTEMS (IROS),IEEE International Conference on Intelligent Robots and Systems,,,,IEEE/RSJ International Conference on Intelligent Robots and Systems (IROS),"OCT 23-27, 2022","Kyoto, JAPAN","IEEE,Royal Soc Japan,IEEE Robot & Automat Soc,IES,SICE,New Technol Fdn",,,,,,,,,,,,,,,,,,,,,,,2153-0858,,978-1-6654-7927-1,,,,2022,,,,,,,10943,10950,,10.1109/IROS47612.2022.9981933,http://dx.doi.org/10.1109/IROS47612.2022.9981933,,,,,,,,,,,,,WOS:000909405303006,View Full Record in Web of Science
J,"Pasricha, A; Tung, YS; Hayes, B; Roncone, A",,,,"Pasricha, Anuj; Yi-Shiuan Tung; Hayes, Bradley; Roncone, Alessandro",,,PokeRRT: Poking as a Skill and Failure Recovery Tactic for Planar Non-Prehensile Manipulation,IEEE ROBOTICS AND AUTOMATION LETTERS,,,,,,,,,,,,,,,,,"Tung, Yi-Shiuan/LIH-0813-2024","Roncone, Alessandro/0000-0001-7385-1875; Tung, Yi-Shiuan/0000-0002-8159-5047",,,,,,,,,,,,,2377-3766,,,,,APR,2022,7,2,,,,,4480,4487,,10.1109/LRA.2022.3148442,http://dx.doi.org/10.1109/LRA.2022.3148442,,,,,,,,,,,,,WOS:000761228500031,View Full Record in Web of Science
B,"Tani, J",,"Moran, F; Moreno, A; Merelo, JJ; Chacon, P",,"Tani, J",,,Essential dynamical structure in learnable autonomous robots,ADVANCES IN ARTIFICIAL LIFE,LECTURE NOTES IN ARTIFICIAL INTELLIGENCE,,,,3rd European Conference on Artificial Life,"JUN 04-06, 1995","GRANADA, SPAIN","ISSOL,Spanish RIG IEEE Neural Networks Council,Silicon Graph Spain,IBM Spain,Parque Cienc Granada",,,,,,,,,"Tani, Jun/AAI-8287-2020",,,,,,,,,,,,,,,,3-540-59496-5,,,,1995,929,,,,,,721,732,,,,,,,,,,,,,,,,WOS:A1995BF02F00054,View Full Record in Web of Science
C,"Padmanabha, A; Ebert, F; Tian, S; Calandra, R; Finn, C; Levine, S",,,IEEE,"Padmanabha, Akhil; Ebert, Frederik; Tian, Stephen; Calandra, Roberto; Finn, Chelsea; Levine, Sergey",,,OmniTact: A Multi-Directional High-Resolution Touch Sensor,2020 IEEE INTERNATIONAL CONFERENCE ON ROBOTICS AND AUTOMATION (ICRA),IEEE International Conference on Robotics and Automation ICRA,,,,IEEE International Conference on Robotics and Automation (ICRA),"MAY 31-JUN 15, 2020",ELECTR NETWORK,IEEE,,,,,,,,,"Calandra, Roberto/X-1789-2019","Finn, Chelsea/0000-0001-6298-0874; Levine, Sergey/0000-0001-6764-2743",,,,,,,,,,,,,1050-4729,2577-087X,978-1-7281-7395-5,,,,2020,,,,,,,618,624,,10.1109/icra40945.2020.9196712,http://dx.doi.org/10.1109/icra40945.2020.9196712,,,,,,,,,,,,,WOS:000712319500072,View Full Record in Web of Science
J,"Chu, VV; Thomaz, AL",,,,"Chu, Vivian; Thomaz, Andrea L.",,,Analyzing differences between teachers when learning object affordances via guided exploration,INTERNATIONAL JOURNAL OF ROBOTICS RESEARCH,,,,,,,,,,,,,,,,,,,,,,,,,,,,,,,0278-3649,1741-3176,,,,JUN,2017,36,5-7,,,,,739,758,,10.1177/0278364917693691,http://dx.doi.org/10.1177/0278364917693691,,,,,,,,,,,,,WOS:000404677700015,View Full Record in Web of Science
J,"Liu, CG; Peng, GZ; Xia, Y; Li, JY; Yang, CG",,,,"Liu, Chengguo; Peng, Guangzhu; Xia, Yu; Li, Junyang; Yang, Chenguang",,,Robot skill learning system of multi-space fusion based on dynamic movement primitives and adaptive neural network control,NEUROCOMPUTING,,,,,,,,,,,,,,,,,"Yang, Chenguang/AAJ-2509-2020; Xia, Yu/JXX-0945-2024; Liu, Chengguo/JZE-5901-2024","Xia, Yu/0009-0008-7271-5386; Yang, Chenguang/0000-0001-5255-5559; liu, chengguo/0000-0003-4023-5376",,,,,,,,,,,,,0925-2312,1872-8286,,,,MAR 14,2024,574,,,,,,,,127248,10.1016/j.neucom.2024.127248,http://dx.doi.org/10.1016/j.neucom.2024.127248,,JAN 2024,,,,,,,,,,,WOS:001170583700001,View Full Record in Web of Science
C,"Liu, NJ; Lu, T; Cai, YH; Wang, R; Wang, S",,,IEEE,"Liu, Naijun; Lu, Tao; Cai, Yinghao; Wang, Rui; Wang, Shuo",,,Real-world Robot Reaching Skill Learning Based on Deep Reinforcement Learning,PROCEEDINGS OF THE 32ND 2020 CHINESE CONTROL AND DECISION CONFERENCE (CCDC 2020),Chinese Control and Decision Conference,,,,32nd Chinese Control And Decision Conference (CCDC),"AUG 22-24, 2020","Hefei, PEOPLES R CHINA","NE Univ,Chinese Assoc Automat Tech Comm Control & Decis Cyber Phys Syst,Chinese Assoc Automat,Anhui Univ,IEEE Control Syst Soc,NE Univ, State Key Lab Synthet Automat Proc Ind,Chinese Assoc Automat, Tech Comm Control Theory",,,,,,,,,"Wang, Ruining/H-5079-2012",,,,,,,,,,,,,,1948-9439,,978-1-7281-5855-6,,,,2020,,,,,,,4780,4784,,,,,,,,,,,,,,,,WOS:000621616904152,View Full Record in Web of Science
C,"Laaksonen, J; Felip, J; Morales, A; Kyrki, V",,,IEEE,"Laaksonen, Janne; Felip, Javier; Morales, Antonio; Kyrki, Ville",,,Embodiment Independent Manipulation Through Action Abstraction,2010 IEEE INTERNATIONAL CONFERENCE ON ROBOTICS AND AUTOMATION (ICRA),IEEE International Conference on Robotics and Automation ICRA,,,,IEEE International Conference on Robotics and Automation (ICRA),"MAY 03-08, 2010","Anchorage, AK",IEEE,,,,,,,,,"Leon, Javier/AAF-4688-2020; Laaksonen, Jorma/Q-1307-2016; Kyrki, Ville/F-3034-2011; Morales, Antonio/C-4793-2012","Kyrki, Ville/0000-0002-5230-5549; Morales, Antonio/0000-0002-8478-0854",,,,,,,,,,,,,1050-4729,2577-087X,978-1-4244-5040-4,,,,2010,,,,,,,2113,2118,,10.1109/ROBOT.2010.5509153,http://dx.doi.org/10.1109/ROBOT.2010.5509153,,,,,,,,,,,,,WOS:000284150000029,View Full Record in Web of Science
C,"Yao, JY; Liu, YK; Lin, TY; Ping, XB; Xu, H; Wang, WX; Xiao, YY; Zhang, L; Wang, LH",,,Amer Soc Mech Engineers,"Yao, Junying; Liu, Yongkui; Lin, Tingyu; Ping, Xubin; Xu, He; Wang, Wenxiao; Xiao, Yingying; Zhang, Lin; Wang, Lihui",,,ROBOTIC GRASPING TRAINING USING DEEP REINFORCEMENT LEARNING WITH POLICY GUIDANCE MECHANISM,"PROCEEDINGS OF THE ASME 2021 16TH INTERNATIONAL MANUFACTURING SCIENCE AND ENGINEERING CONFERENCE (MSEC2021), VOL 2",,,,,16th ASME International Manufacturing Science and Engineering Conference (MSEC),"JUN 21-25, 2021",ELECTR NETWORK,"Amer Soc Mech Engineers,Amer Soc Mech Engineers, Mfg Engn Div",,,,,,,,,"Liu, Yongkui/R-9307-2017; Wang, Lihui/O-3907-2014",,,,,,,,,,,,,,,,978-0-7918-8507-9,,,,2021,,,,,,,,,V002T07A015,,,,,,,,,,,,,,,WOS:000881640800049,View Full Record in Web of Science
J,"Liu, KD; Xie, B; Chen, ZY; Luo, ZH; Jiang, S; Gao, Z",,,,"Liu, Kaidong; Xie, Bin; Chen, Zhouyang; Luo, Zhenhao; Jiang, Shan; Gao, Zhen",,,Human-Robot Skill Transferring and Inverse Velocity Admittance Control for Soft Tissue Cutting Tasks,AGRICULTURE-BASEL,,,,,,,,,,,,,,,,,"chen, zhouyang/GRR-7271-2022","Liu, Kaidong/0000-0002-2689-8491",,,,,,,,,,,,,,2077-0472,,,,MAR,2024,14,3,,,,,,,394,10.3390/agriculture14030394,http://dx.doi.org/10.3390/agriculture14030394,,,,,,,,,,,,,WOS:001191837600001,View Full Record in Web of Science
J,"Qian, K; Liu, H; Miro, JV; Jing, XS; Zhou, B",,,,"Qian, Kun; Liu, Huan; Valls Miro, Jaime; Jing, Xingshuo; Zhou, Bo",,,Hierarchical and parameterized learning of pick-and-place manipulation from under-specified human demonstrations,ADVANCED ROBOTICS,,,,,,,,,,,,,,,,,"Miro, Jaime/G-2656-2017; Zhou, Bo/HRA-1731-2023; Jing, Xingshuo/HHN-6982-2022","Jing, Xingshuo/0000-0002-1328-4706; Qian, Kun/0000-0001-7429-1742; Valls Miro, Jaime/0000-0002-0083-7797",,,,,,,,,,,,,0169-1864,1568-5535,,,,JUL 2,2020,34,13,,,SI,,858,872,,10.1080/01691864.2020.1778523,http://dx.doi.org/10.1080/01691864.2020.1778523,,JUN 2020,,,,,,,,,,,WOS:000545764900001,View Full Record in Web of Science
C,"Graefe, V; Bischoff, R",,,IEEE,"Graefe, V; Bischoff, R",,,Three types of learning robots,"SICE 2003 ANNUAL CONFERENCE, VOLS 1-3",,,,,SICE 2003 Annual Conference,"AUG 04-06, 2003","Fukui, JAPAN",IEEE,,,,,,,,,,,,,,,,,,,,,,,,,0-7803-8352-4,,,,2003,,,,,,,683,688,,,,,,,,,,,,,,,,WOS:000222573800137,View Full Record in Web of Science
C,"Prakash, R; Vohra, M; Behera, L",,,IEEE,"Prakash, Ravi; Vohra, Mohit; Behera, Laxmidhar",,,Learning Optimal Parameterized Policy for High Level Strategies in a Game Setting,2019 28TH IEEE INTERNATIONAL CONFERENCE ON ROBOT AND HUMAN INTERACTIVE COMMUNICATION (RO-MAN),IEEE RO-MAN,,,,28th IEEE International Conference on Robot and Human Interactive Communication (RO-MAN),"OCT 14-18, 2019","New Delhi, INDIA",IEEE,,,,,,,,,"Prakash, Ravi/JYP-0200-2024; Behera, Laxmidhar/J-3423-2017","Prakash, Ravi/0000-0002-9058-434X; Behera, Laxmidhar/0000-0003-1879-5609",,,,,,,,,,,,,1944-9445,,978-1-7281-2622-7,,,,2019,,,,,,,,,,10.1109/ro-man46459.2019.8956383,http://dx.doi.org/10.1109/ro-man46459.2019.8956383,,,,,,,,,,,,,WOS:000533896300099,View Full Record in Web of Science
C,"Schauss, T; Unterhinninghofen, U; Buss, M",,"Ritter, H; Sagerer, G; Dillmann, R; Buss, M",,"Schauss, Thomas; Unterhinninghofen, Ulrich; Buss, Martin",,,Unlimited Workspace - Coupling a Mobile Haptic Interface with a Mobile Teleoperator,"HUMAN CENTERED ROBOT SYSTEMS: COGNITION, INTERACTION, TECHNOLOGY",Cognitive Systems Monographs,,,,Conference on Human Centered Robotic Systems,"NOV 19-20, 2009","Bielefeld Univ, Bielefeld, GERMANY",,Bielefeld Univ,,,,,,,,,,,,,,,,,,,,,,1867-4925,,978-3-642-10402-2,,,,2009,6,,,,,,33,41,,,,,,,,,,,,,,,,WOS:000282792100004,View Full Record in Web of Science
J,"Ding, L; Xing, HJ; Torabi, A; Mehr, JK; Sharifi, M; Gao, HB; Mushahwar, VK; Tavakoli, M",,,,"Ding, Liang; Xing, Hongjun; Torabi, Ali; Mehr, Javad K.; Sharifi, Mojtaba; Gao, Haibo; Mushahwar, Vivian K.; Tavakoli, Mahdi",,,Intelligent assistance for older adults via an admittance-controlled wheeled mobile manipulator with task-dependent end-effectors,MECHATRONICS,,,,,,,,,,,,,,,,,"Xing, Hongjun/AGC-4660-2022; Tavakoli/I-7778-2012","Tavakoli, Mahdi/0000-0002-7427-6961; Sharifi, Mojtaba/0000-0002-9363-0540; Mushahwar, Vivian/0000-0001-9873-611X; Xing, Hongjun/0000-0002-2683-0964",,,,,,,,,,,,,0957-4158,,,,,AUG,2022,85,,,,,,,,102821,10.1016/j.mechatronics.2022.102821,http://dx.doi.org/10.1016/j.mechatronics.2022.102821,,MAY 2022,,,,,,,,,,,WOS:000806145000001,View Full Record in Web of Science
J,"Shibata, T; Abe, T; Tanie, K; Nose, M",,,,"Shibata, T; Abe, T; Tanie, K; Nose, M",,,Skill based motion planning in hierarchical intelligent control of a redundant manipulator,ROBOTICS AND AUTONOMOUS SYSTEMS,,,,,International Workshop on Biorobotics - Human/Robot Symbiosis,"MAY, 1995","TSUKUBA, JAPAN","US Japan Ctr Technol Management,Vanderbilt Univ,USAF, Off Sci Res, Asian Off Aerosp Res & Dev,IEEE, Robot & Automat Soc,Japan Robot Soc,Vanderbilt Univ, Ctr Intelligen Syst",,,,,,,,,,,,,,,,,,,,,,,0921-8890,,,,,JUL,1996,18,1-2,,,,,65,73,,10.1016/0921-8890(95)00095-X,http://dx.doi.org/10.1016/0921-8890(95)00095-X,,,,,,,,,,,,,WOS:A1996UQ88700009,View Full Record in Web of Science
J,"Luo, J; Yang, CG; Li, Q; Wang, M",,,,"Luo, Jing; Yang, Chenguang; Li, Qiang; Wang, Min",,,A Task Learning Mechanism for the Telerobots,INTERNATIONAL JOURNAL OF HUMANOID ROBOTICS,,,,,,,,,,,,,,,,,"Yang, Chenguang/AAJ-2509-2020","Yang, Chenguang/0000-0001-5255-5559; Luo, Jing/0000-0003-0646-743X",,,,,,,,,,,,,0219-8436,1793-6942,,,,APR,2019,16,2,,,,,,,1950009,10.1142/S0219843619500099,http://dx.doi.org/10.1142/S0219843619500099,,,,,,,,,,,,,WOS:000468300900003,View Full Record in Web of Science
J,"Xi, B; Wang, S; Ye, XM; Cai, YH; Lu, T; Wang, R",,,,"Xi, Bao; Wang, Shuo; Ye, Xuemei; Cai, Yinghao; Lu, Tao; Wang, Rui",,,A robotic shared control teleoperation method based on learning from demonstrations,INTERNATIONAL JOURNAL OF ADVANCED ROBOTIC SYSTEMS,,,,,,,,,,,,,,,,,"Xi, Bao/W-9854-2019",,,,,,,,,,,,,,1729-8814,,,,,JUL 12,2019,16,4,,,,,1,13,1729881419857428,10.1177/1729881419857428,http://dx.doi.org/10.1177/1729881419857428,,,,,,,,,,,,,WOS:000475766600001,View Full Record in Web of Science
J,"Bätz, G; Scheint, M; Wollherr, D",,,,"Baetz, Georg; Scheint, Michael; Wollherr, Dirk",,,TOWARD DYNAMIC MANIPULATION FOR HUMANOID ROBOTS: EXPERIMENTS AND DESIGN ASPECTS,INTERNATIONAL JOURNAL OF HUMANOID ROBOTICS,,,,,,,,,,,,,,,,,"Wollherr, Dirk/C-3925-2011","Wollherr, Dirk/0000-0003-2810-6790",,,,,,,,,,,,,0219-8436,1793-6942,,,,SEP,2011,8,3,,,SI,,513,532,,10.1142/S0219843611002599,http://dx.doi.org/10.1142/S0219843611002599,,,,,,,,,,,,,WOS:000298006000006,View Full Record in Web of Science
J,"Aslan, SN; Özalp, R; Uçar, A; Güzelis, C",,,,"Aslan, Simge Nur; Ozalp, Recep; Ucar, Aysegul; Guzelis, Cuneyt",,,New CNN and hybrid CNN-LSTM models for learning object manipulation of humanoid robots from demonstration,CLUSTER COMPUTING-THE JOURNAL OF NETWORKS SOFTWARE TOOLS AND APPLICATIONS,,,,,,,,,,,,,,,,,"ÖZALP, RECEP/V-3923-2019; Aslan, Simge Nur/GWM-4618-2022; ucar, aysegul/P-8443-2015","ucar, aysegul/0000-0002-5253-3779; OZALP, RECEP/0000-0001-6343-0372",,,,,,,,,,,,,1386-7857,1573-7543,,,,JUN,2022,25,3,,,,,1575,1590,,10.1007/s10586-021-03348-7,http://dx.doi.org/10.1007/s10586-021-03348-7,,JUN 2021,,,,,,,,,,,WOS:000666848400004,View Full Record in Web of Science
C,"Klingbeil, E; Menon, S; Go, K; Khatib, O",,"OMalley, M; Choi, S; Kuchenbecker, KJ",,"Klingbeil, Ellen; Menon, Samir; Go, Keegan; Khatib, Oussama",,,Using Haptics To Probe Human Contact Control Strategies For Six Degree-of-Freedom Tasks,2014 IEEE HAPTICS SYMPOSIUM (HAPTICS),IEEE Haptics Symposium,,,,IEEE Haptics Symposium (HAPTICS),"FEB 23-26, 2014","Houston, TX","Bayer,VIVI,Touch,Immers,Intuitive Surg,TIRR Fdn,Microsoft Res,DISNEY Res",,,,,,,,,,,,,,,,,,,,,,,2324-7347,,978-1-4799-3131-6,,,,2014,,,,,,,93,95,,,,,,,,,,,,,,,,WOS:000352230700014,View Full Record in Web of Science
J,"Li, SF; Yan, ZJ; Wang, ZX; Gao, YP",,,,"Li, Shufei; Yan, Zhijie; Wang, Zuoxu; Gao, Yiping",,,VLM-MSGraph: Vision Language Model-enabled Multi-hierarchical Scene Graph for robotic assembly,ROBOTICS AND COMPUTER-INTEGRATED MANUFACTURING,,,,,,,,,,,,,,,,,,"Wang, Zuoxu/0000-0003-2524-1217",,,,,,,,,,,,,0736-5845,1879-2537,,,,AUG,2025,94,,,,,,,,102978,10.1016/j.rcim.2025.102978,http://dx.doi.org/10.1016/j.rcim.2025.102978,,,,,,,,,,,,,WOS:001428529300001,View Full Record in Web of Science
C,"Liu, D; Lu, BP; Cong, M",,,IEEE,"Liu, Dong; Lu, Binpeng; Cong, Ming",,,Robot Skill Learning based on Interacting with RGB-D Image,"2019 9TH IEEE ANNUAL INTERNATIONAL CONFERENCE ON CYBER TECHNOLOGY IN AUTOMATION, CONTROL, AND INTELLIGENT SYSTEMS (IEEE-CYBER 2019)",IEEE Annual International Conference on Cyber Technology in Automation Control and Intelligent Systems,,,,"9th IEEE Annual International Conference on Cyber Technology in Automation, Control, and Intelligent Systems (IEEE-CYBER)","JUL 29-AUG 02, 2019","Suzhou, PEOPLES R CHINA","IEEE,RA",,,,,,,,,,,,,,,,,,,,,,,2379-7711,,978-1-7281-0770-7,,,,2019,,,,,,,1209,1214,,,,,,,,,,,,,,,,WOS:000569550300210,View Full Record in Web of Science
C,"Ma, R; Lam, L; Spiegel, BA; Ganeshan, A; Patel, R; Abbatematteo, B; Paulius, D; Tellex, S; Konidaris, G",,,IEEE,"Ma, Rachel; Lam, Lyndon; Spiegel, Benjamin A.; Ganeshan, Aditya; Patel, Roma; Abbatematteo, Ben; Paulius, David; Tellex, Stefanie; Konidaris, George",,,Skill Generalization with Verbs,2023 IEEE/RSJ INTERNATIONAL CONFERENCE ON INTELLIGENT ROBOTS AND SYSTEMS (IROS),IEEE International Conference on Intelligent Robots and Systems,,,,IEEE/RSJ International Conference on Intelligent Robots and Systems (IROS),"OCT 01-05, 2023","Detroit, MI","IEEE,RSJ",,,,,,,,,,"Paulius, David/0000-0002-7891-8749",,,,,,,,,,,,,2153-0858,,978-1-6654-9190-7,,,,2023,,,,,,,5844,5851,,10.1109/IROS55552.2023.10341472,http://dx.doi.org/10.1109/IROS55552.2023.10341472,,,,,,,,,,,,,WOS:001136907800079,View Full Record in Web of Science
C,"Leibrandt, K; Lorenz, T; Nierhoff, T; Hirche, S",,"Herrmann, G; Pearson, MJ; Lenz, A; Bremner, P; Spiers, A; Leonards, U",,"Leibrandt, Konrad; Lorenz, Tamara; Nierhoff, Thomas; Hirche, Sandra",,,Modelling Human Gameplay at Pool and Countering It with an Anthropomorphic Robot,"SOCIAL ROBOTICS, ICSR 2013",Lecture Notes in Artificial Intelligence,,,,5th International Conference on Social Robotics (ICSR),"OCT 27-29, 2013","Bristol, ENGLAND","Univ Bristol,Univ W England,Inst Engn & Technol Robot & Mechatron, Tech & Profess Network,Act Robots,Aldebaran Robot,Bristol Robot Lab",,,,,,,,,"Lorenz, Tamara/JDC-3055-2023","Lorenz, Tamara/0000-0002-8567-3559; Leibrandt, Konrad/0000-0002-7719-083X",,,,,,,,,,,,,0302-9743,1611-3349,978-3-319-02675-6; 978-3-319-02674-9,,,,2013,8239,,,,,,30,39,,,,,,,,,,,,,,,,WOS:000341015200004,View Full Record in Web of Science
C,"Fan, RM; Wang, TH; Hirano, M; Yamakawa, Y",,,IEEE,"Fan, Ruomeng; Wang, Taohan; Hirano, Masahiro; Yamakawa, Yuji",,,One-Shot Affordance Learning (OSAL): Learning to Manipulate Articulated Objects by Observing Once,"2023 IEEE/RSJ INTERNATIONAL CONFERENCE ON INTELLIGENT ROBOTS AND SYSTEMS, IROS",IEEE International Conference on Intelligent Robots and Systems,,,,IEEE/RSJ International Conference on Intelligent Robots and Systems (IROS),"OCT 01-05, 2023","Detroit, MI","IEEE,RSJ",,,,,,,,,,,,,,,,,,,,,,,2153-0858,,978-1-6654-9190-7,,,,2023,,,,,,,2955,2962,,10.1109/IROS55552.2023.10341421,http://dx.doi.org/10.1109/IROS55552.2023.10341421,,,,,,,,,,,,,WOS:001133658802027,View Full Record in Web of Science
C,"Naughton, P; Nam, JS; Stratton, A; Hauser, K",,,IEEE,"Naughton, Patrick; Nam, James Seungbum; Stratton, Andrew; Hauser, Kris",,,Integrating Open-World Shared Control in Immersive Avatars,2024 IEEE INTERNATIONAL CONFERENCE ON ROBOTICS AND AUTOMATION (ICRA 2024),IEEE International Conference on Robotics and Automation ICRA,,,,IEEE International Conference on Robotics and Automation (ICRA),"MAY 13-17, 2024","Yokohama, JAPAN","IEEE,IEEE Robot & Automat Soc",,,,,,,,,,,,,,,,,,,,,,,1050-4729,2577-087X,979-8-3503-8458-1; 979-8-3503-8457-4,,,,2024,,,,,,,17807,17813,,10.1109/ICRA57147.2024.10611618,http://dx.doi.org/10.1109/ICRA57147.2024.10611618,,,,,,,,,,,,,WOS:001369728006080,View Full Record in Web of Science
C,"Mayr, M; Hvarfner, C; Chatzilygeroudis, K; Nardi, L; Krueger, V",,,IEEE,"Mayr, Matthias; Hvarfner, Carl; Chatzilygeroudis, Konstantinos; Nardi, Luigi; Krueger, Volker",,,Learning Skill-based Industrial Robot Tasks with User Priors Density,2022 IEEE 18TH INTERNATIONAL CONFERENCE ON AUTOMATION SCIENCE AND ENGINEERING (CASE),IEEE International Conference on Automation Science and Engineering,,,,IEEE 18th International Conference on Automation Science and Engineering (IEEE CASE),"AUG 20-24, 2022","Mexico City, MEXICO",IEEE,,,,,,,,,"Chatzilygeroudis, Konstantinos/GVU-1982-2022","Kruger, Volker/0000-0002-8836-8816",,,,,,,,,,,,,2161-8070,,978-1-6654-9042-9,,,,2022,,,,,,,1485,1492,,10.1109/CASE49997.2022.9926713,http://dx.doi.org/10.1109/CASE49997.2022.9926713,,,,,,,,,,,,,WOS:000927622400167,View Full Record in Web of Science
C,"Herrero, EG; Ho, J; Khatib, O",,,IEEE,"Herrero, Elena Galbally; Ho, Jonathan; Khatib, Oussama",,,Understanding and Segmenting Human Demonstrations into Reusable Compliant Primitives,2021 IEEE/RSJ INTERNATIONAL CONFERENCE ON INTELLIGENT ROBOTS AND SYSTEMS (IROS),IEEE International Conference on Intelligent Robots and Systems,,,,IEEE/RSJ International Conference on Intelligent Robots and Systems (IROS),"SEP 27-OCT 01, 2021",ELECTR NETWORK,"IEEE,RSJ",,,,,,,,,,"Khatib, Oussama/0000-0003-0482-1415",,,,,,,,,,,,,2153-0858,,978-1-6654-1714-3,,,,2021,,,,,,,9437,9444,,10.1109/IROS51168.2021.9636523,http://dx.doi.org/10.1109/IROS51168.2021.9636523,,,,,,,,,,,,,WOS:000755125507053,View Full Record in Web of Science
C,"Sharma, M; Kroemer, O",,"Kober, J; Ramos, F; Tomlin, C",,"Sharma, Mohit; Kroemer, Oliver",,,Relational Learning for Skill Preconditions,"CONFERENCE ON ROBOT LEARNING, VOL 155",Proceedings of Machine Learning Research,,,,4th Conference on Robot Learning (CoRL),"NOV 16-18, 2020",ELECTR NETWORK,,,,,,,,,,,,,,,,,,,,,,,,2640-3498,,,,,,2020,155,,,,,,845,861,,,,,,,,,,,,,,,,WOS:001237128900058,View Full Record in Web of Science
J,"Shen, H; Wan, WK; Wang, H",,,,"Shen, Hao; Wan, Weikang; Wang, He",,,Learning Category-Level Generalizable Object Manipulation Policy Via Generative Adversarial Self-Imitation Learning From Demonstrations,IEEE ROBOTICS AND AUTOMATION LETTERS,,,,,,,,,,,,,,,,,"Wang, He/KMY-3683-2024","Wang, He/0000-0002-3365-4620; Wan, Weikang/0000-0001-8671-8432",,,,,,,,,,,,,2377-3766,,,,,OCT,2022,7,4,,,,,11166,11173,,10.1109/LRA.2022.3196122,http://dx.doi.org/10.1109/LRA.2022.3196122,,,,,,,,,,,,,WOS:000845062300017,View Full Record in Web of Science
C,"Guo, SX; Wang, P; Guo, J; Wei, W; Ji, YH; Wang, YL",,,IEEE,"Guo, Shuxiang; Wang, Peng; Guo, Jian; Wei, Wei; Ji, Yuehui; Wang, Yunliang",,,A Novel Master-slave Robotic Catheter System for Vascular Interventional Surgery,2013 IEEE INTERNATIONAL CONFERENCE ON MECHATRONICS AND AUTOMATION (ICMA),,,,,10th IEEE International Conference on Mechatronics and Automation (ICMA),"AUG 04-07, 2013","Takamatsu, JAPAN","IEEE,IEEE Robot & Automat Soc,Kagawa Univ,Harbin Inst Technol, State Key Lab Robot & Syst,Robot Soc Japan,Japan Soc Mech Engineers,Japan Soc Precis Engn,Soc Instrument & Control Engineers,Beijing Inst Technol,Harbin Engn Univ,Univ Electro Commun,Univ Elect Sci & Technol China,Changchun Univ Sci & Technol,Tianjin Univ Technol",,,,,,,,,"zhao, weiwei/JUU-6585-2023","Guo, Shuxiang/0000-0002-0607-9798",,,,,,,,,,,,,,,978-1-4673-5560-5,,,,2013,,,,,,,951,956,,,,,,,,,,,,,,,,WOS:000335375900160,View Full Record in Web of Science
J,"Shu, X; Ni, FL; Fan, XY; Yang, S; Liu, CY; Tu, BX; Liu, YW; Liu, H",,,,"Shu, Xin; Ni, Fenglei; Fan, Xinyang; Yang, Shuai; Liu, Changyuan; Tu, Baoxu; Liu, Yiwei; Liu, Hong",,,A versatile humanoid robot platform for dexterous manipulation and human-robot collaboration,CAAI TRANSACTIONS ON INTELLIGENCE TECHNOLOGY,,,,,,,,,,,,,,,,,"Liu, Yiwei/JUF-2477-2023","Fan, Xinyang/0000-0002-4215-1590",,,,,,,,,,,,,2468-6557,2468-2322,,,,APR,2024,9,2,,,,,526,540,,10.1049/cit2.12214,http://dx.doi.org/10.1049/cit2.12214,,APR 2023,,,,,,,,,,,WOS:000963109500001,View Full Record in Web of Science
J,"Kong, LH; He, W; Chen, WS; Zhang, H; Wang, YN",,,,"Kong, Ling-Huan; He, Wei; Chen, Wen-Shi; Zhang, Hui; Wang, Yao-Nan",,,Dynamic Movement Primitives Based Robot Skills Learning,MACHINE INTELLIGENCE RESEARCH,,,,,,,,,,,,,,,,,"He, Wei/K-4900-2019; Kong, Linghuan/AAE-8497-2019","Kong, Linghuan/0000-0001-9866-4822",,,,,,,,,,,,,2731-538X,2731-5398,,,,JUN,2023,20,3,,,,,396,407,,10.1007/s11633-022-1346-z,http://dx.doi.org/10.1007/s11633-022-1346-z,,JAN 2023,,,,,,,,,,,WOS:000910769400003,View Full Record in Web of Science
C,"BUSS, M; HASHIMOTO, H",,"Rembold, U; Dillmann, R; Hertzberger, LO; Kanade, T",,"BUSS, M; HASHIMOTO, H",,,Hand manipulation skill learning for the intelligent cooperative manipulation system,INTELLIGENT AUTONOMOUS SYSTEMS - IAS-4,,,,,International Conference on Intelligent Autonomous Systems (IAS-4),"MAR 27-30, 1995","KARLSRUHE, GERMANY","German Res Fdn,State Baden Wurttemberg",,,,,,,,,,,,,,,,,,,,,,,,,90-5199-213-0,,,,1995,,,,,,,279,286,,10.1016/B978-044482250-5/50020-7,http://dx.doi.org/10.1016/B978-044482250-5/50020-7,,,,,,,,,,,,,WOS:A1995BD52P00035,View Full Record in Web of Science
J,"Zeng, C; Li, S; Chen, ZP; Yang, CG; Sun, FC; Zhang, JW",,,,"Zeng, Chao; Li, Shuang; Chen, Zhaopeng; Yang, Chenguang; Sun, Fuchun; Zhang, Jianwei",,,Multifingered Robot Hand Compliant Manipulation Based on Vision-Based Demonstration and Adaptive Force Control,IEEE TRANSACTIONS ON NEURAL NETWORKS AND LEARNING SYSTEMS,,,,,,,,,,,,,,,,,"Yang, Chenguang/AAJ-2509-2020","Yang, Chenguang/0000-0001-5255-5559",,,,,,,,,,,,,2162-237X,2162-2388,,,,SEP,2023,34,9,,,,,5452,5463,,10.1109/TNNLS.2022.3184258,http://dx.doi.org/10.1109/TNNLS.2022.3184258,,JUN 2022,,,,,,35767493,,,,,WOS:000824759200001,View Full Record in Web of Science
J,"Rodriguez-Liñan, A; Lopez-Juarez, I; Maldonado-Ramirez, A; Zalapa-Elias, A; Torres-Treviño, L; Navarro-Gonzalez, JL; Chiñas-Sanchez, P",,,,"Rodriguez-Linan, Angel; Lopez-Juarez, Ismael; Maldonado-Ramirez, Alan; Zalapa-Elias, Antonio; Torres-Trevino, Luis; Luis Navarro-Gonzalez, Jose; Chinas-Sanchez, Pamela",,,An Approach to Acquire Path-Following Skills by Industrial Robots From Human Demonstration,IEEE ACCESS,,,,,,,,,,,,,,,,,"Rodriguez-Liñan, Angel/AAE-7880-2019; Lopez-Juarez, Ismael/E-7088-2011","Rodriguez-Linan, Angel/0000-0002-0204-4424; Lopez-Juarez, Ismael/0000-0001-6405-5519",,,,,,,,,,,,,2169-3536,,,,,,2021,9,,,,,,82351,82363,,10.1109/ACCESS.2021.3086701,http://dx.doi.org/10.1109/ACCESS.2021.3086701,,,,,,,,,,,,,WOS:000673102800001,View Full Record in Web of Science
C,"Ju, ZJ; Liu, HH",,,IEEE,"Ju, Zhaojie; Liu, Honghai",,,Human Hand Motion Recognition Using Empirical Copula,IEEE/RSJ 2010 INTERNATIONAL CONFERENCE ON INTELLIGENT ROBOTS AND SYSTEMS (IROS 2010),IEEE International Conference on Intelligent Robots and Systems,,,,IEEE/RSJ International Conference on Intelligent Robots and Systems,"OCT 18-22, 2010","Taipei, TAIWAN",,,,,,,,,,"Ju, Zhaojie/AAA-5872-2019","Ju, Zhaojie/0000-0002-9524-7609",,,,,,,,,,,,,2153-0858,,978-1-4244-6675-7,,,,2010,,,,,,,4625,4630,,10.1109/IROS.2010.5649027,http://dx.doi.org/10.1109/IROS.2010.5649027,,,,,,,,,,,,,WOS:000287672003103,View Full Record in Web of Science
J,"Liu, YF; Napp, N",,,,"Liu, Yifang; Napp, Nils",,,Stability-Based Sequence Planning for Robotic Dry-Stacking of Natural Stones,IEEE ROBOTICS AND AUTOMATION LETTERS,,,,,,,,,,,,,,,,,,,,,,,,,,,,,,,2377-3766,,,,,SEP,2023,8,9,,,,,5894,5901,,10.1109/LRA.2023.3301275,http://dx.doi.org/10.1109/LRA.2023.3301275,,,,,,,,,,,,,WOS:001045412800022,View Full Record in Web of Science
J,"Zhao, YQ; Jing, XS; Qian, K; Gomes, DF; Luo, S",,,,"Zhao, Yongqiang; Jing, Xingshuo; Qian, Kun; Gomes, Daniel Fernandes; Luo, Shan",,,Skill generalization of tubular object manipulation with tactile sensing and Sim2Real learning,ROBOTICS AND AUTONOMOUS SYSTEMS,,,,,,,,,,,,,,,,,"Luo, Shan/JEP-7010-2023; Gomes, Daniel/AAS-9195-2021; Jing, Xingshuo/HHN-6982-2022","Luo, Shan/0000-0003-4760-0372; Jing, Xingshuo/0000-0002-1328-4706",,,,,,,,,,,,,0921-8890,1872-793X,,,,FEB,2023,160,,,,,,,,104321,10.1016/j.robot.2022.104321,http://dx.doi.org/10.1016/j.robot.2022.104321,,DEC 2022,,,,,,,,,,,WOS:000915406900001,View Full Record in Web of Science
J,"Heuss, L; Gonnermann, C; Reinhart, G",,,,"Heuss, Lisa; Gonnermann, Clemens; Reinhart, Gunther",,,An extendable framework for intelligent and easily configurable skills-based industrial robot applications,INTERNATIONAL JOURNAL OF ADVANCED MANUFACTURING TECHNOLOGY,,,,,,,,,,,,,,,,,,"Gonnermann, Clemens/0000-0002-4155-1445",,,,,,,,,,,,,0268-3768,1433-3015,,,,JUN,2022,120,9-10,,,,,6269,6285,,10.1007/s00170-022-09071-w,http://dx.doi.org/10.1007/s00170-022-09071-w,,APR 2022,,,,,,,,,,,WOS:000779261200005,View Full Record in Web of Science
C,"Krieglstein, J; Held, G; Bálint, BA; Nägele, F; Kraus, W",,,IEEE,"Krieglstein, Jan; Held, Gesche; Balint, Balazs A.; Nagele, Frank; Kraus, Werner",,,Skill-based Robot Programming in Mixed Reality with Ad-hoc Validation Using a Force-enabled Digital Twin,2023 IEEE INTERNATIONAL CONFERENCE ON ROBOTICS AND AUTOMATION (ICRA 2023),IEEE International Conference on Robotics and Automation ICRA,,,,IEEE International Conference on Robotics and Automation (ICRA),"MAY 29-JUN 02, 2023","London, ENGLAND","IEEE,IEEE Robot & Automat Soc",,,,,,,,,,,,,,,,,,,,,,,1050-4729,2577-087X,979-8-3503-2365-8,,,,2023,,,,,,,11612,11618,,10.1109/ICRA48891.2023.10161095,http://dx.doi.org/10.1109/ICRA48891.2023.10161095,,,,,,,,,,,,,WOS:001048371103102,View Full Record in Web of Science
C,"Agia, C; Migimatsu, T; Wu, JJ; Bohg, J",,,IEEE,"Agia, Christopher; Migimatsu, Toki; Wu, Jiajun; Bohg, Jeannette",,,STAP: Sequencing Task-Agnostic Policies,2023 IEEE INTERNATIONAL CONFERENCE ON ROBOTICS AND AUTOMATION (ICRA 2023),IEEE International Conference on Robotics and Automation ICRA,,,,IEEE International Conference on Robotics and Automation (ICRA),"MAY 29-JUN 02, 2023","London, ENGLAND","IEEE,IEEE Robot & Automat Soc",,,,,,,,,"Bohg, Jeannette/AAD-4010-2019; Wu, Jiajun/AFA-0504-2022; Agia, Christopher/KGL-4088-2024","Bohg, Jeannette/0000-0002-4921-7193",,,,,,,,,,,,,1050-4729,2577-087X,979-8-3503-2365-8,,,,2023,,,,,,,7951,7958,,10.1109/ICRA48891.2023.10160220,http://dx.doi.org/10.1109/ICRA48891.2023.10160220,,,,,,,,,,,,,WOS:001048371101041,View Full Record in Web of Science
C,"Porras, AP; Solis, CR; Andaluz, VH; Sanchez, JS; Naranjo, CA",,"DePaolis, LT; Bourdot, P",,"Porras, Alex P.; Solis, Carlos R.; Andaluz, Victor H.; Sanchez, Jorge S.; Naranjo, Cesar A.",,,Virtual Training System for an Industrial Pasteurization Process,"AUGMENTED REALITY, VIRTUAL REALITY, AND COMPUTER GRAPHICS (AVR 2019), PT II",Lecture Notes in Computer Science,,,,"6th International Conference on Augmented Reality, Virtual Reality and Computer Graphics (SALENTO AVR)","JUN 24-27, 2019","Univ Salento, Augmented & Virtual Real Lab, Santa Maria al Bagno, ITALY","Univ Salento,Banca Popolare Pugliese","Univ Salento, Augmented & Virtual Real Lab",,,,,,,,"Sanchez, Jorge/MBH-0916-2025","ANDALUZ, VICTOR H./0000-0002-8127-1595; Naranjo Hidalgo, Cesar Alfredo/0000-0001-6001-500X; Sanchez Mosquera, Jorge Saul/0000-0001-5978-7897",,,,,,,,,,,,,0302-9743,1611-3349,978-3-030-25999-0; 978-3-030-25998-3,,,,2019,11614,,,,,,430,441,,10.1007/978-3-030-25999-0_35,http://dx.doi.org/10.1007/978-3-030-25999-0_35,,,,,,,,,,,,,WOS:000612937500035,View Full Record in Web of Science
J,"Sugawara, K; Sakaino, S; Tsuji, T",,,,"Sugawara, Keito; Sakaino, Sho; Tsuji, Toshiaki",,,Unsupervised Human Motion Segmentation Based on Characteristic Force Signals of Contact Events,IEEE ROBOTICS AND AUTOMATION LETTERS,,,,,,,,,,,,,,,,,"Sakaino, Sho/B-6249-2013",,,,,,,,,,,,,,2377-3766,,,,,OCT,2023,8,10,,,,,6203,6210,,10.1109/LRA.2023.3303828,http://dx.doi.org/10.1109/LRA.2023.3303828,,,,,,,,,,,,,WOS:001127164900014,View Full Record in Web of Science
C,"Cao, C; Wan, WW; Pan, J; Harada, K",,"Okamura, A; Menciassi, A; Ude, A; Burschka, D; Lee, D; Arrichiello, F; Liu, H; Moon, H; Neira, J; Sycara, K; Yokoi, K; Martinet, P; Oh, P; Valdastri, P; Krovi, V",,"Cao, Chao; Wan, Weiwei; Pan, Jia; Harada, Kensuke",,,Analyzing the Utility of a Support Pin in Sequential Robotic Manipulation,2016 IEEE INTERNATIONAL CONFERENCE ON ROBOTICS AND AUTOMATION (ICRA),IEEE International Conference on Robotics and Automation ICRA,,,,IEEE International Conference on Robotics and Automation (ICRA),"MAY 16-21, 2016","Royal Inst Technol, Ctr Autonomous Syst, Stockholm, SWEDEN","IEEE,IEEE Robot & Automat Soc,ABB,DJI,KUKA,Husqvarna,iRobot,Khalifa Univ,Kinova Univ,MOOG,PAL Robot,UBER,Amazon","Royal Inst Technol, Ctr Autonomous Syst",,,,,,,,"Wan, Weiwei/AAE-6887-2020; Wan, Weiwei/M-3333-2016; Harada, Kensuke/M-3376-2016","Wan, Weiwei/0000-0002-0058-2819; Harada, Kensuke/0000-0002-7576-756X",,,,,,,,,,,,,1050-4729,2577-087X,978-1-4673-8026-3,,,,2016,,,,,,,5499,5504,,,,,,,,,,,,,,,,WOS:000389516204100,View Full Record in Web of Science
J,"van der Merwe, J; Casselman, F",,,,"van der Merwe, Johan; Casselman, Filip",,,Circumflex Coronary Artery Injury during Modern Mitral Valve Surgery-A Review of Current Concepts and Perspectives,MEDICINA-LITHUANIA,,,,,,,,,,,,,,,,,,,,,,,,,,,,,,,1010-660X,1648-9144,,,,AUG,2023,59,8,,,,,,,1470,10.3390/medicina59081470,http://dx.doi.org/10.3390/medicina59081470,,,,,,,,37629762,,,,,WOS:001055302600001,View Full Record in Web of Science
J,"Zhao, ZH; Li, YY; Li, WL; Qi, ZH; Ruan, LC; Zhu, YX; Althoefer, K",,,,"Zhao, Zihang; Li, Yuyang; Li, Wanlin; Qi, Zhenghao; Ruan, Lecheng; Zhu, Yixin; Althoefer, Kaspar",,,Tac-Man: Tactile-Informed Prior-Free Manipulation of Articulated Objects,IEEE TRANSACTIONS ON ROBOTICS,,,,,,,,,,,,,,,,,"Ruan, Lecheng/IYT-0095-2023; Althoefer, Kaspar/AAA-5984-2022; Li, Yuyang/KJM-0448-2024; Li, wanlin/KJM-5072-2024","Althoefer, Kaspar/0000-0002-1141-9996; Li, Yuyang/0000-0002-5794-7997; Qi, Zhenghao/0009-0004-2924-6714; Zhao, Zihang/0000-0003-3215-7152",,,,,,,,,,,,,1552-3098,1941-0468,,,,,2025,41,,,,,,538,557,,10.1109/TRO.2024.3508134,http://dx.doi.org/10.1109/TRO.2024.3508134,,,,,,,,,,,,,WOS:001383048500005,View Full Record in Web of Science
C,"Saida, K; Suzuki, S; Maeda, Y; Hidaka, K",,,IEEE,"Saida, Kazumasa; Suzuki, Satoshi; Maeda, Yorito; Hidaka, Kouiti",,,Skill analysis in human tele-operation using dynamic image,"IECON 2006 - 32ND ANNUAL CONFERENCE ON IEEE INDUSTRIAL ELECTRONICS, VOLS 1-11",IEEE Industrial Electronics Society,,,,32nd Annual Conference of the IEEE-Industrial-Electronics-Society,"NOV 07-10, 2006","Paris, FRANCE",IEEE Ind Elect Soc,,,,,,,,,"Hidaka, Koichi/J-7340-2015","Hidaka, Koichi/0000-0001-9018-7822",,,,,,,,,,,,,1553-572X,,978-1-4244-0135-2,,,,2006,,,,,,,4647,+,,,,,,,,,,,,,,,,WOS:000245905009027,View Full Record in Web of Science
C,"Nemec, B; Ude, A",,"Rodic, A; Pisla, D; Bleuler, H",,"Nemec, Bojan; Ude, Ales",,,Robot Skill Acquisition by Demonstration and Explorative Learning,NEW TRENDS IN MEDICAL AND SERVICE ROBOTS: CHALLENGES AND SOLUTIONS,Mechanisms and Machine Science,,,,2nd Workshop on New Trends in Medical and Service Robotics (MeSRoB),"JUL, 2013","Belgrade, SERBIA",Inst Mihailo Pupin,,,,,,,,,"Ude, Aleš/ABB-7839-2020","Ude, Ales/0000-0003-3677-3972",,,,,,,,,,,,,2211-0984,2211-0992,978-3-319-05431-5; 978-3-319-05430-8,,,,2014,20,,,,,,163,175,,10.1007/978-3-319-05431-5_11,http://dx.doi.org/10.1007/978-3-319-05431-5_11,,,,,,,,,,,,,WOS:000390825000011,View Full Record in Web of Science
J,"Pane, Y; Arbo, MH; Aertbeliën, E; Decré, W",,,,"Pane, Yudha; Arbo, Mathias Hauan; Aertbelien, Erwin; Decre, Wilm",,,A System Architecture for CAD-Based Robotic Assembly With Sensor-Based Skills,IEEE TRANSACTIONS ON AUTOMATION SCIENCE AND ENGINEERING,,,,,,,,,,,,,,,,,"; Aertbelien, Erwin/L-5547-2018","Pane, Yudha Prawira/0000-0003-0246-5605; Aertbelien, Erwin/0000-0002-4514-0934; Decre, Wilm/0000-0002-9724-8103",,,,,,,,,,,,,1545-5955,1558-3783,,,,JUL,2020,17,3,,,,,1237,1249,,10.1109/TASE.2020.2980628,http://dx.doi.org/10.1109/TASE.2020.2980628,,,,,,,,,,,,,WOS:000545379200013,View Full Record in Web of Science
C,"Scheering, C; Knoll, A",,"Schenker, PS; McKee, GT",,"Scheering, C; Knoll, A",,,A framework for implementing self-organising task-oriented multi-sensor networks,SENSOR FUSION AND DECENTRALIZED CONTROL IN ROBOTIC SYSTEMS,PROCEEDINGS OF THE SOCIETY OF PHOTO-OPTICAL INSTRUMENTATION ENGINEERS (SPIE),,,,Conference on Sensor Fusion amd Decentralized Control in Robotic Systems,"NOV 02-03, 1998","BOSTON, MA",SPIE Int Soc Opt Engn,,,,,,,,,"Knoll, Alois/AAN-8417-2021","Knoll, Alois/0000-0003-4840-076X",,,,,,,,,,,,,0277-786X,,0-8194-2984-8,,,,1998,3523,,,,,,18,29,,10.1117/12.327011,http://dx.doi.org/10.1117/12.327011,,,,,,,,,,,,,WOS:000077158300003,View Full Record in Web of Science
J,"Kilinc, O; Montana, G",,,,"Kilinc, Ozsel; Montana, Giovanni",,,Reinforcement learning for robotic manipulation using simulated locomotion demonstrations,MACHINE LEARNING,,,,,,,,,,,,,,,,,"Montana, Giovanni/H-2598-2013","Kilinc, Ozsel/0000-0002-5269-2382",,,,,,,,,,,,,0885-6125,1573-0565,,,,FEB,2022,111,2,,,,,465,486,,10.1007/s10994-021-06116-1,http://dx.doi.org/10.1007/s10994-021-06116-1,,NOV 2021,,,,,,,,,,,WOS:000722108900006,View Full Record in Web of Science
C,"Raza, SJA; Dastider, A; Lin, MJ",,,IEEE,"Raza, Sayyed Jaffar Ali; Dastider, Apan; Lin, Mingjie",,,Survivable Robotic Control through Guided Bayesian Policy Search with Deep Reinforcement Learning,2021 IEEE 17TH INTERNATIONAL CONFERENCE ON AUTOMATION SCIENCE AND ENGINEERING (CASE),IEEE International Conference on Automation Science and Engineering,,,,17th IEEE International Conference on Automation Science and Engineering (CASE),"AUG 23-27, 2021","Lyon, FRANCE",IEEE,,,,,,,,,"Raza, Sayyed Jaffar Ali/JDW-3550-2023","Raza, Sayyed Jaffar Ali/0000-0002-0948-8263",,,,,,,,,,,,,2161-8070,,978-1-6654-1873-7,,,,2021,,,,,,,1188,1193,,10.1109/CASE49439.2021.9551472,http://dx.doi.org/10.1109/CASE49439.2021.9551472,,,,,,,,,,,,,WOS:000878693200155,View Full Record in Web of Science
C,"Kirschner, RJ; Kurdas, A; Karacan, K; Junge, P; Birjandi, SAB; Mansfeld, N; Abdolshah, S; Haddadin, S",,,IEEE,"Kirschner, Robin Jeanne; Kurdas, Alexander; Karacan, Kubra; Junge, Philipp; Birjandi, Seyed Ali Baradaran; Mansfeld, Nico; Abdolshah, Saeed; Haddadin, Sami",,,Towards a Reference Framework for Tactile Robot Performance and Safety Benchmarking,2021 IEEE/RSJ INTERNATIONAL CONFERENCE ON INTELLIGENT ROBOTS AND SYSTEMS (IROS),IEEE International Conference on Intelligent Robots and Systems,,,,IEEE/RSJ International Conference on Intelligent Robots and Systems (IROS),"SEP 27-OCT 01, 2021",ELECTR NETWORK,"IEEE,RSJ",,,,,,,,,"Baradaran Birjandi, Seyed Ali/KDO-8348-2024","Karacan, Kubra/0000-0002-3020-1271; Abdolshah, Saeed/0009-0009-6654-758X; Haddadin, Sami/0000-0001-7696-4955",,,,,,,,,,,,,2153-0858,,978-1-6654-1714-3,,,,2021,,,,,,,4290,4297,,10.1109/IROS51168.2021.9636329,http://dx.doi.org/10.1109/IROS51168.2021.9636329,,,,,,,,,,,,,WOS:000755125503056,View Full Record in Web of Science
J,"Matsui, H; Hunt, GR; Oberhofer, K; Ogihara, N; McGowan, KJ; Mithraratne, K; Yamasaki, T; Gray, RD; Izawa, E",,,,"Matsui, Hiroshi; Hunt, Gavin R.; Oberhofer, Katja; Ogihara, Naomichi; McGowan, Kevin J.; Mithraratne, Kumar; Yamasaki, Takeshi; Gray, Russell D.; Izawa, Ei-Ichi",,,Adaptive bill morphology for enhanced tool manipulation in New Caledonian crows,SCIENTIFIC REPORTS,,,,,,,,,,,,,,,,,"Gray, Russell/H-2078-2015; McGowan, Kevin/F-2712-2012; Ogihara, Naomichi/P-3092-2019","Ogihara, Naomichi/0000-0002-1697-9263; Oberhofer, Katja/0000-0001-5469-9951; Mithraratne, Kumar/0000-0001-8090-8876",,,,,,,,,,,,,2045-2322,,,,,MAR 9,2016,6,,,,,,,,22776,10.1038/srep22776,http://dx.doi.org/10.1038/srep22776,,,,,,,,26955788,,,,,WOS:000371604900001,View Full Record in Web of Science
C,"Ruppel, P; Zhang, JW",,,IEEE,"Ruppel, Philipp; Zhang, Jianwei",,,Learning Object Manipulation with Dexterous Hand-Arm Systems from Human Demonstration,2020 IEEE/RSJ INTERNATIONAL CONFERENCE ON INTELLIGENT ROBOTS AND SYSTEMS (IROS),IEEE International Conference on Intelligent Robots and Systems,,,,IEEE/RSJ International Conference on Intelligent Robots and Systems (IROS),"OCT 24-JAN 24, 2020-2021",ELECTR NETWORK,"IEEE,RSJ",,,,,,,,,,,,,,,,,,,,,,,2153-0858,,978-1-7281-6212-6,,,,2020,,,,,,,5417,5424,,10.1109/IROS45743.2020.9340966,http://dx.doi.org/10.1109/IROS45743.2020.9340966,,,,,,,,,,,,,WOS:000714033803029,View Full Record in Web of Science
C,"Lee, C; Xu, YS",,,IEEE; IEEE,"Lee, C; Xu, YS",,,Reduced-dimension representations of human performance data for human-to-robot skill transfer,"1998 IEEE/RSJ INTERNATIONAL CONFERENCE ON INTELLIGENT ROBOTS AND SYSTEMS - PROCEEDINGS, VOLS 1-3: INNOVATIONS IN THEORY, PRACTICE AND APPLICATIONS",,,,,IEEE/RSJ International Conference on Intelligent Robots and Systems,"OCT 13-17, 1998","VICTORIA, CANADA","IEEE, Ind Electr soc,IEEE, Robot & Automat Soc,Robot Soc Japan,Soc Instrumentat & Control Engineers,New Technol Fdn",,,,,,,,,"Xu, Yangsheng/C-7528-2011",,,,,,,,,,,,,,,,0-7803-4465-0,,,,1998,,,,,,,1956,1961,,,,,,,,,,,,,,,,WOS:000077035300310,View Full Record in Web of Science
J,"Volnova, AB; Kurzina, NP",,,,"Volnova, A. B.; Kurzina, N. P.",,,Formation of lateralization of manipulatory food-procuring behavior in the white rat early ontogenesis,JOURNAL OF EVOLUTIONARY BIOCHEMISTRY AND PHYSIOLOGY,,,,,,,,,,,,,,,,,"Kurzina, Natalia/AAG-6252-2019; Volnova, Anna/J-5449-2013; Kurzina, Natalia/N-8235-2013","Volnova, Anna/0000-0003-0724-887X; Kurzina, Natalia/0000-0002-9205-713X",,,,,,,,,,,,,0022-0930,,,,,MAY,2013,49,3,,,,,341,347,,10.1134/S0022093013030080,http://dx.doi.org/10.1134/S0022093013030080,,,,,,,,,,,,,WOS:000323107300008,View Full Record in Web of Science
C,"Dogar, M; Knepper, RA; Spielberg, A; Choi, C; Christensen, HI; Rus, D",,"Hsieh, MA; Khatib, O; Kumar, V",,"Dogar, Mehmet; Knepper, Ross A.; Spielberg, Andrew; Choi, Changhyun; Christensen, Henrik I.; Rus, Daniela",,,Towards Coordinated Precision Assembly with Robot Teams,EXPERIMENTAL ROBOTICS,Springer Tracts in Advanced Robotics,,,,14th International Symposium on Experimental Robotics (ISER),"JUN 15-18, 2014",MOROCCO,Springer Tracts Adv Robot,,,,,,,,,"Christensen, Henrik/A-2261-2009","Choi, Changhyun/0000-0003-4715-3576; Christensen, Henrik Iskov/0000-0002-7465-7502; Dogar, Mehmet R/0000-0002-6896-5461",,,,,,,,,,,,,1610-7438,,978-3-319-23778-7; 978-3-319-23777-0,,,,2016,109,,,,,,655,669,,10.1007/978-3-319-23778-7_43,http://dx.doi.org/10.1007/978-3-319-23778-7_43,,,,,,,,,,,,,WOS:000493712900042,View Full Record in Web of Science
C,"Harders, M; Bajka, M; Spaelter, U; Tuchschmid, S; Bleuler, H; Szekely, G",,"Westwood, JD; Haluck, RS; Hoffman, HM; Mogel, GT; Phillips, R; Robb, RA; Vosburgh, KG",,"Harders, Matthias; Bajka, Michael; Spaelter, Ulrich; Tuchschmid, Stefan; Bleuler, Hannes; Szekely, Gabor",,,"Highly-Realistic, Immersive Training Environment for Hysteroscopy",MEDICINE MEETS VIRTUAL REALITY 14: ACCELERATING CHANGE IN HEALTHCARE: NEXT MEDICAL TOOLKIT,Studies in Health Technology and Informatics,,,,14th Conference on Medicine Meets Virtual Reality,"JAN 24-27, 2006","Long Beach, CA",,,,,,,,,,"Szekely, Gabor/A-3880-2008",,,,,,,,,,,,,,0926-9630,1879-8365,978-1-58603-583-9,,,,2006,119,,,,,,176,+,,,,,,,,,,,16404040,,,,,WOS:000269690200039,View Full Record in Web of Science
C,"Hoyos, J; Bin Junaid, A; Afzal, MR; Tirmizi, A; Leconte, P",,,IEEE,"Hoyos, Jean; Bin Junaid, Ali; Afzal, Muhammad Raheel; Tirmizi, Asad; Leconte, Patricia",,,Skill-Based Easy Programming Interface for Industrial Applications,2022 IEEE/SICE INTERNATIONAL SYMPOSIUM ON SYSTEM INTEGRATION (SII 2022),IEEE/SICE International Symposium on System Integration,,,,IEEE/SICE International Symposium on System Integration (SII),"JAN 09-12, 2022",ELECTR NETWORK,"IEEE,SICE Syst Integrat Div,IEEE Robot & Automat Soc,IEEE Ind Elect Soc",,,,,,,,,,,,,,,,,,,,,,,2474-2317,,978-1-6654-4540-5,,,,2022,,,,,,,210,217,,10.1109/SII52469.2022.9708791,http://dx.doi.org/10.1109/SII52469.2022.9708791,,,,,,,,,,,,,WOS:000799480000036,View Full Record in Web of Science
C,"Jones, A; Castellano, G; Bull, S",,"Beetz, M; Johnston, B; Williams, MA",,"Jones, Aidan; Castellano, Ginevra; Bull, Susan",,,Investigating the Effect of a Robotic Tutor on Learner Perception of Skill Based Feedback,SOCIAL ROBOTICS,Lecture Notes in Artificial Intelligence,,,,6th International Conference on Social Robotics (ICSR),"OCT 27-29, 2014","Univ Technol,Ctr Quantum Computat & Intelligent Syst, Sydney, AUSTRALIA","Journal Artificial Intelligence,Aldebaran Robot,Assoc Advancement Artificial Intelligence,Robohub,Stanford Ctr Legal Informat (CodeX)","Univ Technol,Ctr Quantum Computat & Intelligent Syst",,,,,,,,"Bull, Susan/G-4362-2016","Bull, Susan/0000-0003-1515-6641",,,,,,,,,,,,,0302-9743,1611-3349,978-3-319-11973-1; 978-3-319-11972-4,,,,2014,8755,,,,,,186,195,,,,,,,,,,,,,,,,WOS:000345021800019,View Full Record in Web of Science
C,"Yuan, QL; Weng, CY; Lim, ZJ; Chen, IM",,,IEEE,"Yuan, Qilong; Weng, Ching-Yen; Lim, Zhong Jin; Chen, I-Ming",,,A Mirrored Motion Remapping Method in Telemanipulation-based Face-to-Face Dual-arm Robot Teaching,2019 IEEE/ASME INTERNATIONAL CONFERENCE ON ADVANCED INTELLIGENT MECHATRONICS (AIM),IEEE ASME International Conference on Advanced Intelligent Mechatronics,,,,IEEE/ASME International Conference on Advanced Intelligent Mechatronics (AIM),"JUL 08-12, 2019","Hong Kong, HONG KONG","IEEE,ASME",,,,,,,,,"Chen, I-Ming/A-3811-2011; WENG, CHING-YEN/W-4878-2019",,,,,,,,,,,,,,2159-6255,,978-1-7281-2493-3,,,,2019,,,,,,,1086,1091,,10.1109/aim.2019.8868401,http://dx.doi.org/10.1109/aim.2019.8868401,,,,,,,,,,,,,WOS:000531652900182,View Full Record in Web of Science
C,"Zhang, X; Tomizuka, M; Li, H",,,IEEE,"Zhang, Xiang; Tomizuka, Masayoshi; Li, Hui",,,Bridging the Sim-to-Real Gap with Dynamic Compliance Tuning for Industrial Insertion,"2024 IEEE INTERNATIONAL CONFERENCE ON ROBOTICS AND AUTOMATION, ICRA 2024",IEEE International Conference on Robotics and Automation ICRA,,,,IEEE International Conference on Robotics and Automation (ICRA),"MAY 13-17, 2024","Yokohama, JAPAN","IEEE,IEEE Robot & Automat Soc",,,,,,,,,,,,,,,,,,,,,,,1050-4729,2577-087X,979-8-3503-8458-1; 979-8-3503-8457-4,,,,2024,,,,,,,4356,4363,,10.1109/ICRA57147.2024.10610707,http://dx.doi.org/10.1109/ICRA57147.2024.10610707,,,,,,,,,,,,,WOS:001294576203062,View Full Record in Web of Science
C,"Belkhale, S; Sadigh, D",,"Liu, K; Kulic, D; Ichnowski, J",,"Belkhale, Suneel; Sadigh, Dorsa",,,PLATO: Predicting Latent Affordances Through Object-Centric Play,"CONFERENCE ON ROBOT LEARNING, VOL 205",Proceedings of Machine Learning Research,,,,6th Conference on Robot Learning (CoRL),"DEC 14-18, 2022","Auckland, NEW ZEALAND",,,,,,,,,,"Shah, Dhruv/G-9659-2016",,,,,,,,,,,,,,2640-3498,,,,,,2022,205,,,,,,1424,1434,,,,,,,,,,,,,,,,WOS:001232393400119,View Full Record in Web of Science
C,"Sieb, M; Xian, Z; Huang, A; Kroemer, O; Fragkiadaki, K",,"Kaelbling, LP; Kragic, D; Sugiura, K",,"Sieb, Maximilian; Xian, Zhou; Huang, Audrey; Kroemer, Oliver; Fragkiadaki, Katerina",,,Graph-Structured Visual Imitation,"CONFERENCE ON ROBOT LEARNING, VOL 100",Proceedings of Machine Learning Research,,,,3rd Conference on Robot Learning (CoRL),"OCT 30-NOV 01, 2019","Osaka, JAPAN",,,,,,,,,,,,,,,,,,,,,,,,2640-3498,,,,,,2019,100,,,,,,,,,,,,,,,,,,,,,,,WOS:001228521000074,View Full Record in Web of Science
C,"Chu, V; Akgun, B; Thomaz, AL",,"Choi, SM; Kuchenbecker, KJ; Gerling, G",,"Chu, Vivian; Akgun, Baris; Thomaz, Andrea L.",,,Learning Haptic Affordances from Demonstration and Human-Guided Exploration,IEEE HAPTICS SYMPOSIUM 2016,IEEE Haptics Symposium,,,,24th IEEE Haptics Symposium,"APR 08-11, 2016","Philadelphia, PA","IEEE,IEEE Robot & Automat Soc,IEEE Tech Comm Hapt,Brain Korea 21 Plus,POSTECH,Immersion,Intuit Surg,Tanvas,Syntouch,Penn Engn, Grasp Lab",,,,,,,,,"Akgun, Baris/AAX-5502-2021","Akgun, Baris/0000-0002-4079-6889",,,,,,,,,,,,,2324-7347,,978-1-5090-0903-9,,,,2016,,,,,,,119,125,,,,,,,,,,,,,,,,WOS:000383011400019,View Full Record in Web of Science
C,"Cakmak, M; Takayama, L",,,ACM/IEEE,"Cakmak, Maya; Takayama, Leila",,,Teaching People How to Teach Robots: The Effect of Instructional Materials and Dialog Design,HRI'14: PROCEEDINGS OF THE 2014 ACM/IEEE INTERNATIONAL CONFERENCE ON HUMAN-ROBOT INTERACTION,ACM IEEE International Conference on Human-Robot Interaction,,,,9th ACM/IEEE International Conference on Human-Robot Interaction (HRI),"MAR 03-06, 2014","Bielefeld, GERMANY","ACM SIGCHI,ACM SIGAI,IEEE Robotics & Automation,HFES,AAAI,ACM,IEEE",,,,,,,,,,"Takayama, Leila/0000-0003-0790-6123",,,,,,,,,,,,,2167-2121,2167-2148,978-1-4503-2658-2,,,,2014,,,,,,,431,438,,10.1145/2559636.2559675,http://dx.doi.org/10.1145/2559636.2559675,,,,,,,,,,,,,WOS:000455229400156,View Full Record in Web of Science
C,"Wang, DX; Zhang, YR; Yao, C",,,IEEE,"Wang, Dangxiao; Zhang, Yuru; Yao, Chong",,,Machine-mediated motor skill training method in haptic-enabled chinese handwriting simulation system,"2006 IEEE/RSJ INTERNATIONAL CONFERENCE ON INTELLIGENT ROBOTS AND SYSTEMS, VOLS 1-12",,,,,IEEE/RSJ International Conference on Intelligent Robots and Systems,"OCT 09-13, 2006","Beijing, PEOPLES R CHINA","IEEE,RSJ",,,,,,,,,,"Wang, Dangxiao/0000-0002-3178-6494",,,,,,,,,,,,,,,978-1-4244-0258-8,,,,2006,,,,,,,5644,+,,10.1109/IROS.2006.282363,http://dx.doi.org/10.1109/IROS.2006.282363,,,,,,,,,,,,,WOS:000245452405119,View Full Record in Web of Science
C,"Pastor, P; Kalakrishnan, M; Chitta, S; Theodorou, E; Schaal, S",,,IEEE,"Pastor, Peter; Kalakrishnan, Mrinal; Chitta, Sachin; Theodorou, Evangelos; Schaal, Stefan",,,Skill Learning and Task Outcome Prediction for Manipulation,2011 IEEE INTERNATIONAL CONFERENCE ON ROBOTICS AND AUTOMATION (ICRA),IEEE International Conference on Robotics and Automation ICRA,,,,IEEE International Conference on Robotics and Automation (ICRA),"MAY 09-13, 2011","Shanghai, PEOPLES R CHINA","IEEE,Robot & Automat Soc,Minist Educ China,Minist Sci & Technol China,Natl Nat Sci Fdn China,Sci & Technol Commiss Shanghai Municipal,Shanghai Jiao Tong Univ, State Key Lab Mech Syst & Vibrat,Huazhong Univ Sci & Technol, State Key Lab Digital Mfg Equipment & Technol,Harbin Inst Technol, State Key Lab Robot & Syst,Zhejiang Univ, Inst Cyber-Syst & Control,Chinese Acad Sci, Shenyang Inst Automat,Beihang Univ, Robotics Inst,Beijing Res Inst Automat Machinery Ind,Tianjin Univ, Sch Mech Engn,ABB,YASKAWA Elect,KUKA,Willow Garage,Googol Tech.,Adept Mobile Robots,Harbin Boshi Automat,Natl Instruments,Beijing Universal Pioneering Technol,Real-Time Control & Instrumentat Lab, GE Global Res,ALDEBARAN Robot,Int Federat Robot (IFR),Shanghai Jiao Tong Univ",,,,,,,,,,,,,,,,,,,,,,,1050-4729,2577-087X,978-1-61284-385-8,,,,2011,,,,,,,,,,,,,,,,,,,,,,,,WOS:000324383403011,View Full Record in Web of Science
C,"Liao, YT; Yamamoto, T",,"Ito, T; Lee, JJ; Jia, Y; Sugisaka, M",,"Liao, Yuntao; Yamamoto, Toru",,,Design and Experimental Evaluation of a Human Skill-Based PID Controller,PROCEEDINGS OF INTERNATIONAL CONFERENCE ON ARTIFICIAL LIFE AND ROBOTICS (ICAROB2015),,,,,International Conference on Artificial Life and Robotics (ICAROB),"JAN 10-12, 2015","Oita, JAPAN","ALife Robot Corp Ltd,Int Conf Artificial Life & Robot, Int Steering Comm,IEEE Fukuoka Sect,Chinese Assoc Artificial Intelligence,Univ Sultan Zainal Abidin",,,,,,,,,,,,,,,,,,,,,,,,,978-4-9902880-9-9,,,,2015,,,,,,,364,367,,,,,,,,,,,,,,,,WOS:000383847900084,View Full Record in Web of Science
J,"Davchev, T; Luck, KS; Burke, M; Meier, F; Schaal, S; Ramamoorthy, S",,,,"Davchev, Todor; Luck, Kevin Sebastian; Burke, Michael; Meier, Franziska; Schaal, Stefan; Ramamoorthy, Subramanian",,,Residual Learning From Demonstration: Adapting DMPs for Contact-Rich Manipulation,IEEE ROBOTICS AND AUTOMATION LETTERS,,,,,,,,,,,,,,,,,"Burke, Michael/AAI-8023-2020; Davchev, Todor/HSG-8262-2023","Ramamoorthy, Subramanian/0000-0002-6300-5103; Davchev, Todor/0000-0002-0584-5163; Burke, Michael/0000-0001-7426-1498; Luck, Kevin Sebastian/0000-0003-2228-203X",,,,,,,,,,,,,2377-3766,,,,,APR,2022,7,2,,,,,4488,4495,,10.1109/LRA.2022.3150024,http://dx.doi.org/10.1109/LRA.2022.3150024,,,,,,,,,,,,,WOS:000761228500032,View Full Record in Web of Science
J,"Ugur, E; Nagai, Y; Celikkanat, H; Oztop, E",,,,"Ugur, Emre; Nagai, Yukie; Celikkanat, Hande; Oztop, Erhan",,,Parental scaffolding as a bootstrapping mechanism for learning grasp affordances and imitation skills,ROBOTICA,,,,,,,,,,,,,,,,,"Ugur, Emre/A-6011-2017; Oztop, Erhan/K-8111-2012","Oztop, Erhan/0000-0002-3051-6038; Ugur, Emre/0000-0001-9597-2731",,,,,,,,,,,,,0263-5747,1469-8668,,,,JUN,2015,33,5,,,SI,,1163,1180,,10.1017/S0263574714002148,http://dx.doi.org/10.1017/S0263574714002148,,,,,,,,,,,,,WOS:000354363500010,View Full Record in Web of Science
J,"Saito, D; Sasabuchi, K; Wake, N; Kanehira, A; Takamatsu, J; Koike, H; Ikeuchi, K",,,,"Saito, Daichi; Sasabuchi, Kazuhiro; Wake, Naoki; Kanehira, Atsushi; Takamatsu, Jun; Koike, Hideki; Ikeuchi, Katsushi",,,Constraint-Aware Policy for Compliant Manipulation,ROBOTICS,,,,,,,,,,,,,,,,,,"Saito, Daichi/0000-0003-3843-7542; Wake, Naoki/0000-0001-8278-2373",,,,,,,,,,,,,,2218-6581,,,,JAN,2024,13,1,,,,,,,8,10.3390/robotics13010008,http://dx.doi.org/10.3390/robotics13010008,,,,,,,,,,,,,WOS:001151485200001,View Full Record in Web of Science
J,"Cini, F; Ortenzi, V; Corke, P; Controzzi, M",,,,"Cini, F.; Ortenzi, V; Corke, P.; Controzzi, M.",,,On the choice of grasp type and location when handing over an object,SCIENCE ROBOTICS,,,,,,,,,,,,,,,,,"Ortenzi, Valerio/AAJ-2092-2021; Controzzi, Marco/F-4787-2010; Corke, Peter/C-6770-2009","Corke, Peter/0000-0001-6650-367X; controzzi, marco/0000-0003-2135-0707",,,,,,,,,,,,,2470-9476,,,,,FEB 13,2019,4,27,,,,,,,eaau9757,10.1126/scirobotics.aau9757,http://dx.doi.org/10.1126/scirobotics.aau9757,,,,,,,,33137738,,,,,WOS:000458561900003,View Full Record in Web of Science
J,"Mees, O; Hermann, L; Burgard, W",,,,"Mees, Oier; Hermann, Lukas; Burgard, Wolfram",,,What Matters in Language Conditioned Robotic Imitation Learning Over Unstructured Data,IEEE ROBOTICS AND AUTOMATION LETTERS,,,,,,,,,,,,,,,,,"Burgard, Wolfram/N-2381-2019","Burgard, Wolfram/0000-0002-5680-6500; Mees, Oier/0000-0001-6020-9744",,,,,,,,,,,,,2377-3766,,,,,OCT,2022,7,4,,,,,11205,11212,,10.1109/LRA.2022.3196123,http://dx.doi.org/10.1109/LRA.2022.3196123,,,,,,,,,,,,,WOS:000849612000002,View Full Record in Web of Science
J,"Cotugno, G; Konstantinova, J; Althoefer, K; Nanayakkara, T",,,,"Cotugno, Giuseppe; Konstantinova, Jelizaveta; Althoefer, Kaspar; Nanayakkara, Thrishantha",,,Modelling the structure of object-independent human affordances of approaching to grasp for robotic hands,PLOS ONE,,,,,,,,,,,,,,,,,"Althoefer, Kaspar/AAA-5984-2022; Nanayakkara, Thrishantha/AAM-5964-2020","Cotugno, Giuseppe/0000-0002-1545-5513; Nanayakkara, Thrishantha/0000-0002-1882-1232",,,,,,,,,,,,,1932-6203,,,,,DEC 26,2018,13,12,,,,,,,e0208228,10.1371/journal.pone.0208228,http://dx.doi.org/10.1371/journal.pone.0208228,,,,,,,,30586407,,,,,WOS:000454416400014,View Full Record in Web of Science
C,"Huang, SR; Yamakawa, Y; Senoo, T; Ishikawa, M",,,IEEE,"Huang, Shouren; Yamakawa, Yuji; Senoo, Taku; Ishikawa, Masatoshi",,,Robotic Needle Threading Manipulation based on High-Speed Motion Strategy using High-Speed Visual Feedback,2015 IEEE/RSJ INTERNATIONAL CONFERENCE ON INTELLIGENT ROBOTS AND SYSTEMS (IROS),IEEE International Conference on Intelligent Robots and Systems,,,,IEEE/RSJ International Conference on Intelligent Robots and Systems (IROS),"SEP 28-OCT 02, 2015","Hamburg, GERMANY","IEEE,RSJ,Univ Hamburg,DFG,RA,New Technol Fdn,SICE,KUKA,DJI,Rethink Robot,BOSCH,Chinese Acad Sci, SIAT,Boozhong,Adept,Automatica,HIT,Ascending Technol,OPTOFORCE,DST Robot,BA Syst,Rainbow Robot,SIA,CLEARPATH Robot,Swiss Natl Ctr Competence Res Robot,SINEVA,Dyson,SICK,Robocept,Force Dimension,Open Unit Robot,Luoyang Natl Univ Sci Park,Fuzhou Univ,Synapticon,Google,Technishce Univ Munchen,iRobot,Echord++,Khalifa Univ,Pan Robot,FESTO,Kinova Robot,SCHUNK,ies",,,,,,,,,"Senoo, Taku/AAT-8552-2020","Huang, Shouren/0000-0003-4605-3135; Ishikawa, Masatoshi/0000-0002-6096-830X",,,,,,,,,,,,,2153-0858,,978-1-4799-9994-1,,,,2015,,,,,,,4041,4046,,,,,,,,,,,,,,,,WOS:000371885404033,View Full Record in Web of Science
J,"Hu, HP; Cao, ZQ; Yang, XS; Xiong, H; Lou, YJ",,,,"Hu, Haopeng; Cao, Zhiqi; Yang, Xiansheng; Xiong, Hao; Lou, Yunjiang",,,Performance Evaluation of Optical Motion Capture Sensors for Assembly Motion Capturing,IEEE ACCESS,,,,,,,,,,,,,,,,,"Lou, Yunjiang/JVZ-3794-2024; Yang, Xiansheng/M-9406-2019","Hu, Haopeng/0000-0002-4069-6431; Yang, Xiansheng/0000-0002-7123-6745",,,,,,,,,,,,,2169-3536,,,,,,2021,9,,,,,,61444,61454,,10.1109/ACCESS.2021.3074260,http://dx.doi.org/10.1109/ACCESS.2021.3074260,,,,,,,,,,,,,WOS:000645037900001,View Full Record in Web of Science
C,"Brignone, L; Sivayoganathan, K; Balendran, V; Howarth, M",,"Perryman, R; Ellis, CD",,"Brignone, L; Sivayoganathan, K; Balendran, V; Howarth, M",,,Mechanical assembly force/torque data analysis as a foundation for task level programming,ADVANCES IN MANUFACTURING TECHNOLOGY - XIV,,,,,16th National Conference on Manufacturing Research,"SEP 05-07, 2000","UNIV E LONDON, LONDON, ENGLAND","IEE,Inst Mech Engineers",UNIV E LONDON,,,,,,,,,,,,,,,,,,,,,,,,1-86058-267-2,,,,2000,,,,,,,163,167,,,,,,,,,,,,,,,,WOS:000166192200026,View Full Record in Web of Science
C,"Howard, AM; Park, HW; Kemp, CC",,,IEEE,"Howard, Ayanna M.; Park, Hae Won; Kemp, Charles C.",,,Extracting Play Primitives for a Robot Playmate by Sequencing Low-Level Motion Behaviors,"2008 17TH IEEE INTERNATIONAL SYMPOSIUM ON ROBOT AND HUMAN INTERACTIVE COMMUNICATION, VOLS 1 AND 2",,,,,17th IEEE International Symposium on Robot and Human Interactive Communications,"AUG 01-03, 2008","Munich, GERMANY","IEEE,IEEE Syst, Man & Cybernet Soc,Korea Robot Soc,Robot Soc Japan,IEEE Ind Elect Soc,IEEE Robot & Automat Soc,Deutsch Gesell Robot",,,,,,,,,,,,,,,,,,,,,,,,,978-1-4244-2212-8,,,,2008,,,,,,,360,+,,,,,,,,,,,,,,,,WOS:000261700900060,View Full Record in Web of Science
J,"Rollot, Y; Regnier, S; Guinot, JC",,,,"Rollot, Y; Regnier, S; Guinot, JC",,,Dynamic model of micro-manipulation using adhesion,COMPTES RENDUS DE L ACADEMIE DES SCIENCES SERIE II FASCICULE B-MECANIQUE PHYSIQUE ASTRONOMIE,,,,,,,,,,,,,,,,,"Régnier, Stéphane/P-2533-2014",,,,,,,,,,,,,,1287-4620,,,,,AUG,1998,326,8,,,,,469,474,,10.1016/S1251-8069(98)80001-X,http://dx.doi.org/10.1016/S1251-8069(98)80001-X,,,,,,,,,,,,,WOS:000075491200001,View Full Record in Web of Science
C,"Somani, N; Zhen, LL; Lakshminarayanan, S; Hettiarachchi, R; Wee-Ching, P; Lee, GSG; Campolo, D",,"Li, H; Ge, SS; Wu, Y; Wykowska, A; He, H; Liu, X; Li, D; PerezOsorio, J",,"Somani, Nikhil; Zhen, Lee Li; Lakshminarayanan, Srinivasan; Hettiarachchi, Rukshan; Wee-Ching, Pang; Lee, Gerald Seet Gim; Campolo, Domenico",,,Simplified Robot Programming Framework for a Gearbox Assembly Application,"SOCIAL ROBOTICS, ICSR 2021",Lecture Notes in Artificial Intelligence,,,,13th International Conference on Social Robotics (ICSR) - Robotics in Our Everyday Lives,"NOV 10-13, 2021","Singapore, SINGAPORE","AI Shell,DataBaker,Kriston AI,Magic Data,Arcadia,SpeechOcean",,,,,,,,,"L, Srinivasan/AAZ-5099-2021; Campolo, Domenico/G-5648-2010","Lakshminarayanan, Srinivasan/0000-0002-3381-8250",,,,,,,,,,,,,0302-9743,1611-3349,978-3-030-90525-5; 978-3-030-90524-8,,,,2021,13086,,,,,,181,190,,10.1007/978-3-030-90525-5_16,http://dx.doi.org/10.1007/978-3-030-90525-5_16,,,,,,,,,,,,,WOS:000776504300016,View Full Record in Web of Science
C,"Chalon, M; Grebenstein, M; Wimböck, T; Hirzinger, G",,,IEEE,"Chalon, Maxime; Grebenstein, Markus; Wimboeck, Thomas; Hirzinger, Gerd",,,The thumb: Guidelines for a robotic design,IEEE/RSJ 2010 INTERNATIONAL CONFERENCE ON INTELLIGENT ROBOTS AND SYSTEMS (IROS 2010),IEEE International Conference on Intelligent Robots and Systems,,,,IEEE/RSJ International Conference on Intelligent Robots and Systems,"OCT 18-22, 2010","Taipei, TAIWAN",,,,,,,,,,"Grebenstein, Markus/L-6186-2013",,,,,,,,,,,,,,2153-0858,,978-1-4244-6675-7,,,,2010,,,,,,,5886,5893,,10.1109/IROS.2010.5650454,http://dx.doi.org/10.1109/IROS.2010.5650454,,,,,,,,,,,,,WOS:000287672001150,View Full Record in Web of Science
C,"Chu, V; Fitzgerald, T; Thomaz, AL",,,ACM,"Chu, Vivian; Fitzgerald, Tesca; Thomaz, Andrea L.",,,Learning Object Affordances by Leveraging the Combination of Human-Guidance and Self-Exploration,ELEVENTH ACM/IEEE INTERNATIONAL CONFERENCE ON HUMAN ROBOT INTERACTION (HRI'16),ACM IEEE International Conference on Human-Robot Interaction,,,,11th ACM/IEEE International Conference on Human-Robot Interaction (HRI),"MAR 07-10, 2016","Christchurch, NEW ZEALAND","ACM,IEEE,ACM SIGCHI,ACM SIGAI,IEEE Robot & Automat Soc,HFES,AAAI,ACM SIGART",,,,,,,,,,"Fitzgerald, Tesca/0000-0003-0867-0546",,,,,,,,,,,,,2167-2121,2167-2148,978-1-4673-8369-1,,,,2016,,,,,,,221,228,,,,,,,,,,,,,,,,WOS:000389809100030,View Full Record in Web of Science
C,"Yang, CP; Yin, TW; Fu, S",,,IEEE,Yang Changpeng; Yin Tangwen; Fu Shan,,,Safety of Airport Approach Prediction Using a Skill - and Rule-Based Pilot Model,2013 32ND CHINESE CONTROL CONFERENCE (CCC),Chinese Control Conference,,,,32nd Chinese Control Conference (CCC),"JUL 26-28, 2013","Xian, PEOPLES R CHINA","Syst Engn Soc China,NW Polytechn Univ,Chinese Assoc Automat, Tech Comm Control Theory,Chinese Acad Sci, Acad Math & Syst Sci,China Soc Ind & Appl Math,Xian Jiaotong Univ,Xian Univ Technol,IEEE Control Syst Soc,Soc Instrument & Control Engineers Japan,Inst Control Robot & Syst Korea",,,,,,,,,"Tangwen, Yin/H-1400-2015",,,,,,,,,,,,,,2161-2927,,,,,,2013,,,,,,,1135,1140,,,,,,,,,,,,,,,,WOS:000393046001052,View Full Record in Web of Science
C,"Mower, CE; Moura, J; Vijayakumar, S",,"Shell, DA; Toussaint, M; Hsieh, MA",,"Mower, Christopher E.; Moura, Joao; Vijayakumar, Sethu",,,Skill-based Shared Control,ROBOTICS: SCIENCE AND SYSTEM XVII,Robotics - Science and Systems,,,,Conference on Robotics - Science and Systems,"JUL 12-16, 2021",ELECTR NETWORK,,,,,,,,,,"Moura, Joao/JWT-7282-2024",,,,,,,,,,,,,,2330-7668,2330-765X,978-0-9923747-7-8,,,,2021,,,,,,,,,,,,,,,,,,,,,,,,WOS:000684604200028,View Full Record in Web of Science
C,"Pelletier, B; Lesire, C; Doose, D; Godary-Dejean, K; Dramé-Maigné, C",,,,"Pelletier, Baptiste; Lesire, Charles; Doose, David; Godary-Dejean, Karen; Drame-Maigne, Charles",,,SkiNet A Petri Net Generation Tool for the Verification of Skillset-based Autonomous Systems,ELECTRONIC PROCEEDINGS IN THEORETICAL COMPUTER SCIENCE,,,,,22nd ACM International Conference on Hybrid Systems: Computation and Control (HSCC),"APR 16-18, 2019","Montreal, CANADA","Assoc Comp Machinery,IEEE CSS,Bosch,Denso,MathWorks,Toyota,Kansas State Univ, Dept Comp Sci,Univ Michigan, Elect & Comp Engn,ACM SIGBED",,,,,,,,,,,,,,,,,,,,,,,2075-2180,,,,,,2022,,371,,,,,120,138,,10.4204/EPTCS.371.9,http://dx.doi.org/10.4204/EPTCS.371.9,,,,,,,,,,,,,WOS:001048896900012,View Full Record in Web of Science
C,"Wu, Z; Lian, WZ; Wang, CH; Li, MX; Schaal, S; Tomizuka, M",,,,"Wu, Zheng; Lian, Wenzhao; Wang, Changhao; Li, Mengxi; Schaal, Stefan; Tomizuka, Masayoshi",,,Prim-LAfD: A Framework to Learn and Adapt Primitive-Based Skills from Demonstrations for Insertion Tasks,IFAC PAPERSONLINE,,,,,22nd World Congress of the International Federation of Automatic Control (IFAC),"JUL 09-14, 2023","Yokohama, JAPAN",,,,,,,,,,,,,,,,,,,,,,,,2405-8963,,,,,,2023,56,2,,,,,4120,4125,,10.1016/j.ifacol.2023.10.1748,http://dx.doi.org/10.1016/j.ifacol.2023.10.1748,,NOV 2023,,,,,,,,,,,WOS:001196709200164,View Full Record in Web of Science
C,"Liang, PD; Yang, CG; Wang, N; Li, ZJ; Li, RF",,,,"Liang, Peidong; Yang, Chenguang; Wang, Ning; Li, Zhijun; Li, Ruifeng",,,Mechatronic Design of a Human Robot Coupling Interface for Teaching by Demonstration,IFAC PAPERSONLINE,,,,,7th IFAC Symposium on Mechatronic Systems (MECHATRONICS),"SEP 05-08, 2016","Loughborough Univ, Leicestershire, ENGLAND","Int Federat Automat Control, Tech Comm 4 2 Mechatron Syst,Int Federat Automat Control, Tech Comm 3 1 Comp Control,Int Federat Automat Control, Tech Comm 3 3 Telemat Control Commun Networks,Int Federat Automat Control, Tech Comm 4 3 Robot,Int Federat Automat Control, Tech Comm 4 5 Human Machine Syst,Int Federat Automat Control, Tech Comm 5 1 Mfg Plant Control,Int Federat Automat Control, Tech Comm 7 1 Automot Control,Int Federat Automat Control, Tech Comm 7 5 Intelligent Autonomous Vehicles",Loughborough Univ,,,,,,,,"Li, Zhijun/ACT-9992-2022; Yang, Chenguang/AAJ-2509-2020","Yang, Chenguang/0000-0001-5255-5559",,,,,,,,,,,,,2405-8963,,,,,,2016,49,21,,,,,675,680,,10.1016/j.ifacol.2016.10.678,http://dx.doi.org/10.1016/j.ifacol.2016.10.678,,,,,,,,,,,,,WOS:000401247700099,View Full Record in Web of Science
J,"Zollo, L; Di Pino, G; Ciancio, AL; Ranieri, F; Cordella, F; Gentile, C; Noce, E; Romeo, RA; Bellingegni, AD; Vadalà, G; Miccinilli, S; Mioli, A; Diaz-Balzani, L; Bravi, M; Hoffmann, KP; Schneider, A; Denaro, L; Davalli, A; Gruppioni, E; Sacchetti, R; Castellano, S; Di Lazzaro, V; Sterzi, S; Denaro, V; Guglielmelli, E",,,,"Zollo, Loredana; Di Pino, Giovanni; Ciancio, Anna L.; Ranieri, Federico; Cordella, Francesca; Gentile, Cosimo; Noce, Emiliano; Romeo, Rocco A.; Bellingegni, Alberto Dellacasa; Vadala, Gianluca; Miccinilli, Sandra; Mioli, Alessandro; Diaz-Balzani, Lorenzo; Bravi, Marco; Hoffmann, Klaus-P.; Schneider, Andreas; Denaro, Luca; Davalli, Angelo; Gruppioni, Emanuele; Sacchetti, Rinaldo; Castellano, Simona; Di Lazzaro, Vincenzo; Sterzi, Silvia; Denaro, Vincenzo; Guglielmelli, Eugenio",,,Restoring tactile sensations via neural interfaces for real-time force-and-slippage closed-loop control of bionic hands,SCIENCE ROBOTICS,,,,,,,,,,,,,,,,,"Zollo, Loredana/AAB-9645-2020; Bravi, Marco/GQH-0840-2022; MIccinilli, Sandra/AAC-3628-2022; Gentile, Cosimo/AAD-8189-2020; Sterzi, Silvia/AAJ-3940-2020; Romeo, Rocco Antonio/AGD-9691-2022; Davalli, Angelo/ABE-7863-2020; Denaro, Vincenzo/K-9567-2016; Vadala, Gianluca/B-1538-2014; Ranieri, Federico/K-6993-2016; Di Pino, Giovanni/J-8254-2018; Di Lazzaro, Vincenzo/L-3731-2018; Cordella, Francesca/K-1793-2018","Bravi, Marco/0000-0002-3396-4100; Vadala, Gianluca/0000-0001-7142-1660; diaz balzani, lorenzo alirio/0000-0003-4268-5186; Ranieri, Federico/0000-0001-6530-1857; Dellacasa Bellingegni, Alberto/0000-0002-9569-9680; Di Pino, Giovanni/0000-0001-5046-5816; Romeo, Rocco Antonio/0000-0001-5217-6663; Ciancio, Anna Lisa/0000-0003-0488-0546; Miccinilli, Sandra/0000-0002-8485-8658; Di Lazzaro, Vincenzo/0000-0002-9113-5925; Gentile, Cosimo/0000-0003-2726-0534; Mioli, Alessandro/0000-0001-8573-8255; Davalli, Angelo/0000-0002-5007-8661; Zollo, Loredana/0000-0002-8015-010X; Gruppioni, Emanuele/0000-0003-0732-8378; Sterzi, Silvia/0000-0002-2347-7544; DENARO, LUCA/0000-0002-2529-6149; Cordella, Francesca/0000-0002-6946-0377",,,,,,,,,,,,,2470-9476,,,,,FEB 20,2019,4,27,,,,,,,eaau9924,10.1126/scirobotics.aau9924,http://dx.doi.org/10.1126/scirobotics.aau9924,,,,,,,,31620665,,,,,WOS:000461061800002,View Full Record in Web of Science
C,"Zhu, YN; Colan, J; Aoyama, T; Hasegawa, Y",,,IEEE,"Zhu, Yaonan; Colan, Jacinto; Aoyama, Tadayoshi; Hasegawa, Yasuhisa",,,Cutaneous Feedback Interface for Teleoperated In-Hand Manipulation,2022 IEEE/RSJ INTERNATIONAL CONFERENCE ON INTELLIGENT ROBOTS AND SYSTEMS (IROS),IEEE International Conference on Intelligent Robots and Systems,,,,IEEE/RSJ International Conference on Intelligent Robots and Systems (IROS),"OCT 23-27, 2022","Kyoto, JAPAN","IEEE,Royal Soc Japan,IEEE Robot & Automat Soc,IES,SICE,New Technol Fdn",,,,,,,,,"Hasegawa, Yasuhisa/AAE-6062-2019; Aoyama, Tadayoshi/D-8423-2012; Colan Zaita, Jacinto Enrique/AAO-8150-2020","Colan Zaita, Jacinto Enrique/0000-0002-8833-2215",,,,,,,,,,,,,2153-0858,,978-1-6654-7927-1,,,,2022,,,,,,,605,611,,10.1109/IROS47612.2022.9982247,http://dx.doi.org/10.1109/IROS47612.2022.9982247,,,,,,,,,,,,,WOS:000908368200059,View Full Record in Web of Science
C,"García, JC; Pérez, J; Menezes, P; Sanz, PJ",,,IEEE,"Garcia, J. C.; Perez, J.; Menezes, P.; Sanz, P. J.",,,A CONTROL ARCHITECTURE FOR HYBRID UNDERWATER INTERVENTION SYSTEMS,"2016 IEEE INTERNATIONAL CONFERENCE ON SYSTEMS, MAN, AND CYBERNETICS (SMC)",IEEE International Conference on Systems Man and Cybernetics Conference Proceedings,,,,"IEEE International Conference on Systems, Man, and Cybernetics (SMC)","OCT 09-12, 2016","Budapest, HUNGARY",IEEE,,,,,,,,,"Sanz, Pedro/K-5639-2016; Menezes, Paulo/A-3121-2011","Perez Soler, Javier/0000-0002-4195-9491",,,,,,,,,,,,,1062-922X,,978-1-5090-1897-0,,,,2016,,,,,,,1147,1152,,,,,,,,,,,,,,,,WOS:000402634701017,View Full Record in Web of Science
C,"Ha, H; Florence, P; Song, SR",,"Tan, J; Toussaint, M; Darvish, K",,"Ha, Huy; Florence, Pete; Song, Shuran",,,Scaling Up and Distilling Down: Language-Guided Robot Skill Acquisition,"CONFERENCE ON ROBOT LEARNING, VOL 229",Proceedings of Machine Learning Research,,,,7th Conference on Robot Learning (CoRL),"NOV 06-09, 2023","Atlanta, GA",,,,,,,,,,,"song, shuran/0000-0002-8768-7356",,,,,,,,,,,,,2640-3498,,,,,,2023,229,,,,,,,,,,,,,,,,,,,,,,,WOS:001221201503044,View Full Record in Web of Science
C,"Florek-Jasinska, M; Wimböck, T; Ott, C",,,IEEE,"Florek-Jasinska, Monika; Wimboeck, Thomas; Ott, Christian",,,Humanoid compliant whole arm dexterous manipulation: Control design and experiments,2014 IEEE/RSJ INTERNATIONAL CONFERENCE ON INTELLIGENT ROBOTS AND SYSTEMS (IROS 2014),IEEE International Conference on Intelligent Robots and Systems,,,,IEEE/RSJ International Conference on Intelligent Robots and Systems (IROS),"SEP 14-18, 2014","Chicago, IL","IEEE,Robot Soc Japan,RA,SICE,IES,New Technol Fdn",,,,,,,,,,"Ott, Christian/0000-0003-0987-7493",,,,,,,,,,,,,2153-0858,,978-1-4799-6934-0,,,,2014,,,,,,,1616,1621,,,,,,,,,,,,,,,,WOS:000349834601105,View Full Record in Web of Science
C,"Rojas, J; Luo, SQ; Zhu, DQ; Du, YL; Lin, HB; Huang, ZJ; Kuang, WW; Harada, K",,"Bicchi, A; Okamura, A",,"Rojas, Juan; Luo, Shuangqi; Zhu, Dingqiao; Du, Yunlong; Lin, Hongbin; Huang, Zhengjie; Kuang, Wenwei; Harada, Kensuke",,,Online Robot Introspection via Wrench-based Action Grammars,2017 IEEE/RSJ INTERNATIONAL CONFERENCE ON INTELLIGENT ROBOTS AND SYSTEMS (IROS),IEEE International Conference on Intelligent Robots and Systems,,,,IEEE/RSJ International Conference on Intelligent Robots and Systems (IROS) / Workshop on Machine Learning Methods for High-Level Cognitive Capabilities in Robotics,"SEP 24-28, 2017","Vancouver, CANADA","IEEE,RSJ,IEEE Robot & Automat Soc,IEEE IES,SICE,New Technol Fdn",,,,,,,,,"Rojas, Juan/AAH-9473-2019; Harada, Kensuke/M-3376-2016","Lin, Hongbin/0000-0003-4280-7622; Harada, Kensuke/0000-0002-7576-756X",,,,,,,,,,,,,2153-0858,,978-1-5386-2682-5,,,,2017,,,,,,,5429,5436,,,,,,,,,,,,,,,,WOS:000426978205032,View Full Record in Web of Science
J,"Cheng, S; Xu, DF",,,,"Cheng, Shuo; Xu, Danfei",,,LEAGUE: Guided Skill Learning and Abstraction for Long-Horizon Manipulation,IEEE ROBOTICS AND AUTOMATION LETTERS,,,,,,,,,,,,,,,,,,"Cheng, Shuo/0000-0003-4882-1724",,,,,,,,,,,,,2377-3766,,,,,OCT,2023,8,10,,,,,6451,6458,,10.1109/LRA.2023.3308061,http://dx.doi.org/10.1109/LRA.2023.3308061,,,,,,,,,,,,,WOS:001059582500008,View Full Record in Web of Science
C,"Konnaris, C; Thomik, AAC; Faisal, AA",,,IEEE,"Konnaris, Charalambos; Thomik, Andreas A. C.; Faisal, A. Aldo",,,Sparse Eigenmotions Derived from Daily Life Kinematics Implemented on a Dextrous Robotic Hand,2016 6TH IEEE INTERNATIONAL CONFERENCE ON BIOMEDICAL ROBOTICS AND BIOMECHATRONICS (BIOROB),Proceedings of the IEEE RAS-EMBS International Conference on Biomedical Robotics and Biomechatronics,,,,6th IEEE International Conference on Biomedical Robotics and Biomechatronics (BioRob),"JUN 26-29, 2016",SINGAPORE,IEEE,,,,,,,,,"Faisal, Aldo/A-2367-2009","Faisal, Aldo/0000-0003-0813-7207",,,,,,,,,,,,,2155-1782,,978-1-5090-3287-7,,,,2016,,,,,,,1358,1363,,,,,,,,,,,,,,,,WOS:000392266900232,View Full Record in Web of Science
J,"Shu, X; Ni, FL; Fan, XY; Liu, CY; Yang, S; Tu, BX; Liu, H",,,,"Shu, Xin; Ni, Fenglei; Fan, Xinyang; Liu, Changyuan; Yang, Shuai; Tu, Baoxu; Liu, Hong",,,A Multi-Configuration Track-Legged Humanoid Robot for Dexterous Manipulation and High Mobility: Design and Development,IEEE ROBOTICS AND AUTOMATION LETTERS,,,,,,,,,,,,,,,,,,"Fan, Xinyang/0000-0002-4215-1590",,,,,,,,,,,,,2377-3766,,,,,JUN,2023,8,6,,,,,3342,3349,,10.1109/LRA.2023.3266707,http://dx.doi.org/10.1109/LRA.2023.3266707,,,,,,,,,,,,,WOS:000979962100011,View Full Record in Web of Science
C,"Newman, W; Birkhimer, C; Hebbar, R",,,IEEE; IEEE,"Newman, W; Birkhimer, C; Hebbar, R",,,Towards automatic transfer of human skills for robotic assembly,"IROS 2003: PROCEEDINGS OF THE 2003 IEEE/RSJ INTERNATIONAL CONFERENCE ON INTELLIGENT ROBOTS AND SYSTEMS, VOLS 1-4",,,,,IEEE/RSJ International Conference on Intelligent Robots and Systems,"OCT 27-31, 2003","LAS VEGAS, NV","IEEE Robot & Automat Soc,IEEE Ind Elect Soc,Robot Soc Japan,Soc Instruments & Control Engineers,New Technol Fdn",,,,,,,,,,"Newman, Wyatt/0000-0001-6489-9164",,,,,,,,,,,,,,,0-7803-7860-1,,,,2003,,,,,,,2528,2533,,,,,,,,,,,,,,,,WOS:000187883300409,View Full Record in Web of Science
J,"Babic, J; Hale, JG; Oztop, E",,,,"Babic, Jan; Hale, Joshua G.; Oztop, Erhan",,,Human sensorimotor learning for humanoid robot skill synthesis,ADAPTIVE BEHAVIOR,,,,,,,,,,,,,,,,,"Oztop, Erhan/K-8111-2012","Oztop, Erhan/0000-0002-3051-6038; Babic, Jan/0000-0002-1870-8264",,,,,,,,,,,,,1059-7123,1741-2633,,,,AUG,2011,19,4,,,,,250,263,,10.1177/1059712311411112,http://dx.doi.org/10.1177/1059712311411112,,,,,,,,,,,,,WOS:000294157400002,View Full Record in Web of Science
C,"Metta, G",,,ACM,"Metta, Giorgio",,,Physical and Social Human-robot Interaction,"UMAP'20: PROCEEDINGS OF THE 28TH ACM CONFERENCE ON USER MODELING, ADAPTATION AND PERSONALIZATION",,,,,"Proceedings of the 28th ACM Conference on User Modeling, Adaptation and Personalization (UMAP)","JUL 14-17, 2020","Genoa, ITALY","ACM SIGCHI,ACM SIGWEB",,,,,,,,,,,,,,,,,,,,,,,,,978-1-4503-6861-2,,,,2020,,,,,,,3,3,,10.1145/3340631.3395383,http://dx.doi.org/10.1145/3340631.3395383,,,,,,,,,,,,,WOS:000932785600003,View Full Record in Web of Science
C,"Sermanet, P; Xu, K; Levine, S",,"Amato, N; Srinivasa, S; Ayanian, N; Kuindersma, S",,"Sermanet, Pierre; Xu, Kelvin; Levine, Sergey",,,Unsupervised Perceptual Rewards for Imitation Learning,ROBOTICS: SCIENCE AND SYSTEMS XIII,,,,,13th Conference on Robotics - Science and Systems,"JUL 12-16, 2017","Massachusetts Inst Technol, Cambridge, MA",,Massachusetts Inst Technol,,,,,,,,,,,,,,,,,,,,,,,,978-0-9923747-3-0,,,,2017,,,,,,,,,,,,,,,,,,,,,,,,WOS:000570976600050,View Full Record in Web of Science
C,"Palm, R; Iliev, B",,,IEEE,"Palm, Rainer; Iliev, Boyko",,,Learning and Adaptation of Robot Skills using Fuzzy Models,2010 IEEE INTERNATIONAL CONFERENCE ON FUZZY SYSTEMS (FUZZ-IEEE 2010),IEEE International Conference on Fuzzy Systems,,,,2010 IEEE World Congress on Computational Intelligence,"JUL 18-23, 2010","Barcelona, SPAIN","IEEE,IEEE Computat Intelligence Soc,Int Neural Network Soc,Evolut Program Soc,IET",,,,,,,,,,,,,,,,,,,,,,,1098-7584,,978-1-4244-6920-8,,,,2010,,,,,,,,,,,,,,,,,,,,,,,,WOS:000287453600037,View Full Record in Web of Science
J,"Dai, SY; Xu, W; Hofmann, A; Williams, B",,,,"Dai, Siyu; Xu, Wei; Hofmann, Andreas; Williams, Brian",,,An empowerment-based solution to robotic manipulation tasks with sparse rewards,AUTONOMOUS ROBOTS,,,,,,,,,,,,,,,,,"Dai, Siyu/AAX-4082-2021",,,,,,,,,,,,,,0929-5593,1573-7527,,,,JUN,2023,47,5,,,SI,,617,633,,10.1007/s10514-023-10087-8,http://dx.doi.org/10.1007/s10514-023-10087-8,,FEB 2023,,,,,,,,,,,WOS:000926304100001,View Full Record in Web of Science
J,"Lin, HI",,,,"Lin, Hsien-, I",,,Learning on robot skills: Motion adjustment and smooth concatenation of motion blocks,ENGINEERING APPLICATIONS OF ARTIFICIAL INTELLIGENCE,,,,,,,,,,,,,,,,,"Lin, Hsien-I/GPW-8803-2022","Lin, Hsien-I/0000-0002-6195-3353",,,,,,,,,,,,,0952-1976,1873-6769,,,,MAY,2020,91,,,,,,,,103619,10.1016/j.engappai.2020.103619,http://dx.doi.org/10.1016/j.engappai.2020.103619,,,,,,,,,,,,,WOS:000528195100030,View Full Record in Web of Science
C,"Cavin, S; Lohse, N",,,IEEE,"Cavin, Shirley; Lohse, Niels",,,Multi-Level Skill-Based Allocation Methodology for Evolvable Assembly Systems,2014 12TH IEEE INTERNATIONAL CONFERENCE ON INDUSTRIAL INFORMATICS (INDIN),IEEE International Conference on Industrial Informatics INDIN,,,,12th IEEE International Conference on Industrial Informatics (INDIN),"JUL 27-30, 2014","Central Campus of the Federal University, Porto Alegre, BRAZIL","Cent Campus Fed Univ,Inst Elect & Elect Engineers,IEEE Ind Elect Soc,Fed Univ Rio Grande do Sul,Escola Engenharia UFRGS,Univ Nova Lisboa,Coordenacao Aperfeicoamento Pessoal Nivel Superior,Conselho Nacl Desenvolvimento Cientifico & Tecnologico,Fundacao Amparo Pesquisa Estado Rio Grande do Sul,Control Automat & Robot Grp",Central Campus of the Federal University,,,,,,,,"Lohse, Niels/AAB-6597-2021",,,,,,,,,,,,,,1935-4576,,978-1-4799-4905-2,,,,2014,,,,,,,532,537,,,,,,,,,,,,,,,,WOS:000349558700079,View Full Record in Web of Science
J,"Gao, Q; Deng, ZW; Ju, ZJ; Zhang, TW",,,,"Gao, Qing; Deng, Zhiwen; Ju, Zhaojie; Zhang, Tianwei",,,Dual-Hand Motion Capture by Using Biological Inspiration for Bionic Bimanual Robot Teleoperation,CYBORG AND BIONIC SYSTEMS,,,,,,,,,,,,,,,,,,,,,,,,,,,,,,,,2692-7632,,,,SEP 13,2023,4,,,,,,,,52,10.34133/cbsystems.0052,http://dx.doi.org/10.34133/cbsystems.0052,,,,,,,,37711160,,,,,WOS:001156885700001,View Full Record in Web of Science
C,"Zhang, LS; Fan, JJ; Gu, SX; Lei, TT; Tang, WS; Xu, WD; Guo, SX",,,IEEE,"Zhang, Linshuai; Fan, Jingjing; Gu, Shuoxin; Lei, Tiaotiao; Tang, Wenshan; Xu, Weidong; Guo, Shuxiang",,,A Novel Master Haptic Interface Based on MR-Fluids for Endovascular Catheterization,PROCEEDINGS OF 2022 IEEE INTERNATIONAL CONFERENCE ON MECHATRONICS AND AUTOMATION (IEEE ICMA 2022),,,,,19th IEEE International Conference on Mechatronics and Automation (IEEE ICMA),"AUG 07-10, 2022",ELECTR NETWORK,"IEEE Robot & and Automat Soc,Guangxi Univ Sci & Technol,Beijing Inst Technol,Natl Nat Sci Fdn China,Chinese Mech Engn Soc,Chinese Assoc Automat,HIT, State Key Lab Robot & Syst,BIT, Inst Adv Biomed Engn Syst,Minist Ind & Informat Technol, Beijing Inst Technol, Key Lab Convergence Med Engn Syst & Healthcare Technol,Tianjin Key Lab Control Theory & Applicat Complicated Syst,Tianjin Key Lab Adv Mechatron Syst Design & Intelligent Control,Tianjin Int Joint Res & Dev Ctr,Tianjin Univ Technol,Harbin Engn Univ,Jilin Univ,Robot Soc Japan,Japan Soc Mech Engineers,Japan Soc Precis Engn,Soc Instrument & Control Engineers,Univ Electro Commun,Univ Elect Sci & Technol China,Opt & Precis Engn,IEEE",,,,,,,,,"Zhang, Linshuai/LWZ-9996-2024",,,,,,,,,,,,,,,,978-1-6654-0853-0; 978-1-6654-0852-3,,,,2022,,,,,,,1269,1274,,10.1109/ICMA54519.2022.9856008,http://dx.doi.org/10.1109/ICMA54519.2022.9856008,,,,,,,,,,,,,WOS:000865966500214,View Full Record in Web of Science
C,"Loncarcvic, Z; Ude, A; Gams, A",,,IEEE,"Loncarcvic, Zvezdan; Ude, Ales; Gams, Andrej",,,Accelerated Robot Skill Acquisition by Reinforcement Learning-Aided Sim-to-Real Domain Adaptation,2021 20TH INTERNATIONAL CONFERENCE ON ADVANCED ROBOTICS (ICAR),,,,,20th International Conference on Advanced Robotics (ICAR),"DEC 07-10, 2021",ELECTR NETWORK,"IEEE Robot & Automat Soc,Jozef Stefan Inst,Univ Ljubljana, Fac Elect Engn,Univ Verona, Dept Comp Sci",,,,,,,,,"Ude, Aleš/ABB-7839-2020","Gams, Andrej/0000-0002-9803-3593",,,,,,,,,,,,,,,978-1-6654-3684-7,,,,2021,,,,,,,269,274,,10.1109/ICAR53236.2021.9659351,http://dx.doi.org/10.1109/ICAR53236.2021.9659351,,,,,,,,,,,,,WOS:000766318900041,View Full Record in Web of Science
C,"Rai, L; Kang, SJ; Rim, KW",,"Kim, D; Enokido, T; Chen, Y; Min, D",,"Rai, Laxmisha; Kang, Soon Ju; Rim, Kee-Wook",,,Dynamic skill-based software architecture for locomotion control in shape reconfigurable mobile robots,"FOURTH IEEE WORKSHOP ON SOFTWARE TECHNOLOGIES FOR FUTURE EMBEDDED AND UBIQUITOUS SYSTEMS AND THE SECOND INTERNATIONAL WORKSHOP ON COLLABORATIVE COMPUTING, INTEGRATION, AND ASSURANCE, PROCEEDINGS",,,,,"4th IEEE Workshop on Software Technologies for Future Embedded and Ubiquitous Systems (SEUS 2006)/2nd International Workshop on Collaborative Computing, Integration and Assurance (WCCIA 2006)","APR 27-28, 2006","Gyeongju, SOUTH KOREA","IEEE Comp Soc TCDP,Konkuk Univ Software Res Ctr,Korea Informat Sci Soc,OMG,IFIP WG 10 4,USAF, Off Sci Res,Asian Off Aerosp Res & Dev,Auto ID Lab,Ctr Ubiquitous Comp & Network,Korea Sci & Engn Fdn",,,,,,,,,"Rai, Laxmisha/B-6552-2008","Rai, Laxmisha/0000-0003-1494-1138",,,,,,,,,,,,,,,0-7695-2560-1,,,,2006,,,,,,,29,+,,10.1109/SEUS-WCCIA.2006.24,http://dx.doi.org/10.1109/SEUS-WCCIA.2006.24,,,,,,,,,,,,,WOS:000237620500005,View Full Record in Web of Science
J,"Bejjani, W; Leonetti, M; Dogar, MR",,,,"Bejjani, Wissam; Leonetti, Matteo; Dogar, Mehmet R.",,,Learning image-based Receding Horizon Planning for manipulation in clutter,ROBOTICS AND AUTONOMOUS SYSTEMS,,,,,,,,,,,,,,,,,,"Dogar, Mehmet R/0000-0002-6896-5461",,,,,,,,,,,,,0921-8890,1872-793X,,,,APR,2021,138,,,,,,,,103730,10.1016/j.robot.2021.103730,http://dx.doi.org/10.1016/j.robot.2021.103730,,FEB 2021,,,,,,,,,,,WOS:000694865700001,View Full Record in Web of Science
C,"Dagnino, G; Liu, J; Abdelaziz, MEMK; Chi, W; Riga, C; Yang, GZ","Kosecka, J","Maciejewski, AA; Okamura, A; Bicchi, A; Stachniss, C; Song, DZ; Lee, DH; Chaumette, F; Ding, H; Li, JS; Wen, J; Roberts, J; Masamune, K; Chong, NY; Amato, N; Tsagwarakis, N; Rocco, P; Asfour, T; Chung, WK; Yasuyoshi, Y; Sun, Y; Maciekeski, T; Althoefer, K; AndradeCetto, J; Chung, WK; Demircan, E; Dias, J; Fraisse, P; Gross, R; Harada, H; Hasegawa, Y; Hayashibe, M; Kiguchi, K; Kim, K; Kroeger, T; Li, Y; Ma, S; Mochiyama, H; Monje, CA; Rekleitis, I; Roberts, R; Stulp, F; Tsai, CHD; Zollo, L",,"Dagnino, G.; Liu, J.; Abdelaziz, M. E. M. K.; Chi, W.; Riga, C.; Yang, G-Z.","Kosecka, J",,Haptic Feedback and Dynamic Active Constraints for Robot-Assisted Endovascular Catheterization,2018 IEEE/RSJ INTERNATIONAL CONFERENCE ON INTELLIGENT ROBOTS AND SYSTEMS (IROS),IEEE International Conference on Intelligent Robots and Systems,,,,25th IEEE/RSJ International Conference on Intelligent Robots and Systems (IROS),"OCT 01-05, 2018","Madrid, SPAIN","IEEE Robot & Automat Soc,IEEE Ind Elect Soc,Robot Soc Japan,Soc Instrument & Control Engineers,New Technol Fdn,IEEE,Adept MobileRobots,Willow Garage,Aldebaran Robot,Natl Instruments,Reflexxes GmbH,Schunk Intec S L U,Univ Carlos III Madrid,BOSCH,JD COM,Pal Robot,KUKA,Santander,Squirrel AI Learning,Baidu,Generat Robots,KINOVA Robot,Ouster,Univ Pablo Olavide Sevilla,Rapyuta Robot,SICK,TOYOTA,UP,Amazon,ARGO,Built Robot,Disney Res,Easy Mile,Hitachi,Robot,Khalifa Univ,Magazino,MathWorks,New Dexterity,Schunk,nuTonomy,PILZ,Prophesee,Rootnik,Saga Robot,Shadow,Soft Bank Robot,Anyverse,GalTech,Generat Robot,IEEE CAA Journal Automatica Sinica,Sci Robot, AAAS,TERAS",,,,,,,,,,"Abdelaziz, Mohamed E. M. K./0000-0003-2763-8998",,,,,,,,,,,,,2153-0858,,978-1-5386-8094-0,,,,2018,,,,,,,1770,1775,,,,,,,,,,,,,,,,WOS:000458872701128,View Full Record in Web of Science
C,"Shimizu, M; Endo, Y; Onda, H; Yoon, WK; Torii, T",,,IEEE,"Shimizu, Masayuki; Endo, Yamato; Onda, Hiromu; Yoon, Woo-Keun; Torii, Takao",,,Improving Task Skill Transfer Method by Acquiring Impedance Parameters from Human Demonstration,2013 IEEE INTERNATIONAL CONFERENCE ON MECHATRONICS AND AUTOMATION (ICMA),,,,,10th IEEE International Conference on Mechatronics and Automation (ICMA),"AUG 04-07, 2013","Takamatsu, JAPAN","IEEE,IEEE Robot & Automat Soc,Kagawa Univ,Harbin Inst Technol, State Key Lab Robot & Syst,Robot Soc Japan,Japan Soc Mech Engineers,Japan Soc Precis Engn,Soc Instrument & Control Engineers,Beijing Inst Technol,Harbin Engn Univ,Univ Electro Commun,Univ Elect Sci & Technol China,Changchun Univ Sci & Technol,Tianjin Univ Technol",,,,,,,,,"Onda, Hiromu/M-3382-2016; Yoon, Woo-Keun/L-8683-2018",,,,,,,,,,,,,,,,978-1-4673-5560-5,,,,2013,,,,,,,1033,1038,,,,,,,,,,,,,,,,WOS:000335375900174,View Full Record in Web of Science
J,"Wu, HM; Yan, W; Xu, ZH; Cheng, TB; Zhou, XF",,,,"Wu, Hongmin; Yan, Wu; Xu, Zhihao; Cheng, Taobo; Zhou, Xuefeng",,,A Framework of Robot Skill Learning From Complex and Long-Horizon Tasks,IEEE TRANSACTIONS ON AUTOMATION SCIENCE AND ENGINEERING,,,,,,,,,,,,,,,,,,"Xu, Zhihao/0000-0003-1344-9731; Yan, Wu/0000-0002-5348-3574",,,,,,,,,,,,,1545-5955,1558-3783,,,,OCT,2022,19,4,,,,,3628,3638,,10.1109/TASE.2021.3127574,http://dx.doi.org/10.1109/TASE.2021.3127574,,NOV 2021,,,,,,,,,,,WOS:000733560500001,View Full Record in Web of Science
J,"Zemskova, T; Staroverov, A; Muravyev, K; Yudin, DA; Panov, AI",,,,"Zemskova, Tatiana; Staroverov, Aleksei; Muravyev, Kirill; Yudin, Dmitry A.; Panov, Aleksandr I.",,,Interactive Semantic Map Representation for Skill-Based Visual Object Navigation,IEEE ACCESS,,,,,,,,,,,,,,,,,"Muravyev, Kirill/ABE-4147-2020; Staroverov, Aleksey/ABE-4086-2020; Panov, Aleksandr I./L-9171-2013","Panov, Aleksandr I./0000-0002-9747-3837; Muravyev, Kirill/0000-0001-5897-0702; Zemskova, Tatiana/0000-0003-4271-7336",,,,,,,,,,,,,2169-3536,,,,,,2024,12,,,,,,44628,44639,,10.1109/ACCESS.2024.3380450,http://dx.doi.org/10.1109/ACCESS.2024.3380450,,,,,,,,,,,,,WOS:001193664500001,View Full Record in Web of Science
C,"Li, X; Dai, SL; Yang, CG",,,IEEE,"Li, Xian; Dai, Shi-Lu; Yang, Chenguang",,,Vision-based Robot Handwriting Skill Reproduction and Generalization,2021 27TH INTERNATIONAL CONFERENCE ON MECHATRONICS AND MACHINE VISION IN PRACTICE (M2VIP),International Conference on Mechatronics and Machine Vision in Practice,,,,27th International Conference on Mechatronics and Machine Vision in Practice (M2VIP),"NOV 26-28, 2021","Shanghai, PEOPLES R CHINA",,,,,,,,,,"Yang, Chenguang/AAJ-2509-2020","Yang, Chenguang/0000-0001-5255-5559",,,,,,,,,,,,,,,978-1-6654-3153-8,,,,2021,,,,,,,,,,10.1109/M2VIP49856.2021.9665000,http://dx.doi.org/10.1109/M2VIP49856.2021.9665000,,,,,,,,,,,,,WOS:000783817900080,View Full Record in Web of Science
C,"Hashiguchi, Y; Takaoka, K; Kanemaru, M",,,IEEE; IEEE,"Hashiguchi, Y; Takaoka, K; Kanemaru, M",,,The development of a practical dexterous assembly robot system without the use of force sensor,PROCEEDINGS OF THE 2001 IEEE INTERNATIONAL SYMPOSIUM ON ASSEMBLY AND TASK PLANNING (ISATP2001): ASSEMBLY AND DISASSEMBLY IN THE TWENTY-FIRST CENTURY,,,,,4th IEEE International Symposium on Assembly and Task Planning (ISATP2001),"MAY 28-29, 2001","FUKUOKA, JAPAN","IEEE Robotics & Automat Soc,IEEE Japan,Int Inst Prod Engn Res,Japan Assoc Automat Advancement,Japan Robot Assoc,Japan Soc Mech Engineers,Japan Soc Precis Engn,Mfg Sci Technol Ctr,Robotics Soc Japan,Sensing Instrument Control Engn,Soc Automobile Engineers Japan",,,,,,,,,,,,,,,,,,,,,,,,,0-7803-7004-X,,,,2001,,,,,,,470,475,,10.1109/ISATP.2001.929079,http://dx.doi.org/10.1109/ISATP.2001.929079,,,,,,,,,,,,,WOS:000169644600078,View Full Record in Web of Science
C,"Gopalan, R; Dariush, B",,,IEEE,"Gopalan, Raghuraman; Dariush, Behzad",,,Toward a vision based hand gesture interface for robotic grasping,2009 IEEE-RSJ INTERNATIONAL CONFERENCE ON INTELLIGENT ROBOTS AND SYSTEMS,,,,,IEEE RSJ International Conference on Intelligent Robots and Systems,"OCT 10-15, 2009","St Louis, MO","IEEE Robot & Automat Soc (RA),Robot Soc Japan (RSJ),Soc Instruments & Control Engn,IEEE Ind Elect Soc,Inst Control, Robot & Syst Korea,ABB,Barrett Technol, Inc,Willow Garage,ROBOTIS,Aldebaran Robot",,,,,,,,,,,,,,,,,,,,,,,,,978-1-4244-3803-7,,,,2009,,,,,,,1452,1459,,10.1109/IROS.2009.5354682,http://dx.doi.org/10.1109/IROS.2009.5354682,,,,,,,,,,,,,WOS:000285372900241,View Full Record in Web of Science
C,"Lancaster, P; Hansen, N; Rajeswaran, A; Kumar, V",,,IEEE,"Lancaster, Patrick; Hansen, Nicklas; Rajeswaran, Aravind; Kumar, Vikash",,,MoDem-V2: Visuo-Motor World Models for Real-World Robot Manipulation,"2024 IEEE INTERNATIONAL CONFERENCE ON ROBOTICS AND AUTOMATION, ICRA 2024",IEEE International Conference on Robotics and Automation ICRA,,,,IEEE International Conference on Robotics and Automation (ICRA),"MAY 13-17, 2024","Yokohama, JAPAN","IEEE,IEEE Robot & Automat Soc",,,,,,,,,,,,,,,,,,,,,,,1050-4729,2577-087X,979-8-3503-8458-1; 979-8-3503-8457-4,,,,2024,,,,,,,7530,7537,,10.1109/ICRA57147.2024.10611121,http://dx.doi.org/10.1109/ICRA57147.2024.10611121,,,,,,,,,,,,,WOS:001294576205084,View Full Record in Web of Science
J,"Müller, S; Müller, T; Ahmed, A; Gross, HM",,,,"Mueller, Steffen; Mueller, Tristan; Ahmed, Aamir; Gross, Horst-Michael",,,Laser-Based Door Localization for Autonomous Mobile Service Robots,SENSORS,,,,,,,,,,,,,,,,,"Ahmed, Aamir/IUQ-5189-2023","Muller, Tristan/0009-0003-7636-8127",,,,,,,,,,,,,,1424-8220,,,,MAY 31,2023,23,11,,,,,,,5247,10.3390/s23115247,http://dx.doi.org/10.3390/s23115247,,,,,,,,37299973,,,,,WOS:001003599000001,View Full Record in Web of Science
C,"Fang, K; Zhu, YK; Savarese, S; Li, FF",,"Shell, DA; Toussaint, M; Hsieh, MA",,"Fang, Kuan; Zhu, Yuke; Savarese, Silvio; Li Fei-Fei",,,Discovering Generalizable Skills via Automated Generation of Diverse Tasks,ROBOTICS: SCIENCE AND SYSTEM XVII,Robotics - Science and Systems,,,,Conference on Robotics - Science and Systems,"JUL 12-16, 2021",ELECTR NETWORK,,,,,,,,,,"Li, Feifei/JTT-8011-2023",,,,,,,,,,,,,,2330-7668,2330-765X,978-0-9923747-7-8,,,,2021,,,,,,,,,,,,,,,,,,,,,,,,WOS:000684604200010,View Full Record in Web of Science
J,"Carfi, A; Patten, T; Kuang, YY; Hammoud, A; Alameh, M; Maiettini, E; Weinberg, AI; Faria, D; Mastrogiovanni, F; Alenyà, G; Natale, L; Perdereau, V; Vincze, M; Billard, A",,,,"Carfi, Alessandro; Patten, Timothy; Kuang, Yingyi; Hammoud, Ali; Alameh, Mohamad; Maiettini, Elisa; Weinberg, Abraham Itzhak; Faria, Diego; Mastrogiovanni, Fulvio; Alenya, Guillem; Natale, Lorenzo; Perdereau, Veronique; Vincze, Markus; Billard, Aude",,,Hand-Object Interaction: From Human Demonstrations to Robot Manipulation,FRONTIERS IN ROBOTICS AND AI,,,,,,,,,,,,,,,,,"Carfì, Alessandro/ABE-4767-2020; Alenya, Guillem/ABH-1090-2020; Faria, Diego/B-4056-2011; Natale, Lorenzo/IAR-2619-2023","Mastrogiovanni, Fulvio/0000-0001-5913-1898; Maiettini, Elisa/0000-0002-0127-3014; Natale, Lorenzo/0000-0002-8777-5233",,,,,,,,,,,,,2296-9144,,,,,OCT 1,2021,8,,,,,,,,714023,10.3389/frobt.2021.714023,http://dx.doi.org/10.3389/frobt.2021.714023,,,,,,,,34660702,,,,,WOS:000709056900001,View Full Record in Web of Science
J,"Pomarlan, M; Hedblom, MM; Porzel, R",,,,"Pomarlan, Mihai; Hedblom, Maria M. M.; Porzel, Robert",,,Curiously exploring affordance spaces of a pouring task,EXPERT SYSTEMS,,,,,,,,,,,,,,,,,"Hedblom, Maria/HKE-3072-2023","Pomarlan, Mihai/0000-0002-1304-581X; Hedblom, Maria Magdalena/0000-0001-8308-8906",,,,,,,,,,,,,0266-4720,1468-0394,,,,JUL,2023,40,6,,,,,,,,10.1111/exsy.13213,http://dx.doi.org/10.1111/exsy.13213,,DEC 2022,,,,,,,,,,,WOS:000897822500001,View Full Record in Web of Science
J,"Soria, PR; Bevec, R; Arrue, BC; Ude, A; Ollero, A",,,,"Soria, Pablo Ramon; Bevec, Robert; Arrue, Begona C.; Ude, Ales; Ollero, Anibal",,,Extracting Objects for Aerial Manipulation on UAVs Using Low Cost Stereo Sensors,SENSORS,,,,,,,,,,,,,,,,,"Ude, Aleš/ABB-7839-2020; Arrue Ulles, Begona Chiquinquira/O-9525-2015","Ramon Soria, Pablo/0000-0002-1411-0281; Arrue Ulles, Begona Chiquinquira/0000-0003-1777-2675; Ude, Ales/0000-0003-3677-3972",,,,,,,,,,,,,,1424-8220,,,,MAY,2016,16,5,,,,,,,700,10.3390/s16050700,http://dx.doi.org/10.3390/s16050700,,,,,,,,27187413,,,,,WOS:000378510400071,View Full Record in Web of Science
C,"Mendonca, R; Bahl, S; Pathak, D",,,IEEE,"Mendonca, Russell; Bahl, Shikhar; Pathak, Deepak",,,ALAN: Autonomously Exploring Robotic Agents in the Real World,"2023 IEEE INTERNATIONAL CONFERENCE ON ROBOTICS AND AUTOMATION, ICRA",IEEE International Conference on Robotics and Automation ICRA,,,,IEEE International Conference on Robotics and Automation (ICRA),"MAY 29-JUN 02, 2023","London, ENGLAND","IEEE,IEEE Robot & Automat Soc",,,,,,,,,,,,,,,,,,,,,,,1050-4729,2577-087X,979-8-3503-2365-8,,,,2023,,,,,,,3044,3050,,10.1109/ICRA48891.2023.10161016,http://dx.doi.org/10.1109/ICRA48891.2023.10161016,,,,,,,,,,,,,WOS:001036713002062,View Full Record in Web of Science
J,"Odesanmi, A; Wang, QN; Mai, JE",,,,"Odesanmi, Abiodun; Wang, Qining; Mai, Jingeng",,,Skill learning framework for human-robot interaction and manipulation tasks,ROBOTICS AND COMPUTER-INTEGRATED MANUFACTURING,,,,,,,,,,,,,,,,,"Wang, Qining/F-8500-2012","Wang, Qining/0000-0003-3484-4810; Odesanmi, Gbenga Abiodun/0000-0001-7354-2669",,,,,,,,,,,,,0736-5845,1879-2537,,,,FEB,2023,79,,,,,,,,102444,10.1016/j.rcim.2022.102444,http://dx.doi.org/10.1016/j.rcim.2022.102444,,SEP 2022,,,,,,,,,,,WOS:000861364200002,View Full Record in Web of Science
C,"Malak, RJ; Khosla, PK",,,IEEE; IEEE; IEEE,"Malak, RJ; Khosla, PK",,,A framework for the adaptive transfer of robot skill knowledge using reinforcement learning agents,"2001 IEEE INTERNATIONAL CONFERENCE ON ROBOTICS AND AUTOMATION, VOLS I-IV, PROCEEDINGS",IEEE INTERNATIONAL CONFERENCE ON ROBOTICS AND AUTOMATION,,,,IEEE International Conference on Robotics and Automation,"MAY 21-26, 2001","SEOUL, SOUTH KOREA","IEEE Robot & Automat Soc,IEEE",,,,,,,,,,,,,,,,,,,,,,,1050-4729,,0-7803-6576-3,,,,2001,,,,,,,1994,2001,,,,,,,,,,,,,,,,WOS:000172615800317,View Full Record in Web of Science
C,"Chane-Sane, E; Schmid, C; Laptev, I",,,IEEE,"Chane-Sane, Elliot; Schmid, Cordelia; Laptev, Ivan",,,Learning Video-Conditioned Policies for Unseen Manipulation Tasks,"2023 IEEE INTERNATIONAL CONFERENCE ON ROBOTICS AND AUTOMATION, ICRA",IEEE International Conference on Robotics and Automation ICRA,,,,IEEE International Conference on Robotics and Automation (ICRA),"MAY 29-JUN 02, 2023","London, ENGLAND","IEEE,IEEE Robot & Automat Soc",,,,,,,,,,,,,,,,,,,,,,,1050-4729,2577-087X,979-8-3503-2365-8,,,,2023,,,,,,,909,916,,10.1109/ICRA48891.2023.10161336,http://dx.doi.org/10.1109/ICRA48891.2023.10161336,,,,,,,,,,,,,WOS:001036713000056,View Full Record in Web of Science
J,"Jin, LG; Men, Y; Li, FM; Wang, Q; Tian, XC; Li, YB; Song, R",,,,"Jin, Ligang; Men, Yu; Li, Fengming; Wang, Chaoqun; Tian, Xincheng; Li, Yibin; Song, Rui",,,Ensemble Transfer Strategy Based on Domain Difference for Robot Multiple Peg-in-Hole Assembly,IEEE TRANSACTIONS ON INDUSTRIAL ELECTRONICS,,,,,,,,,,,,,,,,,,"Wang, Chaoqun/0000-0001-5780-7284; , Ligang/0000-0003-3931-0631",,,,,,,,,,,,,0278-0046,1557-9948,,,,OCT,2024,71,10,1,,,,12645,12654,,10.1109/TIE.2024.3357894,http://dx.doi.org/10.1109/TIE.2024.3357894,,,,,,,,,,,,,WOS:001376625400084,View Full Record in Web of Science
C,"Liu, XY; Pathak, D; Kitani, KM",,"Liu, K; Kulic, D; Ichnowski, J",,"Liu, Xingyu; Pathak, Deepak; Kitani, Kris M.",,,HERD: Continuous Human-to-Robot Evolution for Learning from Human Demonstration,"CONFERENCE ON ROBOT LEARNING, VOL 205",Proceedings of Machine Learning Research,,,,6th Conference on Robot Learning (CoRL),"DEC 14-18, 2022","Auckland, NEW ZEALAND",,,,,,,,,,,,,,,,,,,,,,,,2640-3498,,,,,,2022,205,,,,,,447,458,,,,,,,,,,,,,,,,WOS:001232393400036,View Full Record in Web of Science
J,"Zorina, K; Carpentier, J; Sivic, J; Petrík, V",,,,"Zorina, Kateryna; Carpentier, Justin; Sivic, Josef; Petrik, Vladimir",,,Learning to Manipulate Tools by Aligning Simulation to Video Demonstration,IEEE ROBOTICS AND AUTOMATION LETTERS,,,,,,,,,,,,,,,,,"Petrík, Vladimír/AAE-2083-2019","Zorina, Kateryna/0000-0002-4697-8966; Petrik, Vladimir/0000-0001-9450-4987",,,,,,,,,,,,,2377-3766,,,,,JAN,2022,7,1,,,,,438,445,,10.1109/LRA.2021.3127238,http://dx.doi.org/10.1109/LRA.2021.3127238,,,,,,,,,,,,,WOS:000724477700004,View Full Record in Web of Science
C,"Liu, QT; Ye, Q; Sun, ZN; Cui, Y; Li, GF; Chen, JM",,,IEEE,"Liu, Qingtao; Ye, Qi; Sun, Zhengnan; Cui, Yu; Li, Gaofeng; Chen, Jiming",,,Masked Visual-Tactile Pre-training for Robot Manipulation,2024 IEEE INTERNATIONAL CONFERENCE ON ROBOTICS AND AUTOMATION (ICRA 2024),IEEE International Conference on Robotics and Automation ICRA,,,,IEEE International Conference on Robotics and Automation (ICRA),"MAY 13-17, 2024","Yokohama, JAPAN","IEEE,IEEE Robot & Automat Soc",,,,,,,,,,,,,,,,,,,,,,,1050-4729,2577-087X,979-8-3503-8458-1; 979-8-3503-8457-4,,,,2024,,,,,,,13869,13875,,10.1109/ICRA57147.2024.10610933,http://dx.doi.org/10.1109/ICRA57147.2024.10610933,,,,,,,,,,,,,WOS:001369728003101,View Full Record in Web of Science
C,"Kroemer, O; Daniel, C; Neumann, G; van Hoof, H; Peters, J",,,IEEE,"Kroemer, Oliver; Daniel, Christian; Neumann, Gerhard; van Hoof, Herke; Peters, Jan",,,Towards Learning Hierarchical Skills for Multi-Phase Manipulation Tasks,2015 IEEE INTERNATIONAL CONFERENCE ON ROBOTICS AND AUTOMATION (ICRA),IEEE International Conference on Robotics and Automation ICRA,,,,IEEE International Conference on Robotics and Automation (ICRA),"MAY 26-30, 2015","Seattle, WA",IEEE,,,,,,,,,"Peters, Jan/D-5068-2009; van Hoof, Herke/N-7775-2017","van Hoof, Herke/0000-0002-1583-3692; Neumann, Gerhard/0000-0002-5483-4225",,,,,,,,,,,,,1050-4729,,978-1-4799-6923-4,,,,2015,,,,,,,1503,1510,,,,,,,,,,,,,,,,WOS:000370974901074,View Full Record in Web of Science
C,"Polydoros, AS; Grossmann, B; Rovida, F; Nalpantidis, L; Krüger, V",,"Alboul, L; Damian, D; Aitken, JM",,"Polydoros, Athanasios S.; Grossmann, Bjarne; Rovida, Francesco; Nalpantidis, Lazaros; Kruger, Volker",,,Accurate and Versatile Automation of Industrial Kitting Operations with SkiROS,"TOWARDS AUTONOMOUS ROBOTIC SYSTEMS, TAROS 2016",Lecture Notes in Artificial Intelligence,,,,17th Annual Conference on Towards Autonomous Robotic Systems (TAROS),"JUN 26-JUL 01, 2016","Sheffield, ENGLAND","Univ Sheffield,Sheffield Hallam Univ",,,,,,,,,"Nalpantidis, Lazaros/J-1803-2012; Polydoros, Athanasios S./M-2962-2019; Polydoros, Athanasios S./M-9081-2016","Nalpantidis, Lazaros/0000-0002-3620-4123; Polydoros, Athanasios S./0000-0002-4597-0567; Kruger, Volker/0000-0002-8836-8816",,,,,,,,,,,,,2945-9133,1611-3349,978-3-319-40379-3; 978-3-319-40378-6,,,,2016,9716,,,,,,255,268,,10.1007/978-3-319-40379-3_26,http://dx.doi.org/10.1007/978-3-319-40379-3_26,,,,,,,,,,,,,WOS:000386324700026,View Full Record in Web of Science
J,"Liu, GY; de Winter, J; Durodié, Y; Steckelmacher, D; Nowe, A; Vanderborght, B",,,,"Liu, Gaoyuan; de Winter, Joris; Durodie, Yuri; Steckelmacher, Denis; Nowe, Ann; Vanderborght, Bram",,,Optimistic Reinforcement Learning-Based Skill Insertions for Task and Motion Planning,IEEE ROBOTICS AND AUTOMATION LETTERS,,,,,,,,,,,,,,,,,"; Vanderborght, Bram/A-1599-2008","De Winter, Joris/0000-0002-5818-7539; Liu, Gaoyuan/0000-0002-9063-2751; Nowe, Ann/0000-0001-6346-4564; Steckelmacher, Denis/0000-0003-1521-8494; Vanderborght, Bram/0000-0003-4881-9341",,,,,,,,,,,,,2377-3766,,,,,JUN,2024,9,6,,,,,5974,5981,,10.1109/LRA.2024.3398402,http://dx.doi.org/10.1109/LRA.2024.3398402,,,,,,,,,,,,,WOS:001226190400004,View Full Record in Web of Science
C,"Meng, Q; Kress-Gazit, H",,,IEEE,"Meng, Qian; Kress-Gazit, Hadas",,,Automated Robot Recovery from Assumption Violations of High-Level Specifications,"2024 IEEE 20TH INTERNATIONAL CONFERENCE ON AUTOMATION SCIENCE AND ENGINEERING, CASE 2024",IEEE International Conference on Automation Science and Engineering,,,,IEEE 20th International Conference on Automation Science and Engineering (CASE),"AUG 28-SEP 01, 2024","Bari, ITALY",IEEE,,,,,,,,,,,,,,,,,,,,,,,2161-8070,,979-8-3503-5851-3; 979-8-3503-5852-0,,,,2024,,,,,,,4154,4161,,10.1109/CASE59546.2024.10711578,http://dx.doi.org/10.1109/CASE59546.2024.10711578,,,,,,,,,,,,,WOS:001361783103074,View Full Record in Web of Science
C,"Jiang, YQ",,"Zhou, ZH",,"Jiang, Yuqian",,,Planning and Reinforcement Learning for General-Purpose Service Robots,"PROCEEDINGS OF THE THIRTIETH INTERNATIONAL JOINT CONFERENCE ON ARTIFICIAL INTELLIGENCE, IJCAI 2021",,,,,30th International Joint Conference on Artificial Intelligence (IJCAI),"AUG 19-27, 2021",ELECTR NETWORK,Int Joint Conf Artifical Intelligence,,,,,,,,,,,,,,,,,,,,,,,,,978-0-9992411-9-6,,,,2021,,,,,,,4895,4896,,,,,,,,,,,,,,,,WOS:001202335504139,View Full Record in Web of Science
J,"Cansev, ME; Xue, HH; Rottmann, N; Bliek, A; Miller, LE; Rueckert, E; Beckerle, P",,,,"Cansev, Mehmet Ege; Xue, Honghu; Rottmann, Nils; Bliek, Adna; Miller, Luke E.; Rueckert, Elmar; Beckerle, Philipp",,,Interactive Human-Robot Skill Transfer: A Review of Learning Methods and User Experience,ADVANCED INTELLIGENT SYSTEMS,,,,,,,,,,,,,,,,,"Bliek, Adna/IWE-4192-2023; Miller, Luke/JJC-6252-2023; Beckerle, Philipp/H-5731-2015","Rueckert, Elmar/0000-0003-1221-8253; Beckerle, Philipp/0000-0001-5703-6029",,,,,,,,,,,,,,2640-4567,,,,JUL,2021,3,7,,,,,,,2000247,10.1002/aisy.202000247,http://dx.doi.org/10.1002/aisy.202000247,,,,,,,,,,,,,WOS:000733336900007,View Full Record in Web of Science
J,"Xue, YX; Yu, YD; Yin, KY; Du, HJ; Li, PF; Dai, KJ; Ju, ZJ",,,,"Xue, Yaxu; Yu, Yadong; Yin, Kaiyang; Du, Haojie; Li, Pengfei; Dai, Kejie; Ju, Zhaojie",,,Using Adaptive Directed Acyclic Graph for Human In-Hand Motion Identification with Hybrid Surface Electromyography and Kinect,SYMMETRY-BASEL,,,,,,,,,,,,,,,,,"Li, Peng-Fei/A-9047-2015; Xue, Yaxu/AAY-9853-2020","Yin, Kaiyang/0000-0003-1718-9551; Xue, Yaxu/0000-0002-9218-4251",,,,,,,,,,,,,,2073-8994,,,,OCT,2022,14,10,,,,,,,2093,10.3390/sym14102093,http://dx.doi.org/10.3390/sym14102093,,,,,,,,,,,,,WOS:000873605300001,View Full Record in Web of Science
J,"Liu, X; Liu, ZX; Huang, PF",,,,"Liu, Xing; Liu, Zhengxiong; Huang, Panfeng",,,Stochastic Optimal Control for Robot Manipulation Skill Learning Under Time-Varying Uncertain Environment,IEEE TRANSACTIONS ON CYBERNETICS,,,,,,,,,,,,,,,,,"刘, 星/JPY-1840-2023; Liu, Zhengxiong/B-4709-2019","Liu, Zhengxiong/0000-0002-9427-4066",,,,,,,,,,,,,2168-2267,2168-2275,,,,APR,2024,54,4,,,,,2015,2025,,10.1109/TCYB.2022.3211440,http://dx.doi.org/10.1109/TCYB.2022.3211440,,,,,,,,36256715,,,,,WOS:001189864200042,View Full Record in Web of Science
J,"Pan, Y; Chen, CJ; Li, DN; Zhao, ZX",,,,"Pan, Yong; Chen, Chengjun; Li, Dongnian; Zhao, Zhengxu",,,A robot path tracking method based on manual guidance and path reinforcement learning,APPLIED INTELLIGENCE,,,,,,,,,,,,,,,,,,"Chen, Chengjun/0000-0003-3185-1062",,,,,,,,,,,,,0924-669X,1573-7497,,,,JAN,2025,55,2,,,,,,,197,10.1007/s10489-024-06098-2,http://dx.doi.org/10.1007/s10489-024-06098-2,,,,,,,,,,,,,WOS:001380874200005,View Full Record in Web of Science
C,"Mandlekar, A; Garrett, C; Xu, DF; Fox, D",,"Tan, J; Toussaint, M; Darvish, K",,"Mandlekar, Ajay; Garrett, Caelan; Xu, Danfei; Fox, Dieter",,,Human-In-The-Loop Task and Motion Planning for Imitation Learning,"CONFERENCE ON ROBOT LEARNING, VOL 229",Proceedings of Machine Learning Research,,,,7th Conference on Robot Learning (CoRL),"NOV 06-09, 2023","Atlanta, GA",,,,,,,,,,,,,,,,,,,,,,,,2640-3498,,,,,,2023,229,,,,,,,,,,,,,,,,,,,,,,,WOS:001221201503006,View Full Record in Web of Science
J,"Yang, BL; Lancaster, PE; Srinivasa, SS; Smith, JR",,,,"Yang, Boling; Lancaster, Patrick E.; Srinivasa, Siddhartha S.; Smith, Joshua R.",,,Benchmarking Robot Manipulation With the Rubik's Cube,IEEE ROBOTICS AND AUTOMATION LETTERS,,,,,,,,,,,,,,,,,,"Yang, Boling/0000-0002-6211-122X",,,,,,,,,,,,,2377-3766,,,,,APR,2020,5,2,,,,,2094,2099,,10.1109/LRA.2020.2969912,http://dx.doi.org/10.1109/LRA.2020.2969912,,,,,,,,,,,,,WOS:000526521400008,View Full Record in Web of Science
C,"Carrera, A; Palomeras, N; Hurtós, N; Kormushev, P; Carreras, M",,,IEEE,"Carrera, Arnau; Palomeras, Narcis; Hurtos, Natalia; Kormushev, Petar; Carreras, Marc",,,Learning multiple strategies to perform a valve turning with underwater currents using an I-AUV,OCEANS 2015 - GENOVA,,,,,Oceans 2015 Genova,"MAY 18-21, 2015","Ctr Congressi Genova, Genova, ITALY","MTS,IEEE,S&T Org CMRE,DLTM,ISME,Evo Log,Eco,Sea Technol,Planet,Springer,Ocean News & Technol,Reg Liguria,Comune Genova,Univ Genova",Ctr Congressi Genova,,,,,,,,"Kormushev, Petar/E-9172-2011; Palomeras, Narcis/L-6870-2014","Palomeras, Narcis/0000-0002-2266-9624; Hurtos Vilarnau, Natalia/0000-0002-6097-1939",,,,,,,,,,,,,,,978-1-4799-8737-5,,,,2015,,,,,,,,,,10.1109/OCEANS-Genova.2015.7271609,http://dx.doi.org/10.1109/OCEANS-Genova.2015.7271609,,,,,,,,,,,,,WOS:000380485500290,View Full Record in Web of Science
J,"Hu, SG; Li, MY; Xu, JW; Zhang, HR; Zhang, SH; Cui, TJ; del Hougne, P; Li, LL",,,,"Hu, Shengguo; Li, Mingyi; Xu, Jiawen; Zhang, Hongrui; Zhang, Shanghang; Cui, Tie Jun; del Hougne, Philipp; Li, Lianlin",,,Electromagnetic metamaterial agent,LIGHT-SCIENCE & APPLICATIONS,,,,,,,,,,,,,,,,,"Zhang, Lisa/AAW-9795-2021","Ruan, Hengxin/0000-0001-9394-3638",,,,,,,,,,,,,2095-5545,2047-7538,,,,JAN 1,2025,14,1,,,,,,,12,10.1038/s41377-024-01678-w,http://dx.doi.org/10.1038/s41377-024-01678-w,,,,,,,,39741131,,,,,WOS:001386695800002,View Full Record in Web of Science
C,"Clegg, A; Yu, WH; Tan, J; Liu, CK; Turk, G",,,Assoc Comp Machinery,"Clegg, Alexander; Yu, Wenhao; Tan, Jie; Liu, C. Karen; Turk, Greg",,,Learning to Dress: Synthesizing Human Dressing Motion via Deep Reinforcement Learning,SIGGRAPH ASIA'18: SIGGRAPH ASIA 2018 TECHNICAL PAPERS,,,,,11th ACM SIGGRAPH Conference and Exhibition on Computer Graphics and Interactive Techniques in Asia (SA),"DEC 04-07, 2018","Tokyo, JAPAN","ACM SIGGRAPH,Adobe Syst Inc",,,,,,,,,"Tan, Jie/IVV-5250-2023",,,,,,,,,,,,,,,,978-1-4503-6008-1,,,,2018,,,,,,,,,179,10.1145/3272127.3275048,http://dx.doi.org/10.1145/3272127.3275048,,,,,,,,,,,,,WOS:000455637100002,View Full Record in Web of Science
J,"Ishida, H; Okada, K; Inaba, M",,,,"Ishida, Hirokazu; Okada, Kei; Inaba, Masayuki",,,Classifier-Aided Maximization of Feasible-Error-Region for Robust Manipulation Learning,IEEE ROBOTICS AND AUTOMATION LETTERS,,,,,,,,,,,,,,,,,,"Ishida, Hirokazu/0000-0002-7356-0290",,,,,,,,,,,,,2377-3766,,,,,JUL,2021,6,3,,,,,5753,5760,,10.1109/LRA.2021.3073883,http://dx.doi.org/10.1109/LRA.2021.3073883,,,,,,,,,,,,,WOS:000663515500005,View Full Record in Web of Science
C,"Ferreira, M; Rocha, L; Costa, P; Moreira, AP",,"Neto, P; Moreira, AP",,"Ferreira, Marcos; Rocha, Luis; Costa, Paulo; Moreira, A. Paulo",,,Stereoscopic Vision System for Human Gesture Tracking and Robot Programming by Demonstration,ROBOTICS IN SMART MANUFACTURING,Communications in Computer and Information Science,,,,International Workshop on Robotics in Smart Manufacturing (WRSM 2013) / 23rd International Conference on Flexible Automation and Intelligent Manufacturing (FAIM 2013),"JUN 26-28, 2013","Porto, PORTUGAL","Univ Porto, Fac Engn,INESCTEC Porto,Portuguese Robot Soc,ROBOPLAN Robot Experts,Univ Coimbra,Univ Coimbra, Mech Engn Res Ctr",,,,,,,,,"Costa, Pedro/L-4108-2014; Moreira, Antonio Paulo/B-1842-2013","Costa, Paulo/0000-0002-4846-271X; Rocha, Luis F./0000-0002-8680-4290; Moreira, Antonio Paulo/0000-0001-8573-3147",,,,,,,,,,,,,1865-0929,1865-0937,978-3-642-39222-1,,,,2013,371,,,,,,82,90,,,,,,,,,,,,,,,,WOS:000325381300008,View Full Record in Web of Science
J,"Gabler, V; Wollherr, D",,,,"Gabler, Volker; Wollherr, Dirk",,,Bayesian optimization with unknown constraints in graphical skill models for compliant manipulation tasks using an industrial robot,FRONTIERS IN ROBOTICS AND AI,,,,,,,,,,,,,,,,,"Wollherr, Dirk/C-3925-2011","Gabler, Volker/0000-0002-9915-213X",,,,,,,,,,,,,2296-9144,,,,,OCT 14,2022,9,,,,,,,,993359,10.3389/frobt.2022.993359,http://dx.doi.org/10.3389/frobt.2022.993359,,,,,,,,36313253,,,,,WOS:000877198300001,View Full Record in Web of Science
J,"Ribeiro, RVP; Maximiliano, J; Barreiro, G; Gastal, OHD; Machado, PS; Marcelino, LP; Bosi, HR; Zanin, EM; Cavazzola, LT",,,,"Ribeiro, Roberto Vanin Pinto; Maximiliano, Joao; Barreiro, Guilherme; de Souza Gastal, Olavo Haas; Machado, Pauline Simas; Marcelino, Luciano Paludo; Bosi, Henrique Rasia; Zanin, Eduardo Madalosso; Cavazzola, Leandro Totti",,,Acquisition of robotic surgical skills does not require laparoscopic training: a randomized controlled trial,SURGICAL ENDOSCOPY AND OTHER INTERVENTIONAL TECHNIQUES,,,,,,,,,,,,,,,,,"Cavazzola, Leandro/G-1305-2015; Madalosso Zanin, Eduardo/AAJ-3979-2021","Ribeiro, Roberto Vanin Pinto/0000-0003-0906-0539; Madalosso Zanin, Eduardo/0000-0002-9283-5253",,,,,,,,,,,,,0930-2794,1432-2218,,,,OCT,2022,36,10,,,,,7325,7333,,10.1007/s00464-022-09118-9,http://dx.doi.org/10.1007/s00464-022-09118-9,,JUN 2022,,,,,,35676543,,,,,WOS:000807899300001,View Full Record in Web of Science
J,"Zhai, XQ; Jiang, L; Wu, HM; Zheng, HC; Liu, D; Wu, XY; Xu, ZH; Zhou, XF",,,,"Zhai, Xueqian; Jiang, Li; Wu, Hongmin; Zheng, Haochen; Liu, Dong; Wu, Xinyu; Xu, Zhihao; Zhou, Xuefeng",,,Learning Target-Directed Skill and Variable Impedance Control From Interactive Demonstrations for Robot-Assisted Soft Tissue Puncture Tasks,IEEE TRANSACTIONS ON AUTOMATION SCIENCE AND ENGINEERING,,,,,,,,,,,,,,,,,"wu, xinyu/KRQ-4615-2024","Xu, Zhihao/0000-0003-1344-9731",,,,,,,,,,,,,1545-5955,1558-3783,,,,2024 JUN 26,2024,,,,,,,,,,10.1109/TASE.2024.3418018,http://dx.doi.org/10.1109/TASE.2024.3418018,,JUN 2024,,,,,,,,,,,WOS:001258759200001,View Full Record in Web of Science
C,"Chen, DP; He, JL; Chen, GY; Yu, XP; He, ML; Yang, YW; Li, JS; Zhou, XY",,,IEEE,"Chen, Dingping; He, Jilin; Chen, Guanyu; Yu, Xiaopeng; He, Miaolei; Yang, Youwen; Li, Junsong; Zhou, Xuanyi",,,Human-robot skill transfer systems for mobile robot based on multi sensor fusion,2020 29TH IEEE INTERNATIONAL CONFERENCE ON ROBOT AND HUMAN INTERACTIVE COMMUNICATION (RO-MAN),IEEE RO-MAN,,,,29th IEEE International Conference on Robot and Human Interactive Communication (IEEE RO-MAN),"AUG 31-SEP 04, 2020",ELECTR NETWORK,"IEEE,IEEE Robot & Automat Soc,Robot Soc Japan,Korean Robot Soc,Furhat Robot,EurAi,Assoc Italiana Lingusitica Computazionale,Assoc Italiana Scienze Voce,Springer,Robotics",,,,,,,,,"Yu, Xiaopeng/W-9679-2019; Chen, Guanyu/U-6514-2019; he, jilin/JEP-0002-2023; ZHOU, Xuanyi/N-1033-2015","Zhou, Xuanyi/0000-0001-9584-9426",,,,,,,,,,,,,1944-9445,,978-1-7281-6075-7,,,,2020,,,,,,,1354,1359,,,,,,,,,,,,,,,,WOS:000598571700197,View Full Record in Web of Science
C,"Steffen, J; Oztop, E; Ritter, H",,,IEEE,"Steffen, Jan; Oztop, Erhan; Ritter, Helge",,,Structured Unsupervised Kernel Regression for Closed-loop Motion Control,IEEE/RSJ 2010 INTERNATIONAL CONFERENCE ON INTELLIGENT ROBOTS AND SYSTEMS (IROS 2010),IEEE International Conference on Intelligent Robots and Systems,,,,IEEE/RSJ International Conference on Intelligent Robots and Systems,"OCT 18-22, 2010","Taipei, TAIWAN",,,,,,,,,,"Oztop, Erhan/K-8111-2012","Oztop, Erhan/0000-0002-3051-6038",,,,,,,,,,,,,2153-0858,,978-1-4244-6675-7,,,,2010,,,,,,,75,80,,10.1109/IROS.2010.5651216,http://dx.doi.org/10.1109/IROS.2010.5651216,,,,,,,,,,,,,WOS:000287672001068,View Full Record in Web of Science
C,"Grossard, M",,,,"Grossard, M.",,,Robust Decentralized Control of a Fully Actuated Robot Hand,IFAC PAPERSONLINE,,,,,15th IFAC Symposium on Information Control Problems in Manufacturing,"MAY 11-13, 2015","Ottawa, CANADA",,,,,,,,,,,,,,,,,,,,,,,,2405-8963,,,,,,2015,48,3,,,,,2176,2182,,10.1016/j.ifacol.2015.06.411,http://dx.doi.org/10.1016/j.ifacol.2015.06.411,,,,,,,,,,,,,WOS:000375804100363,View Full Record in Web of Science
J,"Ranieri, F; Pellegrino, G; Ciancio, AL; Musumeci, G; Noce, E; Insola, A; Balzani, LAD; Di Lazzaro, V; Di Pino, G",,,,"Ranieri, Federico; Pellegrino, Giovanni; Ciancio, Anna Lisa; Musumeci, Gabriella; Noce, Emiliano; Insola, Angelo; Balzani, Lorenzo Alirio Diaz; Di Lazzaro, Vincenzo; Di Pino, Giovanni",,,Sensorimotor integration within the primary motor cortex by selective nerve fascicle stimulation,JOURNAL OF PHYSIOLOGY-LONDON,,,,,,,,,,,,,,,,,"musumeci, gabriella/AAC-1299-2019; Ranieri, Federico/K-6993-2016; Di Lazzaro, Vincenzo/L-3731-2018; Di Pino, Giovanni/J-8254-2018; Pellegrino, Giovanni/K-5328-2016","Ciancio, Anna Lisa/0000-0003-0488-0546; Ranieri, Federico/0000-0001-6530-1857; Di Lazzaro, Vincenzo/0000-0002-9113-5925; Di Pino, Giovanni/0000-0001-5046-5816; diaz balzani, lorenzo alirio/0000-0003-4268-5186; musumeci, gabriella/0000-0001-9403-7389; Pellegrino, Giovanni/0000-0002-1195-1421",,,,,,,,,,,,,0022-3751,1469-7793,,,,MAR,2022,600,6,,,,,1497,1514,,10.1113/JP282259,http://dx.doi.org/10.1113/JP282259,,JAN 2022,,,,,,34921406,,,,,WOS:000741643700001,View Full Record in Web of Science
C,"Orsula, A; Bogh, S; Olivares-Mendez, M; Martinez, C",,,IEEE,"Orsula, Andrej; Bogh, Simon; Olivares-Mendez, Miguel; Martinez, Carol",,,Learning to Grasp on the Moon from 3D Octree Observations with Deep Reinforcement Learning,2022 IEEE/RSJ INTERNATIONAL CONFERENCE ON INTELLIGENT ROBOTS AND SYSTEMS (IROS),IEEE International Conference on Intelligent Robots and Systems,,,,IEEE/RSJ International Conference on Intelligent Robots and Systems (IROS),"OCT 23-27, 2022","Kyoto, JAPAN","IEEE,Royal Soc Japan,IEEE Robot & Automat Soc,IES,SICE,New Technol Fdn",,,,,,,,,"Bøgh, Simon/J-1526-2012","Orsula, Andrej/0000-0003-0706-1191",,,,,,,,,,,,,2153-0858,,978-1-6654-7927-1,,,,2022,,,,,,,4112,4119,,10.1109/IROS47612.2022.9981661,http://dx.doi.org/10.1109/IROS47612.2022.9981661,,,,,,,,,,,,,WOS:000908368203021,View Full Record in Web of Science
C,"Chen, YP; Wu, TH; Wang, SJ; Feng, XD; Jiang, JC; McAleer, SM; Dong, H; Lu, ZQ; Zhu, SC; Yang, YD",,"Koyejo, S; Mohamed, S; Agarwal, A; Belgrave, D; Cho, K; Oh, A",,"Chen, Yuanpei; Wu, Tianhao; Wang, Shengjie; Feng, Xidong; Jiang, Jiechuan; McAleer, Stephen Marcus; Dong, Hao; Lu, Zongqing; Zhu, Song-Chun; Yang, Yaodong",,,Towards Human-Level Bimanual Dexterous Manipulation with Reinforcement Learning,ADVANCES IN NEURAL INFORMATION PROCESSING SYSTEMS 35 (NEURIPS 2022),Advances in Neural Information Processing Systems,,,,36th Conference on Neural Information Processing Systems (NeurIPS),"NOV 28-DEC 09, 2022",ELECTR NETWORK,,,,,,,,,,"Wu, Tianhao/AAF-9168-2020",,,,,,,,,,,,,,1049-5258,,978-1-7138-7108-8,,,,2022,,,,,,,,,,,,,,,,,,,,,,,,WOS:001215469509001,View Full Record in Web of Science
C,"Nasiriany, S; Gao, T; Mandlekar, A; Zhu, YK",,"Liu, K; Kulic, D; Ichnowski, J",,"Nasiriany, Soroush; Gao, Tian; Mandlekar, Ajay; Zhu, Yuke",,,Learning and Retrieval from Prior Data for Skill-based Imitation Learning,"CONFERENCE ON ROBOT LEARNING, VOL 205",Proceedings of Machine Learning Research,,,,6th Conference on Robot Learning (CoRL),"DEC 14-18, 2022","Auckland, NEW ZEALAND",,,,,,,,,,,,,,,,,,,,,,,,2640-3498,,,,,,2022,205,,,,,,2181,2204,,,,,,,,,,,,,,,,WOS:001232393400186,View Full Record in Web of Science
J,"Hasson, CJ; Goodman, SE",,,,"Hasson, Christopher J.; Goodman, Sarah E.",,,Learning to shape virtual patient locomotor patterns: internal representations adapt to exploit interactive dynamics,JOURNAL OF NEUROPHYSIOLOGY,,,,,,,,,,,,,,,,,,,,,,,,,,,,,,,0022-3077,1522-1598,,,,JAN,2019,121,1,,,,,321,335,,10.1152/jn.00408.2018,http://dx.doi.org/10.1152/jn.00408.2018,,,,,,,,30403561,,,,,WOS:000456448200025,View Full Record in Web of Science
C,"Grossard, M; Felippe, G; Hamon, G; Martin, J",,,IEEE,"Grossard, Mathieu; Felippe, Gabriel; Hamon, Guillaume; Martin, Javier",,,Force Sensing Strategy for the Backdrivable and Dexterous CEA Hand,2013 16TH INTERNATIONAL CONFERENCE ON ADVANCED ROBOTICS (ICAR),,,,,16th International Conference on Advanced Robotics (ICAR),"NOV 25-29, 2013","Univ Republica, Montevideo, URUGUAY","Univ Republica, Fac Ingn,IEEE",Univ Republica,,,,,,,,,,,,,,,,,,,,,,,,978-1-4799-2722-7,,,,2013,,,,,,,,,,,,,,,,,,,,,,,,WOS:000349898600106,View Full Record in Web of Science
J,"Funabashi, S; Isobe, T; Fei, HY; Hiramoto, A; Schmitz, A; Sugano, S; Ogata, T",,,,"Funabashi, Satoshi; Isobe, Tomoki; Fei Hongyi; Hiramoto, Atsumu; Schmitz, Alexander; Sugano, Shigeki; Ogata, Tetsuya",,,Multi-Fingered In-Hand Manipulation With Various Object Properties Using Graph Convolutional Networks and Distributed Tactile Sensors,IEEE ROBOTICS AND AUTOMATION LETTERS,,,,,,,,,,,,,,,,,"Schmitz, Alexander/AAB-1238-2020","Ogata, Tetsuya/0000-0001-7015-0379; Schmitz, Alexander/0000-0002-8962-771X",,,,,,,,,,,,,2377-3766,,,,,APR,2022,7,2,,,,,2102,2109,,10.1109/LRA.2022.3142417,http://dx.doi.org/10.1109/LRA.2022.3142417,,,,,,,,,,,,,WOS:000748560800023,View Full Record in Web of Science
J,"Thuruthel, TG; Hughes, J; Iida, F",,,,"Thuruthel, Thomas George; Hughes, Josie; Iida, Fumiya",,,Joint Entropy-Based Morphology Optimization of Soft Strain Sensor Networks for Functional Robustness,IEEE SENSORS JOURNAL,,,,,,,,,,,,,,,,,"Iida, Fumiya/D-3258-2012; Thuruthel, Thomas/K-8559-2019","Hughes, Josie/0000-0001-8410-3565; Iida, Fumiya/0000-0001-9246-7190; George Thuruthel, Thomas/0000-0003-0571-1672",,,,,,,,,,,,,1530-437X,1558-1748,,,,SEP 15,2020,20,18,,,,,10801,10810,,10.1109/JSEN.2020.2995237,http://dx.doi.org/10.1109/JSEN.2020.2995237,,,,,,,,,,,,,WOS:000575389000050,View Full Record in Web of Science
C,"Arrais, R; Veiga, G; Ribeiro, TT; Oliveira, D; Fernandes, R; Conceiçao, AGS; Farias, PCMA",,"Oliveira, PM; Novais, P; Reis, LP",,"Arrais, Rafael; Veiga, Germano; Ribeiro, Tiago T.; Oliveira, Daniel; Fernandes, Ramon; Conceicao, Andre Gustavo S.; Farias, P. C. M. A.",,,Application of the Open Scalable Production System to Machine Tending of Additive Manufacturing Operations by a Mobile Manipulator,"PROGRESS IN ARTIFICIAL INTELLIGENCE, PT II",Lecture Notes in Artificial Intelligence,,,,19th EPIA Conference on Artificial Intelligence (EPIA),"SEP 03-06, 2019","Univ Tras Os Montes & Alto Douro, Vila Real, PORTUGAL","Soc Experimental Mech,Portuguese Assoc Artificial Intelligence,SISCOG",Univ Tras Os Montes & Alto Douro,,,,,,,,"Arrais, Rafael/U-8223-2019; Fernandes, Ramon/LPP-7063-2024; Farias, Paulo/AAY-1854-2021; Ribeiro, Tiago/JXN-3428-2024; Veiga, Germano/D-1288-2012; Scolari Conceicao, Andre Gustavo/I-2874-2013","Veiga, Germano/0000-0003-3044-6938; Scolari Conceicao, Andre Gustavo/0000-0001-8124-6253; Arrais, Rafael/0000-0003-0532-9115; Farias, Paulo/0000-0002-8423-4933; Fernandes, Ramon/0000-0002-6680-631X; Oliveira, Daniel/0000-0002-6874-0027",,,,,,,,,,,,,2945-9133,1611-3349,978-3-030-30244-3; 978-3-030-30243-6,,,,2019,11805,,,,,,345,356,,10.1007/978-3-030-30244-3_29,http://dx.doi.org/10.1007/978-3-030-30244-3_29,,,,,,,,,,,,,WOS:000772691000029,View Full Record in Web of Science
J,"Bonanno, L; Russo, M; Bramanti, A; Calabrò, RS; Marino, S",,,,"Bonanno, Lilla; Russo, Margherita; Bramanti, Alessia; Calabro, Rocco Salvatore; Marino, Silvia",,,Functional connectivity in multiple sclerosis after robotic rehabilitative treatment A case report,MEDICINE,,,,,,,,,,,,,,,,,"Marino, Silvia/T-5118-2019; Bramanti, Alessia/AGE-3236-2022; Russo, Margherita/AAB-8735-2019; Calabrò, Rocco/K-7520-2016; Bonanno, Lilla/K-3937-2016","Marino, Silvia/0000-0002-1088-6808; calabro, rocco salvatore/0000-0002-8566-3166; Bonanno, Lilla/0000-0002-0282-405X; Bramanti, Alessia/0000-0002-5247-9901",,,,,,,,,,,,,0025-7974,1536-5964,,,,APR,2019,98,17,,,,,,,e15047,10.1097/MD.0000000000015047,http://dx.doi.org/10.1097/MD.0000000000015047,,,,,,,,31027053,,,,,WOS:000467337400004,View Full Record in Web of Science
C,"Chu, V; Thomaz, AL",,,ACM,"Chu, Vivian; Thomaz, Andrea L.",,,Learning and Grounding Haptic Affordances Using Demonstration and Human-Guided Exploration,ELEVENTH ACM/IEEE INTERNATIONAL CONFERENCE ON HUMAN ROBOT INTERACTION (HRI'16),ACM IEEE International Conference on Human-Robot Interaction,,,,11th ACM/IEEE International Conference on Human-Robot Interaction (HRI),"MAR 07-10, 2016","Christchurch, NEW ZEALAND","ACM,IEEE,ACM SIGCHI,ACM SIGAI,IEEE Robot & Automat Soc,HFES,AAAI,ACM SIGART",,,,,,,,,,,,,,,,,,,,,,,2167-2121,2167-2148,978-1-4673-8369-1,,,,2016,,,,,,,605,606,,,,,,,,,,,,,,,,WOS:000389809100153,View Full Record in Web of Science
C,"Xie, M; Handa, A; Tyree, S; Fox, D; Ravichandar, H; Ratliff, N; Van Wyk, K",,"Liu, K; Kulic, D; Ichnowski, J",,"Xie, Mandy; Handa, Ankur; Tyree, Stephen; Fox, Dieter; Ravichandar, Harish; Ratliff, Nathan; Van Wyk, Karl",,,Neural Geometric Fabrics: Efficiently Learning High-Dimensional Policies from Demonstrations,"CONFERENCE ON ROBOT LEARNING, VOL 205",Proceedings of Machine Learning Research,,,,6th Conference on Robot Learning (CoRL),"DEC 14-18, 2022","Auckland, NEW ZEALAND",,,,,,,,,,,,,,,,,,,,,,,,2640-3498,,,,,,2022,205,,,,,,1355,1367,,,,,,,,,,,,,,,,WOS:001232393400113,View Full Record in Web of Science
J,"Toner, T; Tilbury, DM; Barton, K",,,,"Toner, Tyler; Tilbury, Dawn M.; Barton, Kira",,,PRF: A Program Reuse Framework for Automated Programming by Learning from Existing Robot Programs,ROBOTICS,,,,,,,,,,,,,,,,,,"Barton, Kira/0000-0003-1047-8078",,,,,,,,,,,,,,2218-6581,,,,AUG,2024,13,8,,,,,,,118,10.3390/robotics13080118,http://dx.doi.org/10.3390/robotics13080118,,,,,,,,,,,,,WOS:001304652800001,View Full Record in Web of Science
C,"Romero, JA; Salazar, ER; De la Cruz, EI; Moreno, GP; Mollocana, JD",,"Yang, XS; Sherratt, S; Dey, N; Joshi, A",,"Romero, Jonathan A.; Salazar, Edgar R.; De la Cruz, Edgar, I; Moreno, Geovanny P.; Mollocana, Jessica D.",,,Hardware in the Loop of an Omnidirectional Vehicle Using Augmented Reality,"PROCEEDINGS OF SIXTH INTERNATIONAL CONGRESS ON INFORMATION AND COMMUNICATION TECHNOLOGY (ICICT 2021), VOL 2",Lecture Notes in Networks and Systems,,,,6th International Congress on Information and Communication Technology (ICICT),"FEB 25-26, 2021",ELECTR NETWORK,Global Knowledge Res Fdn,,,,,,,,,"Salazar, Roberto/MGA-1854-2025","Romero Lopez, Jonathan Alexis/0000-0001-9043-2357; Mollocana Jimenez, Jessica Daniela/0000-0003-1100-7681; Salazar Achig, Roberto/0000-0003-4770-1181",,,,,,,,,,,,,2367-3370,2367-3389,978-981-16-2380-6; 978-981-16-2379-0,,,,2022,236,,,,,,911,922,,10.1007/978-981-16-2380-6_80,http://dx.doi.org/10.1007/978-981-16-2380-6_80,,,,,,,,,,,,,WOS:000767962400079,View Full Record in Web of Science
J,"Koch, P; Rawal, P; Töpfer, N; Hass, T; Böhlmann, C; Hintze, W",,,,"Koch, Philip; Rawal, Parth; Toepfer, Nico; Hass, Tim; Boehlmann, Christian; Hintze, Wolfgang",,,Modular lightweight robot system for aircraft production using a generic OPC UA skill concept,PRODUCTION ENGINEERING-RESEARCH AND DEVELOPMENT,,,,,,,,,,,,,,,,,,"Koch, Philip/0000-0003-0075-7196; Rawal, Parth/0000-0001-8469-5783; Topfer, Nico/0000-0002-4398-3399; Hass, Tim/0000-0003-2362-8960",,,,,,,,,,,,,0944-6524,1863-7353,,,,APR,2023,17,2,,,SI,,329,339,,10.1007/s11740-023-01183-w,http://dx.doi.org/10.1007/s11740-023-01183-w,,MAR 2023,,,,,,,,,,,WOS:000950075000002,View Full Record in Web of Science
C,"Damgaard, MR; Pedersen, R; Hansen, KD; Bak, T",,,,"Damgaard, Malte R.; Pedersen, Rasmus; Hansen, Karl D.; Bak, Thomas",,,Control of Wall Mounting Robot: Practical Implementation and Experiments,IFAC PAPERSONLINE,,,,,21st IFAC World Congress on Automatic Control - Meeting Societal Challenges,"JUL 11-17, 2020",ELECTR NETWORK,"Int Federat Automat Control,Siemens,Bayer,ABB,MathWorks,Phoenix Contact,Ifak Technol,Berlin Heart,Elsevier,De Gruyter,Tele Medi GmbH",,,,,,,,,"Pedersen, Rasmus/AAN-5795-2020; Bak, Thomas/A-2029-2011; Hansen, Karl Damkjaer/F-6735-2011","Bak, Thomas/0000-0002-8282-5932; Hansen, Karl Damkjaer/0000-0002-2473-8638",,,,,,,,,,,,,2405-8963,,,,,,2020,53,2,,,,,10025,10030,,10.1016/j.ifacol.2020.12.2722,http://dx.doi.org/10.1016/j.ifacol.2020.12.2722,,,,,,,,,,,,,WOS:000652593100199,View Full Record in Web of Science
C,"Lindorfer, R; Froschauer, R",,,IEEE,"Lindorfer, Rene; Froschauer, Roman",,,Towards user-oriented programming of skill-based Automation Systems using a domain-specific Meta-Modeling Approach,2019 IEEE 17TH INTERNATIONAL CONFERENCE ON INDUSTRIAL INFORMATICS (INDIN),IEEE International Conference on Industrial Informatics INDIN,,,,17th IEEE International Conference on Industrial Informatics (INDIN),"JUL 22-25, 2019","Aalto Univ, FINLAND","Inst Elect & Elect Engineers,Tampere Univ,Finnish Soc Automat,IEEE Ind Elect Soc",Aalto Univ,,,,,,,,,"Lindorfer, Rene/0000-0001-9571-3932; Froschauer, Roman/0000-0001-6952-285X",,,,,,,,,,,,,1935-4576,,978-1-7281-2927-3,,,,2019,,,,,,,655,660,,10.1109/indin41052.2019.8972318,http://dx.doi.org/10.1109/indin41052.2019.8972318,,,,,,,,,,,,,WOS:000529510400097,View Full Record in Web of Science
J,"Deng, XT; Jiang, JN; Cheng, W; Yang, CG; Li, M",,,,"Deng, Xutian; Jiang, Junnan; Cheng, Wen; Yang, Chenguang; Li, Miao",,,Learning Freehand Ultrasound Through Multimodal Representation and Skill Adaptation,IEEE TRANSACTIONS ON AUTOMATION SCIENCE AND ENGINEERING,,,,,,,,,,,,,,,,,"Deng, Xutian/GQQ-9691-2022; Yang, Chenguang/AAJ-2509-2020",,,,,,,,,,,,,,1545-5955,1558-3783,,,,2024 JUN 24,2024,,,,,,,,,,10.1109/TASE.2024.3416827,http://dx.doi.org/10.1109/TASE.2024.3416827,,JUN 2024,,,,,,,,,,,WOS:001258834100001,View Full Record in Web of Science
C,"Dornhege, C; Kleiner, A",,,IEEE,"Dornhege, Christian; Kleiner, Alexander",,,Behavior maps for online planning of obstacle negotiation and climbing on rough terrain,"2007 IEEE/RSJ INTERNATIONAL CONFERENCE ON INTELLIGENT ROBOTS AND SYSTEMS, VOLS 1-9",,,,,IEEE/RSJ International Conference on Intelligent Robots and Systems,"OCT 29-NOV 02, 2007","San Diego, CA","IEEE,RSJ",,,,,,,,,"Kleiner, Alexander/J-6357-2012",,,,,,,,,,,,,,,,978-1-4244-0912-9,,,,2007,,,,,,,3011,3017,,,,,,,,,,,,,,,,WOS:000254073202022,View Full Record in Web of Science
C,"Dave, V; Rueckert, E",,,IEEE,"Dave, Vedant; Rueckert, Elmar",,,Predicting full-arm grasping motions from anticipated tactile responses,2022 IEEE-RAS 21ST INTERNATIONAL CONFERENCE ON HUMANOID ROBOTS (HUMANOIDS),IEEE-RAS International Conference on Humanoid Robots,,,,IEEE-RAS 21st International Conference on Humanoid Robots (Humanoids),"NOV 28-30, 2022","Ginowan, JAPAN","IEEE,IEEE Robot & Automat Soc",,,,,,,,,,"Rueckert, Elmar/0000-0003-1221-8253",,,,,,,,,,,,,2164-0572,,979-8-3503-0979-9,,,,2022,,,,,,,464,471,,,,,,,,,,,,,,,,WOS:000925894300061,View Full Record in Web of Science
J,"Mohammed, MQ; Kwek, LC; Chua, SC; Al-Dhaqm, A; Nahavandi, S; Eisa, TAE; Miskon, MF; Al-Mhiqani, MN; Ali, A; Abaker, M; Alandoli, EA",,,,"Mohammed, Marwan Qaid; Kwek, Lee Chung; Chua, Shing Chyi; Al-Dhaqm, Arafat; Nahavandi, Saeid; Eisa, Taiseer Abdalla Elfadil; Miskon, Muhammad Fahmi; Al-Mhiqani, Mohammed Nasser; Ali, Abdulalem; Abaker, Mohammed; Alandoli, Esmail Ali",,,Review of Learning-Based Robotic Manipulation in Cluttered Environments,SENSORS,,,,,,,,,,,,,,,,,"Abaker, Mohammed/JCO-4538-2023; Alandoli, Esmail/AAP-5804-2020; ALI, ABDULALEM/KPY-1975-2024; Nahavandi, Saeid/AAE-5536-2022; razak, shukor/F-5651-2011; Kwek, Lee Chung/AGW-6824-2022; Al-Mhiqani, Mohammed Nasser/U-6601-2017; Mohammed, Marwan/ABD-9171-2020","Aldhaqm, Dr.Arafat/0000-0002-0729-2654; Al-Mhiqani, Mohammed Nasser/0000-0002-8802-487X; Chua, Shing Chyi/0000-0002-2452-500X; Alandoli, Esmail Ali/0000-0002-1132-6095; Ali, Abdulalem/0000-0001-5542-5952; Mohammed, Marwan/0000-0001-9734-6267; Kwek, Lee Chung/0000-0003-1242-5084; Abaker, Mohammed/0000-0001-8546-9470",,,,,,,,,,,,,,1424-8220,,,,OCT,2022,22,20,,,,,,,7938,10.3390/s22207938,http://dx.doi.org/10.3390/s22207938,,,,,,,,36298284,,,,,WOS:000873549500001,View Full Record in Web of Science
J,"Wang, Y; Beltran-Hernandez, CC; Wan, WW; Harada, K",,,,"Wang, Yan; Beltran-Hernandez, Cristian C.; Wan, Weiwei; Harada, Kensuke",,,An Adaptive Imitation Learning Framework for Robotic Complex Contact-Rich Insertion Tasks,FRONTIERS IN ROBOTICS AND AI,,,,,,,,,,,,,,,,,"Beltran-Hernandez, Cristian/AAS-2713-2021; Wan, Weiwei/M-3333-2016; Harada, Kensuke/M-3376-2016","Wan, Weiwei/0000-0002-0058-2819; Harada, Kensuke/0000-0002-7576-756X; Beltran-Hernandez, Cristian Camilo/0000-0002-1134-009X",,,,,,,,,,,,,2296-9144,,,,,JAN 11,2022,8,,,,,,,,777363,10.3389/frobt.2021.777363,http://dx.doi.org/10.3389/frobt.2021.777363,,,,,,,,35087872,,,,,WOS:000748035200001,View Full Record in Web of Science
C,"Palm, R; Iliev, B",,,IEEE,"Palm, Rainer; Iliev, Boyko",,,Programming-by-Demonstration of Robot Skills using Fuzzy-Time-Modeling,"IEEE INTERNATIONAL CONFERENCE ON SYSTEMS, MAN AND CYBERNETICS (SMC 2010)",IEEE International Conference on Systems Man and Cybernetics Conference Proceedings,,,,"IEEE International Conference on Systems, Man and Cybernetics","OCT 10-13, 2010","Istanbul, TURKEY",IEEE,,,,,,,,,,,,,,,,,,,,,,,1062-922X,,978-1-4244-6588-0,,,,2010,,,,,,,,,,,,,,,,,,,,,,,,WOS:000295015300024,View Full Record in Web of Science
J,"Yin, Y; Zheng, P; Li, CX; Wan, K",,,,"Yin, Yue; Zheng, Pai; Li, Chengxi; Wan, Ke",,,Enhancing human-guided robotic assembly: AR-assisted DT for skill-based and low-code programming,JOURNAL OF MANUFACTURING SYSTEMS,,,,,,,,,,,,,,,,,"Li, Chengxi/CAG-9066-2022; ZHENG, PAI/K-7989-2012","Li, Chengxi/0000-0003-1921-7448; ZHENG, PAI/0000-0002-2329-8634",,,,,,,,,,,,,0278-6125,1878-6642,,,,JUN,2024,74,,,,,,676,689,,10.1016/j.jmsy.2024.04.016,http://dx.doi.org/10.1016/j.jmsy.2024.04.016,,MAY 2024,,,,,,,,,,,WOS:001237856600001,View Full Record in Web of Science
C,"Pertsch, K; Lee, Y; Wu, Y; Lim, JJ",,"Faust, A; Hsu, D; Neumann, G",,"Pertsch, Karl; Lee, Youngwoon; Wu, Yue; Lim, Joseph J.",,,Demonstration-Guided Reinforcement Learning with Learned Skills,"CONFERENCE ON ROBOT LEARNING, VOL 164",Proceedings of Machine Learning Research,,,,5th Conference on Robot Learning (CoRL),"NOV 08-11, 2021","London, ENGLAND",,,,,,,,,,,,,,,,,,,,,,,,2640-3498,,,,,,2021,164,,,,,,729,739,,,,,,,,,,,,,,,,WOS:001234872300066,View Full Record in Web of Science
C,"Stulp, F; Raiola, G; Hoarau, A; Ivaldi, S; Sigaud, O",,,IEEE,"Stulp, Freek; Raiola, Gennaro; Hoarau, Antoine; Ivaldi, Serena; Sigaud, Olivier",,,Learning Compact Parameterized Skills with a Single Regression,2013 13TH IEEE-RAS INTERNATIONAL CONFERENCE ON HUMANOID ROBOTS (HUMANOIDS),IEEE-RAS International Conference on Humanoid Robots,,,,13th IEEE-RAS International Conference on Humanoid Robots (Humanoids),"OCT 15-17, 2013","Atlanta, GA",IEEE RAS,,,,,,,,,,,,,,,,,,,,,,,2164-0572,,978-1-4799-2619-0,,,,2013,,,,,,,417,422,,,,,,,,,,,,,,,,WOS:000396584300062,View Full Record in Web of Science
J,"Asif, S; Bueno, M; Ferreira, P; Anandan, P; Zhang, Z; Yao, Y; Ragunathan, G; Tinkler, L; Sotoodeh-Bahraini, M; Lohse, N; Webb, P; Hutabarat, W; Tiwari, A",,,,"Asif, Seemal; Bueno, Mikel; Ferreira, Pedro; Anandan, Paul; Zhang, Ze; Yao, Yue; Ragunathan, Gautham; Tinkler, Lloyd; Sotoodeh-Bahraini, Masoud; Lohse, Niels; Webb, Phil; Hutabarat, Windo; Tiwari, Ashutosh",,,Rapid and automated configuration of robot manufacturing cells,ROBOTICS AND COMPUTER-INTEGRATED MANUFACTURING,,,,,,,,,,,,,,,,,"Lohse, Niels/AAB-6597-2021; Hutabarat, Windo/A-9605-2009; Bahraini, Seyed/AAM-6504-2020","Lohse, Niels/0000-0001-7279-8849; Sotoodeh Bahraini, Seyed Masoud/0000-0002-3692-2168; Asif, Seemal/0000-0001-7048-0183; Tinkler, Lloyd/0000-0002-8275-3967; Bueno, Mikel/0000-0002-1330-5087",,,,,,,,,,,,,0736-5845,1879-2537,,,,APR,2025,92,,,,,,,,102862,10.1016/j.rcim.2024.102862,http://dx.doi.org/10.1016/j.rcim.2024.102862,,SEP 2024,,,,,,,,,,,WOS:001309585700001,View Full Record in Web of Science
C,"Manschitz, S; Kober, J; Gienger, M; Peters, J",,,IEEE,"Manschitz, Simon; Kober, Jens; Gienger, Michael; Peters, Jan",,,Learning to Sequence Movement Primitives from Demonstrations,2014 IEEE/RSJ INTERNATIONAL CONFERENCE ON INTELLIGENT ROBOTS AND SYSTEMS (IROS 2014),IEEE International Conference on Intelligent Robots and Systems,,,,IEEE/RSJ International Conference on Intelligent Robots and Systems (IROS),"SEP 14-18, 2014","Chicago, IL","IEEE,Robot Soc Japan,RA,SICE,IES,New Technol Fdn",,,,,,,,,"Peters, Jan/D-5068-2009; Kober, Jens/I-9119-2017","Kober, Jens/0000-0001-7257-5434",,,,,,,,,,,,,2153-0858,,978-1-4799-6934-0,,,,2014,,,,,,,4414,4421,,,,,,,,,,,,,,,,WOS:000349834604079,View Full Record in Web of Science
J,"Heuss, L; Gebauer, D; Reinhart, G",,,,"Heuss, Lisa; Gebauer, Daniel; Reinhart, Gunther",,,Concept for the automated adaption of abstract planning domains for specific application cases in skills-based industrial robotics,JOURNAL OF INTELLIGENT MANUFACTURING,,,,,,,,,,,,,,,,,,"Gebauer, Daniel/0000-0001-7757-0261",,,,,,,,,,,,,0956-5515,1572-8145,,,,DEC,2024,35,8,,,SI,,4233,4258,,10.1007/s10845-023-02211-3,http://dx.doi.org/10.1007/s10845-023-02211-3,,OCT 2023,,,,,,,,,,,WOS:001082490000001,View Full Record in Web of Science
C,"Samarawickramal, K; Sharmal, G; Angleraud, A; Pieters, R",,,IEEE,"Samarawickramal, Kulunu; Sharmal, Gaurang; Angleraud, Alexandre; Pieters, Roel",,,6D Assembly Pose Estimation by Point Cloud Registration for Robotic Manipulation,"2024 IEEE 20TH INTERNATIONAL CONFERENCE ON AUTOMATION SCIENCE AND ENGINEERING, CASE 2024",IEEE International Conference on Automation Science and Engineering,,,,IEEE 20th International Conference on Automation Science and Engineering (CASE),"AUG 28-SEP 01, 2024","Bari, ITALY",IEEE,,,,,,,,,,"Pieters, Roel/0000-0001-6728-304X",,,,,,,,,,,,,2161-8070,,979-8-3503-5851-3; 979-8-3503-5852-0,,,,2024,,,,,,,846,853,,10.1109/CASE59546.2024.10711374,http://dx.doi.org/10.1109/CASE59546.2024.10711374,,,,,,,,,,,,,WOS:001361783100107,View Full Record in Web of Science
C,"Spitzer, F; Lindorfer, R; Froschauer, R; Hofmann, M; Ikeda, M",,,IEEE,"Spitzer, Fabian; Lindorfer, Rene; Froschauer, Roman; Hofmann, Michael; Ikeda, Markus",,,A generic Approach for the Industrial Application of Skill-based Engineering using OPC UA,2020 25TH IEEE INTERNATIONAL CONFERENCE ON EMERGING TECHNOLOGIES AND FACTORY AUTOMATION (ETFA),IEEE International Conference on Emerging Technologies and Factory Automation-ETFA,,,,25th IEEE International Conference on Emerging Technologies and Factory Automation (ETFA),"SEP 08-11, 2020","Vienna, AUSTRIA","Inst Elect & Elect Engineers,IEEE Ind Elect Soc,TU Wien, Inst Comp Technol",,,,,,,,,,"Ikeda, Markus/0000-0001-6754-5783; Lindorfer, Rene/0000-0001-9571-3932; Froschauer, Roman/0000-0001-6952-285X",,,,,,,,,,,,,1946-0740,1946-0759,978-1-7281-8956-7,,,,2020,,,,,,,1667,1674,,,,,,,,,,,,,,,,WOS:000627406500262,View Full Record in Web of Science
C,"Müller, R; Vette, M; Mailahn, O",,"Soderberg, R",,"Mueller, Rainer; Vette, Matthias; Mailahn, Ortwin",,,Process-oriented task assignment for assembly processes with human-robot interaction,6TH CIRP CONFERENCE ON ASSEMBLY TECHNOLOGIES AND SYSTEMS (CATS),Procedia CIRP,,,,6th CIRP Conference on Assembly Technologies and Systems (CATS),"MAY 16-18, 2016","Chalmers Univ Technol, Wingquist Lab, Gothenburg, SWEDEN",CIRP,"Chalmers Univ Technol, Wingquist Lab",,,,,,,,,,,,,,,,,,,,,,2212-8271,,,,,,2016,44,,,,,,210,215,,10.1016/j.procir.2016.02.080,http://dx.doi.org/10.1016/j.procir.2016.02.080,,,,,,,,,,,,,WOS:000376432200035,View Full Record in Web of Science
C,"Zhang, DP; Ikeura, R; Mori, Y",,,IEEE,"Zhang, Dapeng; Ikeura, Ryojun; Mori, Yuki",,,Motion Reproduction by Human Demonstration Based on Discrete Hidden Markov Model for Nursing-care Assistant Robot,"2014 IEEE INTERNATIONAL CONFERENCE ON SYSTEMS, MAN AND CYBERNETICS (SMC)",IEEE International Conference on Systems Man and Cybernetics Conference Proceedings,,,,"IEEE International Conference on Systems, Man, and Cybernetics (SMC)","OCT 05-08, 2014","San Diego, CA",IEEE,,,,,,,,,"Ikeura, Ryojun/R-6625-2019; zhang, yiheng/HQZ-1831-2023",,,,,,,,,,,,,,1062-922X,,978-1-4799-3840-7,,,,2014,,,,,,,842,846,,,,,,,,,,,,,,,,WOS:000370963700143,View Full Record in Web of Science
C,"Rana, K; Xu, M; Tidd, B; Milford, M; Sünderhauf, N",,"Liu, K; Kulic, D; Ichnowski, J",,"Rana, Krishan; Xu, Ming; Tidd, Brendan; Milford, Michael; Sunderhauf, Niko",,,Residual Skill Policies: Learning an Adaptable Skill-based Action Space for Reinforcement Learning for Robotics,"CONFERENCE ON ROBOT LEARNING, VOL 205",Proceedings of Machine Learning Research,,,,6th Conference on Robot Learning (CoRL),"DEC 14-18, 2022","Auckland, NEW ZEALAND",,,,,,,,,,"Milford, Michael/J-1304-2012; Rana, Krishan/KBQ-0122-2024; Tidd, Brendan/GOV-3383-2022",,,,,,,,,,,,,,2640-3498,,,,,,2022,205,,,,,,2095,2104,,,,,,,,,,,,,,,,WOS:001232393400178,View Full Record in Web of Science
J,"Cho, NJ; Lee, SH; Suh, IH; Kim, HS",,,,"Cho, Nam Jun; Lee, Sang Hyoung; Suh, Il Hong; Kim, Hong-Seok",,,Relationship Between the Order for Motor Skill Transfer and Motion Complexity in Reinforcement Learning,IEEE ROBOTICS AND AUTOMATION LETTERS,,,,,,,,,,,,,,,,,,"CHO, NAMJUN/0000-0002-1969-8344",,,,,,,,,,,,,2377-3766,,,,,APR,2019,4,2,,,,,293,300,,10.1109/LRA.2018.2889026,http://dx.doi.org/10.1109/LRA.2018.2889026,,,,,,,,,,,,,WOS:000456652300003,View Full Record in Web of Science
C,"Shi, ZX; Luo, J",,,IEEE,"Shi, Zhixuan; Luo, Jing",,,A Teleoperation Framework for Upper Limb Rehabilitation Based on Improved Dynamic Movement Primitives and Hybrid Control,"2024 8TH INTERNATIONAL CONFERENCE ON ROBOTICS AND AUTOMATION SCIENCES, ICRAS 2024",International Conference on Robotics and Automation Sciences ICRAS,,,,8th International Conference on Robotics and Automation Sciences (ICRAS),"JUN 21-23, 2024","Tokyo, JAPAN",IEEE,,,,,,,,,,,,,,,,,,,,,,,2694-3514,,979-8-3503-5251-1; 979-8-3503-5250-4,,,,2024,,,,,,,114,121,,10.1109/ICRAS62427.2024.10654484,http://dx.doi.org/10.1109/ICRAS62427.2024.10654484,,,,,,,,,,,,,WOS:001345812100019,View Full Record in Web of Science
C,"Heuss, L; Reinhart, G",,,IEEE,"Heuss, Lisa; Reinhart, Gunther",,,Integration of Autonomous Task Planning into Reconfigurable Skill -Based Industrial Robots,2020 25TH IEEE INTERNATIONAL CONFERENCE ON EMERGING TECHNOLOGIES AND FACTORY AUTOMATION (ETFA),IEEE International Conference on Emerging Technologies and Factory Automation-ETFA,,,,25th IEEE International Conference on Emerging Technologies and Factory Automation (ETFA),"SEP 08-11, 2020","Vienna, AUSTRIA","Inst Elect & Elect Engineers,IEEE Ind Elect Soc,TU Wien, Inst Comp Technol",,,,,,,,,,,,,,,,,,,,,,,1946-0740,1946-0759,978-1-7281-8956-7,,,,2020,,,,,,,1289,1292,,,,,,,,,,,,,,,,WOS:000627406500196,View Full Record in Web of Science
J,"Julian, RC; Heiden, E; He, ZP; Zhang, HJ; Schaal, S; Lim, JJ; Sukhatme, GS; Hausman, K",,,,"Julian, Ryan C.; Heiden, Eric; He, Zhanpeng; Zhang, Hejia; Schaal, Stefan; Lim, Joseph J.; Sukhatme, Gaurav S.; Hausman, Karol",,,Scaling simulation-to-real transfer by learning a latent space of robot skills,INTERNATIONAL JOURNAL OF ROBOTICS RESEARCH,,,,,,,,,,,,,,,,,"Heiden, Eric/LXA-6432-2024",,,,,,,,,,,,,,0278-3649,1741-3176,,,,SEP,2020,39,10-11,,,SI,,1259,1278,278364920944474,10.1177/0278364920944474,http://dx.doi.org/10.1177/0278364920944474,,AUG 2020,,,,,,,,,,,WOS:000562408200001,View Full Record in Web of Science
C,"Ganapathi, A; Florence, P; Varley, J; Burns, K; Goldberg, K; Zeng, A",,,IEEE,"Ganapathi, Aditya; Florence, Pete; Varley, Jake; Burns, Kaylee; Goldberg, Ken; Zeng, Andy",,,Implicit Kinematic Policies: Unifying Joint and Cartesian Action Spaces in End-to-End Robot Learning,2022 IEEE INTERNATIONAL CONFERENCE ON ROBOTICS AND AUTOMATION (ICRA 2022),,,,,IEEE International Conference on Robotics and Automation (ICRA),"MAY 23-27, 2022","Philadelphia, PA","IEEE,IEEE Robot & Automat Soc",,,,,,,,,,,,,,,,,,,,,,,,,978-1-7281-9681-7,,,,2022,,,,,,,2656,2662,,10.1109/ICRA46639.2022.9812165,http://dx.doi.org/10.1109/ICRA46639.2022.9812165,,,,,,,,,,,,,WOS:000941265701111,View Full Record in Web of Science
J,"Outón, JL; Villaverde, I; Herrero, H; Esnaola, U; Sierra, B",,,,"Outon, Jose Luis; Villaverde, Ivan; Herrero, Hector; Esnaola, Urko; Sierra, Basilio",,,Innovative Mobile Manipulator Solution for Modern Flexible Manufacturing Processes,SENSORS,,,,,,,,,,,,,,,,,"Sierra, Basilio/AAX-9544-2020; Outón Méndez, Jose Luis/AFF-6092-2022; Herrero, Hector/JYP-9763-2024; Sierra, Basilio/L-3160-2014; Villaverde, Ivan/D-6146-2013","Sierra, Basilio/0000-0001-8062-9332; Outon Mendez, Jose Luis/0000-0001-8268-4562; Herrero, Hector/0000-0002-3372-0288; Villaverde, Ivan/0000-0001-6119-8987",,,,,,,,,,,,,,1424-8220,,,,DEC 2,2019,19,24,,,,,,,5414,10.3390/s19245414,http://dx.doi.org/10.3390/s19245414,,,,,,,,31835307,,,,,WOS:000517961400077,View Full Record in Web of Science
J,"Ding, GW; Liu, YB; Zang, XZ; Zhang, XH; Liu, GF; Zhao, J",,,,"Ding, Guanwen; Liu, Yubin; Zang, Xizhe; Zhang, Xuehe; Liu, Gangfeng; Zhao, Jie",,,A Task-Learning Strategy for Robotic Assembly Tasks from Human Demonstrations,SENSORS,,,,,,,,,,,,,,,,,"; Liu, Gangfeng/S-5546-2016","Zhang, Xuehe/0000-0001-8138-2802; Ding, Guanwen/0000-0002-3400-3037; Liu, Gangfeng/0000-0003-0078-0281",,,,,,,,,,,,,,1424-8220,,,,OCT,2020,20,19,,,,,,,5505,10.3390/s20195505,http://dx.doi.org/10.3390/s20195505,,,,,,,,32992888,,,,,WOS:000586578100001,View Full Record in Web of Science
C,"Miyahsita, Y; Kataoka, H; Nakamura, A",,,IEEE,"Miyahsita, Yudai; Kataoka, Hirokatsu; Nakamura, Akio",,,Appearance-based Proficiency Evaluation of Micro-operation Skill in Removing Individual Habit,2015 54TH ANNUAL CONFERENCE OF THE SOCIETY OF INSTRUMENT AND CONTROL ENGINEERS OF JAPAN (SICE),,,,,2015 54th Annual Conference of the Society of Instrument and Control Engineers of Japan (SICE),"JUL 28-30, 2015","Hangzhou, PEOPLES R CHINA",,,,,,,,,,"Kataoka, Hirokatsu/M-4282-2016","Kataoka, Hirokatsu/0000-0001-8844-165X",,,,,,,,,,,,,,,978-4-9077-6448-7,,,,2015,,,,,,,54,59,,,,,,,,,,,,,,,,WOS:000380615700203,View Full Record in Web of Science
J,"Fragaszy, DM; Deputte, B; Cooper, EJ; Colbert-White, EN; Hémery, C",,,,"Fragaszy, Dorothy M.; Deputte, Bertrand; Cooper, Elizabeth Johnson; Colbert-White, Erin N.; Hemery, Claire",,,When and How Well Can Human-Socialized Capuchins Match Actions Demonstrated by a Familiar Human?,AMERICAN JOURNAL OF PRIMATOLOGY,,,,,,,,,,,,,,,,,,,,,,,,,,,,,,,0275-2565,1098-2345,,,,JUL,2011,73,7,,,,,643,654,,10.1002/ajp.20941,http://dx.doi.org/10.1002/ajp.20941,,,,,,,,21412814,,,,,WOS:000291548000005,View Full Record in Web of Science
C,"Lin, HI; Lee, CSG",,,IEEE,"Lin, Hsien-I; Lee, C. S. George",,,Understanding Robot Motor Capability using Information-Theory-Based Approach,2009 IEEE-RSJ INTERNATIONAL CONFERENCE ON INTELLIGENT ROBOTS AND SYSTEMS,,,,,IEEE RSJ International Conference on Intelligent Robots and Systems,"OCT 10-15, 2009","St Louis, MO","IEEE Robot & Automat Soc (RA),Robot Soc Japan (RSJ),Soc Instruments & Control Engn,IEEE Ind Elect Soc,Inst Control, Robot & Syst Korea,ABB,Barrett Technol, Inc,Willow Garage,ROBOTIS,Aldebaran Robot",,,,,,,,,"Lin, Hsien-I/GPW-8803-2022","Lin, Hsien-I/0000-0002-6195-3353",,,,,,,,,,,,,,,978-1-4244-3803-7,,,,2009,,,,,,,3101,3106,,10.1109/IROS.2009.5354332,http://dx.doi.org/10.1109/IROS.2009.5354332,,,,,,,,,,,,,WOS:000285372901194,View Full Record in Web of Science
B,"Kumar, D; Silva, AN; Thakor, NV",,"Thakor, NV",,"Kumar, Deepesh; Silva, Andrei Nakagawa; Thakor, Nitish V.",,,Neuromorphic Tactile Sensing and Encoding,HANDBOOK OF NEUROENGINEERING,,,,,,,,,,,,,,,,,"Thakor, Nitish/A-5878-2008; Kumar, Deepesh/N-6312-2019",,,,,,,,,,,,,,,,978-981-16-5540-1; 978-981-16-5539-5,,,,2023,,,,,,,1609,1634,,10.1007/978-981-16-5540-1_117,http://dx.doi.org/10.1007/978-981-16-5540-1_117,,,,,,,,,,,,,WOS:001071176501020,View Full Record in Web of Science
J,"Malik, AA; Bilberg, A",,,,"Malik, Ali Ahmad; Bilberg, Arne",,,Complexity-based task allocation in human-robot collaborative assembly,INDUSTRIAL ROBOT-THE INTERNATIONAL JOURNAL OF ROBOTICS RESEARCH AND APPLICATION,,,,,,,,,,,,,,,,,"Malik, Ali Ahmad/M-4502-2018; Bilberg, Arne/P-4227-2018","Malik, Ali Ahmad/0000-0001-7191-3614; Bilberg, Arne/0000-0002-4780-8459",,,,,,,,,,,,,0143-991X,1758-5791,,,,,2019,46,4,,,,,471,480,,10.1108/IR-11-2018-0231,http://dx.doi.org/10.1108/IR-11-2018-0231,,,,,,,,,,,,,WOS:000485580700003,View Full Record in Web of Science
C,"Aceituno, B; Rodriguez, A; Tulsiani, S; Gupta, A; Mukadam, M",,"Faust, A; Hsu, D; Neumann, G",,"Aceituno, Bernardo; Rodriguez, Alberto; Tulsiani, Shubham; Gupta, Abhinav; Mukadam, Mustafa",,,A Differentiable Recipe for Learning Visual Non-Prehensile Planar Manipulation,"CONFERENCE ON ROBOT LEARNING, VOL 164",Proceedings of Machine Learning Research,,,,5th Conference on Robot Learning (CoRL),"NOV 08-11, 2021","London, ENGLAND",,,,,,,,,,,,,,,,,,,,,,,,2640-3498,,,,,,2021,164,,,,,,137,147,,,,,,,,,,,,,,,,WOS:001234872300013,View Full Record in Web of Science
C,"Ershad, M; Rege, R; Fey, AM",,,IEEE,"Ershad, Marzieh; Rege, Robert; Fey, Ann Majewicz",,,Automatic Surgical Skill Rating Using Stylistic Behavior Components,2018 40TH ANNUAL INTERNATIONAL CONFERENCE OF THE IEEE ENGINEERING IN MEDICINE AND BIOLOGY SOCIETY (EMBC),IEEE Engineering in Medicine and Biology Society Conference Proceedings,,,,40th Annual International Conference of the IEEE-Engineering-in-Medicine-and-Biology-Society (EMBC),"JUL 18-21, 2018","Honolulu, HI",IEEE Engn Med & Biol,,,,,,,,,,"Rege, Robert/0000-0002-6864-713X; Majewicz Fey, Ann/0000-0002-1802-6730",,,,,,,,,,,,,1557-170X,1558-4615,978-1-5386-3646-6,,,,2018,,,,,,,1829,1832,,,,,,,,,,,30440751,,,,,WOS:000596231902076,View Full Record in Web of Science
J,"Metzen, JH; Kirchner, F",,,,"Metzen, Jan H.; Kirchner, Frank",,,Incremental learning of skill collections based on intrinsic motivation,FRONTIERS IN NEUROROBOTICS,,,,,,,,,,,,,,,,,"Kirchner, Frank/P-6503-2016","Kirchner, Frank/0000-0002-1713-9784",,,,,,,,,,,,,1662-5218,,,,,,2013,7,,,,,,,,,10.3389/fnbot.2013.00011,http://dx.doi.org/10.3389/fnbot.2013.00011,,,,,,,,23898265,,,,,WOS:000209236900001,View Full Record in Web of Science
J,"Yang, ZS; Yin, KK; Liu, LB",,,,"Yang, Zeshi; Yin, Kangkang; Liu, Libin",,,Learning to Use Chopsticks in Diverse Gripping Styles,ACM TRANSACTIONS ON GRAPHICS,,,,,,,,,,,,,,,,,,"Liu, Libin/0000-0003-2280-6817",,,,,,,,,,,,,0730-0301,1557-7368,,,,JUL,2022,41,4,,,,,,,95,10.1145/3528223.3530057,http://dx.doi.org/10.1145/3528223.3530057,,,,,,,,,,,,,WOS:000830989200004,View Full Record in Web of Science
J,"Hidalgo-Carvajal, D; Chen, HZ; Bettelani, GC; Jung, JS; Zavaglia, M; Busse, L; Naceri, A; Leutenegger, S; Haddadin, S",,,,"Hidalgo-Carvajal, Diego; Chen, Hanzhi; Bettelani, Gemma C.; Jung, Jaesug; Zavaglia, Melissa; Busse, Laura; Naceri, Abdeldjallil; Leutenegger, Stefan; Haddadin, Sami",,,Anthropomorphic Grasping With Neural Object Shape Completion,IEEE ROBOTICS AND AUTOMATION LETTERS,,,,,,,,,,,,,,,,,"Busse, Laura/AAA-5375-2021","/0000-0002-8832-0978; Hidalgo Carvajal, Diego Xavier/0000-0003-2382-7089; Leutenegger, Stefan/0000-0002-7998-3737; Jung, Jaesug/0000-0003-0041-1726; Bettelani, GemmaCarolina/0000-0003-0271-5598; Busse, Laura/0000-0002-6127-7754",,,,,,,,,,,,,2377-3766,,,,,DEC,2023,8,12,,,,,8034,8041,,10.1109/LRA.2023.3322086,http://dx.doi.org/10.1109/LRA.2023.3322086,,,,,,,,,,,,,WOS:001089241600007,View Full Record in Web of Science
C,"Alhousani, N; Kose, H; Abu-Dakka, FJ",,,IEEE,"Alhousani, Naseem; Kose, Hatice; Abu-Dakka, Fares J.",,,Reinforcement Learning for Orientation on the Lie Algebra,"2023 31ST SIGNAL PROCESSING AND COMMUNICATIONS APPLICATIONS CONFERENCE, SIU",Signal Processing and Communications Applications Conference,,,,31st IEEE Conference on Signal Processing and Communications Applications (SIU),"JUL 05-08, 2023","Istanbul Tech Univ, Ayazaga Campus, Istanbul, TURKEY","IEEE,TUBITAK BILGEM,Turkcell","Istanbul Tech Univ, Ayazaga Campus",,,,,,,,"ALHOUSANI, NASEEM/JIY-6425-2023; AbuDakka, Fares/M-2085-2019; Abu-Dakka, Fares J./M-4099-2014; Kose, Hatice/C-6322-2013","ALHOUSANI, NASEEM/0000-0003-1134-0142; Abu-Dakka, Fares J./0000-0001-9062-9416; Kose, Hatice/0000-0003-4796-4766",,,,,,,,,,,,,2165-0608,,979-8-3503-4355-7,,,,2023,,,,,,,,,,10.1109/SIU59756.2023.10224004,http://dx.doi.org/10.1109/SIU59756.2023.10224004,,,,,,,,,,,,,WOS:001062571000218,View Full Record in Web of Science
J,"Liu, ZQ; Nakamura, T",,,,"Liu, Zhiqi; Nakamura, Tatsuya",,,Combination of robot control and assembly planning for a precision manipulator,INTERNATIONAL JOURNAL OF ADVANCED MANUFACTURING TECHNOLOGY,,,,,,,,,,,,,,,,,,,,,,,,,,,,,,,0268-3768,1433-3015,,,,JAN,2007,31,7-8,,,,,797,804,,10.1007/s00170-005-0232-5,http://dx.doi.org/10.1007/s00170-005-0232-5,,,,,,,,,,,,,WOS:000243053000020,View Full Record in Web of Science
C,"Hur, Y; Choi, M; Han, J",,,IEEE,"Hur, YunYoung; Choi, MiAe; Han, Jeonghye",,,Make Your Own Robots to Play and Learn with! - Robot-based Instruction Program in Korea,"RO-MAN 2009: THE 18TH IEEE INTERNATIONAL SYMPOSIUM ON ROBOT AND HUMAN INTERACTIVE COMMUNICATION, VOLS 1 AND 2",,,,,18th IEEE International Symposium on Robot and Human Interactive Communication,"SEP 27-OCT 02, 2009","Toyama, JAPAN",IEEE,,,,,,,,,,,,,,,,,,,,,,,,,978-1-4244-5080-0,,,,2009,,,,,,,475,475,,,,,,,,,,,,,,,,WOS:000279893100078,View Full Record in Web of Science
J,"Gualtieri, M; Platt, R",,,,"Gualtieri, Marcus; Platt, Robert",,,Learning Manipulation Skills via Hierarchical Spatial Attention,IEEE TRANSACTIONS ON ROBOTICS,,,,,,,,,,,,,,,,,"Platt, Robert/G-5847-2012","Gualtieri, Marcus/0000-0002-7806-2186",,,,,,,,,,,,,1552-3098,1941-0468,,,,AUG,2020,36,4,,,,,1067,1078,,10.1109/TRO.2020.2974093,http://dx.doi.org/10.1109/TRO.2020.2974093,,,,,,,,,,,,,WOS:000557702400006,View Full Record in Web of Science
C,"Kober, J; Gienger, M; Steil, JJ",,,IEEE,"Kober, Jens; Gienger, Michael; Steil, Jochen J.",,,Learning Movement Primitives for Force Interaction Tasks,2015 IEEE INTERNATIONAL CONFERENCE ON ROBOTICS AND AUTOMATION (ICRA),IEEE International Conference on Robotics and Automation ICRA,,,,IEEE International Conference on Robotics and Automation (ICRA),"MAY 26-30, 2015","Seattle, WA",IEEE,,,,,,,,,"Kober, Jens/I-9119-2017","Kober, Jens/0000-0001-7257-5434",,,,,,,,,,,,,1050-4729,2577-087X,978-1-4799-6923-4,,,,2015,,,,,,,3192,3199,,,,,,,,,,,,,,,,WOS:000370974903029,View Full Record in Web of Science
C,"Silvério, J; Rozo, L; Calinon, S; Caldwell, DG",,,IEEE,"Silverio, Joao; Rozo, Leonel; Calinon, Sylvain; Caldwell, Darwin G.",,,Learning bimanual end-effector poses from demonstrations using task-parameterized dynamical systems,2015 IEEE/RSJ INTERNATIONAL CONFERENCE ON INTELLIGENT ROBOTS AND SYSTEMS (IROS),IEEE International Conference on Intelligent Robots and Systems,,,,IEEE/RSJ International Conference on Intelligent Robots and Systems (IROS),"SEP 28-OCT 02, 2015","Hamburg, GERMANY","IEEE,RSJ,Univ Hamburg,DFG,RA,New Technol Fdn,SICE,KUKA,DJI,Rethink Robot,BOSCH,Chinese Acad Sci, SIAT,Boozhong,Adept,Automatica,HIT,Ascending Technol,OPTOFORCE,DST Robot,BA Syst,Rainbow Robot,SIA,CLEARPATH Robot,Swiss Natl Ctr Competence Res Robot,SINEVA,Dyson,SICK,Robocept,Force Dimension,Open Unit Robot,Luoyang Natl Univ Sci Park,Fuzhou Univ,Synapticon,Google,Technishce Univ Munchen,iRobot,Echord++,Khalifa Univ,Pan Robot,FESTO,Kinova Robot,SCHUNK,ies",,,,,,,,,"Caldwell, Darwin/E-9954-2018; Rozo, Leonel/HTP-2045-2023; Calinon, Sylvain/I-7606-2014","Caldwell, Darwin/0000-0002-6233-9961; CALINON, Sylvain/0000-0002-9036-6799",,,,,,,,,,,,,2153-0858,,978-1-4799-9994-1,,,,2015,,,,,,,464,470,,,,,,,,,,,,,,,,WOS:000371885400067,View Full Record in Web of Science
C,"Knaust, M; Koert, D",,,IEEE,"Knaust, Moritz; Koert, Dorothea",,,Guided Robot Skill Learning: A User-Study on Learning Probabilistic Movement Primitives with Non-Experts,PROCEEDINGS OF THE 2020 IEEE-RAS 20TH INTERNATIONAL CONFERENCE ON HUMANOID ROBOTS (HUMANOIDS 2020),IEEE-RAS International Conference on Humanoid Robots,,,,20th IEEE-RAS International Conference on Humanoid Robots (HUMANOIDS),"JUL 19-21, 2021",ELECTR NETWORK,"IEEE,IEEE Robot & Automat Soc",,,,,,,,,,,,,,,,,,,,,,,2164-0572,,978-1-7281-9372-4,,,,2021,,,,,,,514,521,,10.1109/HUMANOIDS47582.2021.9555785,http://dx.doi.org/10.1109/HUMANOIDS47582.2021.9555785,,,,,,,,,,,,,WOS:000728400200057,View Full Record in Web of Science
J,"Zhang, Y; Li, M; Yang, CG",,,,"Zhang, Ying; Li, Miao; Yang, Chenguang",,,Robot learning system based on dynamic movement primitives and neural network,NEUROCOMPUTING,,,,,,,,,,,,,,,,,"Yang, Chenguang/AAJ-2509-2020","Yang, Chenguang/0000-0001-5255-5559",,,,,,,,,,,,,0925-2312,1872-8286,,,,SEP 3,2021,451,,,,,,205,214,,10.1016/j.neucom.2021.04.034,http://dx.doi.org/10.1016/j.neucom.2021.04.034,,MAY 2021,,,,,,,,,,,WOS:000662812300003,View Full Record in Web of Science
J,"Song, CW; Liu, GF; Zhang, XH; Zang, XZ; Xu, CC; Zhao, J",,,,"Song, Caiwei; Liu, Gangfeng; Zhang, Xuehe; Zang, Xizhe; Xu, Congcong; Zhao, Jie",,,Robot complex motion learning based on unsupervised trajectory segmentation and movement primitives,ISA TRANSACTIONS,,,,,,,,,,,,,,,,,"Liu, Gangfeng/S-5546-2016","Liu, Gangfeng/0000-0003-0078-0281",,,,,,,,,,,,,0019-0578,1879-2022,,,,FEB,2020,97,,,,,,325,335,,10.1016/j.isatra.2019.08.007,http://dx.doi.org/10.1016/j.isatra.2019.08.007,,,,,,,,31395285,,,,,WOS:000525754600028,View Full Record in Web of Science
J,"Urdiales, C; Pérez, EJ; Peinado, G; Fdez-Carmona, M; Peula, JM; Annicchiarico, R; Sandoval, F; Caltagirone, C",,,,"Urdiales, Cristina; Javier Perez, Eduardo; Peinado, Gloria; Fdez-Carmona, Manuel; Peula, Jose M.; Annicchiarico, Roberta; Sandoval, Francisco; Caltagirone, Carlo",,,On the Construction of a Skill-Based Wheelchair Navigation Profile,IEEE TRANSACTIONS ON NEURAL SYSTEMS AND REHABILITATION ENGINEERING,,,,,,,,,,,,,,,,,"Annicchiarico, Roberta/L-3546-2018; Urdiales, Cristina/H-4664-2019; Sandoval, Francisco/B-4487-2016; Fernandez-Carmona, Manuel/B-9957-2018","Sandoval, Francisco/0000-0001-9235-7856; Annicchiarico, Roberta/0000-0003-0826-0280; Urdiales, Cristina/0000-0002-9251-6447; Fernandez-Carmona, Manuel/0000-0002-0512-8594; Perez Rodriguez, Eduardo Javier/0000-0002-9751-7457",,,,,,,,,,,,,1534-4320,1558-0210,,,,NOV,2013,21,6,,,,,917,927,,10.1109/TNSRE.2013.2241454,http://dx.doi.org/10.1109/TNSRE.2013.2241454,,,,,,,,23475373,,,,,WOS:000327091400006,View Full Record in Web of Science
J,"Bischoff, R; Graefe, V",,,,"Bischoff, R; Graefe, V",,,HERMES -: A versatile personal robotic assistant,PROCEEDINGS OF THE IEEE,,,,,,,,,,,,,,,,,,,,,,,,,,,,,,,0018-9219,1558-2256,,,,NOV,2004,92,11,,,,,1759,1779,,10.1109/JPROC.2004.835381,http://dx.doi.org/10.1109/JPROC.2004.835381,,,,,,,,,,,,,WOS:000224711900004,View Full Record in Web of Science
C,"Ben Amor, H; Kroemer, O; Hillenbrand, U; Neumann, G; Peters, J",,,IEEE; Robotics Society of Japan,"Ben Amor, Heni; Kroemer, Oliver; Hillenbrand, Ulrich; Neumann, Gerhard; Peters, Jan",,,Generalization of Human Grasping for Multi-Fingered Robot Hands,2012 IEEE/RSJ INTERNATIONAL CONFERENCE ON INTELLIGENT ROBOTS AND SYSTEMS (IROS),IEEE International Conference on Intelligent Robots and Systems,,,,25th IEEE\RSJ International Conference on Intelligent Robots and Systems (IROS),"OCT 07-12, 2012","Algarve, PORTUGAL","IEEE Robot & Automat Soc (RAS),IEEE Ind Elect Soc (IES),Robot Soc Japan (RSJ),Soc Instrument & Control Engineers (SICE),New technol Fdn (NTF),Inst Control, Robot & Syst,IEEE,Adept MobileRobots,Willow Garage,Aldebaran Robot,Natl Instruments,Reflexxes GmbH,Schunk Intec S L U",,,,,,,,,"Peters, Jan/D-5068-2009",,,,,,,,,,,,,,2153-0858,,978-1-4673-1736-8,,,,2012,,,,,,,2043,2050,,,,,,,,,,,,,,,,WOS:000317042702092,View Full Record in Web of Science
C,"Velasquez, A; Grimm, C; Davidson, JR",,,IEEE,"Velasquez, Alejandro; Grimm, Cindy; Davidson, Joseph R.",,,Dynamic evaluation of a suction based gripper for fruit picking using a physical twin,2024 IEEE INTERNATIONAL CONFERENCE ON ROBOTICS AND AUTOMATION (ICRA 2024),IEEE International Conference on Robotics and Automation ICRA,,,,IEEE International Conference on Robotics and Automation (ICRA),"MAY 13-17, 2024","Yokohama, JAPAN","IEEE,IEEE Robot & Automat Soc",,,,,,,,,,,,,,,,,,,,,,,1050-4729,2577-087X,979-8-3503-8458-1; 979-8-3503-8457-4,,,,2024,,,,,,,11839,11845,,10.1109/ICRA57147.2024.10611299,http://dx.doi.org/10.1109/ICRA57147.2024.10611299,,,,,,,,,,,,,WOS:001369728002058,View Full Record in Web of Science
C,"Karacan, K; Kirschner, RJ; Sadeghian, H; Wu, F; Haddadin, S",,,IEEE,"Karacan, Kubra; Kirschner, Robin Jeanne; Sadeghian, Hamid; Wu, Fan; Haddadin, Sami",,,The Inherent Representation of Tactile Manipulation Using Unified Force-Impedance Control,"2023 62ND IEEE CONFERENCE ON DECISION AND CONTROL, CDC",IEEE Conference on Decision and Control,,,,62nd IEEE Conference on Decision and Control (CDC),"DEC 13-15, 2023","IEEE Control Syst Soc, Singapore, SINGAPORE","IEEE,Soc Ind & Appl Math,Japanese Soc Instrument & Control Engineers,European Control Assoc,Shanghai Jiaotong Univ,Shandong Univ Sci & Technol,MathWorks,Harbin Engn Univ,E China Univ Sci & Technol,Nanjing Univ Informat Sci & Technol,Tongji Univ,IEEE CAA Journal Automatica Sinica,AiTEN,Franklin Open,Huazhong Univ Sci & Technol",IEEE Control Syst Soc,,,,,,,,"Wu, Fan/LJL-1864-2024","Sadeghian, Hamid/0000-0001-8390-3480; Wu, Fan/0000-0001-5051-3005",,,,,,,,,,,,,0743-1546,2576-2370,979-8-3503-0124-3,,,,2023,,,,,,,4745,4752,,10.1109/CDC49753.2023.10383326,http://dx.doi.org/10.1109/CDC49753.2023.10383326,,,,,,,,,,,,,WOS:001166433803145,View Full Record in Web of Science
C,"Piaggio, M; Fornaro, R; Piombo, A; Sanna, L; Zaccaria, R",,,IEEE,"Piaggio, M; Fornaro, R; Piombo, A; Sanna, L; Zaccaria, R",,,An optical-flow person following behaviour,JOINT CONFERENCE ON THE SCIENCE AND TECHNOLOGY OF INTELLIGENT SYSTEMS,,,,,Joint Conference on the Science and Technology of Intelligent Systems ISIC/CIRA/ISAS,"SEP 14-17, 1998","NATL INST STAND & TECHNOL, GAITHERSBURG, MD","IEEE, Control Syst Soc,Natl Sci Fdn,USA, Army Res Off",NATL INST STAND & TECHNOL,,,,,,,,"Fornaro, Rosario/H-4555-2016","Fornaro, Rosario/0000-0001-8185-1584",,,,,,,,,,,,,,,0-7803-4423-5,,,,1998,,,,,,,301,306,,10.1109/ISIC.1998.713678,http://dx.doi.org/10.1109/ISIC.1998.713678,,,,,,,,,,,,,WOS:000075973800054,View Full Record in Web of Science
C,"Goeller, M; Oberlaender, J; Uhl, K; Roennau, A; Dillmann, R",,,IEEE,"Goeller, Michael; Oberlaender, Jan; Uhl, Klaus; Roennau, Arne; Dillmann, Ruediger",,,Modular Robots for On-Orbit Satellite Servicing,2012 IEEE INTERNATIONAL CONFERENCE ON ROBOTICS AND BIOMIMETICS (ROBIO 2012),,,,,IEEE International Conference on Robotics and Biomimetics (ROBIO),"DEC 11-14, 2012","Guangzhou, PEOPLES R CHINA","IEEE,IEEE Robot & Automat Soc (RAS),S China Univ Technol (SCUT),Natl Nat Sci Fdn China (NSFC),HIT, State Key Lab Robot & Syst,IEEE Syst, Man, & Cybernet Soc (SMC),Robot Soc Japan (RSJ),Japan Soc Mech Engn (JSME),Guangdong Mech Engn Soc (GDMES)",,,,,,,,,,,,,,,,,,,,,,,,,978-1-4673-2127-3; 978-1-4673-2125-9,,,,2012,,,,,,,,,,,,,,,,,,,,,,,,WOS:000321004000339,View Full Record in Web of Science
J,"Ardilla, F; Yani, M; Saputra, AA; Chin, W; Kubota, N",,,,"Ardilla, Fernando; Yani, Mohamad; Saputra, Azhar Aulia; Chin, Weihong; Kubota, Naoyuki",,,Topological mapping based on perceiving-acting cycle in sharing cognitive environments for robot partners,COMMUNICATIONS IN INFORMATION AND SYSTEMS,,,,,,,,,,,,,,,,,"Saputra, Azhar/AAV-5762-2020; Yani, Mohamad/LMO-4109-2024","Yani, Mohamad/0000-0001-5938-4430",,,,,,,,,,,,,1526-7555,2163-4548,,,,,2022,22,4,,,,,431,458,,,,,,,,,,,,,,,,WOS:000971833800002,View Full Record in Web of Science
J,"Schillaci, G; Bodiroza, S; Hafner, VV",,,,"Schillaci, Guido; Bodiroza, Sasa; Hafner, Verena Vanessa",,,Evaluating the Effect of Saliency Detection and Attention Manipulation in Human-Robot Interaction,INTERNATIONAL JOURNAL OF SOCIAL ROBOTICS,,,,,,,,,,,,,,,,,"Bodiroža, Saša/J-1634-2015; Schillaci, Guido/AAS-5317-2020; Hafner, Verena/D-6186-2014","Schillaci, Guido/0000-0002-0975-1068; Hafner, Verena/0000-0002-9125-8466",,,,,,,,,,,,,1875-4791,1875-4805,,,,JAN,2013,5,1,,,,,139,152,,10.1007/s12369-012-0174-7,http://dx.doi.org/10.1007/s12369-012-0174-7,,,,,,,,,,,,,WOS:000333758400011,View Full Record in Web of Science
C,"Kobayashi, H; Yasuda, T; Suzuki, S",,,IEEE,"Kobayashi, H; Yasuda, T; Suzuki, S",,,Brain activation during a manipulative task and working memory hypothesis,2005 IEEE International Workshop on Robot and Human Interactive Communication (RO-MAN),,,,,14th IEEE Workshop on Robot and Human Interactive Communication,"AUG 13-15, 2005","Nashville, TN","IEEE Ind Elect Sovc,IEEE Syst, Man & Cybernet Soc,Rotot Soc Japan, NTF,IEEE Robot & Automat Soc",,,,,,,,,,,,,,,,,,,,,,,,,0-7803-9274-4,,,,2005,,,,,,,611,616,,,,,,,,,,,,,,,,WOS:000234339400101,View Full Record in Web of Science
J,"Aly, A; Griffiths, S; Stramandinoli, F",,,,"Aly, Amir; Griffiths, Sascha; Stramandinoli, Francesca",,,Metrics and benchmarks in human-robot interaction: Recent advances in cognitive robotics,COGNITIVE SYSTEMS RESEARCH,,,,,,,,,,,,,,,,,,"Aly, Amir/0000-0001-5169-0679",,,,,,,,,,,,,2214-4366,1389-0417,,,,JUN,2017,43,,,,,,313,323,,10.1016/j.cogsys.2016.06.002,http://dx.doi.org/10.1016/j.cogsys.2016.06.002,,,,,,,,,,,,,WOS:000402461200025,View Full Record in Web of Science
C,"Arbo, MH; Pane, Y; Aertbeliën, E; Decré, W",,"Reveliotis, S; Cappelleri, D; Dimarogonas, DV; Dotoli, M; Fanti, MP; Li, J; Lucena, V; Seatu, C; Xie, X; Zhu, K",,"Arbo, Mathias Hauan; Pane, Yudha; Aertbelien, Erwin; Decre, Wilm",,,A System Architecture for Constraint-Based Robotic Assembly with CAD Information,2018 IEEE 14TH INTERNATIONAL CONFERENCE ON AUTOMATION SCIENCE AND ENGINEERING (CASE),IEEE International Conference on Automation Science and Engineering,,,,14th IEEE International Conference on Automation Science and Engineering (IEEE CASE),"AUG 20-24, 2018","Tech Univ Munich, Munich, GERMANY",IEEE,Tech Univ Munich,,,,,,,,"Aertbelien, Erwin/L-5547-2018","Aertbelien, Erwin/0000-0002-4514-0934; Pane, Yudha Prawira/0000-0003-0246-5605; Decre, Wilm/0000-0002-9724-8103",,,,,,,,,,,,,2161-8070,,978-1-5386-3593-3,,,,2018,,,,,,,690,696,,,,,,,,,,,,,,,,WOS:000460536600112,View Full Record in Web of Science
J,"Li, FM; Jiang, Q; Quan, W; Cai, SB; Song, R; Li, YB",,,,"Li, Fengming; Jiang, Qi; Quan, Wei; Cai, Shibo; Song, Rui; Li, Yibin",,,Manipulation Skill Acquisition for Robotic Assembly Based on Multi-Modal Information Description,IEEE ACCESS,,,,,,,,,,,,,,,,,,,,,,,,,,,,,,,2169-3536,,,,,,2020,8,,,,,,6282,6294,,10.1109/ACCESS.2019.2934174,http://dx.doi.org/10.1109/ACCESS.2019.2934174,,,,,,,,,,,,,WOS:000524682100043,View Full Record in Web of Science
J,"Li, ZW; Zhang, EZ; Zhai, B; Li, BC",,,,"Li, Ziwen; Zhang, Enzheng; Zhai, Bin; Li, Bingchen",,,Master-Slave Arm Heterogeneous Mapping With Link Pose Constraint in Teleoperation System,IEEE ACCESS,,,,,,,,,,,,,,,,,"bingchen, Li/CCT-3425-2022","Zhang, Enzheng/0000-0002-6276-7878; li, ziwen/0000-0003-4963-4234",,,,,,,,,,,,,2169-3536,,,,,,2022,10,,,,,,107202,107213,,10.1109/ACCESS.2022.3213054,http://dx.doi.org/10.1109/ACCESS.2022.3213054,,,,,,,,,,,,,WOS:000868713300001,View Full Record in Web of Science
J,"Yu, HR; Kamat, VR; Menassa, CC",,,,"Yu, Hongrui; Kamat, Vineet R.; Menassa, Carol C.",,,Cloud-Based Hierarchical Imitation Learning for Scalable Transfer of Construction Skills from Human Workers to Assisting Robots,JOURNAL OF COMPUTING IN CIVIL ENGINEERING,,,,,,,,,,,,,,,,,"Yu, Hongrui/JTV-2334-2023","Kamat, Vineet/0000-0003-0788-5588",,,,,,,,,,,,,0887-3801,1943-5487,,,,JUL 1,2024,38,4,,,,,,,4024019,10.1061/JCCEE5.CPENG-5731,http://dx.doi.org/10.1061/JCCEE5.CPENG-5731,,,,,,,,,,,,,WOS:001223437500006,View Full Record in Web of Science
C,"Delhaisse, B; Esteban, D; Rozo, L; Caldwell, D",,,IEEE,"Delhaisse, Brian; Esteban, Domingo; Rozo, Leonel; Caldwell, Darwin",,,Transfer Learning of Shared Latent Spaces between Robots with Similar Kinematic Structure,2017 INTERNATIONAL JOINT CONFERENCE ON NEURAL NETWORKS (IJCNN),IEEE International Joint Conference on Neural Networks (IJCNN),,,,International Joint Conference on Neural Networks (IJCNN),"MAY 14-19, 2017","Anchorage, AK","Int Neurol Network Soc,IEEE Computat Intelligence Soc,Intel,BMI,Budapest Semester Cognit Sci",,,,,,,,,"Caldwell, Darwin/E-9954-2018; Rozo, Leonel/HTP-2045-2023","Esteban, Domingo/0000-0002-3134-0281",,,,,,,,,,,,,2161-4393,,978-1-5090-6182-2,,,,2017,,,,,,,4142,4149,,,,,,,,,,,,,,,,WOS:000426968704052,View Full Record in Web of Science
C,"Wytyczak-Partyka, A; Nikodem, J; Klempous, R; Rozenblit, J; Feng, C",,"Gelbukh, A; Morales, EF",,"Wytyczak-Partyka, Andrzej; Nikodem, Jan; Klempous, Ryszard; Rozenblit, Jerzy; Feng, Chuan",,,Computer-Guided Laparoscopic Training with Application of a Fuzzy Expert System,"MICAI 2008: ADVANCES IN ARTIFICIAL INTELLIGENCE, PROCEEDINGS",Lecture Notes in Artificial Intelligence,,,,7th Mexican International Conference on Artificial Intelligence (MICAI 2008),"OCT 27-31, 2008","Atizapan de Zaragoza, MEXICO","Mexican Soc Artificial Intelligence,Tecnol Monterrey, Campus Estado Mexico",,,,,,,,,"KLEMPOUS, RYSZARD/ABC-2636-2020","KLEMPOUS, RYSZARD/0000-0003-4889-0930",,,,,,,,,,,,,0302-9743,1611-3349,978-3-540-88635-8,,,,2008,5317,,,,,,965,+,,,,,,,,,,,,,,,,WOS:000261873400091,View Full Record in Web of Science
J,"Djezairi, S; Razika, BZ; Akli, I; Bouzouia, B",,,,"Djezairi, Salim; Razika, Boushaki Zamoum; Akli, Isma; Bouzouia, Brahim",,,Layered task planning for mobile manipulators,COMPUTERS & ELECTRICAL ENGINEERING,,,,,,,,,,,,,,,,,"akli, isma/AAT-2637-2020","akli, isma/0000-0002-2332-0213",,,,,,,,,,,,,0045-7906,1879-0755,,,,OCT,2019,79,,,,,,,,106464,10.1016/j.compeleceng.2019.106464,http://dx.doi.org/10.1016/j.compeleceng.2019.106464,,,,,,,,,,,,,WOS:000492799200018,View Full Record in Web of Science
C,"Kim, S; Hirokawa, M; Matsuda, S; Funahashi, A; Suzuki, K",,"Ge, SS; Cabibihan, JJ; Salichs, MA; Broadbent, E; He, H; Wagner, AR; CastroGonzalez, A",,"Kim, SunKyoung; Hirokawa, Masakazu; Matsuda, Soichiro; Funahashi, Atsushi; Suzuki, Kenji",,,Smiles of Children with ASD May Facilitate Helping Behaviors to the Robot,"SOCIAL ROBOTICS, ICSR 2018",Lecture Notes in Artificial Intelligence,,,,10th International Conference on Social Robotics (ICSR),"NOV 28-30, 2018","Qingdao, PEOPLES R CHINA",,,,,,,,,,"Matsuda, Soichiro/ABD-6897-2021; Kim, SunKyoung/GQO-7748-2022","Suzuki, Kenji/0000-0003-1736-5404; Kim, SunKyoung/0000-0003-1868-3797; Matsuda, Soichiro/0000-0002-9257-2502; Hirokawa, Masakazu/0000-0002-6129-3674",,,,,,,,,,,,,0302-9743,1611-3349,978-3-030-05204-1; 978-3-030-05203-4,,,,2018,11357,,,,,,55,64,,10.1007/978-3-030-05204-1_6,http://dx.doi.org/10.1007/978-3-030-05204-1_6,,,,,,,,,,,,,WOS:000775457300006,View Full Record in Web of Science
C,"Short, ES; Allevato, A; Thomaz, AL",,,IEEE,"Short, Elaine Schaertl; Allevato, Adam; Thomaz, Andrea L.",,,SAIL: Simulation-Informed Active In-the-Wild Learning,HRI '19: 2019 14TH ACM/IEEE INTERNATIONAL CONFERENCE ON HUMAN-ROBOT INTERACTION,ACM IEEE International Conference on Human-Robot Interaction,,,,14th ACM/IEEE International Conference on Human-Robot Interaction (HRI),"MAR 11-14, 2019","Daegu, SOUTH KOREA","Assoc Comp Machinery,IEEE,IEEE Robot & Automat Soc,ACM SIGCHI,ACM SIGAI,AAAI,Korea Tourism Org,Daegu Convent & Visitors Bur,ColorfulDaegu",,,,,,,,,"Short, Elaine/KHV-5933-2024","Short, Elaine/0000-0002-4789-9979",,,,,,,,,,,,,2167-2121,2167-2148,978-1-5386-8555-6,,,,2019,,,,,,,468,477,,10.1109/hri.2019.8673019,http://dx.doi.org/10.1109/hri.2019.8673019,,,,,,,,,,,,,WOS:000467295400066,View Full Record in Web of Science
C,"Huang, XY; Batra, D; Rai, A; Szot, A",,,IEEE,"Huang, Xiaoyu; Batra, Dhruv; Rai, Akshara; Szot, Andrew",,,Skill Transformer: A Monolithic Policy for Mobile Manipulation,2023 IEEE/CVF INTERNATIONAL CONFERENCE ON COMPUTER VISION (ICCV 2023),IEEE International Conference on Computer Vision,,,,IEEE/CVF International Conference on Computer Vision (ICCV),"OCT 02-06, 2023","Paris, FRANCE","IEEE,IEEE Comp Soc,CVF",,,,,,,,,"xiaoyu, huang/AGA-4275-2022",,,,,,,,,,,,,,1550-5499,,979-8-3503-0718-4,,,,2023,,,,,,,10818,10828,,10.1109/ICCV51070.2023.00996,http://dx.doi.org/10.1109/ICCV51070.2023.00996,,,,,,,,,,,,,WOS:001169499003026,View Full Record in Web of Science
J,"Yang, CG; Zeng, C; Liang, PD; Li, ZJ; Li, RF; Su, CY",,,,"Yang, Chenguang; Zeng, Chao; Liang, Peidong; Li, Zhijun; Li, Ruifeng; Su, Chun-Yi",,,Interface Design of a Physical Human-Robot Interaction System for Human Impedance Adaptive Skill Transfer,IEEE TRANSACTIONS ON AUTOMATION SCIENCE AND ENGINEERING,,,,,,,,,,,,,,,,,"Li, Zhijun/ACT-9992-2022; Yang, Chenguang/AAJ-2509-2020; Su, Chun-Yi/AAF-6064-2019","Yang, Chenguang/0000-0001-5255-5559",,,,,,,,,,,,,1545-5955,1558-3783,,,,JAN,2018,15,1,,,,,329,340,,10.1109/TASE.2017.2743000,http://dx.doi.org/10.1109/TASE.2017.2743000,,,,,,,,,,,,,WOS:000419498100026,View Full Record in Web of Science
C,"Herrero, H; Pacheco, R; Alberdi, N; Rumayor, M; Sallé, D; de Ipiña, KL",,"Haase, J; Kakarountas, A; Grana, M; Fraile-Ardanuy, J; Debono, CJ; Quintian, H; Corchado, E",,"Herrero, Hector; Pacheco, Raquel; Alberdi, Nerea; Rumayor, Mikel; Salle, Damien; Lopez de Ipina, Karmele",,,Skills for Vision-based Applications in Robotics Application to aeronautics assembly pilot station,IEEE EUROCON 2015 - INTERNATIONAL CONFERENCE ON COMPUTER AS A TOOL (EUROCON),,,,,"International Conference on Computer as a Tool (EUROCON), IEEE","SEP 08-11, 2015","Salamanca, SPAIN","Univ Salamanca,IEEE Spanish Sect,IEEE Reg 8,Ayuntamiento Ciudad Rodrigo,Ayuntamiento Salamanca,Startup OLE,Altiria",,,,,,,,,"Herrero, Hector/JYP-9763-2024; Lopez-de-Ipina, Karmele/N-8131-2019; Lopez-de-Ipina, Karmele/K-4379-2013","Lopez-de-Ipina, Karmele/0000-0003-0742-0932",,,,,,,,,,,,,,,978-1-4799-8569-2,,,,2015,,,,,,,704,709,,,,,,,,,,,,,,,,WOS:000380463400055,View Full Record in Web of Science
J,"Toet, A; Kuling, IA; Krom, BN; van Erp, JBF",,,,"Toet, Alexander; Kuling, Irene A.; Krom, Bouke N.; van Erp, Jan B. F.",,,Toward Enhanced Teleoperation Through Embodiment,FRONTIERS IN ROBOTICS AND AI,,,,,,,,,,,,,,,,,"Kuling, Irene/ABC-4022-2021; Toet, Alexander/IXW-6437-2023; Toet, Alexander/E-6733-2016","Kuling, Irene/0000-0003-3556-0393; Toet, Alexander/0000-0003-1051-5422; van Erp, Jan/0000-0002-6511-2850",,,,,,,,,,,,,2296-9144,,,,,FEB 11,2020,7,,,,,,,,14,10.3389/frobt.2020.00014,http://dx.doi.org/10.3389/frobt.2020.00014,,,,,,,,33501183,,,,,WOS:000517500800001,View Full Record in Web of Science
J,"Zeng, C; Yang, CG; Chen, ZP; Dai, SL",,,,"Zeng, Chao; Yang, Chenguang; Chen, Zhaopeng; Dai, Shi-Lu",,,Robot learning human stiffness regulation for hybrid manufacture,ASSEMBLY AUTOMATION,,,,,,,,,,,,,,,,,"Yang, Chenguang/AAJ-2509-2020","Yang, Chenguang/0000-0001-5255-5559",,,,,,,,,,,,,0144-5154,1758-4078,,,,,2018,38,5,,,SI,,539,547,,10.1108/AA-02-2018-019,http://dx.doi.org/10.1108/AA-02-2018-019,,,,,,,,,,,,,WOS:000452702800002,View Full Record in Web of Science
J,"Liu, S; Liu, Y; Hu, LQ; Zhou, ZQ; Xie, Y; Zhao, ZL; Li, W; Gan, ZX",,,,"Liu, Siao; Liu, Yang; Hu, Linqiang; Zhou, Ziqing; Xie, Yi; Zhao, Zhile; Li, Wei; Gan, Zhongxue",,,DiffSkill: Improving Reinforcement Learning through diffusion-based skill denoiser for robotic,KNOWLEDGE-BASED SYSTEMS,,,,,,,,,,,,,,,,,"Liu, Yang/AIC-5268-2022","Liu, Yang/0000-0002-1312-0146; Zhou, Ziqing/0000-0002-0394-4934",,,,,,,,,,,,,0950-7051,1872-7409,,,,SEP 27,2024,300,,,,,,,,112190,10.1016/j.knosys.2024.112190,http://dx.doi.org/10.1016/j.knosys.2024.112190,,JUL 2024,,,,,,,,,,,WOS:001268520900001,View Full Record in Web of Science
J,"Wu, R; Zhang, H; Zhu, YH; Zang, XZ; Zhao, J",,,,"Wu, Rui; Zhang, He; Zhu, Yanhe; Zang, Xizhe; Zhao, Jie",,,Impedance adjustment for learning human variable impedance skill,MECHATRONICS,,,,,,,,,,,,,,,,,"zhu, yanhe/Q-1936-2015; Wu, Rui/AAP-2914-2020","Wu, Rui/0000-0003-0760-5101",,,,,,,,,,,,,0957-4158,,,,,NOV,2023,95,,,,,,,,103036,10.1016/j.mechatronics.2023.103036,http://dx.doi.org/10.1016/j.mechatronics.2023.103036,,AUG 2023,,,,,,,,,,,WOS:001067821100001,View Full Record in Web of Science
C,"Kertész, C; Turunen, M",,"Kheddar, A; Yoshida, E; Ge, SS; Suzuki, K; Cabibihan, JJ; Eyssel, F; He, H",,"Kertesz, Csaba; Turunen, Markku",,,What Can We Learn from the Long-Term Users of a Social Robot?,"SOCIAL ROBOTICS, ICSR 2017",Lecture Notes in Artificial Intelligence,,,,9th International Conference on Social Robotics (ICSR),"NOV 22-24, 2017","Tsukuba, JAPAN",,,,,,,,,,"Kertész, Csaba/J-1191-2014","Turunen, Markku/0000-0001-7395-0769",,,,,,,,,,,,,0302-9743,1611-3349,978-3-319-70022-9; 978-3-319-70021-2,,,,2017,10652,,,,,,657,665,,10.1007/978-3-319-70022-9_65,http://dx.doi.org/10.1007/978-3-319-70022-9_65,,,,,,,,,,,,,WOS:000449941100065,View Full Record in Web of Science
J,"Lu, ZY; Wang, N; Li, QC; Yang, CG",,,,"Lu, Zhenyu; Wang, Ning; Li, Qinchuan; Yang, Chenguang",,,A trajectory and force dual-incremental robot skill learning and generalization framework using improved dynamical movement primitives and adaptive neural network control,NEUROCOMPUTING,,,,,,,,,,,,,,,,,"lu, zhenyu/AAH-5454-2019; Yang, Chenguang/AAJ-2509-2020","Yang, Chenguang/0000-0001-5255-5559; zhenyu, lu/0000-0002-5446-7285",,,,,,,,,,,,,0925-2312,1872-8286,,,,FEB 7,2023,521,,,,,,146,159,,10.1016/j.neucom.2022.11.076,http://dx.doi.org/10.1016/j.neucom.2022.11.076,,DEC 2022,,,,,,,,,,,WOS:000905138700013,View Full Record in Web of Science
C,"Kubota, N; Arakawa, T; Fukuda, T; Shimojima, K",,,IEEE,"Kubota, N; Arakawa, T; Fukuda, T; Shimojima, K",,,Motion planning for a robotic system with structured intelligence,"1997 IEEE INTERNATIONAL SYMPOSIUM ON COMPUTATIONAL INTELLIGENCE IN ROBOTICS AND AUTOMATION - CIRA '97, PROCEEDINGS: TOWARDS NEW COMPUTATIONAL PRINCIPLES FOR ROBOTICS AND AUTOMATION",,,,,1997 IEEE International Symposium on Computational Intelligence in Robotics and Automation (CIRA 97) - Towards New Computational Principles for Robotics and Automation,"JUL 10-11, 1997","MONTEREY, CA","IEEE Robot & Automat Soc,IEEE Neural Network Council",,,,,,,,,,,,,,,,,,,,,,,,,0-8186-8138-1,,,,1997,,,,,,,60,65,,10.1109/CIRA.1997.613839,http://dx.doi.org/10.1109/CIRA.1997.613839,,,,,,,,,,,,,WOS:A1997BJ29M00011,View Full Record in Web of Science
J,"Shute, VJ; Sun, C; Asbell-Clarke, J",,,,"Shute, Valerie J.; Sun, Chen; Asbell-Clarke, Jodi",,,Demystifying computational thinking,EDUCATIONAL RESEARCH REVIEW,,,,,,,,,,,,,,,,,"Sun, Chen/IQT-8715-2023","Sun, Chen/0000-0002-7575-5091; /0000-0002-1226-6338",,,,,,,,,,,,,1747-938X,1878-0385,,,,NOV,2017,22,,,,,,142,158,,10.1016/j.edurev.2017.09.003,http://dx.doi.org/10.1016/j.edurev.2017.09.003,,,,,,,,,,,,,WOS:000418969400009,View Full Record in Web of Science
C,"Aggarwal, A; van der Burgh, MFB; Lunenburg, JJM; Appeldoorn, RPW; van Beek, LLAM; Geijsberts, J; Janssen, LGL; van Dooren, P; Messing, L; Núñez, RM; van de Molengraft, MJG",,"Eguchi, A; Lau, N; Paetzel-Prusmann, M; Wanichanon, T",,"Aggarwal, Arpit; van der Burgh, Mathijs. F. B.; Lunenburg, Janno. J. M.; Appeldoorn, Rein. P. W.; van Beek, Loy. L. A. M.; Geijsberts, Josja; Janssen, Lars. G. L.; van Dooren, Peter; Messing, Lotte; Nunez, Rodrigo Martin; van de Molengraft, M. J. G.",,,Tech United Eindhoven @Home 2022 Champions Paper,ROBOCUP 2022,Lecture Notes in Artificial Intelligence,,,,RoboCup Symposium,"JUL 17, 2022","Bangkok, THAILAND",,,,,,,,,,,,,,,,,,,,,,,,2945-9133,1611-3349,978-3-031-28468-7; 978-3-031-28469-4,,,,2023,13561,,,,,,264,275,,10.1007/978-3-031-28469-4_22,http://dx.doi.org/10.1007/978-3-031-28469-4_22,,,,,,,,,,,,,WOS:000999808100022,View Full Record in Web of Science
C,"Hertle, A; Dornhege, C",,,IEEE,"Hertle, Andreas; Dornhege, Christian",,,Efficient Extensible Path Planning on 3D Terrain Using Behavior Modules,2013 EUROPEAN CONFERENCE ON MOBILE ROBOTS (ECMR 2013),,,,,6th European Conference on Mobile Robots (ECMR),"SEP 25-27, 2013","Inst Robotica & Informatica Ind, Barcelona, SPAIN","IEEE Robot & Automat Soc,CSIC,Univ Politecnica Catalunya, BarcelonaTech",Inst Robotica & Informatica Ind,,,,,,,,,,,,,,,,,,,,,,,,978-1-4799-0263-7,,,,2013,,,,,,,94,99,,,,,,,,,,,,,,,,WOS:000330234600016,View Full Record in Web of Science
C,"Hailu, G; Sommer, G",,,IEEE,"Hailu, G; Sommer, G",,,Learning by biasing,"1998 IEEE INTERNATIONAL CONFERENCE ON ROBOTICS AND AUTOMATION, VOLS 1-4",IEEE INTERNATIONAL CONFERENCE ON ROBOTICS AND AUTOMATION,,,,IEEE International Conference on Robotics and Automation,"MAY 16-20, 1998","KATHOLIEKE UNIV LEUVEN, LEUVEN, BELGIUM","IEEE, Robot & Automat Soc,Consiglio Nazl Ric,Fund Sci Res, Flanders, Belgium,Fraunhofer Inst Produktionstechnik & Automatisier,Commiss European Communities,INRIA,BULL,CNES,DAIMLER,KUKA,MATRA,SIEMENS,TECNOSPAZIO,THOMSON-CSF",KATHOLIEKE UNIV LEUVEN,,,,,,,,,,,,,,,,,,,,,,1050-4729,,0-7803-4300-X,,,,1998,,,,,,,2168,2173,,,,,,,,,,,,,,,,WOS:000074368900345,View Full Record in Web of Science
J,"Verleysen, A; Holvoet, T; Proesmans, R; Den Haese, C; Wyffels, F",,,,"Verleysen, Andreas; Holvoet, Thomas; Proesmans, Remko; Den Haese, Cedric; Wyffels, Francis",,,Simpler Learning of Robotic Manipulation of Clothing by Utilizing DIY Smart Textile Technology,APPLIED SCIENCES-BASEL,,,,,,,,,,,,,,,,,"wyffels, Francis/HHT-0233-2022","Proesmans, Remko/0000-0002-5925-625X; Verleysen, Andreas/0000-0001-5071-5619; wyffels, Francis/0000-0002-5491-8349",,,,,,,,,,,,,,2076-3417,,,,JUN,2020,10,12,,,,,,,4088,10.3390/app10124088,http://dx.doi.org/10.3390/app10124088,,,,,,,,,,,,,WOS:000549557800001,View Full Record in Web of Science
J,"Berglund, E; Iliev, B; Palm, R; Krug, R; Charusta, K; Dimitrov, D",,,,"Berglund, E.; Iliev, B.; Palm, R.; Krug, R.; Charusta, K.; Dimitrov, D.",,,Mapping between different kinematic structures without absolute positioning during operation,ELECTRONICS LETTERS,,,,,,,,,,,,,,,,,,,,,,,,,,,,,,,0013-5194,1350-911X,,,,AUG 30,2012,48,18,,,,,1110,1111,,10.1049/el.2012.1085,http://dx.doi.org/10.1049/el.2012.1085,,,,,,,,,,,,,WOS:000308552200016,View Full Record in Web of Science
C,"Ti, BY; Gao, YS; Li, Q; Zhao, J",,,IEEE,"Ti, Boyang; Gao, Yongsheng; Li, Qiang; Zhao, Jie",,,Dynamic Movement Primitives for Movement Generation Using GMM-GMR Analytical Method,2019 IEEE 2ND INTERNATIONAL CONFERENCE ON INFORMATION AND COMPUTER TECHNOLOGIES (ICICT),,,,,2nd IEEE International Conference on Information and Computer Technologies (ICICT),"MAR 14-17, 2019","Kahului, HI",IEEE,,,,,,,,,,,,,,,,,,,,,,,,,978-1-7281-3323-2,,,,2019,,,,,,,250,254,,10.1109/infoct.2019.8711390,http://dx.doi.org/10.1109/infoct.2019.8711390,,,,,,,,,,,,,WOS:000470911500046,View Full Record in Web of Science
C,"Zhang, HK; Huang, YY; Han, W; Xiong, D; Zhang, CF; Yang, YJ",,,IEEE,"Zhang, Haoke; Huang, Yiyong; Han, Wei; Xiong, Dan; Zhang, Chuanfu; Yang, Yanjie",,,Adaptive Skill Selection for Effective Exploration of Action Space,"2024 INTERNATIONAL JOINT CONFERENCE ON NEURAL NETWORKS, IJCNN 2024",IEEE International Joint Conference on Neural Networks (IJCNN),,,,International Joint Conference on Neural Networks (IJCNN),"JUN 30-JUL 05, 2024","Yokohama, JAPAN","IEEE,IEEE Computat Intelligence Soc,Int Neural Network Soc,Ask Corp,Springer,Align,Genisama,Noeon Res,Hitachi Zosen Corp,JNNS,Japanese Soc Evolutionary Computat,IPJ,EIC,SICE,SOFT,Japanese Soc Artificial Intelligence",,,,,,,,,,,,,,,,,,,,,,,2161-4393,,979-8-3503-5932-9; 979-8-3503-5931-2,,,,2024,,,,,,,,,,10.1109/IJCNN60899.2024.10650465,http://dx.doi.org/10.1109/IJCNN60899.2024.10650465,,,,,,,,,,,,,WOS:001315691504091,View Full Record in Web of Science
C,"Hexmoor, H; Bandera, C",,,IEEE,"Hexmoor, H; Bandera, C",,,Architectural issues for integration of sensing and acting modalities,JOINT CONFERENCE ON THE SCIENCE AND TECHNOLOGY OF INTELLIGENT SYSTEMS,,,,,Joint Conference on the Science and Technology of Intelligent Systems ISIC/CIRA/ISAS,"SEP 14-17, 1998","NATL INST STAND & TECHNOL, GAITHERSBURG, MD","IEEE, Control Syst Soc,Natl Sci Fdn,USA, Army Res Off",NATL INST STAND & TECHNOL,,,,,,,,"Bandera, Cesar/B-9276-2019","Bandera, Cesar/0000-0003-3545-6561",,,,,,,,,,,,,,,0-7803-4423-5,,,,1998,,,,,,,319,324,,10.1109/ISIC.1998.713681,http://dx.doi.org/10.1109/ISIC.1998.713681,,,,,,,,,,,,,WOS:000075973800057,View Full Record in Web of Science
C,"Lee, SH; Cho, NJ; Suh, IH",,,IEEE,"Lee, Sang Hyoung; Cho, Nam Jun; Suh, Il Hong",,,Learning of Motor Skills based on Grossness and Fineness of Movements in Daily-life Tasks,2014 IEEE INTERNATIONAL CONFERENCE ON ROBOTICS AND AUTOMATION (ICRA),IEEE International Conference on Robotics and Automation ICRA,,,,IEEE International Conference on Robotics and Automation (ICRA),"MAY 31-JUN 07, 2014","Hong Kong, PEOPLES R CHINA",IEEE,,,,,,,,,,,,,,,,,,,,,,,1050-4729,2577-087X,978-1-4799-3685-4,,,,2014,,,,,,,5260,5267,,,,,,,,,,,,,,,,WOS:000377221105046,View Full Record in Web of Science
J,"Sung, W; Ahn, J; Black, JB",,,,"Sung, Woonhee; Ahn, Junghyun; Black, John B.",,,Elementary Students' Performance and Perceptions of Robot Coding and Debugging: Embodied Approach in Practice,JOURNAL OF RESEARCH IN CHILDHOOD EDUCATION,,,,,,,,,,,,,,,,,"Sung, Woonhee/KHV-5971-2024","Ahn, Junghyun/0000-0002-4736-3736",,,,,,,,,,,,,0256-8543,2150-2641,,,,AUG 8,2022,36,4,,,,,681,696,,10.1080/02568543.2022.2045399,http://dx.doi.org/10.1080/02568543.2022.2045399,,MAR 2022,,,,,,,,,,,WOS:000768710700001,View Full Record in Web of Science
J,"Prakash, R; Behera, L; Mohan, S; Jagannathan, S",,,,"Prakash, Ravi; Behera, Laxmidhar; Mohan, Santhakumar; Jagannathan, Sarangapani",,,Dynamic Trajectory Generation and a Robust Controller to Intercept a Moving Ball in a Game Setting,IEEE TRANSACTIONS ON CONTROL SYSTEMS TECHNOLOGY,,,,,,,,,,,,,,,,,"Mohan, Santhakumar/ABG-6078-2020; Prakash, Ravi/JYP-0200-2024; Behera, Laxmidhar/J-3423-2017; Mohan, Santhakumar/D-1191-2015","Sarangapani, Jagannathan/0000-0002-2310-3737; Prakash, Ravi/0000-0002-9058-434X; Behera, Laxmidhar/0000-0003-1879-5609; Mohan, Santhakumar/0000-0003-1264-990X",,,,,,,,,,,,,1063-6536,1558-0865,,,,JUL,2020,28,4,,,,,1418,1432,,10.1109/TCST.2019.2913129,http://dx.doi.org/10.1109/TCST.2019.2913129,,,,,,,,,,,,,WOS:000542930400019,View Full Record in Web of Science
C,"Yu, WH; Gileadi, N; Fu, CY; Kirmani, S; Lee, KH; Arenas, MG; Chiang, HTL; Erez, T; Hasenclever, L; Humplik, J; Ichter, B; Xiao, T; Xu, P; Zeng, A; Zhang, TN; Heess, N; Sadigh, D; Tan, J; Tassa, Y; Xia, F",,"Tan, J; Toussaint, M; Darvish, K",,"Yu, Wenhao; Gileadi, Nimrod; Fu, Chuyuan; Kirmani, Sean; Lee, Kuang-Huei; Arenas, Montse Gonzalez; Chiang, Hao-Tien Lewis; Erez, Tom; Hasenclever, Leonard; Humplik, Jan; Ichter, Brian; Xiao, Ted; Xu, Peng; Zeng, Andy; Zhang, Tingnan; Heess, Nicolas; Sadigh, Dorsa; Tan, Jie; Tassa, Yuval; Xia, Fei",,,Language to Rewards for Robotic Skill Synthesis,"CONFERENCE ON ROBOT LEARNING, VOL 229",Proceedings of Machine Learning Research,,,,7th Conference on Robot Learning (CoRL),"NOV 06-09, 2023","Atlanta, GA",,,,,,,,,,"Xu, Peng/LFU-9048-2024; Shah, Dhruv/G-9659-2016",,,,,,,,,,,,,,2640-3498,,,,,,2023,229,,,,,,,,,,,,,,,,,,,,,,,WOS:001221201500018,View Full Record in Web of Science
J,"Abicht, J; Hellmich, A; Wiese, T; Harst, S; Ihlenfeldt, S",,,,"Abicht, J.; Hellmich, A.; Wiese, T.; Harst, S.; Ihlenfeldt, S.",,,New automation solution for brownfield production - Cognitive robots for the emulation of operator capabilities,CIRP JOURNAL OF MANUFACTURING SCIENCE AND TECHNOLOGY,,,,,,,,,,,,,,,,,,,,,,,,,,,,,,,1755-5817,1878-0016,,,,JUN,2024,50,,,,,,104,112,,10.1016/j.cirpj.2024.02.007,http://dx.doi.org/10.1016/j.cirpj.2024.02.007,,FEB 2024,,,,,,,,,,,WOS:001209260800001,View Full Record in Web of Science
J,"Manschitz, S; Kober, J; Gienger, M; Peters, J",,,,"Manschitz, Simon; Kober, Jens; Gienger, Michael; Peters, Jan",,,Learning movement primitive attractor goals and sequential skills from kinesthetic demonstrations,ROBOTICS AND AUTONOMOUS SYSTEMS,,,,,,,,,,,,,,,,,"Peters, Jan/D-5068-2009; Kober, Jens/I-9119-2017","Kober, Jens/0000-0001-7257-5434",,,,,,,,,,,,,0921-8890,1872-793X,,,,DEC,2015,74,,A,,,,97,107,,10.1016/j.robot.2015.07.005,http://dx.doi.org/10.1016/j.robot.2015.07.005,,,,,,,,,,,,,WOS:000366070700009,View Full Record in Web of Science
J,"Zhang, YZ; Pezzato, C; Trevisan, E; Salmi, C; Corbato, CH; Alonso-Mora, J",,,,"Zhang, Yuezhe; Pezzato, Corrado; Trevisan, Elia; Salmi, Chadi; Corbato, Carlos Hernandez; Alonso-Mora, Javier",,,Multi-Modal MPPI and Active Inference for Reactive Task and Motion Planning,IEEE ROBOTICS AND AUTOMATION LETTERS,,,,,,,,,,,,,,,,,"Alonso-Mora, Javier/AAO-7590-2020; Hernandez Corbato, Carlos/B-1204-2018","Pezzato, Corrado/0000-0002-1835-9578; Hernandez Corbato, Carlos/0000-0001-6094-4917; Trevisan, Elia/0000-0002-2858-5894; Alonso-Mora, Javier/0000-0003-0058-570X",,,,,,,,,,,,,2377-3766,,,,,SEP,2024,9,9,,,,,7461,7468,,10.1109/LRA.2024.3426183,http://dx.doi.org/10.1109/LRA.2024.3426183,,,,,,,,,,,,,WOS:001273087700003,View Full Record in Web of Science
C,"BUSS, M; HASHIMOTO, H",,,IEEE,"BUSS, M; HASHIMOTO, H",,,HAND MANIPULATION SKILL MODELING FOR THE INTELLIGENT COOPERATIVE MANIPULATION SYSTEM-ICMS,"IROS '94 - INTELLIGENT ROBOTS AND SYSTEMS: ADVANCED ROBOTIC SYSTEMS AND THE REAL WORLD, VOLS 1-3",,,,,IEEE/RSJ/GI International Conference on Intelligent Robots and Systems - Advanced Robotic Systems and the Real World,"SEP 12-16, 1994","FED ARMED FORCES UNIV MUNICH, MUNICH, GERMANY","Gesell Informat,IEEE, Ind Electr Soc,New Technol Fdn,IEEE, Robot & Automat Soc,Robot Soc Japan,Soc Instrumentat & Control Engineers,Univ Bundeswehr Munchen,Inst Tech Intelligenter Syst,VDE VDI Gesell Mikroelektr,VDI BDE Gesell Messtechnik & Automatisierungstechnik",FED ARMED FORCES UNIV MUNICH,,,,,,,,,,,,,,,,,,,,,,,,0-7803-1933-8,,,,1994,,,,,,,1234,1241,,,,,,,,,,,,,,,,WOS:A1994BC39W00160,View Full Record in Web of Science
C,"Eitel, A; Hauff, N; Burgard, W",,,IEEE,"Eitel, Andreas; Hauff, Nico; Burgard, Wolfram",,,Self-supervised Transfer Learning for Instance Segmentation through Physical Interaction,2019 IEEE/RSJ INTERNATIONAL CONFERENCE ON INTELLIGENT ROBOTS AND SYSTEMS (IROS),IEEE International Conference on Intelligent Robots and Systems,,,,IEEE/RSJ International Conference on Intelligent Robots and Systems (IROS),"NOV 04-08, 2019","Macau, PEOPLES R CHINA","IEEE,RSJ",,,,,,,,,"Burgard, Wolfram/N-2381-2019","Hauff, Nico/0000-0002-8972-2776; Burgard, Wolfram/0000-0002-5680-6500",,,,,,,,,,,,,2153-0858,,978-1-7281-4004-9,,,,2019,,,,,,,4020,4026,,10.1109/iros40897.2019.8967915,http://dx.doi.org/10.1109/iros40897.2019.8967915,,,,,,,,,,,,,WOS:000544658403044,View Full Record in Web of Science
J,"Yan, ZC; He, W; Wang, YH; Sun, L; Yu, XB; He, W",,,,"Yan, Zichen; He, Wei; Wang, Yuanhang; Sun, Liang; Yu, Xinbo; He, Wei",,,Probabilistic Motion Prediction and Skill Learning for Human-to-Cobot Dual-Arm Handover Control,IEEE TRANSACTIONS ON NEURAL NETWORKS AND LEARNING SYSTEMS,,,,,,,,,,,,,,,,,"He, Wei/B-2355-2016; He, Wei/K-4900-2019; Sun, Liang/N-4935-2015","Zhang, Donghao/0000-0003-1513-686X; Sun, Liang/0000-0003-1107-7081",,,,,,,,,,,,,2162-237X,2162-2388,,,,JAN,2024,35,1,,,,,1192,1204,,10.1109/TNNLS.2022.3182973,http://dx.doi.org/10.1109/TNNLS.2022.3182973,,JUN 2022,,,,,,35771786,,,,,WOS:000824713900001,View Full Record in Web of Science
C,"Romero-Martínez, CE; Torres-Méndez, LA; Martínez-García, EA",,,IEEE,"Romero-Martinez, Carlos E.; Abril Torres-Mendez, L.; Martinez-Garcia, Edgar A.",,,Modeling Motor-Perceptual Behaviors to Enable Intuitive Paths in an Aquatic Robot,OCEANS 2015 - MTS/IEEE WASHINGTON,OCEANS-IEEE,,,,OCEANS MTS/IEEE Conference,"OCT 19-22, 2015","Washington, DC","MTS,IEEE",,,,,,,,,"Martinez-Garcia, Edgar/H-6019-2019; Torres-Mendez, Luz Abril/A-8234-2013",,,,,,,,,,,,,,0197-7385,,978-0-933957-43-5,,,,2015,,,,,,,,,,,,,,,,,,,,,,,,WOS:000380550000260,View Full Record in Web of Science
J,"Howard, R; Zito, C",,,,"Howard, Rhys; Zito, Claudio",,,Learning Transferable Push Manipulation Skills in Novel Contexts,FRONTIERS IN NEUROROBOTICS,,,,,,,,,,,,,,,,,,"Howard, Rhys/0000-0001-6242-742X; Zito, Claudio/0000-0002-2943-3518",,,,,,,,,,,,,1662-5218,,,,,JUN 7,2021,15,,,,,,,,671775,10.3389/fnbot.2021.671775,http://dx.doi.org/10.3389/fnbot.2021.671775,,,,,,,,34163346,,,,,WOS:000664328400001,View Full Record in Web of Science
J,"da Fonseca, VP; de Oliveira, TEA; Petriu, EM",,,,"da Fonseca, Vinicius Prado; de Oliveira, Thiago Eustaquio Alves; Petriu, Emil M.",,,Estimating the Orientation of Objects from Tactile Sensing Data Using Machine Learning Methods and Visual Frames of Reference,SENSORS,,,,,,,,,,,,,,,,,,"Prado da Fonseca, Vinicius/0000-0001-5705-3056; Alves de Oliveira, Thiago Eustaquio/0000-0002-7164-9064",,,,,,,,,,,,,,1424-8220,,,,MAY 2,2019,19,10,,,,,,,2285,10.3390/s19102285,http://dx.doi.org/10.3390/s19102285,,,,,,,,31108951,,,,,WOS:000471014500072,View Full Record in Web of Science
J,"Rodriguez, G; Weisbin, CR",,,,"Rodriguez, G; Weisbin, CR",,,A new method to evaluate human-robot system performance,AUTONOMOUS ROBOTS,,,,,10th International Conference on Advanced Robotics,"AUG 22-25, 2001","BUDAPEST, HUNGARY",,,,,,,,,,"JIMENEZ, GASPAR/U-9247-2018",,,,,,,,,,,,,,0929-5593,1573-7527,,,,MAR-MAY,2003,14,2-3,,,,,165,178,,10.1023/A:1022279618991,http://dx.doi.org/10.1023/A:1022279618991,,,,,,,,12703512,,,,,WOS:000180741600006,View Full Record in Web of Science
C,"Loncarevic, Z; Gams, A",,"Laribi, MA; Zeghloul, S; Sandoval, J",,"Loncarevic, Zvezdan; Gams, Andrej",,,Accelerating Robot Reinforcement Learning with Accumulation of Knowledge,"ADVANCES IN SERVICE AND INDUSTRIAL ROBOTICS, RAAD 2021",Mechanisms and Machine Science,,,,30th International Conference on Robotics in Alpe-Adria-Danube Region (RAAD),"MAY 21-23, 2021","Poitiers, FRANCE",,,,,,,,,,,"Gams, Andrej/0000-0002-9803-3593",,,,,,,,,,,,,2211-0984,2211-0992,978-3-030-75261-3; 978-3-030-75259-0; 978-3-030-75258-3,,,,2021,102,,,,,,119,126,,10.1007/978-3-030-75259-0_13,http://dx.doi.org/10.1007/978-3-030-75259-0_13,,,,,,,,,,,,,WOS:001300061600013,View Full Record in Web of Science
J,"Hall, D; Barker, M",,,,"Hall, David; Barker, Mark",,,Living with the lab-boosting experiential learning and creativity in 1st year engineering students,INTELLIGENT AUTOMATION AND SOFT COMPUTING,,,,,,,,,,,,,,,,,,,,,,,,,,,,,,,1079-8587,,,,,,2007,13,1,,,,,3,18,,10.1080/10798587.2007.10642946,http://dx.doi.org/10.1080/10798587.2007.10642946,,,,,,,,,,,,,WOS:000245054400002,View Full Record in Web of Science
C,"Yan, PQ; He, BW; Zhang, LW; Zhang, JW",,,IEEE,"Yan, Peiqing; He, Bingwei; Zhang, Liwei; Zhang, Jianwei",,,Task Execution Based-on Human-Robot Dialogue and Deictic Gestures,2016 IEEE INTERNATIONAL CONFERENCE ON ROBOTICS AND BIOMIMETICS (ROBIO),,,,,IEEE International Conference on Robotics and Biomimetics (IEEE ROBIO),"DEC 03-07, 2016","Qingdao, PEOPLES R CHINA","IEEE,IEEE Robot & Automat Soc,Qingdao Natl High Tech Ind Dev Zone,Ritsumeikan,Tainjin Univ,SRS",,,,,,,,,,,,,,,,,,,,,,,,,978-1-5090-4364-4,,,,2016,,,,,,,1918,1923,,,,,,,,,,,,,,,,WOS:000405724600322,View Full Record in Web of Science
J,"Ji, S; Lee, S; Yoo, S; Suh, I; Kwon, I; Park, FC; Lee, S; Kim, H",,,,"Ji, Sanghoon; Lee, Sukhan; Yoo, Sujeong; Suh, Ilhong; Kwon, Inso; Park, Frank C.; Lee, Sanghyoung; Kim, Hongseok",,,Learning-Based Automation of Robotic Assembly for Smart Manufacturing,PROCEEDINGS OF THE IEEE,,,,,,,,,,,,,,,,,,"LEE, SUKHAN/0000-0002-1281-6889",,,,,,,,,,,,,0018-9219,1558-2256,,,,APR,2021,109,4,,,,,423,440,,10.1109/JPROC.2021.3063154,http://dx.doi.org/10.1109/JPROC.2021.3063154,,,,,,,,,,,,,WOS:000633393800006,View Full Record in Web of Science
J,"Jiang, R; Wang, ZP; He, B; Zhou, YM; Li, G; Zhu, ZP",,,,"Jiang, Rong; Wang, Zhipeng; He, Bin; Zhou, Yanmin; Li, Gang; Zhu, Zhongpan",,,A data-efficient goal-directed deep reinforcement learning method for robot visuomotor skill,NEUROCOMPUTING,,,,,,,,,,,,,,,,,"zhu, zhongpan/AAB-2539-2022; he, bin/AAV-6319-2021",,,,,,,,,,,,,,0925-2312,1872-8286,,,,OCT 28,2021,462,,,,,,389,401,,10.1016/j.neucom.2021.08.023,http://dx.doi.org/10.1016/j.neucom.2021.08.023,,AUG 2021,,,,,,,,,,,WOS:000698041400015,View Full Record in Web of Science
C,"Geng, P; Heuss, L; Rauh, T; Müller, J; Daub, R",,"Herberger, D; Hubner, M",,"Geng, Paul; Heuss, Lisa; Rauh, Thomas; Mueller, Julian; Daub, Ruediger",,,Framework For The Rapid Development And Deployment Of Customized Industrial Robotic Applications,"PROCEEDINGS OF THE CONFERENCE ON PRODUCTION SYSTEMS AND LOGISTICS, CPSL 2023-2",Conference on Production Systems and Logistics,,,,5th Conference on Production Systems and Logistics (CPSL),"NOV 14-17, 2023","Stellenbosch Inst Adv Study, Stellenbosch, SOUTH AFRICA",,Stellenbosch Inst Adv Study,,,,,,,,"Müller, Julian/GSE-3436-2022","Daub, Rudiger/0000-0002-5120-4228",,,,,,,,,,,,,2701-6277,,,,,,2023,,,,,,,13,22,,10.15488/15305,http://dx.doi.org/10.15488/15305,,,,,,,,,,,,,WOS:001304070400002,View Full Record in Web of Science
C,"Takamatsu, J; Tominaga, H; Ogawara, K; Kimura, H; Ikeuchi, K",,,IEEE; IEEE,"Takamatsu, J; Tominaga, H; Ogawara, K; Kimura, H; Ikeuchi, K",,,Extracting manipulation skills from observation,"2000 IEEE/RSJ INTERNATIONAL CONFERENCE ON INTELLIGENT ROBOTS AND SYSTEMS (IROS 2000), VOLS 1-3, PROCEEDINGS",,,,,IEEE/Robotics-Society-of-Japan International Conference on Intelligent Robots and Systems (IROS 2000),"OCT 31-NOV 05, 2000","KAGAWA UNIV, TAKAMATSU, JAPAN","IEEE, Ind Electr Soc,IEEE, Robot & Automat Soc,Robot Soc Japan,Soc Instrument & Control Engineers,New Technol Fdn,Kagawa Univ",KAGAWA UNIV,,,,,,,,,,,,,,,,,,,,,,,,0-7803-6349-3,,,,2000,,,,,,,584,589,,,,,,,,,,,,,,,,WOS:000166948600094,View Full Record in Web of Science
C,"Muxfeldt, A; Haus, JN; Cheng, JY; Kubus, D",,,IEEE,"Muxfeldt, Arne; Haus, Jan Niklas; Cheng, Jingyuan; Kubus, Daniel",,,Exploring Tactile Surface Sensors as a Gesture Input Device for Intuitive Robot Programming,2016 IEEE 21ST INTERNATIONAL CONFERENCE ON EMERGING TECHNOLOGIES AND FACTORY AUTOMATION (ETFA),IEEE International Conference on Emerging Technologies and Factory Automation-ETFA,,,,21st IEEE International Conference on Emerging Technologies and Factory Automation (ETFA),"SEP 06-09, 2016","OWL Univ Appl Sci, Fraunhofer IOSB INA, Berlin, GERMANY","IEEE,IES,OWL Univ Appl Sci, Inst Ind Informat Technologies","OWL Univ Appl Sci, Fraunhofer IOSB INA",,,,,,,,,,,,,,,,,,,,,,1946-0740,,978-1-5090-1314-2,,,,2016,,,,,,,,,,,,,,,,,,,,,,,,WOS:000389524200164,View Full Record in Web of Science
C,"Galindo, C; Gonzalez, J; Fernández-Madrigal, JA",,"Gu, J; Liu, PX",,"Galindo, C.; Gonzalez, J.; Fernandez-Madrigal, J. A.",,,An architecture for cognitive human-robot integration.: Application to rehabilitation robotics,"2005 IEEE International Conference on Mechatronics and Automations, Vols 1-4, Conference Proceedings",,,,,IEEE International Conference on Mechatronics Automation,"JUL 29-AUG 01, 2005","Niagara Falls, CANADA","IEEE Robot & Automat Soc,Harbin Engn Univ,Kagawa Univ,Univ Elect Sci & Technol China,Robot Soc Japan,Japan Soc Mech Engineers,Japan Soc Precis Engn",,,,,,,,,"Galindo, Cipriano/D-5861-2011; Gonzalez-Jimenez, Javier/D-5774-2011; FERNANDEZ MADRIGAL, JUAN ANTONIO/D-5871-2011","Gonzalez-Jimenez, Javier/0000-0003-3845-3497; FERNANDEZ MADRIGAL, JUAN ANTONIO/0000-0003-1376-7967",,,,,,,,,,,,,,,0-7803-9044-X,,,,2005,,,,,,,329,334,,,,,,,,,,,,,,,,WOS:000238860800056,View Full Record in Web of Science
C,"Kobayashi, T",,,IEEE,"Kobayashi, Taisuke",,,Towards Deep Robot Learning with Optimizer applicable to Non-stationary Problems,2021 IEEE/SICE INTERNATIONAL SYMPOSIUM ON SYSTEM INTEGRATION (SII),IEEE/SICE International Symposium on System Integration,,,,IEEE/SICE International Symposium on System Integration (SII),"JAN 11-14, 2021",ELECTR NETWORK,"IEEE,SICE,IEEE Robot & Automat Soc,SICE Syst Integrat Div",,,,,,,,,,,,,,,,,,,,,,,2474-2317,,978-1-7281-7658-1,,,,2021,,,,,,,190,194,,10.1109/IEEECONF49454.2021.9382621,http://dx.doi.org/10.1109/IEEECONF49454.2021.9382621,,,,,,,,,,,,,WOS:000662685900033,View Full Record in Web of Science
J,"Zhang, XZ; Zhang, JF; Zhong, JP",,,,"Zhang, Xinzheng; Zhang, Jianfen; Zhong, Junpei",,,Skill Learning for Intelligent Robot by Perception-Action Integration: A View from Hierarchical Temporal Memory,COMPLEXITY,,,,,,,,,,,,,,,,,"Zhong, Junpei/M-3437-2018","Zhong, Junpei/0000-0001-7642-2961",,,,,,,,,,,,,1076-2787,1099-0526,,,,,2017,,,,,,,,,7948684,10.1155/2017/7948684,http://dx.doi.org/10.1155/2017/7948684,,,,,,,,,,,,,WOS:000415970500001,View Full Record in Web of Science
J,"Song, KT; Hsieh, PJ",,,,"Song, Kai-Tai; Hsieh, Ping-Jui",,,Shared-control design for robot-assisted surgery using a skill assessment approach,ASIAN JOURNAL OF CONTROL,,,,,,,,,,,,,,,,,,,,,,,,,,,,,,,1561-8625,1934-6093,,,,MAY,2022,24,3,,,,,1042,1058,,10.1002/asjc.2746,http://dx.doi.org/10.1002/asjc.2746,,JAN 2022,,,,,,,,,,,WOS:000739814800001,View Full Record in Web of Science
C,"Rovida, F; Krüger, V",,,IEEE,"Rovida, Francesco; Kruger, Volker",,,Design and development of a software architecture for autonomous mobile manipulators in industrial environments,2015 IEEE INTERNATIONAL CONFERENCE ON INDUSTRIAL TECHNOLOGY (ICIT),,,,,IEEE International Conference on Industrial Technology (ICIT),"MAR 17-19, 2015","Seville, SPAIN",IEEE,,,,,,,,,,"Kruger, Volker/0000-0002-8836-8816",,,,,,,,,,,,,,,978-1-4799-7800-7,,,,2015,,,,,,,3288,3295,,,,,,,,,,,,,,,,WOS:000377572203019,View Full Record in Web of Science
C,"Pratama, F; Jeong, S; Chong, NY",,,IEEE,"Pratama, Ferdian; Jeong, Sungmoon; Chong, Nak Young",,,Learning Manipulative Skills Using a POMDP Framework,2014 11TH INTERNATIONAL CONFERENCE ON UBIQUITOUS ROBOTS AND AMBIENT INTELLIGENCE (URAI),International Conference on Ubiquitous Robots and Ambient Intelligence,,,,11th International Conference on Ubiquitous Robots and Ambient Intelligence (URAI),"NOV 12-15, 2014","Kuala Lumpur, MALAYSIA","Korean Robot Soc,Univ Kuala Lumpur,Korea Inst Sci & Technol,Ctr Human Centered Intecat Coexistence,IEEE,Robot Soc Japan,Robot Soc India,Robot Soc Taiwan,CIMTME,Korea Inst Robot Ind Advancement,Korea Assoc Robot Ind",,,,,,,,,,"Chong, Nak Young/0000-0001-5736-0769",,,,,,,,,,,,,2325-033X,,978-1-4799-5333-2,,,,2014,,,,,,,169,175,,,,,,,,,,,,,,,,WOS:000383742100045,View Full Record in Web of Science
J,"Chen, ZY; Fan, K",,,,"Chen, Ziyang; Fan, Ke",,,An online trajectory guidance framework via imitation learning and interactive feedback in robot-assisted surgery,NEURAL NETWORKS,,,,,,,,,,,,,,,,,,,,,,,,,,,,,,,0893-6080,1879-2782,,,,MAY,2025,185,,,,,,,,107197,10.1016/j.neunet.2025.107197,http://dx.doi.org/10.1016/j.neunet.2025.107197,,,,,,,,39919525,,,,,WOS:001423844000001,View Full Record in Web of Science
J,"Iodice, F; Wu, YQ; Kim, W; Zhao, F; De Momi, E; Ajoudani, A",,,,"Iodice, Francesco; Wu, Yuqiang; Kim, Wansoo; Zhao, Fei; De Momi, Elena; Ajoudani, Arash",,,Learning cooperative dynamic manipulation skills from human demonstration videos,MECHATRONICS,,,,,,,,,,,,,,,,,"; DE MOMI, ELENA/D-7375-2016","Iodice, Francesco/0000-0002-5918-2422; DE MOMI, ELENA/0000-0002-8819-2734",,,,,,,,,,,,,0957-4158,,,,,AUG,2022,85,,,,,,,,102807,10.1016/j.mechatronics.2022.102807,http://dx.doi.org/10.1016/j.mechatronics.2022.102807,,APR 2022,,,,,,,,,,,WOS:000797719400001,View Full Record in Web of Science
J,"Zhou, P; Zhao, XW; Tao, B; Ding, H",,,,"Zhou, Pei; Zhao, Xingwei; Tao, Bo; Ding, Han",,,Combination of Dynamical Movement Primitives With Trajectory Segmentation and Node Mapping for Robot Machining Motion Learning,IEEE-ASME TRANSACTIONS ON MECHATRONICS,,,,,,,,,,,,,,,,,"Bo, Tao/AFE-7417-2022","Zhou, Pei/0000-0002-0320-8363",,,,,,,,,,,,,1083-4435,1941-014X,,,,FEB,2023,28,1,,,,,175,185,,10.1109/TMECH.2022.3196036,http://dx.doi.org/10.1109/TMECH.2022.3196036,,AUG 2022,,,,,,,,,,,WOS:000842754000001,View Full Record in Web of Science
C,"Duan, AQ; Camoriano, R; Ferigo, D; Calandriello, D; Rosasco, L; Pucci, D",,"Asfour, T",,"Duan, Anqing; Camoriano, Raffaello; Ferigo, Diego; Calandriello, Daniele; Rosasco, Lorenzo; Pucci, Daniele",,,Constrained DMPs for Feasible Skill Learning on Humanoid Robots,2018 IEEE-RAS 18TH INTERNATIONAL CONFERENCE ON HUMANOID ROBOTS (HUMANOIDS),IEEE-RAS International Conference on Humanoid Robots,,,,18th IEEE-RAS International Conference on Humanoid Robots (Humanoids),"NOV 06-09, 2018","Beijing Inst Technol, Beijing, PEOPLES R CHINA",IEEE RAS,Beijing Inst Technol,,,,,,,,"Camoriano, Raffaello/GWN-0743-2022; Pucci, Daniele/AAC-5995-2019","Camoriano, Raffaello/0000-0002-8890-2732; Duan, Anqing/0000-0002-9666-018X",,,,,,,,,,,,,2164-0572,,978-1-5386-7283-9,,,,2018,,,,,,,1032,1038,,,,,,,,,,,,,,,,WOS:000458689700147,View Full Record in Web of Science
C,"Kramberger, A; Schou, C; Chrysostomou, D; Gams, A; Madsen, O; Ude, A",,"Rodic, A; Borangiu, T",,"Kramberger, Aljaz; Schou, Casper; Chrysostomou, Dimitrios; Gams, Andrej; Madsen, Ole; Ude, Ales",,,Fast Setup and Adaptation of Industrial Assembly Tasks with Force-Based Exception Strategies,ADVANCES IN ROBOT DESIGN AND INTELLIGENT CONTROL,Advances in Intelligent Systems and Computing,,,,25th International Conference on Robotics in Alpe-Adria-Danube Region (RAAD),"JUN 30-JUL 02, 2016","Belgrade, SERBIA",,,,,,,,,,"Ude, Aleš/ABB-7839-2020; Schou, Casper/J-3357-2012; Chrysostomou, Dimitrios/H-7077-2013; Madsen, Ole/B-3458-2013; Kramberger, Aljaz/X-2654-2018","Schou, Casper/0000-0001-7831-311X; Gams, Andrej/0000-0002-9803-3593; Chrysostomou, Dimitrios/0000-0002-6114-8944; Madsen, Ole/0000-0003-2133-2541; Kramberger, Aljaz/0000-0002-4830-4885; Ude, Ales/0000-0003-3677-3972",,,,,,,,,,,,,2194-5357,,978-3-319-49058-8; 978-3-319-49057-1,,,,2017,540,,,,,,421,429,,10.1007/978-3-319-49058-8_46,http://dx.doi.org/10.1007/978-3-319-49058-8_46,,,,,,,,,,,,,WOS:000413022000046,View Full Record in Web of Science
J,"Siepmann, F; Ziegler, L; Kortkamp, M; Wachsmuth, S",,,,"Siepmann, Frederic; Ziegler, Leon; Kortkamp, Marco; Wachsmuth, Sven",,,Deploying a modeling framework for reusable robot behavior to enable informed strategies for domestic service robots,ROBOTICS AND AUTONOMOUS SYSTEMS,,,,,,,,,,,,,,,,,"siepmann, florence/J-4851-2014","siepmann, florence/0000-0001-6337-0234; Wachsmuth, Sven/0000-0001-5371-7214",,,,,,,,,,,,,0921-8890,1872-793X,,,,MAY,2014,62,5,,,SI,,619,631,,10.1016/j.robot.2012.10.013,http://dx.doi.org/10.1016/j.robot.2012.10.013,,,,,,,,,,,,,WOS:000335111400002,View Full Record in Web of Science
J,"Krueger, V; Rovida, F; Grossmann, B; Petrick, R; Crosby, M; Charzoule, A; Garcia, GM; Behnke, S; Toscano, C; Veiga, G",,,,"Krueger, Volker; Rovida, Francesco; Grossmann, Bjarne; Petrick, Ronald; Crosby, Matthew; Charzoule, Arnaud; Garcia, German Martin; Behnke, Sven; Toscano, Cesar; Veiga, Germano",,,Testing the vertical and cyber-physical integration of cognitive robots in manufacturing,ROBOTICS AND COMPUTER-INTEGRATED MANUFACTURING,,,,,,,,,,,,,,,,,"Veiga, Germano/AAC-4922-2019; Veiga, Germano/D-1288-2012; Behnke, Sven/B-5509-2013","Veiga, Germano/0000-0003-3044-6938; Toscano, Cesar/0000-0002-6056-6917; Behnke, Sven/0000-0002-5040-7525; Petrick, Ron/0000-0002-3386-9568; Kruger, Volker/0000-0002-8836-8816",,,,,,,,,,,,,0736-5845,1879-2537,,,,JUN,2019,57,,,,,,213,229,,10.1016/j.rcim.2018.11.011,http://dx.doi.org/10.1016/j.rcim.2018.11.011,,,,,,,,,,,,,WOS:000459525400018,View Full Record in Web of Science
C,"André, J; Costa, L; Santos, C",,"Lau, N; Moreira, AP; Ventura, R; Faria, BM",,"Andre, Joao; Costa, Lino; Santos, Cristina",,,Sensor-based failure prediction in biped locomotion,2014 IEEE INTERNATIONAL CONFERENCE ON AUTONOMOUS ROBOT SYSTEMS AND COMPETITIONS (ICARSC),IEEE International Conference on Autonomous Robot Systems and Competitions ICARSC,,,,IEEE International Conference on Autonomous Robot Systems and Competitions (ICARSC),"MAY 14-15, 2014","Espinho, PORTUGAL","IEEE,Sociedade Portuguesa Robotica,IEEE Portugal Sect RA Chapter,IEEE Robot & Automat Soc,Caixa Geral Depositos,Camara Municipal Espinho,Museu Municipal Espinho & Solverde",,,,,,,,,"Costa, Lino/D-2248-2009; Santos, Cristina/L-8716-2014","Andre, Joao/0000-0002-3666-4453; Costa, Lino/0000-0003-4772-4404; Santos, Cristina/0000-0003-0023-7203",,,,,,,,,,,,,2573-9360,2573-9387,978-1-4799-4254-1,,,,2014,,,,,,,170,174,,,,,,,,,,,,,,,,WOS:000343584000029,View Full Record in Web of Science
J,"Nakamura, A; Kitagaki, K; Suehiro, T",,,,"Nakamura, A; Kitagaki, K; Suehiro, T",,,Using simplified geometric models in skill-based manipulation,ADVANCED ROBOTICS,,,,,11th International Conference on Advanced Robotics (ICAR 2003),"JUN 30-JUL 03, 2003","COIMBRA, PORTUGAL","Inst Syst & Robot,Univ Coimbra,IEEE Portuguese Sect,IEEE Robot & Automat Soc,IEEE Ind Elect Soc,Robot Soc Japan,Japan Robot Assoc",,,,,,,,,"Kitagaki, Kosei/M-5346-2016; Nakamura, Akira/M-3854-2016","Kitagaki, Kosei/0000-0003-0067-0410; Nakamura, Akira/0000-0002-9063-7026",,,,,,,,,,,,,0169-1864,1568-5535,,,,,2004,18,8,,,,,835,858,,10.1163/1568553041738130,http://dx.doi.org/10.1163/1568553041738130,,,,,,,,,,,,,WOS:000224766600006,View Full Record in Web of Science
C,"Andersen, RS; Bogh, S; Moeslund, TB; Madsen, O",,,IEEE,"Andersen, Rasmus S.; Bogh, Simon; Moeslund, Thomas B.; Madsen, Ole",,,Intuitive Task Programming of Stud Welding Robots for Ship Construction,2015 IEEE INTERNATIONAL CONFERENCE ON INDUSTRIAL TECHNOLOGY (ICIT),,,,,IEEE International Conference on Industrial Technology (ICIT),"MAR 17-19, 2015","Seville, SPAIN",IEEE,,,,,,,,,"Bøgh, Simon/J-1526-2012; Andersen, Rasmus/J-3360-2012; Madsen, Ole/B-3458-2013","Bogh, Simon/0000-0002-5960-4365; Madsen, Ole/0000-0003-2133-2541; Moeslund, Thomas B./0000-0001-7584-5209",,,,,,,,,,,,,,,978-1-4799-7800-7,,,,2015,,,,,,,3302,3307,,,,,,,,,,,,,,,,WOS:000377572203021,View Full Record in Web of Science
C,"Juett, J; Kuipers, B",,"Asfour, T; Billard, A; Harada, K; Kulic, D; Ude, A; Venture, G; Yamane, K; Yokoi, K; Yoshida, E",,"Juett, Jonathan; Kuipers, Benjamin",,,Learning to Reach by Building a Representation of Peri-Personal Space,2016 IEEE-RAS 16TH INTERNATIONAL CONFERENCE ON HUMANOID ROBOTS (HUMANOIDS),IEEE-RAS International Conference on Humanoid Robots,,,,16th IEEE-RAS International Conference on Humanoid Robots (Humanoids),"NOV 15-17, 2016","Mexican Assoc Comp Vis Robot & Neural Comp, Cancun, MEXICO","IEEE Robot & Automat Soc,Disney Res,ROBOTIS,INTEL,PAL,MACVNR,CONACYT,CINVESTAV",Mexican Assoc Comp Vis Robot & Neural Comp,,,,,,,,,,,,,,,,,,,,,,2164-0572,,978-1-5090-4718-5,,,,2016,,,,,,,1141,1148,,,,,,,,,,,,,,,,WOS:000403009300169,View Full Record in Web of Science
J,"Jiang, R; Cheng, X; Sang, HR; Wang, ZP; Zhou, YM; He, B",,,,"Jiang, Rong; Cheng, Xu; Sang, Hongrui; Wang, Zhipeng; Zhou, Yanmin; He, Bin",,,GTHSL: A Goal-Task-Driven Hierarchical Sharing Learning Method to Learn Long-Horizon Tasks Autonomously,IEEE TRANSACTIONS ON INDUSTRIAL ELECTRONICS,,,,,,,,,,,,,,,,,"he, bin/AAV-6319-2021","Sang, HongRui/0000-0002-8026-1328; Zhou, Yanmin/0000-0001-7824-1179",,,,,,,,,,,,,0278-0046,1557-9948,,,,APR,2025,72,4,,,,,3994,4005,,10.1109/TIE.2024.3454534,http://dx.doi.org/10.1109/TIE.2024.3454534,,SEP 2024,,,,,,,,,,,WOS:001322053100001,View Full Record in Web of Science
C,"Abu-Dakk, FJ; Valera, A; Escalera, JA; Vallés, M; Mata, V; Abderrahim, M",,"Liu, H; Kubota, N; Zhu, X; Dillmann, R; Zhou, D",,"Abu-Dakk, Fares J.; Valera, A.; Escalera, J. A.; Valles, M.; Mata, V.; Abderrahim, M.",,,Trajectory Adaptation and Learning for Ankle Rehabilitation Using a 3-PRS Parallel Robot,"INTELLIGENT ROBOTICS AND APPLICATIONS (ICIRA 2015), PT II",Lecture Notes in Artificial Intelligence,,,,8th International Conference on Intelligent Robotics and Applications (ICIRA),"AUG 24-27, 2015","Portsmouth, ENGLAND",,,,,,,,,,"AbuDakka, Fares/M-2085-2019; Escalera, Juan/S-5460-2018; Abu-Dakka, Fares J./M-4099-2014; Mata-Amela, Vicente/C-6187-2016; Valera, Angel/Q-4476-2017; Abderrahim, Mohamed/E-3059-2017; Valles, Marina/H-9872-2018","Abu-Dakka, Fares J./0000-0001-9062-9416; Mata-Amela, Vicente/0000-0003-2255-0567; Valera, Angel/0000-0001-6843-6394; Abderrahim, Mohamed/0000-0003-4493-5927; Valles, Marina/0000-0002-6396-0098",,,,,,,,,,,,,0302-9743,1611-3349,978-3-319-22876-1; 978-3-319-22875-4,,,,2015,9245,,,,,,483,494,,10.1007/978-3-319-22876-1_41,http://dx.doi.org/10.1007/978-3-319-22876-1_41,,,,,,,,,,,,,WOS:000363957900041,View Full Record in Web of Science
J,"Eom, J; Yu, SY; Kim, W; Park, C; Lee, KY; Cho, KJ",,,,"Eom, Jaemin; Yu, Sung Yol; Kim, Woongbae; Park, Chunghoon; Lee, Kristine Yoonseo; Cho, Kyu-Jin",,,MOGrip: Gripper for multiobject grasping in pick-and-place tasks using translational movements of fingers,SCIENCE ROBOTICS,,,,,,,,,,,,,,,,,"Kim, Woongbae/JTS-6240-2023","Kim, Woongbae/0000-0002-6126-7935; Cho, Kyu-Jin/0000-0003-2555-5048; Yu, Sung Yol/0009-0008-8535-9739",,,,,,,,,,,,,2470-9476,,,,,DEC 11,2024,9,97,,,,,,,eado3939,10.1126/scirobotics.ado3939,http://dx.doi.org/10.1126/scirobotics.ado3939,,,,,,,,39661697,,,,,WOS:001374264400002,View Full Record in Web of Science
J,"Jo, SH",,,,"Jo, Sungho",,,Adaptive biomimetic control of robot arm motions,NEUROCOMPUTING,,,,,,,,,,,,,,,,,"Jo, Sungho/C-1691-2011",,,,,,,,,,,,,,0925-2312,1872-8286,,,,OCT,2008,71,16-18,,,SI,,3625,3630,,10.1016/j.neucom.2008.04.015,http://dx.doi.org/10.1016/j.neucom.2008.04.015,,,,,,,,,,,,,WOS:000260066100064,View Full Record in Web of Science
C,"Sanz, PJ; Peñalver, A; Sales, J; Fornas, D; Fernández, JJ; Pérez, J; Bernabé, J",,,IEEE,"Sanz, P. J.; Penalver, A.; Sales, J.; Fornas, D.; Fernandez, J. J.; Perez, J.; Bernabe, J.",,,GRASPER: A Multisensory Based Manipulation System for Underwater Operations,"2013 IEEE INTERNATIONAL CONFERENCE ON SYSTEMS, MAN, AND CYBERNETICS (SMC 2013)",IEEE International Conference on Systems Man and Cybernetics Conference Proceedings,,,,"IEEE International Conference on Systems, Man, and Cybernetics (SMC)","OCT 13-16, 2013","Manchester, ENGLAND","IEEE,IEEE Comp Soc",,,,,,,,,"; Sanz, Pedro J/K-5639-2016; Sales, Jorge/L-2246-2014","Perez Soler, Javier/0000-0002-4195-9491; Sanz, Pedro J/0000-0003-3382-1553; Sales, Jorge/0000-0002-8943-6104",,,,,,,,,,,,,1062-922X,,978-1-4799-0652-9,,,,2013,,,,,,,4036,4041,,10.1109/SMC.2013.689,http://dx.doi.org/10.1109/SMC.2013.689,,,,,,,,,,,,,WOS:000332201904030,View Full Record in Web of Science
C,"van der Burgh, MFB; Lunenburg, JJM; Appeldoorn, RPW; van Beek, LLAM; Geijsberts, J; Janssen, LGL; van Dooren, P; van Rooy, HWAM; Aggarwal, A; Aleksandrov, S; Dang, K; Hofkamp, AT; van Dinther, D; van de Molengraft, MJG",,"Chalup, S; Niemueller, T; Suthakorn, J; Williams, MA",,"van der Burgh, M. F. B.; Lunenburg, J. J. M.; Appeldoorn, R. P. W.; van Beek, L. L. A. M.; Geijsberts, J.; Janssen, L. G. L.; van Dooren, P.; van Rooy, H. W. A. M.; Aggarwal, A.; Aleksandrov, S.; Dang, K.; Hofkamp, A. T.; van Dinther, D.; van de Molengraft, M. J. G.",,,Tech United Eindhoven @Home 2019 Champions Paper,"ROBOT WORLD CUP XXIII, ROBOCUP 2019",Lecture Notes in Artificial Intelligence,,,,23rd Annual Robot World Cup International Symposium (RoboCup),"JUL 08, 2019","Sydney, AUSTRALIA",,,,,,,,,,,"van de Molengraft, Marinus J.G./0000-0002-5095-4297",,,,,,,,,,,,,0302-9743,1611-3349,978-3-030-35699-6; 978-3-030-35698-9,,,,2019,11531,,,,,,529,539,,10.1007/978-3-030-35699-6_43,http://dx.doi.org/10.1007/978-3-030-35699-6_43,,,,,,,,,,,,,WOS:000787794500043,View Full Record in Web of Science
J,"Zhuravin, IA; Nalivaeva, NN; Plesneva, SA; Dubrovskaya, NM",,,,"Zhuravin, IA; Nalivaeva, NN; Plesneva, SA; Dubrovskaya, NM",,,"Effect of gangliosides on motor activity, learning, and mechanisms of regulation of signal transduction in the rat brain",JOURNAL OF EVOLUTIONARY BIOCHEMISTRY AND PHYSIOLOGY,,,,,,,,,,,,,,,,,"Dubrovskaya, Nadezhda/AAN-1024-2020; Zhuravin, Igor/AAM-6649-2020; Nalivaeva, Natalia/K-6522-2018","Dubrovskaya, Nadezhda/0000-0002-4414-6883",,,,,,,,,,,,,0022-0930,1608-3202,,,,MAY-JUN,1999,35,3,,,,,298,308,,,,,,,,,,,,,,,,WOS:000086623900010,View Full Record in Web of Science
J,"Asghar, MS; Zaman, BS; Zahid, A",,,,"Asghar, Mohammad Sohail; Zaman, Balakh Sher; Zahid, Aima",,,"Past, present, and future of surgical simulation and perspective of a developing country: A narrative review",JOURNAL OF THE PAKISTAN MEDICAL ASSOCIATION,,,,,,,,,,,,,,,,,"Asghar, Mohammad/AAE-5365-2019",,,,,,,,,,,,,,0030-9982,,,,,DEC,2021,71,12,,,,,2770,2776,,10.47391/JPMA.01-1046,http://dx.doi.org/10.47391/JPMA.01-1046,,,,,,,,35150536,,,,,WOS:000820626400011,View Full Record in Web of Science
J,"Fan, JM; Yin, Y; Wang, T; Dong, WH; Zheng, P; Wang, LH",,,,"Fan, Junming; Yin, Yue; Wang, Tian; Dong, Wenhang; Zheng, Pai; Wang, Lihui",,,Vision-language model-based human-robot collaboration for smart manufacturing: A state-of-the-art survey,FRONTIERS OF ENGINEERING MANAGEMENT,,,,,,,,,,,,,,,,,"Fan, Junming/ABE-3269-2020",,,,,,,,,,,,,,2095-7513,2096-0255,,,,MAR,2025,12,1,,,,,177,200,,10.1007/s42524-025-4136-9,http://dx.doi.org/10.1007/s42524-025-4136-9,,JAN 2025,,,,,,,,,,,WOS:001401955800001,View Full Record in Web of Science
J,"Gervasi, R; Mastrogiacomo, L; Maisano, DA; Antonelli, D; Franceschini, F",,,,"Gervasi, Riccardo; Mastrogiacomo, Luca; Maisano, Domenico Augusto; Antonelli, Dario; Franceschini, Fiorenzo",,,A structured methodology to support human-robot collaboration configuration choice,PRODUCTION ENGINEERING-RESEARCH AND DEVELOPMENT,,,,,,,,,,,,,,,,,"Gervasi, Riccardo/KHE-3109-2024; Franceschini, Fiorenzo/C-2583-2013; MAISANO, Domenico/B-4301-2010; Antonelli, Dario/AAM-3306-2020","MAISANO, Domenico/0000-0002-8154-4469; Gervasi, Riccardo/0000-0002-3006-3382",,,,,,,,,,,,,0944-6524,1863-7353,,,,AUG,2022,16,4,,,,,435,451,,10.1007/s11740-021-01088-6,http://dx.doi.org/10.1007/s11740-021-01088-6,,NOV 2021,,,,,,,,,,,WOS:000721665400001,View Full Record in Web of Science
C,"Lindgren, K; Gron, HG; Christiansen, L",,"Thiede, S; Lutters, E",,"Lindgren, Kurt; Gron, Helge Glinvad; Christiansen, Lasse",,,Empowering STEM Students with Digital Skills: A Training Approach at UCN Industrial Playground,"LEARNING FACTORIES OF THE FUTURE, VOL 2, CLF 2024",Lecture Notes in Networks and Systems,,,,14th International Conference on Learning Factories (CLF),"APR 17-19, 2024","Univ Twente, Enschede, NETHERLANDS",,Univ Twente,,,,,,,,"Christiansen, Lasse/AAO-5020-2020","Gron, Helge Glinvad/0000-0003-2523-1035; Christiansen, Lasse/0000-0002-1771-3934",,,,,,,,,,,,,2367-3370,2367-3389,978-3-031-65399-5; 978-3-031-65400-8,,,,2024,1060,,,,,,58,66,,10.1007/978-3-031-65400-8_7,http://dx.doi.org/10.1007/978-3-031-65400-8_7,,,,,,,,,,,,,WOS:001323759000007,View Full Record in Web of Science
J,"Zeng, TY; Mohammad, A; Madrigal, AG; Axinte, D; Keedwell, M",,,,"Zeng, Tianyi; Mohammad, Abdelkhalick; Madrigal, Andres Gameros; Axinte, Dragos; Keedwell, Max",,,A Robust Human-Robot Collaborative Control Approach Based on Model Predictive Control,IEEE TRANSACTIONS ON INDUSTRIAL ELECTRONICS,,,,,,,,,,,,,,,,,,"Keedwell, Max/0009-0004-3346-3949; Gameros Madrigal, Andres/0000-0002-1508-8434; Mohammad, Abdelkhalick/0000-0001-7623-125X",,,,,,,,,,,,,0278-0046,1557-9948,,,,JUL,2024,71,7,,,,,7360,7369,,10.1109/TIE.2023.3299046,http://dx.doi.org/10.1109/TIE.2023.3299046,,AUG 2023,,,,,,,,,,,WOS:001076419400001,View Full Record in Web of Science
C,"Mauro, L; Puja, F; Grazioso, S; Ntouskos, V; Sanzari, M; Alati, E; Freda, L; Pirri, F",,"Petkov, N; Strisciuglio, N; TraviesoGonzalez, CM",,"Mauro, Lorenzo; Puja, Francesco; Grazioso, Simone; Ntouskos, Valsamis; Sanzari, Marta; Alati, Edoardo; Freda, Luigi; Pirri, Fiora",,,Visual Search and Recognition for Robot Task Execution and Monitoring,APPLICATIONS OF INTELLIGENT SYSTEMS,Frontiers in Artificial Intelligence and Applications,,,,1st International Conference on Applications of Intelligent Systems (APPIS),"JAN 10-12, 2018","Las Palmas, SPAIN","Univ Groningen,Univ Las Palmas Gran Canaria,Gran Canaria Tourism Bur",,,,,,,,,"Ntouskos, Valsamis/J-2593-2019; Sanzari, Marta/KOD-1386-2024; PIRRI, Fiora/N-6783-2019; NTOUSKOS, VALSAMIS/F-7414-2016","Alati, Edoardo/0000-0002-8761-910X; NTOUSKOS, VALSAMIS/0000-0003-1810-7802",,,,,,,,,,,,,0922-6389,1879-8314,978-1-61499-929-4; 978-1-61499-928-7,,,,2018,310,,,,,,94,109,,10.3233/978-1-61499-929-4-94,http://dx.doi.org/10.3233/978-1-61499-929-4-94,,,,,,,,,,,,,WOS:000631936500011,View Full Record in Web of Science
J,"Guo, XW; Chen, Y",,,,"Guo, Xinwei; Chen, Yang",,,Enhance pick-and-place performance using multimodal interaction in operation environment,INDUSTRIAL ROBOT-THE INTERNATIONAL JOURNAL OF ROBOTICS RESEARCH AND APPLICATION,,,,,,,,,,,,,,,,,"Yang, Chen/JZS-9822-2024",,,,,,,,,,,,,,0143-991X,1758-5791,,,,JUN 6,2023,50,4,,,SI,,699,705,,10.1108/IR-10-2022-0260,http://dx.doi.org/10.1108/IR-10-2022-0260,,MAR 2023,,,,,,,,,,,WOS:000952789600001,View Full Record in Web of Science
C,"Babic, J; Oztop, E; Lenarcic, J",,"Lenarcic, J; Stanisic, MM",,"Babic, J.; Oztop, E.; Lenarcic, J.",,,Inverse Kinematics of Humanoid-Robot Reaching through Human Visuo-Motor Learning,ADVANCES IN ROBOT KINEMATICS: MOTION IN MAN AND MACHINE,,,,,12th International Symposium on Advances in Robot Kinematics (ARK 2010),"JUN 27-JUL 01, 2010","Piran Portoroz, SLOVENIA",,,,,,,,,,"Oztop, Erhan/K-8111-2012","Oztop, Erhan/0000-0002-3051-6038",,,,,,,,,,,,,,,978-90-481-9261-8,,,,2010,,,,,,,341,348,,10.1007/978-90-481-9262-5_36,http://dx.doi.org/10.1007/978-90-481-9262-5_36,,,,,,,,,,,,,WOS:000307197500036,View Full Record in Web of Science
C,"Zhao, YC; Al-Yacoub, A; Goh, YM; Justham, L; Lohse, N; Jackson, MR",,,IEEE,"Zhao, Y. C.; Al-Yacoub, A.; Goh, Y. M.; Justham, L.; Lohse, N.; Jackson, M. R.",,,Human Skill Capture: A Hidden Markov Model of Force and Torque Data in Peg-in-a-Hole Assembly Process,"2016 IEEE INTERNATIONAL CONFERENCE ON SYSTEMS, MAN, AND CYBERNETICS (SMC)",IEEE International Conference on Systems Man and Cybernetics Conference Proceedings,,,,"IEEE International Conference on Systems, Man, and Cybernetics (SMC)","OCT 09-12, 2016","Budapest, HUNGARY",IEEE,,,,,,,,,"Goh, Yee/B-3157-2011; Lohse, Niels/AAB-6597-2021",,,,,,,,,,,,,,1062-922X,,978-1-5090-1897-0,,,,2016,,,,,,,655,660,,,,,,,,,,,,,,,,WOS:000402634700099,View Full Record in Web of Science
J,"Zhou, XY; He, JL; Chen, DP; Li, JS; Jiang, CS; Ji, MY; He, ML",,,,"Zhou, Xuanyi; He, Jilin; Chen, Dingping; Li, Junsong; Jiang, Chunshan; Ji, Mengyuan; He, Miaolei",,,Human-robot skills transfer interface for UAV-based precision pesticide in dynamic environments,ASSEMBLY AUTOMATION,,,,,,,,,,,,,,,,,"ZHOU, Xuanyi/N-1033-2015; he, jilin/JEP-0002-2023","Zhou, Xuanyi/0000-0001-9584-9426",,,,,,,,,,,,,0144-5154,1758-4078,,,,JUL 22,2021,41,3,,,SI,,345,357,,10.1108/AA-11-2020-0161,http://dx.doi.org/10.1108/AA-11-2020-0161,,MAY 2021,,,,,,,,,,,WOS:000649376900001,View Full Record in Web of Science
J,"Stückler, J; Holz, D; Behnke, S",,,,"Stueckler, Joerg; Holz, Dirk; Behnke, Sven",,,RoboCup@Home Demonstrating Everyday Manipulation Skills in RoboCup@Home,IEEE ROBOTICS & AUTOMATION MAGAZINE,,,,,,,,,,,,,,,,,"Holz, Daniel/HGD-5989-2022; Stückler, Jörg/AAK-9145-2021; Behnke, Sven/B-5509-2013","Behnke, Sven/0000-0002-5040-7525",,,,,,,,,,,,,1070-9932,1558-223X,,,,JUN,2012,19,2,,,,,34,42,,10.1109/MRA.2012.2191993,http://dx.doi.org/10.1109/MRA.2012.2191993,,,,,,,,,,,,,WOS:000309057600009,View Full Record in Web of Science
J,"Paulius, D; Agostini, A; Lee, D",,,,"Paulius, David; Agostini, Alejandro; Lee, Dongheui",,,Long-Horizon Planning and Execution With Functional Object-Oriented Networks,IEEE ROBOTICS AND AUTOMATION LETTERS,,,,,,,,,,,,,,,,,,"Paulius, David/0000-0002-7891-8749; Agostini, Alejandro/0000-0002-4894-8752",,,,,,,,,,,,,2377-3766,,,,,AUG,2023,8,8,,,,,4513,4520,,10.1109/LRA.2023.3285510,http://dx.doi.org/10.1109/LRA.2023.3285510,,,,,,,,,,,,,WOS:001017231400002,View Full Record in Web of Science
C,"Hsieh, YH; Mok, A",,,IEEE,"Hsieh, Yi-Hsuan; Mok, Aloysius",,,SQGS: Sensing-based Quality-aware Robot Programming Guidance System for Non-experts,2021 26TH IEEE INTERNATIONAL CONFERENCE ON EMERGING TECHNOLOGIES AND FACTORY AUTOMATION (ETFA),IEEE International Conference on Emerging Technologies and Factory Automation-ETFA,,,,26th IEEE International Conference on Emerging Technologies and Factory Automation (ETFA),"SEP 07-10, 2021",ELECTR NETWORK,"Inst Elect & Elect Engineers,Malardalen Univ,IEEE Ind Elect Soc",,,,,,,,,,,,,,,,,,,,,,,1946-0740,1946-0759,978-1-7281-2989-1,,,,2021,,,,,,,,,,10.1109/ETFA45728.2021.9613349,http://dx.doi.org/10.1109/ETFA45728.2021.9613349,,,,,,,,,,,,,WOS:000766992600084,View Full Record in Web of Science
J,"Kim, H; Oh, C; Jang, I; Park, S; Seo, H; Kim, HJ",,,,"Kim, Hyoin; Oh, Changsuk; Jang, Inkyu; Park, Sungyong; Seo, Hoseong; Kim, H. Jin",,,Learning and Generalizing Cooperative Manipulation Skills Using Parametric Dynamic Movement Primitives,IEEE TRANSACTIONS ON AUTOMATION SCIENCE AND ENGINEERING,,,,,,,,,,,,,,,,,"Kim, Hyoin/ABC-8449-2020","Kim, Hyoin/0000-0002-5681-6063; Seo, Hoseong/0000-0002-1485-3712; Kim, H Jin/0000-0002-6819-1136; Oh, Changsuk/0000-0002-7665-0451",,,,,,,,,,,,,1545-5955,1558-3783,,,,OCT,2022,19,4,,,,,3968,3979,,10.1109/TASE.2022.3141460,http://dx.doi.org/10.1109/TASE.2022.3141460,,JAN 2022,,,,,,,,,,,WOS:000745523400001,View Full Record in Web of Science
C,"Li, X; Yang, CG; Feng, Y",,,,"Li, Xian; Yang, Chenguang; Feng, Ying",,,The Generalization of Robot Skills Based on Dynamic Movement Primitives,IFAC PAPERSONLINE,,,,,3rd IFAC Workshop pn Cyber-Physical and Human Systems (CPHS),"DEC 03-05, 2020","Beijing, PEOPLES R CHINA","Int Federat Automat Control, Tech Comm 9 1 Econ, Busines, & Financial Syst,Int Federat Automat Control, Tech Comm 9 2 Social Impact Automat,Int Federat Automat Control, Tech Comm 1 3 Discrete Event & Hybrid Syst,Int Federat Automat Control, Tech Comm 1 4 Stochastic Syst,Int Federat Automat Control, Tech Comm 1 5 Networked Syst,Int Federat Automat Control, Tech Comm 3 1 Comp Control,Int Federat Automat Control, Tech Comm 4 3 Robot,Int Federat Automat Control, Tech Comm 4 5 Human Machine Syst,Int Federat Automat Control, Tech Comm 7 3 Aerosp,Int Federat Automat Control, Tech Comm 9 5 Technol, Culture & Int Stabil",,,,,,,,,"Yang, Chenguang/AAJ-2509-2020","Yang, Chenguang/0000-0001-5255-5559",,,,,,,,,,,,,2405-8963,,,,,,2020,53,5,,,SI,,265,270,,10.1016/j.ifacol.2021.04.105,http://dx.doi.org/10.1016/j.ifacol.2021.04.105,,,,,,,,,,,,,WOS:000656589700047,View Full Record in Web of Science
J,"Yang, CG; Chen, CZ; He, W; Cui, RX; Li, ZJ",,,,"Yang, Chenguang; Chen, Chuize; He, Wei; Cui, Rongxin; Li, Zhijun",,,Robot Learning System Based on Adaptive Neural Control and Dynamic Movement Primitives,IEEE TRANSACTIONS ON NEURAL NETWORKS AND LEARNING SYSTEMS,,,,,,,,,,,,,,,,,"He, Wei/K-4900-2019; Li, Zhijun/ACT-9992-2022; Cui, Rongxin/GOK-1897-2022; Yang, Chenguang/AAJ-2509-2020; He, Wei/B-2355-2016","Yang, Chenguang/0000-0001-5255-5559; He, Wei/0000-0002-8944-9861; Cui, Rongxin/0000-0002-8006-3620",,,,,,,,,,,,,2162-237X,2162-2388,,,,MAR,2019,30,3,,,,,777,787,,10.1109/TNNLS.2018.2852711,http://dx.doi.org/10.1109/TNNLS.2018.2852711,,,,,,,,30047914,,,,,WOS:000459536100012,View Full Record in Web of Science
C,"Li, ZN; Nie, F; Sung, Q; Da, F; Zhao, H",,,IEEE,"Li, Zenan; Nie, Fan; Sung, Qiao; Da, Fang; Zhao, Hang",,,Boosting Offline Reinforcement Learning for Autonomous Driving with Hierarchical Latent Skills,2024 IEEE INTERNATIONAL CONFERENCE ON ROBOTICS AND AUTOMATION (ICRA 2024),IEEE International Conference on Robotics and Automation ICRA,,,,IEEE International Conference on Robotics and Automation (ICRA),"MAY 13-17, 2024","Yokohama, JAPAN","IEEE,IEEE Robot & Automat Soc",,,,,,,,,,,,,,,,,,,,,,,1050-4729,2577-087X,979-8-3503-8458-1; 979-8-3503-8457-4,,,,2024,,,,,,,18362,18369,,10.1109/ICRA57147.2024.10611197,http://dx.doi.org/10.1109/ICRA57147.2024.10611197,,,,,,,,,,,,,WOS:001369728006136,View Full Record in Web of Science
C,"Foit, K; Gwiazda, A; Banas, W; Sekala, A; Hryniewicz, P",,"Oanta, E; Comaneci, R; Carausu, C; Placzek, M; Cohal, V; Topala, P; Nedelcu, D",,"Foit, K.; Gwiazda, A.; Banas, W.; Sekala, A.; Hryniewicz, P.",,,Modelling of cooperating robotized systems with the use of object-based approach,MODERN TECHNOLOGIES IN INDUSTRIAL ENGINEERING (MODTECH2015),IOP Conference Series-Materials Science and Engineering,,,,3rd International Conference on Modern Technologies in Industrial Engineering (ModTech),"JUN 17-20, 2015","Mamaia, ROMANIA","Profess Assoc Modern Mfg Technol,Constanta Maritime Univ,Silesian Univ Technol,Tech Univ Chisinau Republ Moldova,Donetsk Natl Tech Univ",,,,,,,,,"Foit, Krzysztof/U-1430-2018; Sekala, Agnieszka/P-8703-2014; Banas, Waclaw/U-8856-2018","Sekala, Agnieszka/0000-0003-2776-7335; Gwiazda, Aleksander/0000-0003-1065-5927; Hryniewicz, Przemyslaw/0000-0002-7335-7348; Banas, Waclaw/0000-0002-0076-2385",,,,,,,,,,,,,1757-8981,,,,,,2015,95,,,,,,,,12107,10.1088/1757-899X/95/1/012107,http://dx.doi.org/10.1088/1757-899X/95/1/012107,,,,,,,,,,,,,WOS:000365128900107,View Full Record in Web of Science
C,"Migimatsu, T; Lian, WZ; Bohg, J; Schaal, S",,,IEEE,"Migimatsu, Toki; Lian, Wenzhao; Bohg, Jeannette; Schaal, Stefan",,,Symbolic State Estimation with Predicates for Contact-Rich Manipulation Tasks,2022 IEEE INTERNATIONAL CONFERENCE ON ROBOTICS AND AUTOMATION (ICRA 2022),,,,,IEEE International Conference on Robotics and Automation (ICRA),"MAY 23-27, 2022","Philadelphia, PA","IEEE,IEEE Robot & Automat Soc",,,,,,,,,"Bohg, Jeannette/AAD-4010-2019","Bohg, Jeannette/0000-0002-4921-7193",,,,,,,,,,,,,,,978-1-7281-9681-7,,,,2022,,,,,,,1702,1709,,10.1109/ICRA46639.2022.9811675,http://dx.doi.org/10.1109/ICRA46639.2022.9811675,,,,,,,,,,,,,WOS:000941265701027,View Full Record in Web of Science
J,"Garcia, DH; Monje, C; Balaguer, C",,,,"Garcia, Daniel Hernandez; Monje, Concepcion; Balaguer, Carlos",,,A use case of an adaptive cognitive architecture for the operation of humanoid robots in real environments,INTERNATIONAL JOURNAL OF ADVANCED ROBOTIC SYSTEMS,,,,,,,,,,,,,,,,,,"BALAGUER, CARLOS/0000-0003-4864-4625",,,,,,,,,,,,,1729-8814,,,,,DEC 22,2017,14,1,,,,,,,,10.1177/1729881416678133,http://dx.doi.org/10.1177/1729881416678133,,,,,,,,,,,,,WOS:000394825900002,View Full Record in Web of Science
C,"Lynch, C; Sermanet, P",,"Shell, DA; Toussaint, M; Hsieh, MA",,"Lynch, Corey; Sermanet, Pierre",,,Language Conditioned Imitation Learning over Unstructured Data,ROBOTICS: SCIENCE AND SYSTEM XVII,Robotics - Science and Systems,,,,Conference on Robotics - Science and Systems,"JUL 12-16, 2021",ELECTR NETWORK,,,,,,,,,,,,,,,,,,,,,,,,2330-7668,2330-765X,978-0-9923747-7-8,,,,2021,,,,,,,,,,,,,,,,,,,,,,,,WOS:000684604200047,View Full Record in Web of Science
C,"Yoo, M; Cho, S; Woo, H",,"Koyejo, S; Mohamed, S; Agarwal, A; Belgrave, D; Cho, K; Oh, A",,"Yoo, Minjong; Cho, Sangwoo; Woo, Honguk",,,Skills Regularized Task Decomposition for Multi-task Offline Reinforcement Learning,ADVANCES IN NEURAL INFORMATION PROCESSING SYSTEMS 35 (NEURIPS 2022),Advances in Neural Information Processing Systems,,,,36th Conference on Neural Information Processing Systems (NeurIPS),"NOV 28-DEC 09, 2022",ELECTR NETWORK,,,,,,,,,,,,,,,,,,,,,,,,1049-5258,,978-1-7138-7108-8,,,,2022,,,,,,,,,,,,,,,,,,,,,,,,WOS:001213927508037,View Full Record in Web of Science
J,"Zhang, YF; Li, YJ; Feng, QC; Sun, JH; Peng, CL; Gao, LZ; Chen, LP",,,,"Zhang, Yifan; Li, Yajun; Feng, Qingchun; Sun, Jiahui; Peng, Chuanlang; Gao, Liangzheng; Chen, Liping",,,Compliant Motion Planning Integrating Human Skill for Robotic Arm Collecting Tomato Bunch Based on Improved DDPG,PLANTS-BASEL,,,,,,,,,,,,,,,,,,,,,,,,,,,,,,,2223-7747,,,,,MAR,2025,14,5,,,,,,,634,10.3390/plants14050634,http://dx.doi.org/10.3390/plants14050634,,,,,,,,40094547,,,,,WOS:001442309000001,View Full Record in Web of Science
J,"Zhu, YF; Stone, P; Zhu, YK",,,,"Zhu, Yifeng; Stone, Peter; Zhu, Yuke",,,Bottom-Up Skill Discovery From Unsegmented Demonstrations for Long-Horizon Robot Manipulation,IEEE ROBOTICS AND AUTOMATION LETTERS,,,,,,,,,,,,,,,,,,"Zhu, Yifeng/0000-0003-2580-5748; STONE, PETER/0000-0002-6795-420X",,,,,,,,,,,,,2377-3766,,,,,APR,2022,7,2,,,,,4126,4133,,10.1109/LRA.2022.3146589,http://dx.doi.org/10.1109/LRA.2022.3146589,,,,,,,,,,,,,WOS:000761209800021,View Full Record in Web of Science
J,"Zhong, BC; Li, TT",,,,"Zhong, Baichang; Li, Tingting",,,Can Pair Learning Improve Students' Troubleshooting Performance in Robotics Education?,JOURNAL OF EDUCATIONAL COMPUTING RESEARCH,,,,,,,,,,,,,,,,,"lee, lisa/GWC-3049-2022; Zhong, Baichang/AAD-7432-2022","Zhong, Baichang/0000-0001-5837-4433",,,,,,,,,,,,,0735-6331,1541-4140,,,,MAR,2020,58,1,,,,,220,248,,10.1177/0735633119829191,http://dx.doi.org/10.1177/0735633119829191,,,,,,,,,,,,,WOS:000510042000008,View Full Record in Web of Science
J,"Pan, MZ; Wang, S; Li, JG; Li, J; Yang, XZ; Liang, K",,,,"Pan, Mingzhang; Wang, Shuo; Li, Jingao; Li, Jing; Yang, Xiuze; Liang, Ke",,,An Automated Skill Assessment Framework Based on Visual Motion Signals and a Deep Neural Network in Robot-Assisted Minimally Invasive Surgery,SENSORS,,,,,,,,,,,,,,,,,"Wang, Shuo/IWL-8206-2023","Liang, Ke/0000-0002-3785-4806",,,,,,,,,,,,,,1424-8220,,,,MAY 5,2023,23,9,,,,,,,4496,10.3390/s23094496,http://dx.doi.org/10.3390/s23094496,,,,,,,,37177699,,,,,WOS:000987184500001,View Full Record in Web of Science
J,"Sun, HL; Zhang, T; Han, JD; Chu, HB",,,,"Sun, Hanlei; Zhang, Tie; Han, Jianda; Chu, Hubo",,,A fast transfer reinforcement learning model for transferring force-based human speed adjustment skills to robots for collaborative assembly posture alignment,ADVANCED ENGINEERING INFORMATICS,,,,,,,,,,,,,,,,,"Zhang, Jian/F-7865-2015",,,,,,,,,,,,,,1474-0346,1873-5320,,,,OCT,2024,62,,C,,,,,,102836,10.1016/j.aei.2024.102836,http://dx.doi.org/10.1016/j.aei.2024.102836,,SEP 2024,,,,,,,,,,,WOS:001321224000001,View Full Record in Web of Science
J,"Suarez, A; Gonzalez-Morgado, A; Ruiz, M; Lucena, A; Giordano, AM; Ollero, A",,,,"Suarez, Alejandro; Gonzalez-Morgado, Antonio; Ruiz, Miguel; Lucena, Alejandro; Giordano, Alessandro M.; Ollero, Anibal",,,Aerial-ground testbed for simulating compliant bimanual on-orbit operations: From aerial to space robotic manipulation,ROBOTICS AND AUTONOMOUS SYSTEMS,,,,,,,,,,,,,,,,,"Suarez, Alejandro/AAD-7442-2019",,,,,,,,,,,,,,0921-8890,1872-793X,,,,MAY,2025,187,,,,,,,,104927,10.1016/j.robot.2025.104927,http://dx.doi.org/10.1016/j.robot.2025.104927,,,,,,,,,,,,,WOS:001422956400001,View Full Record in Web of Science
C,"Li, X; Si, WY; Yang, CG",,,IEEE,"Li, Xian; Si, Weiyong; Yang, Chenguang",,,An Observation Based Method for Human Robot Writing Skill Transfer,"2022 IEEE 17TH INTERNATIONAL CONFERENCE ON CONTROL & AUTOMATION, ICCA",IEEE International Conference on Control and Automation ICCA,,,,IEEE 17th International Conference on Control and Automation (ICCA),"JUN 27-30, 2022","Naples, ITALY",IEEE,,,,,,,,,"SI, WEIYONG/KIB-2268-2024","Yang, Chenguang/0000-0001-5255-5559; Si, Weiyong/0000-0003-4531-2596",,,,,,,,,,,,,1948-3449,,978-1-6654-9572-1,,,,2022,,,,,,,412,417,,10.1109/ICCA54724.2022.9831836,http://dx.doi.org/10.1109/ICCA54724.2022.9831836,,,,,,,,,,,,,WOS:001300401300068,View Full Record in Web of Science
C,"Liu, ZY; Chen, YR; Lin, ZY",,,IEEE,"Liu, Zhiyong; Chen, Yurou; Lin, Zhenyang",,,Hierarchical Human-to-Robot Imitation Learning for Long-Horizon Tasks via Cross-Domain Skill Alignment,"2024 IEEE INTERNATIONAL CONFERENCE ON ROBOTICS AND AUTOMATION, ICRA 2024",IEEE International Conference on Robotics and Automation ICRA,,,,IEEE International Conference on Robotics and Automation (ICRA),"MAY 13-17, 2024","Yokohama, JAPAN","IEEE,IEEE Robot & Automat Soc",,,,,,,,,,,,,,,,,,,,,,,1050-4729,2577-087X,979-8-3503-8458-1; 979-8-3503-8457-4,,,,2024,,,,,,,2783,2790,,10.1109/ICRA57147.2024.10610084,http://dx.doi.org/10.1109/ICRA57147.2024.10610084,,,,,,,,,,,,,WOS:001294576202045,View Full Record in Web of Science
J,"Belpaeme, T; Vogt, P; van den Berghe, R; Bergmann, K; Göksun, T; de Haas, M; Kanero, J; Kennedy, J; Küntay, AC; Oudgenoeg-Paz, O; Papadopoulos, F; Schodde, T; Verhagen, J; Wallbridge, D; Willemsen, B; de Wit, J; Geçkin, V; Hoffmann, L; Kopp, S; Krahmer, E; Mamus, E; Montanier, JM; Oranç, C; Pandey, AK",,,,"Belpaeme, Tony; Vogt, Paul; van den Berghe, Rianne; Bergmann, Kirsten; Goksun, Tilbe; de Haas, Mirjam; Kanero, Junko; Kennedy, James; Kuntay, Aylin C.; Oudgenoeg-Paz, Ora; Papadopoulos, Fotios; Schodde, Thorsten; Verhagen, Josje; Wallbridge, Christopher D.; Willemsen, Bram; de Wit, Jan; Geckin, Vasfiye; Hoffmann, Laura; Kopp, Stefan; Krahmer, Emiel; Mamus, Ezgi; Montanier, Jean-Marc; Oranc, Cansu; Pandey, Amit Kumar",,,Guidelines for Designing Social Robots as Second Language Tutors,INTERNATIONAL JOURNAL OF SOCIAL ROBOTICS,,,,,,,,,,,,,,,,,"Geckin, Vasfiye/AAI-1927-2019; Belpaeme, Tony/AAR-8743-2020; Kanero, Junko/Y-1603-2019; Göksun, Tilbe/ABI-5133-2020; Kuntay, Aylin/CAH-3074-2022; Hoffmann, Laura/D-8076-2019; de Haas, Mirjam/JGL-9867-2023; Kunold, Laura/P-5569-2019; Oudgenoeg-Paz, Ora/H-5729-2018; Kopp, Stefan/K-3456-2013; Goksun, Tilbe/AFT-3283-2022","Kanero, Junko/0000-0003-1009-5333; de Wit, Jan/0000-0002-7299-7992; Vogt, Paul/0000-0002-9446-4425; de Haas, Mirjam/0000-0002-1001-8103; Kunold, Laura/0000-0002-1258-4192; Mamus, Ezgi/0000-0001-8202-8653; Oranc, Cansu/0000-0002-2341-2038; Oudgenoeg-Paz, Ora/0000-0003-4271-7504; Kopp, Stefan/0000-0002-4047-9277; Verhagen, Josje/0000-0002-6662-1657; Goksun, Tilbe/0000-0002-0190-7988; Kuntay, Aylin/0000-0001-9057-7556",,,,,,,,,,,,,1875-4791,1875-4805,,,,JUN,2018,10,3,,,SI,,325,341,,10.1007/s12369-018-0467-6,http://dx.doi.org/10.1007/s12369-018-0467-6,,,,,,,,30996752,,,,,WOS:000435423100004,View Full Record in Web of Science
J,"Xu, SQ; Zhang, H; Wang, ZP",,,,"Xu, Shuqi; Zhang, Hao; Wang, Zhuping",,,Learning to Perform Trajectory Generation From Low-Quality Demonstrations,IEEE TRANSACTIONS ON NEURAL NETWORKS AND LEARNING SYSTEMS,,,,,,,,,,,,,,,,,,"Wang, Zhuping/0000-0002-0334-4082; Xu, Shuqi/0000-0001-9494-4077",,,,,,,,,,,,,2162-237X,2162-2388,,,,2024 JUN 28,2024,,,,,,,,,,10.1109/TNNLS.2024.3414470,http://dx.doi.org/10.1109/TNNLS.2024.3414470,,JUN 2024,,,,,,38941199,,,,,WOS:001258784200001,View Full Record in Web of Science
C,"Cardoso, C; Bernardino, A",,"Marques, L; Bernardino, A",,"Cardoso, Carlos; Bernardino, Alexandre",,,Adaptive Non-Maximal Suppression Filtering for Online Exploration Learning with Cost-Regularized Kernel Regression,2017 IEEE INTERNATIONAL CONFERENCE ON AUTONOMOUS ROBOT SYSTEMS AND COMPETITIONS (ICARSC),IEEE International Conference on Autonomous Robot Systems and Competitions ICARSC,,,,17th IEEE International Conference on Autonomous Robot Systems and Competitions (ICARSC),"APR 26-28, 2017","Univ Coimbra, Coimbra, PORTUGAL","Portuguese Robot Assoc,IEEE Robot & Automat Soc,IEEE,ISR,Camara Municipal Coimbra,IEEE Portugal Sect,IEEE Robot & Automat Soc Portugal Chapter",Univ Coimbra,,,,,,,,"Bernardino, Alexandre/G-1316-2010","Bernardino, Alexandre/0000-0003-3991-1269; Cardoso, Carlos/0000-0001-7400-3659",,,,,,,,,,,,,2573-9360,2573-9387,978-1-5090-6234-8,,,,2017,,,,,,,272,277,,,,,,,,,,,,,,,,WOS:000464814900045,View Full Record in Web of Science
C,"Arm, P; Kolvenbach, MMH; Kolvenbach, H; Hutter, M",,,IEEE,"Arm, Philip; Mittal, Mayank; Kolvenbach, Hendrik; Hutter, Marco",,,Pedipulate: Enabling Manipulation Skills using a Quadruped Robot's Leg,"2024 IEEE INTERNATIONAL CONFERENCE ON ROBOTICS AND AUTOMATION, ICRA 2024",IEEE International Conference on Robotics and Automation ICRA,,,,IEEE International Conference on Robotics and Automation (ICRA),"MAY 13-17, 2024","Yokohama, JAPAN","IEEE,IEEE Robot & Automat Soc",,,,,,,,,,,,,,,,,,,,,,,1050-4729,2577-087X,979-8-3503-8458-1; 979-8-3503-8457-4,,,,2024,,,,,,,5717,5723,,10.1109/ICRA57147.2024.10611307,http://dx.doi.org/10.1109/ICRA57147.2024.10611307,,,,,,,,,,,,,WOS:001294576204062,View Full Record in Web of Science
C,"Zamani, MA; Oztop, E",,"Kalkan, S; Saranli, U",,"Zamani, Mohammad Ali; Oztop, Erhan",,,Simultaneous Human-Robot Adaptation for Effective Skill Transfer,PROCEEDINGS OF THE 17TH INTERNATIONAL CONFERENCE ON ADVANCED ROBOTICS (ICAR),,,,,International Conference on Advanced Robotics (ICAR),"JUL 27-31, 2015","Istanbul, TURKEY","ODTU METU,Kadir Has Univ,IEEE,IEEE Robotics & Automation Soc,Aselsan,TAI,ALDEBARAN,TeknodroM,FORD OTOSAN,SABLAB Simulation,bama teknolo,ODTU TEKNOKENT,MILVUS",,,,,,,,,"Oztop, Erhan/K-8111-2012",,,,,,,,,,,,,,,,978-1-4673-7509-2,,,,2015,,,,,,,78,83,,,,,,,,,,,,,,,,WOS:000380471000013,View Full Record in Web of Science
C,"Lee, SH; Han, GN; Suh, IH; You, BJ",,,IEEE,"Lee, Sang Hyoung; Han, Gyung Nam; Suh, Il Hong; You, Bum-Jae",,,Skill Learning using Temporal and Spatial Entropies for Accurate Skill Acquisition,2013 IEEE INTERNATIONAL CONFERENCE ON ROBOTICS AND AUTOMATION (ICRA),IEEE International Conference on Robotics and Automation ICRA,,,,IEEE International Conference on Robotics and Automation (ICRA),"MAY 06-10, 2013","Karlsruhe, GERMANY",IEEE,,,,,,,,,,,,,,,,,,,,,,,1050-4729,2577-087X,978-1-4673-5641-1; 978-1-4673-5643-5,,,,2013,,,,,,,1323,1330,,,,,,,,,,,,,,,,WOS:000337617301048,View Full Record in Web of Science
J,"Becker, M; Kefalea, E; Maël, E; Von Der Malsburg, C; Pagel, M; Triesch, J; Vorbrüggen, JC; Würtz, RP; Zadel, S",,,,"Becker, M; Kefalea, E; Maël, E; Von Der Malsburg, C; Pagel, M; Triesch, J; Vorbrüggen, JC; Würtz, RP; Zadel, S",,,GripSee:: A gesture-controlled robot for object perception and manipulation,AUTONOMOUS ROBOTS,,,,,,,,,,,,,,,,,"Würtz, Rolf/A-7644-2012","Wurtz, Rolf/0000-0002-7160-4157",,,,,,,,,,,,,0929-5593,1573-7527,,,,APR,1999,6,2,,,,,203,221,,10.1023/A:1008839628783,http://dx.doi.org/10.1023/A:1008839628783,,,,,,,,,,,,,WOS:000080735400007,View Full Record in Web of Science
J,"Zhao, LD; Lu, L; Wang, C",,,,"Zhao, Leidi; Lu, Lu; Wang, Cong",,,Handling crowdsourced data using state space discretization for robot learning and synthesizing physical skills,INTERNATIONAL JOURNAL OF INTELLIGENT ROBOTICS AND APPLICATIONS,,,,,,,,,,,,,,,,,,"Wang, Cong/0000-0002-3319-680X",,,,,,,,,,,,,2366-5971,2366-598X,,,,DEC,2020,4,4,,,SI,,390,402,,10.1007/s41315-020-00152-1,http://dx.doi.org/10.1007/s41315-020-00152-1,,NOV 2020,,,,,,,,,,,WOS:000588884100002,View Full Record in Web of Science
C,"Alt, B; Katic, D; Jäkel, R; Bozcuoglu, AK; Beetz, M",,,IEEE,"Alt, Benjamin; Katic, Darko; Jaekel, Rainer; Bozcuoglu, Asil Kaan; Beetz, Michael",,,Robot Program Parameter Inference via Differentiable Shadow Program Inversion,2021 IEEE INTERNATIONAL CONFERENCE ON ROBOTICS AND AUTOMATION (ICRA 2021),IEEE International Conference on Robotics and Automation ICRA,,,,IEEE International Conference on Robotics and Automation (ICRA),"MAY 30-JUN 05, 2021","Xian, PEOPLES R CHINA","IEEE,IEEE Robot & Automat Soc,So Univ Sci & Technol,Harbin Inst Technol,Xian Jiaotong Univ,Univ Toronto,Nat Sci & Engn Res Council Canada,Chinese Univ Hong Kong,DJI,Biomimet Intelligence & Robot,Toyota Res Inst,Baidu,Mech Mind Robot Technologies,Facebook AI,Nokov,Manycore,Franka Emika,Zhejiang Univ, Huzhou Inst,Jing Tian,ATI Ind Automat,Amber,Direct Drive Tech,Inceptio,Flexiv,Deeproute AI,Unitree,Waymo,Kuka,Pudu Robot,Deep Robot,Nvidia,MathWorks",,,,,,,,,"Alt, Benjamin/LXA-0435-2024","Alt, Benjamin/0009-0002-8790-1671; Beetz, Michael/0000-0002-7888-7444",,,,,,,,,,,,,1050-4729,2577-087X,978-1-7281-9077-8,,,,2021,,,,,,,4672,4678,,10.1109/ICRA48506.2021.9561206,http://dx.doi.org/10.1109/ICRA48506.2021.9561206,,,,,,,,,,,,,WOS:000765738803094,View Full Record in Web of Science
C,"Heikkilä, T; Ahola, JM",,,IEEE,"Heikkila, Tapio; Ahola, Jari M.",,,Robot skills - modeling and control aspects,2018 14TH IEEE/ASME INTERNATIONAL CONFERENCE ON MECHATRONIC AND EMBEDDED SYSTEMS AND APPLICATIONS (MESA),,,,,14th IEEE/ASME International Conference on Mechatronic and Embedded Systems and Applications (MESA),"JUL 02-04, 2018","Oulu, FINLAND","IEEE,ASME",,,,,,,,,,", Tapio/0000-0001-7180-2148",,,,,,,,,,,,,,,978-1-5386-4643-4,,,,2018,,,,,,,,,,,,,,,,,,,,,,,,WOS:000926870600036,View Full Record in Web of Science
C,"Mees, O; Borja-Diaz, J; Burgard, W",,,IEEE,"Mees, Oier; Borja-Diaz, Jessica; Burgard, Wolfram",,,Grounding Language with Visual Affordances over Unstructured Data,2023 IEEE INTERNATIONAL CONFERENCE ON ROBOTICS AND AUTOMATION (ICRA 2023),IEEE International Conference on Robotics and Automation ICRA,,,,IEEE International Conference on Robotics and Automation (ICRA),"MAY 29-JUN 02, 2023","London, ENGLAND","IEEE,IEEE Robot & Automat Soc",,,,,,,,,"Burgard, Wolfram/N-2381-2019","Borja Diaz, Jessica/0009-0004-5969-012X",,,,,,,,,,,,,1050-4729,2577-087X,979-8-3503-2365-8,,,,2023,,,,,,,11576,11582,,10.1109/ICRA48891.2023.10160396,http://dx.doi.org/10.1109/ICRA48891.2023.10160396,,,,,,,,,,,,,WOS:001048371103097,View Full Record in Web of Science
J,"Huang, YH; Li, TJ; Ning, YM; Zhang, Y",,,,"Huang, Yonghua; Li, Tuanjie; Ning, Yuming; Zhang, Yan",,,A robot motion skills method with explicit environmental constraints,INDUSTRIAL ROBOT-THE INTERNATIONAL JOURNAL OF ROBOTICS RESEARCH AND APPLICATION,,,,,,,,,,,,,,,,,"Li, Tuanjie/AFM-9069-2022; Ning, Yuming/KTI-6016-2024","Ning, Yuming/0009-0006-1486-1014",,,,,,,,,,,,,0143-991X,1758-5791,,,,MAY 9,2024,51,3,,,,,387,399,,10.1108/IR-08-2023-0180,http://dx.doi.org/10.1108/IR-08-2023-0180,,MAR 2024,,,,,,,,,,,WOS:001175314700001,View Full Record in Web of Science
C,"Madsen, S; Jami, M; Petersen, HG",,,IEEE,"Madsen, Steffen; Jami, Milad; Petersen, Henrik G.",,,Automated Generation of Robot Trajectories for Assembly Processes Requiring Only Sparse Manual Input,2021 IEEE INTERNATIONAL CONFERENCE ON ROBOTICS AND AUTOMATION (ICRA 2021),IEEE International Conference on Robotics and Automation ICRA,,,,IEEE International Conference on Robotics and Automation (ICRA),"MAY 30-JUN 05, 2021","Xian, PEOPLES R CHINA","IEEE,IEEE Robot & Automat Soc,So Univ Sci & Technol,Harbin Inst Technol,Xian Jiaotong Univ,Univ Toronto,Nat Sci & Engn Res Council Canada,Chinese Univ Hong Kong,DJI,Biomimet Intelligence & Robot,Toyota Res Inst,Baidu,Mech Mind Robot Technologies,Facebook AI,Nokov,Manycore,Franka Emika,Zhejiang Univ, Huzhou Inst,Jing Tian,ATI Ind Automat,Amber,Direct Drive Tech,Inceptio,Flexiv,Deeproute AI,Unitree,Waymo,Kuka,Pudu Robot,Deep Robot,Nvidia,MathWorks",,,,,,,,,"Petersen, Henrik Gordon/R-4129-2018","Petersen, Henrik Gordon/0000-0002-0425-170X",,,,,,,,,,,,,1050-4729,2577-087X,978-1-7281-9077-8,,,,2021,,,,,,,700,707,,10.1109/ICRA48506.2021.9561465,http://dx.doi.org/10.1109/ICRA48506.2021.9561465,,,,,,,,,,,,,WOS:000765738800061,View Full Record in Web of Science
J,"Sun, D; Liao, QF; Loutfi, A",,,,"Sun, Da; Liao, Qianfang; Loutfi, Amy",,,Type-2 Fuzzy Model-Based Movement Primitives for Imitation Learning,IEEE TRANSACTIONS ON ROBOTICS,,,,,,,,,,,,,,,,,"SUN, DA/HZI-4173-2023; Loutfi, Amy/R-7032-2019","Sun, Da/0000-0002-0334-2554; LIAO, QIANFANG/0000-0001-8119-0843; Loutfi, Amy/0000-0002-3122-693X",,,,,,,,,,,,,1552-3098,1941-0468,,,,AUG,2022,38,4,,,,,2462,2480,,10.1109/TRO.2022.3152685,http://dx.doi.org/10.1109/TRO.2022.3152685,,MAR 2022,,,,,,,,,,,WOS:000767854700001,View Full Record in Web of Science
J,"Ershad, M; Rege, R; Fey, AM",,,,"Ershad, M.; Rege, R.; Fey, A. Majewicz",,,Meaningful Assessment of Robotic Surgical Style using the Wisdom of Crowds,INTERNATIONAL JOURNAL OF COMPUTER ASSISTED RADIOLOGY AND SURGERY,,,,,,,,,,,,,,,,,,"Rege, Robert/0000-0002-6864-713X; Majewicz Fey, Ann/0000-0002-1802-6730",,,,,,,,,,,,,1861-6410,1861-6429,,,,JUL,2018,13,7,,,,,1037,1048,,10.1007/s11548-018-1738-2,http://dx.doi.org/10.1007/s11548-018-1738-2,,,,,,,,29574500,,,,,WOS:000435977600008,View Full Record in Web of Science
C,"Sidorenko, A; Hermann, J; Ruskowski, M",,,IEEE,"Sidorenko, Aleksandr; Hermann, Jesko; Ruskowski, Martin",,,Using Behavior Trees for Coordination of Skills in Modular Reconfigurable CPPMs,2022 IEEE 27TH INTERNATIONAL CONFERENCE ON EMERGING TECHNOLOGIES AND FACTORY AUTOMATION (ETFA),IEEE International Conference on Emerging Technologies and Factory Automation-ETFA,,,,IEEE 27th International Conference on Emerging Technologies and Factory Automation (ETFA),"SEP 06-09, 2022","Stuttgart, GERMANY",IEEE,,,,,,,,,,,,,,,,,,,,,,,1946-0740,1946-0759,978-1-6654-9996-5,,,,2022,,,,,,,,,,10.1109/ETFA52439.2022.9921558,http://dx.doi.org/10.1109/ETFA52439.2022.9921558,,,,,,,,,,,,,WOS:000934103900116,View Full Record in Web of Science
J,"Chen, Y; Naghdy, F",,,,"Chen, Y; Naghdy, F",,,Acquisition of manipulation skills from a haptic rendered virtual environment,INTEGRATED COMPUTER-AIDED ENGINEERING,,,,,,,,,,,,,,,,,,,,,,,,,,,,,,,1069-2509,1875-8835,,,,,2004,11,4,,,,,359,372,,,,,,,,,,,,,,,,WOS:000226759400006,View Full Record in Web of Science
C,"Boloka, T; Makondo, N; Rosman, B",,,IEEE,"Boloka, Tlou; Makondo, Ndivhuwo; Rosman, Benjamin",,,Knowledge Transfer using Model-Based Deep Reinforcement Learning,2021 SOUTHERN AFRICAN UNIVERSITIES POWER ENGINEERING CONFERENCE/ROBOTICS AND MECHATRONICS/PATTERN RECOGNITION ASSOCIATION OF SOUTH AFRICA (SAUPEC/ROBMECH/PRASA),,,,,Southern African Universities Power Engineering Conference/Robotics and Mechatronics/Pattern-Recognition-Association of South Africa (SAUPEC/RobMech/PRASA),"JAN 27-29, 2021","N W Univ Potchefstroom, ELECTR NETWORK",,N W Univ Potchefstroom,,,,,,,,"Rosman, Benjamin/ABF-3933-2020",,,,,,,,,,,,,,,,978-1-6654-0345-0,,,,2021,,,,,,,,,,10.1109/SAUPEC/RobMech/PRASA52254.2021.9377247,http://dx.doi.org/10.1109/SAUPEC/RobMech/PRASA52254.2021.9377247,,,,,,,,,,,,,WOS:000668564300055,View Full Record in Web of Science
J,"Xue, HH; Herzog, R; Berger, TM; Bäeumer, T; Weissbach, A; Rueckert, E",,,,"Xue, Honghu; Herzog, Rebecca; Berger, Till M.; Baeumer, Tobias; Weissbach, Anne; Rueckert, Elmar",,,Using Probabilistic Movement Primitives in Analyzing Human Motion Differences Under Transcranial Current Stimulation,FRONTIERS IN ROBOTICS AND AI,,,,,,,,,,,,,,,,,,"Rueckert, Elmar/0000-0003-1221-8253; Herzog, Rebecca/0000-0002-5906-5947",,,,,,,,,,,,,2296-9144,,,,,SEP 14,2021,8,,,,,,,,721890,10.3389/frobt.2021.721890,http://dx.doi.org/10.3389/frobt.2021.721890,,,,,,,,34595209,,,,,WOS:000704587900001,View Full Record in Web of Science
J,"Yu, XB; Liu, PS; He, W; Liu, Y; Chen, Q; Ding, L",,,,"Yu, Xinbo; Liu, Peisen; He, Wei; Liu, Yu; Chen, Qi; Ding, Liang",,,Human-Robot Variable Impedance Skills Transfer Learning Based on Dynamic Movement Primitives,IEEE ROBOTICS AND AUTOMATION LETTERS,,,,,,,,,,,,,,,,,"He, Wei/K-4900-2019; Liu, Peisen/KXQ-7746-2024","Chen, Qi/0000-0002-2593-127X",,,,,,,,,,,,,2377-3766,,,,,JUL,2022,7,3,,,,,6463,6470,,10.1109/LRA.2022.3154469,http://dx.doi.org/10.1109/LRA.2022.3154469,,,,,,,,,,,,,WOS:000798185300001,View Full Record in Web of Science
J,"Eppler, MA",,,,"Eppler, MA",,,Development of manipulatory skills and the deployment of attention,INFANT BEHAVIOR & DEVELOPMENT,,,,,1991 Biennial Meeting of the Society-for-Research-in-Child-Development,"APR 20, 1991","SEATTLE, WA",Soc Res Child Dev,,,,,,,,,,,,,,,,,,,,,,,0163-6383,,,,,OCT-DEC,1995,18,4,,,,,391,405,,10.1016/0163-6383(95)90029-2,http://dx.doi.org/10.1016/0163-6383(95)90029-2,,,,,,,,,,,,,WOS:A1995TQ37000002,View Full Record in Web of Science
J,"Pane, Y; Mokhtari, V; Aertbeliën, E; De Schutter, J; Decré, W",,,,"Pane, Yudha; Mokhtari, Vahid; Aertbelien, Erwin; De Schutter, Joris; Decre, Wilm",,,Autonomous Runtime Composition of Sensor-Based Skills Using Concurrent Task Planning,IEEE ROBOTICS AND AUTOMATION LETTERS,,,,,,,,,,,,,,,,,"Aertbelien, Erwin/L-5547-2018","Aertbelien, Erwin/0000-0002-4514-0934; De Schutter, Joris/0000-0001-9619-5815; Decre, Wilm/0000-0002-9724-8103; Pane, Yudha Prawira/0000-0003-0246-5605",,,,,,,,,,,,,2377-3766,,,,,OCT,2021,6,4,,,,,6481,6488,,10.1109/LRA.2021.3094498,http://dx.doi.org/10.1109/LRA.2021.3094498,,,,,,,,,,,,,WOS:000675205800024,View Full Record in Web of Science
C,"Gabler, V; Maier, K; Endo, S; Wollherr, D",,"Vouloutsi, V; Mura, A; Tauber, F; Speck, T; Prescott, TJ; Verschure, PFMJ",,"Gabler, Volker; Maier, Korbinian; Endo, Satoshi; Wollherr, Dirk",,,Haptic Object Identification for Advanced Manipulation Skills,"BIOMIMETIC AND BIOHYBRID SYSTEMS, LIVING MACHINES 2020",Lecture Notes in Artificial Intelligence,,,,9th International Conference on Biomimetic and Biohybrid Systems (Living Machines),"JUL 28-30, 2020","Freiburg, GERMANY","Catalan Inst Research & Advanced Studies,Inst Bioengineering Catalonia,Univ Freiburg",,,,,,,,,"; Wollherr, Dirk/C-3925-2011","Maier, Korbinian/0000-0001-5852-8762; Endo, Satoshi/0000-0002-0692-4234; Gabler, Volker/0000-0002-9915-213X; Wollherr, Dirk/0000-0003-2810-6790",,,,,,,,,,,,,0302-9743,1611-3349,978-3-030-64312-6; 978-3-030-64313-3,,,,2020,12413,,,,,,128,140,,10.1007/978-3-030-64313-3_14,http://dx.doi.org/10.1007/978-3-030-64313-3_14,,,,,,,,,,,,,WOS:000926082100014,View Full Record in Web of Science
C,"Solak, G; Jamone, L",,,IEEE,"Solak, Gokhan; Jamone, Lorenzo",,,Learning by Demonstration and Robust Control of Dexterous In-Hand Robotic Manipulation Skills,2019 IEEE/RSJ INTERNATIONAL CONFERENCE ON INTELLIGENT ROBOTS AND SYSTEMS (IROS),IEEE International Conference on Intelligent Robots and Systems,,,,IEEE/RSJ International Conference on Intelligent Robots and Systems (IROS),"NOV 04-08, 2019","Macau, PEOPLES R CHINA","IEEE,RSJ",,,,,,,,,"Jamone, Lorenzo/Q-8633-2016",,,,,,,,,,,,,,2153-0858,,978-1-7281-4004-9,,,,2019,,,,,,,8246,8251,,10.1109/iros40897.2019.8967567,http://dx.doi.org/10.1109/iros40897.2019.8967567,,,,,,,,,,,,,WOS:000544658406087,View Full Record in Web of Science
C,"Peleka, G; Kargakos, A; Skartados, E; Kostavelis, I; Giakoumis, D; Sarantopoulos, I; Doulgeri, Z; Foukarakis, M; Antona, M; Hirche, S; Ruffaldi, E; Stanczyk, B; Zompas, A; Hernández-Farigola, J; Roberto, N; Rejdak, K; Tzovaras, D","Kosecka, J","Maciejewski, AA; Okamura, A; Bicchi, A; Stachniss, C; Song, DZ; Lee, DH; Chaumette, F; Ding, H; Li, JS; Wen, J; Roberts, J; Masamune, K; Chong, NY; Amato, N; Tsagwarakis, N; Rocco, P; Asfour, T; Chung, WK; Yasuyoshi, Y; Sun, Y; Maciekeski, T; Althoefer, K; AndradeCetto, J; Chung, WK; Demircan, E; Dias, J; Fraisse, P; Gross, R; Harada, H; Hasegawa, Y; Hayashibe, M; Kiguchi, K; Kim, K; Kroeger, T; Li, Y; Ma, S; Mochiyama, H; Monje, CA; Rekleitis, I; Roberts, R; Stulp, F; Tsai, CHD; Zollo, L",,"Peleka, Georgia; Kargakos, Andreas; Skartados, Evangelos; Kostavelis, Ioannis; Giakoumis, Dimitrios; Sarantopoulos, Iason; Doulgeri, Zoe; Foukarakis, Michalis; Antona, Margherita; Hirche, Sandra; Ruffaldi, Emannuele; Stanczyk, Bartlomiej; Zompas, Anastasios; Hernandez-Farigola, Joan; Roberto, Natalia; Rejdak, Konrad; Tzovaras, Dimitrios","Kosecka, J",,RAMCIP - A service robot for MCI patients at home,2018 IEEE/RSJ INTERNATIONAL CONFERENCE ON INTELLIGENT ROBOTS AND SYSTEMS (IROS),IEEE International Conference on Intelligent Robots and Systems,,,,25th IEEE/RSJ International Conference on Intelligent Robots and Systems (IROS),"OCT 01-05, 2018","Madrid, SPAIN","IEEE Robot & Automat Soc,IEEE Ind Elect Soc,Robot Soc Japan,Soc Instrument & Control Engineers,New Technol Fdn,IEEE,Adept MobileRobots,Willow Garage,Aldebaran Robot,Natl Instruments,Reflexxes GmbH,Schunk Intec S L U,Univ Carlos III Madrid,BOSCH,JD COM,Pal Robot,KUKA,Santander,Squirrel AI Learning,Baidu,Generat Robots,KINOVA Robot,Ouster,Univ Pablo Olavide Sevilla,Rapyuta Robot,SICK,TOYOTA,UP,Amazon,ARGO,Built Robot,Disney Res,Easy Mile,Hitachi,Robot,Khalifa Univ,Magazino,MathWorks,New Dexterity,Schunk,nuTonomy,PILZ,Prophesee,Rootnik,Saga Robot,Shadow,Soft Bank Robot,Anyverse,GalTech,Generat Robot,IEEE CAA Journal Automatica Sinica,Sci Robot, AAAS,TERAS",,,,,,,,,"Tzovaras, Dimitrios/ABB-9576-2021; Kostavelis, Ioannis/ABH-8194-2020; Herrero, Natalia/ACK-1245-2022; Kargakos, Andreas/JTZ-6343-2023",,,,,,,,,,,,,,2153-0858,,978-1-5386-8094-0,,,,2018,,,,,,,8220,8220,,,,,,,,,,,,,,,,WOS:000458872707061,View Full Record in Web of Science
J,"Laugier, C; Fraichard, T; Garnier, P; Paromtchik, IE; Scheuer, A",,,,"Laugier, C; Fraichard, T; Garnier, P; Paromtchik, IE; Scheuer, A",,,Sensor-based control architecture for a car-like vehicle,AUTONOMOUS ROBOTS,,,,,,,,,,,,,,,,,,"Fraichard, Thierry/0000-0002-0763-3260",,,,,,,,,,,,,0929-5593,1573-7527,,,,APR,1999,6,2,,,,,165,185,,10.1023/A:1008835527875,http://dx.doi.org/10.1023/A:1008835527875,,,,,,,,,,,,,WOS:000080735400005,View Full Record in Web of Science
J,"Semeniuta, O; Falkman, P",,,,"Semeniuta, Oleksandr; Falkman, Petter",,,Event-driven industrial robot control architecture for the Adept V+ platform,PEERJ COMPUTER SCIENCE,,,,,,,,,,,,,,,,,,,,,,,,,,,,,,,2376-5992,,,,,JUL 29,2019,,,,,,,,,e207,10.7717/peerj-cs.207,http://dx.doi.org/10.7717/peerj-cs.207,,,,,,,,33816860,,,,,WOS:000480415800001,View Full Record in Web of Science
C,"Wu, HM; Lin, HB; Guan, YS; Harada, K; Rojas, J",,,IEEE,"Wu, Hongmin; Lin, Hongbin; Guan, Yisheng; Harada, Kensuke; Rojas, Juan",,,Robot Introspection with Bayesian Nonparametric Vector Autoregressive Hidden Markov Models,2017 IEEE-RAS 17TH INTERNATIONAL CONFERENCE ON HUMANOID ROBOTICS (HUMANOIDS),,,,,IEEE-RAS 17th International Conference on Humanoid Robotics (Humanoids),"NOV 15-17, 2017","Birmingham, ENGLAND","IEEE, RAS",,,,,,,,,"Rojas, Juan/AAH-9473-2019; Harada, Kensuke/M-3376-2016","Harada, Kensuke/0000-0002-7576-756X; Lin, Hongbin/0000-0003-4280-7622",,,,,,,,,,,,,,,978-1-5386-4678-6,,,,2017,,,,,,,882,888,,,,,,,,,,,,,,,,WOS:000427350100129,View Full Record in Web of Science
S,"Yanushkevich, SN; Stoica, A; Shmerko, VP",,"Yanushkevich, SN; Wang, PSP; Gavrilova, ML; Srihari, SN",,"Yanushkevich, S. N.; Stoica, A.; Shmerko, V. P.",,,Fundamentals of Biometric-Based Training System Design,IMAGE PATTERN RECOGNITION: SYNTHESIS AND ANALYSIS IN BIOMETRICS,Series in Machine Perception and Artificial Intelligence,,,,,,,,,,,,,,,,"Yanushkevich, Svetlana/AAS-1052-2021","Yanushkevich, Svetlana/0000-0003-4794-9849; Stoica, Adrian/0000-0003-1836-573X",,,,,,,,,,,,,1793-0839,,978-981-256-908-0,,,,2007,67,,,,,,365,406,,,,10.1142/9789812770677,,,,,,,,,,,,WOS:000269303000015,View Full Record in Web of Science
C,"Li, FM; Jiang, Q; Quan, W; Song, R; Li, YB",,,IEEE,"Li, Fengming; Jiang, Qi; Quan, Wei; Song, Rui; Li, Yibin",,,Manipulation Skill Acquisition for Robotic Assembly using Deep Reinforcement Learning,2019 IEEE/ASME INTERNATIONAL CONFERENCE ON ADVANCED INTELLIGENT MECHATRONICS (AIM),IEEE ASME International Conference on Advanced Intelligent Mechatronics,,,,IEEE/ASME International Conference on Advanced Intelligent Mechatronics (AIM),"JUL 08-12, 2019","Hong Kong, HONG KONG","IEEE,ASME",,,,,,,,,,,,,,,,,,,,,,,2159-6255,,978-1-7281-2493-3,,,,2019,,,,,,,13,18,,10.1109/aim.2019.8868579,http://dx.doi.org/10.1109/aim.2019.8868579,,,,,,,,,,,,,WOS:000531652900003,View Full Record in Web of Science
C,"BUSS, M; HASHIMOTO, H",,,IEEE,"BUSS, M; HASHIMOTO, H",,,MANIPULATION SKILL MODELING FOR DEXTEROUS HANDS,"1994 IEEE INTERNATIONAL CONFERENCE ON ROBOTICS AND AUTOMATION: PROCEEDINGS, VOLS 1-4",IEEE INTERNATIONAL CONFERENCE ON ROBOTICS AND AUTOMATION,,,,1994 IEEE International Conference on Robotics and Automation,"MAY 08-13, 1994","SAN DIEGO, CA","IEEE, ROBOT & AUTOMAT SOC",,,,,,,,,,,,,,,,,,,,,,,1050-4729,,0-8186-5330-2,,,,1994,,,,,,,3403,3408,,10.1109/ROBOT.1994.351047,http://dx.doi.org/10.1109/ROBOT.1994.351047,,,,,,,,,,,,,WOS:A1994BA72M00506,View Full Record in Web of Science
C,"Cortesao, R; Koeppe, R; Nunes, U; Hirzinger, G",,,IEEE; IEEE,"Cortesao, R; Koeppe, R; Nunes, U; Hirzinger, G",,,Compliant motion control with stochastic active observers,"IROS 2001: PROCEEDINGS OF THE 2001 IEEE/RJS INTERNATIONAL CONFERENCE ON INTELLIGENT ROBOTS AND SYSTEMS, VOLS 1-4: EXPANDING THE SOCIETAL ROLE OF ROBOTICS IN THE NEXT MILLENNIUM",,,,,IEEE Conference on Intelligent Robots and Systems (IROS 2001),"OCT 29-NOV 03, 2001","MAUI, HI","IEEE Ind Electr Soc,IEEE Robot & Automat Soc,Robot Soc Japan,Soc Instrument & Control Engineers",,,,,,,,,"Cortesao, Rui/Y-5620-2019; Nunes, Urbano J./G-1187-2011","Cortesao, Rui/0000-0003-1338-3138; Nunes, Urbano J./0000-0002-7750-5221",,,,,,,,,,,,,,,0-7803-6612-3,,,,2001,,,,,,,1876,1881,,,,,,,,,,,,,,,,WOS:000176593900297,View Full Record in Web of Science
S,"Colome, A; Torras, C",,,,"Colome, A; Torras, C",,,Reinforcement Learning of Bimanual Robot Skills,REINFORCEMENT LEARNING OF BIMANUAL ROBOT SKILLS,Springer Tracts in Advanced Robotics,,,,,,,,,,,,,,,,,,,,,,,,,,,,,,1610-7438,1610-742X,978-3-030-26326-3; 978-3-030-26325-6,,,,2020,134,,,,,,1,182,,10.1007/978-3-030-26326-3,http://dx.doi.org/10.1007/978-3-030-26326-3,,,,,,,,,,,,,WOS:000853713200014,View Full Record in Web of Science
C,"Bongiovanni, A; De Luca, A; Gava, L; Grassi, L; Lagomarsino, M; Lapolla, M; Marino, A; Roncagliolo, P; Macciò, S; Carfì, A; Mastrogiovanni, F",,"Petrovic, I; Menegatti, E; Markovic, I",,"Bongiovanni, Antonino; De Luca, Alessio; Gava, Luna; Grassi, Lucrezia; Lagomarsino, Marta; Lapolla, Marco; Marino, Antonio; Roncagliolo, Patrick; Maccio, Simone; Carfi, Alessandro; Mastrogiovanni, Fulvio",,,Gestural and Touchscreen Interaction for Human-Robot Collaboration: A Comparative Study,"INTELLIGENT AUTONOMOUS SYSTEMS 17, IAS-17",Lecture Notes in Networks and Systems,,,,17th International Conference on Intelligent Autonomous Systems (IAS),"JUN 13-16, 2022","Zagreb, CROATIA",,,,,,,,,,"Marino, Antonio/LLK-4827-2024; Carfì, Alessandro/ABE-4767-2020; Lagomarsino, Marta/GLU-8977-2022","Grassi, Lucrezia/0000-0001-6363-3962; Marino, Antonio/0000-0001-5383-5114",,,,,,,,,,,,,2367-3370,2367-3389,978-3-031-22215-3; 978-3-031-22216-0,,,,2023,577,,,,,,122,138,,10.1007/978-3-031-22216-0_9,http://dx.doi.org/10.1007/978-3-031-22216-0_9,,,,,,,,,,,,,WOS:000992458200009,View Full Record in Web of Science
C,"Rizwan, M; Caldas, R; Reichenbach, C; Mayr, M",,,IEEE,"Rizwan, Momina; Caldas, Ricardo; Reichenbach, Christoph; Mayr, Matthias",,,EzSkiROS: A Case Study on Embedded Robotics DSLs to Catch Bugs Early,"2023 IEEE/ACM 5TH INTERNATIONAL WORKSHOP ON ROBOTICS SOFTWARE ENGINEERING, ROSE",,,,,IEEE/ACM 5th International Workshop on Robotics Software Engineering (RoSE),"MAY 15, 2023","Melbourne, AUSTRALIA","IEEE,Assoc Comp Machinery,IEEE Comp Soc",,,,,,,,,"Caldas, Ricardo/ABG-8436-2021","Caldas, Ricardo/0000-0001-9997-8487; Reichenbach, Christoph/0000-0003-0608-7023; Rizwan, Momina/0000-0002-9426-2954",,,,,,,,,,,,,,,979-8-3503-0184-7,,,,2023,,,,,,,61,68,,10.1109/RoSE59155.2023.00014,http://dx.doi.org/10.1109/RoSE59155.2023.00014,,,,,,,,,,,,,WOS:001041782900010,View Full Record in Web of Science
C,"Danielczuk, M; Matl, M; Gupta, S; Li, A; Lee, A; Mahler, J; Goldberg, K",,"Howard, A; Althoefer, K; Arai, F; Arrichiello, F; Caputo, B; Castellanos, J; Hauser, K; Isler, V; Kim, J; Liu, H; Oh, P; Santos, V; Scaramuzza, D; Ude, A; Voyles, R; Yamane, K; Okamura, A",IEEE,"Danielczuk, Michael; Matl, Matthew; Gupta, Saurabh; Li, Andrew; Lee, Andrew; Mahler, Jeffrey; Goldberg, Ken",,,Segmenting Unknown 3D Objects from Real Depth Images using Mask R-CNN Trained on Synthetic Data,2019 INTERNATIONAL CONFERENCE ON ROBOTICS AND AUTOMATION (ICRA),IEEE International Conference on Robotics and Automation ICRA,,,,IEEE International Conference on Robotics and Automation (ICRA),"MAY 20-24, 2019","Montreal, CANADA","Bosch,DJI,Kinova,Mercedes Benz,Samsung,Argo AI,Clearpath Robot,Element AI,Fetch Robot,Huawei,iRobot,KUKA,Quanser,SICK,Toyota Res Inst,Uber,Waymo,Zhejiang Lab,Amazon,Applanix,Cloudminds,Honda Res Inst,MathWorks,Ouster",,,,,,,,,"Danielczuk, Michael/AAM-1098-2020","Goldberg, Ken/0000-0002-2661-4524",,,,,,,,,,,,,1050-4729,2577-087X,978-1-5386-6026-3,,,,2019,,,,,,,7283,7290,,10.1109/icra.2019.8793744,http://dx.doi.org/10.1109/icra.2019.8793744,,,,,,,,,,,,,WOS:000494942305050,View Full Record in Web of Science
C,"Coelho, L; Cerqueira, SM; Martins, V; André, J; Santos, CP",,"Santos, C; Pedrosa, E; Lima, JL; Garrote, L; Louro, L; Fonseca, P; Paiva, S; Pinto, VH",,"Coelho, Luis; Cerqueira, Sara M.; Martins, Vitor; Andre, Joao; Santos, Cristina P.",,,A DMPs-based Approach for Human-like Robotic Movements,"2024 IEEE INTERNATIONAL CONFERENCE ON AUTONOMOUS ROBOT SYSTEMS AND COMPETITIONS, ICARSC",IEEE International Conference on Autonomous Robot Systems and Competitions ICARSC,,,,International Conference on Autonomous Robot Systems and Competitions (ICARSC),"MAY 02-03, 2024","Paredes de Coura, PORTUGAL",IEEE,,,,,,,,,"Cerqueira, Sara/AAO-9055-2020",,,,,,,,,,,,,,2573-9360,2573-9387,979-8-3503-5235-1; 979-8-3503-5234-4,,,,2024,,,,,,,201,206,,10.1109/ICARSC61747.2024.10535923,http://dx.doi.org/10.1109/ICARSC61747.2024.10535923,,,,,,,,,,,,,WOS:001233947800008,View Full Record in Web of Science
J,"Al-Kamil, SJ; Szabolcsi, R",,,,"Al-Kamil, Safa Jameel; Szabolcsi, Robert",,,Optimizing path planning in mobile robot systems using motion capture technology,RESULTS IN ENGINEERING,,,,,,,,,,,,,,,,,"Al-Kamil, Safa/ABA-3533-2021","Al-Kamil, Safa/0009-0007-6344-4492",,,,,,,,,,,,,2590-1230,,,,,JUN,2024,22,,,,,,,,102043,10.1016/j.rineng.2024.102043,http://dx.doi.org/10.1016/j.rineng.2024.102043,,MAR 2024,,,,,,,,,,,WOS:001218498800001,View Full Record in Web of Science
C,"Volkmann, M; Sidorenko, A; Wagner, A; Hermann, J; Legler, T; Ruskowski, M",,,,"Volkmann, M.; Sidorenko, A.; Wagner, A.; Hermann, J.; Legler, T.; Ruskowski, M.",,,Integration of a feasibility and context check into an OPC UA skill,IFAC PAPERSONLINE,,,,,17th IFAC Symposium on Information Control Problems in Manufacturing (INCOM),"JUN 07-09, 2021","Budapest, HUNGARY","Int Federat Automat Control, Tech Comm 5 1 Mfg Plant Control,Int Federat Automat Control, Tech Comm 5 2 Management & Control Mfg & Logist,Int Federat Automat Control, Tech Comm 5 3 Integrat & Interoperabil Enterprise Syst,Int Federat Automat Control, Tech Comm 5 4 Large Scale Complex Syst,Inst Comp Sci & Control,Ctr Excellence Prod Informat & Control,Int Federat Automat Control, Tech Comm 1 3 Discrete Event & Hybrid Syst,Int Federat Automat Control, Tech Comm 4 2 Mechatron Syst,Int Federat Automat Control, Tech Comm 4 3 Robot,Int Federat Automat Control, Tech Comm 6 4 Fault Detect, Supervis & Safety Tech Proc,Int Federat Automat Control, Tech Comm 7 1 Automot Control,Int Federat Automat Control, Tech Comm 7 4 Transportat Syst,Int Federat Automat Control, Tech Comm 7 5 Intelligent Autonomous Vehicles,Int Federat Automat Control, Tech Comm 9 2 Syst & Control Societal Impact,IPAR 4 0,EPIC InnoLabs,Muegyetem 1782,Obudai Egyetem,IEEE Hungary Sect,Mesterseges Intelligencia Koalicio,AGIP,Univ Gyor, Szechenvi Egyetem,GE",,,,,,,,,,"Wagner, Andreas Johannes/0000-0001-9907-9377; Volkmann, Magnus/0000-0001-8870-4026",,,,,,,,,,,,,2405-8963,,,,,,2021,54,1,,,,,276,281,,10.1016/j.ifacol.2021.08.196,http://dx.doi.org/10.1016/j.ifacol.2021.08.196,,NOV 2021,,,,,,,,,,,WOS:000716937600047,View Full Record in Web of Science
J,"dos Santos, RR; Steffen, V; Saramago, SDP",,,,"dos Santos, Rogerio R.; Steffen, Valder, Jr.; Saramago, Sezimaria de F. P.",,,Robot path planning in a constrained workspace by using optimal control techniques,MULTIBODY SYSTEM DYNAMICS,,,,,3rd European Conference on Computational Mechanics,"JUN 04-09, 2006","Natl Civil Engn Lab, Lisbon, PORTUGAL","IACM,ECCOMAS,ECCSM,APMTAC,Fdn Sci & Technol,Calouste Gulbenkian Fdn,Tech Univ Lisbon,Inst Super Tecnico",Natl Civil Engn Lab,,,,,,,,"Steffen, Valder/C-3693-2018","Saramago, Sezimaria de Fatima Pereira/0000-0002-2558-8344",,,,,,,,,,,,,1384-5640,1573-272X,,,,FEB,2008,19,1-2,,,,,159,177,,10.1007/s11044-007-9059-1,http://dx.doi.org/10.1007/s11044-007-9059-1,,,,,,,,,,,,,WOS:000252769700009,View Full Record in Web of Science
J,"Pacheck, A; Kress-Gazit, H",,,,"Pacheck, Adam; Kress-Gazit, Hadas",,,"Physically Feasible Repair of Reactive, Linear Temporal Logic-Based, High-Level Tasks",IEEE TRANSACTIONS ON ROBOTICS,,,,,,,,,,,,,,,,,"Kress-Gazit, Hadas/A-4246-2018","Kress-Gazit, Hadas/0000-0002-7754-1011",,,,,,,,,,,,,1552-3098,1941-0468,,,,DEC,2023,39,6,,,,,4653,4670,,10.1109/TRO.2023.3304009,http://dx.doi.org/10.1109/TRO.2023.3304009,,SEP 2023,,,,,,,,,,,WOS:001071987900001,View Full Record in Web of Science
C,"Heuss, L; Blank, A; Dengler, S; Zikeli, GL; Reinhart, G; Franke, J",,"Ameri, F; Stecke, KE; VonCieminski, G; Kiritsis, D",,"Heuss, Lisa; Blank, Andreas; Dengler, Sebastian; Zikeli, Georg Lukas; Reinhart, Gunther; Franke, Joerg",,,Modular Robot Software Framework for the Intelligent and Flexible Composition of Its Skills,"ADVANCES IN PRODUCTION MANAGEMENT SYSTEMS: PRODUCTION MANAGEMENT FOR THE FACTORY OF THE FUTURE, PT I",IFIP Advances in Information and Communication Technology,,,,IFIP WG 5.7 International Conference on Advances in Production Management Systems (APMS),"SEP 01-05, 2019","Austin, TX","Int Federat Informat Proc Working Grp 5 7 Advances Prod Management Syst,Texas State Univ,Texas State Univ, Coll Sci & Engn,Univ Texas Dallas, Naveen Jindal Sch Management,AlphaNodus,PennState Serv Enterprise Engn",,,,,,,,,"Franke, Jorg/N-7819-2013","Franke, Jorg/0000-0003-0700-2028; Blank, Andreas/0000-0002-5904-9680",,,,,,,,,,,,,1868-4238,1868-422X,978-3-030-30000-5; 978-3-030-29999-6,,,,2019,,,,,,,248,256,,10.1007/978-3-030-30000-5_32,http://dx.doi.org/10.1007/978-3-030-30000-5_32,,,,,,,,,,,,,WOS:000503438100032,View Full Record in Web of Science
J,"Lu, ZY; Chen, L; Dai, HT; Li, HR; Zhao, Z; Zheng, BF; Lepora, NF; Yang, CG",,,,"Lu, Zhenyu; Chen, Lu; Dai, Hengtai; Li, Haoran; Zhao, Zhou; Zheng, Bofang; Lepora, Nathan F. F.; Yang, Chenguang",,,Visual-Tactile Robot Grasping Based on Human Skill Learning From Demonstrations Using a Wearable Parallel Hand Exoskeleton,IEEE ROBOTICS AND AUTOMATION LETTERS,,,,,,,,,,,,,,,,,"Yang, Chenguang/ABE-7755-2020; Lepora, Nathan/IUP-6849-2023; lu, zhenyu/AAH-5454-2019; Chen, Lu/L-8052-2019; Wang, Wen/HKV-9621-2023","zhenyu, lu/0000-0002-5446-7285; Lepora, Nathan/0000-0001-5327-1523; Yang, Chenguang/0000-0001-5255-5559; Li, Haoran/0000-0001-8815-073X",,,,,,,,,,,,,2377-3766,,,,,SEP,2023,8,9,,,,,5384,5391,,10.1109/LRA.2023.3295296,http://dx.doi.org/10.1109/LRA.2023.3295296,,,,,,,,,,,,,WOS:001036073300004,View Full Record in Web of Science
J,"Förster, J; Ott, L; Nieto, J; Lawrance, N; Siegwart, R; Chung, JJ",,,,"Forster, Julian; Ott, Lionel; Nieto, Juan; Lawrance, Nicholas; Siegwart, Roland; Chung, Jen Jen",,,Automatic extension of a symbolic mobile manipulation skill set,ROBOTICS AND AUTONOMOUS SYSTEMS,,,,,,,,,,,,,,,,,"Lawrance, Nicholas/KDO-4092-2024; Siegwart, Roland/A-4495-2008","Forster, Julian/0000-0002-1163-1065; Lawrance, Nicholas/0000-0003-2167-7427",,,,,,,,,,,,,0921-8890,1872-793X,,,,JUL,2023,165,,,,,,,,104428,10.1016/j.robot.2023.104428,http://dx.doi.org/10.1016/j.robot.2023.104428,,APR 2023,,,,,,,,,,,WOS:000989986800001,View Full Record in Web of Science
C,"Saveriano, M; Lee, D",,,IEEE,"Saveriano, Matteo; Lee, Dongheui",,,Learning Motion and Impedance Behaviors from Human Demonstrations,2014 11TH INTERNATIONAL CONFERENCE ON UBIQUITOUS ROBOTS AND AMBIENT INTELLIGENCE (URAI),International Conference on Ubiquitous Robots and Ambient Intelligence,,,,11th International Conference on Ubiquitous Robots and Ambient Intelligence (URAI),"NOV 12-15, 2014","Kuala Lumpur, MALAYSIA","Korean Robot Soc,Univ Kuala Lumpur,Korea Inst Sci & Technol,Ctr Human Centered Intecat Coexistence,IEEE,Robot Soc Japan,Robot Soc India,Robot Soc Taiwan,CIMTME,Korea Inst Robot Ind Advancement,Korea Assoc Robot Ind",,,,,,,,,,"Saveriano, Matteo/0000-0002-9784-3973",,,,,,,,,,,,,2325-033X,,978-1-4799-5333-2,,,,2014,,,,,,,368,373,,,,,,,,,,,,,,,,WOS:000383742100091,View Full Record in Web of Science
C,"Araujo, R; Nunes, U; de Almeida, AT",,"Dubois, DM",,"Araujo, R; Nunes, U; de Almeida, AT",,,Connectionist reinforcement learning of robot control skills,COMPUTING ANTICIPATORY SYSTEMS: CASYS - FIRST INTERNATIONAL CONFERENCE,AIP CONFERENCE PROCEEDINGS,,,,1st International Conference on Computing Anticipatory Systems (CASYS 97),"AUG 11-15, 1997","LIEGE, BELGIUM","CHAOS,Univ Liege, Inst Math,Fonds Natl Rech Sci,HEC Liege asbl,Euro View Serv sa,World Org Syst & Cybernet,Int Assoc Cybernet,Washington Evolut Syst Soc",,,,,,,,,"Nunes, Urbano J./G-1187-2011; Araujo, Rui/C-3026-2008","Nunes, Urbano J./0000-0002-7750-5221; Araujo, Rui/0000-0002-1007-8675",,,,,,,,,,,,,0094-243X,,1-56396-827-4,,,,1998,437,,,,,,364,373,,,,,,,,,,,,,,,,WOS:000075685700024,View Full Record in Web of Science
J,"Hersch, M; Guenter, F; Calinon, S; Billard, A",,,,"Hersch, Micha; Guenter, Florent; Calinon, Sylvain; Billard, Aude",,,Dynamical System Modulation for Robot Learning via Kinesthetic Demonstrations,IEEE TRANSACTIONS ON ROBOTICS,,,,,,,,,,,,,,,,,"Calinon, Sylvain/I-7606-2014","CALINON, Sylvain/0000-0002-9036-6799; Hersch, Micha/0000-0002-9281-6749",,,,,,,,,,,,,1552-3098,1941-0468,,,,DEC,2008,24,6,,,,,1463,1467,,10.1109/TRO.2008.2006703,http://dx.doi.org/10.1109/TRO.2008.2006703,,,,,,,,,,,,,WOS:000262220900020,View Full Record in Web of Science
C,"Petrik, V; Qureshi, MN; Sivic, J; Tapaswi, M",,,IEEE,"Petrik, Vladimir; Qureshi, Mohammad Nomaan; Sivic, Josef; Tapaswi, Makar",,,Learning Object Manipulation Skills from Video via Approximate Differentiable Physics,2022 IEEE/RSJ INTERNATIONAL CONFERENCE ON INTELLIGENT ROBOTS AND SYSTEMS (IROS),IEEE International Conference on Intelligent Robots and Systems,,,,IEEE/RSJ International Conference on Intelligent Robots and Systems (IROS),"OCT 23-27, 2022","Kyoto, JAPAN","IEEE,Royal Soc Japan,IEEE Robot & Automat Soc,IES,SICE,New Technol Fdn",,,,,,,,,"Petrík, Vladimír/AAE-2083-2019; Tapaswi, Makarand/JYO-4644-2024",,,,,,,,,,,,,,2153-0858,,978-1-6654-7927-1,,,,2022,,,,,,,7375,7382,,10.1109/IROS47612.2022.9982084,http://dx.doi.org/10.1109/IROS47612.2022.9982084,,,,,,,,,,,,,WOS:000909405300038,View Full Record in Web of Science
C,"Zhang, TH; McCarthy, Z; Jow, O; Lee, D; Chen, X; Goldberg, K; Abbeel-, P",,,IEEE,"Zhang, Tianhao; McCarthy, Zoe; Jow, Owen; Lee, Dennis; Chen, Xi; Goldberg, Ken; Abbeel, Pieter",,,Deep Imitation Learning for Complex Manipulation Tasks from Virtual Reality Teleoperation,2018 IEEE INTERNATIONAL CONFERENCE ON ROBOTICS AND AUTOMATION (ICRA),IEEE International Conference on Robotics and Automation ICRA,,,,IEEE International Conference on Robotics and Automation (ICRA),"MAY 21-25, 2018","Brisbane, AUSTRALIA","IEEE,CSIRO,Australian Govt, Dept Def Sci & Technol,DJI,Queensland Univ Technol,Woodside,Baidu,Bosch,Houston Mechatron,Kinova Robot,KUKA,Hit Robot Grp,Honda Res Inst,iRobot,Mathworks,NuTonomy,Ouster,Uber",,,,,,,,,,,,,,,,,,,,,,,1050-4729,2577-087X,978-1-5386-3081-5,,,,2018,,,,,,,5628,5635,,,,,,,,,,,,,,,,WOS:000446394504034,View Full Record in Web of Science
C,"Shahmohammadi, M; Dwivedi, A; Nielsen, P; Taberner, A; Liarokapis, M",,,IEEE,"Shahmohammadi, Mojtaba; Dwivedi, Anany; Nielsen, Poul; Taberner, Andrew; Liarokapis, Minas",,,On Lightmyography: A New Muscle Machine Interfacing Method for Decoding Human Intention and Motion,2021 43RD ANNUAL INTERNATIONAL CONFERENCE OF THE IEEE ENGINEERING IN MEDICINE & BIOLOGY SOCIETY (EMBC),IEEE Engineering in Medicine and Biology Society Conference Proceedings,,,,43rd Annual International Conference of the IEEE-Engineering-in-Medicine-and-Biology-Society (IEEE EMBC),"NOV 01-05, 2021",ELECTR NETWORK,"IEEE Engn Med & Biol Soc,IEEE,Elsevier,Inst Engn & Technol",,,,,,,,,"Nielsen, Poul/A-5814-2009; Liarokapis, Minas/E-1990-2015","Nielsen, Poul/0000-0002-4704-0179; Taberner, Andrew/0000-0002-0452-0308; Dwivedi, Anany/0000-0003-3262-6676",,,,,,,,,,,,,1557-170X,1558-4615,978-1-7281-1179-7,,,,2021,,,,,,,4744,4748,,10.1109/EMBC46164.2021.9630177,http://dx.doi.org/10.1109/EMBC46164.2021.9630177,,,,,,,,34892270,,,,,WOS:000760910504148,View Full Record in Web of Science
J,"Rafii-Tari, H; Payne, CJ; Bicknell, C; Kwok, KW; Cheshire, NJW; Riga, C; Yang, GZ",,,,"Rafii-Tari, Hedyeh; Payne, Christopher J.; Bicknell, Colin; Kwok, Ka-Wai; Cheshire, Nicholas J. W.; Riga, Celia; Yang, Guang-Zhong",,,Objective Assessment of Endovascular Navigation Skills with Force Sensing,ANNALS OF BIOMEDICAL ENGINEERING,,,,,,,,,,,,,,,,,"Yang, Guangzhong/ABB-7316-2021; Kwok, Ka-Wai/GQQ-0548-2022","Kwok, Ka-Wai/0000-0003-1879-9730",,,,,,,,,,,,,0090-6964,1573-9686,,,,MAY,2017,45,5,,,,,1315,1327,,10.1007/s10439-017-1791-y,http://dx.doi.org/10.1007/s10439-017-1791-y,,,,,,,,28181002,,,,,WOS:000399805600015,View Full Record in Web of Science
J,"Kostavelis, I; Kargakos, A; Skartados, E; Peleka, G; Giakoumis, D; Sarantopoulos, I; Agriomallos, I; Doulgeri, Z; Endo, S; Stueber, H; Janjos, F; Hirche, S; Tzovaras, D",,,,"Kostavelis, Ioannis; Kargakos, Andreas; Skartados, Evangelos; Peleka, Georgia; Giakoumis, Dimitrios; Sarantopoulos, Iason; Agriomallos, Ioannis; Doulgeri, Zoe; Endo, Satoshi; Stueber, Heiko; Janjos, Faris; Hirche, Sandra; Tzovaras, Dimitrios",,,Robotic Assistance in Medication Intake: A Complete Pipeline,APPLIED SCIENCES-BASEL,,,,,,,,,,,,,,,,,"Kargakos, Andreas/JTZ-6343-2023; Kostavelis, Ioannis/ABH-8194-2020; Tzovaras, Dimitrios/ABB-9576-2021","Doulgeri, Zoe/0000-0003-2188-9358; Endo, Satoshi/0000-0002-0692-4234; Tzovaras, Dimitrios/0000-0001-6915-6722; Peleka, Georgia/0000-0001-7212-3155; Kostavelis, Ioannis/0000-0003-2882-2914",,,,,,,,,,,,,,2076-3417,,,,FEB,2022,12,3,,,,,,,1379,10.3390/app12031379,http://dx.doi.org/10.3390/app12031379,,,,,,,,,,,,,WOS:000760212000001,View Full Record in Web of Science
C,"Ti, BY; Gao, YS; Zhao, J; Calinon, S",,,IEEE,"Ti, Boyang; Gao, Yongsheng; Zhao, Jie; Calinon, Sylvain",,,Imitation of Manipulation Skills Using Multiple Geometries,2022 IEEE/RSJ INTERNATIONAL CONFERENCE ON INTELLIGENT ROBOTS AND SYSTEMS (IROS),IEEE International Conference on Intelligent Robots and Systems,,,,IEEE/RSJ International Conference on Intelligent Robots and Systems (IROS),"OCT 23-27, 2022","Kyoto, JAPAN","IEEE,Royal Soc Japan,IEEE Robot & Automat Soc,IES,SICE,New Technol Fdn",,,,,,,,,,"Ti, Boyang/0000-0002-0303-8317",,,,,,,,,,,,,2153-0858,,978-1-6654-7927-1,,,,2022,,,,,,,7391,7398,,10.1109/IROS47612.2022.9981683,http://dx.doi.org/10.1109/IROS47612.2022.9981683,,,,,,,,,,,,,WOS:000909405300039,View Full Record in Web of Science
J,"Guo, J; Guo, SX; Tamiya, T; Hirata, H; Ishihara, H",,,,"Guo, Jin; Guo, Shuxiang; Tamiya, Takashi; Hirata, Hideyuki; Ishihara, Hidenori",,,Design and performance evaluation of a master controller for endovascular catheterization,INTERNATIONAL JOURNAL OF COMPUTER ASSISTED RADIOLOGY AND SURGERY,,,,,,,,,,,,,,,,,,"Guo, Shuxiang/0000-0002-0607-9798",,,,,,,,,,,,,1861-6410,1861-6429,,,,JAN,2016,11,1,,,,,119,131,,10.1007/s11548-015-1211-4,http://dx.doi.org/10.1007/s11548-015-1211-4,,,,,,,,26067289,,,,,WOS:000368688600011,View Full Record in Web of Science
J,"Kubota, N; Arakawa, T; Fukuda, T",,,,"Kubota, N; Arakawa, T; Fukuda, T",,,Hierarchical trajectory planning of redundant manipulators with structured intelligence,ADVANCED ROBOTICS,,,,,,,,,,,,,,,,,,,,,,,,,,,,,,,0169-1864,1568-5535,,,,,1998,12,3,,,,,209,225,,,,,,,,,,,,,,,,WOS:000076429700004,View Full Record in Web of Science
J,"Hu, XY; Zhao, J; Peng, DS; Sun, ZL; Qu, XD",,,,"Hu, Xinyao; Zhao, Jun; Peng, Dongsheng; Sun, Zhenglong; Qu, Xingda",,,Estimation of Foot Plantar Center of Pressure Trajectories with Low-Cost Instrumented Insoles Using an Individual-Specific Nonlinear Model,SENSORS,,,,,,,,,,,,,,,,,"yu, xy/KQV-4742-2024; SUN, ZHENGLONG/A-9128-2012; Qu, Xingda/AFJ-8921-2022","Sun, Zhenglong/0000-0002-8135-1659; Qu, Xingda/0000-0003-1764-0357",,,,,,,,,,,,,,1424-8220,,,,FEB,2018,18,2,,,,,,,421,10.3390/s18020421,http://dx.doi.org/10.3390/s18020421,,,,,,,,29389857,,,,,WOS:000427544000104,View Full Record in Web of Science
J,"Dai, HT; Lu, ZY; He, MY; Yang, CG",,,,"Dai, Hengtai; Lu, Zhenyu; He, Mengyuan; Yang, Chenguang",,,A Gripper-like Exoskeleton Design for Robot Grasping Demonstration,ACTUATORS,,,,,,,,,,,,,,,,,"Yang, Chenguang/AAJ-2509-2020; Lu, Zhenyu/AAA-5077-2019","Yang, Chenguang/0000-0001-5255-5559",,,,,,,,,,,,,,2076-0825,,,,JAN,2023,12,1,,,,,,,39,10.3390/act12010039,http://dx.doi.org/10.3390/act12010039,,,,,,,,,,,,,WOS:000916822400001,View Full Record in Web of Science
J,"Bi, ZM; Luo, CM; Miao, ZH; Zhang, B; Zhang, WJ; Wang, LH",,,,"Bi, Z. M.; Luo, Chaomin; Miao, Zhonghua; Zhang, Bing; Zhang, W. J.; Wang, Lihui",,,Safety assurance mechanisms of collaborative robotic systems in manufacturing,ROBOTICS AND COMPUTER-INTEGRATED MANUFACTURING,,,,,,,,,,,,,,,,,"Bi, Zhuming/AAA-3088-2019; Zhang, Bing/L-8698-2017; Zhang, WJ/A-8248-2010; Wang, Lihui/O-3907-2014","Wang, Lihui/0000-0001-8679-8049; Zhang, Wenjun/0000-0001-7973-8769",,,,,,,,,,,,,0736-5845,1879-2537,,,,FEB,2021,67,,,,,,,,102022,10.1016/j.rcim.2020.102022,http://dx.doi.org/10.1016/j.rcim.2020.102022,,,,,,,,,,,,,WOS:000573439800001,View Full Record in Web of Science
C,"Schneider, M; Cubek, R; Fromm, T; Ertel, W",,"Obdrzalek, D; Gottscheber, A",,"Schneider, Markus; Cubek, Richard; Fromm, Tobias; Ertel, Wolfgang",,,Combining Gaussian Processes and Conventional Path Planning in a Learning from Demonstration Framework,RESEARCH AND EDUCATION IN ROBOTICS: EUROBOT 2010,Communications in Computer and Information Science,,,,International Conference on Research and Education in Robotics (EUROBOT 2010),"MAY 27-30, 2010","Rapperswil Jona, SWITZERLAND",,,,,,,,,,"Ertel, Wolfgang/HSH-3041-2023","Doernbach, Tobias/0000-0001-6488-8211; Ertel, Wolfgang/0009-0005-8967-3766",,,,,,,,,,,,,1865-0929,1865-0937,978-3-642-27271-4,,,,2011,156,,,,,,118,129,,,,,,,,,,,,,,,,WOS:000306347000011,View Full Record in Web of Science
J,"Zhou, Y; Gao, JF; Asfour, T",,,,"Zhou, You; Gao, Jianfeng; Asfour, Tamim",,,Movement Primitive Learning and Generalization: Using Mixture Density Networks,IEEE ROBOTICS & AUTOMATION MAGAZINE,,,,,,,,,,,,,,,,,,"Gao, Jianfeng/0000-0002-6371-505X; Asfour, Tamim/0000-0003-4879-7680",,,,,,,,,,,,,1070-9932,1558-223X,,,,JUN,2020,27,2,,,,,22,32,,10.1109/MRA.2020.2980591,http://dx.doi.org/10.1109/MRA.2020.2980591,,,,,,,,,,,,,WOS:000542932400008,View Full Record in Web of Science
C,"Tziafas, G; Kasaei, H",,,IEEE,"Tziafas, Georgios; Kasaei, Hamidreza",,,Lifelong Robot Library Learning: Bootstrapping Composable and Generalizable Skills for Embodied Control with Language Models,"2024 IEEE INTERNATIONAL CONFERENCE ON ROBOTICS AND AUTOMATION, ICRA 2024",IEEE International Conference on Robotics and Automation ICRA,,,,IEEE International Conference on Robotics and Automation (ICRA),"MAY 13-17, 2024","Yokohama, JAPAN","IEEE,IEEE Robot & Automat Soc",,,,,,,,,,,,,,,,,,,,,,,1050-4729,2577-087X,979-8-3503-8458-1; 979-8-3503-8457-4,,,,2024,,,,,,,515,522,,10.1109/ICRA57147.2024.10611448,http://dx.doi.org/10.1109/ICRA57147.2024.10611448,,,,,,,,,,,,,WOS:001294576200049,View Full Record in Web of Science
J,"Yin, ZK; Ye, C; An, H; Lin, WY; Wang, ZF",,,,"Yin, Zikang; Ye, Chao; An, Hao; Lin, Weiyang; Wang, Zhifeng",,,Robot Manipulation Skills Transfer for Sim-to-Real in Unstructured Environments,ELECTRONICS,,,,,,,,,,,,,,,,,"Wang, Zhifeng/ITT-2561-2023; Ye, Chao/GYV-0682-2022","yin, zi kang/0000-0003-1401-5337; Lin, Weiyang/0000-0002-0493-1289",,,,,,,,,,,,,,2079-9292,,,,JAN,2023,12,2,,,,,,,411,10.3390/electronics12020411,http://dx.doi.org/10.3390/electronics12020411,,,,,,,,,,,,,WOS:000914408800001,View Full Record in Web of Science
C,"Haage, M; Malec, J; Nilsson, A; Nilsson, K; Nowaczyk, S",,"KofodPetersen, A; Heintz, F; Langseth, H",,"Haage, Mathias; Malec, Jacek; Nilsson, Anders; Nilsson, Klas; Nowaczyk, Slawomir",,,Declarative-knowledge-based reconfiguration of automation systems using a blackboard architecture,ELEVENTH SCANDINAVIAN CONFERENCE ON ARTIFICIAL INTELLIGENCE (SCAI 2011),Frontiers in Artificial Intelligence and Applications,,,,11th Scandinavian Conference on Artificial Intelligence (SCAI),"MAY 24-26, 2011","Trondheim, NORWAY","Norwegian Univ Sci & Technol,Norwegian Artificial Intelligence Soc,Verdande Technologies,Norwegian Res Council",,,,,,,,,"Malec, Jacek/K-7740-2015; Nowaczyk, Slawomir/AAG-5417-2020","Malec, Jacek/0000-0002-2121-1937; Nowaczyk, Slawomir/0000-0002-7796-5201",,,,,,,,,,,,,0922-6389,1879-8314,978-1-60750-754-3; 978-1-60750-753-6,,,,2011,227,,,,,,163,172,,10.3233/978-1-60750-754-3-163,http://dx.doi.org/10.3233/978-1-60750-754-3-163,,,,,,,,,,,,,WOS:000329410700021,View Full Record in Web of Science
J,"Wen, H; Fu, W; Chen, W; Huan, JL; Li, CS; Duan, XG",,,,"Wen, Hao; Fu, Wen; Chen, Wu; Huan, Jiale; Li, Changsheng; Duan, Xingguang",,,Imitation Learning and Teleoperation Shared Control With Unit Tangent Fuzzy Movement Primitives,IEEE TRANSACTIONS ON FUZZY SYSTEMS,,,,,,,,,,,,,,,,,,,,,,,,,,,,,,,1063-6706,1941-0034,,,,NOV,2024,32,11,,,,,6252,6266,,10.1109/TFUZZ.2024.3443713,http://dx.doi.org/10.1109/TFUZZ.2024.3443713,,,,,,,,,,,,,WOS:001348284400046,View Full Record in Web of Science
C,"Barbaros, V; van Hoof, H; Abdolmaleki, A; Meger, D",,,IEEE,"Barbaros, Victor; van Hoof, Herke; Abdolmaleki, Abbas; Meger, David",,,Eager and Memory-Based Non-Parametric Stochastic Search Methods for Learning Control,2018 IEEE INTERNATIONAL CONFERENCE ON ROBOTICS AND AUTOMATION (ICRA),IEEE International Conference on Robotics and Automation ICRA,,,,IEEE International Conference on Robotics and Automation (ICRA),"MAY 21-25, 2018","Brisbane, AUSTRALIA","IEEE,CSIRO,Australian Govt, Dept Def Sci & Technol,DJI,Queensland Univ Technol,Woodside,Baidu,Bosch,Houston Mechatron,Kinova Robot,KUKA,Hit Robot Grp,Honda Res Inst,iRobot,Mathworks,NuTonomy,Ouster,Uber",,,,,,,,,"van Hoof, Herke/N-7775-2017","van Hoof, Herke/0000-0002-1583-3692",,,,,,,,,,,,,1050-4729,,978-1-5386-3081-5,,,,2018,,,,,,,5090,5096,,,,,,,,,,,,,,,,WOS:000446394503125,View Full Record in Web of Science
C,"Jiang, ZY; Yang, CG; He, W; Ju, ZJ",,,IEEE,"Jiang, Zeyu; Yang, Chenguang; He, Wei; Ju, Zhaojie",,,ADVANCED TELE-OPERATED ROBOT INTERFACE FOR TEACHING BY DEMONSTRATION,"PROCEEDINGS OF 2017 INTERNATIONAL CONFERENCE ON MACHINE LEARNING AND CYBERNETICS (ICMLC), VOL 1",International Conference on Machine Learning and Cybernetics,,,,International Conference on Machine Learning and Cybernetics (ICMLC),"JUL 09-12, 2017","Ningbo, PEOPLES R CHINA","IEEE Syst, Man & Cybernet Soc,Univ Adelaide,Zhejiang Univ,Univ Alberta,Ulster Univ,Portsmouth Univ,Univ Hyogo,Univ Cagliari, Dept Elect & Elect Engn",,,,,,,,,"Ju, Zhaojie/AAA-5872-2019; Yang, Chenguang/AAJ-2509-2020","Ju, Zhaojie/0000-0002-9524-7609",,,,,,,,,,,,,2160-133X,,978-1-5386-0408-3,,,,2017,,,,,,,290,298,,,,,,,,,,,,,,,,WOS:000425929700046,View Full Record in Web of Science
J,"Polverini, MP; Zanchettin, AM; Rocco, P",,,,"Polverini, Matteo Parigi; Zanchettin, Andrea Maria; Rocco, Paolo",,,A constraint-based programming approach for robotic assembly skills implementation,ROBOTICS AND COMPUTER-INTEGRATED MANUFACTURING,,,,,,,,,,,,,,,,,,"ROCCO, PAOLO/0000-0001-6716-434X; Parigi Polverini, Matteo/0000-0002-4740-7006",,,,,,,,,,,,,0736-5845,1879-2537,,,,OCT,2019,59,,,,,,69,81,,10.1016/j.rcim.2019.03.005,http://dx.doi.org/10.1016/j.rcim.2019.03.005,,,,,,,,,,,,,WOS:000472694400007,View Full Record in Web of Science
C,"Liu, HF; Tan, JY; Chen, YW; Ang, MH",,,IEEE,"Liu, Haofeng; Tan, Jiayi; Chen, Yiwen; Ang, Marcelo H., Jr.",,,Learning Complicated Manipulation Skills via Deterministic Policy with Limited Demonstrations,"2023 21ST INTERNATIONAL CONFERENCE ON ADVANCED ROBOTICS, ICAR",International Conference on Advanced Robotics and Intelligent Systems,,,,21st International Conference on Advanced Robotics (ICAR),"DEC 05-08, 2023","Abu Dhabi, U ARAB EMIRATES",,,,,,,,,,"Ang, Marcelo/B-4469-2010",,,,,,,,,,,,,,2374-3255,,979-8-3503-4229-1,,,,2023,,,,,,,499,505,,10.1109/ICAR58858.2023.10406318,http://dx.doi.org/10.1109/ICAR58858.2023.10406318,,,,,,,,,,,,,WOS:001164949000073,View Full Record in Web of Science
C,"Takács, K; Haidegger, T",,,IEEE,"Takacs, Kristof; Haidegger, Tamas",,,Adaptive Neuro-fuzzy Inference System for Automated Skill Assessment in Robot-Assisted Minimally Invasive Surgery,INES 2021: 2021 IEEE 25TH INTERNATIONAL CONFERENCE ON INTELLIGENT ENGINEERING SYSTEMS,IEEE International Conference on Intelligent Engineering Systems,,,,25th IEEE International Conference on Intelligent Engineering Systems (INES),"JUL 07-09, 2021","Budapest, HUNGARY","IEEE,Obuda Univ,IEEE Hungary Sect,Hungarian Fuzzy Assoc,IEEE IES & RAS Joint Chapter,IEEE SMC Chapter,IEEE Control Syst Chapter,IEEE Ind Elect Soc",,,,,,,,,"Haidegger, Tamas/N-1542-2019; Haidegger, Tamas/H-1590-2012","Takacs, Kristof/0000-0001-5417-6026; Haidegger, Tamas/0000-0003-1402-1139",,,,,,,,,,,,,1562-5850,,978-1-6654-4499-6,,,,2021,,,,,,,,,,10.1109/INES52918.2021.9512924,http://dx.doi.org/10.1109/INES52918.2021.9512924,,,,,,,,,,,,,WOS:000709774300034,View Full Record in Web of Science
J,"Zhong, WJ; Mancuso, P",,,,"Zhong, Wenjie; Mancuso, Pascal",,,Utilization and Surgical Skill Transferability of the Simulator Robot to the Clinical Robot for Urology Surgery,UROLOGIA INTERNATIONALIS,,,,,,,,,,,,,,,,,"Zhong, Wenjie/KOG-0641-2024",/0000-0002-0191-9495,,,,,,,,,,,,,0042-1138,1423-0399,,,,,2017,98,1,,,,,1,6,,10.1159/000449473,http://dx.doi.org/10.1159/000449473,,,,,,,,27631077,,,,,WOS:000393358800001,View Full Record in Web of Science
C,"Celik, O; Zhou, DZR; Li, G; Becker, P; Neumann, G",,"Faust, A; Hsu, D; Neumann, G",,"Celik, Onur; Zhou, Dongzhuoran; Li, Ge; Becker, Philipp; Neumann, Gerhard",,,Specializing Versatile Skill Libraries using Local Mixture of Experts,"CONFERENCE ON ROBOT LEARNING, VOL 164",Proceedings of Machine Learning Research,,,,5th Conference on Robot Learning (CoRL),"NOV 08-11, 2021","London, ENGLAND",,,,,,,,,,,,,,,,,,,,,,,,2640-3498,,,,,,2021,164,,,,,,1423,1433,,,,,,,,,,,,,,,,WOS:001234872300126,View Full Record in Web of Science
J,"Wu, HM; Guan, YS; Rojas, J",,,,"Wu, Hongmin; Guan, Yisheng; Rojas, Juan",,,Analysis of multimodal Bayesian nonparametric autoregressive hidden Markov models for process monitoring in robotic contact tasks,INTERNATIONAL JOURNAL OF ADVANCED ROBOTIC SYSTEMS,,,,,,,,,,,,,,,,,"Rojas, Juan/AAH-9473-2019",,,,,,,,,,,,,,1729-8814,,,,,MAR 27,2019,16,2,,,,,,,1729881419834840,10.1177/1729881419834840,http://dx.doi.org/10.1177/1729881419834840,,,,,,,,,,,,,WOS:000462746400001,View Full Record in Web of Science
C,"Knotts, RM; Nourbakhsh, IR; Morris, RC",,"Demsetz, LA; Bryne, RH; Wetzel, JP",,"Knotts, RM; Nourbakhsh, IR; Morris, RC",,,NaviGates: A benchmark for indoor navigation,ROBOTICS 98,,,,,3rd ASCE Speciality Conference on Robotics for Challenging Environments (Robotics 98),"APR 26-30, 1998","ALBUQUERQUE, NM","Amer Soc Civil Engineers, Aerospace Div,NASA,Natl Aeronaut Soc,Amer Astronaut Soc,Amer Inst Architects,Sandia Natl Labs,Bechtel Corp,Fluor Daniel Corp",,,,,,,,,,,,,,,,,,,,,,,,,0-7844-0337-6,,,,1998,,,,,,,36,42,,,,,,,,,,,,,,,,WOS:000079075400006,View Full Record in Web of Science
C,"Daab, T; Jaquier, N; Dreher, C; Meixner, A; Krebs, F; Asfour, T",,,IEEE,"Daab, Tilman; Jaquier, Noemie; Dreher, Christian; Meixner, Andre; Krebs, Franziska; Asfour, Tamim",,,Incremental Learning of Full-Pose Via-Point Movement Primitives on Riemannian Manifolds,"2024 IEEE INTERNATIONAL CONFERENCE ON ROBOTICS AND AUTOMATION, ICRA 2024",IEEE International Conference on Robotics and Automation ICRA,,,,IEEE International Conference on Robotics and Automation (ICRA),"MAY 13-17, 2024","Yokohama, JAPAN","IEEE,IEEE Robot & Automat Soc",,,,,,,,,,,,,,,,,,,,,,,1050-4729,2577-087X,979-8-3503-8458-1; 979-8-3503-8457-4,,,,2024,,,,,,,2317,2323,,10.1109/ICRA57147.2024.10610275,http://dx.doi.org/10.1109/ICRA57147.2024.10610275,,,,,,,,,,,,,WOS:001294576201134,View Full Record in Web of Science
C,"Lee, JK; Ryu, JH",,,IEEE,"Lee, Joong-Ku; Ryu, Jee-Hwan",,,Learning Robotic Rotational Manipulation Skill from Bilateral Teleoperation,2022 19TH INTERNATIONAL CONFERENCE ON UBIQUITOUS ROBOTS (UR),,,,,19th International Conference on Ubiquitous Robots (UR),"JUL 04-06, 2022","Jeju, SOUTH KOREA",,,,,,,,,,"Ryu, Jee-Hwan/AAI-1815-2019",,,,,,,,,,,,,,,,978-1-6654-8253-0,,,,2022,,,,,,,318,325,,10.1109/UR55393.2022.9826276,http://dx.doi.org/10.1109/UR55393.2022.9826276,,,,,,,,,,,,,WOS:000922068300053,View Full Record in Web of Science
J,"Ugur, E; Girgin, H",,,,"Ugur, Emre; Girgin, Hakan",,,Compliant Parametric Dynamic Movement Primitives,ROBOTICA,,,,,,,,,,,,,,,,,"Ugur, Emre/A-6011-2017","Girgin, Hakan/0000-0002-4776-7888; Ugur, Emre/0000-0001-9597-2731",,,,,,,,,,,,,0263-5747,1469-8668,,,,MAR,2020,38,3,,,,,457,474,PII S026357471900078X,10.1017/S026357471900078X,http://dx.doi.org/10.1017/S026357471900078X,,,,,,,,,,,,,WOS:000512402600006,View Full Record in Web of Science
J,"Piercy, T; Herrmann, G; Cangelosi, A; Zoulias, ID; Pulgarin, EJL",,,,"Piercy, Thomas; Herrmann, Guido; Cangelosi, Angelo; Dimitrios Zoulias, Ioannis; Lopez Pulgarin, Erwin Jose",,,"Relationships Between Experience, Sleepiness, Height, Reported Task Load, and Performance Scores in Teleoperators for the JET",IEEE TRANSACTIONS ON PLASMA SCIENCE,,,,,,,,,,,,,,,,,"Cangelosi, Angelo/D-6784-2011; Lopez Pulgarin, Erwin/M-2529-2019; Zoulias, Ioannis Dimitrios/I-7009-2019","Lopez Pulgarin, Erwin Jose/0000-0001-9927-6688; Zoulias, Ioannis Dimitrios/0000-0002-6107-8149; Herrmann, Guido/0000-0001-5390-4538; Cangelosi, Angelo/0000-0002-4709-2243",,,,,,,,,,,,,0093-3813,1939-9375,,,,SEP,2024,52,9,,,,,3978,3984,,10.1109/TPS.2024.3428391,http://dx.doi.org/10.1109/TPS.2024.3428391,,AUG 2024,,,,,,,,,,,WOS:001288399900001,View Full Record in Web of Science
C,"Velasquez, A; Swenson, N; Cravetz, M; Grimm, C; Davidson, JR",,,IEEE,"Velasquez, Alejandro; Swenson, Nigel; Cravetz, Miranda; Grimm, Cindy; Davidson, Joseph R.",,,Predicting fruit-pick success using a grasp classifier trained on a physical proxy,2022 IEEE/RSJ INTERNATIONAL CONFERENCE ON INTELLIGENT ROBOTS AND SYSTEMS (IROS),IEEE International Conference on Intelligent Robots and Systems,,,,IEEE/RSJ International Conference on Intelligent Robots and Systems (IROS),"OCT 23-27, 2022","Kyoto, JAPAN","IEEE,Royal Soc Japan,IEEE Robot & Automat Soc,IES,SICE,New Technol Fdn",,,,,,,,,,"Grimm, Cindy/0000-0002-1711-7112",,,,,,,,,,,,,2153-0858,,978-1-6654-7927-1,,,,2022,,,,,,,9225,9231,,10.1109/IROS47612.2022.9981716,http://dx.doi.org/10.1109/IROS47612.2022.9981716,,,,,,,,,,,,,WOS:000909405301108,View Full Record in Web of Science
J,"Moorthy, K; Munz, Y; Dosis, A; Hernandez, J; Martin, S; Bello, F; Rockall, T; Darzi, A",,,,"Moorthy, K; Munz, Y; Dosis, A; Hernandez, J; Martin, S; Bello, F; Rockall, T; Darzi, A",,,Dexterity enhancement with robotic surgery,SURGICAL ENDOSCOPY AND OTHER INTERVENTIONAL TECHNIQUES,,,,,Annual Meeting of the Society-of-American-Gastrointestinal-Endoscopic-Surgeons,"MAR 12-15, 2003","Los Angeles, CA",Soc Amer Gastrointestinal & Endoscop Surg,,,,,,,,,"Bello, Fernando/E-3081-2013","Bello, Fernando/0000-0003-4136-0355; Hernandez, Juan/0000-0001-7502-4961; Moorthy, Krishna/0000-0001-8960-465X; Dosis, Aristotelis/0000-0001-7474-6276",,,,,,,,,,,,,0930-2794,1432-2218,,,,MAY,2004,18,5,,,,,790,795,,10.1007/s00464-003-8922-2,http://dx.doi.org/10.1007/s00464-003-8922-2,,,,,,,,15216862,,,,,WOS:000222826700017,View Full Record in Web of Science
C,"Park, S; Chai, Y; Park, S; Park, J; Lee, K; Choi, S",,,IEEE,"Park, Sangbeom; Chai, Yoonbyung; Park, Sunghyun; Park, Jeongeun; Lee, Kyungjae; Choi, Sungjoon",,,Semi-Autonomous Teleoperation via Learning Non-Prehensile Manipulation Skills,"2022 IEEE INTERNATIONAL CONFERENCE ON ROBOTICS AND AUTOMATION, ICRA 2022",IEEE International Conference on Robotics and Automation ICRA,,,,IEEE International Conference on Robotics and Automation (ICRA),"MAY 23-27, 2022","Philadelphia, PA","IEEE,IEEE Robot & Automat Soc",,,,,,,,,,"Lee, Kyungjae/0000-0003-0147-2715",,,,,,,,,,,,,1050-4729,2577-087X,978-1-7281-9681-7,,,,2022,,,,,,,9295,9301,,10.1109/ICRA46639.2022.9811823,http://dx.doi.org/10.1109/ICRA46639.2022.9811823,,,,,,,,,,,,,WOS:000941277602002,View Full Record in Web of Science
C,"Cheng, XX; Kumar, A; Pathak, D",,,IEEE,"Cheng, Xuxin; Kumar, Ashish; Pathak, Deepak",,,Legs as Manipulator: Pushing Quadrupedal Agility Beyond Locomotion,"2023 IEEE INTERNATIONAL CONFERENCE ON ROBOTICS AND AUTOMATION, ICRA",IEEE International Conference on Robotics and Automation ICRA,,,,IEEE International Conference on Robotics and Automation (ICRA),"MAY 29-JUN 02, 2023","London, ENGLAND","IEEE,IEEE Robot & Automat Soc",,,,,,,,,,,,,,,,,,,,,,,1050-4729,2577-087X,979-8-3503-2365-8,,,,2023,,,,,,,5106,5112,,10.1109/ICRA48891.2023.10161470,http://dx.doi.org/10.1109/ICRA48891.2023.10161470,,,,,,,,,,,,,WOS:001036713004012,View Full Record in Web of Science
C,"Jacq, A; Lemaignan, S; Garcia, F; Dillenbourg, P; Paiva, A",,,ACM,"Jacq, Alexis; Lemaignan, Severin; Garcia, Fernando; Dillenbourg, Pierre; Paiva, Ana",,,Building Successful Long Child-Robot Interactions in a Learning Context,ELEVENTH ACM/IEEE INTERNATIONAL CONFERENCE ON HUMAN ROBOT INTERACTION (HRI'16),ACM IEEE International Conference on Human-Robot Interaction,,,,11th ACM/IEEE International Conference on Human-Robot Interaction (HRI),"MAR 07-10, 2016","Christchurch, NEW ZEALAND","ACM,IEEE,ACM SIGCHI,ACM SIGAI,IEEE Robot & Automat Soc,HFES,AAAI,ACM SIGART",,,,,,,,,"; Paiva, Ana/B-9900-2011","Lemaignan, Severin/0000-0002-3391-8876; Paiva, Ana/0000-0003-3998-5188",,,,,,,,,,,,,2167-2121,2167-2148,978-1-4673-8369-1,,,,2016,,,,,,,239,246,,,,,,,,,,,,,,,,WOS:000389809100033,View Full Record in Web of Science
J,"Gaspar, T; Nemec, B; Morimoto, J; Ude, A",,,,"Gaspar, Timotej; Nemec, Bojan; Morimoto, Jun; Ude, Aleg",,,Skill learning and action recognition by arc-length dynamic movement primitives,ROBOTICS AND AUTONOMOUS SYSTEMS,,,,,,,,,,,,,,,,,"Ude, Aleš/ABB-7839-2020","Gaspar, Timotej/0000-0002-2447-9621; Ude, Ales/0000-0003-3677-3972",,,,,,,,,,,,,0921-8890,1872-793X,,,,FEB,2018,100,,,,,,225,235,,10.1016/j.robot.2017.11.012,http://dx.doi.org/10.1016/j.robot.2017.11.012,,,,,,,,,,,,,WOS:000423639400018,View Full Record in Web of Science
J,"Guan, Y; Wang, N; Yang, CG",,,,"Guan, Yuan; Wang, Ning; Yang, Chenguang",,,An Improvement of Robot Stiffness-Adaptive Skill Primitive Generalization Using the Surface Electromyography in Human-Robot Collaboration,FRONTIERS IN NEUROSCIENCE,,,,,,,,,,,,,,,,,"Yang, Chenguang/AAJ-2509-2020","Yang, Chenguang/0000-0001-5255-5559",,,,,,,,,,,,,,1662-453X,,,,SEP 14,2021,15,,,,,,,,694914,10.3389/fnins.2021.694914,http://dx.doi.org/10.3389/fnins.2021.694914,,,,,,,,34594181,,,,,WOS:000704873700001,View Full Record in Web of Science
J,"Bilberg, A; Malik, AA",,,,"Bilberg, Arne; Malik, Ali Ahmad",,,Digital twin driven human-robot collaborative assembly,CIRP ANNALS-MANUFACTURING TECHNOLOGY,,,,,,,,,,,,,,,,,"Bilberg, Arne/P-4227-2018; Malik, Ali Ahmad/M-4502-2018","Bilberg, Arne/0000-0002-4780-8459; Malik, Ali Ahmad/0000-0001-7191-3614",,,,,,,,,,,,,0007-8506,1726-0604,,,,,2019,68,1,,,,,499,502,,10.1016/j.cirp.2019.04.011,http://dx.doi.org/10.1016/j.cirp.2019.04.011,,,,,,,,,,,,,WOS:000474213500125,View Full Record in Web of Science
J,"St-Onge, D; Brèches, PY; Sharf, I; Reeves, N; Rekleitis, I; Abouzakhm, P; Girdhar, Y; Harmat, A; Dudek, G; Giguère, P",,,,"St-Onge, David; Breches, Pierre-Yves; Sharf, Inna; Reeves, Nicolas; Rekleitis, Ioannis; Abouzakhm, Patrick; Girdhar, Yogesh; Harmat, Adam; Dudek, Gregory; Giguere, Philippe",,,"Control, localization and human interaction with an autonomous lighter-than-air performer",ROBOTICS AND AUTONOMOUS SYSTEMS,,,,,,,,,,,,,,,,,"REEVES, NICOLAS/AAP-1761-2021; St-Onge, David/S-2045-2016","St-Onge, David/0000-0002-0587-8598; Rekleitis, Ioannis/0000-0002-0655-224X; Giguere, Philippe/0000-0002-7520-8290; Sharf, Inna/0000-0001-5027-3646; Girdhar, Yogesh/0000-0001-9510-9639; Dudek, Gregory/0000-0001-5040-4925",,,,,,,,,,,,,0921-8890,1872-793X,,,,FEB,2017,88,,,,,,165,186,,10.1016/j.robot.2016.10.013,http://dx.doi.org/10.1016/j.robot.2016.10.013,,,,,,,,,,,,,WOS:000392164200015,View Full Record in Web of Science
C,"Liang, PD; Yang, CG; Li, ZJ; Li, RF",,,IEEE,"Liang, Peidong; Yang, Chenguang; Li, Zhijun; Li, Ruifeng",,,Writing Skills Transfer From Human To Robot Using Stiffness Extracted From sEMG,"2015 IEEE INTERNATIONAL CONFERENCE ON CYBER TECHNOLOGY IN AUTOMATION, CONTROL, AND INTELLIGENT SYSTEMS (CYBER)",IEEE Annual International Conference on Cyber Technology in Automation Control and Intelligent Systems,,,,"IEEE International Conference on Cyber Technology in Automation, Control, and Intelligent Systems (CYBER)","JUN 09-12, 2015","Shenyang, PEOPLES R CHINA",IEEE,,,,,,,,,"Li, Zhijun/ACT-9992-2022; Yang, Chenguang/AAJ-2509-2020","Yang, Chenguang/0000-0001-5255-5559",,,,,,,,,,,,,2379-7711,,978-1-4799-8730-6,,,,2015,,,,,,,19,24,,,,,,,,,,,,,,,,WOS:000380502300010,View Full Record in Web of Science
J,"Almeida, L; Menezes, P; Dias, J",,,,"Almeida, Luis; Menezes, Paulo; Dias, Jorge",,,Interface Transparency Issues in Teleoperation,APPLIED SCIENCES-BASEL,,,,,,,,,,,,,,,,,"Almeida, Luis/N-3220-2013; Dias, Jorge/A-1842-2011; Menezes, Paulo/A-3121-2011","Dias, Jorge/0000-0002-2725-8867; Almeida, Luis/0000-0003-4711-4454; Menezes, Paulo/0000-0002-4903-3554",,,,,,,,,,,,,,2076-3417,,,,SEP,2020,10,18,,,,,,,6232,10.3390/app10186232,http://dx.doi.org/10.3390/app10186232,,,,,,,,,,,,,WOS:000581742500001,View Full Record in Web of Science
J,"Beik-Mohammadi, H; Hauberg, S; Arvanitidis, G; Neumann, G; Rozo, L",,,,"Beik-Mohammadi, Hadi; Hauberg, Soren; Arvanitidis, Georgios; Neumann, Gerhard; Rozo, Leonel",,,Reactive motion generation on learned Riemannian manifolds,INTERNATIONAL JOURNAL OF ROBOTICS RESEARCH,,,,,,,,,,,,,,,,,"Arvanitidis, Georgios/IAP-9197-2023; Rozo, Leonel/HTP-2045-2023; Hauberg, Soren/L-2104-2016","Rozo, Leonel/0000-0001-5970-9135; Hauberg, Soren/0000-0001-7223-877X; Beik Mohammadi, Hadi/0000-0002-8170-2471",,,,,,,,,,,,,0278-3649,1741-3176,,,,SEP,2023,42,10,,,SI,,729,754,,10.1177/02783649231193046,http://dx.doi.org/10.1177/02783649231193046,,AUG 2023,,,,,,,,,,,WOS:001060610100001,View Full Record in Web of Science
C,"Zhang, HW; Liu, YW; Zhou, WJ",,,IEEE,"Zhang, Huiwen; Liu, Yuwang; Zhou, Weijia",,,Deep Adversarial Imitation Learning of Locomotion Skills from One-shot Video Demonstration,"2019 9TH IEEE ANNUAL INTERNATIONAL CONFERENCE ON CYBER TECHNOLOGY IN AUTOMATION, CONTROL, AND INTELLIGENT SYSTEMS (IEEE-CYBER 2019)",IEEE Annual International Conference on Cyber Technology in Automation Control and Intelligent Systems,,,,"9th IEEE Annual International Conference on Cyber Technology in Automation, Control, and Intelligent Systems (IEEE-CYBER)","JUL 29-AUG 02, 2019","Suzhou, PEOPLES R CHINA","IEEE,RA",,,,,,,,,,,,,,,,,,,,,,,2379-7711,,978-1-7281-0770-7,,,,2019,,,,,,,1257,1261,,10.1109/cyber46603.2019.9066512,http://dx.doi.org/10.1109/cyber46603.2019.9066512,,,,,,,,,,,,,WOS:000569550300219,View Full Record in Web of Science
J,"Ti, BY; Razmjoo, A; Gao, YS; Zhao, J; Calinon, S",,,,"Ti, Boyang; Razmjoo, Amirreza; Gao, Yongsheng; Zhao, Jie; Calinon, Sylvain",,,A geometric optimal control approach for imitation and generalization of manipulation skills,ROBOTICS AND AUTONOMOUS SYSTEMS,,,,,,,,,,,,,,,,,,"Ti, Boyang/0000-0002-0303-8317",,,,,,,,,,,,,0921-8890,1872-793X,,,,JUN,2023,164,,,,,,,,104413,10.1016/j.robot.2023.104413,http://dx.doi.org/10.1016/j.robot.2023.104413,,MAR 2023,,,,,,,,,,,WOS:000968537200001,View Full Record in Web of Science
C,"Alvarez-Aparicio, C; Guerrero-Higueras, AM; Rodríguez-Lera, FJ; Olivera, MCC; Olivera, VM; Clavero, JG; Rico, FM",,"Almeida, L; Reis, LP; Moreira, AP",,"Alvarez-Aparicio, Claudia; Guerrero-Higueras, Angel M.; Rodriguez-Lera, Francisco J.; Calvo Olivera, M. Carmen; Matellan Olivera, Vicente; Gines Clavero, Jonatan; Martin Rico, Francisco",,,LIDAR-based people detection and tracking for @home Competitions,2019 19TH IEEE INTERNATIONAL CONFERENCE ON AUTONOMOUS ROBOT SYSTEMS AND COMPETITIONS (ICARSC 2019),IEEE International Conference on Autonomous Robot Systems and Competitions ICARSC,,,,19th IEEE International Conference on Autonomous Robot Systems and Competitions (ICARSC),"APR 24-26, 2019","Gondomar, PORTUGAL","IEEE,Portuguese Soc Robot,IEEE Portugal Sect,EEE Robot & Automat Soc, Portuguese Chapter,Univ Porto, Fac Engn,Inst Syst & Comp Engn, Lab Assoc",,,,,,,,,"Guerrero-Higueras, Ángel Manuel/AAE-1375-2022; APARICIO, CLAUDIA/AAO-7705-2020; Matellán, Vicente/L-4309-2014; Rodriguez Lera, Francisco J./C-9363-2019; Martin Rico, Francisco/G-2516-2016","Rodriguez Lera, Francisco J./0000-0002-8400-7079; Martin Rico, Francisco/0000-0003-3121-5744; Gines Clavero, Jonatan/0000-0002-7319-098X",,,,,,,,,,,,,2573-9360,2573-9387,978-1-7281-3558-8,,,,2019,,,,,,,116,121,,,,,,,,,,,,,,,,WOS:000477700600019,View Full Record in Web of Science
C,"Wang, N; Yang, CG; Lyu, MR; Li, ZJ",,,IEEE,"Wang, Ning; Yang, Chenguang; Lyu, Michael R.; Li, Zhijun",,,An EMG Enhanced Impedance and Force Control Framework for Telerobot Operation in Space,2014 IEEE AEROSPACE CONFERENCE,,,,,IEEE Aerospace Conference,"MAR 01-08, 2014","Big Sky, MT",IEEE,,,,,,,,,"Li, Zhijun/ACT-9992-2022; Yang, Chenguang/AAJ-2509-2020","Yang, Chenguang/0000-0001-5255-5559",,,,,,,,,,,,,,,978-1-4799-1622-1,,,,2014,,,,,,,,,,,,,,,,,,,,,,,,WOS:000356039103094,View Full Record in Web of Science
C,"Dhonthi, A; Schillinger, P; Rozo, L; Nardi, D",,,IEEE,"Dhonthi, Akshay; Schillinger, Philipp; Rozo, Leonel; Nardi, Daniele",,,Optimizing Demonstrated Robot Manipulation Skills for Temporal Logic Constraints,2022 IEEE/RSJ INTERNATIONAL CONFERENCE ON INTELLIGENT ROBOTS AND SYSTEMS (IROS),IEEE International Conference on Intelligent Robots and Systems,,,,IEEE/RSJ International Conference on Intelligent Robots and Systems (IROS),"OCT 23-27, 2022","Kyoto, JAPAN","IEEE,Royal Soc Japan,IEEE Robot & Automat Soc,IES,SICE,New Technol Fdn",,,,,,,,,"Rozo, Leonel/HTP-2045-2023",,,,,,,,,,,,,,2153-0858,,978-1-6654-7927-1,,,,2022,,,,,,,1255,1262,,10.1109/IROS47612.2022.9981384,http://dx.doi.org/10.1109/IROS47612.2022.9981384,,,,,,,,,,,,,WOS:000908368201037,View Full Record in Web of Science
J,"Massera, G; Tuci, E; Ferrauto, T; Nolfi, S",,,,"Massera, Gianluca; Tuci, Elio; Ferrauto, Tomassino; Nolfi, Stefano",,,The Facilitatory Role of Linguistic Instructions on Developing Manipulation Skills,IEEE COMPUTATIONAL INTELLIGENCE MAGAZINE,,,,,,,,,,,,,,,,,,,,,,,,,,,,,,,1556-603X,1556-6048,,,,AUG,2010,5,3,,,,,33,42,,10.1109/MCI.2010.937321,http://dx.doi.org/10.1109/MCI.2010.937321,,,,,,,,,,,,,WOS:000282406000004,View Full Record in Web of Science
J,"Odgaard, AB",,,,"Odgaard, Ane Bjerre",,,What is the Problem? A Situated Account of Computational Thinking as Problem-Solving in Two Danish Preschools,KUNSTLICHE INTELLIGENZ,,,,,,,,,,,,,,,,,,"Odgaard, Ane Bjerre/0000-0001-8738-8850",,,,,,,,,,,,,0933-1875,1610-1987,,,,MAR,2022,36,1,,,SI,,47,57,,10.1007/s13218-021-00752-4,http://dx.doi.org/10.1007/s13218-021-00752-4,,JAN 2022,,,,,,,,,,,WOS:000741905000001,View Full Record in Web of Science
C,"Hertel, B; Pelland, M; Ahmadzadeh, SR",,,IEEE,"Hertel, Brendan; Pelland, Matthew; Ahmadzadeh, S. Reza",,,Robot Learning from Demonstration Using Elastic Maps,2022 IEEE/RSJ INTERNATIONAL CONFERENCE ON INTELLIGENT ROBOTS AND SYSTEMS (IROS),IEEE International Conference on Intelligent Robots and Systems,,,,IEEE/RSJ International Conference on Intelligent Robots and Systems (IROS),"OCT 23-27, 2022","Kyoto, JAPAN","IEEE,Royal Soc Japan,IEEE Robot & Automat Soc,IES,SICE,New Technol Fdn",,,,,,,,,,"Azadeh, Reza/0000-0002-6651-8684; Hertel, Brendan/0000-0003-1533-7733",,,,,,,,,,,,,2153-0858,,978-1-6654-7927-1,,,,2022,,,,,,,7407,7413,,10.1109/IROS47612.2022.9981241,http://dx.doi.org/10.1109/IROS47612.2022.9981241,,,,,,,,,,,,,WOS:000909405300040,View Full Record in Web of Science
C,"Dvorák, F; Barták, R; Bit-Monnot, A; Ingrand, F; Ghallab, M",,,IEEE,"Dvorak, Filip; Bartak, Roman; Bit-Monnot, Arthur; Ingrand, Felix; Ghallab, Malik",,,Planning and Acting with Temporal and Hierarchical Decomposition Models,2014 IEEE 26TH INTERNATIONAL CONFERENCE ON TOOLS WITH ARTIFICIAL INTELLIGENCE (ICTAI),Proceedings-International Conference on Tools With Artificial Intelligence,,,,26th IEEE International Conference on Tools with Artificial Intelligence (ICTAI),"NOV 10-12, 2014","Limassol, CYPRUS","IEEE,IEEE Comp Soc,Biolog & Artificial Intelligence Fdn,Austrian Airlines,Cyprus Tourism Org,Univ Cyprus",,,,,,,,,"Bartak, Roman/N-8554-2017","Bartak, Roman/0000-0002-6717-8175",,,,,,,,,,,,,1082-3409,,,,,,2014,,,,,,,115,121,,10.1109/ICTAI.2014.27,http://dx.doi.org/10.1109/ICTAI.2014.27,,,,,,,,,,,,,WOS:000357384700017,View Full Record in Web of Science
C,"Youngquist, O; Spirot, A; Doctort, K; Grupen, R",,,IEEE,"Youngquist, Oscar; Spirot, Alenna; Doctort, Khoshrav; Grupen, Roderic",,,Evaluating Sensorimotor Abstraction on Curricula for Learning Mobile Manipulation Skills,"2022 IEEE INTERNATIONAL CONFERENCE ON DEVELOPMENT AND LEARNING, ICDL",IEEE International Conference on Development and Learning,,,,IEEE International Conference on Development and Learning (ICDL),"SEP 12-15, 2022","London, ENGLAND",IEEE,,,,,,,,,,,,,,,,,,,,,,,,,978-1-6654-1311-4,,,,2022,,,,,,,75,80,,10.1109/ICDL53763.2022.9962221,http://dx.doi.org/10.1109/ICDL53763.2022.9962221,,,,,,,,,,,,,WOS:001353995400012,View Full Record in Web of Science
J,"Fu, TY; Bai, YF; Li, C; Li, FM; Wang, CQ; Song, R",,,,"Fu, Tianyu; Bai, Yunfeng; Li, Cheng; Li, Fengming; Wang, Chaoqun; Song, Rui",,,Human-Robot Deformation Manipulation Skill Transfer: Sequential Fabric Unfolding Method For Robots,IEEE ROBOTICS AND AUTOMATION LETTERS,,,,,,,,,,,,,,,,,,"Fu, Tianyu/0000-0002-5441-9750; Wang, Chaoqun/0000-0001-5780-7284",,,,,,,,,,,,,2377-3766,,,,,DEC,2023,8,12,,,,,8454,8461,,10.1109/LRA.2023.3329768,http://dx.doi.org/10.1109/LRA.2023.3329768,,,,,,,,,,,,,WOS:001107511000008,View Full Record in Web of Science
C,"Pan, C; Okorn, B; Zhang, H; Eisner, B; Held, D",,"Liu, K; Kulic, D; Ichnowski, J",,"Pan, Chuer; Okorn, Brian; Zhang, Harry; Eisner, Ben; Held, David",,,TAX-Pose: Task-Specific Cross-Pose Estimation for Robot Manipulation,"CONFERENCE ON ROBOT LEARNING, VOL 205",Proceedings of Machine Learning Research,,,,6th Conference on Robot Learning (CoRL),"DEC 14-18, 2022","Auckland, NEW ZEALAND",,,,,,,,,,,,,,,,,,,,,,,,2640-3498,,,,,,2022,205,,,,,,1783,1792,,,,,,,,,,,,,,,,WOS:001232393400150,View Full Record in Web of Science
C,"Blanchet, K; Bouzeghoub, A; Kchir, S; Lebec, O",,,IEEE,"Blanchet, Katleen; Bouzeghoub, Amel; Kchir, Selma; Lebec, Olivier",,,How to Guide Humans Towards Skills Improvement in Physical Human-Robot Collaboration Using Reinforcement Learning?,"2020 IEEE INTERNATIONAL CONFERENCE ON SYSTEMS, MAN, AND CYBERNETICS (SMC)",IEEE International Conference on Systems Man and Cybernetics Conference Proceedings,,,,"IEEE International Conference on Systems, Man, and Cybernetics (SMC)","OCT 11-14, 2020",ELECTR NETWORK,"IEEE,IEEE Syst Man & Cybernet Soc,IEEE Brain,Intheon,Guger Technologies",,,,,,,,,,"Kchir, Selma/0000-0003-3047-6846",,,,,,,,,,,,,1062-922X,,978-1-7281-8526-2,,,,2020,,,,,,,4281,4287,,10.1109/smc42975.2020.9283469,http://dx.doi.org/10.1109/smc42975.2020.9283469,,,,,,,,,,,,,WOS:000687430604051,View Full Record in Web of Science
J,"Nakanoko, T; Oki, E; Ota, M; Ikenaga, N; Hisamatsu, Y; Toshima, T; Kanno, T; Tadano, K; Kawashima, K; Ohuchida, K; Morohashi, H; Ebihara, Y; Mimori, K; Nakamura, M; Yoshizumi, T; Hakamada, K; Hirano, S; Ikeda, N; Mori, M",,,,"Nakanoko, Tomonori; Oki, Eiji; Ota, Mitsuhiko; Ikenaga, Naoki; Hisamatsu, Yuichi; Toshima, Takeo; Kanno, Takahiro; Tadano, Kotaro; Kawashima, Kenji; Ohuchida, Kenoki; Morohashi, Hajime; Ebihara, Yuma; Mimori, Koshi; Nakamura, Masafumi; Yoshizumi, Tomoharu; Hakamada, Kenichi; Hirano, Satoshi; Ikeda, Norihiko; Mori, Masaki",,,Real-time telementoring with 3D drawing annotation in robotic surgery,SURGICAL ENDOSCOPY AND OTHER INTERVENTIONAL TECHNIQUES,,,,,,,,,,,,,,,,,"Tadano, Kotaro/E-8048-2014; Oki, Eiji/AFO-6423-2022; Ebihara, Yuma/D-7496-2012; Mori, Masaki/AGA-2440-2022","Oki, Eiji/0000-0002-9763-9366; Tadano, Kotaro/0000-0003-0838-1787",,,,,,,,,,,,,0930-2794,1432-2218,,,,DEC,2023,37,12,,,,,9676,9683,,10.1007/s00464-023-10521-z,http://dx.doi.org/10.1007/s00464-023-10521-z,,NOV 2023,,,,,,37935920,,,,,WOS:001100355100003,View Full Record in Web of Science
C,"TSO, SK; LIU, KP",,,IEEE,"TSO, SK; LIU, KP",,,VISUAL PROGRAMMING FOR CAPTURING OF HUMAN MANIPULATION SKILL,"IROS 93 : PROCEEDINGS OF THE 1993 IEEE/RSJ INTERNATIONAL CONFERENCE ON INTELLIGENT ROBOTS AND SYSTEMS, VOL 1-3",,,,,1993 INTERNATIONAL CONF ON INTELLIGENT ROBOTS AND SYSTEMS : INTELLIGENT ROBOTS FOR FLEXIBILITY ( IROS 93 ),"JUL 26-30, 1993","YOKOHAMA, JAPAN","IEEE, IND ELECTR SOC,IEE, ROBOT & AUTOMAT SOC,ROBOT SOC JAPAN,SOC INSTRUMENT & CONTROL ENGINEERS,NEW TECHNOL FOUNDAT",,,,,,,,,,,,,,,,,,,,,,,,,0-7803-0823-9,,,,1993,,,,,,,42,48,,,,,,,,,,,,,,,,WOS:A1993BZ32X00006,View Full Record in Web of Science
C,"Athanasiou, L; Topali, P; Mikropoulos, TA",,"Alimisis, D; Moro, M; Menegatti, E",,"Athanasiou, Lito; Topali, Paraskevi; Mikropoulos, Tassos A.",,,The Use of Robotics in Introductory Programming for Elementary Students,EDUCATIONAL ROBOTICS IN THE MAKERS ERA,Advances in Intelligent Systems and Computing,,,,International Conference on Educational Robotics (EDUROBOTICS),"NOV 25, 2016","Athens, GREECE","EDUMOTIVA,Univ Padua, Dept Informat Engn,INNOVATHENS",,,,,,,,,"Mikropoulos, Tassos/AAA-3685-2020; TOPALI, PARASKEVI/AAM-2996-2020","TOPALI, PARASKEVI/0000-0002-1951-2327",,,,,,,,,,,,,2194-5357,2194-5365,978-3-319-55553-9; 978-3-319-55552-2,,,,2017,560,,,,,,183,192,,10.1007/978-3-319-55553-9_14,http://dx.doi.org/10.1007/978-3-319-55553-9_14,,,,,,,,,,,,,WOS:000418793600014,View Full Record in Web of Science
J,"Khan, MI; Yasmeen, T; Khan, M; Ul Hadi, N; Asif, M; Farooq, M; Al-Ghamdi, SG",,,,"Khan, M. Imran; Yasmeen, Tabassam; Khan, Mushtaq; Ul Hadi, Noor; Asif, Muhammad; Farooq, Muhammad; Al-Ghamdi, Sami G.",,,Integrating industry 4.0 for enhanced sustainability: Pathways and prospects,SUSTAINABLE PRODUCTION AND CONSUMPTION,,,,,,,,,,,,,,,,,"Al-Ghamdi, Sami/AAH-6959-2020",,,,,,,,,,,,,,2352-5509,,,,,MAR,2025,54,,,,,,149,189,,10.1016/j.spc.2024.12.012,http://dx.doi.org/10.1016/j.spc.2024.12.012,,JAN 2025,,,,,,,,,,,WOS:001399734500001,View Full Record in Web of Science
J,"Lee, J; Venishetty, N; Movassaghi, M; Kovac, E; Winer, A; Anderson, CB; Small, AC; Badalato, GM",,,,"Lee, Justin; Venishetty, Nikit; Movassaghi, Miyad; Kovac, Evan; Winer, Andrew; Anderson, Christopher B.; Small, Alexander C.; Badalato, Gina M.",,EMPIRE Boot Camp Collaborative,"The New York Section EMPIRE Collaborative: Piloting a Multi-Institutional, Simulation-Based Surgical Skills Boot Camp for Junior Urology Residents",UROLOGY PRACTICE,,,,,,,,,,,,,,,,,,"Venishetty, Nikit/0000-0002-2289-3079",,,,,,,,,,,,,2352-0779,2352-0787,,,,JUL,2024,11,4,,,,,,,,10.1097/UPJ.0000000000000587,http://dx.doi.org/10.1097/UPJ.0000000000000587,,,,,,,,38899654,,,,,WOS:001266167600001,View Full Record in Web of Science
C,"SCHNEIDER, JG; BROWN, CM",,,IEEE,"SCHNEIDER, JG; BROWN, CM",,,"ROBOT SKILL LEARNING, BASIS FUNCTIONS, AND CONTROL REGIMES","PROCEEDINGS : IEEE INTERNATIONAL CONFERENCE ON ROBOTICS AND AUTOMATION, VOLS 1-3",,,,,1993 IEEE INTERNATIONAL CONF ON ROBOTICS AND AUTOMATION,"MAY 02-06, 1993","ATLANTA, GA","IEEE, ROBOT & AUTOMAT SOC",,,,,,,,,,,,,,,,,,,,,,,,,0-8186-3450-2,,,,1993,,,,,,,403,410,,,,,,,,,,,,,,,,WOS:A1993BY79J00061,View Full Record in Web of Science
J,"Ehrlich, SK; Cheng, G",,,,"Ehrlich, Stefan K.; Cheng, Gordon",,,Human-agent co-adaptation using error-related potentials,JOURNAL OF NEURAL ENGINEERING,,,,,,,,,,,,,,,,,"Cheng, Gordon/AAH-3554-2020","Cheng, Gordon/0000-0003-0770-8717; Ehrlich, Stefan K./0000-0002-3634-6973",,,,,,,,,,,,,1741-2560,1741-2552,,,,DEC,2018,15,6,,,,,,,66014,10.1088/1741-2552/aae069,http://dx.doi.org/10.1088/1741-2552/aae069,,,,,,,,30204127,,,,,WOS:000445927800003,View Full Record in Web of Science
C,"Gajjar, NK; Rekik, K; Kanso, A; Müller, R",,,,"Gajjar, Nishant Ketan; Rekik, Khansa; Kanso, Ali; Mueller, Rainer",,,Human intention and workspace recognition for collaborative assembly,IFAC PAPERSONLINE,,,,,"10th IFAC Triennial Conference on Manufacturing Modelling, Management and Control (MIM)","JUN 22-24, 2022","Nantes, FRANCE","Int Federat Automat Control, Tech Comm 5 2 Management & Control Mfg & Logist,Int Federat Automat Control, Tech Comm 1 3 Discrete Event & Hybrid Syst,Int Federat Automat Control, Tech Comm 3 2 Computat Intelligence Control,Int Federat Automat Control, Tech Comm 5 1 Mfg Plant Control,Int Federat Automat Control, Tech Comm 7 4 Transportat Syst,Int Federat Automat Control, Tech Comm 9 1 Econ, Business, & Financial Syst",,,,,,,,,"Kanso, Ali/MIK-8258-2025","Mueller, Rainer/0000-0001-9470-556X",,,,,,,,,,,,,2405-8963,,,,,OCT,2022,55,10,,,,,365,370,,10.1016/j.ifacol.2022.09.420,http://dx.doi.org/10.1016/j.ifacol.2022.09.420,,OCT 2022,,,,,,,,,,,WOS:000881681700062,View Full Record in Web of Science
J,"Singh, M; Nath, G",,,,"Singh, Madhavi; Nath, Gita",,,Artificial intelligence and anesthesia: A narrative review,SAUDI JOURNAL OF ANAESTHESIA,,,,,,,,,,,,,,,,,,"SINGH, MADHAVI/0000-0001-5289-4497",,,,,,,,,,,,,1658-354X,0975-3125,,,,JAN-MAR,2022,16,1,,,,,86,93,,10.4103/sja.sja_669_21,http://dx.doi.org/10.4103/sja.sja_669_21,,,,,,,,35261595,,,,,WOS:000923419200016,View Full Record in Web of Science
J,"Patino, A; Ramirez-Montoya, MS; Buenestado-Fernandez, M",,,,"Patino, Azeneth; Ramirez-Montoya, Maria Soledad; Buenestado-Fernandez, Mariana",,,Active learning and education 4.0 for complex thinking training: analysis of two case studies in open education,SMART LEARNING ENVIRONMENTS,,,,,,,,,,,,,,,,,"Patino, Azeneth/JDC-7078-2023; Ramirez-Montoya, Maria-Soledad/AAF-4642-2020; Buenestado-Fernandez, Mariana/JAN-6143-2023","RAMIREZ-MONTOYA, Maria-Soledad/0000-0002-1274-706X; Patino, Azeneth/0000-0003-0919-8108; Buenestado-Fernandez, Mariana/0000-0002-3242-5332",,,,,,,,,,,,,,2196-7091,,,,JAN 25,2023,10,1,,,,,,,8,10.1186/s40561-023-00229-x,http://dx.doi.org/10.1186/s40561-023-00229-x,,,,,,,,,,,,,WOS:000920664400001,View Full Record in Web of Science
J,"Pedersen, MR; Krüger, V",,,,"Pedersen, Mikkel Rath; Kruger, Volker",,,Gesture-Based Extraction of Robot Skill Parameters for Intuitive Robot Programming,JOURNAL OF INTELLIGENT & ROBOTIC SYSTEMS,,,,,10th National Meeting of Artificial and Computational Intelligence (ENIAC),2013,"Fortaleza, BRAZIL",,,,,,,,,,"; Pedersen, Mikkel Rath/J-2395-2012","Kruger, Volker/0000-0002-8836-8816; Pedersen, Mikkel Rath/0000-0003-3026-7315",,,,,,,,,,,,,0921-0296,1573-0409,,,,DEC,2015,80,,,1,SI,,S149,S163,,10.1007/s10846-015-0219-x,http://dx.doi.org/10.1007/s10846-015-0219-x,,,,,,,,,,,,,WOS:000368189000010,View Full Record in Web of Science
J,"Kim, S; Coninx, A; Doncieux, S",,,,"Kim, Seungsu; Coninx, Alexandre; Doncieux, Stephane",,,From exploration to control: Learning object manipulation skills through novelty search and local adaptation,ROBOTICS AND AUTONOMOUS SYSTEMS,,,,,,,,,,,,,,,,,,,,,,,,,,,,,,,0921-8890,1872-793X,,,,FEB,2021,136,,,,,,,,103710,10.1016/j.robot.2020.103710,http://dx.doi.org/10.1016/j.robot.2020.103710,,,,,,,,,,,,,WOS:000609454000001,View Full Record in Web of Science
J,"Zabkar, J; Leonardis, A",,,,"Zabkar, Jure; Leonardis, Ales",,,"Motor memory: Representation, learning and consolidation",BIOLOGICALLY INSPIRED COGNITIVE ARCHITECTURES,,,,,,,,,,,,,,,,,,,,,,,,,,,,,,,2212-683X,2212-6848,,,,APR,2016,16,,,,,,64,74,,10.1016/j.bica.2016.03.003,http://dx.doi.org/10.1016/j.bica.2016.03.003,,,,,,,,,,,,,WOS:000376835100006,View Full Record in Web of Science
C,"Manyukova, N; Urazaeva, L",,"Chova, LG; Martinez, AL; Torres, IC",,"Manyukova, N.; Urazaeva, L.",,,THE FORMATION OF COMPETENCE IN CORE COMPUTER SCIENCE,EDULEARN18: 10TH INTERNATIONAL CONFERENCE ON EDUCATION AND NEW LEARNING TECHNOLOGIES,EDULEARN Proceedings,,,,10th International Conference on Education and New Learning Technologies (EDULEARN),"JUL 02-04, 2018","Palma, SPAIN",,,,,,,,,,"Urazaeva, Lilya/Q-4056-2017","Urazaeva, Lilya/0000-0001-9971-7674",,,,,,,,,,,,,2340-1117,,978-84-09-02709-5,,,,2018,,,,,,,10362,10368,,,,,,,,,,,,,,,,WOS:000531474304124,View Full Record in Web of Science
C,"Leibovich, G; Jacob, G; Endrawis, S; Novik, G; Tamar, A",,,IEEE,"Leibovich, Gal; Jacob, Guy; Endrawis, Shadi; Novik, Gal; Tamar, Aviv",,,"Validate on Sim, Detect on Real - Model Selection for Domain Randomization","2022 IEEE INTERNATIONAL CONFERENCE ON ROBOTICS AND AUTOMATION, ICRA 2022",IEEE International Conference on Robotics and Automation ICRA,,,,IEEE International Conference on Robotics and Automation (ICRA),"MAY 23-27, 2022","Philadelphia, PA","IEEE,IEEE Robot & Automat Soc",,,,,,,,,,,,,,,,,,,,,,,1050-4729,2577-087X,978-1-7281-9681-7,,,,2022,,,,,,,7528,7535,,10.1109/ICRA46639.2022.9811621,http://dx.doi.org/10.1109/ICRA46639.2022.9811621,,,,,,,,,,,,,WOS:000941277600126,View Full Record in Web of Science
J,"Yadav, N; Shankar, R; Singh, SP",,,,"Yadav, Neeraj; Shankar, Ravi; Singh, Surya Prakash",,,Critical success factors for lean six sigma in quality 4.0,INTERNATIONAL JOURNAL OF QUALITY AND SERVICE SCIENCES,,,,,,,,,,,,,,,,,"Yadav, Neeraj/IWD-8969-2023; Shankar, Ravi/HSF-1169-2023; SINGH, SURYA PRAKASH/O-4087-2014","SHANKAR, RAVI/0000-0001-8724-593X; Yadav, Neeraj/0000-0002-1073-6279; SINGH, SURYA PRAKASH/0000-0002-3867-6845",,,,,,,,,,,,,1756-669X,1756-6703,,,,MAR 12,2021,13,1,,,SI,,123,156,,10.1108/IJQSS-06-2020-0099,http://dx.doi.org/10.1108/IJQSS-06-2020-0099,,FEB 2021,,,,,,,,,,,WOS:000619319300001,View Full Record in Web of Science
J,"Kelly, DC; Margules, AC; Kundavaram, CR; Narins, H; Gomella, LG; Trabulsi, EJ; Lallas, CD",,,,"Kelly, Douglas C.; Margules, Andrew C.; Kundavaram, Chandan R.; Narins, Hadley; Gomella, Leonard G.; Trabulsi, Edouard J.; Lallas, Costas D.",,,"Face, Content, and Construct Validation of the da Vinci Skills Simulator",UROLOGY,,,,,,,,,,,,,,,,,,,,,,,,,,,,,,,0090-4295,,,,,MAY,2012,79,5,,,,,1068,1072,,10.1016/j.urology.2012.01.028,http://dx.doi.org/10.1016/j.urology.2012.01.028,,,,,,,,22546387,,,,,WOS:000303470600030,View Full Record in Web of Science
C,"Si, WY; Guo, C; Dong, JL; Lu, ZY; Yang, CG",,"Borja, P; DellaSantina, C; Peternel, L; Torta, E",,"Si, Weiyong; Guo, Cheng; Dong, Jiale; Lu, Zhenyu; Yang, Chenguang",,,Deformation-Aware Contact-Rich Manipulation Skills Learning and Compliant Control,"HUMAN-FRIENDLY ROBOTICS, HFR, 2022",Springer Proceedings in Advanced Robotics,,,,15th International Workshop on Human-Friendly Robotics (HFR),"SEP 22-23, 2022","Delft, NETHERLANDS","Franka Emika,Fizyr,RoboHouse,TU Delft Robot Inst",,,,,,,,,"Yang, Chenguang/ABE-7755-2020; lu, zhenyu/AAH-5454-2019; Guo, Cheng/ABC-6045-2021; SI, WEIYONG/KIB-2268-2024","zhenyu, lu/0000-0002-5446-7285; Si, Weiyong/0000-0003-4531-2596; Yang, Chenguang/0000-0001-5255-5559",,,,,,,,,,,,,2511-1256,2511-1264,978-3-031-22733-2; 978-3-031-22731-8; 978-3-031-22730-1,,,,2023,26,,,,,,90,104,,10.1007/978-3-031-22731-8_7,http://dx.doi.org/10.1007/978-3-031-22731-8_7,,,,,,,,,,,,,WOS:000968175000007,View Full Record in Web of Science
C,"Ehrlich, SK; Cheng, G",,,IEEE,"Ehrlich, Stefan K.; Cheng, Gordon",,,A computational model of human decision making and learning for assessment of co-adaptation in neuro-adaptive human-robot interaction,"2019 IEEE INTERNATIONAL CONFERENCE ON SYSTEMS, MAN AND CYBERNETICS (SMC)",IEEE International Conference on Systems Man and Cybernetics Conference Proceedings,,,,"IEEE International Conference on Systems, Man and Cybernetics (SMC)","OCT 06-09, 2019","Bari, ITALY",IEEE,,,,,,,,,"Cheng, Gordon/AAH-3554-2020","Ehrlich, Stefan K./0000-0002-3634-6973; Cheng, Gordon/0000-0003-0770-8717",,,,,,,,,,,,,1062-922X,,978-1-7281-4569-3,,,,2019,,,,,,,264,271,,10.1109/smc.2019.8913872,http://dx.doi.org/10.1109/smc.2019.8913872,,,,,,,,,,,,,WOS:000521353900044,View Full Record in Web of Science
C,"Stückler, J; Behnke, S",,,IEEE,"Stueckler, Joerg; Behnke, Sven",,,Efficient Deformable Registration of Multi-Resolution Surfel Maps for Object Manipulation Skill Transfer,2014 IEEE INTERNATIONAL CONFERENCE ON ROBOTICS AND AUTOMATION (ICRA),IEEE International Conference on Robotics and Automation ICRA,,,,IEEE International Conference on Robotics and Automation (ICRA),"MAY 31-JUN 07, 2014","Hong Kong, PEOPLES R CHINA",IEEE,,,,,,,,,"Stückler, Jörg/AAK-9145-2021; Behnke, Sven/B-5509-2013","Behnke, Sven/0000-0002-5040-7525",,,,,,,,,,,,,1050-4729,2577-087X,978-1-4799-3685-4,,,,2014,,,,,,,994,1001,,,,,,,,,,,,,,,,WOS:000377221101001,View Full Record in Web of Science
C,"Grudic, GZ; Lawrence, PD",,,"IEEE, ROBOT & AUTOMAT SOC","Grudic, GZ; Lawrence, PD",,,Human-to-robot skill transfer using the SPORE approximation,"1996 IEEE INTERNATIONAL CONFERENCE ON ROBOTICS AND AUTOMATION, PROCEEDINGS, VOLS 1-4",IEEE INTERNATIONAL CONFERENCE ON ROBOTICS AND AUTOMATION,,,,1996 IEEE International Conference on Robotics and Automation,"APR 22-28, 1996","MINNEAPOLIS, MN","IEEE, Robot & Automat Soc",,,,,,,,,,,,,,,,,,,,,,,1050-4729,,0-7803-2989-9,,,,1996,,,,,,,2962,2967,,,,,,,,,,,,,,,,WOS:A1996BF68P00465,View Full Record in Web of Science
J,"Radi, I; Tellez, JC; Alterio, RE; Scott, DJ; Sankaranarayanan, G; Nagaraj, MB; Hogg, ME; Zeh, HJ; Polanco, PM",,,,"Radi, Imad; Tellez, Juan C.; Alterio, Rodrigo E.; Scott, Daniel J.; Sankaranarayanan, Ganesh; Nagaraj, Madhuri B.; Hogg, Melissa E.; Zeh, Herbert J.; Polanco, Patricio M.",,,"Feasibility, effectiveness and transferability of a novel mastery-based virtual reality robotic training platform for general surgery residents",SURGICAL ENDOSCOPY AND OTHER INTERVENTIONAL TECHNIQUES,,,,,,,,,,,,,,,,,"Scott, Daniel/B-9880-2017; Zeh, Herbert/AGN-9912-2022","Polanco, Patricio/0000-0002-1719-1208; Hogg, Melissa/0000-0001-5641-4438",,,,,,,,,,,,,0930-2794,1432-2218,,,,OCT,2022,36,10,,,,,7279,7287,,10.1007/s00464-022-09106-z,http://dx.doi.org/10.1007/s00464-022-09106-z,,FEB 2022,,,,,,35194662,,,,,WOS:000759324000004,View Full Record in Web of Science
J,"Shafiei, SB; Shadpour, S; Mohler, JL; Sasangohar, F; Gutierrez, C; Toussi, MS; Shafqat, A",,,,"Shafiei, Somayeh B.; Shadpour, Saeed; Mohler, James L.; Sasangohar, Farzan; Gutierrez, Camille; Toussi, Mehdi Seilanian; Shafqat, Ambreen",,,Surgical skill level classification model development using EEG and eye-gaze data and machine learning algorithms,JOURNAL OF ROBOTIC SURGERY,,,,,,,,,,,,,,,,,"Shafqat, Ambreen/AAS-2656-2021; Shafiei, Somayeh/U-7707-2019","Sasangohar, Farzan/0000-0001-9962-5470; Besharat Shafiei, Somayeh/0000-0002-9256-6284; Shadpour, Saeed/0000-0002-2842-031X",,,,,,,,,,,,,1863-2483,1863-2491,,,,DEC,2023,17,6,,,,,2963,2971,,10.1007/s11701-023-01722-8,http://dx.doi.org/10.1007/s11701-023-01722-8,,OCT 2023,,,,,,37864129,,,,,WOS:001087849600001,View Full Record in Web of Science
C,"Büchler, D; Ott, H; Peters, J",,"Okamura, A; Menciassi, A; Ude, A; Burschka, D; Lee, D; Arrichiello, F; Liu, H; Moon, H; Neira, J; Sycara, K; Yokoi, K; Martinet, P; Oh, P; Valdastri, P; Krovi, V",,"Buechler, Dieter; Ott, Heiko; Peters, Jan",,,A Lightweight Robotic Arm with Pneumatic Muscles for Robot Learning,2016 IEEE INTERNATIONAL CONFERENCE ON ROBOTICS AND AUTOMATION (ICRA),IEEE International Conference on Robotics and Automation ICRA,,,,IEEE International Conference on Robotics and Automation (ICRA),"MAY 16-21, 2016","Royal Inst Technol, Ctr Autonomous Syst, Stockholm, SWEDEN","IEEE,IEEE Robot & Automat Soc,ABB,DJI,KUKA,Husqvarna,iRobot,Khalifa Univ,Kinova Univ,MOOG,PAL Robot,UBER,Amazon","Royal Inst Technol, Ctr Autonomous Syst",,,,,,,,"Büchler, Dieter/HKF-1671-2023; Peters, Jan/D-5068-2009",,,,,,,,,,,,,,1050-4729,2577-087X,978-1-4673-8026-3,,,,2016,,,,,,,4086,4092,,,,,,,,,,,,,,,,WOS:000389516203076,View Full Record in Web of Science
J,"Chen, BT; Zhang, Y; Xia, XH; Martinez-Garcia, M; Jombo, G",,,,"Chen, Baotong; Zhang, Yu; Xia, Xuhui; Martinez-Garcia, Miguel; Jombo, Gbanaibolou",,,Knowledge Sharing Enabled Multirobot Collaboration for Preventive Maintenance in Mixed Model Assembly,IEEE TRANSACTIONS ON INDUSTRIAL INFORMATICS,,,,,,,,,,,,,,,,,"Jombo, Gbanaibolou/W-4529-2019; Martínez-García, Miguel/AAE-7795-2021; Chen, Baotong/L-6294-2018","Jombo, Gbanaibolou/0000-0001-6335-2191; Chen, Baotong/0000-0003-2324-4916; Zhang, Yu (Eve)/0000-0002-2842-6340",,,,,,,,,,,,,1551-3203,1941-0050,,,,NOV,2022,18,11,,,,,8098,8107,,10.1109/TII.2022.3158978,http://dx.doi.org/10.1109/TII.2022.3158978,,,,,,,,,,,,,WOS:000856145200073,View Full Record in Web of Science
C,"Han, YH; Xie, MD; Zhao, Y; Ravichandar, H",,"Tan, J; Toussaint, M; Darvish, K",,"Han, Yunhai; Xie, Madie; Zhao, Ye; Ravichandar, Harish",,,On the Utility of Koopman Operator Theory in Learning Dexterous Manipulation Skills,"CONFERENCE ON ROBOT LEARNING, VOL 229",Proceedings of Machine Learning Research,,,,7th Conference on Robot Learning (CoRL),"NOV 06-09, 2023","Atlanta, GA",,,,,,,,,,,,,,,,,,,,,,,,2640-3498,,,,,,2023,229,,,,,,,,,,,,,,,,,,,,,,,WOS:001221201500005,View Full Record in Web of Science
C,"Si, WY; Jin, ZH; Lu, ZY; Wang, N; Yang, CG",,,IEEE,"Si, Weiyong; Jin, Zhehao; Lu, Zhenyu; Wang, Ning; Yang, Chenguang",,,A Stable Guidance Method for Teleoperation-based Robot Learning from Demonstration,"2024 IEEE 20TH INTERNATIONAL CONFERENCE ON AUTOMATION SCIENCE AND ENGINEERING, CASE 2024",IEEE International Conference on Automation Science and Engineering,,,,IEEE 20th International Conference on Automation Science and Engineering (CASE),"AUG 28-SEP 01, 2024","Bari, ITALY",IEEE,,,,,,,,,,,,,,,,,,,,,,,2161-8070,,979-8-3503-5851-3; 979-8-3503-5852-0,,,,2024,,,,,,,2376,2381,,10.1109/CASE59546.2024.10711823,http://dx.doi.org/10.1109/CASE59546.2024.10711823,,,,,,,,,,,,,WOS:001361783102006,View Full Record in Web of Science
C,"Hertle, A; Nebel, B",,"Trollmann, F; Turhan, AY",,"Hertle, Andreas; Nebel, Bernhard",,,Efficient Auction Based Coordination for Distributed Multi-agent Planning in Temporal Domains Using Resource Abstraction,KI 2018: ADVANCES IN ARTIFICIAL INTELLIGENCE,Lecture Notes in Artificial Intelligence,,,,41st German Conference on Artificial Intelligence (AI),"SEP 24-28, 2018","Berlin, GERMANY","Gesell Informatik, AI Chapter,Springer",,,,,,,,,,"Nebel, Bernhard/0000-0002-6833-6323",,,,,,,,,,,,,0302-9743,1611-3349,978-3-030-00111-7; 978-3-030-00110-0,,,,2018,11117,,,,,,86,98,,10.1007/978-3-030-00111-7_8,http://dx.doi.org/10.1007/978-3-030-00111-7_8,,,,,,,,,,,,,WOS:000476925600008,View Full Record in Web of Science
J,"Li, JH; Wang, JZ; Wang, SK; Yang, CG",,,,"Li, Jiehao; Wang, Junzheng; Wang, Shoukun; Yang, Chenguang",,,Human-robot skill transmission for mobile robot via learning by demonstration,NEURAL COMPUTING & APPLICATIONS,,,,,,,,,,,,,,,,,"Yang, Chenguang/ABE-7755-2020; Li, Jiehao/AAH-9089-2021","Yang, Chenguang/0000-0001-5255-5559",,,,,,,,,,,,,0941-0643,1433-3058,,,,NOV,2023,35,32,,,SI,,23441,23451,,10.1007/s00521-021-06449-x,http://dx.doi.org/10.1007/s00521-021-06449-x,,SEP 2021,,,,,,34566265,,,,,WOS:000698329800001,View Full Record in Web of Science
C,"Ude, A; Vuga, R; Nemec, B; Morimoto, J",,,IEEE,"Ude, Ales; Vuga, Rok; Nemec, Bojan; Morimoto, Jun",,,Trajectory Representation by Nonlinear Scaling of Dynamic Movement Primitives,2016 IEEE/RSJ INTERNATIONAL CONFERENCE ON INTELLIGENT ROBOTS AND SYSTEMS (IROS 2016),,,,,IEEE/RSJ International Conference on Intelligent Robots and Systems (IROS),"OCT 09-14, 2016","Daejeon, SOUTH KOREA","IEEE,RSJ",,,,,,,,,"Ude, Aleš/ABB-7839-2020","Ude, Ales/0000-0003-3677-3972",,,,,,,,,,,,,,,978-1-5090-3762-9,,,,2016,,,,,,,4728,4735,,,,,,,,,,,,,,,,WOS:000391921704111,View Full Record in Web of Science
J,"Rogowski, A",,,,"Rogowski, Adam",,,Scenario-Based Programming of Voice-Controlled Medical Robotic Systems,SENSORS,,,,,,,,,,,,,,,,,,,,,,,,,,,,,,,,1424-8220,,,,DEC,2022,22,23,,,,,,,9520,10.3390/s22239520,http://dx.doi.org/10.3390/s22239520,,,,,,,,36502220,,,,,WOS:000896465300001,View Full Record in Web of Science
C,"Holtz, J; Guha, A; Biswas, J",,"Kober, J; Ramos, F; Tomlin, C",,"Holtz, Jarrett; Guha, Arjun; Biswas, Joydeep",,,Robot Action Selection Learning via Layered Dimension Informed Program Synthesis,"CONFERENCE ON ROBOT LEARNING, VOL 155",Proceedings of Machine Learning Research,,,,4th Conference on Robot Learning (CoRL),"NOV 16-18, 2020",ELECTR NETWORK,,,,,,,,,,,,,,,,,,,,,,,,2640-3498,,,,,,2020,155,,,,,,1471,1480,,,,,,,,,,,,,,,,WOS:001237128900102,View Full Record in Web of Science
C,"Alford, WA; Kawamura, K; Wilkes, DM",,"Gopalakrishnan, B; Murugesan, S; Struger, O; Zeichen, G",,"Alford, WA; Kawamura, K; Wilkes, DM",,,Human directed local autonomy for motion guidance and coordination in an intelligent manufacturing system,"ARCHITECTURES, NETWORKS, AND INTELLIGENT SYSTEMS FOR MANUFACTURING INTEGRATION",PROCEEDINGS OF THE SOCIETY OF PHOTO-OPTICAL INSTRUMENTATION ENGINEERS (SPIE),,,,"Conference on Architectures, Networks, and Intelligent Systems for Manufacturing Integration","OCT 15-16, 1997","PITTSBURGH, PA","Soc Photo Opt Instrumentat Engineers,NIST,Coalit Intelligent Mfg Syst,Acad Coalit Intelligent Mfg Syst",,,,,,,,,,,,,,,,,,,,,,,0277-786X,,0-8194-2635-0,,,,1997,3203,,,,,,81,86,,10.1117/12.294421,http://dx.doi.org/10.1117/12.294421,,,,,,,,,,,,,WOS:000071550900009,View Full Record in Web of Science
C,"Xiong, HY; Li, QZ; Chen, YC; Bharadhwaj, H; Sinha, S; Garg, A",,,IEEE,"Xiong, Haoyu; Li, Quanzhou; Chen, Yun-Chun; Bharadhwaj, Homanga; Sinha, Samarth; Garg, Animesh",,,Learning by Watching: Physical Imitation of Manipulation Skills from Human Videos,2021 IEEE/RSJ INTERNATIONAL CONFERENCE ON INTELLIGENT ROBOTS AND SYSTEMS (IROS),IEEE International Conference on Intelligent Robots and Systems,,,,IEEE/RSJ International Conference on Intelligent Robots and Systems (IROS),"SEP 27-OCT 01, 2021",ELECTR NETWORK,"IEEE,RSJ",,,,,,,,,"Bharadhwaj, Homanga/LQK-7079-2024; Garg, Animesh/AGK-2223-2022",,,,,,,,,,,,,,2153-0858,,978-1-6654-1714-3,,,,2021,,,,,,,7827,7834,,10.1109/IROS51168.2021.9636080,http://dx.doi.org/10.1109/IROS51168.2021.9636080,,,,,,,,,,,,,WOS:000755125506032,View Full Record in Web of Science
J,"Albore, A; Doose, D; Grand, C; Guiochet, J; Lesire, C; Manecy, A",,,,"Albore, Alexandre; Doose, David; Grand, Christophe; Guiochet, Jeremie; Lesire, Charles; Manecy, Augustin",,,Skill-based design of dependable robotic architectures,ROBOTICS AND AUTONOMOUS SYSTEMS,,,,,,,,,,,,,,,,,"GUIOCHET, Jeremie/AAE-3333-2020",,,,,,,,,,,,,,0921-8890,1872-793X,,,,FEB,2023,160,,,,,,,,104318,10.1016/j.robot.2022.104318,http://dx.doi.org/10.1016/j.robot.2022.104318,,DEC 2022,,,,,,,,,,,WOS:000906685100001,View Full Record in Web of Science
J,"Carneiro, A; Claros, OR; Cha, JD; Kayano, PP; Apezzato, M; Wagner, AA; Lemos, GC",,,,"Carneiro, Arie; Claros, Oliver Rojas; Cha, Jonathan Doyun; Kayano, Paulo Priante; Apezzato, Marcelo; Wagner, Andrew Aurel; Lemos, Gustavo Caserta",,,Can remote assistance for robotic surgery improve surgical performance in simulation training? A prospective clinical trial of urology residents using a simulator in south america,INTERNATIONAL BRAZ J UROL,,,,,,,,,,,,,,,,,"Priante Kayano, Paulo/ABZ-8103-2022; Carneiro, Arie/AAW-4703-2021","Priante Kayano, Paulo/0000-0002-3929-6334",,,,,,,,,,,,,1677-5538,1677-6119,,,,NOV-DEC,2022,48,6,,,,,952,960,,10.1590/S1677-5538.IBJU.2022.0104,http://dx.doi.org/10.1590/S1677-5538.IBJU.2022.0104,,,,,,,,36173407,,,,,WOS:000871580600008,View Full Record in Web of Science
J,"Simmonds, C; Brentnall, M; Lenihan, J",,,,"Simmonds, Christopher; Brentnall, Mark; Lenihan, John",,,Evaluation of a novel universal robotic surgery virtual reality simulation proficiency index that will allow comparisons of users across any virtual reality simulation curriculum,SURGICAL ENDOSCOPY AND OTHER INTERVENTIONAL TECHNIQUES,,,,,,,,,,,,,,,,,,"Lenihan, John/0000-0002-2643-2384",,,,,,,,,,,,,0930-2794,1432-2218,,,,OCT,2021,35,10,,,,,5867,5875,,10.1007/s00464-021-08609-5,http://dx.doi.org/10.1007/s00464-021-08609-5,,JUL 2021,,,,,,34231063,,,,,WOS:000670210000007,View Full Record in Web of Science
C,"Souza, IML; Andrade, WL; Sampaio, LMR",,,IEEE,"Souza, Isabelle M. L.; Andrade, Wilkerson L.; Sampaio, Livia M. R.",,,Analyzing the Effect of Computational Thinking on Mathematics through Educational Robotics,2019 IEEE FRONTIERS IN EDUCATION CONFERENCE (FIE 2019),Frontiers in Education Conference,,,,49th IEEE Frontiers in Education Conference (FIE),"OCT 16-19, 2019","Univ Cincinnati, Cincinnati, OH","Inst Elect & Elect Engineers,IEEE Comp Soc,IEEE Educ Soc,Amer Soc Engn Educ, Educ Res Methods Div",Univ Cincinnati,,,,,,,,"Andrade, Wilkerson/LGZ-5161-2024","L. Andrade, Wilkerson/0000-0003-0656-6139",,,,,,,,,,,,,0190-5848,,978-1-7281-1746-1,,,,2019,,,,,,,,,,10.1109/fie43999.2019.9028384,http://dx.doi.org/10.1109/fie43999.2019.9028384,,,,,,,,,,,,,WOS:000565244800035,View Full Record in Web of Science
J,"Ewerton, M; Rother, D; Weimar, J; Kollegger, G; Wiemeyer, J; Peters, J; Maeda, G",,,,"Ewerton, Marco; Rother, David; Weimar, Jakob; Kollegger, Gerrit; Wiemeyer, Josef; Peters, Jan; Maeda, Guilherme",,,Assisting Movement Training and Execution With Visual and Haptic Feedback,FRONTIERS IN NEUROROBOTICS,,,,,,,,,,,,,,,,,"Peters, Jan/D-5068-2009","Kollegger, Gerrit/0000-0002-2461-8839",,,,,,,,,,,,,1662-5218,,,,,MAY 29,2018,12,,,,,,,,24,10.3389/fnbot.2018.00024,http://dx.doi.org/10.3389/fnbot.2018.00024,,,,,,,,29896096,,,,,WOS:000433363400001,View Full Record in Web of Science
C,"Liu, WH; Emmerich, C; Zhang, LZ; Steil, J",,"Luo, YZ; Chern, JS; Chen, XQ; Chen, L",,"Liu, Weihui; Emmerich, Christian; Zhang, Lizhi; Steil, Jochen",,,USER INTERFACES FOR LEARNING REDUNDANCY RESOLUTION IN HUMAN ROBOT INTERACTION,"FOURTH IAA CONFERENCE ON DYNAMICS AND CONTROL OF SPACE SYSTEMS 2018, PTS I-III",Advances in the Astronautical Sciences,,,,4th International-Academy-of-Astronautics Conference on Dynamics and Control of Space Systems (DyCoSS '2018),"MAY 21-23, 2018","Natl Univ Defense Technol, Changsha, PEOPLES R CHINA","Int Acad Astronaut,Natl Univ Defense Technol",Natl Univ Defense Technol,,,,,,,,"Zhang, L./AFS-0508-2022",,,,,,,,,,,,,,1081-6003,,978-0-87703-653-1,,,,2018,165,,I - III,,,,797,810,,,,,,,,,,,,,,,,WOS:000482843500061,View Full Record in Web of Science
J,"Teramae, T; Ishihara, K; Bahic, J; Morimoto, J; Oztop, E",,,,"Teramae, Tatsuya; Ishihara, Koji; Bahic, Jan; Morimoto, Jun; Oztop, Erhan",,,Human-In-The-Loop Control and Task Learning for Pneumatically Actuated Muscle Based Robots,FRONTIERS IN NEUROROBOTICS,,,,,,,,,,,,,,,,,"Oztop, Erhan/K-8111-2012","Oztop, Erhan/0000-0002-3051-6038",,,,,,,,,,,,,1662-5218,,,,,NOV 6,2018,12,,,,,,,,71,10.3389/fnbot.2018.00071,http://dx.doi.org/10.3389/fnbot.2018.00071,,,,,,,,30459589,,,,,WOS:000449247800001,View Full Record in Web of Science
J,"Zhang, XM; Wang, Y; Li, CX; Fahmy, A; Sienz, J",,,,"Zhang, Xuanming; Wang, Ye; Li, Chunxu; Fahmy, Ashraf; Sienz, Johann",,,Innovative multi-dimensional learning algorithm and experiment design for human-robot cooperation,APPLIED MATHEMATICAL MODELLING,,,,,,,,,,,,,,,,,"Li, Chenfeng/D-4034-2014","Zhang, Xuanming/0009-0006-0576-2057; Fahmy, Ashraf/0000-0003-1624-1725; Li, Chunxu/0000-0001-7851-0260",,,,,,,,,,,,,0307-904X,1872-8480,,,,MAR,2024,127,,,,,,730,751,,10.1016/j.apm.2024.01.001,http://dx.doi.org/10.1016/j.apm.2024.01.001,,JAN 2024,,,,,,,,,,,WOS:001156458500001,View Full Record in Web of Science
J,"Weng, CY; Yuan, QL; Suárez-Ruiz, F; Chen, IM",,,,"Weng, Ching-Yen; Yuan, Qilong; Suarez-Ruiz, Francisco; Chen, I-Ming",,,A Telemanipulation-Based Human-Robot Collaboration Method to Teach Aerospace Masking Skills,IEEE TRANSACTIONS ON INDUSTRIAL INFORMATICS,,,,,,,,,,,,,,,,,"WENG, CHING-YEN/W-4878-2019; Chen, I-Ming/A-3811-2011","Chen, I-Ming/0000-0002-4831-3781; Suarez-Ruiz, Francisco/0000-0003-2107-3279; WENG, CHING-YEN/0000-0002-8499-4414",,,,,,,,,,,,,1551-3203,1941-0050,,,,MAY,2020,16,5,,,,,3076,3084,,10.1109/TII.2019.2906063,http://dx.doi.org/10.1109/TII.2019.2906063,,,,,,,,,,,,,WOS:000519588700019,View Full Record in Web of Science
C,"Cichon, T; Rossmann, J",,,IEEE,"Cichon, Torben; Rossmann, Juergen",,,Digital Twins: Assisting and Supporting Cooperation in Human-Robot Teams,"2018 15TH INTERNATIONAL CONFERENCE ON CONTROL, AUTOMATION, ROBOTICS AND VISION (ICARCV)",International Conference on Control Automation Robotics and Vision,,,,"15th International Conference on Control, Automation, Robotics and Vision (ICARCV)","NOV 18-21, 2018","Singapore, SINGAPORE",,,,,,,,,,,,,,,,,,,,,,,,2474-2953,,978-1-5386-9582-1,,,,2018,,,,,,,486,491,,,,,,,,,,,,,,,,WOS:000459847700082,View Full Record in Web of Science
C,"Huang, CM",,"Degen, H; Reinerman-Jones, L",,"Huang, Chien-Ming",,,Contextual Programming of Collaborative Robots,"ARTIFICIAL INTELLIGENCE IN HCI, AI-HCI 2020","Information Systems and Applications, incl. Internet/Web, and HCI",,,,1st International Conference on Artificial Intelligence in HCI (AI-HCI) Held as Part of the 22nd International Conference on Human-Computer Interaction (HCII),"JUL 19-24, 2020","Copenhagen, DENMARK",,,,,,,,,,"Huang, Chien-Ming/B-9732-2019","Huang, Chien-Ming/0000-0002-6838-3701",,,,,,,,,,,,,,,978-3-030-50333-8; 978-3-030-50334-5,,,,2020,12217,,,,,,321,338,,10.1007/978-3-030-50334-5_22,http://dx.doi.org/10.1007/978-3-030-50334-5_22,,,,,,,,,,,,,WOS:001294400700022,View Full Record in Web of Science
C,"Andrade, KD; Fernandes, G; Caurin, GAP; Siqueira, AAG; Romero, RAF; Pereira, RD",,"Osorio, FS; Romero, RAF; Grassi, V; Wolf, DF; Branco, KC; Becker, M",,"Andrade, Kleber de O.; Fernandes, Guilherme; Caurin, Glauco A. P.; Siqueira, Adriano A. G.; Romero, Roseli A. F.; Pereira, Rogerio de L.",,,Dynamic Player Modelling in Serious Games applied to Rehabilitation Robotics,2014 2ND BRAZILIAN ROBOTICS SYMPOSIUM (SBR) / 11TH LATIN AMERICAN ROBOTICS SYMPOSIUM (LARS) / 6TH ROBOCONTROL WORKSHOP ON APPLIED ROBOTICS AND AUTOMATION,,,,,2nd Brazilian Robotics Symposium (SBR) / 11th Latin American Robotics Symposium (LARS) / 6th Robocontrol Workshop on Applied Robotics and Automation,"OCT 18-23, 2014","Sao Carlos, BRAZIL","Natl Council Sci & Technological Dev,Sao Paulo Res Fdn",,,,,,,,,"Fernandes, Guilherme/HHT-1055-2022; Andrade, Kleber/H-9256-2016; de Paula Caurin, Glauco Augusto/B-9323-2012; Siqueira, Adriano/D-8758-2013","Andrade, Kleber/0000-0003-1678-9272; INCT de Optica Basica e Aplicada as Ciencias da Vida (CNPq), CePOF (FAPESP)/0000-0002-6403-4037; de Leon Pereira, Rogerio/0000-0002-0587-0692; de Paula Caurin, Glauco Augusto/0000-0003-0898-1379; Siqueira, Adriano/0000-0003-0663-156X",,,,,,,,,,,,,,,978-1-4799-6711-7,,,,2014,,,,,,,211,216,,10.1109/SBR.LARS.Robocontrol.2014.41,http://dx.doi.org/10.1109/SBR.LARS.Robocontrol.2014.41,,,,,,,,,,,,,WOS:000380555500037,View Full Record in Web of Science
C,"Oztop, E; Babic, J; Hale, J; Cheng, G; Kawato, M",,"Ishikawa, M; Doya, K; Miyamoto, H; Yamakawa, T",,"Oztop, Erhan; Babic, Jan; Hale, Joshua; Cheng, Gordon; Kawato, Mitsuo",,,From biologically realistic imitation to robot teaching via human motor learning,"NEURAL INFORMATION PROCESSING, PART II",Lecture Notes in Computer Science,,,,14th International Conference on Neural Information Processing (ICONIP 2007),"NOV 13-16, 2007","Kitakyushu, JAPAN","RIKEN Brain Sci Inst,Adv Telecommun Res Inst Int,Japan Soc Fuzzy Theory & Intelligent Informat,IEEE CIS Japan Chap,Fuzzy Log Syst Inst",,,,,,,,,"Cheng, Gordon/AAH-3554-2020; Oztop, Erhan/K-8111-2012","Oztop, Erhan/0000-0002-3051-6038; Cheng, Gordon/0000-0003-0770-8717; Babic, Jan/0000-0002-1870-8264",,,,,,,,,,,,,0302-9743,1611-3349,978-3-540-69159-4,,,,2008,4985,,,,,,214,+,,,,,,,,,,,,,,,,WOS:000257315300023,View Full Record in Web of Science
J,"Zhang, N; Zhao, YJ; Dai, SL",,,,"Zhang, Ning; Zhao, Yongjia; Dai, Shuling",,,A Code-Free Interactive Task Programming Interface for Robot Skill Construction,ARABIAN JOURNAL FOR SCIENCE AND ENGINEERING,,,,,,,,,,,,,,,,,"Zhang, Ning/J-8879-2015; Zhao, Yongjia/JSK-6472-2023","Zhao, Yongjia/0000-0002-4557-9066",,,,,,,,,,,,,2193-567X,2191-4281,,,,2024 SEP 19,2024,,,,,,,,,,10.1007/s13369-024-09592-4,http://dx.doi.org/10.1007/s13369-024-09592-4,,SEP 2024,,,,,,,,,,,WOS:001321099300002,View Full Record in Web of Science
C,"Wu, YZ; Jones, OP; Engelcke, M; Posner, I",,,IEEE,"Wu, Yizhe; Jones, Oiwi Parker; Engelcke, Martin; Posner, Ingmar",,,"APEX: Unsupervised, Object-Centric Scene Segmentation and Tracking for Robot Manipulation",2021 IEEE/RSJ INTERNATIONAL CONFERENCE ON INTELLIGENT ROBOTS AND SYSTEMS (IROS),IEEE International Conference on Intelligent Robots and Systems,,,,IEEE/RSJ International Conference on Intelligent Robots and Systems (IROS),"SEP 27-OCT 01, 2021",ELECTR NETWORK,"IEEE,RSJ",,,,,,,,,"Jones, Oiwi/I-6681-2013",,,,,,,,,,,,,,2153-0858,,978-1-6654-1714-3,,,,2021,,,,,,,3375,3382,,10.1109/IROS51168.2021.9636711,http://dx.doi.org/10.1109/IROS51168.2021.9636711,,,,,,,,,,,,,WOS:000755125502097,View Full Record in Web of Science
C,"Ahmadaliev, D; Metwally, AHS; Yousef, AMF; Shuxratov, D",,,IEEE,"Ahmadaliev, Doniyorbek; Metwally, Ahmed Hosny Saleh; Yousef, Ahmed Mohamed Fahmy; Shuxratov, Dilshodbek",,,The Effects of Educational Robotics on STEM Students' Engagement and Reflective Thinking,"2022 IEEE FRONTIERS IN EDUCATION CONFERENCE, FIE",Frontiers in Education Conference,,,,IEEE Frontiers in Education Conference (FIE),"OCT 08-11, 2022","Uppsala, SWEDEN",,,,,,,,,,"Yousef, Ahmed/ABG-4092-2020; Metwally, Ahmed/P-8004-2019; Ahmadaliev, Doniyorbek/AAC-6374-2021","Ahmadaliev, Doniyorbek/0000-0002-4052-9940; Yousef, Ahmed Mohamed Fahmy/0000-0003-0522-0734",,,,,,,,,,,,,0190-5848,,978-1-6654-6244-0,,,,2022,,,,,,,,,,10.1109/FIE56618.2022.9962498,http://dx.doi.org/10.1109/FIE56618.2022.9962498,,,,,,,,,,,,,WOS:001204427600124,View Full Record in Web of Science
C,"Akbulut, B; Girgin, T; Mehrabi, M; Asada, M; Ugur, E; Oztop, E",,,IEEE,"Akbulut, Baturhan; Girgin, Tuba; Mehrabi, Mash; Asada, Minoru; Ugur, Emre; Oztop, Erhan",,,Bimanual rope manipulation skill synthesis through context dependent correction policy learning from human demonstration,"2023 IEEE INTERNATIONAL CONFERENCE ON ROBOTICS AND AUTOMATION, ICRA",IEEE International Conference on Robotics and Automation ICRA,,,,IEEE International Conference on Robotics and Automation (ICRA),"MAY 29-JUN 02, 2023","London, ENGLAND","IEEE,IEEE Robot & Automat Soc",,,,,,,,,"Ugur, Emre/A-6011-2017; Oztop, Erhan/K-8111-2012","Oztop, Erhan/0000-0002-3051-6038",,,,,,,,,,,,,1050-4729,2577-087X,979-8-3503-2365-8,,,,2023,,,,,,,3904,3910,,10.1109/ICRA48891.2023.10160895,http://dx.doi.org/10.1109/ICRA48891.2023.10160895,,,,,,,,,,,,,WOS:001036713003043,View Full Record in Web of Science
J,"Yang, QT; Dürr, A; Topp, EA; Stork, JA; Stoyanov, T",,,,"Yang, Quantao; Durr, Alexander; Topp, Elin Anna; Stork, Johannes A.; Stoyanov, Todor",,,Variable Impedance Skill Learning for Contact-Rich Manipulation,IEEE ROBOTICS AND AUTOMATION LETTERS,,,,,,,,,,,,,,,,,"Stoyanov, Todor/K-8999-2013","Yang, Quantao/0000-0001-5655-0990; Stoyanov, Todor/0000-0002-6013-4874; Durr, Alexander/0000-0002-7546-2475; Stork, Johannes Andreas/0000-0003-3958-6179",,,,,,,,,,,,,2377-3766,,,,,JUL,2022,7,3,,,,,8391,8398,,10.1109/LRA.2022.3187276,http://dx.doi.org/10.1109/LRA.2022.3187276,,,,,,,,,,,,,WOS:000838455200009,View Full Record in Web of Science
C,"Hwang, J; Lee, SH; Suh, IH",,,IEEE,"Hwang, Jaepyung; Lee, Sang Hyoung; Suh, Il Hong",,,Representation and Reproduction of Skills to Adapt Affine Variations in Programming by Demonstration,2016 13TH INTERNATIONAL CONFERENCE ON UBIQUITOUS ROBOTS AND AMBIENT INTELLIGENCE (URAI),International Conference on Ubiquitous Robots and Ambient Intelligence,,,,13th International Conference on Ubiquitous Robots and Ambient Intelligence (URAI),"AUG 19-22, 2016","Xian, PEOPLES R CHINA","Korea Robot Soc,DMCCVES CIMTME,Xian Jiaotong Univ,Robot Ind Alliance Shaanxi Prov,Shaanxi Key Lab Intelligent Robot,Key Lab Educ Minist Modern Design & Rotor Bearing Syst,IEEE,IEEE Robot & Automat Soc,Robot Soc Taiwan,RECURDYN,Adv Technol Inc,Ctr Human Centered Interact Coexistence,KNR Syst Inc,YUJIN ROBOT,Korea Inst Ind Technol",,,,,,,,,,"Hwang, Jaepyung/0000-0002-2518-063X",,,,,,,,,,,,,2325-033X,,978-1-5090-0821-6,,,,2016,,,,,,,650,650,,,,,,,,,,,,,,,,WOS:000387249900154,View Full Record in Web of Science
C,"Cai, CX; Liang, YS; Somani, N; Yan, W",,,IEEE,"Cai, Caixia; Liang, Ying Siu; Somani, Nikhil; Yan, Wu",,,Inferring the Geometric Nullspace of Robot Skills from Human Demonstrations,2020 IEEE INTERNATIONAL CONFERENCE ON ROBOTICS AND AUTOMATION (ICRA),IEEE International Conference on Robotics and Automation ICRA,,,,IEEE International Conference on Robotics and Automation (ICRA),"MAY 31-JUN 15, 2020",ELECTR NETWORK,IEEE,,,,,,,,,"Yan, Wu/JYO-9522-2024","Wu, Yan/0000-0002-4644-0664; Somani, Nikhil/0000-0002-8146-0556",,,,,,,,,,,,,1050-4729,2577-087X,978-1-7281-7395-5,,,,2020,,,,,,,7668,7675,,10.1109/icra40945.2020.9197174,http://dx.doi.org/10.1109/icra40945.2020.9197174,,,,,,,,,,,,,WOS:000712319505006,View Full Record in Web of Science
C,"Kang, PQ; Zhu, KZ; Jiang, S; He, B; Shull, P",,,IEEE,"Kang, Peiqi; Zhu, Kezhe; Jiang, Shuo; He, Bin; Shull, Peter",,,"HBOD: A Novel Dataset with Synchronized Hand, Body, and Object Manipulation Data for Human-Robot Interaction","2023 IEEE 19TH INTERNATIONAL CONFERENCE ON BODY SENSOR NETWORKS, BSN",International Conference on Wearable and Implantable Body Sensor Networks,,,,IEEE 19th International Conference on Body Sensor Networks (IEEE BSN),"OCT 09-11, 2023","MIT Media Lab, Boston, MA","IEEE,IEEE Engn Med & Biol Soc,Frontiers Digital Hlth,BioSensics,DelSys,Shimmer Res",MIT Media Lab,,,,,,,,"he, bin/AAV-6319-2021; Kang, Peiqi/AHB-2997-2022",,,,,,,,,,,,,,2376-8886,,979-8-3503-3841-6,,,,2023,,,,,,,,,,10.1109/BSN58485.2023.10330940,http://dx.doi.org/10.1109/BSN58485.2023.10330940,,,,,,,,,,,,,WOS:001116732100007,View Full Record in Web of Science
J,"Brinkman, W; de Angst, I; Schreuder, H; Schout, B; Draaisma, W; Verweij, L; Hendrikx, A; van der Poel, H",,,,"Brinkman, Willem; de Angst, Isabel; Schreuder, Henk; Schout, Barbara; Draaisma, Werner; Verweij, Lisanne; Hendrikx, Ad; van der Poel, Henk",,,Current training on the basics of robotic surgery in the Netherlands: Time for a multidisciplinary approach?,SURGICAL ENDOSCOPY AND OTHER INTERVENTIONAL TECHNIQUES,,,,,,,,,,,,,,,,,"Brinkman, Willem/AAP-2347-2021; Schreuder, Henk/AAG-4737-2020",,,,,,,,,,,,,,0930-2794,1432-2218,,,,JAN,2017,31,1,,,,,281,287,,10.1007/s00464-016-4970-2,http://dx.doi.org/10.1007/s00464-016-4970-2,,,,,,,,27194262,,,,,WOS:000392128000035,View Full Record in Web of Science
C,"Peiró-Signes, A; Dominguez, OT; Segarra-Oña, M; Cabrero, JA",,"Chova, LG; Martinez, AL; Torres, IC",,"Peiro-Signes, A.; Trull Dominguez, O.; Segarra-Ona, M.; Cabrero, J. A.",,,BOWLING GAME TO LEARN COMMUNICATIONS BETWEEN DIFFERENT DEVICES,"14TH INTERNATIONAL TECHNOLOGY, EDUCATION AND DEVELOPMENT CONFERENCE (INTED2020)",INTED Proceedings,,,,"14th International Technology, Education and Development Conference (INTED)","MAR 02-04, 2020","Valencia, SPAIN",,,,,,,,,,"Peiro-Signes, Angel/K-8328-2014; Trull, Óscar/AAH-8161-2021",,,,,,,,,,,,,,2340-1079,,978-84-09-17939-8,,,,2020,,,,,,,1490,1495,,,,,,,,,,,,,,,,WOS:000558088801095,View Full Record in Web of Science
J,"Samuelsson, R",,,,"Samuelsson, Robin",,,Computational transformations of early childhood education: Pathways toward child-centred computing in two educational change projects,BRITISH JOURNAL OF EDUCATIONAL TECHNOLOGY,,,,,,,,,,,,,,,,,"Samuelsson, Robin/AAE-1764-2020","Samuelsson, Robin/0000-0002-8110-6506",,,,,,,,,,,,,0007-1013,1467-8535,,,,2024 NOV 18,2024,,,,,,,,,,10.1111/bjet.13536,http://dx.doi.org/10.1111/bjet.13536,,NOV 2024,,,,,,,,,,,WOS:001356858700001,View Full Record in Web of Science
J,"Chiang, HH; You, WT; Lee, JS",,,,"Chiang, Hsin-Han; You, Wan-Ting; Lee, Jin-Shyan",,,Shared Driving Assistance Design Considering Human Error Protection for Intelligent Electric Wheelchairs,ENERGIES,,,,,,,,,,,,,,,,,,"Lee, Jin-Shyan/0000-0001-7709-8788; Chiang, Hsin-Han/0000-0003-0795-0490",,,,,,,,,,,,,,1996-1073,,,,MAR,2023,16,6,,,,,,,2583,10.3390/en16062583,http://dx.doi.org/10.3390/en16062583,,,,,,,,,,,,,WOS:000956381100001,View Full Record in Web of Science
C,"Teng, T; Fernandes, M; Gatti, M; Poni, S; Semini, C; Caldwell, D; Chen, F",,,IEEE,"Teng, Tao; Fernandes, Miguel; Gatti, Matteo; Poni, Stefano; Semini, Claudio; Caldwell, Darwin; Chen, Fei",,,Whole-Body Control on Non-holonomic Mobile Manipulation for Grapevine Winter Pruning Automation,2021 6TH IEEE INTERNATIONAL CONFERENCE ON ADVANCED ROBOTICS AND MECHATRONICS (ICARM 2021),,,,,6th IEEE International Conference on Advanced Robotics and Mechatronics (ICARM),"JUL 03-05, 2021","Chongqing, PEOPLES R CHINA","IEEE,Chongqing Univ,IEEE Robot & Automat Soc,IEEE Syst Man & Cybernet Soc,IEEE RAS Tech Comm Neuro Robot Syst,IEEE SMC Tech Comm Bio Mechatron & Bio Robot Syst,Chinese Assoc Automat, Tech Comm Robot Intelligence,Sensors,Unitree Robot,Springer,Publishing House Elect Ind,Quanser,Gaitech Robot",,,,,,,,,"poni, stefano/JUF-6309-2023; Caldwell, Darwin/E-9954-2018; Gatti, Matteo/D-6614-2018",,,,,,,,,,,,,,,,978-0-7381-3364-5,,,,2021,,,,,,,37,42,,10.1109/ICARM52023.2021.9536083,http://dx.doi.org/10.1109/ICARM52023.2021.9536083,,,,,,,,,,,,,WOS:000728141500007,View Full Record in Web of Science
C,"Wakitani, S; Deng, MC",,"Soh, AC; Selamat, H; Rahman, RZA; Ishak, AJ; Ahmad, SA; Ramli, HRH; Faudzi, AAM",,"Wakitani, Shin; Deng, Mingcong",,,Design of a Data-Driven Expert Controller,2015 10TH ASIAN CONTROL CONFERENCE (ASCC),Asian Control Conference ASCC,,,,10th Asian Control Conference (ASCC),"MAY 31-JUN 03, 2015","Kota Kinabalu, MALAYSIA","Univ Teknologi Malaysia, Ctr Artificial Intelligence & Robot,Univ Teknologi Malaysia, Malaysia Japan Int Inst Technol,Asian Control Assoc,Univ Malaya,Univ Sains Malaysia,Univ Putra Malaysia,Univ Malaysia Sabah,Univ Teknologi MARA,Univ Kebangsaan Malaysia,Univ Tun Hussein Onn Malaysia,Univ Islam Antarabangsa Malaysia,Minist Tourism & Culture Malaysia, Malaysia Convent & Exhibit Bur,Malaysian Palm Oil Council,Sabah Tourism,IEEE Control Syst Soc,Soc Instrument & Control Engineers,Inst Control, Robot & Syst, Tech Comm Control Theory,Chinese Automat Control Soc,Int Federat Automat Control,Inst Syst Control & Informat Engineers,Japan Soc Simulat Technol,Federat Asia Simulat Soc,Iranian Soc Instrumentat & Control Engineers,Malaysia Robot & Automat Interest Grp",,,,,,,,,"Deng, Mingcong/G-1093-2013; Wakitani, Shin/C-6697-2018","Deng, Mingcong/0000-0001-7411-6602; Wakitani, Shin/0000-0002-3850-3864",,,,,,,,,,,,,2072-5639,,978-1-4799-7862-5,,,,2015,,,,,,,,,,,,,,,,,,,,,,,,WOS:000388123000239,View Full Record in Web of Science
J,"Yuan, K; Li, ZB",,,,"Yuan, Kai; Li, Zhibin",,,Multi-expert synthesis for versatile locomotion and manipulation skills,FRONTIERS IN ROBOTICS AND AI,,,,,,,,,,,,,,,,,"zhibin, Li/GQH-6384-2022",,,,,,,,,,,,,,2296-9144,,,,,SEP 28,2022,9,,,,,,,,970890,10.3389/frobt.2022.970890,http://dx.doi.org/10.3389/frobt.2022.970890,,,,,,,,36246489,,,,,WOS:000868517600001,View Full Record in Web of Science
C,"Lawhorn, R; Susanibar, S; Lu, L; Wang, C",,,IEEE,"Lawhorn, Raheem; Susanibar, Steve; Lu, Lu; Wang, Cong",,,Polymorphic Robot Learning for Dynamic and Contact-Rich Handling of Soft-Rigid Objects,2017 IEEE INTERNATIONAL CONFERENCE ON ADVANCED INTELLIGENT MECHATRONICS (AIM),IEEE ASME International Conference on Advanced Intelligent Mechatronics,,,,IEEE International Conference on Advanced Intelligent Mechatronics (AIM),"JUL 03-07, 2017","Munich, GERMANY",IEEE,,,,,,,,,,,,,,,,,,,,,,,2159-6255,,978-1-5090-6000-9,,,,2017,,,,,,,596,601,,,,,,,,,,,,,,,,WOS:000426448500098,View Full Record in Web of Science
J,"Fu, CF; Li, LN; Gao, Y; Wan, WW; Harada, K; Lu, ZY; Yang, CG",,,,"Fu, Chenfeng; Li, Longnan; Gao, Yuan; Wan, Weiwei; Harada, Kensuke; Lu, Zhenyu; Yang, Chenguang",,,Image-Based Tactile Deformation Simulation and Pose Estimation for Robot Skill Learning,APPLIED SCIENCES-BASEL,,,,,,,,,,,,,,,,,"lu, zhenyu/AAH-5454-2019; Wan, Weiwei/AAE-6887-2020; Harada, Kensuke/M-3376-2016; Wan, Weiwei/M-3333-2016","Harada, Kensuke/0000-0002-7576-756X; Yang, Chenguang/0000-0001-5255-5559; Wan, Weiwei/0000-0002-0058-2819",,,,,,,,,,,,,,2076-3417,,,,FEB,2025,15,3,,,,,,,1099,10.3390/app15031099,http://dx.doi.org/10.3390/app15031099,,,,,,,,,,,,,WOS:001418452100001,View Full Record in Web of Science
C,"ARCHIBALD, C; KRIEGER, M; PETRIU, E",,,IEEE,"ARCHIBALD, C; KRIEGER, M; PETRIU, E",,,SOFTWARE DESIGN OF SENSOR-BASED ROBOT SKILLS,"10TH ANNIVERSARY, IMTC/94 - ADVANCED TECHNOLOGIES IN I & M, CONFERENCE PROCEEDINGS, VOLS 1-3 AND SUPPLEMENT",,,,,1994 IEEE Instrumentation and Measurement Technology Conference - Advanced Technologies in I and M (IMTC/94),"MAY 10-12, 1994","HAMAMATSU, JAPAN","IEEE, INSTRUMENTAT & MEASUREMENT SOC,SOC INSTRUMENT & CONTROL ENGINEERS, JAPAN",,,,,,,,,,,,,,,,,,,,,,,,,0-7803-1880-3,,,,1994,,,,,,,175,178,,10.1109/IMTC.1994.352097,http://dx.doi.org/10.1109/IMTC.1994.352097,,,,,,,,,,,,,WOS:A1994BC27G00054,View Full Record in Web of Science
J,"Lu, ZY; Wang, N; Yang, CG",,,,"Lu, Zhenyu; Wang, Ning; Yang, Chenguang",,,A Dynamic Movement Primitives-Based Tool Use Skill Learning and Transfer Framework for Robot Manipulation,IEEE TRANSACTIONS ON AUTOMATION SCIENCE AND ENGINEERING,,,,,,,,,,,,,,,,,"lu, zhenyu/AAH-5454-2019; Yang, Chenguang/ABE-7755-2020; Wang, Han/A-5016-2011","zhenyu, lu/0000-0002-5446-7285; Wang, Ning/0000-0002-3264-1852",,,,,,,,,,,,,1545-5955,1558-3783,,,,,2025,22,,,,,,1748,1763,,10.1109/TASE.2024.3370139,http://dx.doi.org/10.1109/TASE.2024.3370139,,MAR 2024,,,,,,,,,,,WOS:001181512200001,View Full Record in Web of Science
J,"Wang, KM; Zhao, Y; Sakuma, I",,,,"Wang, Kaimeng; Zhao, Yu; Sakuma, Ichiro",,,Learning Robotic Insertion Tasks From Human Demonstration,IEEE ROBOTICS AND AUTOMATION LETTERS,,,,,,,,,,,,,,,,,,"Zhao, Yu/0009-0003-1045-9691; Wang, Kaimeng/0000-0001-5955-9755",,,,,,,,,,,,,2377-3766,,,,,SEP,2023,8,9,,,,,5815,5822,,10.1109/LRA.2023.3300238,http://dx.doi.org/10.1109/LRA.2023.3300238,,,,,,,,,,,,,WOS:001045412800012,View Full Record in Web of Science
J,"Jin, C; Liu, XY; Zhao, YF; Zhu, YG; Wang, J; Wang, HS",,,,"Jin, Cong; Liu, Xiaoyu; Zhao, YuFei; Zhu, Yonggui; Wang, Jie; Wang, Hesheng",,,ViolinBot: A Framework for Imitation Learning of Violin Bowing Using Fuzzy Logic and PCA,IEEE TRANSACTIONS ON FUZZY SYSTEMS,,,,,,,,,,,,,,,,,"Zhao, Yufei/C-3666-2008; Li, Xinyu/AAP-3162-2021; Wang, Hesheng/P-3192-2015","Wang, Hesheng/0000-0002-9959-1634; Zhu, Yonggui/0000-0002-0048-2084; jin, cong/0000-0003-0464-9862",,,,,,,,,,,,,1063-6706,1941-0034,,,,SEP,2024,32,9,,,,,5005,5017,,10.1109/TFUZZ.2024.3409146,http://dx.doi.org/10.1109/TFUZZ.2024.3409146,,,,,,,,,,,,,WOS:001307418200023,View Full Record in Web of Science
C,"Tahara, K; Arimoto, S",,,IEEE,"Tahara, Kenji; Arimoto, Suguru",,,Iterative Learning Scheme for a Redundant Manipulator: Skilled Hand Writing Motion on an Arbitrary Smooth Surface,2011 IEEE INTERNATIONAL CONFERENCE ON ROBOTICS AND AUTOMATION (ICRA),IEEE International Conference on Robotics and Automation ICRA,,,,IEEE International Conference on Robotics and Automation (ICRA),"MAY 09-13, 2011","Shanghai, PEOPLES R CHINA","IEEE,Robot & Automat Soc,Minist Educ China,Minist Sci & Technol China,Natl Nat Sci Fdn China,Sci & Technol Commiss Shanghai Municipal,Shanghai Jiao Tong Univ, State Key Lab Mech Syst & Vibrat,Huazhong Univ Sci & Technol, State Key Lab Digital Mfg Equipment & Technol,Harbin Inst Technol, State Key Lab Robot & Syst,Zhejiang Univ, Inst Cyber-Syst & Control,Chinese Acad Sci, Shenyang Inst Automat,Beihang Univ, Robotics Inst,Beijing Res Inst Automat Machinery Ind,Tianjin Univ, Sch Mech Engn,ABB,YASKAWA Elect,KUKA,Willow Garage,Googol Tech.,Adept Mobile Robots,Harbin Boshi Automat,Natl Instruments,Beijing Universal Pioneering Technol,Real-Time Control & Instrumentat Lab, GE Global Res,ALDEBARAN Robot,Int Federat Robot (IFR),Shanghai Jiao Tong Univ",,,,,,,,,"Tahara, Kenji/AAO-5970-2021","Tahara, Kenji/0000-0003-4457-7867",,,,,,,,,,,,,1050-4729,2577-087X,978-1-61284-385-8,,,,2011,,,,,,,,,,,,,,,,,,,,,,,,WOS:000324383403144,View Full Record in Web of Science
C,"Katyara, S; Ficuciello, F; Caldwell, DG; Chen, F; Siciliano, B",,"Saveriano, M; Renaudo, E; Rodriguez-Sanchez, A; Piater, J",,"Katyara, Sunny; Ficuciello, Fanny; Caldwell, Darwin G.; Chen, Fei; Siciliano, Bruno",,,Reproducible Pruning System on Dynamic Natural Plants for Field Agricultural Robots,HUMAN-FRIENDLY ROBOTICS 2020,Springer Proceedings in Advanced Robotics,,,,13th International Workshop on Human-Friendly Robotics (HFR),"OCT 01-02, 2020",ELECTR NETWORK,Univ Innsbruck,,,,,,,,,"Katyara, Sunny/Y-2197-2018; Caldwell, Darwin/E-9954-2018","Siciliano, Bruno/0000-0002-1037-0588",,,,,,,,,,,,,2511-1256,2511-1264,978-3-030-71358-4; 978-3-030-71356-0; 978-3-030-71355-3,,,,2021,18,,,,,,1,15,,10.1007/978-3-030-71356-0_1,http://dx.doi.org/10.1007/978-3-030-71356-0_1,,,,,,,,,,,,,WOS:001284780300001,View Full Record in Web of Science
J,"Mitrevski, A; Plöger, PG; Lakemeyer, G",,,,"Mitrevski, Alex; Ploeger, Paul G.; Lakemeyer, Gerhard",,,A hybrid skill parameterisation model combining symbolic and subsymbolic elements for introspective robots,ROBOTICS AND AUTONOMOUS SYSTEMS,,,,,,,,,,,,,,,,,,"Mitrevski, Alex/0000-0003-3591-3160; Ploger, Paul/0000-0001-5563-5458; Lakemeyer, Gerhard/0000-0002-7363-7593",,,,,,,,,,,,,0921-8890,1872-793X,,,,MAR,2023,161,,,,,,,,104350,10.1016/j.robot.2022.104350,http://dx.doi.org/10.1016/j.robot.2022.104350,,JAN 2023,,,,,,,,,,,WOS:000921039400001,View Full Record in Web of Science
J,"Jin, LG; Men, Y; Song, R; Li, FM; Li, YB; Tian, XC",,,,"Jin, Ligang; Men, Yu; Song, Rui; Li, Fengming; Li, Yibin; Tian, Xincheng",,,Robot Skill Generalization: Feature-Selected Adaptation Transfer for Peg-in-Hole Assembly,IEEE TRANSACTIONS ON INDUSTRIAL ELECTRONICS,,,,,,,,,,,,,,,,,,"Men, yu/0000-0001-6956-7425; , Ligang/0000-0003-3931-0631",,,,,,,,,,,,,0278-0046,1557-9948,,,,MAR,2024,71,3,,,,,2748,2757,,10.1109/TIE.2023.3269464,http://dx.doi.org/10.1109/TIE.2023.3269464,,,,,,,,,,,,,WOS:001080899800054,View Full Record in Web of Science
C,"HASEGAWA, T; SUEHIRO, T; TAKASE, K",,,IEEE,"HASEGAWA, T; SUEHIRO, T; TAKASE, K",,,A ROBOT SYSTEM FOR UNSTRUCTURED ENVIRONMENTS BASED ON AN ENVIRONMENT MODEL AND MANIPULATION SKILLS,"1991 IEEE INTERNATIONAL CONFERENCE ON ROBOTICS AND AUTOMATION, VOLS 1-3",,,,,1991 INTERNATIONAL CONF ON ROBOTICS AND AUTOMATION,"APR 09-11, 1991","SACRAMENTO, CA","IEEE, ROBOT & AUTOMAT SOC",,,,,,,,,,,,,,,,,,,,,,,,,0-8186-2163-X,,,,1991,,,,,,,916,923,,10.1109/ROBOT.1991.131705,http://dx.doi.org/10.1109/ROBOT.1991.131705,,,,,,,,,,,,,WOS:A1991BT14J00136,View Full Record in Web of Science
J,"Zhu, BB; Wang, YQ",,,,"Zhu, Binbin; Wang, Yan Qing",,,Fast-Moving and Highly Adaptable Hollow Piezoelectric Miniature Robot,ADVANCED INTELLIGENT SYSTEMS,,,,,,,,,,,,,,,,,"Wang, Yan Qing/AEL-4750-2022","Wang, Yan Qing/0000-0003-0193-3999",,,,,,,,,,,,,,2640-4567,,,,APR,2024,6,4,,,,,,,,10.1002/aisy.202300612,http://dx.doi.org/10.1002/aisy.202300612,,JAN 2024,,,,,,,,,,,WOS:001142266400001,View Full Record in Web of Science
J,"Do, HM; Sheng, WH; Harrington, EE; Bishop, AJ",,,,"Manh Do, Ha; Sheng, Weihua; Harrington, Erin E.; Bishop, Alex J.",,,Clinical Screening Interview Using a Social Robot for Geriatric Care,IEEE TRANSACTIONS ON AUTOMATION SCIENCE AND ENGINEERING,,,,,,,,,,,,,,,,,,"Bishop, Alex/0000-0002-0281-8207; Harrington, Erin/0000-0002-0689-0070",,,,,,,,,,,,,1545-5955,1558-3783,,,,JUL,2021,18,3,,,,,1229,1242,,10.1109/TASE.2020.2999203,http://dx.doi.org/10.1109/TASE.2020.2999203,,,,,,,,,,,,,WOS:000670593000029,View Full Record in Web of Science
C,"Fu, J; Levine, S; Abbeel, P",,,IEEE,"Fu, Justin; Levine, Sergey; Abbeel, Pieter",,,One-Shot Learning of Manipulation Skills with Online Dynamics Adaptation and Neural Network Priors,2016 IEEE/RSJ INTERNATIONAL CONFERENCE ON INTELLIGENT ROBOTS AND SYSTEMS (IROS 2016),,,,,IEEE/RSJ International Conference on Intelligent Robots and Systems (IROS),"OCT 09-14, 2016","Daejeon, SOUTH KOREA","IEEE,RSJ",,,,,,,,,,"Levine, Sergey/0000-0001-6764-2743",,,,,,,,,,,,,,,978-1-5090-3762-9,,,,2016,,,,,,,4019,4026,,,,,,,,,,,,,,,,WOS:000391921704008,View Full Record in Web of Science
J,"Fu, J; Du, JY; Teng, X; Fu, YX; Wu, L",,,,"Fu, Jian; Du, Jinyu; Teng, Xiang; Fu, Yuxiang; Wu, Lu",,,Adaptive Multi-Task Human-Robot Interaction Based on Human Behavioral Intention,IEEE ACCESS,,,,,,,,,,,,,,,,,"Fu, Jian/AFY-2041-2022; Fu, Yu/LBI-0598-2024",,,,,,,,,,,,,,2169-3536,,,,,,2021,9,,,,,,133762,133773,,10.1109/ACCESS.2021.3115756,http://dx.doi.org/10.1109/ACCESS.2021.3115756,,,,,,,,,,,,,WOS:000704098600001,View Full Record in Web of Science
C,"Ahmadzadeh, SR; Kaushik, R; Chernova, S",,"Asfour, T; Billard, A; Harada, K; Kulic, D; Ude, A; Venture, G; Yamane, K; Yokoi, K; Yoshida, E",,"Ahmadzadeh, S. Reza; Kaushik, Roshni; Chernova, Sonia",,,Trajectory Learning from Demonstration with Canal Surfaces: A Parameter-free Approach,2016 IEEE-RAS 16TH INTERNATIONAL CONFERENCE ON HUMANOID ROBOTS (HUMANOIDS),IEEE-RAS International Conference on Humanoid Robots,,,,16th IEEE-RAS International Conference on Humanoid Robots (Humanoids),"NOV 15-17, 2016","Mexican Assoc Comp Vis Robot & Neural Comp, Cancun, MEXICO","IEEE Robot & Automat Soc,Disney Res,ROBOTIS,INTEL,PAL,MACVNR,CONACYT,CINVESTAV",Mexican Assoc Comp Vis Robot & Neural Comp,,,,,,,,,"Chernova, Sonia/0000-0001-6320-0825; Azadeh, Reza/0000-0002-6651-8684",,,,,,,,,,,,,2164-0572,,978-1-5090-4718-5,,,,2016,,,,,,,544,549,,,,,,,,,,,,,,,,WOS:000403009300083,View Full Record in Web of Science
C,"Chmielarczyk, P; Howarth, M; Brignone, L",,"Cheng, K; Webb, D",,"Chmielarczyk, P; Howarth, M; Brignone, L",,,Learning manipulative skills using an ANN approach based on sensorial and descriptive information sources,ADVANCES IN MANUFACTURING TECHNOLOGY-XVI,,,,,18th National Conference on Manufacturing Research,"SEP 10-12, 2002","LEEDS METROPOLITAN UNIV, LEEDS, ENGLAND",,LEEDS METROPOLITAN UNIV,,,,,,,,,,,,,,,,,,,,,,,,1-86058-378-4,,,,2001,,,,,,,509,513,,,,,,,,,,,,,,,,WOS:000178611600082,View Full Record in Web of Science
J,"Qian, ZF; You, MY; Zhou, HJ; Xu, XH; Fu, H; Xue, JZ; He, B",,,,"Qian, Zhifeng; You, Mingyu; Zhou, Hongjun; Xu, Xuanhui; Fu, Hao; Xue, Jinzhe; He, Bin",,,"Contrast, Imitate, Adapt: Learning Robotic Skills From Raw Human Videos",IEEE TRANSACTIONS ON AUTOMATION SCIENCE AND ENGINEERING,,,,,,,,,,,,,,,,,"he, bin/AAV-6319-2021; You, Mingyu/IYS-1568-2023","Qian, Zhifeng/0000-0001-9724-6928; Xu, Xuanhui/0000-0003-0394-8713; hongjun, zhou/0000-0002-6256-2485",,,,,,,,,,,,,1545-5955,1558-3783,,,,2024 MAY 31,2024,,,,,,,,,,10.1109/TASE.2024.3406610,http://dx.doi.org/10.1109/TASE.2024.3406610,,MAY 2024,,,,,,,,,,,WOS:001236635000001,View Full Record in Web of Science
C,"Esteban-Lozano, I; Castro-González, A; Martínez, P",,"Degen, H; Ntoa, S",,"Esteban-Lozano, Ivan; Castro-Gonzalez, Alvaro; Martinez, Paloma",,,Using a LLM-Based Conversational Agent in the Social Robot Mini,"ARTIFICIAL INTELLIGENCE IN HCI, PT III, AI-HCI 2024",Lecture Notes in Artificial Intelligence,,,,26th International Conference on Human-Computer Interaction (HCII),"JUN 29-JUL 04, 2024","Washington, DC",,,,,,,,,,"Martínez, Paloma/AAE-5501-2020","CASTRO GONZALEZ, Alvaro/0000-0002-5189-0002; MARTINEZ, PALOMA/0000-0003-3013-3771",,,,,,,,,,,,,2945-9133,1611-3349,978-3-031-60614-4; 978-3-031-60615-1,,,,2024,14736,,,,,,15,26,,10.1007/978-3-031-60615-1_2,http://dx.doi.org/10.1007/978-3-031-60615-1_2,,,,,,,,,,,,,WOS:001281288800002,View Full Record in Web of Science
J,"Pahic, R; Loncarevic, Z; Gams, A; Ude, A",,,,"Pahic, Rok; Loncarevic, Zvezdan; Gams, Andrej; Ude, Ales",,,Robot skill learning in latent space of a deep autoencoder neural network,ROBOTICS AND AUTONOMOUS SYSTEMS,,,,,,,,,,,,,,,,,"Ude, Aleš/ABB-7839-2020","Gams, Andrej/0000-0002-9803-3593; Loncarevic, Zvezdan/0000-0002-1233-6949",,,,,,,,,,,,,0921-8890,1872-793X,,,,JAN,2021,135,,,,,,,,103690,10.1016/j.robot.2020.103690,http://dx.doi.org/10.1016/j.robot.2020.103690,,,,,,,,,,,,,WOS:000595253700011,View Full Record in Web of Science
C,"Weber, AS",,"Titrek, O; Mikelsone, I; Pavitola, L; Gultekin, GS",,"Weber, Alan S.",,,Continuing Medical Education (CME) and Lifelong Learning (LLL): a Semantic Ontology for Two Learning Modalities,2ND INTERNATIONAL CONFERENCE ON LIFELONG LEARNING AND LEADERSHIP FOR ALL (ICLEL 2016),,,,,2nd International Conference on Lifelong Education and Leadership for All (ICLEL),"JUL 21-23, 2016","Liepaja Univ, Liepaja, LATVIA",,Liepaja Univ,,,,,,,,"Weber, Alan/AAF-8192-2021",,,,,,,,,,,,,,,,978-605-66495-1-6,,,,2016,,,,,,,108,115,,,,,,,,,,,,,,,,WOS:000392658100013,View Full Record in Web of Science
C,"Ishibashi, S",,,IEEE,"Ishibashi, Shojiro",,,The Stereo Vision System for an Underwater Vehicle,"OCEANS 2009 - EUROPE, VOLS 1 AND 2",OCEANS-IEEE,,,,OCEANS 2009 - Europe Conference,"MAY 11-14, 2009","Bremen, GERMANY",IEEE,,,,,,,,,,,,,,,,,,,,,,,0197-7385,,978-1-4244-2522-8,,,,2009,,,,,,,1343,1348,,,,,,,,,,,,,,,,WOS:000277066400215,View Full Record in Web of Science
J,"Teng, T; Gatti, M; Poni, S; Caldwell, D; Chen, F",,,,"Teng, Tao; Gatti, Matteo; Poni, Stefano; Caldwell, Darwin; Chen, Fei",,,Fuzzy dynamical system for robot learning motion skills from human demonstration,ROBOTICS AND AUTONOMOUS SYSTEMS,,,,,,,,,,,,,,,,,"Gatti, Matteo/D-6614-2018; poni, stefano/JUF-6309-2023; Caldwell, Darwin/E-9954-2018",,,,,,,,,,,,,,0921-8890,1872-793X,,,,JUN,2023,164,,,,,,,,104406,10.1016/j.robot.2023.104406,http://dx.doi.org/10.1016/j.robot.2023.104406,,APR 2023,,,,,,,,,,,WOS:000980892300001,View Full Record in Web of Science
J,"Ugur, E; Nagai, Y; Sahin, E; Oztop, E",,,,"Ugur, Emre; Nagai, Yukie; Sahin, Erol; Oztop, Erhan",,,"Staged Development of Robot Skills: Behavior Formation, Affordance Learning and Imitation with Motionese",IEEE TRANSACTIONS ON AUTONOMOUS MENTAL DEVELOPMENT,,,,,,,,,,,,,,,,,"Ugur, Emre/A-6011-2017; Sahin, Erol/B-1361-2016; Oztop, Erhan/K-8111-2012","Ugur, Emre/0000-0001-9597-2731; Sahin, Erol/0000-0002-2993-6879; Oztop, Erhan/0000-0002-3051-6038",,,,,,,,,,,,,1943-0604,1943-0612,,,,JUN,2015,7,2,,,,,119,139,,10.1109/TAMD.2015.2426192,http://dx.doi.org/10.1109/TAMD.2015.2426192,,,,,,,,,,,,,WOS:000356164500005,View Full Record in Web of Science
C,"Johannsmeier, L; Haddadin, S",,,IEEE,"Johannsmeier, Lars; Haddadin, Sami",,,Can we reach human expert programming performance? A tactile manipulation case study in learning time and task performance,2022 IEEE/RSJ INTERNATIONAL CONFERENCE ON INTELLIGENT ROBOTS AND SYSTEMS (IROS),IEEE International Conference on Intelligent Robots and Systems,,,,IEEE/RSJ International Conference on Intelligent Robots and Systems (IROS),"OCT 23-27, 2022","Kyoto, JAPAN","IEEE,Royal Soc Japan,IEEE Robot & Automat Soc,IES,SICE,New Technol Fdn",,,,,,,,,,"Haddadin, Sami/0000-0001-7696-4955",,,,,,,,,,,,,2153-0858,,978-1-6654-7927-1,,,,2022,,,,,,,12081,12088,,10.1109/IROS47612.2022.9982025,http://dx.doi.org/10.1109/IROS47612.2022.9982025,,,,,,,,,,,,,WOS:000909405303097,View Full Record in Web of Science
C,"Gaebert, C; Djemal, A; Hellara, H; Ben Atitallah, B; Ramalingame, R; Barioul, R; Salzseiler, D; Fricke, E; Kanoun, O; Thomas, U",,,IEEE,"Gaebert, Carl; Djemal, Achraf; Hellara, Hiba; Ben Atitallah, Bilel; Ramalingame, Rajarajan; Barioul, Rim; Salzseiler, Dennis; Fricke, Ellen; Kanoun, Olfa; Thomas, Ulrike",,,Gesture Based Symbiotic Robot Programming for Agile Production,2022 IEEE INTERNATIONAL CONFERENCE ON COMPUTATIONAL INTELLIGENCE AND VIRTUAL ENVIRONMENTS FOR MEASUREMENT SYSTEMS AND APPLICATIONS (IEEE CIVEMSA 2022),IEEE International Conference on Computational Intelligence and Virtual Environments for Measurement Systems and Applications,,,,10th IEEE International Conference on Computational Intelligence and Virtual Environments for Measurement Systems and Applications (IEEE CIVEMSA),"JUN 15-17, 2022","Chemnitz, GERMANY","IEEE,IEEE Computat Intelligence Soc,IEEE Instrumentat & Measurement Soc,Chemnitz Sch Metrol e V",,,,,,,,,"Ramalingame, Rajarajan/AAB-7458-2019; Barioul, Rim/MIU-0609-2025; Hellara, Hiba/JZD-3540-2024; Kanoun, Olfa/AAQ-2680-2020","Barioul, Rim/0000-0003-1954-5396",,,,,,,,,,,,,2377-9314,,978-1-6654-3445-4,,,,2022,,,,,,,,,,10.1109/CIVEMSA53371.2022.9853686,http://dx.doi.org/10.1109/CIVEMSA53371.2022.9853686,,,,,,,,,,,,,WOS:000859912400025,View Full Record in Web of Science
C,"Pane, Y; Aertbeliën, E; De Schutter, J; Decré, W",,,IEEE,"Pane, Yudha; Aertbelien, Erwin; De Schutter, Joris; Decre, Wilm",,,Skill-based Programming Framework for Composable Reactive Robot Behaviors,2020 IEEE/RSJ INTERNATIONAL CONFERENCE ON INTELLIGENT ROBOTS AND SYSTEMS (IROS),IEEE International Conference on Intelligent Robots and Systems,,,,IEEE/RSJ International Conference on Intelligent Robots and Systems (IROS),"OCT 24-JAN 24, 2020-2021",ELECTR NETWORK,"IEEE,RSJ",,,,,,,,,"; Aertbelien, Erwin/L-5547-2018","Decre, Wilm/0000-0002-9724-8103; Pane, Yudha Prawira/0000-0003-0246-5605; Aertbelien, Erwin/0000-0002-4514-0934; De Schutter, Joris/0000-0001-9619-5815",,,,,,,,,,,,,2153-0858,,978-1-7281-6212-6,,,,2020,,,,,,,7087,7094,,10.1109/IROS45743.2020.9340985,http://dx.doi.org/10.1109/IROS45743.2020.9340985,,,,,,,,,,,,,WOS:000724145801093,View Full Record in Web of Science
C,"Ramirez-Amaro, K; Inamura, T; Dean-León, E; Beetz, M; Cheng, G",,,IEEE,"Ramirez-Amaro, Karinne; Inamura, Tetsunari; Dean-Leon, Emmanuel; Beetz, Michael; Cheng, Gordon",,,Bootstrapping Humanoid Robot Skills by Extracting Semantic Representations of Human-like Activities from Virtual Reality,2014 14TH IEEE-RAS INTERNATIONAL CONFERENCE ON HUMANOID ROBOTS (HUMANOIDS),IEEE-RAS International Conference on Humanoid Robots,,,,14th IEEE-RAS International Conference on Humanoid Robots (Humanoids),"NOV 18-20, 2014","Madrid, SPAIN",IEEE RAS,,,,,,,,,"Cheng, Gordon/AAH-3554-2020; Ramirez-Amaro, Karinne/AAL-3776-2021; Inamura, Tetsunari/ADW-8458-2022",,,,,,,,,,,,,,2164-0572,,978-1-4799-7174-9,,,,2014,,,,,,,438,443,,,,,,,,,,,,,,,,WOS:000392843800071,View Full Record in Web of Science
J,"GULLAPALLI, V; FRANKLIN, JA; BENBRAHIM, H",,,,"GULLAPALLI, V; FRANKLIN, JA; BENBRAHIM, H",,,ACQUIRING ROBOT SKILLS VIA REINFORCEMENT LEARNING,IEEE CONTROL SYSTEMS MAGAZINE,,,,,,,,,,,,,,,,,,,,,,,,,,,,,,,0272-1708,,,,,FEB,1994,14,1,,,,,13,24,,10.1109/37.257890,http://dx.doi.org/10.1109/37.257890,,,,,,,,,,,,,WOS:A1994PU93400006,View Full Record in Web of Science
C,"Wertheim, O; Suissa, DR; Brafman, RI",,,,"Wertheim, Or; Suissa, Dan R.; Brafman, Ronen I.",,,Towards Plug'n Play Task-Level Autonomy for Robotics Using POMDPs and Generative Models,ELECTRONIC PROCEEDINGS IN THEORETICAL COMPUTER SCIENCE,,,,,2nd Workshop on Agents and Robots for reliable Engineered Autonomy (AREA),"JUL 23-25, 2022","Vienna, AUSTRIA",,,,,,,,,,,,,,,,,,,,,,,,2075-2180,,,,,,2022,,354,,,,,98,111,,10.4204/EPTCS.362.10,http://dx.doi.org/10.4204/EPTCS.362.10,,,,,,,,,,,,,WOS:001047263100008,View Full Record in Web of Science
J,"He, CY; Roizenblatt, M; Patel, N; Ebrahimi, A; Gehlbach, PL; Iordachita, I",,,,"He, Changyan; Roizenblatt, Marina; Patel, Niravkumar; Ebrahimi, Ali; Gehlbach, Peter L.; Iordachita, Iulian",,,Robotic assistance affects manipulation skills in bimanual retinal surgery simulation: a tool-to-sclera force study,INVESTIGATIVE OPHTHALMOLOGY & VISUAL SCIENCE,,,,,Annual Meeting of the Association-for-Research-in-Vision-and-Ophthalmology (ARVO),"APR 28-MAY 02, 2019","Vancouver, CANADA",Assoc Res Vis & Ophthalmol,,,,,,,,,"Roizenblatt, Marina/ABF-6408-2021; Iordachita, Iulian/A-3507-2010; He, Changyan/AAB-3762-2022",,,,,,,,,,,,,,0146-0404,1552-5783,,,,JUL,2019,60,9,,,,5798,,,,,,,,,,,,,,,,,,WOS:000488800705331,View Full Record in Web of Science
C,"Chen, Y; Naghdy, F",,,IEEE; IEEE,"Chen, Y; Naghdy, F",,,Skill acquisition in transfer of manipulation skills from human to machine through a haptic virtual environment,"IEEE ICIT' 02: 2002 IEEE INTERNATIONAL CONFERENCE ON INDUSTRIAL TECHNOLOGY, VOLS I AND II, PROCEEDINGS",,,,,IEEE International Conference on Industrial Technology,"DEC 11-14, 2002","BANGKOK, THAILAND","IEEE Ind Elect Soc,Thai Robot Soc",,,,,,,,,,,,,,,,,,,,,,,,,0-7803-7657-9,,,,2002,,,,,,,337,342,,,,,,,,,,,,,,,,WOS:000183624400064,View Full Record in Web of Science
C,"KOSUGE, K; TAKEO, K; FUKUDA, T; SUGIURA, T; SAKAI, A; YAMADA, K",,,IEEE,"KOSUGE, K; TAKEO, K; FUKUDA, T; SUGIURA, T; SAKAI, A; YAMADA, K",,,UNIFIED APPROACH FOR TELEOPERATION OF VIRTUAL AND REAL ENVIRONMENT FOR SKILL BASED TELEOPERATION,"IROS '94 - INTELLIGENT ROBOTS AND SYSTEMS: ADVANCED ROBOTIC SYSTEMS AND THE REAL WORLD, VOLS 1-3",,,,,IEEE/RSJ/GI International Conference on Intelligent Robots and Systems - Advanced Robotic Systems and the Real World,"SEP 12-16, 1994","FED ARMED FORCES UNIV MUNICH, MUNICH, GERMANY","Gesell Informat,IEEE, Ind Electr Soc,New Technol Fdn,IEEE, Robot & Automat Soc,Robot Soc Japan,Soc Instrumentat & Control Engineers,Univ Bundeswehr Munchen,Inst Tech Intelligenter Syst,VDE VDI Gesell Mikroelektr,VDI BDE Gesell Messtechnik & Automatisierungstechnik",FED ARMED FORCES UNIV MUNICH,,,,,,,,,,,,,,,,,,,,,,,,0-7803-1933-8,,,,1994,,,,,,,1242,1247,,,,,,,,,,,,,,,,WOS:A1994BC39W00161,View Full Record in Web of Science
C,"Lee, D",,,IEEE,"Lee, Dongheui",,,Incremental Robot Skill Learning by Human Motion Retargetting and Physical Human Guidance,2015 12TH INTERNATIONAL CONFERENCE ON UBIQUITOUS ROBOTS AND AMBIENT INTELLIGENCE (URAI),International Conference on Ubiquitous Robots and Ambient Intelligence,,,,12th International Conference on Ubiquitous Robots and Ambient Intelligence (URAI),"OCT 28-30, 2015","Goyang, SOUTH KOREA","Korean Robot Soc,IEEE,Inst Control Robot & Syst,MySET,Robot Soc Japan",,,,,,,,,,,,,,,,,,,,,,,2325-033X,,978-1-4673-7971-7,,,,2015,,,,,,,585,586,,,,,,,,,,,,,,,,WOS:000379215900167,View Full Record in Web of Science
J,"Li, FM; Jiang, Q; Zhang, SS; Wei, M; Song, R",,,,"Li, Fengming; Jiang, Qi; Zhang, Sisi; Wei, Meng; Song, Rui",,,Robot skill acquisition in assembly process using deep reinforcement learning,NEUROCOMPUTING,,,,,,,,,,,,,,,,,,,,,,,,,,,,,,,0925-2312,1872-8286,,,,JUN 14,2019,345,,,,SI,,92,102,,10.1016/j.neucom.2019.01.087,http://dx.doi.org/10.1016/j.neucom.2019.01.087,,,,,,,,,,,,,WOS:000466842400010,View Full Record in Web of Science
J,"Spivak, MR; Chan, JR; Cooper, MS; Petrucci, C; Sheridan, AM; Tang, TY; Wright, FV; Ryan, JL",,,,"Spivak, Michaela R.; Chan, Jillian R.; Cooper, Mikayla S.; Petrucci, Christina; Sheridan, Alannah M.; Tang, Tina Y.; Wright, F. Virginia; Ryan, Jennifer L.",,,Reliability of the Revised Motor Learning Strategies Rating Instrument and Its Role in Describing the Motor Learning Strategy Content of Physiotherapy Sessions in Paediatric Acquired Brain Injury,PHYSIOTHERAPY CANADA,,,,,,,,,,,,,,,,,"tang, tina/GRX-7859-2022","Ryan, Jennifer/0000-0001-7516-9562",,,,,,,,,,,,,0300-0508,1708-8313,,,,NOV 1,2021,73,4,,,,,381,390,,10.3138/ptc-2020-0014,http://dx.doi.org/10.3138/ptc-2020-0014,,,,,,,,34880545,,,,,WOS:000711929600014,View Full Record in Web of Science
C,"Liu, TL; Nie, MX; Wu, XH; Luo, DS",,,IEEE,"Liu, Tianlin; Nie, Mengxi; Wu, Xihong; Luo, Dingsheng",,,Developing Robot Reaching Skill via Look-ahead Planning,2019 WORLD ROBOT CONFERENCE SYMPOSIUM ON ADVANCED ROBOTICS AND AUTOMATION (WRC SARA 2019),,,,,2nd World Robot Conference (WRC) / Symposium on Advanced Robotics and Automation (WRC SARA),"AUG 21, 2019","Beijing, PEOPLES R CHINA","IEEE,Chinese Institute of Electronics,IEEE Robotics & Automation Society,Tohoku Univ,Chiba Inst Technol",,,,,,,,,,,,,,,,,,,,,,,,,978-1-7281-5552-4,,,,2019,,,,,,,25,31,,,,,,,,,,,,,,,,WOS:000526063400005,View Full Record in Web of Science
C,"ARCHIBALD, C; PETRIU, E",,,IEEE,"ARCHIBALD, C; PETRIU, E",,,ROBOT SKILLS DEVELOPMENT USING A LASER RANGE FINDER,IMTC/93 - IEEE INSTRUMENTATION AND MEASUREMENT TECHNOLOGY CONFERENCE : CONFERENCE RECORD: INNOVATIVE IDEAS FOR INDUSTRY,,,,,INSTRUMENTATION AND MEASUREMENT TECHNOLOGY CONF ( IMTC/93 ),"MAY 18-20, 1993","IRVINE, CA","IEEE, INSTRUMENTAT & MEASUREMENT SOC,IEEE, LOS ANGELES COUNCIL",,,,,,,,,,,,,,,,,,,,,,,,,0-7803-1229-5,,,,1993,,,,,,,448,452,,,,,,,,,,,,,,,,WOS:A1993BY59Y00092,View Full Record in Web of Science
C,"Mees, O; Merklinger, M; Kalweit, G; Burgard, W",,,IEEE,"Mees, Oier; Merklinger, Markus; Kalweit, Gabriel; Burgard, Wolfram",,,Adversarial Skill Networks: Unsupervised Robot Skill Learning from Video,2020 IEEE INTERNATIONAL CONFERENCE ON ROBOTICS AND AUTOMATION (ICRA),IEEE International Conference on Robotics and Automation ICRA,,,,IEEE International Conference on Robotics and Automation (ICRA),"MAY 31-JUN 15, 2020",ELECTR NETWORK,IEEE,,,,,,,,,"Burgard, Wolfram/N-2381-2019",,,,,,,,,,,,,,1050-4729,2577-087X,978-1-7281-7395-5,,,,2020,,,,,,,4188,4194,,10.1109/icra40945.2020.9196582,http://dx.doi.org/10.1109/icra40945.2020.9196582,,,,,,,,,,,,,WOS:000712319502125,View Full Record in Web of Science
C,"Kramberger, A",,"Budinska, I; Ciganek, J; Havlik, S; Hricko, J; Kozak, S",,"Kramberger, Aljaz",,,A comparison of learning-by-demonstration methods for force-based robot skills,2014 23RD INTERNATIONAL CONFERENCE ON ROBOTICS IN ALPE-ADRIA-DANUBE REGION (RAAD),,,,,23rd International Conference on Robotics in Alpe-Adria-Danube Region (IEEE RAAD),"SEP 03-05, 2014",SLOVAKIA,,,,,,,,,,"Kramberger, Aljaz/X-2654-2018","Kramberger, Aljaz/0000-0002-4830-4885",,,,,,,,,,,,,,,978-1-4799-6798-8,,,,2014,,,,,,,,,,,,,,,,,,,,,,,,WOS:000360803800033,View Full Record in Web of Science
C,"Kulak, T; Silvério, J; Calinon, S",,"Toussaint, M; Bicchi, A; Hermans, T",,"Kulak, Thibaut; Silverio, Joao; Calinon, Sylvain",,,Fourier movement primitives: an approach for learning rhythmic robot skills from demonstrations,ROBOTICS: SCIENCE AND SYSTEMS XVI,,,,,16th Conference on Robotics - Science and Systems (RSS),"JUL 12-16, 2020",ELECTR NETWORK,,,,,,,,,,,,,,,,,,,,,,,,,,978-0-9923747-6-1,,,,2020,,,,,,,,,,,,,,,,,,,,,,,,WOS:000570976900056,View Full Record in Web of Science
J,"Zhang, FY; Liu, ZY; Xiong, FZ; Su, JH; Qiao, H",,,,"Zhang, Fengyi; Liu, Zhiyong; Xiong, Fangzhou; Su, Jianhua; Qiao, Hong",,,WAGNN: A Weighted Aggregation Graph Neural Network for robot skill learning,ROBOTICS AND AUTONOMOUS SYSTEMS,,,,,,,,,,,,,,,,,"Zhang, Fengyi/P-7858-2019",,,,,,,,,,,,,,0921-8890,1872-793X,,,,AUG,2020,130,,,,,,,,103555,10.1016/j.robot.2020.103555,http://dx.doi.org/10.1016/j.robot.2020.103555,,,,,,,,,,,,,WOS:000538810400003,View Full Record in Web of Science
J,"Wang, ZB; Wei, JJ; Liu, HY; Gu, YL",,,,"Wang, Zhibo; Wei, Jianjie; Liu, Haiyun; Gu, Yuanlin",,,Comparison Analysis of Robot-Assisted Computed Tomography Navigation System and Manual Freehand Technique in Orthopedic Surgery,JOURNAL OF MEDICAL IMAGING AND HEALTH INFORMATICS,,,,,,,,,,,,,,,,,"Wang, Zhibo/GSD-3371-2022",,,,,,,,,,,,,,2156-7018,2156-7026,,,,FEB,2019,9,2,,,,,349,353,,10.1166/jmihi.2019.2640,http://dx.doi.org/10.1166/jmihi.2019.2640,,,,,,,,,,,,,WOS:000459542800021,View Full Record in Web of Science
C,"Nakamura, A; Kawai, Y",,"Sugisaka, M; Tanaka, H",,"Nakamura, Akira; Kawai, Yoshihiro",,,Recovery Technique from Classified Errors in Adjustment Tasks of Domestic Appliances,PROCEEDINGS OF THE SIXTEENTH INTERNATIONAL SYMPOSIUM ON ARTIFICIAL LIFE AND ROBOTICS (AROB 16TH '11),,,,,16th International Symposium on Artificial Life and Robotics (AROB 16th '11),"JAN 27-29, 2011","Beppu, JAPAN","Int Organiz Comm Int Symposium Artificial Life & Robot,ALife Robot Corp Ltd & Nippon Bunri Univ,Mitsubishi Elect Corp Adv Technol R&D Ctr,Oita Gas Co Ltd,ME System Co Ltd,SANWA SHURUI Co Ltd",,,,,,,,,"Kawai, Yoshihiro/M-3378-2016; Nakamura, Akira/M-3854-2016",,,,,,,,,,,,,,,,978-4-9902880-5-1,,,,2011,,,,,,,930,933,,,,,,,,,,,,,,,,WOS:000393365500225,View Full Record in Web of Science
J,"Kiyasseh, D; Laca, J; Haque, TF; Miles, BJ; Wagner, C; Donoho, DA; Anandkumar, A; Hung, AJ",,,,"Kiyasseh, Dani; Laca, Jasper; Haque, Taseen F.; Miles, Brian J.; Wagner, Christian; Donoho, Daniel A.; Anandkumar, Animashree; Hung, Andrew J.",,,A multi-institutional study using artificial intelligence to provide reliable and fair feedback to surgeons,COMMUNICATIONS MEDICINE,,,,,,,,,,,,,,,,,"Wagner, Christian/H-6310-2012","Haque, Taseen F/0000-0002-7165-6539; Kiyasseh, Dani/0000-0002-2898-1790; Laca, Jasper/0009-0003-9161-4170",,,,,,,,,,,,,2730-664X,,,,,MAR 30,2023,3,1,,,,,,,42,10.1038/s43856-023-00263-3,http://dx.doi.org/10.1038/s43856-023-00263-3,,,,,,,,36997578,,,,,WOS:000960899300002,View Full Record in Web of Science
J,"Zhang, JW; Quoy, M",,,,"Zhang, JW; Quoy, M",,,Preface - Advances in robot skill learning,ROBOTICS AND AUTONOMOUS SYSTEMS,,,,,,,,,,,,,,,,,,,,,,,,,,,,,,,0921-8890,,,,,MAR 31,2002,38,3-4,,,,,135,136,PII S0921-8890(02)00162-8,10.1016/S0921-8890(02)00162-8,http://dx.doi.org/10.1016/S0921-8890(02)00162-8,,,,,,,,,,,,,WOS:000174872600001,View Full Record in Web of Science
J,"Nimmo, L; Usher, G",,,,"Nimmo, Lachlan; Usher, Greg",,,"'Job-ready' project managers: Are Australian Universities preparing managers for the impact of AI, ML and Bots?",PROJECT MANAGEMENT RESEARCH AND PRACTICE,,,,,,,,,,,,,,,,,,,,,,,,,,,,,,,,2207-1415,,,,OCT-DEC,2020,6,,,,,,,,,10.37938/pmrp.vol6.0014,http://dx.doi.org/10.37938/pmrp.vol6.0014,,,,,,,,,,,,,WOS:000668897500001,View Full Record in Web of Science
C,"Panahi, AK; Cho, S",,,ASME,"Panahi, Ali Keshavarz; Cho, Sohyung",,,OBJECTIVE ASSESSMENT OF MINIMALLY INVASIVE SURGICAL SKILLS,"PROCEEDINGS OF THE ASME INTERNATIONAL MECHANICAL ENGINEERING CONGRESS AND EXPOSITION, 2013, VOL 3A",,,,,ASME International Mechanical Engineering Congress and Exposition (IMECE2013),"NOV 15-21, 2013","San Diego, CA",ASME,,,,,,,,,"Panahi, Ali/AHE-0312-2022",,,,,,,,,,,,,,,,978-0-7918-5621-5,,,,2014,,,,,,,,,V03AT03A031,,,,,,,,,,,,,,,WOS:000359682400031,View Full Record in Web of Science
C,"SCHNEIDER, JG",,,AMER ASSOC ARTIFICIAL INTELLIGENCE,"SCHNEIDER, JG",,,HIGH DIMENSION ACTION SPACES IN ROBOT SKILL LEARNING,"PROCEEDINGS OF THE TWELFTH NATIONAL CONFERENCE ON ARTIFICIAL INTELLIGENCE, VOLS 1 AND 2",,,,,12th National Conference on Artificial Intelligence,"JUL 31-AUG 04, 1994","SEATTLE, WA",AMER ASSOC ARTIFICIAL INTELLIGENCE,,,,,,,,,,,,,,,,,,,,,,,,,0-262-61102-3,,,,1994,,,,,,,1272,1278,,,,,,,,,,,,,,,,WOS:A1994BC17T00196,View Full Record in Web of Science
J,"Wang, Y; Guo, SX; Xiao, N; Li, YX; Jiang, YH",,,,"Wang, Yuan; Guo, Shuxiang; Xiao, Nan; Li, Youxiang; Jiang, Yuhua",,,Surgeons' Operation Skill-Based Control Strategy and Preliminary Evaluation for a Vascular Interventional Surgical Robot,JOURNAL OF MEDICAL AND BIOLOGICAL ENGINEERING,,,,,,,,,,,,,,,,,"Jiang, Yuhua/KGM-4836-2024; Xiao, Nan/C-9835-2013","Guo, Shuxiang/0000-0002-0607-9798",,,,,,,,,,,,,1609-0985,2199-4757,,,,OCT,2019,39,5,,,,,653,664,,10.1007/s40846-018-0453-3,http://dx.doi.org/10.1007/s40846-018-0453-3,,,,,,,,,,,,,WOS:000503217500003,View Full Record in Web of Science
J,"Yang, XJ; Zhang, YX; Li, RR; Zheng, XH; Zhang, QF",,,,"Yang, Xuejiao; Zhang, Yunxiu; Li, Rongrong; Zheng, Xinhui; Zhang, Qifeng",,,Learning Underwater Intervention Skills Based on Dynamic Movement Primitives,ELECTRONICS,,,,,,,,,,,,,,,,,"Zhang, Qifeng/ABH-3054-2021",,,,,,,,,,,,,,,2079-9292,,,,OCT,2024,13,19,,,,,,,3860,10.3390/electronics13193860,http://dx.doi.org/10.3390/electronics13193860,,,,,,,,,,,,,WOS:001334276200001,View Full Record in Web of Science
C,"Belousov, B; Sadybakasov, A; Wibranek, B; Veiga, F; Tessmann, O; Peters, J",,,IEEE,"Belousov, Boris; Sadybakasov, Alymbek; Wibranek, Bastian; Veiga, Filipe; Tessmann, Oliver; Peters, Jan",,,Building a Library of Tactile Skills Based on FingerVision,2019 IEEE-RAS 19TH INTERNATIONAL CONFERENCE ON HUMANOID ROBOTS (HUMANOIDS),IEEE-RAS International Conference on Humanoid Robots,,,,IEEE-RAS 19th International Conference on Humanoid Robots (Humanoids),"OCT 15-17, 2019","Toronto, CANADA","IEEE, RAS",,,,,,,,,"Peters, Jan/D-5068-2009","Tessmann, Oliver/0000-0003-0297-9884; Fernandes Veiga, Filipe/0009-0006-5530-9525",,,,,,,,,,,,,2164-0572,,978-1-5386-7630-1,,,,2019,,,,,,,717,722,,10.1109/humanoids43949.2019.9035000,http://dx.doi.org/10.1109/humanoids43949.2019.9035000,,,,,,,,,,,,,WOS:000563479900088,View Full Record in Web of Science
J,"Yoshikawa, N; Skreta, M; Darvish, K; Arellano-Rubach, S; Ji, Z; Kristensen, LB; Li, AZ; Zhao, YC; Xu, HP; Kuramshin, A; Aspuru-Guzik, A; Shkurti, F; Garg, A",,,,"Yoshikawa, Naruki; Skreta, Marta; Darvish, Kourosh; Arellano-Rubach, Sebastian; Ji, Zhi; Kristensen, Lasse Bjorn; Li, Andrew Zou; Zhao, Yuchi; Xu, Haoping; Kuramshin, Artur; Aspuru-Guzik, Alan; Shkurti, Florian; Garg, Animesh",,,Large language models for chemistry robotics,AUTONOMOUS ROBOTS,,,,,,,,,,,,,,,,,"Yoshikawa, Naruki/MSY-0434-2025; Garg, Animesh/AGK-2223-2022; Bernstein, Alan/X-9136-2019","Yoshikawa, Naruki/0000-0003-1546-8709; Bjorn Kristensen, Lasse/0000-0002-3939-8170",,,,,,,,,,,,,0929-5593,1573-7527,,,,DEC,2023,47,8,,,,,1057,1086,,10.1007/s10514-023-10136-2,http://dx.doi.org/10.1007/s10514-023-10136-2,,OCT 2023,,,,,,,,,,,WOS:001090433300001,View Full Record in Web of Science
C,"Lee, SH; Chen, J",,,"IEEE, ROBOT & AUTOMAT SOC","Lee, SH; Chen, J",,,Robot skill discovery based on observed data,"1996 IEEE INTERNATIONAL CONFERENCE ON ROBOTICS AND AUTOMATION, PROCEEDINGS, VOLS 1-4",IEEE INTERNATIONAL CONFERENCE ON ROBOTICS AND AUTOMATION,,,,1996 IEEE International Conference on Robotics and Automation,"APR 22-28, 1996","MINNEAPOLIS, MN","IEEE, Robot & Automat Soc",,,,,,,,,,,,,,,,,,,,,,,1050-4729,,0-7803-2989-9,,,,1996,,,,,,,2694,2699,,,,,,,,,,,,,,,,WOS:A1996BF68P00422,View Full Record in Web of Science
J,"Sánchez-Margallo, JA; Sánchez-Margallo, FM; Carrasco, JBP; García, IO; Aguilera, EJG; del Pozo, JM",,,,"Sanchez-Margallo, Juan A.; Sanchez-Margallo, Francisco M.; Pagador Carrasco, Jose B.; Oropesa Garcia, Ignacio; Gomez Aguilera, Enrique J.; Moreno del Pozo, Jose",,,Usefulness of an optical tracking system in laparoscopic surgery for motor skills assessment,CIRUGIA ESPANOLA,,,,,,,,,,,,,,,,,"Margallo, Juan/N-6280-2019; Pagador, Blas/D-5914-2011; GOMEZ, ENRIQUE J/K-6698-2017; Oropesa, Ignacio/L-6252-2014; Del Pozo, Jose L/Q-4442-2016; Sanchez Margallo, Francisco Miguel/I-5605-2019; Sanchez-Margallo, Juan A./F-7712-2017","GOMEZ, ENRIQUE J/0000-0001-6998-1407; Oropesa, Ignacio/0000-0003-4560-285X; Del Pozo, Jose L/0000-0002-5402-3334; Sanchez Margallo, Francisco Miguel/0000-0003-2138-988X; Sanchez-Margallo, Juan A./0000-0002-0100-2695; Pagador, J. Blas/0000-0002-4382-5075",,,,,,,,,,,,,0009-739X,1578-147X,,,,JUN-JUL,2014,92,6,,,,,421,428,,10.1016/j.ciresp.2013.01.006,http://dx.doi.org/10.1016/j.ciresp.2013.01.006,,,,,,,,23668944,,,,,WOS:000338352200011,View Full Record in Web of Science
J,"Kupcsik, A; Deisenroth, MP; Peters, J; Poh, LA; Vadakkepat, P; Neumann, G",,,,"Kupcsik, Andras; Deisenroth, Marc Peter; Peters, Jan; Poh, Loh Ai; Vadakkepat, Prahlad; Neumann, Gerhard",,,Model-based contextual policy search for data-efficient generalization of robot skills,ARTIFICIAL INTELLIGENCE,,,,,,,,,,,,,,,,,"Peters, Jan/D-5068-2009; Deisenroth, Marc/G-8947-2013","Neumann, Gerhard/0000-0002-5483-4225; Vadakkepat, Prahlad/0000-0003-2649-9893; Loh, Ai Poh/0000-0002-6851-0133",,,,,,,,,,,,,0004-3702,1872-7921,,,,JUN,2017,247,,,,SI,,415,439,,10.1016/j.artint.2014.11.005,http://dx.doi.org/10.1016/j.artint.2014.11.005,,,,,,,,,,,,,WOS:000401401600019,View Full Record in Web of Science
C,"SCHNEIDER, JG; GANS, RF",,,IEEE,"SCHNEIDER, JG; GANS, RF",,,EFFICIENT SEARCH FOR ROBOT SKILL LEARNING - SIMULATION AND REALITY,"IROS '94 - INTELLIGENT ROBOTS AND SYSTEMS: ADVANCED ROBOTIC SYSTEMS AND THE REAL WORLD, VOLS 1-3",,,,,IEEE/RSJ/GI International Conference on Intelligent Robots and Systems - Advanced Robotic Systems and the Real World,"SEP 12-16, 1994","FED ARMED FORCES UNIV MUNICH, MUNICH, GERMANY","Gesell Informat,IEEE, Ind Electr Soc,New Technol Fdn,IEEE, Robot & Automat Soc,Robot Soc Japan,Soc Instrumentat & Control Engineers,Univ Bundeswehr Munchen,Inst Tech Intelligenter Syst,VDE VDI Gesell Mikroelektr,VDI BDE Gesell Messtechnik & Automatisierungstechnik",FED ARMED FORCES UNIV MUNICH,,,,,,,,,,,,,,,,,,,,,,,,0-7803-1933-8,,,,1994,,,,,,,1256,1263,,,,,,,,,,,,,,,,WOS:A1994BC39W00163,View Full Record in Web of Science
C,"Peters, J",,"Lau, N; Silva, MF; Reis, LP; Cascalho, J",,"Peters, Jan",,,Towards Robot Skill Learning,2020 IEEE INTERNATIONAL CONFERENCE ON AUTONOMOUS ROBOT SYSTEMS AND COMPETITIONS (ICARSC 2020),IEEE International Conference on Autonomous Robot Systems and Competitions ICARSC,,,,IEEE International Conference on Autonomous Robot Systems and Competitions (ICARSC),"APR 15-16, 2020","Univ Azores Campus, ELECTR NETWORK","IEEE,Soc Portuguesa Robotica,IEEE Robot & Automat Soc,IEEE Portugal Sect, Portuguese Chapter,Governo Acores, Secretaria Reg Mar, Ciencia & Tecnologia,Gaspar Frutuoso,Univ Aveiro,Inst Super Engn Porto,Univ Porto, Fac Engn,Univ Acores, Fac Ciencias & Tecnologia,IEETA,INESC TEC Tecnologia & Ciencia Lab Assoc,LIACC,CentroAlgoritmi,Biosystems & Integrat Sci Inst,GRIA,Nucleo Investigacao & Desenvolvimento E Saude,IEEE Portugal Sect RA Chapter",Univ Azores Campus,,,,,,,,"Peters, Jan/D-5068-2009",,,,,,,,,,,,,,2573-9360,2573-9387,978-1-7281-7078-7,,,,2020,,,,,,,3,3,,,,,,,,,,,,,,,,WOS:000587899400002,View Full Record in Web of Science
C,"Zentner, KR; Julian, R; Ichter, B; Sukhatme, GS",,,IEEE,"Zentner, K. R.; Julian, Ryan; Ichter, Brian; Sukhatme, Gaurav S.",,,Conditionally Combining Robot Skills using Large Language Models,2024 IEEE INTERNATIONAL CONFERENCE ON ROBOTICS AND AUTOMATION (ICRA 2024),IEEE International Conference on Robotics and Automation ICRA,,,,IEEE International Conference on Robotics and Automation (ICRA),"MAY 13-17, 2024","Yokohama, JAPAN","IEEE,IEEE Robot & Automat Soc",,,,,,,,,,,,,,,,,,,,,,,1050-4729,2577-087X,979-8-3503-8458-1; 979-8-3503-8457-4,,,,2024,,,,,,,14046,14053,,10.1109/ICRA57147.2024.10611275,http://dx.doi.org/10.1109/ICRA57147.2024.10611275,,,,,,,,,,,,,WOS:001369728003121,View Full Record in Web of Science
C,"Thomas, U; Hirzinger, G; Rumpe, B; Schulze, C; Wortmann, A",,,IEEE,"Thomas, Ulrike; Hirzinger, Gerd; Rumpe, Bernhard; Schulze, Christoph; Wortmann, Andreas",,,A New Skill Based Robot Programming Language Using UML/P Statecharts,2013 IEEE INTERNATIONAL CONFERENCE ON ROBOTICS AND AUTOMATION (ICRA),IEEE International Conference on Robotics and Automation ICRA,,,,IEEE International Conference on Robotics and Automation (ICRA),"MAY 06-10, 2013","Karlsruhe, GERMANY",IEEE,,,,,,,,,"; Rumpe, Bernhard/S-8216-2016","Wortmann, Andreas/0000-0003-3534-253X; Rumpe, Bernhard/0000-0002-2147-1966",,,,,,,,,,,,,1050-4729,2577-087X,978-1-4673-5641-1; 978-1-4673-5643-5,,,,2013,,,,,,,461,466,,,,,,,,,,,,,,,,WOS:000337617300068,View Full Record in Web of Science
J,"Wallhoff, F; Blume, J; Bannat, A; Rösel, W; Lenz, C; Knoll, A",,,,"Wallhoff, Frank; Blume, Juergen; Bannat, Alexander; Roesel, Wolfgang; Lenz, Claus; Knoll, Alois",,,A skill-based approach towards hybrid assembly,ADVANCED ENGINEERING INFORMATICS,,,,,,,,,,,,,,,,,"Wallhoff, Frank/AFO-3512-2022; Knoll, Alois/AAN-8417-2021; Hayadi, B.Herawan/X-5365-2018","Wallhoff, Frank/0000-0002-7791-3225; Knoll, Alois/0000-0003-4840-076X; Hayadi, B.Herawan/0000-0003-4645-2662",,,,,,,,,,,,,1474-0346,1873-5320,,,,AUG,2010,24,3,,,,,329,339,,10.1016/j.aei.2010.05.013,http://dx.doi.org/10.1016/j.aei.2010.05.013,,,,,,,,,,,,,WOS:000280510900009,View Full Record in Web of Science
C,"Harada, K; Minakawa, Y; Baek, Y; Kozuka, Y; Sora, S; Morita, A; Sugita, N; Mitsuishi, M",,,IEEE,"Harada, K.; Minakawa, Y.; Baek, Y.; Kozuka, Y.; Sora, S.; Morita, A.; Sugita, N.; Mitsuishi, M.",,,Microsurgical Skill Assessment: Toward Skill-Based Surgical Robotic Control,2011 ANNUAL INTERNATIONAL CONFERENCE OF THE IEEE ENGINEERING IN MEDICINE AND BIOLOGY SOCIETY (EMBC),IEEE Engineering in Medicine and Biology Society Conference Proceedings,,,,33rd Annual International Conference of the IEEE Engineering-in-Medicine-and-Biology-Society (EMBS),"AUG 30-SEP 03, 2011","Boston, MA","IEEE,Engn Med & Biol Soc (EMBS)",,,,,,,,,,"Sugita, Naohiko/0000-0002-1369-0747; Morita, Akio/0000-0002-2497-5772",,,,,,,,,,,,,1557-170X,1558-4615,978-1-4244-4122-8,,,,2011,,,,,,,6700,6703,,,,,,,,,,,22255876,,,,,WOS:000298810005057,View Full Record in Web of Science
J,"Repiso, E; Garrell, A; Sanfeliu, A",,,,"Repiso, Ely; Garrell, Anais; Sanfeliu, Alberto",,,Adaptive Social Planner to Accompany People in Real-Life Dynamic Environments,INTERNATIONAL JOURNAL OF SOCIAL ROBOTICS,,,,,,,,,,,,,,,,,,"Garrell, Anais/0000-0002-4629-0723; Repiso Polo, Ely/0000-0001-6540-8347",,,,,,,,,,,,,1875-4791,1875-4805,,,,JUN,2024,16,6,,,,,1189,1221,,10.1007/s12369-022-00937-3,http://dx.doi.org/10.1007/s12369-022-00937-3,,DEC 2022,,,,,,,,,,,WOS:000893542200001,View Full Record in Web of Science
C,"Itabashi, K; Hirana, K; Suzuki, T; Okuma, S; Fujiwara, F",,,IEEE; IEEE; IEEE; IEEE,"Itabashi, K; Hirana, K; Suzuki, T; Okuma, S; Fujiwara, F",,,Implementation of the human skill based on hybrid architecture,"IECON '98 - PROCEEDINGS OF THE 24TH ANNUAL CONFERENCE OF THE IEEE INDUSTRIAL ELECTRONICS SOCIETY, VOLS 1-4",IEEE Industrial Electronics Society,,,,24th Annual Conference of the IEEE Industrial-Electronics-Society,"AUG 31-SEP 04, 1998","AACHEN, GERMANY","IEEE, Ind Electr Soc,European Ctr Mechatron,Soc Instrument & Control Engineers Japan,RWTH",,,,,,,,,,,,,,,,,,,,,,,1553-572X,,0-7803-4503-7,,,,1998,,,,,,,1795,1800,,,,,,,,,,,,,,,,WOS:000077035900333,View Full Record in Web of Science
C,"Rana, MA; Mukadam, M; Ahmadzadeh, SR; Chernova, S; Boots, B","Kosecka, J","Maciejewski, AA; Okamura, A; Bicchi, A; Stachniss, C; Song, DZ; Lee, DH; Chaumette, F; Ding, H; Li, JS; Wen, J; Roberts, J; Masamune, K; Chong, NY; Amato, N; Tsagwarakis, N; Rocco, P; Asfour, T; Chung, WK; Yasuyoshi, Y; Sun, Y; Maciekeski, T; Althoefer, K; AndradeCetto, J; Chung, WK; Demircan, E; Dias, J; Fraisse, P; Gross, R; Harada, H; Hasegawa, Y; Hayashibe, M; Kiguchi, K; Kim, K; Kroeger, T; Li, Y; Ma, S; Mochiyama, H; Monje, CA; Rekleitis, I; Roberts, R; Stulp, F; Tsai, CHD; Zollo, L",,"Rana, M. Asif; Mukadam, Mustafa; Ahmadzadeh, S. Reza; Chernova, Sonia; Boots, Byron","Kosecka, J",,Learning Generalizable Robot Skills from Demonstrations in Cluttered Environments,2018 IEEE/RSJ INTERNATIONAL CONFERENCE ON INTELLIGENT ROBOTS AND SYSTEMS (IROS),IEEE International Conference on Intelligent Robots and Systems,,,,25th IEEE/RSJ International Conference on Intelligent Robots and Systems (IROS),"OCT 01-05, 2018","Madrid, SPAIN","IEEE Robot & Automat Soc,IEEE Ind Elect Soc,Robot Soc Japan,Soc Instrument & Control Engineers,New Technol Fdn,IEEE,Adept MobileRobots,Willow Garage,Aldebaran Robot,Natl Instruments,Reflexxes GmbH,Schunk Intec S L U,Univ Carlos III Madrid,BOSCH,JD COM,Pal Robot,KUKA,Santander,Squirrel AI Learning,Baidu,Generat Robots,KINOVA Robot,Ouster,Univ Pablo Olavide Sevilla,Rapyuta Robot,SICK,TOYOTA,UP,Amazon,ARGO,Built Robot,Disney Res,Easy Mile,Hitachi,Robot,Khalifa Univ,Magazino,MathWorks,New Dexterity,Schunk,nuTonomy,PILZ,Prophesee,Rootnik,Saga Robot,Shadow,Soft Bank Robot,Anyverse,GalTech,Generat Robot,IEEE CAA Journal Automatica Sinica,Sci Robot, AAAS,TERAS",,,,,,,,,,"Chernova, Sonia/0000-0001-6320-0825",,,,,,,,,,,,,2153-0858,,978-1-5386-8094-0,,,,2018,,,,,,,4655,4660,,,,,,,,,,,,,,,,WOS:000458872704040,View Full Record in Web of Science
C,"Morrow, JD; Khosla, PK",,,IEEE,"Morrow, JD; Khosla, PK",,,Manipulation task primitives for composing robot skills,"1997 IEEE INTERNATIONAL CONFERENCE ON ROBOTICS AND AUTOMATION - PROCEEDINGS, VOLS 1-4",IEEE INTERNATIONAL CONFERENCE ON ROBOTICS AND AUTOMATION,,,,1997 IEEE International Conference on Robotics and Automation (ICRA97) - Teaming to Make an Impact,"APR 20-25, 1997","ALBUQUERQUE, NM","IEEE, Robot & Automat Soc",,,,,,,,,,,,,,,,,,,,,,,1050-4729,,0-7803-3613-5,,,,1997,,,,,,,3354,3359,,,,,,,,,,,,,,,,WOS:A1997BJ42X00533,View Full Record in Web of Science
C,"Okuda, H; Takeuchi, H; Inagaki, S; Suzuki, T; Hayakawa, S",,,IEEE,"Okuda, Hiroyuki; Takeuchi, Hidenori; Inagaki, Shinkichi; Suzuki, Tatsuya; Hayakawa, Soichiro",,,Understanding of Positioning Skill based on Feedforward/Feedback Switched Dynamical Model,2009 IEEE-RSJ INTERNATIONAL CONFERENCE ON INTELLIGENT ROBOTS AND SYSTEMS,,,,,IEEE RSJ International Conference on Intelligent Robots and Systems,"OCT 10-15, 2009","St Louis, MO","IEEE Robot & Automat Soc (RA),Robot Soc Japan (RSJ),Soc Instruments & Control Engn,IEEE Ind Elect Soc,Inst Control, Robot & Syst Korea,ABB,Barrett Technol, Inc,Willow Garage,ROBOTIS,Aldebaran Robot",,,,,,,,,"Takeuchi, Hidenori/AFG-8500-2022","Inagaki, Shinkichi/0000-0003-0850-0854",,,,,,,,,,,,,,,978-1-4244-3803-7,,,,2009,,,,,,,3057,3063,,10.1109/IROS.2009.5353903,http://dx.doi.org/10.1109/IROS.2009.5353903,,,,,,,,,,,,,WOS:000285372901187,View Full Record in Web of Science
C,"Suehiro, T; Kitagaki, K",,,"IEEE, ROBOT & AUTOMAT SOC","Suehiro, T; Kitagaki, K",,,Multi-agent based implementation of robot skills,"1996 IEEE INTERNATIONAL CONFERENCE ON ROBOTICS AND AUTOMATION, PROCEEDINGS, VOLS 1-4",IEEE INTERNATIONAL CONFERENCE ON ROBOTICS AND AUTOMATION,,,,1996 IEEE International Conference on Robotics and Automation,"APR 22-28, 1996","MINNEAPOLIS, MN","IEEE, Robot & Automat Soc",,,,,,,,,,,,,,,,,,,,,,,1050-4729,,0-7803-2989-9,,,,1996,,,,,,,2976,2981,,,,,,,,,,,,,,,,WOS:A1996BF68P00467,View Full Record in Web of Science
C,"Peinado, G; Urdiales, C; Peula, JM; Fdez-Carmona, M; Annicchiarico, R; Sandoval, F; Caltagirone, C",,,IEEE,"Peinado, G.; Urdiales, C.; Peula, J. M.; Fdez-Carmona, M.; Annicchiarico, R.; Sandoval, F.; Caltagirone, C.",,,Navigation skills based profiling for collaborative wheelchair control,2011 IEEE INTERNATIONAL CONFERENCE ON ROBOTICS AND AUTOMATION (ICRA),IEEE International Conference on Robotics and Automation ICRA,,,,IEEE International Conference on Robotics and Automation (ICRA),"MAY 09-13, 2011","Shanghai, PEOPLES R CHINA","IEEE,Robot & Automat Soc,Minist Educ China,Minist Sci & Technol China,Natl Nat Sci Fdn China,Sci & Technol Commiss Shanghai Municipal,Shanghai Jiao Tong Univ, State Key Lab Mech Syst & Vibrat,Huazhong Univ Sci & Technol, State Key Lab Digital Mfg Equipment & Technol,Harbin Inst Technol, State Key Lab Robot & Syst,Zhejiang Univ, Inst Cyber-Syst & Control,Chinese Acad Sci, Shenyang Inst Automat,Beihang Univ, Robotics Inst,Beijing Res Inst Automat Machinery Ind,Tianjin Univ, Sch Mech Engn,ABB,YASKAWA Elect,KUKA,Willow Garage,Googol Tech.,Adept Mobile Robots,Harbin Boshi Automat,Natl Instruments,Beijing Universal Pioneering Technol,Real-Time Control & Instrumentat Lab, GE Global Res,ALDEBARAN Robot,Int Federat Robot (IFR),Shanghai Jiao Tong Univ",,,,,,,,,"Annicchiarico, Roberta/L-3546-2018; Urdiales, Cristina/H-4664-2019; Sandoval, Francisco/B-4487-2016; Fernandez-Carmona, Manuel/B-9957-2018","Sandoval, Francisco/0000-0001-9235-7856; Fernandez-Carmona, Manuel/0000-0002-0512-8594; Annicchiarico, Roberta/0000-0003-0826-0280; Urdiales, Cristina/0000-0002-9251-6447",,,,,,,,,,,,,1050-4729,2577-087X,978-1-61284-385-8,,,,2011,,,,,,,2229,2234,,,,,,,,,,,,,,,,WOS:000324383401070,View Full Record in Web of Science
C,"Ferch, M; Zhang, JW; Knoll, A",,,IEEE; IEEE,"Ferch, M; Zhang, JW; Knoll, A",,,Robot skill transfer based on B-spline fuzzy controllers for force-control tasks,"ICRA '99: IEEE INTERNATIONAL CONFERENCE ON ROBOTICS AND AUTOMATION, VOLS 1-4, PROCEEDINGS",,,,,International Conference on Robotics and Automation (ICRA '99),"MAY 10-15, 1999","DETROIT, MI","IEEE, Robot & Automat Soc",,,,,,,,,,,,,,,,,,,,,,,,,0-7803-5180-0; 0-7803-5181-9,,,,1999,,,,,,,1170,1175,,,,,,,,,,,,,,,,WOS:000081625700185,View Full Record in Web of Science
C,"Amaral, F; Pedrosa, E; Lim, GH; Shafii, N; Pereira, A; Azevedo, JL; Cunha, B; Reis, LP; Badini, S; Lau, N",,"Marques, L; Bernardino, A",,"Amaral, Filipe; Pedrosa, Eurico; Lim, Gi Hyun; Shafii, Nima; Pereira, Artur; Azevedo, Jose Luis; Cunha, Bernardo; Reis, Luis Paulo; Badini, Simone; Lau, Nuno",,,Skill-based Anytime Agent Architecture for Logistics and Manipulation Tasks,2017 IEEE INTERNATIONAL CONFERENCE ON AUTONOMOUS ROBOT SYSTEMS AND COMPETITIONS (ICARSC),IEEE International Conference on Autonomous Robot Systems and Competitions ICARSC,,,,17th IEEE International Conference on Autonomous Robot Systems and Competitions (ICARSC),"APR 26-28, 2017","Univ Coimbra, Coimbra, PORTUGAL","Portuguese Robot Assoc,IEEE Robot & Automat Soc,IEEE,ISR,Camara Municipal Coimbra,IEEE Portugal Sect,IEEE Robot & Automat Soc Portugal Chapter",Univ Coimbra,,,,,,,,"Pereira, Artur/V-3022-2019; Pedrosa, Eurico/AAE-7988-2021; Shafii, Nima/L-9496-2014; Cunha, Bernardo/B-3380-2013; Amaral, Filipe/J-6167-2013; Reis, Luis/C-5751-2008; Lau, Nuno/E-5934-2010","Pedrosa, Eurico/0000-0002-7954-9922; Cunha, Bernardo/0000-0003-4859-6942; Lau, Nuno/0000-0003-0513-158X; Pereira, Artur/0000-0002-7099-1247; Azevedo, Jose Luis/0000-0002-8485-6441; Lim, Gi Hyun/0000-0002-7776-8822",,,,,,,,,,,,,2573-9360,2573-9387,978-1-5090-6234-8,,,,2017,,,,,,,198,203,,,,,,,,,,,,,,,,WOS:000464814900033,View Full Record in Web of Science
C,"LIN, LJ",,,IEEE,"LIN, LJ",,,HIERARCHICAL LEARNING OF ROBOT SKILLS BY REINFORCEMENT,"1993 IEEE INTERNATIONAL CONFERENCE ON NEURAL NETWORKS, VOLS 1-3",,,,,1993 IEEE INTERNATIONAL CONF ON NEURAL NETWORKS / 2ND INTERNATIONAL CONF ON FUZZY SYSTEMS,"MAR 28-APR 01, 1993","SAN FRANCISCO, CA","IEEE, NEURAL NETWORKS COUNCIL",,,,,,,,,,,,,,,,,,,,,,,,,0-7803-0999-5,,,,1993,,,,,,,181,186,,,,,,,,,,,,,,,,WOS:A1993BY63B00031,View Full Record in Web of Science
C,"Nakamura, A; Nagata, K; Harada, K; Yamanobe, N",,"Ito, T; Lee, JJ; Jia, Y; Sugisaka, M",,"Nakamura, Akira; Nagata, Kazuyuki; Harada, Kensuke; Yamanobe, Natsuki",,,Error Recovery of Pick-and-Place Tasks in Consideration of Reusability of Planning,PROCEEDINGS OF INTERNATIONAL CONFERENCE ON ARTIFICIAL LIFE AND ROBOTICS (ICAROB2015),,,,,International Conference on Artificial Life and Robotics (ICAROB),"JAN 10-12, 2015","Oita, JAPAN","ALife Robot Corp Ltd,Int Conf Artificial Life & Robot, Int Steering Comm,IEEE Fukuoka Sect,Chinese Assoc Artificial Intelligence,Univ Sultan Zainal Abidin",,,,,,,,,"Harada, Kensuke/M-3376-2016; Yamanobe, Natsuki/M-5389-2016; Nakamura, Akira/M-3854-2016; Nagata, Kazuyuki/M-3760-2016","Yamanobe, Natsuki/0000-0001-8885-3064; Nakamura, Akira/0000-0002-9063-7026; Nagata, Kazuyuki/0000-0002-8912-0943",,,,,,,,,,,,,,,978-4-9902880-9-9,,,,2015,,,,,,,13,16,,,,,,,,,,,,,,,,WOS:000383847900004,View Full Record in Web of Science
C,"GRUDIC, GZ; LAWRENCE, PD",,,IEEE,"GRUDIC, GZ; LAWRENCE, PD",,,Human-to-robot skill transfer via teleoperation,"1995 IEEE INTERNATIONAL CONFERENCE ON SYSTEMS, MAN AND CYBERNETICS, VOLS 1-5",,,,,"1995 IEEE International Conference on Systems, Man and Cybernetics - Intelligent Systems for the 21st-Century","OCT 22-25, 1995","VANCOUVER, CANADA","IEEE, Systems Man & Cybernet Soc",,,,,,,,,,,,,,,,,,,,,,,,,0-7803-2560-5,,,,1995,,,,,,,2109,2114,,,,,,,,,,,,,,,,WOS:A1995BE26Y00369,View Full Record in Web of Science
C,"Gutzeit, L; Fabisch, A; Petzoldt, C; Wiese, H; Kirchner, F",,"Benzmuller, C; Stuckenschmidt, H",,"Gutzeit, Lisa; Fabisch, Alexander; Petzoldt, Christoph; Wiese, Hendrik; Kirchner, Frank",,,Automated Robot Skill Learning from Demonstration for Various Robot Systems,"ADVANCES IN ARTIFICIAL INTELLIGENCE, KI 2019",Lecture Notes in Artificial Intelligence,,,,42nd German Conference on Artificial Intelligence (KI),"SEP 23-26, 2019","Kassel, GERMANY",German Gesell Informatik,,,,,,,,,"Kirchner, Frank/P-6503-2016","Kirchner, Frank/0000-0002-1713-9784; Fabisch, Alexander/0000-0003-2824-7956; Petzoldt, Christoph/0000-0003-2873-4404",,,,,,,,,,,,,0302-9743,1611-3349,978-3-030-30179-8; 978-3-030-30178-1,,,,2019,11793,,,,,,168,181,,10.1007/978-3-030-30179-8_14,http://dx.doi.org/10.1007/978-3-030-30179-8_14,,,,,,,,,,,,,WOS:000611401000014,View Full Record in Web of Science
J,"Frazer, A; Tanzer, M",,,,"Frazer, Abigail; Tanzer, Michael",,,Hanging up the surgical cap: Assessing the competence of aging surgeons,WORLD JOURNAL OF ORTHOPEDICS,,,,,,,,,,,,,,,,,,,,,,,,,,,,,,,2218-5836,,,,,APR 18,2021,12,4,,,,,,,,10.5312/wjo.v12.i4.234,http://dx.doi.org/10.5312/wjo.v12.i4.234,,,,,,,,33959487,,,,,WOS:000647126800006,View Full Record in Web of Science
C,"Huang, PC; Hsieh, YH; Mok, AK",,,IEEE,"Huang, Pei-Chi; Hsieh, Yi-Hsuan; Mok, Aloysius K.",,,A Skill-Based Programming System for Robotic Furniture Assembly,2018 IEEE 16TH INTERNATIONAL CONFERENCE ON INDUSTRIAL INFORMATICS (INDIN),IEEE International Conference on Industrial Informatics INDIN,,,,16th IEEE International Conference on Industrial Informatics (INDIN),"JUL 18-20, 2018","Univ Porto, Fac Engn, Porto, PORTUGAL","Inst Elect & Elect Engineers,Univ Porto,Politechn Inst Braganca,Inst Elect & Elect Engineers Ind Elect Soc,New Univ Lisboa,INESCTE","Univ Porto, Fac Engn",,,,,,,,"Huang, Pei-Chi/L-1721-2019",,,,,,,,,,,,,,1935-4576,,978-1-5386-4829-2,,,,2018,,,,,,,355,361,,,,,,,,,,,,,,,,WOS:000450180200051,View Full Record in Web of Science
C,"Rerkjirattikarn, P; Kaorapapaong, C; Olapiriyakul, S",,"Sugisaka, M; Jia, Y; Ito, T; Lee, JJ",,"Rerkjirattikarn, Pavinee; Kaorapapaong, Chatdanai; Olapiriyakul, Sun",,,Skill-based Job Rotation Scheduling for Occupational Noise Exposure Control,ICAROB 2018: PROCEEDINGS OF THE 2018 INTERNATIONAL CONFERENCE ON ARTIFICIAL LIFE AND ROBOTICS,,,,,International Conference on Artificial Life and Robotics (ICAROB),"FEB 01-04, 2018","Beppu, JAPAN","ICAROB Soc,Int Conf Artificial Life & Robot, Int Steering Comm,IEEE Fukuoka Sect,Chinese Assoc Artificial Intelligence",,,,,,,,,,,,,,,,,,,,,,,,,978-4-9908350-3-3,,,,2018,,,,,,,161,165,,,,,,,,,,,,,,,,WOS:000452637600037,View Full Record in Web of Science
C,"Zimmermann, P; Axmann, E; Brandenbourger, B; Dorofeev, K; Mankowski, A; Zanini, P",,,IEEE,"Zimmermann, Patrick; Axmann, Etienne; Brandenbourger, Benjamin; Dorofeev, Kirill; Mankowski, Andre; Zanini, Paulo",,,Skill-based Engineering and Control on Field-Device-Level with OPC UA,2019 24TH IEEE INTERNATIONAL CONFERENCE ON EMERGING TECHNOLOGIES AND FACTORY AUTOMATION (ETFA),IEEE International Conference on Emerging Technologies and Factory Automation-ETFA,,,,24th IEEE International Conference on Emerging Technologies and Factory Automation (ETFA),"SEP 10-13, 2019","Zaragoza, SPAIN","Inst Elect & Elect Engineers,IEEE Ind Elect Soc,Aragon Inst Engn Res,Univ Zaragoza",,,,,,,,,"Dorofeev, Kirill/AAD-9066-2019","Dorofeev, Kirill/0000-0002-5010-281X",,,,,,,,,,,,,1946-0740,1946-0759,978-1-7281-0303-7,,,,2019,,,,,,,1101,1108,,10.1109/etfa.2019.8869473,http://dx.doi.org/10.1109/etfa.2019.8869473,,,,,,,,,,,,,WOS:000556596600142,View Full Record in Web of Science
C,"Garcia-Fidalgo, E; Bonnin-Pascual, F; Company-Corcoles, JP; Ortiz, A",,,IEEE,"Garcia-Fidalgo, Emilio; Bonnin-Pascual, Francisco; Company-Corcoles, Joan P.; Ortiz, Alberto",,,Evaluation of a Skill-based Control Architecture for a Visual Inspection-oriented Aerial Platform,2020 25TH IEEE INTERNATIONAL CONFERENCE ON EMERGING TECHNOLOGIES AND FACTORY AUTOMATION (ETFA),IEEE International Conference on Emerging Technologies and Factory Automation-ETFA,,,,25th IEEE International Conference on Emerging Technologies and Factory Automation (ETFA),"SEP 08-11, 2020","Vienna, AUSTRIA","Inst Elect & Elect Engineers,IEEE Ind Elect Soc,TU Wien, Inst Comp Technol",,,,,,,,,"Garcia-Fidalgo, Emilio/K-5844-2014; Bonnin-Pascual, Francisco/X-5956-2018; Ortiz, Alberto/K-5624-2014","Bonnin-Pascual, Francisco/0000-0002-4215-3764; Ortiz, Alberto/0000-0002-8253-7455",,,,,,,,,,,,,1946-0740,1946-0759,978-1-7281-8956-7,,,,2020,,,,,,,1499,1506,,,,,,,,,,,,,,,,WOS:000627406500242,View Full Record in Web of Science
C,"Nakamura, A; Kitagaki, K; Suehiro, T",,"Nunes, U; deAalmeida, AT; Bejczy, AK; Kosuge, K; Macgado, JAT",,"Nakamura, A; Kitagaki, K; Suehiro, T",,,Effectiveness and application of simplified geometric models in skill-based manipulation,"PROCEEDINGS OF THE 11TH INTERNATIONAL CONFERENCE ON ADVANCED ROBOTICS 2003, VOL 1-3",,,,,11th International Conference on Advanced Robotics (ICAR 2003),"JUN 30-JUL 03, 2003","COIMBRA, PORTUGAL","Inst Syst & Robot,Univ Coimbra,IEEE Portuguese Sect,IEEE Robot & Automat Soc,IEEE Ind Elect Soc,Robot Soc Japan,Japan Robot Assoc",,,,,,,,,"Kitagaki, Kosei/M-5346-2016; Nakamura, Akira/M-3854-2016","Kitagaki, Kosei/0000-0003-0067-0410; Nakamura, Akira/0000-0002-9063-7026",,,,,,,,,,,,,,,972-96889-8-2,,,,2003,,,,,,,1811,1818,,,,,,,,,,,,,,,,WOS:000184782300299,View Full Record in Web of Science
J,"Otero, N; Saunders, J; Dautenhahn, K; Nehaniv, CL",,,,"Otero, Nuno; Saunders, Joe; Dautenhahn, Kerstin; Nehaniv, Chrystopher L.",,,Teaching robot companions: the role of scaffolding and event structuring,CONNECTION SCIENCE,,,,,9th European Conference on Artificial Life,"SEP 10-14, 2007","Lisbon, PORTUGAL","Gulbenkian Inst Sci,Portuguese Fdn Sci & Technol",,,,,,,,,"Otero, Nuno/JDW-7760-2023","Nehaniv, Chrystopher L./0000-0002-7807-1875; Otero, Nuno/0000-0003-2446-8727; Dautenhahn, Kerstin/0000-0002-9263-3897",,,,,,,,,,,,,0954-0091,1360-0494,,,,,2008,20,2-3,,,,,111,134,,10.1080/09540090802091925,http://dx.doi.org/10.1080/09540090802091925,,,,,,,,,,,,,WOS:000257068700004,View Full Record in Web of Science
J,"Englert, P; Vien, NA; Toussaint, M",,,,"Englert, Peter; Ngo Anh Vien; Toussaint, Marc",,,Inverse KKT: Learning cost functions of manipulation tasks from demonstrations,INTERNATIONAL JOURNAL OF ROBOTICS RESEARCH,,,,,,,,,,,,,,,,,,"Englert, Peter/0000-0003-4598-7809; Toussaint, Marc/0000-0002-5487-6767",,,,,,,,,,,,,0278-3649,1741-3176,,,,DEC,2017,36,13-14,,,SI,,1474,1488,,10.1177/0278364917745980,http://dx.doi.org/10.1177/0278364917745980,,,,,,,,,,,,,WOS:000418665200006,View Full Record in Web of Science
C,"Shibata, T; Abe, T; Tanie, K; Nose, M",,,IEEE,"Shibata, T; Abe, T; Tanie, K; Nose, M",,,Skill based motion planning of a redundant manipulator by genetic algorithm,"1995 IEEE INTERNATIONAL CONFERENCE ON EVOLUTIONARY COMPUTATION, VOLS 1 AND 2",,,,,1995 IEEE International Conference on Evolutionary Computation (ICEC 95),"NOV 29-DEC 01, 1995","PERTH, AUSTRALIA",IEEE,,,,,,,,,"Nose, Masahito/B-1900-2015",,,,,,,,,,,,,,,,0-7803-2759-4,,,,1995,,,,,,,473,478,,,,,,,,,,,,,,,,WOS:A1995BF29M00087,View Full Record in Web of Science
C,"Nematollahi, I; Yankov, K; Burgard, W; Welschehold, T",,"Ang, MH; Khatib, O",,"Nematollahi, Iman; Yankov, Kirill; Burgard, Wolfram; Welschehold, Tim",,,Robot Skill Generalization via Keypoint Integrated Soft Actor-Critic Gaussian Mixture Models,"EXPERIMENTAL ROBOTICS, ISER 2023",Springer Proceedings in Advanced Robotics,,,,18th International Conference on Experimental Robotics (ISER),"NOV 26-30, 2023","Chiangmai, THAILAND",Int Fdn Robot Res,,,,,,,,,"Burgard, Wolfram/N-2381-2019; Yankov, Kirill/ABD-1284-2021",,,,,,,,,,,,,,2511-1256,2511-1264,978-3-031-63598-4; 978-3-031-63596-0; 978-3-031-63595-3,,,,2024,30,,,,,,168,180,,10.1007/978-3-031-63596-0_15,http://dx.doi.org/10.1007/978-3-031-63596-0_15,,,,,,,,,,,,,WOS:001313100800015,View Full Record in Web of Science
C,"Mayer, H; Nagy, I; Knoll, A; Braun, EU; Lange, R; Bauernschmitt, R",,,IEEE,"Mayer, H.; Nagy, I.; Knoll, A.; Braun, E. U.; Lange, R.; Bauernschmitt, R.",,,Adaptive control for human-robot skilltransfer: Trajectory planning based on fluid dynamics,"PROCEEDINGS OF THE 2007 IEEE INTERNATIONAL CONFERENCE ON ROBOTICS AND AUTOMATION, VOLS 1-10",IEEE International Conference on Robotics and Automation ICRA,,,,IEEE International Conference on Robotics and Automation,"APR 10-14, 2007","Rome, ITALY",IEEE,,,,,,,,,"Knoll, Alois/AAN-8417-2021","Knoll, Alois/0000-0003-4840-076X",,,,,,,,,,,,,1050-4729,2577-087X,978-1-4244-0601-2,,,,2007,,,,,,,1800,+,,10.1109/ROBOT.2007.363583,http://dx.doi.org/10.1109/ROBOT.2007.363583,,,,,,,,,,,,,WOS:000250915301128,View Full Record in Web of Science
J,"Liu, XF; Wang, ZY; Li, J; Cangelosi, A; Yang, CG",,,,"Liu, Xiaofeng; Wang, Ziyang; Li, Jie; Cangelosi, Angelo; Yang, Chenguang",,,Demonstration Learning and Generalization of Robotic Motor Skills Based on Wearable Motion Tracking Sensors,IEEE TRANSACTIONS ON INSTRUMENTATION AND MEASUREMENT,,,,,,,,,,,,,,,,,"Liu, Xiaofeng/JCD-9463-2023; Cangelosi, Angelo/D-6784-2011","Yang, Chenguang/0000-0001-5255-5559; LIU, XIAOFENG/0000-0003-1310-6739; jie, li/0000-0002-2977-8559; ziyang, wang/0000-0002-9609-9732",,,,,,,,,,,,,0018-9456,1557-9662,,,,,2023,72,,,,,,,,2519515,10.1109/TIM.2023.3288240,http://dx.doi.org/10.1109/TIM.2023.3288240,,,,,,,,,,,,,WOS:001029190800023,View Full Record in Web of Science
J,"Patel, SR; Hedican, SP; Bishoff, JT; Shichman, SJ; Link, RE; Wolf, JS; Nakada, SY",,,,"Patel, Sutchin R.; Hedican, Sean P.; Bishoff, Jay T.; Shichman, Steven J.; Link, Richard E.; Wolf, J. Stuart, Jr.; Nakada, Stephen Y.",,,SKILLS-BASED LAPAROSCOPIC COURSE PARTICIPATION LEADS TO PRACTICE EXPANSION AS WELL AS A BRIDGE TO ROBOTIC SURGERY,JOURNAL OF UROLOGY,,,,,,,,,,,,,,,,,,,,,,,,,,,,,,,0022-5347,1527-3792,,,,APR,2011,185,4,,S,,1483,E594,E594,,10.1016/j.juro.2011.02.1441,http://dx.doi.org/10.1016/j.juro.2011.02.1441,,,,,,,,,,,,,WOS:000209830101246,View Full Record in Web of Science
C,"Sugawara, S; Kawamura, H; Suzuki, K",,,IEEE,"Sugawara, Shogo; Kawamura, Hidenori; Suzuki, Keiji",,,Skill-Based Simulation Model for Optimizing Strategy in Golf,2013 IEEE/ASME INTERNATIONAL CONFERENCE ON ADVANCED INTELLIGENT MECHATRONICS (AIM): MECHATRONICS FOR HUMAN WELLBEING,IEEE ASME International Conference on Advanced Intelligent Mechatronics,,,,IEEE/ASME International Conference on Advanced Intelligent Mechatronics (AIM) - Mechatronics for Human Wellbeing,"JUL 09-12, 2013","Wollongong, AUSTRALIA","IEEE,ASME,RA,IES,DSC,Univ Wollongong,Engn Mfg,Def Mat Technol Ctr,ARC Ctr Excellence Electromaterials Sci,Engineers Australia,Robot Soc Japan,Univ Wollongong, Smart Infrastructure Facil,BesTech Sensors & Instrumentat,Universal Tech Training Serv,Tech & Sci Equipment",,,,,,,,,"Suzuki, Keiji/F-9443-2012",,,,,,,,,,,,,,2159-6255,,978-1-4673-5320-5,,,,2013,,,,,,,1591,1596,,,,,,,,,,,,,,,,WOS:000328705300265,View Full Record in Web of Science
C,"Ramnauth, R; Brscic, D; Scassellati, B",,,IEEE,"Ramnauth, Rebecca; Brscic, Drazen; Scassellati, Brian",,,Should I Help?: A Skill-Based Framework for Deciding Socially Appropriate Assistance in Human-Robot Interactions,"2024 33RD IEEE INTERNATIONAL CONFERENCE ON ROBOT AND HUMAN INTERACTIVE COMMUNICATION, ROMAN 2024",IEEE RO-MAN,,,,33rd IEEE International Conference on Robot and Human Interactive Communication (IEEE RO-MAN) - Embracing Human-Centered HRI,"AUG 26-30, 2024","Pasadena, CA","IEEE,IEEE Robot & Automat Soc,Robot Soc Japan,Korea Robot Soc,UBTECH,FUTRONICS",,,,,,,,,,,,,,,,,,,,,,,1944-9445,,979-8-3503-7503-9; 979-8-3503-7502-2,,,,2024,,,,,,,2051,2058,,10.1109/RO-MAN60168.2024.10731350,http://dx.doi.org/10.1109/RO-MAN60168.2024.10731350,,,,,,,,,,,,,WOS:001348918600271,View Full Record in Web of Science
C,"Gupta, A; Tafasca, S; Odobez, JM",,,IEEE,"Gupta, Anshul; Tafasca, Samy; Odobez, Jean-Marc",,,A Modular Multimodal Architecture for Gaze Target Prediction: Application to Privacy-Sensitive Settings,"2022 IEEE/CVF CONFERENCE ON COMPUTER VISION AND PATTERN RECOGNITION WORKSHOPS, CVPRW 2022",IEEE Computer Society Conference on Computer Vision and Pattern Recognition Workshops,,,,IEEE/CVF Conference on Computer Vision and Pattern Recognition (CVPR),"JUN 18-24, 2022","New Orleans, LA","IEEE,CVF,IEEE Comp Soc",,,,,,,,,"Odobez, Jean-Marc/B-1426-2010",,,,,,,,,,,,,,2160-7508,,978-1-6654-8739-9,,,,2022,,,,,,,5037,5046,,10.1109/CVPRW56347.2022.00552,http://dx.doi.org/10.1109/CVPRW56347.2022.00552,,,,,,,,,,,,,WOS:000861612705015,View Full Record in Web of Science
C,"Ahmadzadeh, SR; Rana, MA; Chernova, S",,"Amato, N; Srinivasa, S; Ayanian, N; Kuindersma, S",,"Ahmadzadeh, S. Reza; Rana, Muhammad Asif; Chernova, Sonia",,,"Generalized Cylinders for Learning, Reproduction, Generalization, and Refinement of Robot Skills",ROBOTICS: SCIENCE AND SYSTEMS XIII,,,,,13th Conference on Robotics - Science and Systems,"JUL 12-16, 2017","Massachusetts Inst Technol, Cambridge, MA",,Massachusetts Inst Technol,,,,,,,,,,,,,,,,,,,,,,,,978-0-9923747-3-0,,,,2017,,,,,,,,,,,,,,,,,,,,,,,,WOS:000570976600021,View Full Record in Web of Science
C,"Luebbers, MB; Brooks, C; Mueller, CL; Szafir, D; Hayes, B",,,IEEE,"Luebbers, Matthew B.; Brooks, Connor; Mueller, Carl L.; Szafir, Daniel; Hayes, Bradley",,,ARC-LfD: Using Augmented Reality for Interactive Long-Term Robot Skill Maintenance via Constrained Learning from Demonstration,2021 IEEE INTERNATIONAL CONFERENCE ON ROBOTICS AND AUTOMATION (ICRA 2021),IEEE International Conference on Robotics and Automation ICRA,,,,IEEE International Conference on Robotics and Automation (ICRA),"MAY 30-JUN 05, 2021","Xian, PEOPLES R CHINA","IEEE,IEEE Robot & Automat Soc,So Univ Sci & Technol,Harbin Inst Technol,Xian Jiaotong Univ,Univ Toronto,Nat Sci & Engn Res Council Canada,Chinese Univ Hong Kong,DJI,Biomimet Intelligence & Robot,Toyota Res Inst,Baidu,Mech Mind Robot Technologies,Facebook AI,Nokov,Manycore,Franka Emika,Zhejiang Univ, Huzhou Inst,Jing Tian,ATI Ind Automat,Amber,Direct Drive Tech,Inceptio,Flexiv,Deeproute AI,Unitree,Waymo,Kuka,Pudu Robot,Deep Robot,Nvidia,MathWorks",,,,,,,,,"Brooks, Connor/AAI-7021-2020","SZAFIR, DANIEL/0000-0003-1848-7884",,,,,,,,,,,,,1050-4729,2577-087X,978-1-7281-9077-8,,,,2021,,,,,,,3794,3800,,10.1109/ICRA48506.2021.9561844,http://dx.doi.org/10.1109/ICRA48506.2021.9561844,,,,,,,,,,,,,WOS:000765738803005,View Full Record in Web of Science
J,"Beulens, AJW; Brinkman, WM; Porte, PJ; Meijer, RP; van Merriënboer, JJG; Van der Poel, HG; Wagner, C",,,,"Beulens, Alexander. J. W.; Brinkman, Willem M.; Porte, Petra J.; Meijer, Richard P.; van Merrienboer, Jeroen J. G.; Van der Poel, Henk G.; Wagner, Cordula",,,The value of a 1-day multidisciplinary robot surgery training for novice robot surgeons,JOURNAL OF ROBOTIC SURGERY,,,,,,,,,,,,,,,,,"van Merrienboer, Jeroen/C-2051-2009; Brinkman, Willem/AAP-2347-2021","Beulens, Alexander/0000-0002-7105-1011",,,,,,,,,,,,,1863-2483,1863-2491,,,,JUN,2019,13,3,,,,,435,447,,10.1007/s11701-018-0894-2,http://dx.doi.org/10.1007/s11701-018-0894-2,,,,,,,,30467702,,,,,WOS:000468354300013,View Full Record in Web of Science
J,"Wei, HF; Cao, YW; Tao, B; Lu, C; Lv, WD; Xu, JQ",,,,"Wei, Haofeng; Cao, Yuwei; Tao, Bo; Lu, Chao; Lv, Weidong; Xu, Jianqiao",,,MANIPULATOR BASED ON IMPROVED PHOTOMETRIC STEREO RECONSTRUCTION METHOD,MECHATRONIC SYSTEMS AND CONTROL,,,,,,,,,,,,,,,,,"Bo, Tao/AFE-7417-2022; Lv, Weidong/GYJ-7546-2022",,,,,,,,,,,,,,2561-1771,2561-178X,,,,,2024,52,3,,,,,175,185,,10.2316/J.2024.201-0426,http://dx.doi.org/10.2316/J.2024.201-0426,,,,,,,,,,,,,WOS:001249285300005,View Full Record in Web of Science
C,"Zhao, LD; Lawhorn, R; Patil, S; Susanibar, S; Lu, L; Wang, C; Ouyang, B",,,ASME,"Zhao, Leidi; Lawhorn, Raheem; Patil, Siddharth; Susanibar, Steve; Lu, Lu; Wang, Cong; Ouyang, Bo",,,MULTIFORM ADAPTIVE ROBOT SKILL LEARNING FROM HUMANS,"PROCEEDINGS OF THE ASME 10TH ANNUAL DYNAMIC SYSTEMS AND CONTROL CONFERENCE, 2017, VOL 1",,,,,10th ASME Annual Dynamic Systems and Control Conference,"OCT 11-13, 2017","Tysons, VA","ASME, Div Syst & Control Div",,,,,,,,,,,,,,,,,,,,,,,,,978-0-7918-5827-1,,,,2017,,,,,,,,,V001T30A004,,,,,,,,,,,,,,,WOS:000423776000040,View Full Record in Web of Science
J,"Calinon, S; Bruno, D; Malekzadeh, MS; Nanayakkara, T; Caldwell, DG",,,,"Calinon, Sylvain; Bruno, Danilo; Malekzadeh, Milad S.; Nanayakkara, Thrishantha; Caldwell, Darwin G.",,,Human-robot skills transfer interfaces for a flexible surgical robot,COMPUTER METHODS AND PROGRAMS IN BIOMEDICINE,,,,,,,,,,,,,,,,,"Caldwell, Darwin/E-9954-2018; Calinon, Sylvain/I-7606-2014; Nanayakkara, Thrishantha/AAM-5964-2020","CALINON, Sylvain/0000-0002-9036-6799; Caldwell, Darwin/0000-0002-6233-9961; Nanayakkara, Thrishantha/0000-0002-1882-1232",,,,,,,,,,,,,0169-2607,1872-7565,,,,SEP,2014,116,2,,,,,81,96,,10.1016/j.cmpb.2013.12.015,http://dx.doi.org/10.1016/j.cmpb.2013.12.015,,,,,,,,24491285,,,,,WOS:000338933900004,View Full Record in Web of Science
C,"Dillmann, R; Rogalla, O; Ehrenmann, M; Zöllner, R; Bordegoni, M",,"Hollerbach, JM; Koditschek, DE",,"Dillmann, R; Rogalla, O; Ehrenmann, M; Zöllner, R; Bordegoni, M",,,Learning robot behaviour and skills based on human demonstration and advice:: The machine learning paradigm,ROBOTICS RESEARCH,,,,,9th International Symposium of Robotics Research (ISRR 99),"OCT 09-12, 1999","SNOWBIRD, UT",,,,,,,,,,,,,,,,,,,,,,,,,,1-85233-292-1,,,,2000,,,,,,,229,238,,,,,,,,,,,,,,,,WOS:000087440500028,View Full Record in Web of Science
C,"Weser, M; Hang, JW",,,IEEE,"Weser, Martin; Hang, Jianwei",,,Autonomous Planning for Mobile Manipulation Services Based on Multi-Level Robot Skills,2009 IEEE-RSJ INTERNATIONAL CONFERENCE ON INTELLIGENT ROBOTS AND SYSTEMS,,,,,IEEE RSJ International Conference on Intelligent Robots and Systems,"OCT 10-15, 2009","St Louis, MO","IEEE Robot & Automat Soc,Robot Soc Japan,Soc Instruments & Control Engn,IEEE Ind Elect Soc,Inst Control, Robot & Syst Korea,ABB,Barrett Technol, Inc,Willow Garage,ROBOTIS,Aldebaran Robot",,,,,,,,,,,,,,,,,,,,,,,,,978-1-4244-3803-7,,,,2009,,,,,,,1999,2004,,10.1109/IROS.2009.5353901,http://dx.doi.org/10.1109/IROS.2009.5353901,,,,,,,,,,,,,WOS:000285372901022,View Full Record in Web of Science
C,"Bondarenko, T; Yahupov, V; Kupriyanov, O; Hromov, E; Briukhanova, N",,"Auer, ME; Hortsch, H; Michler, O; Kohler, T",,"Bondarenko, Tetiana; Yahupov, Vasyl; Kupriyanov, Oleksandr; Hromov, Evhenyi; Briukhanova, Nataliia",,,Simulator for the Formation Programming Skills Based on Solving Problems of Controlling a Virtual Robot,"MOBILITY FOR SMART CITIES AND REGIONAL DEVELOPMENT - CHALLENGES FOR HIGHER EDUCATION (ICL2021), VOL 2",Lecture Notes in Networks and Systems,,,,24th International Conference on Interactive Collaborative Learning (ICL) / 50th IGIP International Conference on Engineering Pedagogy,"SEP 22-24, 2021","Dresden, GERMANY","IGIP,Tech Univ Dresden,Univ Appl Sci",,,,,,,,,"Bondarenko, Tetiana/AAM-9922-2020; Yahupov, Vasyl/AAR-7554-2020; Kupriyanov, Oleksandr/F-7540-2019","Yahupov, Vasyl/0000-0002-8956-3170; Hromov, Evgen V./0000-0003-1443-2165; Kupriyanov, Oleksandr/0000-0003-0017-5751",,,,,,,,,,,,,2367-3370,2367-3389,978-3-030-93907-6; 978-3-030-93906-9,,,,2022,390,,,,,,600,607,,10.1007/978-3-030-93907-6_64,http://dx.doi.org/10.1007/978-3-030-93907-6_64,,,,,,,,,,,,,WOS:000754472400064,View Full Record in Web of Science
C,"Pizzuto, G; Wang, HT; Fakhruldeen, H; Peng, B; Luck, KS; Cooper, A",,,IEEE,"Pizzuto, Gabriella; Wang, Hetong; Fakhruldeen, Hatem; Peng, Bei; Luck, Kevin S.; Cooper, Andrew, I",,,Accelerating Laboratory Automation Through Robot Skill Learning For Sample Scraping,"2024 IEEE 20TH INTERNATIONAL CONFERENCE ON AUTOMATION SCIENCE AND ENGINEERING, CASE 2024",IEEE International Conference on Automation Science and Engineering,,,,IEEE 20th International Conference on Automation Science and Engineering (CASE),"AUG 28-SEP 01, 2024","Bari, ITALY",IEEE,,,,,,,,,,,,,,,,,,,,,,,2161-8070,,979-8-3503-5851-3; 979-8-3503-5852-0,,,,2024,,,,,,,2103,2110,,10.1109/CASE59546.2024.10711291,http://dx.doi.org/10.1109/CASE59546.2024.10711291,,,,,,,,,,,,,WOS:001361783101119,View Full Record in Web of Science
J,"Hanai, R; Suzuki, H; Nakabo, Y; Harada, K",,,,"Hanai, R.; Suzuki, H.; Nakabo, Y.; Harada, K.",,,Modeling development process of skill-based system for human-like manipulation robot,ADVANCED ROBOTICS,,,,,,,,,,,,,,,,,"Nakabo, Yoshihiro/N-6147-2016; Hanai, Ryo/M-9960-2016; Harada, Kensuke/M-3376-2016","Harada, Kensuke/0000-0002-7576-756X",,,,,,,,,,,,,0169-1864,1568-5535,,,,,2016,30,10,,,,,676,690,,10.1080/01691864.2016.1156575,http://dx.doi.org/10.1080/01691864.2016.1156575,,,,,,,,,,,,,WOS:000377599800003,View Full Record in Web of Science
C,"Nakamura, A; Nagata, K; Harada, K; Domae, Y",,"Sugisaka, M; Jia, Y; Ito, T; Lee, JJ",,"Nakamura, Akira; Nagata, Kazuyuki; Harada, Kensuke; Domae, Yukiyasu",,,The Use of Importance Ranks to Derive Suitable Timing of Visual Sensing in Manipulation Task Containing Error Recovery,ICAROB 2019: PROCEEDINGS OF THE 2019 INTERNATIONAL CONFERENCE ON ARTIFICIAL LIFE AND ROBOTICS,,,,,International Conference on Artificial Life and Robotics (ICAROB),"JAN 10-13, 2019",JAPAN,"ALife Robot Corp Ltd,Int Conf Artificial Life & Robot, Int Steering Comm,Chinese Assoc Artificial Intelligence",,,,,,,,,"Domae, Yukiyasu/HKD-8864-2023; Nagata, Kazuyuki/M-3760-2016",,,,,,,,,,,,,,,,978-4-9908350-4-0,,,,2019,,,,,,,638,643,,,,,,,,,,,,,,,,WOS:000455898900152,View Full Record in Web of Science
C,"Fast-Berglund, Å; Romero, D; Åkerman, M; Hodig, B; Pichler, A",,"Lalic, B; Marjanovic, U; Romero, D; Majstorovic, V; VonCieminski, G",,"Fast-Berglund, Asa; Romero, David; Akerman, Magnus; Hodig, Bjorn; Pichler, Andreas",,,Agent- and Skill-Based Process Interoperability for Socio-Technical Production Systems-of-Systems,"ADVANCES IN PRODUCTION MANAGEMENT SYSTEMS: TOWARDS SMART AND DIGITAL MANUFACTURING, PT II",IFIP Advances in Information and Communication Technology,,,,IFIP WG 5.7 International Conference on Advances in Production Management Systems (APMS),"AUG 30-SEP 03, 2020","Novi Sad, SERBIA",IFIP WG 5 7,,,,,,,,,"Romero, David/GQA-9701-2022; Fast-Berglund, Asa/D-4879-2015","Fast-Berglund, Asa/0000-0002-0524-7913; Pichler, Andreas/0000-0003-4312-2369; Romero, David/0000-0003-3610-0751",,,,,,,,,,,,,1868-4238,1868-422X,978-3-030-57997-5,,,,2020,592,,,,,,46,54,,10.1007/978-3-030-57997-5_6,http://dx.doi.org/10.1007/978-3-030-57997-5_6,,,,,,,,,,,,,WOS:000681218300006,View Full Record in Web of Science
J,"Duan, AQ; Yang, CG; Zhao, JY; Huo, SZ; Zhou, P; Ma, WY; Zheng, YP; Navarro-Alarcon, D",,,,"Duan, Anqing; Yang, Chenguang; Zhao, Jingyuan; Huo, Shengzeng; Zhou, Peng; Ma, Wanyu; Zheng, Yongping; Navarro-Alarcon, David",,,Safe Learning by Constraint-Aware Policy Optimization for Robotic Ultrasound Imaging,IEEE TRANSACTIONS ON AUTOMATION SCIENCE AND ENGINEERING,,,,,,,,,,,,,,,,,"Yang, Chenguang/ABE-7755-2020; ZHOU, Peng/KVY-8946-2024; Navarro-Alarcon, David/V-6917-2017; Zheng, Yong-Ping/M-1197-2015","MA, Wanyu/0000-0002-6535-0998; Huo, Shengzeng/0000-0002-7652-8958; Navarro-Alarcon, David/0000-0002-3426-6638; Zheng, Yong-Ping/0000-0002-3407-9226; ZHAO, Jingyuan/0000-0002-1222-6651; Duan, Anqing/0000-0002-9666-018X",,,,,,,,,,,,,1545-5955,1558-3783,,,,,2025,22,,,,,,2349,2360,,10.1109/TASE.2024.3378915,http://dx.doi.org/10.1109/TASE.2024.3378915,,MAR 2024,,,,,,,,,,,WOS:001193846600001,View Full Record in Web of Science
C,"Das, AN; Doelling, K; Lundberg, C; Sevil, HE; Lewis, F",,,ASME,"Das, Aditya N.; Doelling, Kris; Lundberg, Cody; Sevil, Hakki Erhan; Lewis, Frank",,,A MIXED REALITY BASED HYBRID SWARM CONTROL ARCHITECTURE FOR MANNED-UNMANNED TEAMING (MUM-T),"PROCEEDINGS OF THE ASME INTERNATIONAL MECHANICAL ENGINEERING CONGRESS AND EXPOSITION, 2017 VOL 14",,,,,ASME International Mechanical Engineering Congress and Exposition,"NOV 03-09, 2017","Tampa, FL",ASME,,,,,,,,,"Sevil, Hakki/ABI-3246-2020",,,,,,,,,,,,,,,,978-0-7918-5849-3,,,,2018,,,,,,,,,UNSP V014T07A019,,,,,,,,,,,,,,,WOS:000430517800019,View Full Record in Web of Science
C,"Kaya, O; Oztop, E",,,IEEE,"Kaya, Osman; Oztop, Erhan",,,Effective Robot Skill Synthesis via Divided Control,2018 IEEE INTERNATIONAL CONFERENCE ON ROBOTICS AND BIOMIMETICS (ROBIO),,,,,IEEE International Conference on Robotics and Biomimetics (ROBIO),"DEC 12-15, 2018","Kuala Lumpur, MALAYSIA","IEEE,IEEE Robot & Automat Soc,Shenzhen Hans Robot Co Ltd,Guangdong Univ Technol,Guangzhou Univ,Guangdong Inst Intelligent Mfg,Foshan Biowin Robot & Automat Co Ltd",,,,,,,,,"Oztop, Erhan/K-8111-2012","Oztop, Erhan/0000-0002-3051-6038",,,,,,,,,,,,,,,978-1-7281-0377-8,,,,2018,,,,,,,766,771,,,,,,,,,,,,,,,,WOS:000468772200122,View Full Record in Web of Science
C,"Kaiser, M; Dillmann, R",,,"IEEE, ROBOT & AUTOMAT SOC","Kaiser, M; Dillmann, R",,,Building elementary robot skills from human demonstration,"1996 IEEE INTERNATIONAL CONFERENCE ON ROBOTICS AND AUTOMATION, PROCEEDINGS, VOLS 1-4",IEEE INTERNATIONAL CONFERENCE ON ROBOTICS AND AUTOMATION,,,,1996 IEEE International Conference on Robotics and Automation,"APR 22-28, 1996","MINNEAPOLIS, MN","IEEE, Robot & Automat Soc",,,,,,,,,,,,,,,,,,,,,,,1050-4729,,0-7803-2989-9,,,,1996,,,,,,,2700,2705,,,,,,,,,,,,,,,,WOS:A1996BF68P00423,View Full Record in Web of Science
C,"Stone, P",,"Santos, V; Lau, N; Neto, P; Lopes, AC",,"Stone, Peter",,,Efficient Robot Skill Learning: Grounded Simulation Learning and Imitation Learning from Observation,2021 IEEE INTERNATIONAL CONFERENCE ON AUTONOMOUS ROBOT SYSTEMS AND COMPETITIONS (ICARSC),IEEE International Conference on Autonomous Robot Systems and Competitions ICARSC,,,,IEEE International Conference on Autonomous Robot Systems and Competitions (ICARSC),"APR 28-29, 2021",ELECTR NETWORK,"IEEE,IEEE Robot & Automat Soc,Univ Aveiro,Univ Coimbra,IPT,Soc Portuguesa Robotica,IEEE Portugal Sect,IEEE Portugal Sect RA Chapter",,,,,,,,,,,,,,,,,,,,,,,2573-9360,2573-9387,978-1-6654-3198-9,,,,2021,,,,,,,3,3,,10.1109/ICARSC52212.2021.9429812,http://dx.doi.org/10.1109/ICARSC52212.2021.9429812,,,,,,,,,,,,,WOS:000679389400002,View Full Record in Web of Science
